file_id,window_id,seed,predicted_label,prob_N,prob_B,prob_IR,prob_OR
A,0,2025,OR,0.0031672423,6.1020764e-08,2.6842451e-07,0.99683243
A,1,2025,OR,0.0030292019,5.1641035e-08,2.383298e-07,0.99697053
A,2,2025,OR,0.00298438,4.259718e-08,2.2152226e-07,0.99701536
A,3,2025,OR,0.0029950785,4.8070053e-08,2.3389623e-07,0.9970047
A,4,2025,OR,0.003044738,5.692269e-08,2.630382e-07,0.9969549
A,5,2025,OR,0.0031131734,5.716696e-08,2.6587452e-07,0.99688655
A,6,2025,OR,0.003027742,5.6648663e-08,2.597472e-07,0.99697196
A,7,2025,OR,0.0029528674,5.5677866e-08,2.6346717e-07,0.99704677
A,8,2025,OR,0.0028969757,4.3108837e-08,1.9633796e-07,0.9971028
A,9,2025,OR,0.003153646,3.941963e-08,2.0076142e-07,0.99684614
A,10,2025,OR,0.0032514986,3.8589597e-08,1.9154763e-07,0.9967483
A,11,2025,OR,0.0031612418,3.6936157e-08,1.6697825e-07,0.99683857
A,12,2025,OR,0.0031688947,4.264921e-08,2.3749239e-07,0.9968309
A,13,2025,OR,0.003108501,4.1160778e-08,1.8885069e-07,0.9968913
A,14,2025,OR,0.0031679429,3.9820556e-08,1.9132305e-07,0.99683183
A,15,2025,OR,0.0032066973,4.3710276e-08,2.1540615e-07,0.9967931
A,16,2025,OR,0.003026142,4.46058e-08,2.2659566e-07,0.99697363
A,17,2025,OR,0.0031251449,4.9924495e-08,2.6098812e-07,0.9968746
A,18,2025,OR,0.0031111112,5.3401866e-08,2.736835e-07,0.9968886
A,19,2025,OR,0.0030825261,4.8442352e-08,2.4626783e-07,0.9969171
A,20,2025,OR,0.0030131992,4.0284984e-08,1.950074e-07,0.99698657
A,21,2025,OR,0.0028786636,3.1913896e-08,1.5812127e-07,0.99712116
A,22,2025,OR,0.0028777889,3.5722678e-08,1.7254905e-07,0.997122
A,23,2025,OR,0.0029725803,4.3921307e-08,2.1640649e-07,0.9970272
A,24,2025,OR,0.0031240098,4.9146323e-08,2.4780869e-07,0.99687564
A,25,2025,OR,0.0029773833,4.0619284e-08,2.004464e-07,0.99702233
A,26,2025,OR,0.0029471554,3.905409e-08,1.7778324e-07,0.99705267
A,27,2025,OR,0.0030797957,4.9259434e-08,2.499621e-07,0.9969199
A,28,2025,OR,0.002731891,4.015985e-08,1.7818559e-07,0.99726796
A,29,2025,OR,0.0030266496,4.8791144e-08,2.4093978e-07,0.99697304
B,0,2025,OR,0.0030936569,2.6527228e-08,9.55889e-08,0.9969062
B,1,2025,OR,0.0026856188,2.1422604e-08,9.31669e-08,0.9973143
B,2,2025,OR,0.0022738022,2.2031774e-08,9.524821e-08,0.99772614
B,3,2025,OR,0.001912062,2.4855089e-08,9.310073e-08,0.9980878
B,4,2025,OR,0.0023816803,3.095492e-08,9.421133e-08,0.99761814
B,5,2025,OR,0.0017790026,2.8816567e-08,8.290995e-08,0.99822086
B,6,2025,OR,0.0027007288,3.8044302e-08,9.3798995e-08,0.99729913
B,7,2025,OR,0.002993025,2.7097002e-08,8.770124e-08,0.99700683
B,8,2025,OR,0.0023677587,2.4877929e-08,8.33019e-08,0.99763215
B,9,2025,OR,0.00328817,3.1113938e-08,1.04059396e-07,0.99671173
B,10,2025,OR,0.0037851927,3.5984023e-08,1.13546726e-07,0.9962147
B,11,2025,OR,0.003016791,4.8988298e-08,1.2446482e-07,0.996983
B,12,2025,OR,0.0031271605,4.285061e-08,1.2618685e-07,0.9968727
B,13,2025,OR,0.0014890401,2.0447352e-08,6.956812e-08,0.9985109
B,14,2025,OR,0.0014578227,2.011351e-08,6.8342416e-08,0.9985421
B,15,2025,OR,0.00431128,3.5149647e-08,1.2578238e-07,0.9956885
B,16,2025,OR,0.0026712979,2.7562711e-08,8.781744e-08,0.99732864
B,17,2025,OR,0.0028227386,2.7083027e-08,8.714589e-08,0.9971771
B,18,2025,OR,0.0034620771,3.193339e-08,1.0525057e-07,0.9965378
B,19,2025,OR,0.002565962,2.7520075e-08,9.8952114e-08,0.99743396
B,20,2025,OR,0.0024876213,3.014533e-08,1.06942984e-07,0.9975122
B,21,2025,OR,0.003922834,4.690047e-08,1.3168147e-07,0.996077
B,22,2025,OR,0.003102552,3.163121e-08,1.2218065e-07,0.99689734
B,23,2025,OR,0.0028759672,2.8273465e-08,1.0916606e-07,0.9971239
B,24,2025,OR,0.0030827934,3.3171954e-08,1.05126695e-07,0.9969171
B,25,2025,OR,0.0022756397,2.3359306e-08,8.001955e-08,0.99772424
B,26,2025,OR,0.0019842885,2.2871046e-08,7.3765435e-08,0.99801564
B,27,2025,OR,0.0032302188,3.6212544e-08,1.076512e-07,0.99676967
B,28,2025,OR,0.0024265607,4.2389637e-08,1.046264e-07,0.9975733
B,29,2025,OR,0.0018826248,2.5138265e-08,8.589276e-08,0.9981173
C,0,2025,OR,0.0001730515,1.10995465e-07,9.5611824e-08,0.9998267
C,1,2025,OR,0.00014999672,3.5617725e-07,1.8310774e-07,0.99984944
C,2,2025,OR,0.00013569102,1.0141091e-06,3.2773247e-07,0.9998629
C,3,2025,OR,0.00015270239,6.0059267e-07,2.3114028e-07,0.99984646
C,4,2025,OR,0.00014458338,4.7996565e-07,1.74967e-07,0.9998547
C,5,2025,OR,0.00017436616,9.5713524e-08,8.626554e-08,0.99982554
C,6,2025,OR,0.00017579466,7.743437e-08,7.957304e-08,0.9998241
C,7,2025,OR,0.00013429044,3.080308e-07,1.2866548e-07,0.9998653
C,8,2025,OR,0.00013209748,1.9441129e-07,1.0092948e-07,0.99986756
C,9,2025,OR,0.00013571925,2.1562761e-07,1.1220162e-07,0.999864
C,10,2025,OR,0.0001398276,2.7603963e-07,1.3110163e-07,0.9998597
C,11,2025,OR,0.0001497394,1.3157218e-07,8.8038114e-08,0.99985003
C,12,2025,OR,0.00013113576,1.7755234e-07,8.696793e-08,0.99986863
C,13,2025,OR,0.00015280936,2.615357e-07,1.3591813e-07,0.9998468
C,14,2025,OR,0.0001727037,1.3033444e-07,1.1221974e-07,0.9998271
C,15,2025,OR,0.00013345608,3.1850075e-07,1.4445277e-07,0.999866
C,16,2025,OR,0.00014164815,2.0076284e-07,9.805211e-08,0.999858
C,17,2025,OR,0.0001553675,1.2977954e-07,8.195184e-08,0.99984443
C,18,2025,OR,0.0001469335,1.3981189e-07,8.696041e-08,0.9998528
C,19,2025,OR,0.00014563059,1.9747581e-07,1.1775614e-07,0.9998541
C,20,2025,OR,0.0001344205,1.4462248e-07,9.100616e-08,0.9998653
C,21,2025,OR,0.00015877465,1.3667982e-07,1.00131075e-07,0.999841
C,22,2025,OR,0.00014574907,2.42597e-07,1.374528e-07,0.99985385
C,23,2025,OR,0.00014603803,1.3297198e-07,9.489476e-08,0.99985373
C,24,2025,OR,0.00015865345,7.875467e-08,8.00854e-08,0.9998412
C,25,2025,OR,0.00015916723,1.3919835e-07,1.0607197e-07,0.9998406
C,26,2025,OR,0.00015154219,1.783395e-07,1.0991496e-07,0.9998481
C,27,2025,OR,0.00014716486,1.4179028e-07,8.737487e-08,0.99985254
C,28,2025,OR,0.00013645073,2.0035267e-07,9.1911325e-08,0.99986327
C,29,2025,OR,0.0001369685,1.0719888e-07,6.66248e-08,0.9998628
D,0,2025,OR,0.005812095,2.9174181e-08,1.09733854e-07,0.9941877
D,1,2025,OR,0.0062907296,3.0882184e-08,1.1472537e-07,0.9937091
D,2,2025,OR,0.0069717425,3.1348268e-08,1.2180863e-07,0.9930281
D,3,2025,OR,0.007385804,3.1709703e-08,1.2765102e-07,0.99261403
D,4,2025,OR,0.0065112147,3.0437675e-08,1.1880395e-07,0.99348867
D,5,2025,OR,0.006117093,2.9494732e-08,1.12701635e-07,0.9938828
D,6,2025,OR,0.0064997105,2.9462802e-08,1.1953564e-07,0.9935002
D,7,2025,OR,0.0067602755,3.009354e-08,1.2470998e-07,0.9932395
D,8,2025,OR,0.00585567,2.846447e-08,1.1603766e-07,0.99414426
D,9,2025,OR,0.0060412674,2.9007511e-08,1.16088586e-07,0.9939586
D,10,2025,OR,0.006704678,2.9795366e-08,1.2650182e-07,0.99329513
D,11,2025,OR,0.0063886587,2.8969012e-08,1.2111738e-07,0.99361116
D,12,2025,OR,0.0055373874,2.7116561e-08,1.1149335e-07,0.99446243
D,13,2025,OR,0.0048647197,2.613588e-08,1.0312404e-07,0.9951351
D,14,2025,OR,0.0053928136,2.7889755e-08,1.0768945e-07,0.99460703
D,15,2025,OR,0.0063631083,2.8983518e-08,1.1944607e-07,0.9936367
D,16,2025,OR,0.006830912,3.0364454e-08,1.2371417e-07,0.99316895
D,17,2025,OR,0.006708261,3.017875e-08,1.2095158e-07,0.9932916
D,18,2025,OR,0.0064593074,3.0827696e-08,1.1493335e-07,0.9935406
D,19,2025,OR,0.0064269234,3.0654437e-08,1.1586485e-07,0.99357295
D,20,2025,OR,0.0062582754,2.9417565e-08,1.1666338e-07,0.9937416
D,21,2025,OR,0.0062824567,2.866375e-08,1.2038372e-07,0.9937173
D,22,2025,OR,0.006348016,2.951078e-08,1.201448e-07,0.99365187
D,23,2025,OR,0.006483322,3.006756e-08,1.1921337e-07,0.99351656
D,24,2025,OR,0.006076795,2.9615661e-08,1.1390692e-07,0.993923
D,25,2025,OR,0.0067904196,3.1534213e-08,1.2179414e-07,0.9932094
D,26,2025,OR,0.0070182313,3.129178e-08,1.2588958e-07,0.99298155
D,27,2025,OR,0.006543044,3.077504e-08,1.1890236e-07,0.9934568
D,28,2025,OR,0.006231521,3.0358795e-08,1.16149195e-07,0.99376833
D,29,2025,OR,0.005997901,2.89646e-08,1.1604196e-07,0.9940019
E,0,2025,OR,0.00015929251,6.0260296e-05,5.6459826e-06,0.99977475
E,1,2025,OR,0.00014780591,9.197591e-06,1.197615e-06,0.9998418
E,2,2025,OR,0.00013636042,6.5725944e-05,3.5040746e-06,0.9997944
E,3,2025,OR,0.00015115632,7.874831e-05,4.4062067e-06,0.9997657
E,4,2025,OR,0.000154556,1.0966336e-07,8.6435726e-08,0.99984527
E,5,2025,OR,0.00014624634,1.9147264e-07,1.09514794e-07,0.9998534
E,6,2025,OR,0.00012064862,3.170941e-06,5.257524e-07,0.99987566
E,7,2025,OR,0.00010284088,3.8122555e-06,4.784958e-07,0.99989283
E,8,2025,OR,0.00011498361,3.5679554e-05,2.0884897e-06,0.9998472
E,9,2025,OR,0.000111171576,3.083554e-05,1.8230753e-06,0.9998561
E,10,2025,OR,0.00011257267,4.386679e-06,5.835572e-07,0.99988246
E,11,2025,OR,0.00010330983,2.0028843e-05,1.3019892e-06,0.9998753
E,12,2025,OR,0.0001362375,3.361652e-06,6.993571e-07,0.9998597
E,13,2025,OR,0.0001273759,0.00022182551,1.16618185e-05,0.99963915
E,14,2025,OR,0.00014673588,0.0006539323,2.2683298e-05,0.9991767
E,15,2025,OR,0.00011513698,0.000119953576,4.8794645e-06,0.9997601
E,16,2025,OR,0.00013835049,1.5797362e-06,3.5304427e-07,0.9998597
E,17,2025,OR,0.00017426556,2.8400086e-07,1.9493366e-07,0.9998253
E,18,2025,OR,0.00013245449,6.216198e-07,2.2563316e-07,0.9998667
E,19,2025,OR,0.00013892331,6.5636544e-07,2.5792286e-07,0.99986017
E,20,2025,OR,0.0001295021,9.263819e-06,1.0793973e-06,0.99986017
E,21,2025,OR,0.00011598499,8.627036e-05,3.611721e-06,0.9997942
E,22,2025,OR,0.00012510698,1.1512383e-05,1.476822e-06,0.99986184
E,23,2025,OR,0.00012827855,1.0381035e-06,3.0471094e-07,0.9998704
E,24,2025,OR,0.000115763614,2.1120527e-06,4.647872e-07,0.9998816
E,25,2025,OR,0.00017184466,2.8852376e-06,7.983337e-07,0.99982446
E,26,2025,OR,0.00020659014,3.8585353e-05,4.712818e-06,0.9997501
E,27,2025,OR,0.00016240054,4.3081212e-07,2.1418714e-07,0.9998369
E,28,2025,OR,0.00017121733,1.9972491e-07,1.5738335e-07,0.99982834
E,29,2025,OR,0.00013798261,1.9396477e-05,1.8723802e-06,0.99984074
F,0,2025,OR,0.0053874715,2.7193273e-08,1.10936966e-07,0.99461246
F,1,2025,OR,0.005502913,2.6739995e-08,1.13456714e-07,0.994497
F,2,2025,OR,0.004801882,2.4633728e-08,1.0841001e-07,0.99519795
F,3,2025,OR,0.0047292532,2.4339275e-08,1.0853029e-07,0.99527067
F,4,2025,OR,0.0048863953,2.5394344e-08,1.0799345e-07,0.99511355
F,5,2025,OR,0.0048534907,2.5737203e-08,1.0806686e-07,0.99514633
F,6,2025,OR,0.004848374,2.5319864e-08,1.0986789e-07,0.9951515
F,7,2025,OR,0.0042731636,2.3953897e-08,1.01143826e-07,0.9957267
F,8,2025,OR,0.0038852768,2.3341023e-08,9.601403e-08,0.9961146
F,9,2025,OR,0.004211406,2.4319263e-08,9.903224e-08,0.9957885
F,10,2025,OR,0.004709963,2.4964232e-08,1.0714096e-07,0.9952899
F,11,2025,OR,0.004645354,2.577172e-08,1.0285189e-07,0.99535453
F,12,2025,OR,0.005013289,2.562732e-08,1.071643e-07,0.99498653
F,13,2025,OR,0.0050687524,2.6132163e-08,1.07445665e-07,0.99493104
F,14,2025,OR,0.0044437232,2.5968165e-08,1.0015253e-07,0.9955562
F,15,2025,OR,0.004757791,2.5773087e-08,1.0583313e-07,0.9952421
F,16,2025,OR,0.0049349517,2.5665196e-08,1.0691874e-07,0.9950649
F,17,2025,OR,0.004985241,2.5481818e-08,1.0869396e-07,0.9950146
F,18,2025,OR,0.0049952073,2.6254407e-08,1.0996698e-07,0.9950047
F,19,2025,OR,0.0050771018,2.5918995e-08,1.1117051e-07,0.9949228
F,20,2025,OR,0.0051431735,2.4850111e-08,1.1460041e-07,0.9948567
F,21,2025,OR,0.004920805,2.4345407e-08,1.1035636e-07,0.99507904
F,22,2025,OR,0.0048765787,2.5279528e-08,1.066407e-07,0.9951233
F,23,2025,OR,0.0046791565,2.5175257e-08,1.0455574e-07,0.99532074
F,24,2025,OR,0.0050320337,2.6609351e-08,1.0639772e-07,0.9949679
F,25,2025,OR,0.0046654344,2.5941542e-08,1.03395045e-07,0.99533445
F,26,2025,OR,0.0045841266,2.4968958e-08,1.0477973e-07,0.9954157
F,27,2025,OR,0.0042004855,2.4460624e-08,1.01465204e-07,0.99579936
F,28,2025,OR,0.004760004,2.6153042e-08,1.0679669e-07,0.99523985
F,29,2025,OR,0.004850553,2.5586624e-08,1.0875015e-07,0.9951493
G,0,2025,OR,0.005191455,3.1109657e-08,1.3505252e-07,0.9948084
G,1,2025,OR,0.0040847836,2.591878e-08,1.1440615e-07,0.9959151
G,2,2025,OR,0.005859785,4.5629797e-08,1.5298191e-07,0.99414
G,3,2025,OR,0.0049425717,3.953523e-08,1.408861e-07,0.9950572
G,4,2025,OR,0.0051598274,3.532426e-08,1.3805798e-07,0.99483997
G,5,2025,OR,0.00560719,3.9243034e-08,1.3148161e-07,0.99439263
G,6,2025,OR,0.005699861,3.6831622e-08,1.3273814e-07,0.9943
G,7,2025,OR,0.0055138674,3.643955e-08,1.3934992e-07,0.9944859
G,8,2025,OR,0.0052799555,3.9196618e-08,1.3548657e-07,0.99471986
G,9,2025,OR,0.0054649184,3.6354916e-08,1.336258e-07,0.99453497
G,10,2025,OR,0.002928094,2.6551275e-08,9.659512e-08,0.99707174
G,11,2025,OR,0.0024740489,2.6909008e-08,9.400984e-08,0.9975259
G,12,2025,OR,0.0070473915,5.26261e-08,1.7332091e-07,0.9929524
G,13,2025,OR,0.005078193,4.701005e-08,1.4317833e-07,0.9949216
G,14,2025,OR,0.0049003614,4.069085e-08,1.249938e-07,0.9950995
G,15,2025,OR,0.005573805,4.517626e-08,1.4301041e-07,0.994426
G,16,2025,OR,0.0054734047,3.7079765e-08,1.430715e-07,0.99452645
G,17,2025,OR,0.0066361744,3.7174843e-08,1.5652134e-07,0.9933636
G,18,2025,OR,0.0055002514,4.5304816e-08,1.4630851e-07,0.99449956
G,19,2025,OR,0.0056310785,4.436325e-08,1.5344264e-07,0.99436873
G,20,2025,OR,0.0064023756,4.0115275e-08,1.5748903e-07,0.9935974
G,21,2025,OR,0.0061981506,4.3213827e-08,1.5440838e-07,0.99380165
G,22,2025,OR,0.0053888513,3.5484867e-08,1.353395e-07,0.994611
G,23,2025,OR,0.00492644,3.5525e-08,1.2685936e-07,0.9950734
G,24,2025,OR,0.003078716,2.8441917e-08,1.0724597e-07,0.9969212
G,25,2025,OR,0.0022385747,2.3052287e-08,8.9459746e-08,0.99776125
G,26,2025,OR,0.0031909943,2.927577e-08,9.85102e-08,0.9968088
G,27,2025,OR,0.0063195685,5.3645852e-08,1.5474431e-07,0.99368024
G,28,2025,OR,0.006537173,4.5433065e-08,1.5932339e-07,0.9934627
G,29,2025,OR,0.005736476,3.6080518e-08,1.3764704e-07,0.99426335
H,0,2025,OR,0.0015416264,1.6216715e-08,1.12910364e-07,0.99845827
H,1,2025,OR,0.0014490152,1.616951e-08,1.09225155e-07,0.99855083
H,2,2025,OR,0.0014883347,1.6374543e-08,1.0752754e-07,0.9985115
H,3,2025,OR,0.0015719965,1.6319795e-08,1.1466374e-07,0.99842787
H,4,2025,OR,0.0015947924,1.6275623e-08,1.14102825e-07,0.99840504
H,5,2025,OR,0.0015724337,1.6282696e-08,1.0754782e-07,0.9984275
H,6,2025,OR,0.0017164894,1.6508078e-08,1.0669018e-07,0.9982834
H,7,2025,OR,0.0016713291,1.631677e-08,1.0860697e-07,0.9983285
H,8,2025,OR,0.001647067,1.645051e-08,1.1267558e-07,0.9983529
H,9,2025,OR,0.0015914349,1.6539333e-08,1.10841405e-07,0.9984085
H,10,2025,OR,0.0015436911,1.6560296e-08,1.0811694e-07,0.99845624
H,11,2025,OR,0.0015112102,1.6349672e-08,1.0865071e-07,0.99848866
H,12,2025,OR,0.00152147,1.6367633e-08,1.0633962e-07,0.9984785
H,13,2025,OR,0.0015603007,1.6203797e-08,1.07970266e-07,0.9984396
H,14,2025,OR,0.0015338856,1.6068988e-08,1.11444336e-07,0.998466
H,15,2025,OR,0.0015354515,1.6365592e-08,1.1538999e-07,0.99846447
H,16,2025,OR,0.001631269,1.6385695e-08,1.103297e-07,0.99836856
H,17,2025,OR,0.0016879442,1.6420183e-08,1.07353394e-07,0.998312
H,18,2025,OR,0.0017402493,1.6757284e-08,1.0391572e-07,0.9982596
H,19,2025,OR,0.0016457605,1.6538811e-08,1.0775736e-07,0.9983542
H,20,2025,OR,0.0015202794,1.6344565e-08,1.1203237e-07,0.99847955
H,21,2025,OR,0.0015134389,1.6395134e-08,1.1188045e-07,0.9984864
H,22,2025,OR,0.001535401,1.6490144e-08,1.0658444e-07,0.99846447
H,23,2025,OR,0.0015915969,1.7029846e-08,1.0067766e-07,0.99840826
H,24,2025,OR,0.0015542404,1.6530015e-08,1.02828686e-07,0.9984457
H,25,2025,OR,0.001642458,1.6359124e-08,1.111588e-07,0.99835736
H,26,2025,OR,0.0016615897,1.6485195e-08,1.0615893e-07,0.9983382
H,27,2025,OR,0.0016399291,1.6526199e-08,1.05922574e-07,0.99836
H,28,2025,OR,0.0016940706,1.6555399e-08,1.0663684e-07,0.9983058
H,29,2025,OR,0.0017390702,1.6786704e-08,1.0472227e-07,0.9982608
I,0,2025,OR,0.00020514199,4.0341778e-08,4.653294e-08,0.9997948
I,1,2025,OR,0.0001962962,3.122374e-08,3.371297e-08,0.9998036
I,2,2025,OR,0.00019555663,3.8971717e-08,4.6054367e-08,0.99980444
I,3,2025,OR,0.00023728254,2.4729118e-08,3.6265345e-08,0.9997627
I,4,2025,OR,0.00027820168,2.2331886e-08,4.397411e-08,0.9997217
I,5,2025,OR,0.00022733731,3.4511313e-08,4.3349512e-08,0.9997726
I,6,2025,OR,0.00022347344,3.5143625e-08,4.2047773e-08,0.9997764
I,7,2025,OR,0.00020047798,4.558536e-08,4.2154902e-08,0.99979943
I,8,2025,OR,0.00021383574,5.26551e-08,5.3232206e-08,0.9997861
I,9,2025,OR,0.00021645051,4.0032116e-08,5.2245397e-08,0.99978346
I,10,2025,OR,0.00018859378,5.201141e-08,4.665813e-08,0.99981135
I,11,2025,OR,0.00020162224,4.1263647e-08,4.613964e-08,0.99979836
I,12,2025,OR,0.00020221907,3.666438e-08,4.3548336e-08,0.99979776
I,13,2025,OR,0.0001864786,3.086004e-08,3.454005e-08,0.9998135
I,14,2025,OR,0.00023851576,2.2015447e-08,3.3010796e-08,0.9997614
I,15,2025,OR,0.00025642366,2.9635514e-08,4.8267978e-08,0.9997435
I,16,2025,OR,0.00021021454,4.0114614e-08,4.2891894e-08,0.9997898
I,17,2025,OR,0.00020853663,4.5391605e-08,4.6071253e-08,0.99979144
I,18,2025,OR,0.000204395,4.3343892e-08,4.3592532e-08,0.9997955
I,19,2025,OR,0.00024995737,2.9438917e-08,4.348898e-08,0.99974996
I,20,2025,OR,0.00025996426,2.5787351e-08,4.509518e-08,0.99973994
I,21,2025,OR,0.00023568864,2.659572e-08,3.8444718e-08,0.99976426
I,22,2025,OR,0.00022846351,4.585922e-08,4.9619512e-08,0.9997714
I,23,2025,OR,0.00022948065,4.409847e-08,4.8157546e-08,0.99977046
I,24,2025,OR,0.0002208189,3.3879033e-08,5.059663e-08,0.99977916
I,25,2025,OR,0.00021681633,2.7577997e-08,3.8645787e-08,0.9997831
I,26,2025,OR,0.00023651209,2.7401128e-08,5.135997e-08,0.9997634
I,27,2025,OR,0.00022330752,2.8362692e-08,4.265621e-08,0.99977666
I,28,2025,OR,0.00028475482,2.0821426e-08,4.6090328e-08,0.99971515
I,29,2025,OR,0.00028613623,2.1242514e-08,4.660324e-08,0.9997137
J,0,2025,OR,0.00011992888,2.2369004e-06,3.652709e-07,0.99987745
J,1,2025,OR,0.00011674794,2.6879133e-07,9.297953e-08,0.9998828
J,2,2025,OR,0.00014016202,1.5532012e-07,7.592791e-08,0.9998596
J,3,2025,OR,0.00012951548,4.180781e-07,1.16157445e-07,0.99986994
J,4,2025,OR,0.00013373404,3.4408785e-07,1.104507e-07,0.9998658
J,5,2025,OR,0.00012120827,3.8956742e-07,1.1126785e-07,0.9998783
J,6,2025,OR,0.000121189885,3.4956216e-07,1.1898858e-07,0.9998783
J,7,2025,OR,0.000116864874,5.5800047e-07,1.3499029e-07,0.99988246
J,8,2025,OR,0.00010657425,1.1801498e-06,1.9616691e-07,0.999892
J,9,2025,OR,9.394501e-05,8.290997e-07,1.394542e-07,0.9999051
J,10,2025,OR,0.00011134715,3.009191e-07,8.882022e-08,0.9998883
J,11,2025,OR,0.000118234304,3.2599942e-07,9.152375e-08,0.9998814
J,12,2025,OR,0.000108900174,4.254274e-07,1.003299e-07,0.99989057
J,13,2025,OR,0.00012528479,1.8526354e-07,7.6332135e-08,0.9998745
J,14,2025,OR,0.00012324665,7.5582466e-07,1.7157171e-07,0.9998758
J,15,2025,OR,0.00011513168,1.8126215e-06,2.766981e-07,0.9998828
J,16,2025,OR,0.00011515464,8.376192e-07,1.6179466e-07,0.9998839
J,17,2025,OR,0.00011190258,1.9127447e-07,6.716556e-08,0.9998878
J,18,2025,OR,0.00013136528,2.71815e-07,1.0666204e-07,0.9998683
J,19,2025,OR,0.00011868189,6.63073e-07,1.624072e-07,0.99988043
J,20,2025,OR,0.00012953265,3.4268703e-07,1.1933807e-07,0.99986994
J,21,2025,OR,0.00012648286,1.6061824e-07,6.836073e-08,0.9998733
J,22,2025,OR,0.00012545873,1.6849897e-07,6.871349e-08,0.99987423
J,23,2025,OR,0.00010802002,5.5171387e-07,1.12004116e-07,0.9998913
J,24,2025,OR,0.000109207824,8.4636054e-07,1.6539097e-07,0.99988973
J,25,2025,OR,0.00012225397,3.1812403e-06,4.492791e-07,0.9998741
J,26,2025,OR,0.00012238655,1.6996372e-06,3.152089e-07,0.99987555
J,27,2025,OR,0.00011664787,6.29187e-07,1.470292e-07,0.9998826
J,28,2025,OR,0.00011246546,1.1547305e-06,1.9353583e-07,0.99988616
J,29,2025,OR,0.00013364284,7.642136e-07,1.9340045e-07,0.9998654
K,0,2025,OR,0.001970969,2.6551726e-08,2.631242e-07,0.9980287
K,1,2025,OR,0.0019558375,2.8724155e-08,3.2108306e-07,0.9980438
K,2,2025,OR,0.0019449535,2.6577702e-08,2.9965747e-07,0.99805474
K,3,2025,OR,0.0020397024,2.6163768e-08,2.502501e-07,0.99796
K,4,2025,OR,0.0019836687,2.7345935e-08,2.2381566e-07,0.9980161
K,5,2025,OR,0.0019221081,2.9438146e-08,2.5645755e-07,0.99807763
K,6,2025,OR,0.0019596743,3.2310535e-08,2.7841855e-07,0.99804
K,7,2025,OR,0.00194572,2.813327e-08,2.4500034e-07,0.998054
K,8,2025,OR,0.0018878877,2.6496213e-08,2.238841e-07,0.99811184
K,9,2025,OR,0.0019075489,2.7485076e-08,2.5387237e-07,0.9980921
K,10,2025,OR,0.0020781518,2.8367413e-08,2.678793e-07,0.9979215
K,11,2025,OR,0.0021083725,2.9155796e-08,2.7637145e-07,0.99789137
K,12,2025,OR,0.0020773015,3.0928767e-08,3.4712207e-07,0.99792236
K,13,2025,OR,0.002154276,3.3488025e-08,3.5428286e-07,0.9978453
K,14,2025,OR,0.0019820097,3.013697e-08,2.7785902e-07,0.99801767
K,15,2025,OR,0.0019600233,2.813303e-08,2.2276814e-07,0.9980398
K,16,2025,OR,0.0019614361,2.8048603e-08,2.0320182e-07,0.99803835
K,17,2025,OR,0.0019352275,2.7485944e-08,2.0162425e-07,0.9980646
K,18,2025,OR,0.0020253444,2.6429378e-08,2.0476955e-07,0.99797446
K,19,2025,OR,0.0020006597,2.6080691e-08,2.1010565e-07,0.99799913
K,20,2025,OR,0.0019032634,2.8071218e-08,2.2538151e-07,0.9980965
K,21,2025,OR,0.0018894942,2.7653426e-08,2.1310922e-07,0.9981103
K,22,2025,OR,0.0019621607,2.6942025e-08,2.209186e-07,0.99803764
K,23,2025,OR,0.0019357395,2.6136718e-08,2.1469675e-07,0.998064
K,24,2025,OR,0.0018427017,2.8966479e-08,2.5224725e-07,0.99815696
K,25,2025,OR,0.0018807544,3.1080113e-08,2.6980695e-07,0.99811894
K,26,2025,OR,0.0020647158,2.8245939e-08,2.0810862e-07,0.99793506
K,27,2025,OR,0.0021669273,2.8652703e-08,2.1364e-07,0.99783283
K,28,2025,OR,0.0019979072,3.1391792e-08,2.315718e-07,0.9980019
K,29,2025,OR,0.0018957336,3.0780782e-08,2.4939365e-07,0.998104
L,0,2025,OR,0.0031373247,2.0195058e-08,9.690976e-08,0.99686253
L,1,2025,OR,0.004014302,2.2419588e-08,1.0157403e-07,0.99598557
L,2,2025,OR,0.0043463623,2.3822787e-08,1.0453426e-07,0.9956535
L,3,2025,OR,0.0040092,2.329316e-08,9.964166e-08,0.9959907
L,4,2025,OR,0.0039441884,2.3038046e-08,9.84675e-08,0.9960557
L,5,2025,OR,0.0043139826,2.5390639e-08,1.0041522e-07,0.99568594
L,6,2025,OR,0.003977739,2.4045931e-08,9.891331e-08,0.99602216
L,7,2025,OR,0.00473626,2.4749328e-08,1.05375555e-07,0.9952636
L,8,2025,OR,0.00543125,2.5209838e-08,1.14290806e-07,0.9945686
L,9,2025,OR,0.00481978,2.4917574e-08,1.0657561e-07,0.99518013
L,10,2025,OR,0.004302822,2.4493449e-08,9.9877674e-08,0.995697
L,11,2025,OR,0.003358129,2.1828441e-08,9.026402e-08,0.99664176
L,12,2025,OR,0.0039811027,2.2742283e-08,9.785911e-08,0.9960188
L,13,2025,OR,0.004373152,2.3531452e-08,1.05373395e-07,0.9956267
L,14,2025,OR,0.0039345827,2.4651342e-08,9.705766e-08,0.9960653
L,15,2025,OR,0.004159076,2.464367e-08,9.80733e-08,0.9958407
L,16,2025,OR,0.004198763,2.3580645e-08,1.0179802e-07,0.99580115
L,17,2025,OR,0.004204331,2.3507496e-08,1.00539545e-07,0.9957956
L,18,2025,OR,0.0042070453,2.3805907e-08,9.691921e-08,0.99579287
L,19,2025,OR,0.0038191315,2.1744809e-08,1.0240716e-07,0.9961808
L,20,2025,OR,0.0036949725,2.1149456e-08,1.0819783e-07,0.99630487
L,21,2025,OR,0.0040672603,2.198747e-08,1.043681e-07,0.99593264
L,22,2025,OR,0.0045064497,2.413717e-08,1.0511481e-07,0.9954934
L,23,2025,OR,0.004799075,2.5902857e-08,1.1145106e-07,0.99520075
L,24,2025,OR,0.004771964,2.4075888e-08,1.14247094e-07,0.99522793
L,25,2025,OR,0.0051274975,2.4577151e-08,1.1362539e-07,0.9948724
L,26,2025,OR,0.005726718,2.5862526e-08,1.1937199e-07,0.9942731
L,27,2025,OR,0.0047394508,2.3857389e-08,1.0902545e-07,0.9952604
L,28,2025,OR,0.0038858268,2.2376552e-08,9.8400236e-08,0.996114
L,29,2025,OR,0.002920828,1.9442966e-08,9.081715e-08,0.99707913
M,0,2025,OR,0.0019516567,2.4227703e-08,1.8336449e-07,0.9980482
M,1,2025,OR,0.0020816564,2.4807813e-08,2.02041e-07,0.99791807
M,2,2025,OR,0.0019931104,2.4383525e-08,2.1851551e-07,0.99800664
M,3,2025,OR,0.0019176939,2.4547203e-08,2.259744e-07,0.99808204
M,4,2025,OR,0.002137037,2.5760295e-08,2.1596927e-07,0.99786276
M,5,2025,OR,0.0021887184,2.6812938e-08,2.1319858e-07,0.997811
M,6,2025,OR,0.0022407037,2.5381851e-08,1.9027767e-07,0.9977591
M,7,2025,OR,0.0022027753,2.6497355e-08,2.2524598e-07,0.997797
M,8,2025,OR,0.0021700647,2.8153407e-08,2.629403e-07,0.9978296
M,9,2025,OR,0.0021900749,2.6395144e-08,2.462172e-07,0.9978097
M,10,2025,OR,0.0020411531,2.5717846e-08,2.3845635e-07,0.99795854
M,11,2025,OR,0.0020453439,2.7673535e-08,2.1340497e-07,0.99795437
M,12,2025,OR,0.0022415384,2.6009575e-08,1.8469223e-07,0.99775827
M,13,2025,OR,0.0020639342,2.4690054e-08,1.939421e-07,0.9979359
M,14,2025,OR,0.0020116086,2.5411122e-08,2.027603e-07,0.9979881
M,15,2025,OR,0.0021434375,2.6531499e-08,2.1802259e-07,0.9978563
M,16,2025,OR,0.0019817478,2.6815584e-08,2.2965708e-07,0.998018
M,17,2025,OR,0.0018583352,2.660994e-08,2.3062489e-07,0.9981414
M,18,2025,OR,0.00197967,2.5821029e-08,2.0874454e-07,0.99802005
M,19,2025,OR,0.0019908943,2.4815465e-08,1.9560767e-07,0.9980089
M,20,2025,OR,0.0019920731,2.5717691e-08,2.0244549e-07,0.9980077
M,21,2025,OR,0.002052803,2.5272032e-08,2.0484632e-07,0.9979469
M,22,2025,OR,0.002104635,2.5229832e-08,1.9986945e-07,0.9978951
M,23,2025,OR,0.002278728,2.5955282e-08,1.8047766e-07,0.997721
M,24,2025,OR,0.0021816194,2.6879645e-08,1.8955284e-07,0.9978181
M,25,2025,OR,0.002203249,2.7747694e-08,2.2341244e-07,0.99779654
M,26,2025,OR,0.0023594177,2.6152346e-08,1.9853664e-07,0.9976404
M,27,2025,OR,0.0020901468,2.7142084e-08,2.1511009e-07,0.9979096
M,28,2025,OR,0.0020661973,2.7969483e-08,2.16221e-07,0.9979336
M,29,2025,OR,0.0022383903,2.9614862e-08,2.2254802e-07,0.99776137
N,0,2025,OR,0.00025072013,1.9634041e-07,7.515935e-08,0.999749
N,1,2025,OR,0.00035863175,7.282214e-08,5.2849895e-08,0.9996412
N,2,2025,OR,0.00030515358,1.8569804e-07,7.601391e-08,0.9996946
N,3,2025,OR,0.00030662882,4.6856394e-07,1.0656505e-07,0.9996928
N,4,2025,OR,0.00022289841,2.967934e-07,7.585692e-08,0.9997768
N,5,2025,OR,0.00022765501,2.5303106e-07,6.8769786e-08,0.999772
N,6,2025,OR,0.0004890514,3.8996184e-08,5.4293885e-08,0.9995109
N,7,2025,OR,0.00025865875,3.5263116e-07,9.5376684e-08,0.9997409
N,8,2025,OR,0.0002453258,6.450403e-07,1.0532554e-07,0.9997539
N,9,2025,OR,0.00042270686,5.977317e-08,5.4690066e-08,0.9995772
N,10,2025,OR,0.00027363308,3.6929052e-07,8.123996e-08,0.9997259
N,11,2025,OR,0.00029308136,5.1211805e-07,9.742489e-08,0.9997063
N,12,2025,OR,0.00042813327,5.5491277e-08,5.2980557e-08,0.99957174
N,13,2025,OR,0.00032744437,1.04192274e-07,5.766459e-08,0.9996724
N,14,2025,OR,0.00033841204,2.0247559e-07,7.2086884e-08,0.9996613
N,15,2025,OR,0.00050243747,5.596908e-08,5.707014e-08,0.9994974
N,16,2025,OR,0.0002231155,2.6216557e-07,6.0075315e-08,0.99977654
N,17,2025,OR,0.00023260889,3.073324e-07,6.392618e-08,0.999767
N,18,2025,OR,0.0004918165,5.863972e-08,6.138677e-08,0.999508
N,19,2025,OR,0.00017915273,3.9580145e-06,2.0991277e-07,0.9998167
N,20,2025,OR,0.00017239408,5.628431e-06,2.2548016e-07,0.9998217
N,21,2025,OR,0.00041016564,5.0858418e-08,5.1782436e-08,0.99958974
N,22,2025,OR,0.0002421476,7.5266456e-08,5.351033e-08,0.9997577
N,23,2025,OR,0.0002311489,1.0194176e-07,5.5514704e-08,0.9997687
N,24,2025,OR,0.00046870165,4.0978307e-08,5.1986724e-08,0.99953127
N,25,2025,OR,0.00023014173,9.916847e-07,1.1664498e-07,0.9997688
N,26,2025,OR,0.00022685433,1.3911117e-06,1.3195982e-07,0.99977165
N,27,2025,OR,0.0003109571,1.2040029e-07,6.213287e-08,0.99968886
N,28,2025,OR,0.0003095229,6.891228e-08,5.6159877e-08,0.9996904
N,29,2025,OR,0.00031548255,1.2825632e-07,6.4588704e-08,0.99968433
O,0,2025,OR,0.004507104,4.6801045e-08,1.4306472e-07,0.9954927
O,1,2025,OR,0.005611051,9.334206e-08,2.1284454e-07,0.99438864
O,2,2025,OR,0.0051332866,6.831889e-08,1.6657674e-07,0.9948665
O,3,2025,OR,0.009479583,6.370772e-08,2.0255236e-07,0.9905201
O,4,2025,OR,0.012656947,1.0052661e-07,2.7343694e-07,0.9873427
O,5,2025,OR,0.013465888,1.12018185e-07,2.9876702e-07,0.98653376
O,6,2025,OR,0.008542701,7.2110176e-08,2.2296348e-07,0.99145705
O,7,2025,OR,0.008382742,6.644185e-08,2.0902203e-07,0.991617
O,8,2025,OR,0.0077220453,7.356928e-08,1.994944e-07,0.9922776
O,9,2025,OR,0.0063231597,5.6159614e-08,1.5732219e-07,0.9936766
O,10,2025,OR,0.010097735,8.8795545e-08,2.4153204e-07,0.9899019
O,11,2025,OR,0.012341045,1.5498627e-07,3.5467033e-07,0.98765844
O,12,2025,OR,0.0091866655,8.92968e-08,2.3956366e-07,0.99081296
O,13,2025,OR,0.008005782,7.219121e-08,1.9726842e-07,0.9919939
O,14,2025,OR,0.0060363444,4.96739e-08,1.6583869e-07,0.9939634
O,15,2025,OR,0.0061160307,4.4768303e-08,1.7010689e-07,0.99388367
O,16,2025,OR,0.007867536,6.579709e-08,1.9568851e-07,0.99213225
O,17,2025,OR,0.005105283,4.2091717e-08,1.3768897e-07,0.9948945
O,18,2025,OR,0.005952882,4.7762178e-08,1.6018028e-07,0.9940469
O,19,2025,OR,0.0058113397,4.4338208e-08,1.5771154e-07,0.9941884
O,20,2025,OR,0.0053004655,4.0716788e-08,1.559672e-07,0.99469936
O,21,2025,OR,0.0057767667,4.5942418e-08,1.5195674e-07,0.99422306
O,22,2025,OR,0.00967438,7.3605555e-08,2.0627759e-07,0.99032533
O,23,2025,OR,0.00593298,5.5406947e-08,1.5991212e-07,0.99406683
O,24,2025,OR,0.010588354,8.65621e-08,2.438898e-07,0.9894113
O,25,2025,OR,0.0073638614,7.298622e-08,2.057094e-07,0.9926359
O,26,2025,OR,0.0071242535,5.9998655e-08,1.790201e-07,0.9928756
O,27,2025,OR,0.010412437,8.315665e-08,2.3445581e-07,0.9895872
O,28,2025,OR,0.010855433,1.0756679e-07,2.579665e-07,0.98914427
O,29,2025,OR,0.011326943,8.590231e-08,2.3109018e-07,0.9886727
P,0,2025,OR,0.0066254013,3.0710336e-08,1.2048136e-07,0.9933744
P,1,2025,OR,0.006538601,3.0149266e-08,1.1793013e-07,0.99346125
P,2,2025,OR,0.0066157454,3.013583e-08,1.1986548e-07,0.99338406
P,3,2025,OR,0.006663635,3.080407e-08,1.2239333e-07,0.9933362
P,4,2025,OR,0.0065350677,2.9612682e-08,1.2409399e-07,0.99346477
P,5,2025,OR,0.0069740238,3.059539e-08,1.2763846e-07,0.9930258
P,6,2025,OR,0.0072184377,3.1914272e-08,1.264376e-07,0.99278146
P,7,2025,OR,0.006775132,3.0028527e-08,1.22314e-07,0.9932247
P,8,2025,OR,0.0067560826,2.952793e-08,1.2514167e-07,0.99324375
P,9,2025,OR,0.006697918,2.997661e-08,1.2189429e-07,0.993302
P,10,2025,OR,0.0068444475,3.0585266e-08,1.2251584e-07,0.9931554
P,11,2025,OR,0.006097983,2.8726054e-08,1.1810829e-07,0.99390185
P,12,2025,OR,0.005881865,2.8802589e-08,1.12466296e-07,0.994118
P,13,2025,OR,0.006714638,3.0904534e-08,1.1948744e-07,0.9932852
P,14,2025,OR,0.0063249464,3.012109e-08,1.1966458e-07,0.99367493
P,15,2025,OR,0.0059044175,2.9000605e-08,1.14073025e-07,0.99409544
P,16,2025,OR,0.0068327724,3.0445644e-08,1.227272e-07,0.9931671
P,17,2025,OR,0.0076623745,3.06808e-08,1.3527581e-07,0.9923375
P,18,2025,OR,0.006819263,2.9850234e-08,1.2421525e-07,0.99318063
P,19,2025,OR,0.0069391294,3.1162756e-08,1.244281e-07,0.9930607
P,20,2025,OR,0.006992518,3.0751202e-08,1.2582588e-07,0.9930073
P,21,2025,OR,0.0070856507,3.0843594e-08,1.264246e-07,0.9929142
P,22,2025,OR,0.0074339425,3.1552936e-08,1.2978062e-07,0.9925659
P,23,2025,OR,0.007319856,3.2129407e-08,1.2559812e-07,0.99267995
P,24,2025,OR,0.006751227,3.1987685e-08,1.1944748e-07,0.9932486
P,25,2025,OR,0.0074973507,3.23795e-08,1.2915869e-07,0.99250245
P,26,2025,OR,0.008171521,3.298859e-08,1.3795254e-07,0.9918283
P,27,2025,OR,0.0068324907,3.0771826e-08,1.2583367e-07,0.99316734
P,28,2025,OR,0.006805377,2.989572e-08,1.2592763e-07,0.99319446
P,29,2025,OR,0.0072489963,3.1016373e-08,1.2977362e-07,0.9927509
A,0,2026,OR,7.836134e-06,0.34382275,0.00032318337,0.65584624
A,1,2026,OR,8.928188e-06,0.29198125,0.00035608435,0.7076537
A,2,2026,OR,1.0959617e-05,0.21725908,0.00042306437,0.7823069
A,3,2026,OR,9.388162e-06,0.26468778,0.00038843608,0.73491436
A,4,2026,OR,7.681944e-06,0.33507615,0.00035249282,0.6645637
A,5,2026,OR,8.625078e-06,0.29236484,0.00041225503,0.7072143
A,6,2026,OR,8.594906e-06,0.28214717,0.00041768033,0.7174266
A,7,2026,OR,8.059572e-06,0.30706757,0.00042616946,0.69249815
A,8,2026,OR,1.1396763e-05,0.25192207,0.00029880556,0.74776775
A,9,2026,OR,1.4843236e-05,0.17688051,0.00038473503,0.8227199
A,10,2026,OR,1.5330794e-05,0.17825705,0.00032929092,0.82139826
A,11,2026,OR,1.5996655e-05,0.20756586,0.00020254352,0.79221565
A,12,2026,OR,1.1475632e-05,0.20500095,0.0005139484,0.79447365
A,13,2026,OR,1.2458984e-05,0.2268728,0.00024323711,0.7728715
A,14,2026,OR,1.2480568e-05,0.25276807,0.00022906915,0.7469904
A,15,2026,OR,1.0696924e-05,0.27236864,0.00028466716,0.72733605
A,16,2026,OR,9.487856e-06,0.26578462,0.00036780184,0.7338381
A,17,2026,OR,8.940141e-06,0.27424163,0.00046473823,0.7252847
A,18,2026,OR,7.854241e-06,0.31341255,0.0004465781,0.6861331
A,19,2026,OR,9.0173935e-06,0.2852748,0.0004172061,0.7142989
A,20,2026,OR,1.1629768e-05,0.25833717,0.0002707704,0.74138045
A,21,2026,OR,1.7057879e-05,0.18605198,0.00021332245,0.81371766
A,22,2026,OR,1.462378e-05,0.19973943,0.00027148527,0.79997444
A,23,2026,OR,1.049022e-05,0.2424837,0.00038959415,0.7571162
A,24,2026,OR,1.0034302e-05,0.24622631,0.00046063267,0.75330305
A,25,2026,OR,1.2295624e-05,0.21626715,0.00032690776,0.7833936
A,26,2026,OR,1.2739677e-05,0.23394243,0.0002105796,0.7658342
A,27,2026,OR,8.674398e-06,0.29241607,0.00037461284,0.70720065
A,28,2026,OR,1.02803815e-05,0.29955107,0.0002103356,0.70022833
A,29,2026,OR,8.8290235e-06,0.28878638,0.0003786456,0.71082616
B,0,2026,OR,6.4369495e-05,0.3798911,7.646432e-06,0.6200369
B,1,2026,OR,8.5439366e-05,0.22746058,1.0936332e-05,0.77244306
B,2,2026,OR,2.7608281e-05,0.38985622,1.3179637e-05,0.610103
B,3,2026,B,9.865872e-06,0.6611823,7.849842e-06,0.33879998
B,4,2026,B,1.0451528e-05,0.7299048,5.0185254e-06,0.27007973
B,5,2026,B,6.1481064e-06,0.81427175,2.9064652e-06,0.18571927
B,6,2026,B,1.2240819e-05,0.7963747,2.3339144e-06,0.20361066
B,7,2026,OR,7.532443e-05,0.36150092,7.1707773e-06,0.63841665
B,8,2026,OR,3.2737305e-05,0.45344403,7.950986e-06,0.5465152
B,9,2026,B,2.9630208e-05,0.50799066,9.10836e-06,0.4919707
B,10,2026,B,3.074419e-05,0.5671887,6.972385e-06,0.4327736
B,11,2026,B,5.2919645e-06,0.8632489,2.8823406e-06,0.136743
B,12,2026,B,5.4011516e-06,0.8594602,3.3717001e-06,0.140531
B,13,2026,B,1.4069282e-05,0.6705055,3.927265e-06,0.32947648
B,14,2026,B,1.8881072e-05,0.58596337,4.562105e-06,0.4140133
B,15,2026,OR,4.2259995e-05,0.41710415,1.2568281e-05,0.58284104
B,16,2026,B,3.5835532e-05,0.50769335,6.053859e-06,0.49226478
B,17,2026,OR,5.301401e-05,0.45069906,5.981746e-06,0.5492419
B,18,2026,B,3.325696e-05,0.5658398,6.3957946e-06,0.4341205
B,19,2026,B,1.3359713e-05,0.7019979,5.6158883e-06,0.2979831
B,20,2026,B,7.6732995e-06,0.752514,6.8486956e-06,0.24747144
B,21,2026,B,1.48715535e-05,0.66610545,7.8704325e-06,0.33387193
B,22,2026,B,1.2956635e-05,0.67462546,8.3470795e-06,0.32535324
B,23,2026,B,1.5500791e-05,0.65993977,7.2282596e-06,0.34003752
B,24,2026,B,1.5387895e-05,0.71013606,5.25842e-06,0.28984326
B,25,2026,OR,4.5509656e-05,0.34506932,8.4088115e-06,0.65487677
B,26,2026,B,2.7315702e-05,0.5345657,5.431099e-06,0.4654015
B,27,2026,B,1.5355503e-05,0.7139193,5.0176263e-06,0.28606036
B,28,2026,B,6.453651e-06,0.8132907,3.1750644e-06,0.18669961
B,29,2026,B,1.00419775e-05,0.72002786,4.695659e-06,0.27995735
C,0,2026,B,4.5853565e-08,0.9993488,2.092525e-08,0.0006511875
C,1,2026,B,1.981916e-08,0.99969244,2.3037904e-08,0.00030759053
C,2,2026,B,1.4081225e-08,0.9997378,3.1681427e-08,0.0002621673
C,3,2026,B,1.4639682e-08,0.9997328,2.6636103e-08,0.00026717593
C,4,2026,B,1.7307533e-08,0.9997098,2.120737e-08,0.00029020483
C,5,2026,B,4.893293e-08,0.9993154,2.0494644e-08,0.0006846449
C,6,2026,B,6.5578284e-08,0.9991008,2.130697e-08,0.0008991529
C,7,2026,B,2.1365492e-08,0.99966705,1.7528443e-08,0.00033297896
C,8,2026,B,3.2409986e-08,0.9995321,1.6974484e-08,0.00046796797
C,9,2026,B,2.8988687e-08,0.9995797,1.7772825e-08,0.00042033396
C,10,2026,B,2.363109e-08,0.9996345,1.933605e-08,0.00036544589
C,11,2026,B,4.881984e-08,0.9993857,1.8167778e-08,0.00061427255
C,12,2026,B,3.504256e-08,0.99952686,1.5106297e-08,0.00047316757
C,13,2026,B,2.3308907e-08,0.99961877,2.2097492e-08,0.00038114906
C,14,2026,B,4.0046743e-08,0.9994469,2.3434165e-08,0.00055307586
C,15,2026,B,2.3236854e-08,0.9996375,2.0954584e-08,0.00036253114
C,16,2026,B,2.8726491e-08,0.99960333,1.509884e-08,0.00039668503
C,17,2026,B,5.1370844e-08,0.99938214,1.5695756e-08,0.0006178569
C,18,2026,B,3.3629966e-08,0.9995073,1.5749126e-08,0.0004926395
C,19,2026,B,2.575863e-08,0.99958307,1.9057016e-08,0.00041696045
C,20,2026,B,3.6979813e-08,0.9994112,1.8092578e-08,0.0005887454
C,21,2026,B,3.3596997e-08,0.9994954,2.014466e-08,0.0005045583
C,22,2026,B,2.0664634e-08,0.9996332,2.2615719e-08,0.00036673807
C,23,2026,B,4.6181764e-08,0.9993988,1.8028796e-08,0.0006011557
C,24,2026,B,7.900418e-08,0.9989386,2.2364501e-08,0.0010612841
C,25,2026,B,4.269475e-08,0.99947256,1.9650178e-08,0.0005274193
C,26,2026,B,3.2546705e-08,0.99953413,1.944194e-08,0.0004659318
C,27,2026,B,3.741388e-08,0.9994802,1.566634e-08,0.0005198194
C,28,2026,B,3.2066552e-08,0.99953747,1.46562655e-08,0.0004625619
C,29,2026,B,5.2583008e-08,0.99924785,1.49075e-08,0.00075216166
D,0,2026,OR,0.0036747486,0.25870883,1.1454713e-05,0.737605
D,1,2026,OR,0.0071365633,0.22846186,1.3098386e-05,0.7643885
D,2,2026,OR,0.012418346,0.17995895,1.4767493e-05,0.807608
D,3,2026,OR,0.012411211,0.16887675,1.5230313e-05,0.8186968
D,4,2026,OR,0.0094949715,0.1768781,1.4890791e-05,0.81361204
D,5,2026,OR,0.0081264125,0.20542812,1.4184526e-05,0.7864313
D,6,2026,OR,0.010672365,0.17351912,1.5423491e-05,0.8157931
D,7,2026,OR,0.010693555,0.15420769,1.5646992e-05,0.8350831
D,8,2026,OR,0.009199585,0.15158008,1.4616539e-05,0.83920574
D,9,2026,OR,0.009588333,0.15620054,1.42716e-05,0.83419687
D,10,2026,OR,0.011795895,0.12798232,1.6677743e-05,0.86020505
D,11,2026,OR,0.0111837555,0.1482677,1.594198e-05,0.8405326
D,12,2026,OR,0.005524046,0.17924343,1.4062108e-05,0.8152185
D,13,2026,OR,0.0046668453,0.19108725,1.3147318e-05,0.8042328
D,14,2026,OR,0.0061771544,0.18919297,1.3120883e-05,0.8046167
D,15,2026,OR,0.0074445936,0.16443911,1.4086256e-05,0.8281022
D,16,2026,OR,0.010869101,0.15892076,1.539066e-05,0.8301947
D,17,2026,OR,0.0076822536,0.19199006,1.3880933e-05,0.80031383
D,18,2026,OR,0.007215574,0.22688784,1.2836117e-05,0.7658838
D,19,2026,OR,0.009723551,0.21225937,1.3621889e-05,0.7780035
D,20,2026,OR,0.007918114,0.21257208,1.3342237e-05,0.77949643
D,21,2026,OR,0.0093184635,0.15539306,1.495921e-05,0.83527344
D,22,2026,OR,0.010900331,0.15111445,1.5568763e-05,0.8379697
D,23,2026,OR,0.008751191,0.182822,1.4245096e-05,0.8084125
D,24,2026,OR,0.0067079784,0.19462979,1.3257176e-05,0.798649
D,25,2026,OR,0.01050936,0.17495225,1.4891346e-05,0.8145235
D,26,2026,OR,0.011300713,0.15370515,1.5198266e-05,0.834979
D,27,2026,OR,0.009867402,0.18274911,1.4335067e-05,0.8073691
D,28,2026,OR,0.008486084,0.18034586,1.4366786e-05,0.81115365
D,29,2026,OR,0.008303902,0.16184616,1.4590747e-05,0.82983536
E,0,2026,B,9.16723e-09,0.9998098,1.12654206e-07,0.00019013246
E,1,2026,B,1.4254396e-08,0.9997137,6.776309e-08,0.00028617604
E,2,2026,B,9.314316e-09,0.99981815,6.657318e-08,0.00018176333
E,3,2026,B,8.6478895e-09,0.9998053,8.210712e-08,0.0001946876
E,4,2026,B,8.0564064e-07,0.98449796,1.6452593e-07,0.015501049
E,5,2026,B,4.940143e-07,0.9935275,1.04521746e-07,0.0064719524
E,6,2026,B,2.3826402e-08,0.9996106,5.0280658e-08,0.00038946985
E,7,2026,B,2.1918929e-08,0.99965537,3.8501952e-08,0.00034463234
E,8,2026,B,9.506617e-09,0.9998374,4.7247458e-08,0.00016260224
E,9,2026,B,9.724298e-09,0.99984443,4.25296e-08,0.00015548844
E,10,2026,B,2.526588e-08,0.9996736,4.2989615e-08,0.0003264632
E,11,2026,B,1.4935818e-08,0.99978346,4.5519556e-08,0.00021660105
E,12,2026,B,2.765547e-08,0.9995691,7.867108e-08,0.0004307697
E,13,2026,B,7.955575e-09,0.9998647,1.0054223e-07,0.00013511187
E,14,2026,B,6.8441905e-09,0.99985516,1.222341e-07,0.00014475246
E,15,2026,B,8.435022e-09,0.99984944,6.3595664e-08,0.00015044138
E,16,2026,B,3.1728064e-08,0.9995246,4.475526e-08,0.00047536852
E,17,2026,B,1.1114314e-07,0.9977865,1.3337748e-07,0.002213251
E,18,2026,B,8.307228e-08,0.99866176,7.605583e-08,0.0013380026
E,19,2026,B,6.565555e-08,0.99908626,6.976624e-08,0.00091355445
E,20,2026,B,1.3630106e-08,0.9997559,5.652497e-08,0.00024406357
E,21,2026,B,8.985909e-09,0.9998196,6.504587e-08,0.00018033327
E,22,2026,B,1.2746074e-08,0.9997243,8.1729716e-08,0.0002754978
E,23,2026,B,4.4931372e-08,0.999252,6.12409e-08,0.0007478718
E,24,2026,B,3.7099426e-08,0.9994018,6.9551604e-08,0.0005980317
E,25,2026,B,1.8021547e-08,0.9996488,8.3173106e-08,0.00035104543
E,26,2026,B,9.217762e-09,0.99981004,1.1116989e-07,0.00018986526
E,27,2026,B,8.309779e-08,0.99858165,8.8767614e-08,0.001418103
E,28,2026,B,3.0082663e-07,0.9953915,1.676498e-07,0.004608008
E,29,2026,B,1.0389946e-08,0.9998054,6.241879e-08,0.000194541
F,0,2026,OR,0.0015214917,0.18894918,1.4153332e-05,0.80951524
F,1,2026,OR,0.0017159749,0.1538017,1.534314e-05,0.844467
F,2,2026,OR,0.0010156404,0.15223576,1.7038665e-05,0.8467316
F,3,2026,OR,0.0006895936,0.18104774,1.6644202e-05,0.81824607
F,4,2026,OR,0.00060796284,0.20817545,1.520157e-05,0.79120135
F,5,2026,OR,0.0010184849,0.17190444,1.6229573e-05,0.8270609
F,6,2026,OR,0.0011549139,0.14566103,1.7526208e-05,0.8531665
F,7,2026,OR,0.000691694,0.21057306,1.530827e-05,0.7887199
F,8,2026,OR,0.0004630756,0.24515805,1.4848413e-05,0.754364
F,9,2026,OR,0.00056153594,0.23846863,1.473376e-05,0.76095504
F,10,2026,OR,0.00073046616,0.17001723,1.735163e-05,0.82923496
F,11,2026,OR,0.00083542935,0.22273888,1.3786464e-05,0.7764119
F,12,2026,OR,0.001227116,0.2041017,1.4260052e-05,0.7946569
F,13,2026,OR,0.0015606195,0.19440608,1.4554738e-05,0.80401874
F,14,2026,OR,0.0012075567,0.21320303,1.3925505e-05,0.78557545
F,15,2026,OR,0.0011975372,0.18574893,1.5657813e-05,0.81303793
F,16,2026,OR,0.001249628,0.19455913,1.5542983e-05,0.80417573
F,17,2026,OR,0.0014951577,0.1595541,1.6406897e-05,0.83893436
F,18,2026,OR,0.0015242437,0.14685187,1.642411e-05,0.8516075
F,19,2026,OR,0.0012806806,0.1468758,1.6404081e-05,0.85182714
F,20,2026,OR,0.0012679581,0.1332283,1.7453205e-05,0.86548626
F,21,2026,OR,0.0013133746,0.14361411,1.6894317e-05,0.85505563
F,22,2026,OR,0.0011640053,0.19106889,1.53678e-05,0.8077518
F,23,2026,OR,0.0009758398,0.19356975,1.5625195e-05,0.8054388
F,24,2026,OR,0.0012568765,0.19908917,1.535445e-05,0.7996386
F,25,2026,OR,0.0007871806,0.20848736,1.6347574e-05,0.7907091
F,26,2026,OR,0.0009237041,0.17234354,1.7701197e-05,0.82671505
F,27,2026,OR,0.0005727689,0.20376812,1.7243543e-05,0.79564184
F,28,2026,OR,0.00070374616,0.22260536,1.5891706e-05,0.776675
F,29,2026,OR,0.0011379583,0.17021641,1.764503e-05,0.828628
G,0,2026,OR,9.57614e-05,0.39544007,9.547557e-06,0.60445464
G,1,2026,OR,0.00013852197,0.28976893,9.319347e-06,0.71008325
G,2,2026,B,4.1077645e-05,0.62423164,6.162231e-06,0.3757212
G,3,2026,B,3.1915653e-05,0.6142114,7.1377513e-06,0.38574955
G,4,2026,OR,6.612427e-05,0.49346563,7.950838e-06,0.50646037
G,5,2026,OR,0.00010386937,0.47077394,6.3314637e-06,0.52911586
G,6,2026,OR,0.000111798465,0.4030053,8.18986e-06,0.59687465
G,7,2026,OR,7.540771e-05,0.39803562,1.0439886e-05,0.6018785
G,8,2026,B,4.8931688e-05,0.52014947,7.948182e-06,0.47979367
G,9,2026,B,7.1523675e-05,0.5276447,6.5309414e-06,0.47227722
G,10,2026,B,4.4781806e-05,0.55150163,4.9632963e-06,0.4484487
G,11,2026,B,2.2765063e-05,0.6069156,5.5222013e-06,0.39305615
G,12,2026,B,4.996308e-05,0.60175323,6.5787654e-06,0.39819023
G,13,2026,B,2.5523903e-05,0.6821295,5.636527e-06,0.31783938
G,14,2026,B,6.303792e-05,0.53769207,5.577029e-06,0.46223935
G,15,2026,B,6.080742e-05,0.5332459,6.170308e-06,0.4666871
G,16,2026,OR,7.9194055e-05,0.39806736,9.598555e-06,0.60184383
G,17,2026,OR,0.00012696606,0.30995864,1.194627e-05,0.6899024
G,18,2026,B,3.9393122e-05,0.6678565,4.924941e-06,0.33209914
G,19,2026,B,3.1806754e-05,0.7062293,4.718549e-06,0.29373413
G,20,2026,B,5.3667485e-05,0.5845034,7.197221e-06,0.41543582
G,21,2026,B,4.993446e-05,0.587552,6.892707e-06,0.41239116
G,22,2026,OR,9.097355e-05,0.39894336,8.781328e-06,0.60095686
G,23,2026,OR,7.628277e-05,0.4413789,7.738012e-06,0.5585371
G,24,2026,B,2.6480759e-05,0.5603529,8.136785e-06,0.4396124
G,25,2026,B,2.2784492e-05,0.57342416,6.6693515e-06,0.42654634
G,26,2026,B,3.25937e-05,0.60132974,5.261651e-06,0.3986324
G,27,2026,B,4.3455777e-05,0.693167,4.0904433e-06,0.3067855
G,28,2026,B,5.613221e-05,0.54316455,7.906989e-06,0.45677143
G,29,2026,OR,9.3506555e-05,0.44483653,7.969142e-06,0.55506206
H,0,2026,OR,5.017308e-05,0.04641471,0.00016242365,0.95337266
H,1,2026,OR,5.1723327e-05,0.049476076,0.00012291314,0.95034933
H,2,2026,OR,4.2046417e-05,0.079502776,0.000119934426,0.92033523
H,3,2026,OR,5.319634e-05,0.046810754,0.00013587427,0.9530002
H,4,2026,OR,7.258099e-05,0.023656594,0.00011006956,0.97616076
H,5,2026,OR,5.9241094e-05,0.050527845,0.00010014316,0.94931275
H,6,2026,OR,6.2189116e-05,0.062374324,9.349476e-05,0.93746996
H,7,2026,OR,7.290844e-05,0.03785831,9.006795e-05,0.9619787
H,8,2026,OR,5.21857e-05,0.05450133,0.00011947944,0.94532704
H,9,2026,OR,4.568821e-05,0.068928316,0.00012525276,0.93090075
H,10,2026,OR,3.8884216e-05,0.083981186,0.00012460382,0.9158553
H,11,2026,OR,4.3656186e-05,0.064232066,0.00012357857,0.9356007
H,12,2026,OR,5.222176e-05,0.047457647,0.000112829344,0.9523773
H,13,2026,OR,7.012539e-05,0.031961326,0.00010416874,0.96786433
H,14,2026,OR,7.4922864e-05,0.025859546,0.00010617018,0.9739594
H,15,2026,OR,4.866569e-05,0.049427424,0.00014697967,0.95037687
H,16,2026,OR,6.693446e-05,0.040141974,0.00010984104,0.9596812
H,17,2026,OR,7.472704e-05,0.04159827,8.83025e-05,0.95823866
H,18,2026,OR,5.7672332e-05,0.06790484,8.368171e-05,0.9319537
H,19,2026,OR,6.1365216e-05,0.0429721,0.00010251749,0.95686406
H,20,2026,OR,4.924925e-05,0.051051963,0.00013577589,0.9487631
H,21,2026,OR,3.9244325e-05,0.07531674,0.00013250746,0.92451155
H,22,2026,OR,3.728532e-05,0.10268129,0.00011063101,0.8971708
H,23,2026,OR,3.328573e-05,0.14532901,8.884748e-05,0.8545489
H,24,2026,OR,5.136782e-05,0.07023014,9.5836745e-05,0.92962265
H,25,2026,OR,6.4052605e-05,0.039124176,0.0001031747,0.9607086
H,26,2026,OR,5.2060353e-05,0.06901657,9.574772e-05,0.93083566
H,27,2026,OR,4.9986516e-05,0.072594695,0.000102660015,0.92725265
H,28,2026,OR,6.517645e-05,0.046512596,0.00010499417,0.9533172
H,29,2026,OR,5.548086e-05,0.066724636,0.00011105135,0.9331088
I,0,2026,B,1.04307624e-07,0.9980494,2.2573126e-08,0.0019504746
I,1,2026,B,1.8680647e-07,0.9968303,1.8368427e-08,0.003169505
I,2,2026,B,9.5945644e-08,0.99811816,2.1728294e-08,0.0018817199
I,3,2026,B,3.5417406e-07,0.9936783,3.38714e-08,0.0063213375
I,4,2026,B,7.0067296e-07,0.9896248,5.2992842e-08,0.010374522
I,5,2026,B,1.2565344e-07,0.9975406,2.3914966e-08,0.0024592606
I,6,2026,B,1.1365247e-07,0.99795294,1.9595545e-08,0.002046861
I,7,2026,B,7.4409094e-08,0.9983735,1.9431777e-08,0.0016263166
I,8,2026,B,6.412562e-08,0.9987552,2.107596e-08,0.0012446872
I,9,2026,B,9.974633e-08,0.9981406,2.465121e-08,0.0018593229
I,10,2026,B,6.223492e-08,0.99856526,2.0948884e-08,0.0014346156
I,11,2026,B,8.2565016e-08,0.99828595,2.2432529e-08,0.0017139028
I,12,2026,B,1.0120168e-07,0.99798894,2.1877298e-08,0.0020109343
I,13,2026,B,1.8555407e-07,0.9965056,2.1262165e-08,0.0034941658
I,14,2026,B,9.3589193e-07,0.9866324,4.0602533e-08,0.013366651
I,15,2026,B,1.9828725e-07,0.9968016,2.9563584e-08,0.0031981077
I,16,2026,B,9.886869e-08,0.99801207,2.2548873e-08,0.0019877586
I,17,2026,B,7.597672e-08,0.9985806,1.9623506e-08,0.0014192649
I,18,2026,B,9.863625e-08,0.9982462,1.8993525e-08,0.0017536748
I,19,2026,B,2.3702347e-07,0.996342,2.656668e-08,0.0036577913
I,20,2026,B,3.3096694e-07,0.9947184,3.531967e-08,0.005281282
I,21,2026,B,2.2957008e-07,0.9959402,2.5621617e-08,0.0040595504
I,22,2026,B,6.547849e-08,0.99838936,2.6139304e-08,0.0016105474
I,23,2026,B,6.582997e-08,0.99833566,2.6332552e-08,0.0016643052
I,24,2026,B,1.2744067e-07,0.9974962,2.9170723e-08,0.0025036365
I,25,2026,B,2.5238452e-07,0.9956078,2.626992e-08,0.004392002
I,26,2026,B,2.5298834e-07,0.99582016,3.6201172e-08,0.0041795485
I,27,2026,B,2.513134e-07,0.9954182,3.470469e-08,0.0045815725
I,28,2026,B,9.1045695e-07,0.9876031,5.8228995e-08,0.012395939
I,29,2026,B,1.263507e-06,0.983466,7.1116915e-08,0.016532643
J,0,2026,B,1.1830889e-08,0.9997788,2.2493815e-08,0.00022119441
J,1,2026,B,2.5976036e-08,0.9996069,1.2304122e-08,0.0003931459
J,2,2026,B,3.3883634e-08,0.9994936,1.1945771e-08,0.0005063337
J,3,2026,B,1.8668176e-08,0.9996551,1.4819719e-08,0.000344819
J,4,2026,B,2.059759e-08,0.9996469,1.4519716e-08,0.0003530816
J,5,2026,B,2.2191044e-08,0.999653,1.271559e-08,0.00034705302
J,6,2026,B,2.1800146e-08,0.99964976,1.4494356e-08,0.00035025575
J,7,2026,B,1.7893097e-08,0.99968827,1.454851e-08,0.00031177414
J,8,2026,B,1.484933e-08,0.99974006,1.5579428e-08,0.00025992288
J,9,2026,B,1.846766e-08,0.99967444,1.3261959e-08,0.00032556587
J,10,2026,B,2.7037107e-08,0.9995808,1.1282401e-08,0.00041918491
J,11,2026,B,2.2951433e-08,0.9996227,1.1261932e-08,0.00037724752
J,12,2026,B,2.071121e-08,0.99964345,1.1423994e-08,0.0003564882
J,13,2026,B,3.071636e-08,0.9995091,1.1915758e-08,0.00049094186
J,14,2026,B,1.5536157e-08,0.99972254,1.6324137e-08,0.00027745473
J,15,2026,B,1.2726842e-08,0.9997631,1.8983132e-08,0.00023696286
J,16,2026,B,1.5995107e-08,0.99973124,1.39352245e-08,0.00026870845
J,17,2026,B,3.239174e-08,0.99946874,1.0847369e-08,0.0005312491
J,18,2026,B,2.1429662e-08,0.99961615,1.5645924e-08,0.00038384303
J,19,2026,B,1.6928768e-08,0.99970573,1.6862737e-08,0.00029426784
J,20,2026,B,1.9987734e-08,0.9996438,1.566998e-08,0.00035622375
J,21,2026,B,3.7842177e-08,0.99942255,1.1203828e-08,0.0005774337
J,22,2026,B,3.440695e-08,0.9994697,1.092762e-08,0.0005303516
J,23,2026,B,1.9362801e-08,0.9996209,1.37765825e-08,0.00037907294
J,24,2026,B,1.5852185e-08,0.9997125,1.5417216e-08,0.00028748217
J,25,2026,B,1.1346721e-08,0.9997876,2.4817103e-08,0.00021236631
J,26,2026,B,1.2764126e-08,0.99976057,2.2811962e-08,0.00023948975
J,27,2026,B,1.6539143e-08,0.9996966,1.5547107e-08,0.00030343304
J,28,2026,B,1.542721e-08,0.9997063,1.7563437e-08,0.00029366135
J,29,2026,B,1.4698072e-08,0.9997136,1.982926e-08,0.00028634118
K,0,2026,OR,1.0863024e-05,0.124808274,0.002095338,0.8730855
K,1,2026,OR,1.026088e-05,0.11947855,0.0032510362,0.87726015
K,2,2026,OR,1.1972879e-05,0.09540912,0.0034026224,0.90117633
K,3,2026,OR,1.21211215e-05,0.10113761,0.00213683,0.89671344
K,4,2026,OR,9.964823e-06,0.17244229,0.0011821362,0.8263656
K,5,2026,OR,9.029696e-06,0.19058993,0.0015230837,0.80787796
K,6,2026,OR,8.2601455e-06,0.20407343,0.001598066,0.7943202
K,7,2026,OR,1.1052334e-05,0.13563803,0.0018302777,0.8625206
K,8,2026,OR,1.1561928e-05,0.12923518,0.0016339472,0.8691193
K,9,2026,OR,1.0083619e-05,0.14159106,0.0018990815,0.85649973
K,10,2026,OR,1.07255255e-05,0.13651423,0.0020044877,0.86147064
K,11,2026,OR,1.0792249e-05,0.13381113,0.0021065192,0.86407155
K,12,2026,OR,9.542588e-06,0.1293632,0.0031701059,0.86745715
K,13,2026,OR,8.999996e-06,0.15710674,0.0027228135,0.84016144
K,14,2026,OR,9.450345e-06,0.16152848,0.0018962048,0.83656585
K,15,2026,OR,1.0321675e-05,0.16150336,0.0011701535,0.8373161
K,16,2026,OR,1.0324429e-05,0.1736707,0.0008988401,0.82542014
K,17,2026,OR,1.0054099e-05,0.18307397,0.0008510451,0.81606495
K,18,2026,OR,1.0825882e-05,0.15854517,0.00098179,0.8404622
K,19,2026,OR,1.1977549e-05,0.12981394,0.0012736308,0.8689004
K,20,2026,OR,1.1022822e-05,0.13926995,0.0014796337,0.8592394
K,21,2026,OR,1.04970395e-05,0.15376094,0.0012246264,0.84500396
K,22,2026,OR,1.133976e-05,0.13428219,0.0014414393,0.864265
K,23,2026,OR,1.1913727e-05,0.123399556,0.0014361438,0.8751524
K,24,2026,OR,9.7988e-06,0.1378162,0.0018397815,0.8603342
K,25,2026,OR,8.072324e-06,0.18368156,0.0016460908,0.8146643
K,26,2026,OR,9.6320955e-06,0.18664661,0.0008442913,0.8124994
K,27,2026,OR,1.0219279e-05,0.18330514,0.00091057824,0.8157741
K,28,2026,OR,8.002491e-06,0.2541285,0.00092274114,0.74494076
K,29,2026,OR,7.821893e-06,0.24879082,0.0011788352,0.75002253
L,0,2026,OR,0.00023053307,0.25430775,1.0761158e-05,0.745451
L,1,2026,OR,0.00026309773,0.3573016,9.651343e-06,0.64242566
L,2,2026,OR,0.0002480996,0.3096924,1.1980447e-05,0.6900475
L,3,2026,OR,0.00024582582,0.25531694,1.1469479e-05,0.7444258
L,4,2026,OR,0.00023712899,0.28554934,1.0157842e-05,0.7142033
L,5,2026,OR,0.00015339493,0.46809658,7.423543e-06,0.5317426
L,6,2026,OR,0.00014296884,0.48242834,7.457287e-06,0.51742125
L,7,2026,OR,0.00043995,0.33914536,9.553934e-06,0.66040516
L,8,2026,OR,0.00066033757,0.2844391,1.1831507e-05,0.7148888
L,9,2026,OR,0.00030175745,0.39363185,9.091747e-06,0.60605735
L,10,2026,OR,0.0002465917,0.39896154,8.720837e-06,0.6007831
L,11,2026,OR,0.00024932044,0.2842307,9.748739e-06,0.71551025
L,12,2026,OR,0.0002452526,0.3621439,9.328721e-06,0.63760155
L,13,2026,OR,0.00017873353,0.44748655,8.849905e-06,0.55232584
L,14,2026,OR,0.00016076684,0.41436744,7.864177e-06,0.585464
L,15,2026,OR,0.0002155797,0.3746455,8.138212e-06,0.6251307
L,16,2026,OR,0.00030940087,0.24861972,1.1042584e-05,0.75105983
L,17,2026,OR,0.00027060832,0.3440146,8.890276e-06,0.65570587
L,18,2026,OR,0.00026542725,0.43610123,6.868005e-06,0.56362647
L,19,2026,OR,0.00021514484,0.3519421,9.855926e-06,0.6478329
L,20,2026,OR,0.00020181287,0.28879884,1.2428345e-05,0.710987
L,21,2026,OR,0.00031746217,0.26046485,1.1476569e-05,0.7392062
L,22,2026,OR,0.00033957203,0.27695763,1.1764508e-05,0.7226911
L,23,2026,OR,0.00025296473,0.2947792,1.1153074e-05,0.70495665
L,24,2026,OR,0.00024239725,0.33373898,1.09906805e-05,0.6660076
L,25,2026,OR,0.00040681142,0.33367825,1.05281815e-05,0.66590446
L,26,2026,OR,0.0005382749,0.2936966,1.2360708e-05,0.70575273
L,27,2026,OR,0.00046091664,0.25631756,1.23190675e-05,0.7432092
L,28,2026,OR,0.0002267052,0.34244123,1.0133466e-05,0.65732193
L,29,2026,OR,0.00018722269,0.25849733,1.19145025e-05,0.7413036
M,0,2026,OR,1.7960374e-05,0.049271725,0.0012477068,0.94946253
M,1,2026,OR,1.5757378e-05,0.061032597,0.0014619896,0.9374897
M,2,2026,OR,1.5282529e-05,0.05266832,0.0019067045,0.9454097
M,3,2026,OR,1.6686183e-05,0.03989916,0.002487817,0.9575963
M,4,2026,OR,1.90275e-05,0.03747338,0.0019564356,0.9605512
M,5,2026,OR,1.7322667e-05,0.046551622,0.0016340883,0.95179695
M,6,2026,OR,1.8592922e-05,0.05422884,0.0011792211,0.9445734
M,7,2026,OR,1.6148862e-05,0.054533508,0.0017964806,0.9436538
M,8,2026,OR,1.5123775e-05,0.050951943,0.0027208403,0.94631207
M,9,2026,OR,1.76441e-05,0.037998248,0.0026427663,0.9593413
M,10,2026,OR,1.6223205e-05,0.044542823,0.0023692467,0.95307165
M,11,2026,OR,1.3902877e-05,0.077030264,0.0014229759,0.92153287
M,12,2026,OR,1.8343506e-05,0.06183021,0.0010463623,0.9371051
M,13,2026,OR,1.7641623e-05,0.047881633,0.0014427932,0.95065796
M,14,2026,OR,1.536311e-05,0.055626806,0.0015077372,0.9428501
M,15,2026,OR,1.586579e-05,0.0568169,0.001692802,0.94147444
M,16,2026,OR,1.4917362e-05,0.04945064,0.0021477498,0.94838667
M,17,2026,OR,1.3889791e-05,0.049409624,0.0022455053,0.948331
M,18,2026,OR,1.5574993e-05,0.05002479,0.0017588233,0.94820076
M,19,2026,OR,1.6429834e-05,0.05596665,0.0015428958,0.94247407
M,20,2026,OR,1.5618716e-05,0.062269717,0.0015641912,0.93615043
M,21,2026,OR,1.7358436e-05,0.047266666,0.0016967691,0.9510192
M,22,2026,OR,1.718737e-05,0.04830214,0.0015378001,0.95014286
M,23,2026,OR,1.907755e-05,0.055511408,0.0009627953,0.9435067
M,24,2026,OR,1.6692755e-05,0.06278773,0.0010904026,0.9361052
M,25,2026,OR,1.4535027e-05,0.060164254,0.0016658985,0.93815535
M,26,2026,OR,1.7991153e-05,0.056009986,0.0011948852,0.9427771
M,27,2026,OR,1.4764427e-05,0.06398564,0.0015872316,0.9344123
M,28,2026,OR,1.402841e-05,0.07230211,0.0015135976,0.92617023
M,29,2026,OR,1.4901615e-05,0.06986665,0.001557403,0.928561
N,0,2026,B,6.8778625e-08,0.99886537,1.1820486e-08,0.0011344963
N,1,2026,B,1.8231735e-07,0.99699664,1.6862842e-08,0.0030031055
N,2,2026,B,5.4065453e-08,0.99895525,1.2680325e-08,0.0010446805
N,3,2026,B,3.559353e-08,0.9993042,1.2264858e-08,0.0006957786
N,4,2026,B,6.057261e-08,0.9991001,9.067753e-09,0.00089984713
N,5,2026,B,5.866655e-08,0.9990884,8.8072065e-09,0.00091161387
N,6,2026,B,3.5298342e-07,0.99405646,3.228159e-08,0.0059431596
N,7,2026,B,3.540973e-08,0.9994331,9.590246e-09,0.0005668679
N,8,2026,B,3.0262896e-08,0.9995191,8.605715e-09,0.00048094368
N,9,2026,B,3.2624877e-07,0.99518543,2.2720048e-08,0.004814229
N,10,2026,B,3.985668e-08,0.9992749,1.0249834e-08,0.00072505366
N,11,2026,B,3.3610608e-08,0.99936265,1.1207836e-08,0.00063735613
N,12,2026,B,2.2077072e-07,0.99620134,2.224425e-08,0.003798433
N,13,2026,B,8.6221476e-08,0.9984786,1.25104505e-08,0.0015213201
N,14,2026,B,5.531144e-08,0.9989735,1.2388112e-08,0.0010264877
N,15,2026,B,1.9771892e-07,0.9962543,2.6781116e-08,0.0037454462
N,16,2026,B,6.848505e-08,0.99886227,8.57016e-09,0.0011376016
N,17,2026,B,5.7159433e-08,0.9990355,8.577158e-09,0.00096458994
N,18,2026,B,2.1264279e-07,0.9964625,2.4449477e-08,0.0035372516
N,19,2026,B,1.7987425e-08,0.99967813,9.532426e-09,0.00032192175
N,20,2026,B,1.755383e-08,0.9996915,9.143287e-09,0.00030853978
N,21,2026,B,3.0186277e-07,0.9951338,2.4335606e-08,0.0048658475
N,22,2026,B,2.461887e-07,0.9963953,1.5440477e-08,0.0036045252
N,23,2026,B,2.4643774e-07,0.99643916,1.4603229e-08,0.0035605943
N,24,2026,B,4.3899527e-07,0.9928271,3.33817e-08,0.0071723745
N,25,2026,B,2.6364658e-08,0.9995148,9.53127e-09,0.00048514214
N,26,2026,B,2.438199e-08,0.9995859,8.604173e-09,0.00041412463
N,27,2026,B,1.84739e-07,0.9975865,1.40701e-08,0.0024132524
N,28,2026,B,2.69902e-07,0.9961593,1.872371e-08,0.0038403822
N,29,2026,B,9.627939e-08,0.99845064,1.2590578e-08,0.0015492152
O,0,2026,B,1.816813e-05,0.7657039,3.526405e-06,0.23427431
O,1,2026,B,5.924455e-06,0.89311826,2.374742e-06,0.1068734
O,2,2026,B,1.0001495e-05,0.85547864,2.448703e-06,0.14450887
O,3,2026,B,9.038447e-05,0.54045826,6.8863615e-06,0.4594445
O,4,2026,B,8.570428e-05,0.5619237,6.854973e-06,0.4379838
O,5,2026,B,7.3044575e-05,0.6279991,5.6339095e-06,0.37192214
O,6,2026,B,3.2477823e-05,0.66516674,6.698701e-06,0.33479407
O,7,2026,B,3.8457096e-05,0.68019396,5.5640867e-06,0.31976208
O,8,2026,B,3.0714193e-05,0.70794636,4.7453605e-06,0.29201815
O,9,2026,B,4.762253e-05,0.598301,5.6351178e-06,0.4016458
O,10,2026,B,5.382472e-05,0.6202755,6.491234e-06,0.37966415
O,11,2026,B,2.5993111e-05,0.7600051,4.788355e-06,0.2399641
O,12,2026,B,3.4671153e-05,0.6741285,5.905453e-06,0.32583106
O,13,2026,B,4.4180728e-05,0.6501788,5.2948735e-06,0.34977177
O,14,2026,B,3.1289565e-05,0.5981833,8.142233e-06,0.40177727
O,15,2026,B,3.3638476e-05,0.571768,9.701749e-06,0.42818868
O,16,2026,B,4.3719265e-05,0.6285988,6.2333916e-06,0.3713513
O,17,2026,B,4.245534e-05,0.54751533,7.4243494e-06,0.4524348
O,18,2026,B,3.1958254e-05,0.6520989,6.014584e-06,0.34786317
O,19,2026,B,3.428783e-05,0.5546337,9.505998e-06,0.44532248
O,20,2026,B,3.1768446e-05,0.5614365,9.342293e-06,0.4385223
O,21,2026,B,4.0216986e-05,0.5960272,6.456287e-06,0.40392613
O,22,2026,B,0.00010613899,0.52631485,5.9274316e-06,0.47357315
O,23,2026,B,3.6842357e-05,0.5689629,7.3544584e-06,0.430993
O,24,2026,B,5.979943e-05,0.6117704,6.2451527e-06,0.3881635
O,25,2026,B,2.3400884e-05,0.7131884,5.550157e-06,0.2867826
O,26,2026,B,4.218596e-05,0.64023215,5.5532705e-06,0.35972005
O,27,2026,B,6.3488864e-05,0.593323,6.4426185e-06,0.40660712
O,28,2026,B,4.6549034e-05,0.70378304,4.42906e-06,0.296166
O,29,2026,B,0.00010543324,0.5962566,5.248491e-06,0.4036327
P,0,2026,OR,0.0077057895,0.18379267,1.3488376e-05,0.808488
P,1,2026,OR,0.0055003515,0.22266836,1.2044358e-05,0.7718192
P,2,2026,OR,0.006193717,0.20176739,1.2797826e-05,0.7920261
P,3,2026,OR,0.008729997,0.1616738,1.4665455e-05,0.8295815
P,4,2026,OR,0.011254816,0.13997993,1.615272e-05,0.84874916
P,5,2026,OR,0.010585342,0.13386,1.5263473e-05,0.8555394
P,6,2026,OR,0.00934669,0.15995404,1.4606612e-05,0.8306846
P,7,2026,OR,0.010920104,0.15789989,1.4542534e-05,0.83116543
P,8,2026,OR,0.0096148485,0.14269218,1.4564812e-05,0.8476784
P,9,2026,OR,0.0082102725,0.17306411,1.4217901e-05,0.8187114
P,10,2026,OR,0.010298719,0.16243485,1.45228005e-05,0.827252
P,11,2026,OR,0.00841318,0.13708767,1.4638119e-05,0.85448456
P,12,2026,OR,0.006018394,0.19802867,1.2657139e-05,0.7959403
P,13,2026,OR,0.0073282043,0.20699525,1.272711e-05,0.78566384
P,14,2026,OR,0.009206119,0.1480229,1.4708956e-05,0.8427563
P,15,2026,OR,0.005559385,0.20283382,1.2527765e-05,0.7915942
P,16,2026,OR,0.007576685,0.18591785,1.311915e-05,0.8064924
P,17,2026,OR,0.011294763,0.12635367,1.611693e-05,0.86233544
P,18,2026,OR,0.008781074,0.15640035,1.45173735e-05,0.83480406
P,19,2026,OR,0.009254087,0.17094016,1.4068651e-05,0.8197916
P,20,2026,OR,0.006939495,0.18706447,1.3325823e-05,0.80598265
P,21,2026,OR,0.007655218,0.17505391,1.3304817e-05,0.81727767
P,22,2026,OR,0.01127198,0.15677887,1.4465034e-05,0.8319347
P,23,2026,OR,0.009122645,0.19450499,1.2728842e-05,0.79635966
P,24,2026,OR,0.007840494,0.2135548,1.2543568e-05,0.77859217
P,25,2026,OR,0.0091272425,0.17094433,1.409297e-05,0.8199144
P,26,2026,OR,0.010542174,0.14734393,1.5040342e-05,0.84209883
P,27,2026,OR,0.007518228,0.15551248,1.4563245e-05,0.8369547
P,28,2026,OR,0.0061920313,0.15945438,1.413775e-05,0.83433944
P,29,2026,OR,0.007946403,0.14787526,1.4627022e-05,0.84416366
A,0,2027,OR,1.7214663e-05,0.007826734,2.6118573e-07,0.9921558
A,1,2027,OR,1.6894637e-05,0.006191352,2.4700012e-07,0.9937915
A,2,2027,OR,1.7630873e-05,0.0044876905,2.4761053e-07,0.99549437
A,3,2027,OR,1.6896423e-05,0.005557132,2.5146778e-07,0.99442565
A,4,2027,OR,1.5729462e-05,0.0072326,2.7526224e-07,0.99275136
A,5,2027,OR,1.6952294e-05,0.0063633495,2.7293615e-07,0.9936194
A,6,2027,OR,1.65222e-05,0.006117907,2.626305e-07,0.9938653
A,7,2027,OR,1.5953381e-05,0.006710721,2.890619e-07,0.993273
A,8,2027,OR,1.9229039e-05,0.005369613,2.1437879e-07,0.9946109
A,9,2027,OR,2.175652e-05,0.0036262358,2.1354072e-07,0.99635184
A,10,2027,OR,2.2402746e-05,0.0037692247,2.0052315e-07,0.9962082
A,11,2027,OR,2.367814e-05,0.0045406935,1.7009032e-07,0.9954354
A,12,2027,OR,1.8744924e-05,0.0042227115,2.73368e-07,0.99575824
A,13,2027,OR,2.0578464e-05,0.004874768,1.8592954e-07,0.99510443
A,14,2027,OR,1.9605965e-05,0.005093836,1.9140435e-07,0.99488634
A,15,2027,OR,1.7665974e-05,0.0052492726,2.135358e-07,0.99473286
A,16,2027,OR,1.5602656e-05,0.0051908023,2.4334437e-07,0.99479336
A,17,2027,OR,1.5670945e-05,0.0055879224,2.9304022e-07,0.9943961
A,18,2027,OR,1.4600091e-05,0.0064939847,3.1244738e-07,0.9934911
A,19,2027,OR,1.6472906e-05,0.006063065,2.879594e-07,0.9939202
A,20,2027,OR,1.8424265e-05,0.0052544395,2.1621423e-07,0.99472696
A,21,2027,OR,2.087743e-05,0.003636938,1.7174058e-07,0.996342
A,22,2027,OR,1.995785e-05,0.0040067895,1.9106564e-07,0.99597305
A,23,2027,OR,1.6541018e-05,0.0048038056,2.4030683e-07,0.9951794
A,24,2027,OR,1.6710092e-05,0.004739414,2.6184375e-07,0.9952436
A,25,2027,OR,1.8818431e-05,0.004226581,2.0831156e-07,0.99575436
A,26,2027,OR,1.9588177e-05,0.0047635757,1.7164088e-07,0.9952167
A,27,2027,OR,1.5476231e-05,0.00602544,2.6701136e-07,0.99395883
A,28,2027,OR,1.6566912e-05,0.0061654397,2.0136804e-07,0.99381775
A,29,2027,OR,1.57199e-05,0.00593152,2.6630406e-07,0.99405247
B,0,2027,OR,2.4173502e-05,0.0046024867,7.158858e-08,0.9953733
B,1,2027,OR,1.994089e-05,0.0025045073,7.397695e-08,0.99747545
B,2,2027,OR,1.18848e-05,0.0040921154,9.072098e-08,0.995896
B,3,2027,OR,8.710005e-06,0.008731252,1.1258896e-07,0.9912599
B,4,2027,OR,1.3617393e-05,0.012930078,9.6507264e-08,0.98705626
B,5,2027,OR,9.330975e-06,0.016341247,1.0936796e-07,0.9836494
B,6,2027,OR,2.0875812e-05,0.020002434,8.431526e-08,0.97997665
B,7,2027,OR,3.130305e-05,0.0049480256,6.850787e-08,0.9950206
B,8,2027,OR,1.720146e-05,0.005364076,7.4149895e-08,0.99461865
B,9,2027,OR,2.4003997e-05,0.00773253,8.4732804e-08,0.99224335
B,10,2027,OR,2.7648517e-05,0.009480737,8.2294335e-08,0.99049145
B,11,2027,OR,1.5649754e-05,0.029257437,1.1892188e-07,0.9707267
B,12,2027,OR,1.5368045e-05,0.028556867,1.364043e-07,0.9714276
B,13,2027,OR,7.755573e-06,0.006861972,8.4240234e-08,0.99313015
B,14,2027,OR,7.600749e-06,0.0053071124,7.4105934e-08,0.9946852
B,15,2027,OR,3.3176708e-05,0.007376773,8.9060954e-08,0.99258995
B,16,2027,OR,1.8947734e-05,0.0064991782,6.849527e-08,0.9934818
B,17,2027,OR,2.3076464e-05,0.005826301,6.604837e-08,0.9941506
B,18,2027,OR,2.6835361e-05,0.009830835,8.643922e-08,0.9901423
B,19,2027,OR,1.2777007e-05,0.0113744885,1.1020383e-07,0.9886126
B,20,2027,OR,1.1115155e-05,0.014719553,1.3282776e-07,0.98526925
B,21,2027,OR,2.7564061e-05,0.01675664,1.0423586e-07,0.98321563
B,22,2027,OR,1.3933004e-05,0.01192521,1.1836204e-07,0.9880607
B,23,2027,OR,1.4539109e-05,0.0109515,1.12686564e-07,0.9890338
B,24,2027,OR,1.7834995e-05,0.013578673,9.8673105e-08,0.98640335
B,25,2027,OR,1.699705e-05,0.0038665065,6.565758e-08,0.9961164
B,26,2027,OR,1.338635e-05,0.0058266115,7.183896e-08,0.99415994
B,27,2027,OR,2.0069661e-05,0.01470467,9.3715926e-08,0.98527515
B,28,2027,OR,1.2510877e-05,0.021521077,9.4718374e-08,0.97846633
B,29,2027,OR,9.496405e-06,0.010612051,1.01673926e-07,0.9893784
C,0,2027,B,3.3717055e-07,0.6056172,4.1136627e-06,0.39437833
C,1,2027,B,2.3107056e-07,0.81385267,4.048295e-06,0.1861431
C,2,2027,B,2.2842609e-07,0.8670215,3.466333e-06,0.1329748
C,3,2027,B,2.624072e-07,0.85142875,2.9699531e-06,0.14856802
C,4,2027,B,2.603322e-07,0.8334287,2.7531864e-06,0.16656822
C,5,2027,B,3.6378125e-07,0.5735279,3.8057274e-06,0.42646793
C,6,2027,B,3.8692374e-07,0.50902927,3.7820244e-06,0.49096656
C,7,2027,B,2.2684203e-07,0.8034837,2.8619365e-06,0.19651318
C,8,2027,B,2.790638e-07,0.71305233,3.1672523e-06,0.28694427
C,9,2027,B,2.7297764e-07,0.73666453,3.3141982e-06,0.26333186
C,10,2027,B,2.4293624e-07,0.77849185,3.2007165e-06,0.22150472
C,11,2027,B,3.030357e-07,0.6500409,3.2397104e-06,0.3499555
C,12,2027,B,3.003314e-07,0.7100664,2.5288257e-06,0.28993067
C,13,2027,B,2.8164587e-07,0.7597481,3.306757e-06,0.24024835
C,14,2027,B,3.434055e-07,0.6328151,4.7275507e-06,0.36717975
C,15,2027,B,2.5541084e-07,0.78000253,3.5056335e-06,0.21999365
C,16,2027,B,2.6960086e-07,0.7535949,2.3876237e-06,0.24640241
C,17,2027,B,3.142529e-07,0.642575,2.7017086e-06,0.357422
C,18,2027,B,3.120216e-07,0.6903437,2.6359724e-06,0.30965343
C,19,2027,B,3.0006686e-07,0.73874307,3.2731273e-06,0.26125342
C,20,2027,B,3.2479693e-07,0.65368587,3.1204909e-06,0.3463107
C,21,2027,B,3.4728131e-07,0.6645092,3.5600456e-06,0.33548698
C,22,2027,B,2.89865e-07,0.770253,3.3005285e-06,0.22974342
C,23,2027,B,2.979235e-07,0.64637864,3.8724206e-06,0.35361722
C,24,2027,OR,3.9432607e-07,0.47497907,4.0823375e-06,0.52501637
C,25,2027,B,3.2415505e-07,0.65702885,4.2711313e-06,0.34296656
C,26,2027,B,3.014096e-07,0.7057374,3.4422635e-06,0.29425883
C,27,2027,B,3.266659e-07,0.6789034,2.7559192e-06,0.32109353
C,28,2027,B,2.8967685e-07,0.7290071,2.4182516e-06,0.27099013
C,29,2027,B,3.6630712e-07,0.5846626,2.1916724e-06,0.41533482
D,0,2027,OR,0.0005561548,0.0072338,1.7966502e-07,0.9922099
D,1,2027,OR,0.0008837952,0.007306708,2.0906774e-07,0.9918093
D,2,2027,OR,0.0012081865,0.006212344,2.2382294e-07,0.9925793
D,3,2027,OR,0.0012139278,0.00596606,2.2550569e-07,0.9928197
D,4,2027,OR,0.0009781404,0.0059120497,2.1361757e-07,0.9931096
D,5,2027,OR,0.0009143226,0.0064395387,2.1016886e-07,0.992646
D,6,2027,OR,0.0010290968,0.0056938324,2.1574053e-07,0.9932768
D,7,2027,OR,0.0009987978,0.005286128,2.1248258e-07,0.99371487
D,8,2027,OR,0.00078777823,0.0047928966,1.9388648e-07,0.99441916
D,9,2027,OR,0.0008431599,0.0050387485,1.9520584e-07,0.99411786
D,10,2027,OR,0.0009747392,0.0044201156,2.0789179e-07,0.9946049
D,11,2027,OR,0.0008833469,0.004566501,2.0069956e-07,0.99454993
D,12,2027,OR,0.00056247873,0.0048424397,1.7641518e-07,0.9945949
D,13,2027,OR,0.00046855924,0.0049062786,1.6987698e-07,0.99462503
D,14,2027,OR,0.0006204839,0.005334097,1.8303724e-07,0.99404526
D,15,2027,OR,0.0007377044,0.0049866852,1.8810614e-07,0.9942754
D,16,2027,OR,0.0009925971,0.0052763033,2.0792335e-07,0.9937309
D,17,2027,OR,0.00084649137,0.0059973076,2.0054446e-07,0.993156
D,18,2027,OR,0.0009144463,0.007319056,2.0964525e-07,0.9917663
D,19,2027,OR,0.0010607442,0.006936891,2.2003162e-07,0.9920021
D,20,2027,OR,0.0008505903,0.006401086,2.0520808e-07,0.9927481
D,21,2027,OR,0.00079354376,0.0047289478,1.9502481e-07,0.99447733
D,22,2027,OR,0.0009305706,0.004978461,2.0658557e-07,0.99409074
D,23,2027,OR,0.0009292971,0.005887457,2.0713108e-07,0.9931831
D,24,2027,OR,0.00076423556,0.0058915988,1.9156306e-07,0.99334395
D,25,2027,OR,0.0010870745,0.0060834372,2.1669742e-07,0.99282926
D,26,2027,OR,0.0010703249,0.005400016,2.1235097e-07,0.9935295
D,27,2027,OR,0.0009838224,0.006080051,2.1183749e-07,0.99293596
D,28,2027,OR,0.0008851791,0.0059303194,2.0656614e-07,0.99318427
D,29,2027,OR,0.00078571745,0.0050922,1.9782135e-07,0.99412185
E,0,2027,B,8.467046e-08,0.96121305,6.2762997e-06,0.038780518
E,1,2027,B,1.1249944e-07,0.9301108,4.5314005e-06,0.06988456
E,2,2027,B,7.9712336e-08,0.96388274,3.518078e-06,0.036113624
E,3,2027,B,8.880133e-08,0.96225566,3.8268195e-06,0.037740428
E,4,2027,OR,5.5434316e-07,0.17620538,2.4695003e-06,0.82379156
E,5,2027,OR,5.544776e-07,0.33956388,3.547863e-06,0.66043204
E,6,2027,B,1.3673274e-07,0.8910859,4.55408e-06,0.10890936
E,7,2027,B,1.14860235e-07,0.9135664,3.4083362e-06,0.08643012
E,8,2027,B,7.3784506e-08,0.96424747,3.35687e-06,0.035749022
E,9,2027,B,7.228782e-08,0.9639398,3.005879e-06,0.036057122
E,10,2027,B,1.1361337e-07,0.9187089,3.9928173e-06,0.08128702
E,11,2027,B,7.686048e-08,0.95574147,3.143396e-06,0.044255204
E,12,2027,B,1.4658775e-07,0.8879597,6.813597e-06,0.1120334
E,13,2027,B,5.719453e-08,0.97694665,5.983832e-06,0.023047443
E,14,2027,B,7.8477804e-08,0.9768022,4.5854563e-06,0.023193197
E,15,2027,B,6.6156886e-08,0.9719377,3.5542946e-06,0.028058527
E,16,2027,B,1.563244e-07,0.8722861,4.2125735e-06,0.12770948
E,17,2027,B,3.9831778e-07,0.5406026,7.637948e-06,0.45938927
E,18,2027,B,2.798986e-07,0.7174951,5.206297e-06,0.2824995
E,19,2027,B,2.5848533e-07,0.74583316,6.5821514e-06,0.25415996
E,20,2027,B,1.081141e-07,0.93474853,3.9783163e-06,0.06524741
E,21,2027,B,7.293931e-08,0.96654665,3.3763467e-06,0.033449963
E,22,2027,B,1.03502565e-07,0.9334175,5.3004132e-06,0.0665771
E,23,2027,B,2.0033178e-07,0.8059303,5.5321957e-06,0.19406386
E,24,2027,B,1.7491935e-07,0.84473884,6.382564e-06,0.15525468
E,25,2027,B,1.574561e-07,0.88836014,6.64537e-06,0.1116331
E,26,2027,B,9.605231e-08,0.9600192,5.637063e-06,0.03997517
E,27,2027,B,3.4082342e-07,0.64114827,6.5663276e-06,0.35884494
E,28,2027,OR,5.224467e-07,0.37682793,7.4539844e-06,0.6231641
E,29,2027,B,9.313088e-08,0.95083696,4.245733e-06,0.049158696
F,0,2027,OR,0.00034920246,0.005304474,1.515979e-07,0.9943462
F,1,2027,OR,0.0003633411,0.0044889795,1.5174076e-07,0.9951475
F,2,2027,OR,0.0002434474,0.0041418886,1.4297802e-07,0.9956145
F,3,2027,OR,0.00019654164,0.00448979,1.3832302e-07,0.9953135
F,4,2027,OR,0.00020154007,0.0051720003,1.3514786e-07,0.99462634
F,5,2027,OR,0.00025549822,0.004661958,1.4341302e-07,0.9950824
F,6,2027,OR,0.00026554483,0.0040569077,1.4452608e-07,0.9956774
F,7,2027,OR,0.00019055819,0.0049262918,1.3620974e-07,0.99488306
F,8,2027,OR,0.00014789455,0.005367334,1.302897e-07,0.9944846
F,9,2027,OR,0.00018414007,0.005608072,1.3648929e-07,0.9942076
F,10,2027,OR,0.00021824663,0.004489222,1.380847e-07,0.9952924
F,11,2027,OR,0.00024592693,0.005803643,1.3938859e-07,0.99395025
F,12,2027,OR,0.00030434245,0.005409957,1.4856835e-07,0.9942855
F,13,2027,OR,0.0003392562,0.005237081,1.5363912e-07,0.99442357
F,14,2027,OR,0.0002896604,0.0057574688,1.5058176e-07,0.9939527
F,15,2027,OR,0.0003065491,0.0053193034,1.5328257e-07,0.99437404
F,16,2027,OR,0.0002983885,0.005253614,1.5134455e-07,0.9944478
F,17,2027,OR,0.00029475815,0.0043083006,1.4850055e-07,0.9953968
F,18,2027,OR,0.00032004298,0.004361878,1.4990137e-07,0.99531794
F,19,2027,OR,0.0002940722,0.004205466,1.4483038e-07,0.99550027
F,20,2027,OR,0.00026322217,0.0035272115,1.4084948e-07,0.9962094
F,21,2027,OR,0.00025781273,0.0036606062,1.405704e-07,0.9960814
F,22,2027,OR,0.0002891956,0.005011692,1.4819477e-07,0.994699
F,23,2027,OR,0.00025801186,0.005100848,1.4569767e-07,0.99464095
F,24,2027,OR,0.00032554715,0.0056327586,1.5499617e-07,0.9940415
F,25,2027,OR,0.0002705278,0.006033253,1.5267578e-07,0.99369603
F,26,2027,OR,0.0002619084,0.004826234,1.4930812e-07,0.99491173
F,27,2027,OR,0.00018780644,0.005154128,1.3863087e-07,0.99465793
F,28,2027,OR,0.00025263245,0.00629159,1.5100721e-07,0.9934556
F,29,2027,OR,0.00029893292,0.0049595796,1.5706642e-07,0.9947413
G,0,2027,OR,3.847644e-05,0.0052755447,9.958517e-08,0.9946859
G,1,2027,OR,3.0383324e-05,0.0030475233,8.669592e-08,0.99692196
G,2,2027,OR,3.8816863e-05,0.011015152,1.0671949e-07,0.9889459
G,3,2027,OR,2.905539e-05,0.010317096,1.0899138e-07,0.98965377
G,4,2027,OR,3.2962475e-05,0.0066241925,9.6645714e-08,0.9933428
G,5,2027,OR,5.338177e-05,0.007315981,8.59329e-08,0.9926306
G,6,2027,OR,5.94563e-05,0.00683327,9.248997e-08,0.99310726
G,7,2027,OR,4.8121736e-05,0.0070781675,9.856734e-08,0.99287355
G,8,2027,OR,4.5055047e-05,0.009985458,1.01305766e-07,0.98996943
G,9,2027,OR,4.4599936e-05,0.008533566,9.892007e-08,0.99142176
G,10,2027,OR,1.65171e-05,0.005448448,7.9943796e-08,0.99453497
G,11,2027,OR,1.2056946e-05,0.0060947845,8.504107e-08,0.99389315
G,12,2027,OR,5.600727e-05,0.013098919,1.1245712e-07,0.986845
G,13,2027,OR,3.389998e-05,0.01499152,1.0834289e-07,0.9849745
G,14,2027,OR,4.2986903e-05,0.008923862,8.636612e-08,0.991033
G,15,2027,OR,4.2643216e-05,0.008747717,8.9593954e-08,0.9912095
G,16,2027,OR,3.787694e-05,0.0054045874,9.039968e-08,0.9945575
G,17,2027,OR,5.5310178e-05,0.004792201,1.00988935e-07,0.99515235
G,18,2027,OR,3.427651e-05,0.012204441,1.04475156e-07,0.98776114
G,19,2027,OR,3.148051e-05,0.013217546,1.1775002e-07,0.9867509
G,20,2027,OR,4.2533527e-05,0.01025126,1.1806145e-07,0.98970604
G,21,2027,OR,4.0865667e-05,0.0108771715,1.0758647e-07,0.98908186
G,22,2027,OR,4.4427004e-05,0.0058842306,8.984473e-08,0.9940712
G,23,2027,OR,4.0360006e-05,0.006434189,8.6042036e-08,0.9935254
G,24,2027,OR,1.5496518e-05,0.0065928255,9.404994e-08,0.99339163
G,25,2027,OR,9.857628e-06,0.00566664,9.505146e-08,0.9943234
G,26,2027,OR,1.8919627e-05,0.007983371,8.330643e-08,0.99199766
G,27,2027,OR,5.129292e-05,0.016587144,1.0288573e-07,0.9833614
G,28,2027,OR,5.1275245e-05,0.0104378285,1.10403086e-07,0.9895107
G,29,2027,OR,4.921766e-05,0.0067273276,9.536411e-08,0.9932234
H,0,2027,OR,1.24058515e-05,0.0010958499,2.1323861e-07,0.99889153
H,1,2027,OR,1.1130177e-05,0.0010896871,1.9870258e-07,0.998899
H,2,2027,OR,1.06166135e-05,0.0014508411,1.9401736e-07,0.9985384
H,3,2027,OR,1.1532724e-05,0.0010470805,2.0363952e-07,0.99894124
H,4,2027,OR,1.34148195e-05,0.0007203811,1.8149626e-07,0.99926597
H,5,2027,OR,1.2260811e-05,0.0010803939,1.7331901e-07,0.9989072
H,6,2027,OR,1.423327e-05,0.0012380511,1.5949325e-07,0.9987476
H,7,2027,OR,1.4005069e-05,0.0009305192,1.5690304e-07,0.9990553
H,8,2027,OR,1.1796081e-05,0.001105355,1.8005203e-07,0.9988827
H,9,2027,OR,1.1287591e-05,0.0012922776,1.8804678e-07,0.99869627
H,10,2027,OR,1.0408509e-05,0.0014891654,1.8643543e-07,0.9985002
H,11,2027,OR,1.0564493e-05,0.0012685604,1.843169e-07,0.9987207
H,12,2027,OR,1.1834951e-05,0.0010619248,1.6915027e-07,0.9989261
H,13,2027,OR,1.42228e-05,0.00084996485,1.6555398e-07,0.9991357
H,14,2027,OR,1.3602816e-05,0.00074710394,1.7581691e-07,0.9992391
H,15,2027,OR,1.1236529e-05,0.0010763048,2.0591729e-07,0.9989122
H,16,2027,OR,1.4069297e-05,0.0009762309,1.7520715e-07,0.9990095
H,17,2027,OR,1.5049738e-05,0.00097526173,1.5712537e-07,0.9990095
H,18,2027,OR,1.4295393e-05,0.0012801959,1.4660968e-07,0.9987054
H,19,2027,OR,1.3983625e-05,0.0009931879,1.6220483e-07,0.9989926
H,20,2027,OR,1.1176481e-05,0.0011007893,1.9862496e-07,0.99888784
H,21,2027,OR,9.628042e-06,0.001389044,2.0762089e-07,0.99860114
H,22,2027,OR,1.0242736e-05,0.0017329438,1.9236475e-07,0.9982566
H,23,2027,OR,1.1566351e-05,0.0022829394,1.6334752e-07,0.9977054
H,24,2027,OR,1.3000191e-05,0.0013926104,1.6036489e-07,0.9985942
H,25,2027,OR,1.2972061e-05,0.00092907704,1.6713882e-07,0.9990578
H,26,2027,OR,1.26527375e-05,0.001284797,1.591463e-07,0.9987024
H,27,2027,OR,1.2243375e-05,0.0013253757,1.7006852e-07,0.99866223
H,28,2027,OR,1.5300502e-05,0.0010551469,1.6408626e-07,0.9989293
H,29,2027,OR,1.6070882e-05,0.0013996756,1.6396122e-07,0.99858415
I,0,2027,OR,8.717464e-07,0.3007887,1.2187704e-06,0.6992093
I,1,2027,OR,1.0061955e-06,0.21149601,5.319985e-07,0.78850245
I,2,2027,OR,8.395197e-07,0.3104142,1.2532067e-06,0.6895837
I,3,2027,OR,1.075913e-06,0.10863618,5.02449e-07,0.8913622
I,4,2027,OR,9.83661e-07,0.06634342,6.307714e-07,0.93365496
I,5,2027,OR,9.0106806e-07,0.25413674,9.467576e-07,0.7458614
I,6,2027,OR,8.7067616e-07,0.28536385,9.1034434e-07,0.71463436
I,7,2027,OR,9.152164e-07,0.373914,8.6127216e-07,0.6260842
I,8,2027,OR,7.589604e-07,0.4162667,1.4258466e-06,0.5837311
I,9,2027,OR,7.590403e-07,0.29945058,1.6067826e-06,0.70054704
I,10,2027,OR,8.875394e-07,0.41913483,1.0508937e-06,0.5808632
I,11,2027,OR,9.394798e-07,0.34541056,1.1713889e-06,0.6545873
I,12,2027,OR,9.1143426e-07,0.29402632,1.0895714e-06,0.7059717
I,13,2027,OR,1.0361294e-06,0.19665407,5.926551e-07,0.8033443
I,14,2027,OR,1.1691437e-06,0.059786137,2.6630124e-07,0.9402124
I,15,2027,OR,8.905129e-07,0.1815217,1.1715903e-06,0.81847626
I,16,2027,OR,9.254107e-07,0.30388463,9.831359e-07,0.69611347
I,17,2027,OR,8.3363693e-07,0.3717257,1.1894924e-06,0.6282723
I,18,2027,OR,7.9686356e-07,0.3242141,1.0472119e-06,0.67578405
I,19,2027,OR,8.575081e-07,0.16180363,8.06226e-07,0.83819467
I,20,2027,OR,8.957724e-07,0.11888836,8.770654e-07,0.88110983
I,21,2027,OR,1.0471159e-06,0.16510962,6.425049e-07,0.83488876
I,22,2027,OR,1.097096e-06,0.40785965,1.0505037e-06,0.59213823
I,23,2027,OR,1.142548e-06,0.39176762,9.591032e-07,0.6082303
I,24,2027,OR,8.678576e-07,0.24398808,1.4721379e-06,0.7560096
I,25,2027,OR,1.0015524e-06,0.15822408,6.7974514e-07,0.8417743
I,26,2027,OR,9.045141e-07,0.15142368,1.4668501e-06,0.8485739
I,27,2027,OR,9.966953e-07,0.15141818,9.545381e-07,0.84857994
I,28,2027,OR,1.0341671e-06,0.058181595,6.7394024e-07,0.94181675
I,29,2027,OR,9.764491e-07,0.04774082,6.3479524e-07,0.9522575
J,0,2027,B,1.6289097e-07,0.925849,1.9230818e-06,0.07414898
J,1,2027,B,2.198208e-07,0.8124074,1.7146435e-06,0.18759073
J,2,2027,B,2.712765e-07,0.74094206,1.7061316e-06,0.25905603
J,3,2027,B,2.6616337e-07,0.8370944,1.4405064e-06,0.16290382
J,4,2027,B,2.6575213e-07,0.8186868,1.6735469e-06,0.18131126
J,5,2027,B,1.9218777e-07,0.84574413,1.6515226e-06,0.15425399
J,6,2027,B,1.9739451e-07,0.8436448,1.9754225e-06,0.15635303
J,7,2027,B,2.0103168e-07,0.86762965,1.5635303e-06,0.13236852
J,8,2027,B,1.7029464e-07,0.9067657,1.480293e-06,0.09323257
J,9,2027,B,1.72682e-07,0.8890244,1.2974848e-06,0.110974215
J,10,2027,B,2.0403911e-07,0.82867795,1.3934915e-06,0.17132053
J,11,2027,B,2.2807784e-07,0.8322391,1.3067048e-06,0.16775945
J,12,2027,B,2.1291207e-07,0.84999317,1.259363e-06,0.15000544
J,13,2027,B,2.7495315e-07,0.7472371,1.6706989e-06,0.252761
J,14,2027,B,1.8286704e-07,0.88464636,1.7800844e-06,0.11535164
J,15,2027,B,1.6598113e-07,0.91605,1.7009472e-06,0.08394803
J,16,2027,B,1.6575497e-07,0.89207864,1.5094357e-06,0.10791969
J,17,2027,B,2.9915438e-07,0.7415931,1.3423534e-06,0.25840524
J,18,2027,B,2.743556e-07,0.79757845,1.982948e-06,0.20241924
J,19,2027,B,2.1506564e-07,0.8687115,1.8175512e-06,0.13128647
J,20,2027,B,2.3864322e-07,0.8315571,1.8514852e-06,0.16844091
J,21,2027,B,2.6374508e-07,0.74371064,1.406731e-06,0.25628766
J,22,2027,B,2.7890724e-07,0.738633,1.4829847e-06,0.26136526
J,23,2027,B,2.658176e-07,0.84411925,1.1995716e-06,0.15587923
J,24,2027,B,1.9702252e-07,0.8883463,1.4998614e-06,0.111652024
J,25,2027,B,1.6351729e-07,0.93340605,1.8213868e-06,0.06659203
J,26,2027,B,1.7849456e-07,0.9134605,1.964402e-06,0.086537376
J,27,2027,B,2.073714e-07,0.87127644,1.5847952e-06,0.1287218
J,28,2027,B,2.3212027e-07,0.8904048,1.3773376e-06,0.10959359
J,29,2027,B,2.4126865e-07,0.8793032,1.7397438e-06,0.120694816
K,0,2027,OR,1.0212333e-05,0.0023101678,6.923186e-07,0.99767894
K,1,2027,OR,9.909944e-06,0.0022974114,9.93277e-07,0.99769175
K,2,2027,OR,1.15466855e-05,0.0019246276,9.090628e-07,0.9980629
K,3,2027,OR,1.2168217e-05,0.0020948849,6.274216e-07,0.9978923
K,4,2027,OR,1.0984357e-05,0.0030790179,4.7382758e-07,0.99690956
K,5,2027,OR,1.05242525e-05,0.0035225167,6.1653753e-07,0.9964663
K,6,2027,OR,1.0872811e-05,0.003922536,6.3795824e-07,0.9960659
K,7,2027,OR,1.31985025e-05,0.0027540855,5.7456964e-07,0.99723214
K,8,2027,OR,1.247493e-05,0.0025162925,5.372402e-07,0.99747074
K,9,2027,OR,1.03518405e-05,0.0026180644,6.46382e-07,0.99737096
K,10,2027,OR,1.2095344e-05,0.0025731348,6.261218e-07,0.9974141
K,11,2027,OR,1.2435367e-05,0.0025377537,6.418168e-07,0.9974491
K,12,2027,OR,1.0139274e-05,0.0024826685,9.437095e-07,0.9975063
K,13,2027,OR,1.0875763e-05,0.0030473743,8.758381e-07,0.9969408
K,14,2027,OR,1.0873315e-05,0.0028879584,6.35988e-07,0.99710053
K,15,2027,OR,1.1961161e-05,0.0029154974,4.46287e-07,0.9970721
K,16,2027,OR,1.2368214e-05,0.0032416575,3.8375734e-07,0.9967456
K,17,2027,OR,1.2468935e-05,0.0034179238,3.7744815e-07,0.9965693
K,18,2027,OR,1.2671193e-05,0.002964695,3.926249e-07,0.9970222
K,19,2027,OR,1.274798e-05,0.0024413283,4.4190088e-07,0.9975454
K,20,2027,OR,1.2941272e-05,0.002708723,4.9129903e-07,0.9972779
K,21,2027,OR,1.2428494e-05,0.002849671,4.3317362e-07,0.9971374
K,22,2027,OR,1.1698105e-05,0.0023833066,4.7143226e-07,0.99760455
K,23,2027,OR,1.2547904e-05,0.0023527367,4.6666622e-07,0.9976343
K,24,2027,OR,1.0981833e-05,0.00279453,6.263346e-07,0.9971938
K,25,2027,OR,9.274195e-06,0.0033896335,6.4826213e-07,0.99660045
K,26,2027,OR,1.1605824e-05,0.0033577667,3.775908e-07,0.99663025
K,27,2027,OR,1.352212e-05,0.0035191297,3.867166e-07,0.996467
K,28,2027,OR,1.1683568e-05,0.0047074906,4.4216534e-07,0.9952803
K,29,2027,OR,1.0465492e-05,0.004613991,5.598343e-07,0.995375
L,0,2027,OR,4.3861386e-05,0.003267357,1.02212255e-07,0.99668866
L,1,2027,OR,7.669242e-05,0.0054388773,1.15783145e-07,0.99448425
L,2,2027,OR,9.334218e-05,0.00561574,1.1864366e-07,0.9942908
L,3,2027,OR,7.276566e-05,0.0041882033,1.0068063e-07,0.995739
L,4,2027,OR,5.988967e-05,0.0040821563,9.435989e-08,0.9958579
L,5,2027,OR,7.0092145e-05,0.008132127,1.0916855e-07,0.9917977
L,6,2027,OR,6.979663e-05,0.008649047,1.1893062e-07,0.9912811
L,7,2027,OR,0.00012870194,0.006330182,1.2584704e-07,0.993541
L,8,2027,OR,0.00016651096,0.0055007185,1.3637882e-07,0.9943327
L,9,2027,OR,0.000104141225,0.0070143216,1.2101539e-07,0.9928814
L,10,2027,OR,9.143956e-05,0.007114071,1.1371173e-07,0.99279433
L,11,2027,OR,6.405898e-05,0.004280764,9.6830036e-08,0.99565506
L,12,2027,OR,7.714532e-05,0.0056925504,1.1346977e-07,0.99423015
L,13,2027,OR,6.682172e-05,0.0071320287,1.225247e-07,0.9928011
L,14,2027,OR,6.353244e-05,0.0068981736,1.0050374e-07,0.99303824
L,15,2027,OR,7.8718585e-05,0.0062738927,1.04876456e-07,0.9936473
L,16,2027,OR,8.745669e-05,0.0042591295,1.03819694e-07,0.9956533
L,17,2027,OR,7.8045974e-05,0.005147227,1.0312542e-07,0.99477464
L,18,2027,OR,7.626434e-05,0.006398037,1.05533985e-07,0.9935256
L,19,2027,OR,5.9098267e-05,0.004973869,1.1712057e-07,0.9949669
L,20,2027,OR,5.223492e-05,0.004058128,1.2091894e-07,0.9958895
L,21,2027,OR,7.1671624e-05,0.0037476365,1.0726406e-07,0.99618065
L,22,2027,OR,0.000100276506,0.0049589085,1.1628989e-07,0.99494076
L,23,2027,OR,8.691113e-05,0.0053791148,1.0996905e-07,0.9945339
L,24,2027,OR,7.1787326e-05,0.0050440314,1.1443712e-07,0.9948841
L,25,2027,OR,0.000112730486,0.0056509683,1.267895e-07,0.9942362
L,26,2027,OR,0.00015121767,0.005666349,1.3685286e-07,0.9941823
L,27,2027,OR,0.000113638205,0.004506494,1.1910368e-07,0.9953798
L,28,2027,OR,6.988835e-05,0.0051921415,1.0836526e-07,0.9947378
L,29,2027,OR,4.395451e-05,0.0033119335,1.0180629e-07,0.996644
M,0,2027,OR,1.7784263e-05,0.0012121953,3.3607859e-07,0.9987697
M,1,2027,OR,1.5849853e-05,0.0014030493,3.8928823e-07,0.9985807
M,2,2027,OR,1.3951804e-05,0.0012537366,4.7743407e-07,0.9987318
M,3,2027,OR,1.541501e-05,0.0010623253,5.4478755e-07,0.99892175
M,4,2027,OR,1.9708705e-05,0.0010725396,4.4039123e-07,0.9989073
M,5,2027,OR,1.902964e-05,0.001240792,3.9256045e-07,0.9987398
M,6,2027,OR,2.018402e-05,0.0013995522,3.3431172e-07,0.99858
M,7,2027,OR,1.689371e-05,0.0013292127,4.465227e-07,0.9986534
M,8,2027,OR,1.6017171e-05,0.0012529591,5.7909335e-07,0.9987305
M,9,2027,OR,1.7184673e-05,0.001007665,5.5427273e-07,0.99897456
M,10,2027,OR,1.4952384e-05,0.0011093621,5.442501e-07,0.9988751
M,11,2027,OR,1.5966209e-05,0.0017878911,4.0331167e-07,0.9981957
M,12,2027,OR,2.105071e-05,0.001583921,3.1178857e-07,0.99839467
M,13,2027,OR,1.7491544e-05,0.0012387062,3.7763544e-07,0.9987435
M,14,2027,OR,1.5779508e-05,0.0013805446,3.9589963e-07,0.9986033
M,15,2027,OR,1.8001916e-05,0.0014384952,4.1036668e-07,0.99854314
M,16,2027,OR,1.5829524e-05,0.0012627068,4.7479716e-07,0.99872094
M,17,2027,OR,1.4093971e-05,0.0012443699,5.0024295e-07,0.9987411
M,18,2027,OR,1.5997737e-05,0.0012598877,4.1894586e-07,0.9987237
M,19,2027,OR,1.6507734e-05,0.0013564462,3.9751532e-07,0.9986267
M,20,2027,OR,1.6211006e-05,0.0014553826,4.1624e-07,0.998528
M,21,2027,OR,1.7555169e-05,0.0012069859,4.1163608e-07,0.99877506
M,22,2027,OR,1.7621365e-05,0.0012312201,3.8170836e-07,0.9987508
M,23,2027,OR,2.0878442e-05,0.001384402,2.871361e-07,0.99859446
M,24,2027,OR,1.8644883e-05,0.0015024,3.1179547e-07,0.9984786
M,25,2027,OR,1.562174e-05,0.0013793738,3.999104e-07,0.9986046
M,26,2027,OR,1.9597524e-05,0.0013718429,3.3000865e-07,0.9986083
M,27,2027,OR,1.6065287e-05,0.0015243272,4.076297e-07,0.9984592
M,28,2027,OR,1.5390011e-05,0.001639271,3.9854405e-07,0.9983449
M,29,2027,OR,1.7823611e-05,0.0015917062,3.8329048e-07,0.9983901
N,0,2027,B,5.5239747e-07,0.6273074,3.6193475e-07,0.37269172
N,1,2027,OR,1.2696436e-06,0.33401743,1.8740535e-07,0.6659812
N,2,2027,B,6.7599024e-07,0.6493711,3.4156943e-07,0.35062796
N,3,2027,B,5.480798e-07,0.78320444,3.184172e-07,0.2167947
N,4,2027,B,4.9174054e-07,0.71149445,2.8742474e-07,0.28850475
N,5,2027,B,5.2104633e-07,0.70198095,2.8056544e-07,0.29801828
N,6,2027,OR,1.5910682e-06,0.18453953,1.9467227e-07,0.81545866
N,7,2027,B,3.8120814e-07,0.79575807,4.1330728e-07,0.20424113
N,8,2027,B,3.5864002e-07,0.84289956,3.1345135e-07,0.15709974
N,9,2027,OR,1.6072315e-06,0.22670801,1.5127605e-07,0.7732903
N,10,2027,B,5.484897e-07,0.76629406,2.9143627e-07,0.23370515
N,11,2027,B,5.141172e-07,0.8025655,3.134453e-07,0.19743372
N,12,2027,OR,1.4434835e-06,0.27138326,1.8853534e-07,0.72861516
N,13,2027,B,9.56656e-07,0.53471214,2.7220165e-07,0.4652867
N,14,2027,B,8.7337924e-07,0.67468095,2.8555172e-07,0.3253178
N,15,2027,OR,1.7034799e-06,0.29833096,2.0648142e-07,0.70166713
N,16,2027,B,7.0358965e-07,0.66289693,1.9478502e-07,0.33710223
N,17,2027,B,6.6535716e-07,0.707287,2.0539592e-07,0.29271212
N,18,2027,OR,1.431542e-06,0.27906346,2.2296553e-07,0.72093487
N,19,2027,B,2.3179534e-07,0.9265699,3.2315563e-07,0.07342959
N,20,2027,B,2.246404e-07,0.9342619,2.9033222e-07,0.065737516
N,21,2027,OR,1.4237867e-06,0.21000387,1.6960848e-07,0.7899946
N,22,2027,OR,7.64628e-07,0.3193822,2.7554552e-07,0.68061674
N,23,2027,OR,8.488854e-07,0.33059672,2.130099e-07,0.6694022
N,24,2027,OR,1.7482727e-06,0.16820554,1.5252131e-07,0.83179253
N,25,2027,B,3.885882e-07,0.86086625,3.1011254e-07,0.139133
N,26,2027,B,3.322489e-07,0.8814059,2.6755217e-07,0.118593454
N,27,2027,OR,1.1210799e-06,0.39828137,1.9081281e-07,0.60171735
N,28,2027,OR,1.0168606e-06,0.26694903,2.24254e-07,0.7330497
N,29,2027,B,8.694859e-07,0.5158747,2.4806118e-07,0.4841242
O,0,2027,OR,2.6158059e-05,0.016117228,1.0878386e-07,0.98385656
O,1,2027,OR,3.0576295e-05,0.04500877,1.610818e-07,0.9549605
O,2,2027,OR,3.2188476e-05,0.0324968,1.2912433e-07,0.9674709
O,3,2027,OR,9.221577e-05,0.013262985,1.1807535e-07,0.9866447
O,4,2027,OR,0.00012771988,0.016678683,1.3417177e-07,0.9831935
O,5,2027,OR,0.0001370446,0.022342416,1.4711638e-07,0.9775204
O,6,2027,OR,5.643117e-05,0.018645363,1.3569102e-07,0.9812981
O,7,2027,OR,5.4362477e-05,0.017104616,1.2835962e-07,0.9828409
O,8,2027,OR,6.0757768e-05,0.021374803,1.2066363e-07,0.9785644
O,9,2027,OR,5.828512e-05,0.014167049,1.0038647e-07,0.9857745
O,10,2027,OR,9.7905264e-05,0.019073538,1.2982647e-07,0.98082846
O,11,2027,OR,8.9459594e-05,0.033950705,1.5911321e-07,0.96595967
O,12,2027,OR,7.369709e-05,0.021680232,1.3059282e-07,0.978246
O,13,2027,OR,7.591803e-05,0.019040547,1.1873663e-07,0.9808834
O,14,2027,OR,3.7949158e-05,0.0122635,1.13913494e-07,0.98769844
O,15,2027,OR,3.5664503e-05,0.011174015,1.2282082e-07,0.98879015
O,16,2027,OR,6.81539e-05,0.017215367,1.2046743e-07,0.9827163
O,17,2027,OR,4.029083e-05,0.010249833,9.878222e-08,0.9897098
O,18,2027,OR,4.2226166e-05,0.014674846,1.1636839e-07,0.9852828
O,19,2027,OR,4.0352443e-05,0.011052474,1.12557956e-07,0.9889071
O,20,2027,OR,3.0896717e-05,0.010022038,1.1300551e-07,0.989947
O,21,2027,OR,4.0607323e-05,0.0115808975,1.0415155e-07,0.98837847
O,22,2027,OR,0.00011842802,0.013601258,1.1762383e-07,0.9862802
O,23,2027,OR,5.110112e-05,0.013039078,1.0317881e-07,0.9869097
O,24,2027,OR,0.00010841546,0.01983565,1.3610156e-07,0.98005575
O,25,2027,OR,5.014238e-05,0.021036752,1.2783347e-07,0.978913
O,26,2027,OR,6.180711e-05,0.016274102,1.1548834e-07,0.98366404
O,27,2027,OR,0.00010135008,0.018083634,1.3070004e-07,0.9818149
O,28,2027,OR,0.00010990472,0.026052373,1.393222e-07,0.9738376
O,29,2027,OR,0.0001445688,0.018248424,1.3143111e-07,0.98160684
P,0,2027,OR,0.0008255579,0.0056971046,1.9596314e-07,0.99347717
P,1,2027,OR,0.000686879,0.006212315,1.8475578e-07,0.99310064
P,2,2027,OR,0.00070987793,0.00571204,1.8546363e-07,0.99357784
P,3,2027,OR,0.0008971717,0.005363795,2.0140949e-07,0.9937389
P,4,2027,OR,0.0009636676,0.0046124617,2.0664905e-07,0.9944237
P,5,2027,OR,0.00095616496,0.004528009,1.9889853e-07,0.9945156
P,6,2027,OR,0.001041666,0.005636228,2.1129624e-07,0.99332184
P,7,2027,OR,0.0009856648,0.005046568,2.0449409e-07,0.99396753
P,8,2027,OR,0.0008361753,0.0044092853,1.8998853e-07,0.9947543
P,9,2027,OR,0.0008693852,0.0054471423,2.0130875e-07,0.99368334
P,10,2027,OR,0.0010023613,0.0054446817,2.0857479e-07,0.9935528
P,11,2027,OR,0.0007464084,0.0042152978,1.8412302e-07,0.9950381
P,12,2027,OR,0.00065461994,0.0053501255,1.8003858e-07,0.99399513
P,13,2027,OR,0.00084376644,0.006161849,1.9619914e-07,0.9929941
P,14,2027,OR,0.0008537427,0.004805105,1.98025e-07,0.9943409
P,15,2027,OR,0.0006302772,0.005736378,1.8541083e-07,0.99363315
P,16,2027,OR,0.00080601283,0.0055669416,1.91986e-07,0.99362683
P,17,2027,OR,0.0010302066,0.004290115,2.0467411e-07,0.9946794
P,18,2027,OR,0.000857962,0.0048626983,1.9537087e-07,0.99427915
P,19,2027,OR,0.000961087,0.0055658715,2.0367837e-07,0.99347275
P,20,2027,OR,0.000822577,0.005734269,1.9392054e-07,0.993443
P,21,2027,OR,0.00083478674,0.005405594,1.919243e-07,0.99375945
P,22,2027,OR,0.0010828334,0.005257832,2.0736636e-07,0.9936591
P,23,2027,OR,0.0010027062,0.0061649345,2.0163066e-07,0.9928322
P,24,2027,OR,0.0009284728,0.0067149554,2.0234309e-07,0.9923564
P,25,2027,OR,0.0009849592,0.0055590337,2.0267451e-07,0.9934558
P,26,2027,OR,0.0011175504,0.005244364,2.1106092e-07,0.99363786
P,27,2027,OR,0.0008299565,0.0051325606,1.9658815e-07,0.9940373
P,28,2027,OR,0.00071592565,0.0049131825,1.8689657e-07,0.99437076
P,29,2027,OR,0.0008780705,0.004884929,1.9571202e-07,0.9942368
A,0,2028,OR,2.0110215e-07,0.000581137,4.444943e-07,0.99941826
A,1,2028,OR,1.9185354e-07,0.0004064727,4.0089225e-07,0.99959296
A,2,2028,OR,1.9843029e-07,0.00025408622,3.8817134e-07,0.9997453
A,3,2028,OR,1.8711582e-07,0.00033416177,3.87953e-07,0.99966526
A,4,2028,OR,1.8872518e-07,0.0005169867,4.578342e-07,0.9994824
A,5,2028,OR,2.0779119e-07,0.00040742775,5.279039e-07,0.9995919
A,6,2028,OR,2.0089199e-07,0.00038503477,5.050983e-07,0.99961424
A,7,2028,OR,2.1315451e-07,0.0004459095,6.222291e-07,0.99955326
A,8,2028,OR,1.7392125e-07,0.0003021578,2.7096965e-07,0.99969745
A,9,2028,OR,1.9544744e-07,0.0001627579,2.712096e-07,0.9998368
A,10,2028,OR,2.0155639e-07,0.00019348005,2.3081707e-07,0.9998061
A,11,2028,OR,1.6563922e-07,0.00024853882,1.2919152e-07,0.99975115
A,12,2028,OR,2.5831318e-07,0.00023471813,5.495865e-07,0.9997645
A,13,2028,OR,1.7899075e-07,0.00030592346,1.850558e-07,0.99969375
A,14,2028,OR,1.5567944e-07,0.0002935966,1.6300635e-07,0.9997061
A,15,2028,OR,1.6139978e-07,0.00030289704,2.2029366e-07,0.99969673
A,16,2028,OR,1.7070172e-07,0.00031017032,3.1893654e-07,0.99968934
A,17,2028,OR,2.1528179e-07,0.00034218613,5.605134e-07,0.99965703
A,18,2028,OR,2.1264223e-07,0.00043931667,6.0657646e-07,0.9995598
A,19,2028,OR,2.1943491e-07,0.0003974988,5.277114e-07,0.9996018
A,20,2028,OR,1.6095173e-07,0.00030568262,2.1489548e-07,0.999694
A,21,2028,OR,1.3116585e-07,0.00017099448,1.0957854e-07,0.9998287
A,22,2028,OR,1.4417292e-07,0.00019218237,1.6779757e-07,0.99980754
A,23,2028,OR,1.7606496e-07,0.000272953,3.440839e-07,0.9997265
A,24,2028,OR,1.8993944e-07,0.0002586486,4.3732942e-07,0.99974066
A,25,2028,OR,1.5625075e-07,0.00021455887,2.2051746e-07,0.9997851
A,26,2028,OR,1.3679403e-07,0.00026955333,1.3149933e-07,0.99973017
A,27,2028,OR,1.8310195e-07,0.00038954517,4.0051688e-07,0.9996099
A,28,2028,OR,1.284944e-07,0.0003996326,1.6941554e-07,0.9996001
A,29,2028,OR,1.8640894e-07,0.0003882361,4.1127134e-07,0.9996112
B,0,2028,OR,5.167301e-08,0.00031698737,9.000599e-09,0.999683
B,1,2028,OR,5.4240648e-08,0.00012363153,8.494014e-09,0.99987626
B,2,2028,OR,3.997786e-08,0.00029292202,1.1425963e-08,0.99970704
B,3,2028,OR,3.282207e-08,0.0013211342,1.43065275e-08,0.99867874
B,4,2028,OR,3.4769272e-08,0.0023944927,1.318963e-08,0.99760544
B,5,2028,OR,3.2340704e-08,0.0056171035,1.4837721e-08,0.99438286
B,6,2028,OR,3.927965e-08,0.004738259,1.2899824e-08,0.99526167
B,7,2028,OR,5.590087e-08,0.0003087696,9.023311e-09,0.99969125
B,8,2028,OR,4.0112337e-08,0.0004499234,1.0083505e-08,0.99955004
B,9,2028,OR,5.3005547e-08,0.0006640268,1.1721004e-08,0.9993358
B,10,2028,OR,5.288234e-08,0.000892931,1.1553775e-08,0.99910694
B,11,2028,OR,3.602695e-08,0.012688966,1.6926897e-08,0.987311
B,12,2028,OR,4.066355e-08,0.011415509,1.7508901e-08,0.9885845
B,13,2028,OR,2.2217995e-08,0.0007313455,9.220101e-09,0.9992686
B,14,2028,OR,2.0384292e-08,0.00045901636,8.464808e-09,0.9995409
B,15,2028,OR,7.1479576e-08,0.00048475293,1.2626621e-08,0.9995152
B,16,2028,OR,3.5347924e-08,0.00049622933,9.015615e-09,0.99950373
B,17,2028,OR,4.081072e-08,0.00038202066,8.446864e-09,0.99961793
B,18,2028,OR,6.1271116e-08,0.0010230667,1.1349311e-08,0.9989768
B,19,2028,OR,3.837789e-08,0.0018346221,1.21241674e-08,0.9981653
B,20,2028,OR,3.6435164e-08,0.0030738672,1.5968675e-08,0.9969261
B,21,2028,OR,6.584235e-08,0.0031872038,1.8069025e-08,0.99681276
B,22,2028,OR,4.2476575e-08,0.0018686606,1.4434573e-08,0.99813133
B,23,2028,OR,4.5107043e-08,0.0016607817,1.3123418e-08,0.9983392
B,24,2028,OR,3.911922e-08,0.0021813146,1.22588935e-08,0.9978186
B,25,2028,OR,3.8148837e-08,0.00025610556,9.104905e-09,0.9997439
B,26,2028,OR,3.2635107e-08,0.0005551938,9.401187e-09,0.9994448
B,27,2028,OR,3.963438e-08,0.002300757,1.2401487e-08,0.9976992
B,28,2028,OR,2.769712e-08,0.006505588,1.3977335e-08,0.99349433
B,29,2028,OR,2.7833215e-08,0.0017172227,1.1556626e-08,0.9982828
C,0,2028,OR,1.4008724e-08,0.36284503,5.96241e-08,0.6371549
C,1,2028,B,9.468094e-09,0.8137496,4.8850392e-08,0.18625031
C,2,2028,B,7.0630266e-09,0.91819465,3.8876443e-08,0.08180537
C,3,2028,B,7.655147e-09,0.90362245,3.619342e-08,0.09637761
C,4,2028,B,8.275565e-09,0.8742241,3.893758e-08,0.12577589
C,5,2028,OR,1.363227e-08,0.29757968,5.526606e-08,0.7024203
C,6,2028,OR,1.3196807e-08,0.19689986,5.0981996e-08,0.8031001
C,7,2028,B,1.0535552e-08,0.7367021,4.9310742e-08,0.26329783
C,8,2028,B,1.15325305e-08,0.58620316,5.5185417e-08,0.4137968
C,9,2028,B,1.1023021e-08,0.65682524,5.3576837e-08,0.34317467
C,10,2028,B,1.057255e-08,0.7098184,5.1081283e-08,0.2901815
C,11,2028,OR,1.27098545e-08,0.30891758,5.1994192e-08,0.6910823
C,12,2028,B,1.1315165e-08,0.57151836,5.0698e-08,0.42848164
C,13,2028,B,9.850028e-09,0.75523674,4.8301615e-08,0.2447631
C,14,2028,OR,1.3317102e-08,0.48246908,6.2446155e-08,0.51753086
C,15,2028,B,1.0312087e-08,0.7515704,5.3232057e-08,0.24842955
C,16,2028,B,1.1158122e-08,0.62597257,4.8410925e-08,0.3740274
C,17,2028,OR,1.2709407e-08,0.37207925,5.0481418e-08,0.6279206
C,18,2028,B,1.2386076e-08,0.5259913,5.3231552e-08,0.47400862
C,19,2028,B,1.124773e-08,0.7086418,5.410492e-08,0.29135805
C,20,2028,OR,1.2496601e-08,0.49864787,5.972465e-08,0.501352
C,21,2028,B,1.24223165e-08,0.5691346,5.7322993e-08,0.43086538
C,22,2028,B,9.982958e-09,0.76727057,4.9748266e-08,0.23272939
C,23,2028,OR,1.3500008e-08,0.36133435,6.103869e-08,0.63866556
C,24,2028,OR,1.2883548e-08,0.15487938,5.48845e-08,0.84512055
C,25,2028,OR,1.3220964e-08,0.49643022,6.1661616e-08,0.5035698
C,26,2028,B,1.208529e-08,0.6104632,5.675468e-08,0.38953677
C,27,2028,B,1.2946448e-08,0.5434442,5.582365e-08,0.45655575
C,28,2028,B,1.1770064e-08,0.6432634,5.1725454e-08,0.35673654
C,29,2028,OR,1.2319284e-08,0.34057084,5.1463083e-08,0.6594291
D,0,2028,OR,1.8261708e-06,0.000257526,1.632985e-08,0.99974066
D,1,2028,OR,2.467212e-06,0.00022689196,1.7727633e-08,0.9997706
D,2,2028,OR,3.8062851e-06,0.00018395377,1.8372074e-08,0.9998123
D,3,2028,OR,4.738827e-06,0.00018511964,1.89681e-08,0.99981016
D,4,2028,OR,3.324173e-06,0.00018494383,1.7969732e-08,0.9998117
D,5,2028,OR,2.8765032e-06,0.00019858542,1.7806514e-08,0.9997986
D,6,2028,OR,3.8132257e-06,0.00017316084,1.7990443e-08,0.99982303
D,7,2028,OR,3.808425e-06,0.0001625176,1.7561216e-08,0.9998336
D,8,2028,OR,2.5138297e-06,0.00014407694,1.5606505e-08,0.9998534
D,9,2028,OR,2.4854453e-06,0.00014802004,1.5565567e-08,0.99984944
D,10,2028,OR,3.7708646e-06,0.00013673914,1.7169485e-08,0.99985945
D,11,2028,OR,3.3799183e-06,0.00014233633,1.6856589e-08,0.9998542
D,12,2028,OR,1.8790603e-06,0.00015127876,1.4802897e-08,0.9998468
D,13,2028,OR,1.4279819e-06,0.00016230645,1.4261011e-08,0.9998362
D,14,2028,OR,1.8636155e-06,0.00017451488,1.5256948e-08,0.99982363
D,15,2028,OR,2.4718881e-06,0.00015214257,1.5413148e-08,0.9998454
D,16,2028,OR,3.28672e-06,0.00015557114,1.7038062e-08,0.9998411
D,17,2028,OR,3.0728527e-06,0.00018835635,1.7080945e-08,0.9998086
D,18,2028,OR,2.8784723e-06,0.00023425707,1.8174598e-08,0.99976283
D,19,2028,OR,3.642304e-06,0.00022164645,1.9067617e-08,0.99977475
D,20,2028,OR,3.4478207e-06,0.00021282327,1.8049816e-08,0.9997837
D,21,2028,OR,2.9934226e-06,0.00014753327,1.6106668e-08,0.99984944
D,22,2028,OR,3.0337198e-06,0.00014868469,1.6638987e-08,0.99984825
D,23,2028,OR,2.9584412e-06,0.00017510024,1.6911597e-08,0.99982196
D,24,2028,OR,2.1835692e-06,0.00018101872,1.605786e-08,0.99981683
D,25,2028,OR,3.0657632e-06,0.00017690443,1.771411e-08,0.99982005
D,26,2028,OR,3.5393844e-06,0.00016162627,1.7426501e-08,0.9998348
D,27,2028,OR,2.9752625e-06,0.00018446977,1.738717e-08,0.99981254
D,28,2028,OR,2.5087734e-06,0.00018249749,1.7014333e-08,0.99981505
D,29,2028,OR,2.6103426e-06,0.00016191856,1.6345295e-08,0.9998354
E,0,2028,B,7.868297e-09,0.94761837,5.2169025e-08,0.052381586
E,1,2028,B,1.0327259e-08,0.8635188,5.5321845e-08,0.13648115
E,2,2028,B,6.679667e-09,0.94835526,3.8899206e-08,0.051644817
E,3,2028,B,6.003224e-09,0.9614963,3.599421e-08,0.038503762
E,4,2028,OR,1.0488567e-08,0.012458579,2.7044063e-08,0.9875414
E,5,2028,OR,1.1732532e-08,0.02715498,3.21261e-08,0.972845
E,6,2028,B,1.3068751e-08,0.6770082,6.6146804e-08,0.3229918
E,7,2028,B,1.3230605e-08,0.68424076,6.3301016e-08,0.31575912
E,8,2028,B,6.75762e-09,0.94076526,3.8916948e-08,0.059234772
E,9,2028,B,6.589008e-09,0.93476677,3.777571e-08,0.065233245
E,10,2028,B,1.3687804e-08,0.655468,6.4342565e-08,0.34453192
E,11,2028,B,1.0544318e-08,0.82830757,5.537593e-08,0.17169234
E,12,2028,B,1.6543073e-08,0.57553625,8.3484565e-08,0.42446366
E,13,2028,B,6.535691e-09,0.96359056,4.799278e-08,0.036409456
E,14,2028,B,4.791496e-09,0.9839881,3.4199562e-08,0.016011873
E,15,2028,B,6.548434e-09,0.95580596,4.0325748e-08,0.044194035
E,16,2028,B,1.6808151e-08,0.5178192,6.9681676e-08,0.48218074
E,17,2028,OR,1.6730771e-08,0.09231496,6.301038e-08,0.90768504
E,18,2028,OR,1.686322e-08,0.17015333,6.2126105e-08,0.8298466
E,19,2028,OR,1.6980653e-08,0.22766185,6.661554e-08,0.7723381
E,20,2028,B,9.535789e-09,0.8600817,5.1623594e-08,0.1399182
E,21,2028,B,5.799341e-09,0.95394576,3.641965e-08,0.046054173
E,22,2028,B,9.076696e-09,0.8829108,5.974804e-08,0.11708911
E,23,2028,OR,1.7089341e-08,0.38956237,7.5167364e-08,0.6104375
E,24,2028,OR,1.7365148e-08,0.47182107,8.4404356e-08,0.52817875
E,25,2028,B,1.3254815e-08,0.76425445,7.023168e-08,0.2357455
E,26,2028,B,7.197542e-09,0.95495015,4.2373483e-08,0.04504984
E,27,2028,OR,1.7374385e-08,0.17839292,6.4414444e-08,0.82160705
E,28,2028,OR,1.3931593e-08,0.03492022,4.2576186e-08,0.9650797
E,29,2028,B,7.1237953e-09,0.9263225,4.2786738e-08,0.07367749
F,0,2028,OR,1.0065523e-06,0.00016259089,1.3732874e-08,0.9998363
F,1,2028,OR,1.1039593e-06,0.00013366103,1.3493176e-08,0.9998652
F,2,2028,OR,8.5713947e-07,0.00013514735,1.3540185e-08,0.999864
F,3,2028,OR,7.715338e-07,0.00015458817,1.3640651e-08,0.99984455
F,4,2028,OR,7.354027e-07,0.00018337535,1.3869712e-08,0.9998159
F,5,2028,OR,7.8668705e-07,0.0001537589,1.3845064e-08,0.9998454
F,6,2028,OR,8.5279964e-07,0.00012996861,1.38342795e-08,0.9998691
F,7,2028,OR,5.872069e-07,0.00016309344,1.3209623e-08,0.9998363
F,8,2028,OR,4.384512e-07,0.0001901821,1.3345639e-08,0.99980944
F,9,2028,OR,5.503581e-07,0.00019762234,1.3794458e-08,0.9998018
F,10,2028,OR,6.7515083e-07,0.0001447151,1.3707347e-08,0.99985456
F,11,2028,OR,5.7110503e-07,0.0001723843,1.2889949e-08,0.9998271
F,12,2028,OR,8.5531235e-07,0.00015766372,1.3214932e-08,0.99984145
F,13,2028,OR,9.637396e-07,0.00015746524,1.3681493e-08,0.9998416
F,14,2028,OR,6.989084e-07,0.00018235482,1.3794247e-08,0.99981695
F,15,2028,OR,8.424164e-07,0.00016081195,1.3979021e-08,0.99983835
F,16,2028,OR,8.657951e-07,0.00016030979,1.38665115e-08,0.9998388
F,17,2028,OR,9.006734e-07,0.00013357507,1.3553539e-08,0.99986553
F,18,2028,OR,8.6129097e-07,0.00013176515,1.3537209e-08,0.9998673
F,19,2028,OR,8.677675e-07,0.0001277503,1.332871e-08,0.9998714
F,20,2028,OR,9.624863e-07,0.00010823487,1.3190779e-08,0.9998908
F,21,2028,OR,9.0423805e-07,0.00011281696,1.3055979e-08,0.9998863
F,22,2028,OR,9.447584e-07,0.00015743972,1.3925974e-08,0.9998416
F,23,2028,OR,8.016833e-07,0.00016484919,1.3945037e-08,0.9998343
F,24,2028,OR,8.626012e-07,0.0001719266,1.4323034e-08,0.9998272
F,25,2028,OR,7.63343e-07,0.00019615296,1.5109608e-08,0.9998031
F,26,2028,OR,8.010273e-07,0.00015375097,1.4620373e-08,0.9998454
F,27,2028,OR,5.617713e-07,0.00017398226,1.4350053e-08,0.9998254
F,28,2028,OR,8.2680646e-07,0.00021552469,1.5387847e-08,0.9997837
F,29,2028,OR,9.805962e-07,0.00016034675,1.4993985e-08,0.9998386
G,0,2028,OR,1.1207003e-07,0.00036514865,1.0977958e-08,0.99963474
G,1,2028,OR,9.237729e-08,0.00017423436,9.179815e-09,0.99982566
G,2,2028,OR,9.542536e-08,0.0015348126,1.4105529e-08,0.99846506
G,3,2028,OR,8.4312866e-08,0.0015540526,1.4028336e-08,0.9984459
G,4,2028,OR,7.677695e-08,0.00054807944,1.090579e-08,0.9994518
G,5,2028,OR,8.898602e-08,0.0005391848,1.0288744e-08,0.99946076
G,6,2028,OR,1.2880353e-07,0.00045045547,1.1314477e-08,0.9995493
G,7,2028,OR,1.3331008e-07,0.0005324027,1.2922969e-08,0.99946743
G,8,2028,OR,1.1773142e-07,0.0010877147,1.4289334e-08,0.9989122
G,9,2028,OR,1.11328724e-07,0.00081414584,1.1942614e-08,0.99918574
G,10,2028,OR,4.0121552e-08,0.00052934553,8.406517e-09,0.99947065
G,11,2028,OR,3.070464e-08,0.00073884276,9.60344e-09,0.9992611
G,12,2028,OR,1.2878394e-07,0.0017760732,1.5712828e-08,0.9982237
G,13,2028,OR,7.713688e-08,0.0027927463,1.5281096e-08,0.9972071
G,14,2028,OR,8.304702e-08,0.0009847165,1.1574947e-08,0.9990152
G,15,2028,OR,8.09414e-08,0.0009741788,1.2082331e-08,0.9990257
G,16,2028,OR,8.207592e-08,0.00037816566,1.1119385e-08,0.99962175
G,17,2028,OR,1.4912564e-07,0.00028340655,1.2226045e-08,0.99971646
G,18,2028,OR,7.2013265e-08,0.0020962856,1.2711194e-08,0.9979036
G,19,2028,OR,8.649417e-08,0.0032214657,1.4993267e-08,0.9967784
G,20,2028,OR,1.3450345e-07,0.0013642226,1.4607949e-08,0.9986356
G,21,2028,OR,9.827074e-08,0.0012155888,1.3125264e-08,0.99878436
G,22,2028,OR,9.1719386e-08,0.00037501464,1.0691157e-08,0.99962485
G,23,2028,OR,8.115664e-08,0.00048749006,1.0753842e-08,0.99951243
G,24,2028,OR,3.9387036e-08,0.0006497709,1.0910048e-08,0.99935013
G,25,2028,OR,2.9454156e-08,0.00057916297,9.720048e-09,0.99942076
G,26,2028,OR,4.0594855e-08,0.0008729932,9.553246e-09,0.999127
G,27,2028,OR,8.754213e-08,0.0027059317,1.34851765e-08,0.997294
G,28,2028,OR,1.3842545e-07,0.0011278962,1.5018598e-08,0.998872
G,29,2028,OR,1.1702169e-07,0.00048759952,1.1215953e-08,0.9995123
H,0,2028,OR,8.01056e-08,3.032073e-05,6.810012e-08,0.9999695
H,1,2028,OR,6.300684e-08,2.8217895e-05,5.4947154e-08,0.9999716
H,2,2028,OR,5.7528137e-08,3.5879835e-05,5.122928e-08,0.999964
H,3,2028,OR,7.300079e-08,2.5592806e-05,5.8722375e-08,0.99997425
H,4,2028,OR,8.187365e-08,1.9112304e-05,5.5458848e-08,0.9999808
H,5,2028,OR,6.4752214e-08,2.6531497e-05,4.5250477e-08,0.9999734
H,6,2028,OR,6.967489e-08,2.8940287e-05,3.994382e-08,0.9999709
H,7,2028,OR,7.346682e-08,2.3099941e-05,4.1333955e-08,0.99997675
H,8,2028,OR,6.991467e-08,2.6605023e-05,4.8013217e-08,0.9999733
H,9,2028,OR,6.4361096e-08,3.099703e-05,4.9805692e-08,0.9999689
H,10,2028,OR,5.7754356e-08,3.661142e-05,4.893795e-08,0.9999633
H,11,2028,OR,5.9528613e-08,3.0740335e-05,4.9566413e-08,0.9999691
H,12,2028,OR,6.217498e-08,2.6427257e-05,4.8102045e-08,0.9999734
H,13,2028,OR,7.454623e-08,2.1119085e-05,5.0039283e-08,0.9999788
H,14,2028,OR,7.898846e-08,1.9201127e-05,5.3864934e-08,0.9999807
H,15,2028,OR,7.053886e-08,2.6513537e-05,6.033255e-08,0.9999733
H,16,2028,OR,7.536217e-08,2.4107505e-05,4.982723e-08,0.9999758
H,17,2028,OR,7.329513e-08,2.4290322e-05,4.12771e-08,0.99997556
H,18,2028,OR,6.344708e-08,3.092841e-05,3.510604e-08,0.999969
H,19,2028,OR,7.043165e-08,2.3660112e-05,4.539939e-08,0.9999763
H,20,2028,OR,6.677975e-08,2.6666672e-05,5.7281216e-08,0.9999732
H,21,2028,OR,5.9223332e-08,3.5816218e-05,5.4029908e-08,0.9999641
H,22,2028,OR,5.557132e-08,4.5411114e-05,4.6739814e-08,0.99995446
H,23,2028,OR,5.0426504e-08,5.8364687e-05,3.7397324e-08,0.9999416
H,24,2028,OR,5.720974e-08,3.358375e-05,4.0650736e-08,0.99996626
H,25,2028,OR,7.2099596e-08,2.2991526e-05,4.590225e-08,0.9999769
H,26,2028,OR,6.26571e-08,3.0817475e-05,3.982416e-08,0.9999691
H,27,2028,OR,6.217021e-08,3.2696556e-05,4.3643535e-08,0.9999672
H,28,2028,OR,7.5507856e-08,2.698965e-05,4.5684672e-08,0.99997294
H,29,2028,OR,7.48436e-08,3.5904344e-05,4.52359e-08,0.999964
I,0,2028,OR,1.2856626e-08,0.24471942,4.402666e-08,0.75528055
I,1,2028,OR,1.0930355e-08,0.09947042,3.0838496e-08,0.9005295
I,2,2028,OR,1.3366345e-08,0.22641802,4.5411365e-08,0.7735819
I,3,2028,OR,8.897181e-09,0.029977506,2.321036e-08,0.9700225
I,4,2028,OR,7.802824e-09,0.007955056,1.7585677e-08,0.9920449
I,5,2028,OR,1.2033005e-08,0.14590639,3.6218516e-08,0.85409355
I,6,2028,OR,1.2119383e-08,0.16138197,3.466083e-08,0.8386179
I,7,2028,OR,1.3427049e-08,0.3767429,4.1174673e-08,0.62325704
I,8,2028,OR,1.29511815e-08,0.42483184,4.417326e-08,0.57516813
I,9,2028,OR,1.2896718e-08,0.19772907,4.4144755e-08,0.8022708
I,10,2028,OR,1.3360935e-08,0.4912426,4.4560622e-08,0.5087574
I,11,2028,OR,1.3878763e-08,0.35637334,4.605921e-08,0.6436266
I,12,2028,OR,1.320061e-08,0.23650374,4.260892e-08,0.76349616
I,13,2028,OR,1.1157631e-08,0.10896528,3.4198106e-08,0.8910347
I,14,2028,OR,7.175631e-09,0.0093102325,1.6072535e-08,0.99068975
I,15,2028,OR,1.0915789e-08,0.06780339,3.1146406e-08,0.9321966
I,16,2028,OR,1.29981155e-08,0.27060035,4.1465483e-08,0.72939956
I,17,2028,OR,1.3057166e-08,0.34198987,4.1564267e-08,0.65801
I,18,2028,OR,1.2329986e-08,0.21853603,3.9120092e-08,0.7814639
I,19,2028,OR,9.028325e-09,0.03972011,2.309724e-08,0.9602798
I,20,2028,OR,9.026654e-09,0.024277903,2.2874698e-08,0.975722
I,21,2028,OR,1.09343805e-08,0.06513921,2.8914997e-08,0.9348607
I,22,2028,B,1.4722192e-08,0.55742043,4.2776925e-08,0.44257954
I,23,2028,B,1.4991675e-08,0.51744086,4.2201943e-08,0.4825591
I,24,2028,OR,1.2781263e-08,0.13826184,4.3256602e-08,0.861738
I,25,2028,OR,1.0432131e-08,0.058444344,3.0334938e-08,0.9415556
I,26,2028,OR,1.1426328e-08,0.048903868,3.5875914e-08,0.9510961
I,27,2028,OR,1.1353338e-08,0.06829518,3.5581667e-08,0.9317048
I,28,2028,OR,8.268571e-09,0.0067581693,1.8059632e-08,0.9932417
I,29,2028,OR,7.715559e-09,0.003814818,1.6140282e-08,0.9961851
J,0,2028,B,8.6828e-09,0.91908294,3.5199196e-08,0.0809171
J,1,2028,B,1.2062108e-08,0.6491525,4.717469e-08,0.3508474
J,2,2028,B,1.2886998e-08,0.53747046,4.6570307e-08,0.46252942
J,3,2028,B,1.0097593e-08,0.82192826,3.7808473e-08,0.17807175
J,4,2028,B,9.977732e-09,0.8053751,3.933772e-08,0.19462496
J,5,2028,B,1.15909105e-08,0.7193188,4.4912465e-08,0.28068116
J,6,2028,B,1.2687364e-08,0.7022845,4.9499153e-08,0.29771543
J,7,2028,B,1.0850191e-08,0.8012617,4.1724853e-08,0.19873828
J,8,2028,B,9.924392e-09,0.86472344,3.789786e-08,0.13527653
J,9,2028,B,1.1809551e-08,0.77763784,4.392461e-08,0.22236213
J,10,2028,B,1.31837545e-08,0.59729296,4.775698e-08,0.402707
J,11,2028,B,1.17331895e-08,0.7271145,4.2306464e-08,0.27288553
J,12,2028,B,1.09693366e-08,0.76347023,4.064998e-08,0.23652974
J,13,2028,B,1.2432906e-08,0.58833736,4.806104e-08,0.41166252
J,14,2028,B,9.717335e-09,0.85163844,3.8526313e-08,0.14836153
J,15,2028,B,8.304587e-09,0.9104469,3.379824e-08,0.08955311
J,16,2028,B,9.205953e-09,0.84869754,3.61918e-08,0.15130246
J,17,2028,B,1.2398576e-08,0.6026632,4.737772e-08,0.3973367
J,18,2028,B,1.096432e-08,0.7604128,4.495838e-08,0.23958722
J,19,2028,B,9.713066e-09,0.8492306,4.0380897e-08,0.15076943
J,20,2028,B,1.221874e-08,0.7480787,4.682189e-08,0.2519212
J,21,2028,OR,1.375492e-08,0.43740597,4.657358e-08,0.56259406
J,22,2028,B,1.28095605e-08,0.5412873,4.6984475e-08,0.45871258
J,23,2028,B,1.03908455e-08,0.8290597,3.802996e-08,0.17094025
J,24,2028,B,1.0399152e-08,0.84727263,3.965933e-08,0.1527274
J,25,2028,B,9.28392e-09,0.9219655,3.6006764e-08,0.07803448
J,26,2028,B,8.996877e-09,0.9077099,3.7340488e-08,0.092290156
J,27,2028,B,9.875572e-09,0.83518016,3.869479e-08,0.16481982
J,28,2028,B,9.399751e-09,0.8911619,3.5342662e-08,0.108838014
J,29,2028,B,9.426249e-09,0.8857644,3.5871842e-08,0.11423558
K,0,2028,OR,2.3769947e-07,8.400635e-05,1.9360018e-06,0.9999138
K,1,2028,OR,3.2491903e-07,8.696188e-05,4.4698e-06,0.9999082
K,2,2028,OR,3.73936e-07,7.1846705e-05,4.2771326e-06,0.99992347
K,3,2028,OR,2.9446164e-07,8.583615e-05,2.2604875e-06,0.99991155
K,4,2028,OR,1.7565883e-07,0.00011360358,9.936841e-07,0.9998852
K,5,2028,OR,2.107433e-07,0.00013480724,1.8847693e-06,0.999863
K,6,2028,OR,2.3828719e-07,0.00016233225,2.4079834e-06,0.999835
K,7,2028,OR,2.6791415e-07,0.000104817926,2.1750639e-06,0.9998927
K,8,2028,OR,2.2469447e-07,9.079695e-05,1.5467618e-06,0.9999074
K,9,2028,OR,2.2333215e-07,9.705512e-05,1.9188728e-06,0.9999008
K,10,2028,OR,2.768081e-07,9.4929506e-05,2.234262e-06,0.9999026
K,11,2028,OR,2.8839682e-07,9.358835e-05,2.4076758e-06,0.9999037
K,12,2028,OR,3.5050755e-07,0.00010096395,4.9677524e-06,0.99989367
K,13,2028,OR,3.7200653e-07,0.00012828664,5.4981233e-06,0.9998658
K,14,2028,OR,2.3552687e-07,0.00010500291,2.1166593e-06,0.9998926
K,15,2028,OR,1.7375959e-07,0.000105181425,9.355305e-07,0.99989367
K,16,2028,OR,1.5784782e-07,0.00012500523,7.102038e-07,0.9998741
K,17,2028,OR,1.600485e-07,0.00013256341,6.957762e-07,0.9998666
K,18,2028,OR,1.7566383e-07,0.000112120826,7.414424e-07,0.999887
K,19,2028,OR,1.8703815e-07,8.51164e-05,9.164485e-07,0.9999138
K,20,2028,OR,2.0413063e-07,9.667812e-05,1.3373527e-06,0.9999018
K,21,2028,OR,1.754683e-07,9.842152e-05,9.394493e-07,0.99990046
K,22,2028,OR,1.8060535e-07,7.776497e-05,1.0037043e-06,0.9999211
K,23,2028,OR,1.9789782e-07,8.317527e-05,1.0984865e-06,0.9999155
K,24,2028,OR,2.3314468e-07,0.00011597566,2.2456325e-06,0.9998815
K,25,2028,OR,2.026062e-07,0.0001408226,2.014624e-06,0.99985695
K,26,2028,OR,1.5570983e-07,0.00013619808,6.4677704e-07,0.999863
K,27,2028,OR,1.9673288e-07,0.00014509987,8.435767e-07,0.99985385
K,28,2028,OR,1.7307052e-07,0.00017809219,1.0189522e-06,0.99982077
K,29,2028,OR,1.8830809e-07,0.00017267514,1.5505417e-06,0.99982566
L,0,2028,OR,1.5032113e-07,0.00013228922,8.990095e-09,0.99986756
L,1,2028,OR,2.531285e-07,0.00021090491,1.0213703e-08,0.9997888
L,2,2028,OR,3.4666186e-07,0.00023234026,1.1962907e-08,0.99976736
L,3,2028,OR,2.2580738e-07,0.00016979511,1.0302698e-08,0.9998299
L,4,2028,OR,1.599899e-07,0.00015711696,9.158652e-09,0.99984264
L,5,2028,OR,1.9139783e-07,0.0004284501,1.0992704e-08,0.9995714
L,6,2028,OR,2.4472496e-07,0.0005104543,1.2282206e-08,0.9994893
L,7,2028,OR,4.824463e-07,0.00026713707,1.188591e-08,0.9997323
L,8,2028,OR,7.102589e-07,0.00020103967,1.2411021e-08,0.99979824
L,9,2028,OR,3.218659e-07,0.00028353106,1.1122555e-08,0.9997161
L,10,2028,OR,2.5715812e-07,0.00029940525,1.0912831e-08,0.9997003
L,11,2028,OR,1.8084789e-07,0.00017590146,9.65649e-09,0.999824
L,12,2028,OR,2.8792348e-07,0.00025268775,1.0932486e-08,0.999747
L,13,2028,OR,2.3615148e-07,0.00031963474,1.0847036e-08,0.99968016
L,14,2028,OR,1.6278393e-07,0.00032383352,1.0102102e-08,0.999676
L,15,2028,OR,2.520513e-07,0.00030012228,1.085536e-08,0.9996996
L,16,2028,OR,2.893355e-07,0.00016511575,1.0501842e-08,0.99983454
L,17,2028,OR,2.2836694e-07,0.00019755967,9.685442e-09,0.9998022
L,18,2028,OR,2.2428567e-07,0.0002749234,9.6074375e-09,0.9997248
L,19,2028,OR,2.588473e-07,0.00022007855,1.0376488e-08,0.99977964
L,20,2028,OR,2.6115302e-07,0.0001790484,1.0877069e-08,0.99982065
L,21,2028,OR,2.588594e-07,0.00013509007,9.87138e-09,0.9998646
L,22,2028,OR,3.4903437e-07,0.00020186261,1.134517e-08,0.99979776
L,23,2028,OR,2.9252726e-07,0.00023778841,1.133717e-08,0.9997619
L,24,2028,OR,2.8115645e-07,0.00020205771,1.0658856e-08,0.99979764
L,25,2028,OR,4.900184e-07,0.00022180231,1.1546063e-08,0.99977773
L,26,2028,OR,7.1918737e-07,0.00022091455,1.29526825e-08,0.99977833
L,27,2028,OR,3.9190363e-07,0.0001579634,1.09147065e-08,0.9998416
L,28,2028,OR,2.1682345e-07,0.00020333675,1.0126471e-08,0.99979645
L,29,2028,OR,1.4836942e-07,0.000128813,9.547915e-09,0.999871
M,0,2028,OR,1.972567e-07,4.7948583e-05,5.9476395e-07,0.99995124
M,1,2028,OR,2.3077698e-07,6.144857e-05,8.330626e-07,0.99993753
M,2,2028,OR,2.5580817e-07,5.8858022e-05,1.212556e-06,0.9999397
M,3,2028,OR,3.111327e-07,5.0113886e-05,1.816311e-06,0.9999478
M,4,2028,OR,3.2862906e-07,5.0761882e-05,1.4115229e-06,0.99994755
M,5,2028,OR,2.8787022e-07,5.8978203e-05,1.1287086e-06,0.99993956
M,6,2028,OR,2.623768e-07,6.56254e-05,7.199673e-07,0.99993336
M,7,2028,OR,3.0184702e-07,6.4878164e-05,1.3371339e-06,0.9999335
M,8,2028,OR,3.7977264e-07,6.153236e-05,2.6655912e-06,0.9999354
M,9,2028,OR,3.6755753e-07,4.784076e-05,2.0867426e-06,0.9999497
M,10,2028,OR,2.98044e-07,5.2225063e-05,1.7056445e-06,0.99994576
M,11,2028,OR,2.4295292e-07,8.644453e-05,1.1009538e-06,0.99991226
M,12,2028,OR,2.487549e-07,7.269944e-05,6.5106724e-07,0.99992645
M,13,2028,OR,2.4902064e-07,5.7614707e-05,8.693962e-07,0.99994123
M,14,2028,OR,2.4023072e-07,6.668648e-05,9.825301e-07,0.99993205
M,15,2028,OR,3.0245576e-07,6.8297275e-05,1.2940179e-06,0.99993014
M,16,2028,OR,2.9221312e-07,6.1415776e-05,1.6463777e-06,0.9999367
M,17,2028,OR,2.6481862e-07,6.145291e-05,1.6359211e-06,0.9999367
M,18,2028,OR,2.5177934e-07,5.886527e-05,1.1364402e-06,0.9999398
M,19,2028,OR,2.4431534e-07,6.0031314e-05,9.965541e-07,0.9999387
M,20,2028,OR,2.4922429e-07,6.578076e-05,1.1026515e-06,0.9999329
M,21,2028,OR,2.7298682e-07,5.422229e-05,1.1065091e-06,0.99994445
M,22,2028,OR,2.5520083e-07,5.569147e-05,9.124115e-07,0.99994314
M,23,2028,OR,2.1248275e-07,6.0684455e-05,4.88725e-07,0.9999386
M,24,2028,OR,2.0948413e-07,6.75069e-05,6.211778e-07,0.9999317
M,25,2028,OR,2.558343e-07,6.643062e-05,1.1411362e-06,0.99993217
M,26,2028,OR,2.6113764e-07,6.365742e-05,7.1834603e-07,0.9999354
M,27,2028,OR,2.540282e-07,7.3881565e-05,1.1838271e-06,0.99992466
M,28,2028,OR,2.3274862e-07,7.778387e-05,1.1245058e-06,0.99992085
M,29,2028,OR,2.580403e-07,7.0337024e-05,1.1864557e-06,0.99992824
N,0,2028,OR,1.6561147e-08,0.3043836,3.434316e-08,0.6956163
N,1,2028,OR,1.3614717e-08,0.1126966,2.1603094e-08,0.8873033
N,2,2028,B,1.5701014e-08,0.54177916,3.101945e-08,0.45822084
N,3,2028,B,1.1423088e-08,0.78335273,2.3724128e-08,0.21664724
N,4,2028,OR,1.709668e-08,0.39031285,3.3740523e-08,0.6096871
N,5,2028,OR,1.7234925e-08,0.4324821,3.3639598e-08,0.5675179
N,6,2028,OR,1.2615176e-08,0.04663136,1.8168173e-08,0.95336854
N,7,2028,B,1.545255e-08,0.664089,3.337372e-08,0.33591095
N,8,2028,B,1.2699165e-08,0.76964283,2.7078247e-08,0.23035719
N,9,2028,OR,1.111286e-08,0.054103572,1.5806613e-08,0.9458963
N,10,2028,B,1.3500176e-08,0.73411804,2.7228175e-08,0.26588196
N,11,2028,B,1.1716063e-08,0.8146561,2.4005802e-08,0.18534397
N,12,2028,OR,1.3334842e-08,0.08056714,1.988569e-08,0.9194328
N,13,2028,OR,1.8278376e-08,0.3540757,3.0618345e-08,0.64592427
N,14,2028,B,1.6197273e-08,0.64097255,2.8001917e-08,0.3590274
N,15,2028,OR,1.5447647e-08,0.14697291,2.2818606e-08,0.85302705
N,16,2028,OR,1.6659223e-08,0.44133085,3.0570657e-08,0.55866915
N,17,2028,B,1.6267103e-08,0.5471084,2.9689888e-08,0.4528915
N,18,2028,OR,1.3193933e-08,0.09394177,1.9063586e-08,0.90605825
N,19,2028,B,1.1605571e-08,0.8853136,2.4682143e-08,0.114686474
N,20,2028,B,1.1048633e-08,0.89818263,2.3053257e-08,0.10181737
N,21,2028,OR,1.1358206e-08,0.040013697,1.6240023e-08,0.9599863
N,22,2028,OR,1.3014271e-08,0.05451506,2.2497327e-08,0.94548494
N,23,2028,OR,1.2408423e-08,0.060213316,2.135918e-08,0.9397867
N,24,2028,OR,1.1359741e-08,0.035569023,1.6405144e-08,0.964431
N,25,2028,B,1.1116302e-08,0.8574039,2.3046455e-08,0.1425961
N,26,2028,B,1.0266001e-08,0.8502622,2.1329685e-08,0.1497378
N,27,2028,OR,1.2525772e-08,0.09630902,1.8796777e-08,0.90369093
N,28,2028,OR,1.1214679e-08,0.042026307,1.7450924e-08,0.9579736
N,29,2028,OR,1.4718472e-08,0.21868028,2.5456185e-08,0.7813197
O,0,2028,OR,6.118883e-08,0.0047100727,1.5083517e-08,0.9952898
O,1,2028,OR,9.80849e-08,0.06587764,3.4068155e-08,0.9341222
O,2,2028,OR,8.410548e-08,0.024971474,2.3872467e-08,0.9750284
O,3,2028,OR,1.8524335e-07,0.0013901835,1.6385869e-08,0.99860954
O,4,2028,OR,2.4643143e-07,0.0019913472,2.1179963e-08,0.99800843
O,5,2028,OR,3.1758677e-07,0.004025529,2.584375e-08,0.9959741
O,6,2028,OR,1.6199664e-07,0.0043975287,2.2818176e-08,0.99560225
O,7,2028,OR,1.4272906e-07,0.0038053521,1.9437206e-08,0.9961945
O,8,2028,OR,1.3326576e-07,0.005192835,2.0421027e-08,0.99480706
O,9,2028,OR,1.1149317e-07,0.0020313512,1.5437594e-08,0.9979685
O,10,2028,OR,1.9663526e-07,0.002892654,2.1257923e-08,0.9971071
O,11,2028,OR,2.3338904e-07,0.015947964,3.401292e-08,0.9840517
O,12,2028,OR,1.8194618e-07,0.0052548703,2.420751e-08,0.9947449
O,13,2028,OR,1.7837951e-07,0.0038595696,2.0767319e-08,0.9961402
O,14,2028,OR,1.1266879e-07,0.0021600982,1.7805894e-08,0.9978397
O,15,2028,OR,1.16244436e-07,0.0016230396,1.7694344e-08,0.99837685
O,16,2028,OR,1.5287254e-07,0.0029238844,1.9088494e-08,0.9970759
O,17,2028,OR,9.462591e-08,0.001258375,1.4104081e-08,0.99874157
O,18,2028,OR,1.3030693e-07,0.0029923816,1.806108e-08,0.9970074
O,19,2028,OR,1.2307923e-07,0.0014035515,1.7351615e-08,0.99859625
O,20,2028,OR,9.753095e-08,0.0013237874,1.5942641e-08,0.9986761
O,21,2028,OR,1.0337534e-07,0.0017602155,1.5016735e-08,0.99823964
O,22,2028,OR,2.201415e-07,0.0014888789,1.7677255e-08,0.9985109
O,23,2028,OR,1.1978635e-07,0.0018833362,1.7597152e-08,0.9981165
O,24,2028,OR,2.876172e-07,0.003629741,2.4478235e-08,0.99636996
O,25,2028,OR,1.4071537e-07,0.006201476,2.2889193e-08,0.9937983
O,26,2028,OR,1.5814668e-07,0.0030817662,1.8882163e-08,0.9969181
O,27,2028,OR,2.5777558e-07,0.0030349835,2.2227653e-08,0.99696475
O,28,2028,OR,2.4138768e-07,0.0073060743,2.6384669e-08,0.99269366
O,29,2028,OR,2.7645646e-07,0.0025304316,2.0381423e-08,0.9974693
P,0,2028,OR,2.674886e-06,0.00018317021,1.6641785e-08,0.9998142
P,1,2028,OR,2.4432024e-06,0.0002118315,1.6427744e-08,0.9997857
P,2,2028,OR,2.389962e-06,0.00018563018,1.604927e-08,0.99981195
P,3,2028,OR,2.6474975e-06,0.00016099961,1.6507352e-08,0.9998363
P,4,2028,OR,3.3866786e-06,0.0001393395,1.6959353e-08,0.9998572
P,5,2028,OR,3.3345993e-06,0.00013833563,1.6515587e-08,0.99985826
P,6,2028,OR,3.4662442e-06,0.00017458817,1.7623691e-08,0.99982196
P,7,2028,OR,3.2908265e-06,0.00015239,1.6592272e-08,0.9998443
P,8,2028,OR,2.8151665e-06,0.00013076232,1.5298395e-08,0.99986637
P,9,2028,OR,3.182673e-06,0.0001713217,1.6815997e-08,0.99982554
P,10,2028,OR,3.257618e-06,0.00016501438,1.6972772e-08,0.9998317
P,11,2028,OR,2.2686454e-06,0.00012857305,1.5069418e-08,0.9998691
P,12,2028,OR,2.2663771e-06,0.00018383007,1.607801e-08,0.99981385
P,13,2028,OR,3.1566465e-06,0.0002123612,1.7772333e-08,0.9997845
P,14,2028,OR,2.9870664e-06,0.00016067414,1.6907228e-08,0.9998363
P,15,2028,OR,2.2656375e-06,0.00020223905,1.6129254e-08,0.9997955
P,16,2028,OR,2.8555087e-06,0.00017878998,1.632019e-08,0.9998184
P,17,2028,OR,4.330273e-06,0.00012985406,1.7022405e-08,0.9998658
P,18,2028,OR,3.0246104e-06,0.00014806246,1.6115875e-08,0.99984884
P,19,2028,OR,3.0746169e-06,0.00016935806,1.6957104e-08,0.9998275
P,20,2028,OR,3.1402358e-06,0.00018520998,1.6924913e-08,0.9998117
P,21,2028,OR,3.1685104e-06,0.00017470213,1.6600515e-08,0.9998222
P,22,2028,OR,3.9640786e-06,0.00015806603,1.7240884e-08,0.9998379
P,23,2028,OR,3.306868e-06,0.00019248841,1.726179e-08,0.9998042
P,24,2028,OR,2.7196884e-06,0.00021408222,1.7630505e-08,0.9997832
P,25,2028,OR,3.450593e-06,0.00017402392,1.747725e-08,0.99982256
P,26,2028,OR,4.1921603e-06,0.00015750421,1.7595227e-08,0.99983823
P,27,2028,OR,3.1046789e-06,0.00016781007,1.6920977e-08,0.99982905
P,28,2028,OR,2.94065e-06,0.00016357227,1.6176388e-08,0.99983346
P,29,2028,OR,3.310498e-06,0.00015297088,1.6601948e-08,0.9998437
A,0,2029,OR,0.0020953345,1.6849953e-08,0.000167842,0.9977368
A,1,2029,OR,0.0021435388,1.628668e-08,0.00014986948,0.99770653
A,2,2029,OR,0.002231765,1.646662e-08,0.00013825775,0.9976299
A,3,2029,OR,0.002099024,1.6145215e-08,0.00014267195,0.99775827
A,4,2029,OR,0.0020207295,1.6394026e-08,0.00016565192,0.9978136
A,5,2029,OR,0.0020857328,1.7469127e-08,0.00018477367,0.9977295
A,6,2029,OR,0.00195498,1.7241161e-08,0.00017619133,0.9978688
A,7,2029,OR,0.0019624354,1.8076463e-08,0.00020565704,0.9978319
A,8,2029,OR,0.00248185,1.4850411e-08,0.00010533462,0.99741286
A,9,2029,OR,0.0029459435,1.610878e-08,0.00010910542,0.99694496
A,10,2029,OR,0.003106212,1.5432725e-08,9.790628e-05,0.99679583
A,11,2029,OR,0.0032734298,1.3066273e-08,6.149182e-05,0.99666506
A,12,2029,OR,0.0025024165,1.9224935e-08,0.00019117177,0.99730635
A,13,2029,OR,0.0025949636,1.3891434e-08,7.950522e-05,0.99732554
A,14,2029,OR,0.002906674,1.3329258e-08,7.558727e-05,0.99701774
A,15,2029,OR,0.0026858435,1.4471478e-08,9.853326e-05,0.9972156
A,16,2029,OR,0.0022289557,1.5415951e-08,0.00012717393,0.9976439
A,17,2029,OR,0.0021829202,1.8078135e-08,0.00020110405,0.99761593
A,18,2029,OR,0.0021155581,1.7942268e-08,0.00021759541,0.99766684
A,19,2029,OR,0.0022781454,1.7466377e-08,0.00018949072,0.99753237
A,20,2029,OR,0.0026985467,1.3844696e-08,8.9891604e-05,0.9972115
A,21,2029,OR,0.0031634509,1.2097117e-08,4.873974e-05,0.9967878
A,22,2029,OR,0.002845981,1.3317958e-08,6.899259e-05,0.99708503
A,23,2029,OR,0.0023695962,1.5481767e-08,0.00012814462,0.99750227
A,24,2029,OR,0.0023259704,1.7045348e-08,0.00015641276,0.9975176
A,25,2029,OR,0.0024717408,1.4215815e-08,9.047781e-05,0.9974377
A,26,2029,OR,0.002523106,1.2263521e-08,5.8110043e-05,0.99741876
A,27,2029,OR,0.0021463623,1.6077005e-08,0.00015013755,0.9977035
A,28,2029,OR,0.002426077,1.1955861e-08,6.7231915e-05,0.9975067
A,29,2029,OR,0.002165636,1.5913416e-08,0.00015382185,0.99768054
B,0,2029,OR,0.010741844,7.821115e-09,2.8588515e-06,0.9892553
B,1,2029,OR,0.00897154,7.855401e-09,2.9900127e-06,0.99102545
B,2,2029,OR,0.0054405443,6.557309e-09,3.3233823e-06,0.9945562
B,3,2029,OR,0.004084643,5.6539475e-09,2.3987575e-06,0.99591297
B,4,2029,OR,0.006286981,6.1390732e-09,2.5340219e-06,0.9937105
B,5,2029,OR,0.0046262257,5.7475797e-09,1.4622083e-06,0.99537235
B,6,2029,OR,0.010843112,8.191876e-09,2.00878e-06,0.9891549
B,7,2029,OR,0.0109976325,8.29864e-09,2.3999842e-06,0.989
B,8,2029,OR,0.0068330825,6.6712227e-09,2.4747228e-06,0.99316436
B,9,2029,OR,0.009602849,7.328289e-09,3.988365e-06,0.9903931
B,10,2029,OR,0.0120160915,7.850134e-09,3.906273e-06,0.98797995
B,11,2029,OR,0.008850766,6.922875e-09,3.4459545e-06,0.9911458
B,12,2029,OR,0.009305504,6.709767e-09,4.036198e-06,0.99069047
B,13,2029,OR,0.0044843224,5.692808e-09,1.2135464e-06,0.99551445
B,14,2029,OR,0.004178886,5.631164e-09,1.1639293e-06,0.9958199
B,15,2029,OR,0.012307984,8.371291e-09,6.080167e-06,0.9876859
B,16,2029,OR,0.008803966,7.1501325e-09,2.3102493e-06,0.9911937
B,17,2029,OR,0.010129706,7.614316e-09,2.1850853e-06,0.98986816
B,18,2029,OR,0.011758329,7.807146e-09,3.269752e-06,0.9882384
B,19,2029,OR,0.007945366,6.3852816e-09,3.080472e-06,0.9920515
B,20,2029,OR,0.00634007,5.986224e-09,4.136234e-06,0.9936558
B,21,2029,OR,0.010266433,7.784299e-09,6.0703187e-06,0.98972756
B,22,2029,OR,0.007833553,6.571358e-09,4.881792e-06,0.9921616
B,23,2029,OR,0.008312093,6.632752e-09,4.096784e-06,0.99168384
B,24,2029,OR,0.010362693,6.8606916e-09,3.8778903e-06,0.98963344
B,25,2029,OR,0.00644218,6.827857e-09,2.1390915e-06,0.9935556
B,26,2029,OR,0.006324121,6.415054e-09,1.7731139e-06,0.99367416
B,27,2029,OR,0.010821372,7.1069497e-09,3.9753486e-06,0.9891747
B,28,2029,OR,0.0064230473,6.5178574e-09,2.6489424e-06,0.9935743
B,29,2029,OR,0.0050781644,5.7777796e-09,1.9694037e-06,0.99491984
C,0,2029,OR,0.0016506204,3.622741e-08,1.0054661e-07,0.9983493
C,1,2029,OR,0.0012944416,1.446808e-07,7.9150716e-08,0.99870527
C,2,2029,OR,0.00084586244,5.153089e-07,6.619666e-08,0.9991535
C,3,2029,OR,0.0010381241,3.5320508e-07,6.6253655e-08,0.99896145
C,4,2029,OR,0.001152536,2.6823957e-07,6.665355e-08,0.9988471
C,5,2029,OR,0.0016619298,3.3821866e-08,9.54527e-08,0.99833786
C,6,2029,OR,0.0016947433,2.7026406e-08,9.9112235e-08,0.9983051
C,7,2029,OR,0.0011234385,1.5385535e-07,6.6747475e-08,0.9988763
C,8,2029,OR,0.0013864272,8.294698e-08,8.188623e-08,0.99861336
C,9,2029,OR,0.001388782,9.260904e-08,8.071144e-08,0.998611
C,10,2029,OR,0.0011887152,1.1676565e-07,7.541265e-08,0.9988111
C,11,2029,OR,0.0015631921,5.4533135e-08,9.7921124e-08,0.9984366
C,12,2029,OR,0.0014423346,9.192551e-08,7.9157424e-08,0.9985575
C,13,2029,OR,0.001301596,1.00188466e-07,8.181669e-08,0.99869823
C,14,2029,OR,0.0018334689,4.0849358e-08,1.0621335e-07,0.9981664
C,15,2029,OR,0.0011452867,1.3335114e-07,7.134437e-08,0.9988545
C,16,2029,OR,0.0014684144,1.0241803e-07,8.105178e-08,0.99853134
C,17,2029,OR,0.0018605702,5.578546e-08,1.0282439e-07,0.99813926
C,18,2029,OR,0.0014263086,6.49051e-08,7.8915974e-08,0.99857354
C,19,2029,OR,0.001288772,8.445518e-08,7.5031366e-08,0.9987111
C,20,2029,OR,0.0012183387,5.6098436e-08,7.733902e-08,0.9987815
C,21,2029,OR,0.0015395419,5.2260315e-08,8.551925e-08,0.9984603
C,22,2029,OR,0.001116716,1.0564527e-07,7.1334156e-08,0.99888307
C,23,2029,OR,0.0015370363,5.042728e-08,9.2534215e-08,0.9984628
C,24,2029,OR,0.0015782843,2.5573115e-08,1.0529317e-07,0.99842155
C,25,2029,OR,0.0019035353,5.1026614e-08,1.0193014e-07,0.9980963
C,26,2029,OR,0.0014799144,6.9624235e-08,8.447961e-08,0.99851996
C,27,2029,OR,0.0014941625,6.5734525e-08,7.8386485e-08,0.9985057
C,28,2029,OR,0.0013616888,1.0122503e-07,7.331825e-08,0.9986381
C,29,2029,OR,0.0014450211,5.0753172e-08,8.0269835e-08,0.9985549
D,0,2029,OR,0.084613875,2.1903547e-08,4.888594e-06,0.9153812
D,1,2029,OR,0.10387016,2.4915321e-08,4.808122e-06,0.89612496
D,2,2029,OR,0.11900642,2.6271673e-08,4.9159244e-06,0.8809886
D,3,2029,OR,0.120901294,2.6124164e-08,5.2442847e-06,0.87909347
D,4,2029,OR,0.10196783,2.4837252e-08,5.064148e-06,0.89802706
D,5,2029,OR,0.10240899,2.474686e-08,5.0314457e-06,0.897586
D,6,2029,OR,0.10823177,2.5251298e-08,5.317481e-06,0.89176285
D,7,2029,OR,0.10333729,2.4797478e-08,5.3798767e-06,0.89665735
D,8,2029,OR,0.08576583,2.339719e-08,4.7161016e-06,0.9142294
D,9,2029,OR,0.09000979,2.3666878e-08,4.600225e-06,0.90998566
D,10,2029,OR,0.09595205,2.408449e-08,5.5386854e-06,0.9040424
D,11,2029,OR,0.097515605,2.3625978e-08,5.415312e-06,0.902479
D,12,2029,OR,0.0771032,2.1146558e-08,5.199913e-06,0.92289156
D,13,2029,OR,0.066671036,2.0466546e-08,4.806712e-06,0.9333241
D,14,2029,OR,0.07798584,2.2092431e-08,4.63442e-06,0.9220096
D,15,2029,OR,0.090007864,2.2461473e-08,5.0526264e-06,0.90998703
D,16,2029,OR,0.10503599,2.4357954e-08,5.2389178e-06,0.8949588
D,17,2029,OR,0.102311835,2.371154e-08,5.2651376e-06,0.8976829
D,18,2029,OR,0.10699176,2.5006898e-08,4.758591e-06,0.8930034
D,19,2029,OR,0.11323459,2.6279384e-08,4.669699e-06,0.8867607
D,20,2029,OR,0.10328577,2.4402986e-08,5.05151e-06,0.89670914
D,21,2029,OR,0.09278771,2.3086322e-08,5.2678574e-06,0.9072071
D,22,2029,OR,0.09628213,2.4054959e-08,5.1292e-06,0.9037127
D,23,2029,OR,0.10266653,2.459851e-08,4.9557048e-06,0.8973285
D,24,2029,OR,0.09048047,2.3221993e-08,4.626387e-06,0.9095149
D,25,2029,OR,0.10811442,2.561904e-08,4.888116e-06,0.8918807
D,26,2029,OR,0.105804615,2.5114657e-08,4.985205e-06,0.8941904
D,27,2029,OR,0.10514895,2.5145354e-08,4.8199745e-06,0.8948462
D,28,2029,OR,0.09536419,2.4390488e-08,4.82818e-06,0.904631
D,29,2029,OR,0.08690842,2.3286614e-08,4.8927004e-06,0.9130867
E,0,2029,OR,0.00047390463,1.8473975e-05,2.1735775e-07,0.9995074
E,1,2029,OR,0.00051284453,2.917508e-06,1.4785134e-07,0.99948406
E,2,2029,OR,0.00049267575,2.3061053e-05,1.9635205e-07,0.99948406
E,3,2029,OR,0.00045887256,2.5752843e-05,1.9310458e-07,0.9995152
E,4,2029,OR,0.0008681462,5.3971544e-08,1.5459192e-07,0.9991316
E,5,2029,OR,0.0011975712,1.0195126e-07,1.9884689e-07,0.99880207
E,6,2029,OR,0.00061892875,1.0893581e-06,1.53249e-07,0.99937975
E,7,2029,OR,0.00056503975,1.7997735e-06,1.1802061e-07,0.999433
E,8,2029,OR,0.0005104601,1.5034788e-05,1.3670804e-07,0.99947435
E,9,2029,OR,0.0005430612,1.3548791e-05,1.4397298e-07,0.99944323
E,10,2029,OR,0.0007769448,2.023504e-06,1.8156321e-07,0.99922085
E,11,2029,OR,0.0005950283,9.075615e-06,1.9772912e-07,0.9993957
E,12,2029,OR,0.00065882993,1.1324768e-06,2.089269e-07,0.99933976
E,13,2029,OR,0.00047799712,7.975467e-05,3.0422325e-07,0.9994419
E,14,2029,OR,0.00041889612,0.00025273755,2.8386668e-07,0.99932814
E,15,2029,OR,0.00043570375,4.8753103e-05,1.8963857e-07,0.9995154
E,16,2029,OR,0.0007895158,6.9411584e-07,1.4604579e-07,0.99920964
E,17,2029,OR,0.0006505001,8.822661e-08,1.4317152e-07,0.9993493
E,18,2029,OR,0.0006882758,2.949091e-07,1.4086963e-07,0.9993113
E,19,2029,OR,0.0008117917,2.8589116e-07,1.4900344e-07,0.99918777
E,20,2029,OR,0.00053104694,3.4246036e-06,1.3296712e-07,0.9994654
E,21,2029,OR,0.0004205092,3.0950272e-05,1.9740187e-07,0.9995484
E,22,2029,OR,0.00038843526,3.351601e-06,1.5605944e-07,0.9996081
E,23,2029,OR,0.0005971987,3.6118809e-07,1.3040112e-07,0.9994023
E,24,2029,OR,0.0005333486,7.7619706e-07,1.3299432e-07,0.99946576
E,25,2029,OR,0.0006139848,8.1236624e-07,1.3772616e-07,0.999385
E,26,2029,OR,0.00066383765,1.1906244e-05,2.1843347e-07,0.9993241
E,27,2029,OR,0.00071346835,1.4996132e-07,1.2823007e-07,0.99928623
E,28,2029,OR,0.00090083777,8.06916e-08,1.7215717e-07,0.9990989
E,29,2029,OR,0.0005514948,6.3919847e-06,1.6354743e-07,0.9994419
F,0,2029,OR,0.05190679,1.7735248e-08,5.8581245e-06,0.9480873
F,1,2029,OR,0.05078697,1.7771102e-08,6.042419e-06,0.94920695
F,2,2029,OR,0.03874454,1.6375916e-08,6.9714793e-06,0.9612485
F,3,2029,OR,0.036088087,1.5511612e-08,7.46603e-06,0.96390444
F,4,2029,OR,0.037192237,1.5406005e-08,6.9797816e-06,0.9628008
F,5,2029,OR,0.03962273,1.637857e-08,6.641918e-06,0.96037066
F,6,2029,OR,0.03879609,1.6577607e-08,6.8871964e-06,0.96119696
F,7,2029,OR,0.034627896,1.5176436e-08,6.704542e-06,0.96536535
F,8,2029,OR,0.029671215,1.4125532e-08,6.818923e-06,0.97032195
F,9,2029,OR,0.033433635,1.4881258e-08,6.7206065e-06,0.96655965
F,10,2029,OR,0.035147425,1.5600998e-08,7.1744407e-06,0.9648454
F,11,2029,OR,0.04095301,1.6150674e-08,5.839363e-06,0.9590411
F,12,2029,OR,0.049065985,1.729537e-08,6.22958e-06,0.95092773
F,13,2029,OR,0.051349007,1.7763762e-08,6.062373e-06,0.94864494
F,14,2029,OR,0.04228064,1.715283e-08,5.457999e-06,0.95771384
F,15,2029,OR,0.0435876,1.7481822e-08,6.315663e-06,0.95640606
F,16,2029,OR,0.047129113,1.7219385e-08,6.703305e-06,0.9528641
F,17,2029,OR,0.045619443,1.7066297e-08,6.68353e-06,0.95437384
F,18,2029,OR,0.0432056,1.7413315e-08,6.1573633e-06,0.9567882
F,19,2029,OR,0.04176287,1.6811311e-08,6.371925e-06,0.9582308
F,20,2029,OR,0.042269528,1.6575358e-08,7.1634e-06,0.95772326
F,21,2029,OR,0.04230476,1.6453798e-08,6.9718526e-06,0.9576883
F,22,2029,OR,0.045171283,1.707122e-08,6.579569e-06,0.9548221
F,23,2029,OR,0.04087,1.65825e-08,6.6344624e-06,0.9591234
F,24,2029,OR,0.048151825,1.7591463e-08,6.4457267e-06,0.9518418
F,25,2029,OR,0.03955687,1.692286e-08,6.9816488e-06,0.96043617
F,26,2029,OR,0.037633203,1.6662558e-08,7.2537505e-06,0.96235955
F,27,2029,OR,0.031147411,1.513191e-08,7.4355335e-06,0.9688451
F,28,2029,OR,0.03942323,1.6828508e-08,7.3626047e-06,0.9605694
F,29,2029,OR,0.04176813,1.7466318e-08,7.446126e-06,0.9582244
G,0,2029,OR,0.022680711,9.980481e-09,5.658908e-06,0.9773136
G,1,2029,OR,0.019468674,9.768083e-09,4.378929e-06,0.9805269
G,2,2029,OR,0.026443502,1.01804725e-08,6.6958605e-06,0.9735497
G,3,2029,OR,0.017868381,8.489754e-09,5.829858e-06,0.98212576
G,4,2029,OR,0.021950765,9.4390185e-09,5.429817e-06,0.97804374
G,5,2029,OR,0.02850392,1.0648824e-08,4.5720844e-06,0.9714916
G,6,2029,OR,0.02633722,1.0638264e-08,4.9171886e-06,0.9736579
G,7,2029,OR,0.020761346,9.920459e-09,6.019121e-06,0.9792326
G,8,2029,OR,0.020497944,9.748962e-09,5.6116446e-06,0.9794964
G,9,2029,OR,0.026566662,1.0249457e-08,4.9041173e-06,0.9734284
G,10,2029,OR,0.012463362,7.715666e-09,2.327349e-06,0.9875343
G,11,2029,OR,0.008167674,6.6721784e-09,2.3342536e-06,0.99182993
G,12,2029,OR,0.031867243,1.1209092e-08,7.274997e-06,0.9681255
G,13,2029,OR,0.020752797,9.277281e-09,6.033657e-06,0.9792412
G,14,2029,OR,0.021760808,9.852119e-09,3.8021305e-06,0.97823536
G,15,2029,OR,0.02250962,1.0028556e-08,4.5408924e-06,0.9774858
G,16,2029,OR,0.019996803,9.598994e-09,5.5314945e-06,0.97999763
G,17,2029,OR,0.025996948,1.0683097e-08,7.225462e-06,0.9739958
G,18,2029,OR,0.025680827,9.628908e-09,5.334429e-06,0.9743138
G,19,2029,OR,0.026223933,9.787641e-09,5.876815e-06,0.97377026
G,20,2029,OR,0.028934618,1.0210352e-08,7.2459816e-06,0.97105813
G,21,2029,OR,0.027922997,1.0026321e-08,6.9086677e-06,0.9720701
G,22,2029,OR,0.023268586,1.0283786e-08,5.3406743e-06,0.97672606
G,23,2029,OR,0.02046525,9.675051e-09,4.6461782e-06,0.97953016
G,24,2029,OR,0.0100364685,7.1802098e-09,3.8670755e-06,0.9899596
G,25,2029,OR,0.007420194,6.3658456e-09,2.6381952e-06,0.99257714
G,26,2029,OR,0.012778051,7.4353053e-09,3.2355792e-06,0.98721874
G,27,2029,OR,0.033859935,1.1144812e-08,5.3226872e-06,0.9661347
G,28,2029,OR,0.028668864,1.0752806e-08,6.989652e-06,0.97132415
G,29,2029,OR,0.026348097,1.0203333e-08,5.4887996e-06,0.97364634
H,0,2029,OR,0.004571661,1.1900132e-08,1.3324347e-05,0.995415
H,1,2029,OR,0.004410359,1.0781874e-08,1.0207378e-05,0.9955794
H,2,2029,OR,0.004525693,1.0577348e-08,1.0662763e-05,0.99546367
H,3,2029,OR,0.005020085,1.1459662e-08,1.1441344e-05,0.9949685
H,4,2029,OR,0.0052937856,1.1677673e-08,1.001001e-05,0.99469614
H,5,2029,OR,0.005261286,1.0886271e-08,9.533443e-06,0.9947292
H,6,2029,OR,0.006095947,1.1267445e-08,1.0283855e-05,0.9938937
H,7,2029,OR,0.005754712,1.1390536e-08,9.309243e-06,0.99423593
H,8,2029,OR,0.0050833384,1.1093556e-08,1.0750066e-05,0.99490595
H,9,2029,OR,0.0047759265,1.080318e-08,1.0970738e-05,0.99521303
H,10,2029,OR,0.0043768175,1.04340465e-08,1.0668467e-05,0.9956125
H,11,2029,OR,0.004374943,1.0655948e-08,1.0240228e-05,0.99561477
H,12,2029,OR,0.004545434,1.0725125e-08,9.611186e-06,0.995445
H,13,2029,OR,0.0052889534,1.1597933e-08,9.821093e-06,0.99470127
H,14,2029,OR,0.0052115633,1.1740641e-08,9.7640195e-06,0.99477863
H,15,2029,OR,0.0045588305,1.1322281e-08,1.1843452e-05,0.9954293
H,16,2029,OR,0.0055171265,1.1549506e-08,1.0638926e-05,0.9944722
H,17,2029,OR,0.006001307,1.1304605e-08,9.675398e-06,0.993989
H,18,2029,OR,0.0058796047,1.0620914e-08,9.502272e-06,0.9941109
H,19,2029,OR,0.005515558,1.1246967e-08,9.913149e-06,0.9944745
H,20,2029,OR,0.004636881,1.1114252e-08,1.0858951e-05,0.99535227
H,21,2029,OR,0.004313432,1.0531884e-08,1.0909434e-05,0.9956756
H,22,2029,OR,0.0045387577,1.0286157e-08,1.0678e-05,0.99545056
H,23,2029,OR,0.0046710153,9.891999e-09,1.0115206e-05,0.99531883
H,24,2029,OR,0.004945575,1.0649361e-08,9.5605255e-06,0.9950448
H,25,2029,OR,0.005369679,1.1243254e-08,9.920468e-06,0.9946203
H,26,2029,OR,0.005484508,1.0796324e-08,9.887005e-06,0.9945056
H,27,2029,OR,0.005373136,1.0622466e-08,1.0363674e-05,0.99461645
H,28,2029,OR,0.005653112,1.1286616e-08,1.0843086e-05,0.99433607
H,29,2029,OR,0.0056905034,1.1562263e-08,1.2154202e-05,0.9942973
I,0,2029,OR,0.0023510787,1.7256045e-08,1.4906223e-07,0.9976488
I,1,2029,OR,0.002404062,1.8931397e-08,1.3852825e-07,0.9975957
I,2,2029,OR,0.0019380755,1.7070462e-08,1.2317453e-07,0.9980617
I,3,2029,OR,0.0024299934,1.0922523e-08,1.7146671e-07,0.99756986
I,4,2029,OR,0.0029956494,8.942337e-09,2.3714027e-07,0.9970041
I,5,2029,OR,0.0023296752,1.4558434e-08,1.5350479e-07,0.9976701
I,6,2029,OR,0.002445997,1.7133294e-08,1.4258266e-07,0.9975539
I,7,2029,OR,0.001834004,2.496889e-08,1.0709924e-07,0.9981659
I,8,2029,OR,0.0021274758,2.2103064e-08,1.2767087e-07,0.99787235
I,9,2029,OR,0.0021599617,1.4585399e-08,1.3846214e-07,0.9978398
I,10,2029,OR,0.0016453625,2.8421704e-08,9.955063e-08,0.99835455
I,11,2029,OR,0.0020720714,1.989968e-08,1.2554288e-07,0.9979278
I,12,2029,OR,0.002064554,1.7304117e-08,1.2630895e-07,0.9979353
I,13,2029,OR,0.0020037098,1.6649812e-08,1.2580426e-07,0.9979962
I,14,2029,OR,0.0028730985,1.1294097e-08,1.916136e-07,0.99712676
I,15,2029,OR,0.002955136,1.1016422e-08,1.9645368e-07,0.9970446
I,16,2029,OR,0.0021300428,1.8194692e-08,1.2823688e-07,0.99786985
I,17,2029,OR,0.0023029905,2.2631832e-08,1.2692313e-07,0.9976968
I,18,2029,OR,0.0023155753,2.0822533e-08,1.3920724e-07,0.99768424
I,19,2029,OR,0.002804782,1.22276305e-08,1.8336594e-07,0.997195
I,20,2029,OR,0.0027564878,9.856154e-09,1.9593406e-07,0.9972433
I,21,2029,OR,0.002616753,1.28223405e-08,1.7209703e-07,0.99738306
I,22,2029,OR,0.0019327197,2.4921603e-08,1.18370046e-07,0.9980672
I,23,2029,OR,0.0018536713,2.4680517e-08,1.1213048e-07,0.9981462
I,24,2029,OR,0.0021523158,1.2050991e-08,1.5466028e-07,0.99784756
I,25,2029,OR,0.0023971763,1.2379656e-08,1.651698e-07,0.99760264
I,26,2029,OR,0.0025954556,9.609776e-09,1.9287455e-07,0.9974043
I,27,2029,OR,0.002274,1.06176135e-08,1.6387793e-07,0.9977258
I,28,2029,OR,0.0030944666,7.915282e-09,2.34662e-07,0.99690527
I,29,2029,OR,0.003121512,8.155719e-09,2.5595378e-07,0.99687827
J,0,2029,OR,0.0007498126,3.2128885e-06,5.7092418e-08,0.99924695
J,1,2029,OR,0.0011086264,2.45944e-07,5.7083405e-08,0.99889106
J,2,2029,OR,0.0014036164,1.1458774e-07,6.932662e-08,0.99859625
J,3,2029,OR,0.0009746714,4.6082428e-07,5.3665747e-08,0.99902487
J,4,2029,OR,0.0010974368,3.0046442e-07,5.7421474e-08,0.9989022
J,5,2029,OR,0.0010511613,3.466188e-07,5.922641e-08,0.9989485
J,6,2029,OR,0.00096124696,3.2504875e-07,5.425601e-08,0.99903846
J,7,2029,OR,0.00086882233,6.210271e-07,5.1735846e-08,0.99913055
J,8,2029,OR,0.00078844145,1.7388309e-06,5.1731064e-08,0.99920976
J,9,2029,OR,0.00074362755,1.1985012e-06,4.9148852e-08,0.9992551
J,10,2029,OR,0.0011016558,3.1353903e-07,6.0471244e-08,0.9988979
J,11,2029,OR,0.0011103796,3.7731968e-07,5.6507428e-08,0.99888915
J,12,2029,OR,0.000992603,5.2783855e-07,5.4847256e-08,0.9990068
J,13,2029,OR,0.0011986123,1.415522e-07,6.1392406e-08,0.99880123
J,14,2029,OR,0.0008546547,7.61749e-07,5.4849796e-08,0.99914455
J,15,2029,OR,0.00073746894,2.3329874e-06,5.4798726e-08,0.9992601
J,16,2029,OR,0.00092060654,9.329651e-07,5.7022174e-08,0.9990784
J,17,2029,OR,0.0011150289,1.8634508e-07,5.4922204e-08,0.99888474
J,18,2029,OR,0.0009937981,2.114876e-07,5.5385765e-08,0.999006
J,19,2029,OR,0.0008356628,6.828333e-07,5.0968776e-08,0.9991636
J,20,2029,OR,0.00092903135,3.1741143e-07,5.2378503e-08,0.9990706
J,21,2029,OR,0.0013121186,1.4407915e-07,6.7944754e-08,0.9986877
J,22,2029,OR,0.0012881313,1.385028e-07,6.4850106e-08,0.9987117
J,23,2029,OR,0.00076176354,7.610936e-07,4.6982834e-08,0.9992374
J,24,2029,OR,0.00077565835,1.128553e-06,4.9457782e-08,0.9992231
J,25,2029,OR,0.0006956779,4.5681354e-06,5.7327423e-08,0.99929965
J,26,2029,OR,0.0007189279,2.1590636e-06,5.3664134e-08,0.99927884
J,27,2029,OR,0.00083547045,7.2637755e-07,5.216623e-08,0.99916375
J,28,2029,OR,0.0007446357,1.8449431e-06,4.9543505e-08,0.99925345
J,29,2029,OR,0.00085973815,9.511719e-07,5.3480285e-08,0.9991392
K,0,2029,OR,0.0019476961,2.3042988e-08,0.00022161222,0.9978307
K,1,2029,OR,0.0017958742,2.7904017e-08,0.0003742973,0.99782974
K,2,2029,OR,0.0019711272,2.9681466e-08,0.00036296906,0.9976659
K,3,2029,OR,0.0020597572,2.4797796e-08,0.00025187657,0.9976883
K,4,2029,OR,0.0019363974,1.9131503e-08,0.00015057692,0.99791294
K,5,2029,OR,0.0017580695,2.1671722e-08,0.00022426718,0.99801767
K,6,2029,OR,0.0015878623,2.3256959e-08,0.00029217068,0.9981199
K,7,2029,OR,0.0018372835,2.4099085e-08,0.00025866434,0.99790406
K,8,2029,OR,0.0019239993,2.1415874e-08,0.0001885699,0.99788743
K,9,2029,OR,0.0017924312,2.2126526e-08,0.0002185722,0.99798894
K,10,2029,OR,0.0019705317,2.4982233e-08,0.00028201743,0.99774736
K,11,2029,OR,0.0019484033,2.5628573e-08,0.0002986835,0.99775285
K,12,2029,OR,0.0017103725,2.9812444e-08,0.00046298018,0.99782664
K,13,2029,OR,0.0017087415,3.077354e-08,0.0005344288,0.9977568
K,14,2029,OR,0.001702322,2.3484647e-08,0.00025804283,0.99803966
K,15,2029,OR,0.0018097776,1.8863043e-08,0.00014615526,0.998044
K,16,2029,OR,0.0018315243,1.7214266e-08,0.00012353896,0.99804485
K,17,2029,OR,0.0018550124,1.735305e-08,0.00012504669,0.99801993
K,18,2029,OR,0.0020438654,1.8413566e-08,0.00013515975,0.997821
K,19,2029,OR,0.0020724142,1.924249e-08,0.00014265454,0.9977849
K,20,2029,OR,0.0017888563,2.061107e-08,0.00017593509,0.99803525
K,21,2029,OR,0.0017742215,1.9062009e-08,0.00014132356,0.9980844
K,22,2029,OR,0.0019477361,1.944462e-08,0.00014435362,0.9979079
K,23,2029,OR,0.0019506175,2.0024746e-08,0.0001542738,0.997895
K,24,2029,OR,0.0015702418,2.2180751e-08,0.0002309636,0.9981988
K,25,2029,OR,0.0014704745,2.105077e-08,0.00022753305,0.998302
K,26,2029,OR,0.0019107452,1.7071896e-08,0.00012276437,0.9979665
K,27,2029,OR,0.0020824722,1.9325002e-08,0.0001641826,0.9977533
K,28,2029,OR,0.0017679961,1.9306762e-08,0.00017630753,0.9980557
K,29,2029,OR,0.0016977645,2.0581432e-08,0.0002125263,0.9980896
L,0,2029,OR,0.019921662,1.1141097e-08,4.571288e-06,0.98007375
L,1,2029,OR,0.033399913,1.2761425e-08,6.0226203e-06,0.9665941
L,2,2029,OR,0.030728366,1.3017529e-08,6.756895e-06,0.9692648
L,3,2029,OR,0.024446433,1.1849111e-08,5.2186538e-06,0.97554827
L,4,2029,OR,0.024925373,1.1007671e-08,4.93515e-06,0.97506964
L,5,2029,OR,0.032744054,1.1689761e-08,5.5932946e-06,0.96725035
L,6,2029,OR,0.031066582,1.2057302e-08,5.6687923e-06,0.96892774
L,7,2029,OR,0.042786907,1.4329198e-08,5.9301365e-06,0.9572071
L,8,2029,OR,0.052520573,1.5515102e-08,7.4917357e-06,0.947472
L,9,2029,OR,0.042231757,1.327437e-08,6.535414e-06,0.95776176
L,10,2029,OR,0.035066407,1.2624627e-08,5.6386652e-06,0.964928
L,11,2029,OR,0.021594344,1.13202905e-08,4.3214964e-06,0.97840124
L,12,2029,OR,0.03129832,1.2450263e-08,5.6983718e-06,0.968696
L,13,2029,OR,0.03627145,1.2186674e-08,6.7319475e-06,0.9637219
L,14,2029,OR,0.026249733,1.1101322e-08,4.5834704e-06,0.9737457
L,15,2029,OR,0.030270189,1.2260857e-08,4.621515e-06,0.9697252
L,16,2029,OR,0.028390182,1.2807211e-08,5.2174423e-06,0.97160465
L,17,2029,OR,0.03263348,1.2343369e-08,5.017444e-06,0.9673615
L,18,2029,OR,0.03862376,1.2441496e-08,4.6229648e-06,0.96137154
L,19,2029,OR,0.028537855,1.20678045e-08,5.684047e-06,0.97145647
L,20,2029,OR,0.023852276,1.1984683e-08,6.523934e-06,0.9761412
L,21,2029,OR,0.029193655,1.2398854e-08,5.9518766e-06,0.97080034
L,22,2029,OR,0.033095423,1.3221197e-08,6.4915484e-06,0.96689814
L,23,2029,OR,0.030560113,1.2534757e-08,6.1665364e-06,0.9694337
L,24,2029,OR,0.034024138,1.2194041e-08,7.156762e-06,0.96596867
L,25,2029,OR,0.045598667,1.3958578e-08,7.245025e-06,0.9543941
L,26,2029,OR,0.05123008,1.5014738e-08,8.635171e-06,0.94876134
L,27,2029,OR,0.03792841,1.3731453e-08,6.8852146e-06,0.96206474
L,28,2029,OR,0.02821153,1.1845618e-08,5.6618073e-06,0.9717828
L,29,2029,OR,0.017940817,1.0964218e-08,4.8732627e-06,0.98205435
M,0,2029,OR,0.0019266164,1.7715918e-08,9.080721e-05,0.9979825
M,1,2029,OR,0.00199468,1.9473685e-08,0.000129638,0.9978757
M,2,2029,OR,0.0018726913,2.0920465e-08,0.00015160498,0.99797565
M,3,2029,OR,0.0018038523,2.2771804e-08,0.00017657256,0.9980196
M,4,2029,OR,0.0020304671,2.253484e-08,0.00016379086,0.9978058
M,5,2029,OR,0.0019466189,2.1235243e-08,0.00015417149,0.9978992
M,6,2029,OR,0.0022124536,1.9460893e-08,0.00012590761,0.9976616
M,7,2029,OR,0.0019630538,2.2040568e-08,0.00018461024,0.9978523
M,8,2029,OR,0.0018066835,2.5776508e-08,0.00027556147,0.9979177
M,9,2029,OR,0.0020130384,2.4316217e-08,0.00021479628,0.99777216
M,10,2029,OR,0.0018492329,2.2302846e-08,0.00018037538,0.9979704
M,11,2029,OR,0.001722045,1.99325e-08,0.00015794605,0.99812
M,12,2029,OR,0.0022153,1.8933939e-08,0.00011980475,0.9976649
M,13,2029,OR,0.0019882044,1.954035e-08,0.00012329423,0.9978885
M,14,2029,OR,0.001786626,1.9862085e-08,0.00013590157,0.9980774
M,15,2029,OR,0.0019062565,2.261268e-08,0.00018153833,0.9979121
M,16,2029,OR,0.0016177334,2.2648928e-08,0.00018498464,0.99819726
M,17,2029,OR,0.0014480191,2.1820242e-08,0.00017121025,0.9983808
M,18,2029,OR,0.0017121688,2.0462183e-08,0.00014220587,0.9981456
M,19,2029,OR,0.0019349132,1.9838275e-08,0.00013219744,0.9979329
M,20,2029,OR,0.0018526063,1.9977373e-08,0.00014553613,0.9980019
M,21,2029,OR,0.0019417363,2.075076e-08,0.00014426491,0.997914
M,22,2029,OR,0.0019714204,2.0073163e-08,0.00013155292,0.997897
M,23,2029,OR,0.002231165,1.7543076e-08,9.324134e-05,0.9976756
M,24,2029,OR,0.0019672818,1.7910645e-08,0.00010666955,0.997926
M,25,2029,OR,0.0017914334,2.089604e-08,0.00016518612,0.9980433
M,26,2029,OR,0.002242493,1.9840781e-08,0.00013244558,0.99762505
M,27,2029,OR,0.0017391298,2.0760563e-08,0.00016480728,0.99809605
M,28,2029,OR,0.0016752244,2.0048574e-08,0.00015466727,0.99817
M,29,2029,OR,0.0018542566,2.0955195e-08,0.00017078898,0.99797493
N,0,2029,OR,0.003083792,1.6918472e-07,2.577108e-07,0.9969158
N,1,2029,OR,0.0051445873,6.039283e-08,3.7196565e-07,0.9948549
N,2,2029,OR,0.0032163777,1.322752e-07,2.2924611e-07,0.99678326
N,3,2029,OR,0.0034170381,3.416342e-07,2.5890293e-07,0.9965823
N,4,2029,OR,0.003681038,3.7693837e-07,2.5866578e-07,0.99631834
N,5,2029,OR,0.0035172359,3.206217e-07,2.2057704e-07,0.99648225
N,6,2029,OR,0.0053484975,2.0337838e-08,4.2403403e-07,0.99465114
N,7,2029,OR,0.0031044686,3.37923e-07,1.830922e-07,0.99689496
N,8,2029,OR,0.0034505217,7.119885e-07,2.0318257e-07,0.9965486
N,9,2029,OR,0.0067730057,4.4419505e-08,5.195587e-07,0.99322647
N,10,2029,OR,0.003241802,3.5329444e-07,1.9017281e-07,0.9967577
N,11,2029,OR,0.003131541,4.389714e-07,1.8767136e-07,0.99686784
N,12,2029,OR,0.0052598994,3.674131e-08,3.7830625e-07,0.9947397
N,13,2029,OR,0.0041133706,9.839181e-08,2.2066595e-07,0.99588627
N,14,2029,OR,0.004000423,1.9626772e-07,2.0883088e-07,0.9959992
N,15,2029,OR,0.0052586617,2.7607898e-08,3.924403e-07,0.99474084
N,16,2029,OR,0.0039992463,3.9300943e-07,2.5371668e-07,0.9960001
N,17,2029,OR,0.003908548,4.542248e-07,2.2677098e-07,0.9960907
N,18,2029,OR,0.005887043,3.1997676e-08,4.4308973e-07,0.99411243
N,19,2029,OR,0.0023776535,6.340587e-06,1.5903046e-07,0.9976158
N,20,2029,OR,0.0024370055,9.186226e-06,1.6669917e-07,0.99755365
N,21,2029,OR,0.0054921103,3.9259323e-08,4.0734741e-07,0.9945075
N,22,2029,OR,0.0036881722,8.2901124e-08,2.7511751e-07,0.9963115
N,23,2029,OR,0.0043871864,1.3389793e-07,3.707767e-07,0.99561226
N,24,2029,OR,0.0057327924,2.3265393e-08,4.933504e-07,0.9942667
N,25,2029,OR,0.002909002,1.3769625e-06,1.698274e-07,0.99708945
N,26,2029,OR,0.0034804787,1.7416239e-06,2.2180136e-07,0.99651754
N,27,2029,OR,0.007477991,1.7559348e-07,5.617416e-07,0.9925212
N,28,2029,OR,0.0051855445,7.246745e-08,4.1545934e-07,0.99481404
N,29,2029,OR,0.0049020927,1.1996532e-07,3.5429045e-07,0.99509746
O,0,2029,OR,0.019262997,9.606307e-09,3.987982e-06,0.98073304
O,1,2029,OR,0.023289802,1.15109655e-08,6.8140116e-06,0.97670335
O,2,2029,OR,0.024031444,1.074551e-08,5.1217107e-06,0.9759635
O,3,2029,OR,0.05051282,1.4022908e-08,8.592531e-06,0.94947857
O,4,2029,OR,0.06432827,1.7326476e-08,1.13999895e-05,0.9356603
O,5,2029,OR,0.071781196,1.8487317e-08,1.04319015e-05,0.92820835
O,6,2029,OR,0.035543546,1.24988695e-08,1.004609e-05,0.96444637
O,7,2029,OR,0.03915763,1.2428254e-08,8.555328e-06,0.96083385
O,8,2029,OR,0.0355397,1.258925e-08,7.5153525e-06,0.9644528
O,9,2029,OR,0.027820932,1.1280765e-08,5.470471e-06,0.97217363
O,10,2029,OR,0.04920312,1.5022417e-08,1.0129796e-05,0.95078677
O,11,2029,OR,0.0542316,1.7219367e-08,1.3844131e-05,0.9457545
O,12,2029,OR,0.038990088,1.3645855e-08,9.751905e-06,0.96100014
O,13,2029,OR,0.037900552,1.3168411e-08,7.1369877e-06,0.96209234
O,14,2029,OR,0.020559726,9.679216e-09,8.048866e-06,0.9794322
O,15,2029,OR,0.021326171,9.88842e-09,8.826878e-06,0.97866493
O,16,2029,OR,0.03620824,1.2705189e-08,7.802901e-06,0.963784
O,17,2029,OR,0.019952057,9.660065e-09,5.286456e-06,0.9800426
O,18,2029,OR,0.024737315,1.0236008e-08,6.2768127e-06,0.9752563
O,19,2029,OR,0.020047652,9.824931e-09,7.980027e-06,0.97994435
O,20,2029,OR,0.017449519,9.256058e-09,6.690944e-06,0.98254377
O,21,2029,OR,0.023416547,1.0013029e-08,5.869912e-06,0.9765776
O,22,2029,OR,0.054186426,1.5932427e-08,6.43004e-06,0.9458071
O,23,2029,OR,0.020798834,1.0509559e-08,5.8120086e-06,0.97919536
O,24,2029,OR,0.051413562,1.5373336e-08,8.998718e-06,0.94857746
O,25,2029,OR,0.028410029,1.1319749e-08,8.257056e-06,0.9715817
O,26,2029,OR,0.03236939,1.1873999e-08,6.3386333e-06,0.9676243
O,27,2029,OR,0.050281353,1.47609525e-08,9.463678e-06,0.9497091
O,28,2029,OR,0.06236739,1.745307e-08,9.375814e-06,0.9376232
O,29,2029,OR,0.07336223,1.7859069e-08,8.079143e-06,0.92662966
P,0,2029,OR,0.096628495,2.3523338e-08,4.8602656e-06,0.90336657
P,1,2029,OR,0.095703475,2.249132e-08,4.843281e-06,0.9042916
P,2,2029,OR,0.095418766,2.2473994e-08,5.016423e-06,0.9045762
P,3,2029,OR,0.09578851,2.3894652e-08,5.0750677e-06,0.90420645
P,4,2029,OR,0.096682236,2.4187537e-08,5.4816223e-06,0.9033123
P,5,2029,OR,0.096463144,2.3849331e-08,5.1037146e-06,0.90353173
P,6,2029,OR,0.10467983,2.4884594e-08,4.9961477e-06,0.8953152
P,7,2029,OR,0.10485121,2.4322965e-08,4.986562e-06,0.89514375
P,8,2029,OR,0.095384896,2.2863407e-08,5.089821e-06,0.90461004
P,9,2029,OR,0.09958358,2.366049e-08,5.1828374e-06,0.9004112
P,10,2029,OR,0.10520129,2.4639496e-08,4.995343e-06,0.8947936
P,11,2029,OR,0.082271,2.2403876e-08,4.81714e-06,0.91772413
P,12,2029,OR,0.08464169,2.229377e-08,4.5615952e-06,0.9153537
P,13,2029,OR,0.10171049,2.384717e-08,4.7120775e-06,0.89828473
P,14,2029,OR,0.087199934,2.3642258e-08,4.7850267e-06,0.9127953
P,15,2029,OR,0.082687646,2.21642e-08,4.778185e-06,0.91730756
P,16,2029,OR,0.09942871,2.3150703e-08,4.9920664e-06,0.9005662
P,17,2029,OR,0.10676343,2.3842977e-08,5.8440405e-06,0.8932307
P,18,2029,OR,0.097819656,2.3139435e-08,5.2913742e-06,0.902175
P,19,2029,OR,0.103178956,2.4260721e-08,4.899857e-06,0.89681613
P,20,2029,OR,0.09941658,2.3313593e-08,5.133711e-06,0.90057826
P,21,2029,OR,0.0998719,2.3339087e-08,4.9042537e-06,0.9001232
P,22,2029,OR,0.11189479,2.4887484e-08,4.93836e-06,0.88810027
P,23,2029,OR,0.11359122,2.4910696e-08,4.551298e-06,0.88640416
P,24,2029,OR,0.10601441,2.4884555e-08,4.4510944e-06,0.8939811
P,25,2029,OR,0.107715674,2.4151852e-08,5.0165077e-06,0.89227927
P,26,2029,OR,0.11496201,2.4795606e-08,5.363508e-06,0.8850326
P,27,2029,OR,0.09131714,2.3387797e-08,5.2188448e-06,0.9086776
P,28,2029,OR,0.0882571,2.2312001e-08,5.4996585e-06,0.9117373
P,29,2029,OR,0.09629407,2.3293527e-08,5.3474328e-06,0.9037006
