0,1,2,3,4,5,6,7,8,9,10,11,12,13,14,15,16,17,18,19,20,21,22,23,24,25,26,27,28,29,30,31
-0.85273504,0.9638357,1.3319529,-0.97420514,-0.54795635,-0.25512546,-0.04093757,0.64311266,-0.86564106,-0.4421289,-0.08184081,-0.016679361,1.0247667,-0.40307173,-1.1428485,-0.6877523,-0.19021702,0.04707131,0.6887972,1.4137137,1.5193565,0.7558053,0.17948298,-0.047130875,0.64089966,-0.5084434,-0.7081421,0.3556908,-1.0292424,0.21186021,0.398227,0.12837686
-0.89766824,0.9223905,1.3748841,-1.0341057,-0.54259825,-0.2769136,-0.012453131,0.6492189,-0.93780714,-0.43520936,-0.11212486,0.01835014,1.0749006,-0.46528512,-1.1834174,-0.7083856,-0.2321738,0.08548792,0.74052817,1.4597607,1.5694498,0.7805596,0.23012528,-0.044837125,0.6717873,-0.51263416,-0.75296724,0.3886982,-1.0323852,0.22111142,0.40495306,0.10147786
-0.93556505,0.8484959,1.394573,-1.0935944,-0.5733402,-0.33793908,-0.011611983,0.639917,-1.0104651,-0.4109576,-0.12679304,0.07566032,1.1393505,-0.5409233,-1.2347528,-0.7457734,-0.25906453,0.112963274,0.83255947,1.5034628,1.6341321,0.83443236,0.23967087,-0.07014868,0.75819427,-0.51342314,-0.82355803,0.3776699,-1.0260363,0.24609667,0.38909185,0.046033572
-0.89789253,0.90685165,1.3710264,-1.0371165,-0.5493636,-0.29088902,-0.015231751,0.6453481,-0.9490829,-0.42471668,-0.10714714,0.030158162,1.0792289,-0.48343107,-1.1877574,-0.7200481,-0.24339518,0.08580162,0.7658973,1.4668877,1.5769345,0.79664016,0.2225905,-0.046514448,0.69954944,-0.51220775,-0.7647337,0.38083664,-1.024854,0.2249655,0.40470177,0.09224592
-0.8611752,0.9669019,1.3673389,-0.991898,-0.52115476,-0.24345148,-0.015206575,0.6351983,-0.8866088,-0.45237607,-0.09508613,-0.022676706,1.0418974,-0.42956865,-1.1430662,-0.67419666,-0.21432307,0.06621176,0.7160471,1.4272267,1.5165603,0.7503481,0.2243838,-0.030049153,0.64494187,-0.5207933,-0.69981074,0.37980226,-1.0348228,0.20484693,0.43042982,0.14365812
-0.8667731,0.97991997,1.379075,-1.0108352,-0.5157821,-0.2286183,0.00486739,0.62874466,-0.913488,-0.43283653,-0.11139852,-0.018057667,1.057421,-0.43316436,-1.1387427,-0.67093486,-0.24332869,0.08920845,0.72008204,1.4367815,1.5298572,0.7499588,0.24144033,-0.021216173,0.6391328,-0.51990896,-0.7005874,0.40259376,-1.0156795,0.17945373,0.45847255,0.14862444
-0.86537296,0.9860644,1.3823026,-1.01718,-0.505829,-0.22346076,0.014829114,0.63310015,-0.9164048,-0.42755687,-0.11281644,-0.005775258,1.0575895,-0.42704126,-1.1403011,-0.67566323,-0.25643563,0.10413481,0.7140815,1.4517567,1.5292636,0.74138206,0.25074446,-0.010356916,0.6288123,-0.51347226,-0.7049107,0.4109162,-1.0049788,0.16719595,0.4708208,0.14751725
-0.8710904,0.98968816,1.4026495,-1.0321685,-0.5067612,-0.20924366,0.03208635,0.643657,-0.92368275,-0.4209823,-0.1325131,-0.00024101138,1.0752225,-0.42995647,-1.1460726,-0.6679913,-0.2577481,0.10104134,0.71589977,1.4614015,1.5351056,0.7412017,0.2667768,-0.0030651987,0.6332977,-0.52011806,-0.705927,0.4243464,-1.007118,0.16783656,0.481206,0.16179787
-0.94567335,0.8485148,1.366034,-1.0438019,-0.5923035,-0.36116782,-0.0473125,0.62225235,-1.0166074,-0.498709,-0.106893286,0.031674832,1.1018273,-0.5313029,-1.2446324,-0.7930527,-0.24097267,0.09161184,0.77295667,1.4743778,1.6601092,0.84941083,0.20753941,-0.11158918,0.7176543,-0.52066207,-0.841272,0.33509105,-1.0194272,0.25645724,0.33536956,0.026686713
-0.99532926,0.8206778,1.3992114,-1.0944827,-0.59166694,-0.37660146,-0.020000134,0.6277532,-1.0943978,-0.4877486,-0.13798177,0.051291764,1.1410863,-0.60782254,-1.2582896,-0.81001806,-0.28080848,0.09999549,0.8390171,1.506249,1.7091691,0.8793146,0.23998943,-0.10796362,0.7477943,-0.55215085,-0.87242085,0.37628657,-1.031768,0.2825143,0.34385517,0.018882599
-0.99019134,0.768046,1.3737805,-1.0945374,-0.6125642,-0.4215395,-0.05802111,0.62581366,-1.0793209,-0.4562465,-0.118082985,0.07633318,1.1477951,-0.60513246,-1.2849622,-0.8128056,-0.2486364,0.09643786,0.8563351,1.4913124,1.7076224,0.8944189,0.20012689,-0.13402581,0.78385246,-0.51547605,-0.90182686,0.34242117,-1.0474746,0.30403927,0.29905194,-0.025568962
-0.9967793,0.6773415,1.3022157,-1.0431476,-0.679507,-0.525527,-0.15400398,0.60650814,-1.0581663,-0.51570445,-0.06213239,0.07951929,1.1105734,-0.6175515,-1.3285666,-0.8841205,-0.18336266,0.0601276,0.8570073,1.4539442,1.7416438,0.94193745,0.10276063,-0.2208691,0.8268831,-0.49360418,-0.9626459,0.22802591,-1.0551001,0.3640591,0.17588395,-0.11122419
-0.9518813,0.85010827,1.417378,-1.1241014,-0.57536244,-0.31635612,0.011816174,0.6375896,-1.0319475,-0.37852687,-0.1515163,0.08399761,1.1635005,-0.5486477,-1.2368345,-0.72130626,-0.26057866,0.11332022,0.8463611,1.5003424,1.6476452,0.8359445,0.25885427,-0.06722663,0.7623899,-0.5249724,-0.8256049,0.4109093,-1.0332993,0.24181879,0.40438262,0.05421866
-0.95766926,0.72736984,1.3133413,-1.0428158,-0.6694368,-0.47702968,-0.13087171,0.60715723,-0.99578935,-0.46508607,-0.059556246,0.08106691,1.1101356,-0.5676901,-1.3003974,-0.8183792,-0.17309645,0.07638372,0.8505774,1.4511139,1.687554,0.902921,0.12218355,-0.19542444,0.8163326,-0.47811598,-0.90984076,0.24924889,-1.0397484,0.32929978,0.22530784,-0.08465052
-0.97625697,0.73514104,1.3368335,-1.0430354,-0.6413398,-0.4667973,-0.12834147,0.62381953,-1.0156559,-0.5262698,-0.0684454,0.051217288,1.1006088,-0.60218084,-1.2962432,-0.8375947,-0.17803526,0.047070906,0.8500214,1.460068,1.695181,0.90632486,0.14173852,-0.18044275,0.7973563,-0.5319723,-0.9005192,0.26777038,-1.0873896,0.3567623,0.22312765,-0.04457036
-0.96361387,0.80463046,1.3735743,-1.0549309,-0.5938487,-0.38436425,-0.07574227,0.65110344,-0.99565107,-0.49526647,-0.095132574,0.033728957,1.0910364,-0.5709444,-1.2541752,-0.7820605,-0.2005567,0.047495354,0.82170546,1.4695079,1.6498035,0.8599346,0.19327947,-0.11813021,0.74942106,-0.5494751,-0.84234715,0.3437487,-1.0970955,0.3257463,0.28927895,0.026591845
-0.93324476,0.86159617,1.4002924,-1.073016,-0.539081,-0.31775856,-0.020877019,0.65924835,-0.97988516,-0.4459056,-0.11551249,0.045527846,1.0999753,-0.5325107,-1.223044,-0.73689866,-0.23896462,0.08725472,0.8059636,1.4902583,1.6029236,0.8091167,0.2454536,-0.053247187,0.71906924,-0.53488344,-0.79815674,0.39549133,-1.0740385,0.26387516,0.37959698,0.0778085
-0.90755767,0.93325305,1.4180324,-1.0804147,-0.49978843,-0.251584,0.024443358,0.647395,-0.9658529,-0.4196249,-0.13563098,0.033014804,1.1112506,-0.4900556,-1.1770577,-0.6845806,-0.25894642,0.10526681,0.7806551,1.4868894,1.5641243,0.7624726,0.28007475,-0.005680045,0.67681897,-0.54028296,-0.74883074,0.42940336,-1.0570626,0.21314582,0.46231058,0.13734211
-0.87526536,0.96866626,1.416294,-1.0417787,-0.46505973,-0.2150839,0.027728848,0.63275784,-0.9211659,-0.43252167,-0.12130062,-0.0065251216,1.0794213,-0.45544446,-1.1486528,-0.6501687,-0.24609497,0.09814095,0.7494275,1.4506572,1.5136559,0.7304135,0.28565335,0.0076803905,0.6398289,-0.5365074,-0.69849783,0.43395144,-1.0628691,0.18663576,0.48689422,0.17032164
-0.88769555,0.9220979,1.3912991,-1.0382262,-0.515054,-0.26267147,0.00017267466,0.62288314,-0.94223744,-0.42828554,-0.11229864,0.012153521,1.0892748,-0.47360587,-1.1807065,-0.6879531,-0.23678735,0.08872718,0.7640803,1.4442761,1.5558138,0.77700704,0.24583575,-0.036888707,0.6829722,-0.5197919,-0.7435259,0.3927296,-1.0431117,0.20452662,0.43682158,0.11821
-0.94683135,0.8004136,1.3474984,-1.0364431,-0.58797777,-0.4004668,-0.08057165,0.61955273,-1.0070856,-0.50522125,-0.07972193,0.04157418,1.0969267,-0.5538364,-1.2584578,-0.80212945,-0.21163529,0.060842264,0.80959386,1.4634203,1.6475202,0.8650756,0.17809454,-0.12157214,0.75359666,-0.5230593,-0.85697454,0.30570117,-1.0677376,0.30049196,0.30113664,0.009699762
-1.0325347,0.6525868,1.3316934,-1.0807567,-0.65887356,-0.53399116,-0.11749962,0.6317873,-1.1175753,-0.54653966,-0.09400444,0.101021826,1.1419594,-0.67026746,-1.3500793,-0.91819364,-0.21524647,0.061072852,0.8936978,1.5135313,1.7690037,0.9571188,0.15367031,-0.20416364,0.8503447,-0.5287233,-0.9802155,0.26008207,-1.0696746,0.3871263,0.18372536,-0.1054769
-1.0004119,0.751479,1.3657796,-1.0753984,-0.6144388,-0.43540388,-0.06977611,0.63465947,-1.0903658,-0.5143432,-0.110347256,0.06990448,1.1238757,-0.61360425,-1.2966487,-0.86060786,-0.2507763,0.08085938,0.8420837,1.5065029,1.7242111,0.9066251,0.19726282,-0.14176907,0.78643996,-0.53265214,-0.9189873,0.320168,-1.0463886,0.31817198,0.2734657,-0.029034924
-0.9395943,0.8849557,1.4193487,-1.0806943,-0.5193387,-0.29382628,0.007880151,0.6457072,-1.0146853,-0.44477338,-0.13717777,0.028952569,1.1163847,-0.531031,-1.2159389,-0.72740394,-0.27398303,0.11241655,0.7956961,1.4931893,1.6089572,0.80241424,0.27836052,-0.04074164,0.69857925,-0.52817124,-0.7882541,0.42586648,-1.0551407,0.22906348,0.41623968,0.09191623
-0.9346179,0.93188936,1.4301617,-1.078438,-0.5172682,-0.25066102,0.035810485,0.6614571,-0.9984773,-0.4251777,-0.15194081,0.016515195,1.1056601,-0.51883876,-1.1770703,-0.6939862,-0.2787079,0.09498073,0.78692937,1.4901423,1.5865102,0.7838111,0.29217577,-0.013693921,0.67913353,-0.5474918,-0.7490655,0.45612568,-1.0486463,0.22755599,0.44808742,0.13234992
-0.97072804,0.82327694,1.3758192,-1.0706106,-0.59470093,-0.38281584,-0.037654914,0.64706653,-1.0429332,-0.49551296,-0.11632292,0.046819687,1.1094934,-0.57895875,-1.2469589,-0.79940546,-0.25932556,0.0790779,0.8195174,1.5118325,1.6652735,0.8641952,0.21946263,-0.09735103,0.7489249,-0.5323448,-0.84544384,0.35536134,-1.037897,0.29930058,0.32865047,0.026612215
-0.9741292,0.7198584,1.305921,-1.0367209,-0.66624165,-0.49786437,-0.1383226,0.6282859,-1.015924,-0.52600914,-0.06042859,0.07543258,1.0946386,-0.5935905,-1.3056837,-0.86508095,-0.1842311,0.062494263,0.84050906,1.4785156,1.7041595,0.9113476,0.124727994,-0.19285321,0.80779135,-0.50281096,-0.9174024,0.24287099,-1.050244,0.35718817,0.20393273,-0.0810868
-0.89467674,0.9007244,1.3911823,-1.0453655,-0.53112364,-0.2889847,-0.028106838,0.6404157,-0.9400199,-0.44000375,-0.10027926,0.023009151,1.0847414,-0.48994794,-1.1964661,-0.7088991,-0.22970793,0.08296721,0.78300583,1.4689268,1.5653894,0.7920546,0.2312977,-0.04200576,0.7019121,-0.5284009,-0.7637242,0.38261655,-1.0657314,0.23271711,0.4070982,0.10367304
-0.9332379,0.79610485,1.3411226,-1.0065875,-0.5843587,-0.40906352,-0.10239058,0.61465436,-0.9831466,-0.5441565,-0.06558089,0.020113148,1.0734999,-0.5410138,-1.2647008,-0.8154177,-0.19571391,0.06722308,0.7869568,1.4486331,1.6379305,0.85756916,0.17785233,-0.13693672,0.7448635,-0.5152502,-0.84386194,0.2863231,-1.066673,0.28865844,0.28249198,0.0031989776
-0.8986832,0.9119936,1.3964852,-1.0464154,-0.51778734,-0.28175303,-0.009247415,0.634486,-0.9465892,-0.45066538,-0.11161707,0.009384461,1.0882701,-0.4904919,-1.1853054,-0.69631064,-0.2386128,0.09342781,0.7753963,1.4641955,1.5603006,0.7766777,0.25282803,-0.037693538,0.687695,-0.5242119,-0.7438636,0.39334255,-1.0547999,0.22397152,0.42243457,0.11454396
-1.2068647,0.008975968,1.0882044,-0.8385849,-0.95059466,-0.9899719,-0.36614394,0.6091219,-1.1616509,-0.8273061,0.022062749,0.109987825,0.97030044,-1.0660819,-1.5011542,-1.233616,0.17374343,-0.17509483,1.1000463,1.2842548,1.98065,1.2215934,-0.17487429,-0.71222204,1.1513536,-0.589134,-1.2646788,-0.21611732,-1.1389501,0.8636998,-0.38881463,-0.49941656
-1.2094115,-0.032338828,1.114479,-0.8861896,-0.89184654,-0.98160815,-0.29293904,0.6081875,-1.2124674,-0.77594197,-0.041764542,0.1716151,1.0431434,-1.0840576,-1.5332593,-1.233912,0.1351839,-0.12045501,1.1613394,1.3271586,1.9886574,1.2072772,-0.10449062,-0.6911483,1.1619345,-0.5829811,-1.2871752,-0.1808777,-1.0970558,0.8088748,-0.3500836,-0.51338965
-1.127991,0.1122434,1.1945883,-0.8952603,-0.82074296,-0.8655778,-0.27604312,0.62457424,-1.1188784,-0.7706703,-0.019043565,0.13861786,1.034405,-1.0057299,-1.4932326,-1.1392676,0.12616904,-0.09369491,1.1048195,1.3347704,1.8997437,1.1351509,-0.025459195,-0.585536,1.1326078,-0.61411315,-1.1833084,-0.09158028,-1.174503,0.7435795,-0.23762746,-0.38634223
-1.0338888,0.23038852,1.1793704,-0.8155237,-0.8086252,-0.7560656,-0.28972423,0.63099927,-0.986659,-0.80657226,0.050484583,0.09030974,0.94843304,-0.9073269,-1.4308246,-1.071581,0.18415567,-0.14603443,0.9780466,1.2790846,1.7971886,1.082707,-0.029466107,-0.5499697,1.0921432,-0.6419641,-1.0737715,-0.08429572,-1.2340013,0.72515965,-0.19435202,-0.3078819
-1.0566754,0.266562,1.106168,-0.76149875,-0.88184166,-0.79368734,-0.37518921,0.64788026,-0.9586027,-0.8919396,0.09420941,-0.002815783,0.8440773,-0.90234345,-1.3813462,-1.1274682,0.23177594,-0.24451736,0.89695936,1.2085998,1.8228027,1.0959998,-0.15053906,-0.6108894,1.0356144,-0.67028123,-1.043087,-0.13913746,-1.2343159,0.7945927,-0.28541353,-0.29796845
-1.0036087,0.23421428,1.0570524,-0.6962868,-0.88723004,-0.77086264,-0.35803935,0.63273025,-0.9079662,-0.86676955,0.12314689,0.06080617,0.8372454,-0.87330544,-1.3856105,-1.099172,0.2794091,-0.23641495,0.8734654,1.2134063,1.7533481,1.0817332,-0.16420043,-0.61940134,1.0593562,-0.61648554,-1.0361834,-0.18257506,-1.244822,0.7887367,-0.24790317,-0.33351547
-1.0934163,0.20097497,1.008052,-0.6778211,-1.0367697,-0.8953451,-0.49526966,0.6647831,-0.9695906,-0.909091,0.14005183,-0.04367165,0.76232237,-0.9267391,-1.417578,-1.2038299,0.28513145,-0.34151563,0.86195934,1.202925,1.8766143,1.1793609,-0.35479727,-0.71875894,1.054738,-0.6145344,-1.1062316,-0.20573029,-1.2310355,0.90125924,-0.41768214,-0.38860485
-1.2255458,-0.046740845,0.9907468,-0.79049444,-1.0430795,-1.0489875,-0.41941535,0.6098734,-1.1546669,-0.7933744,0.044840634,0.13874574,0.93191224,-1.0467836,-1.5329858,-1.3051591,0.18740508,-0.21330617,1.0742357,1.2443199,2.0111754,1.2690033,-0.27149555,-0.79063827,1.1544288,-0.5328829,-1.2924633,-0.25929847,-1.0814124,0.8751092,-0.46746185,-0.5960328
-1.1643573,0.08192687,1.0880425,-0.82580316,-0.92063475,-0.93424594,-0.34263277,0.61741716,-1.1107535,-0.8104723,0.03280004,0.1286934,0.9737734,-0.98822397,-1.4929996,-1.2062337,0.16381282,-0.16936779,1.0449424,1.2817383,1.9233041,1.1833075,-0.13787246,-0.6701636,1.1022663,-0.5711014,-1.2201369,-0.19515155,-1.1285152,0.8094085,-0.34112847,-0.48217702
-1.1465176,0.19074932,1.1172189,-0.83542275,-0.90166664,-0.8985405,-0.39916843,0.63256973,-1.0695857,-0.8544326,0.059847727,0.027513847,0.9127316,-0.9675226,-1.4291949,-1.1743482,0.16553059,-0.21358535,0.9958082,1.2516079,1.9081192,1.1466593,-0.17629573,-0.61917377,1.0533583,-0.63388425,-1.1474108,-0.14124686,-1.2055244,0.8217487,-0.33347452,-0.36420292
-1.1362437,0.20600861,1.1082468,-0.79346335,-0.9200654,-0.8819063,-0.42637965,0.6432171,-1.0429102,-0.8931099,0.08281119,-0.037662767,0.8458532,-0.97504926,-1.4113652,-1.1864778,0.19586238,-0.25524187,0.9555842,1.2133219,1.9124467,1.1582246,-0.21943374,-0.6551633,1.0388422,-0.66879725,-1.1241841,-0.14105985,-1.2268066,0.8435182,-0.35943714,-0.34061533
-0.9551544,0.4888061,1.130519,-0.67906034,-0.8085736,-0.68321705,-0.42957434,0.6413955,-0.8483427,-1.0167093,0.15407926,-0.19916005,0.69567007,-0.8225246,-1.2299339,-1.0484401,0.26841274,-0.335035,0.7510691,1.1285983,1.7036304,0.98943824,-0.21389014,-0.53763324,0.8851153,-0.7584475,-0.8906403,-0.11117797,-1.3083501,0.7818892,-0.22776857,-0.090415016
-0.9697628,0.45214304,1.143711,-0.74244195,-0.7919872,-0.707138,-0.4156467,0.6499259,-0.87196267,-1.0011616,0.127945,-0.14885864,0.75069803,-0.86126804,-1.24717,-1.0551236,0.2553928,-0.3067657,0.80094475,1.1650176,1.719045,0.98433036,-0.19173095,-0.5163394,0.91711944,-0.7757815,-0.89304185,-0.09790858,-1.3379724,0.7837067,-0.21428144,-0.078640014
-1.0944971,0.07362811,1.0800922,-0.77056557,-0.9018706,-0.82113075,-0.2626616,0.6538298,-1.0632163,-0.8527671,0.0066645816,0.12148297,0.9237518,-0.9692132,-1.5174931,-1.2108546,0.20355612,-0.18939552,0.94507855,1.3023385,1.8882138,1.1850532,-0.08195537,-0.693506,1.0974884,-0.6209224,-1.1646631,-0.15557882,-1.1444837,0.78005254,-0.2990056,-0.44834372
-1.0948386,0.072565034,1.0773191,-0.74639076,-0.86989725,-0.80704945,-0.24277636,0.62650293,-1.0964279,-0.83987325,0.0058060884,0.109465584,0.9135009,-0.95182073,-1.5234807,-1.2239377,0.17815247,-0.16564775,0.9357446,1.3086601,1.8853064,1.1925541,-0.061083052,-0.68877393,1.078972,-0.59545237,-1.1837367,-0.15130492,-1.0945828,0.73721373,-0.27646372,-0.4762648
-1.1455029,0.2179268,1.1421099,-0.8440787,-0.883407,-0.900028,-0.43385896,0.60895807,-1.0888023,-0.8555659,0.07072949,-0.023317985,0.8906203,-0.9844838,-1.4086604,-1.1692852,0.13116823,-0.19372155,1.0119766,1.2509325,1.9165175,1.1444695,-0.19726254,-0.59212875,1.0393882,-0.6433842,-1.142513,-0.11644071,-1.2198329,0.8028637,-0.3078192,-0.32318765
-1.1504304,0.10196957,1.0778782,-0.7750772,-0.92977166,-0.8911414,-0.37875152,0.6320324,-1.100159,-0.84349346,0.05388209,0.039386347,0.8764283,-0.9817193,-1.4831387,-1.2403406,0.17908907,-0.215625,0.97372633,1.2526193,1.9422942,1.2080846,-0.18450466,-0.6907853,1.0884914,-0.6155659,-1.1944189,-0.1523882,-1.1621634,0.8059573,-0.35728857,-0.4412165
-1.1726732,0.029659182,1.0233374,-0.7702121,-0.96265316,-0.95208836,-0.4024736,0.6221244,-1.1222613,-0.82456785,0.056063723,0.07430199,0.8779909,-1.0067667,-1.5031116,-1.2833585,0.19107762,-0.2173593,1.0018463,1.2454916,1.9678825,1.2302591,-0.23690587,-0.7357463,1.1117355,-0.5888339,-1.2290376,-0.19198446,-1.1401788,0.82730937,-0.39767465,-0.49888983
-1.1277399,0.13595837,1.0421726,-0.77670133,-0.93493843,-0.95247567,-0.4635333,0.6058576,-1.0492096,-0.8471903,0.10890439,0.033294573,0.8662854,-0.9945473,-1.4158537,-1.2002773,0.21150848,-0.23036687,1.0131779,1.210135,1.8923805,1.1546036,-0.28006706,-0.65911096,1.0836296,-0.61072254,-1.1378824,-0.20592254,-1.2275453,0.84685194,-0.35391715,-0.3887595
-1.0551841,0.25792074,1.1751148,-0.81111634,-0.78345,-0.7820066,-0.33881092,0.6268729,-1.0195374,-0.8835026,0.07631475,0.0091627985,0.89729726,-0.9580078,-1.376732,-1.0997962,0.16981453,-0.19540244,0.9666162,1.2626588,1.7977694,1.0849912,-0.0979411,-0.5135267,1.0346445,-0.69173026,-1.0464208,-0.1106222,-1.2832456,0.75751036,-0.20188092,-0.24386999
-1.013473,0.38052246,1.2339468,-0.8265654,-0.7315475,-0.6911339,-0.3164653,0.6409966,-0.9681478,-0.89805865,0.06427936,-0.03954243,0.8833469,-0.8898019,-1.3368148,-1.0409117,0.1544585,-0.19580708,0.9035345,1.2640961,1.7466455,1.0234165,-0.041901585,-0.44286445,0.9757359,-0.7237637,-0.974265,-0.038833342,-1.3005582,0.7065586,-0.13716103,-0.14057647
-1.0523585,0.36674783,1.1158215,-0.7467889,-0.8914913,-0.83737206,-0.48863554,0.6058834,-0.92332846,-0.8932732,0.12752114,-0.105025195,0.8041992,-0.87517595,-1.3081882,-1.0795465,0.2205295,-0.26202092,0.9042323,1.1427083,1.8008194,1.0533813,-0.25926906,-0.57500046,0.9575518,-0.6378252,-1.0165968,-0.162846,-1.2429466,0.7989874,-0.29205683,-0.22689363
-1.032343,0.33947366,1.2309611,-0.8327644,-0.7496841,-0.74713516,-0.35632887,0.6239452,-1.0004779,-0.894523,0.075130664,-0.05560835,0.87694895,-0.94952714,-1.3371955,-1.0610892,0.14490539,-0.17941321,0.96003824,1.2611226,1.7806753,1.0481178,-0.07982321,-0.4667273,1.0106119,-0.7224756,-1.0039132,-0.05241151,-1.3070567,0.73436797,-0.15964167,-0.15541524
-1.0657394,0.25264686,1.1917878,-0.840637,-0.79245496,-0.8155645,-0.35808057,0.62311554,-1.0301853,-0.8763205,0.06300239,0.016206242,0.91787004,-0.9844467,-1.3762988,-1.0991056,0.1598403,-0.17349291,1.0068756,1.2801007,1.8128529,1.0803276,-0.105934024,-0.50374115,1.0534331,-0.68870825,-1.0534482,-0.111297995,-1.2860988,0.7659883,-0.19846793,-0.2291007
-1.0641279,0.3160392,1.1655902,-0.78712076,-0.79555607,-0.778574,-0.3743275,0.6283798,-1.0069896,-0.93282366,0.079962716,-0.06088982,0.84273505,-0.92883605,-1.3443193,-1.1194192,0.17918769,-0.24163595,0.9078832,1.2278686,1.8059278,1.0764539,-0.14026538,-0.5247806,0.9702125,-0.7056825,-1.0339762,-0.114163116,-1.2712047,0.7730972,-0.2261858,-0.2085927
-1.1761314,0.0073131695,1.0598899,-0.80734265,-0.9420544,-0.96074617,-0.34005105,0.6050462,-1.1405802,-0.76251286,0.01451087,0.15813774,0.97595644,-1.0035394,-1.5346533,-1.2456979,0.16106144,-0.14434293,1.0713867,1.2733859,1.9573294,1.2170354,-0.14892864,-0.7230449,1.1387397,-0.5318311,-1.2701824,-0.19857529,-1.0792819,0.78814936,-0.3640321,-0.549616
-1.1519852,0.035730265,1.0623461,-0.8045932,-0.93131423,-0.921491,-0.32413235,0.6308169,-1.0977881,-0.801874,0.013684809,0.16278487,0.9736975,-0.98390085,-1.5236574,-1.223349,0.19850075,-0.18145074,1.0269336,1.2825824,1.9192328,1.1935024,-0.14425075,-0.7057116,1.1146717,-0.5639073,-1.2349004,-0.20437576,-1.1325505,0.8114781,-0.3491339,-0.50327164
-1.0747988,0.32246763,1.1537346,-0.783614,-0.82768106,-0.79466516,-0.40149888,0.6392427,-1.0050442,-0.9427616,0.08297254,-0.07842376,0.8253429,-0.9179874,-1.3527157,-1.1366543,0.18630947,-0.25950333,0.88652253,1.231418,1.8254292,1.0873379,-0.17522848,-0.5462345,0.9609956,-0.7019429,-1.0458436,-0.11040455,-1.2688763,0.79140705,-0.25938153,-0.21797398
-0.9929266,0.4432373,1.1702037,-0.6953899,-0.8163233,-0.70039463,-0.41466308,0.6309502,-0.94265,-0.96675795,0.13745691,-0.15981667,0.73575646,-0.82197934,-1.320705,-1.0819373,0.19777693,-0.27477932,0.7750068,1.2501729,1.7389739,1.0603199,-0.17927338,-0.5077196,0.92167795,-0.6801463,-0.99530625,-0.07376093,-1.2648662,0.74269676,-0.20226268,-0.17377415
-1.0718334,0.21545377,1.1440591,-0.8033175,-0.85887086,-0.80569696,-0.3220947,0.6311896,-1.0433505,-0.9045979,0.05814938,0.051211253,0.90640074,-0.9406862,-1.4295928,-1.1339837,0.18492384,-0.19239525,0.9373304,1.3364097,1.8346262,1.1262041,-0.09146868,-0.5678585,1.0778692,-0.6535354,-1.0933783,-0.122240365,-1.230849,0.7847141,-0.24126112,-0.3242771
-0.30419162,0.89188075,0.8427358,-0.22244248,0.49735308,0.58001065,0.20419249,0.29079375,-0.38594338,-1.2055864,0.3277949,-0.41056547,0.13328189,-0.535592,-0.7200179,-0.6342951,0.17201778,-0.021848712,-0.20348676,0.7299484,0.8771712,0.15596394,0.019008059,-0.016897142,-0.121264294,-1.087062,-0.32734478,-0.18416215,-1.2295604,-0.16422117,0.94882476,0.5969522
-0.09730666,1.0680788,0.6913871,-0.073305555,0.5993155,0.637669,-0.0022742301,0.2939237,-0.05642242,-1.3867556,0.2477334,-0.5996219,-0.18843924,-0.45063937,-0.50637555,-0.5905765,0.458364,-0.049015455,-0.5432173,0.34761822,0.5662125,-0.29472044,-0.1660588,-0.12991749,-0.3375936,-1.2486099,-0.0017894334,-0.22251269,-1.2877522,-0.2670387,1.1123936,0.8214601
0.05869567,1.2103014,0.55561733,0.097220756,0.67739105,0.7314224,-0.111613125,0.23777232,0.21577986,-1.412607,0.21742657,-0.7131318,-0.45426923,-0.29035306,-0.33330256,-0.5203895,0.6970386,-0.118134186,-0.7992342,0.03026888,0.29071093,-0.597612,-0.30765066,-0.23378044,-0.52371997,-1.2717962,0.18916929,-0.2599802,-1.2137012,-0.4177146,1.2320371,0.9019866
0.02335935,1.1932819,0.60885245,0.03274517,0.6291033,0.6115022,-0.14725357,0.27957895,0.17582458,-1.3858054,0.25697657,-0.6414819,-0.34250623,-0.38106945,-0.3654357,-0.5652859,0.6529116,-0.13746092,-0.6416339,0.13030922,0.40279835,-0.51600194,-0.38119653,-0.19041955,-0.39556596,-1.2473061,0.10220367,-0.28621835,-1.2669874,-0.37989157,1.1526167,0.9200535
-0.03877125,1.1197512,0.6135201,0.03571769,0.5877738,0.5982411,-0.12045847,0.27990898,0.09800756,-1.3896644,0.26667416,-0.621205,-0.28647166,-0.38027263,-0.44329715,-0.6009693,0.6075863,-0.122687235,-0.6153296,0.22529323,0.45286196,-0.40545002,-0.34587875,-0.20440674,-0.3899222,-1.2154304,0.042062145,-0.27530792,-1.26708,-0.3315896,1.1133585,0.8456969
-0.34571183,0.8354357,0.8485554,-0.27010003,0.46154678,0.5375389,0.20878068,0.29442316,-0.42854804,-1.218281,0.3093022,-0.35650176,0.17536674,-0.5773061,-0.73894083,-0.65234095,0.20100036,-0.04629798,-0.15899129,0.7793758,0.92117196,0.17827064,-0.00022523478,-0.05016226,-0.0742209,-1.075489,-0.3926316,-0.22320876,-1.2151177,-0.10904757,0.8977812,0.56096107
-0.38199297,0.7930923,0.8601226,-0.29585004,0.4296146,0.5188396,0.23597345,0.2790732,-0.493232,-1.1805212,0.3109276,-0.3202815,0.21215585,-0.587582,-0.778985,-0.6782643,0.16908985,-0.05321661,-0.09734507,0.82846856,0.98399526,0.26034847,0.02723236,-0.042594273,-0.018298488,-1.0424967,-0.45204002,-0.22624081,-1.164939,-0.089099936,0.8525407,0.5011133
-0.12428857,1.108089,0.66845864,-0.0005994728,0.63321817,0.6414893,0.006526746,0.25883862,-0.07305429,-1.3603519,0.27552035,-0.5952263,-0.19102359,-0.3793559,-0.45543957,-0.60760343,0.50403595,-0.07339353,-0.5743673,0.35116646,0.53520155,-0.31084338,-0.2098837,-0.11896138,-0.38289073,-1.2123233,-0.04105894,-0.23141241,-1.222388,-0.3120451,1.1202879,0.832224
-0.22382513,0.90848064,0.6359654,-0.032358512,0.53233445,0.62574875,0.13710015,0.25354138,-0.22235993,-1.3253165,0.342335,-0.5224487,-0.08117032,-0.42866027,-0.60471237,-0.6364214,0.3432419,-0.06501898,-0.45145005,0.5458876,0.6859567,-0.021304913,-0.10078396,-0.14895983,-0.31162077,-1.0843327,-0.1512937,-0.2674021,-1.191696,-0.20557325,1.0091909,0.6211099
-0.18640473,0.9263267,0.63362575,-0.024927424,0.5428144,0.62524235,0.094297186,0.25953424,-0.1682139,-1.3459287,0.33126926,-0.5399741,-0.115042545,-0.43688178,-0.59146476,-0.6329077,0.38400692,-0.06934264,-0.47908992,0.49658242,0.6505201,-0.07074676,-0.12277475,-0.15256105,-0.31812724,-1.1162935,-0.10815418,-0.27273172,-1.2277519,-0.21858568,1.0270411,0.65224224
-0.1380068,1.0455403,0.65837973,-0.01308074,0.61583316,0.6627465,0.05029957,0.26042554,-0.105100594,-1.3344371,0.29999763,-0.6016818,-0.1915894,-0.3972125,-0.5166855,-0.5939034,0.42628872,-0.053810496,-0.5583031,0.38182572,0.5659472,-0.22207788,-0.14272287,-0.11490464,-0.37400487,-1.1841328,-0.045801766,-0.22326085,-1.2327068,-0.2846132,1.1033531,0.75696653
-0.34734142,0.8839219,0.7762479,-0.19346848,0.5284383,0.5749512,0.2172688,0.2514607,-0.41027266,-1.2192929,0.30776432,-0.43455145,0.053930365,-0.51094276,-0.6424477,-0.6178292,0.25186524,-0.046501804,-0.26999354,0.6720885,0.83828324,0.049762607,-0.046825893,-0.051558737,-0.18500444,-1.0685284,-0.32192355,-0.22683224,-1.1217577,-0.13878998,0.949667,0.60723174
-0.2170231,0.85291255,0.5674964,-0.033372626,0.49672905,0.54707766,0.07783376,0.24614769,-0.20290518,-1.3484598,0.35132796,-0.49010724,-0.10293058,-0.47948232,-0.60297704,-0.6812105,0.4405061,-0.09937824,-0.44903898,0.52480596,0.6889045,-0.029326968,-0.18716848,-0.20185901,-0.2803299,-1.0743297,-0.16143005,-0.3552584,-1.1817496,-0.15701826,0.9535776,0.5902802
-0.1452094,0.979279,0.65690804,-0.05221659,0.5546003,0.63329154,0.032725558,0.29447243,-0.09848995,-1.3574557,0.2904755,-0.5681923,-0.16172417,-0.4286994,-0.57253087,-0.61700475,0.41548073,-0.06928766,-0.51979136,0.42256933,0.6104043,-0.16340637,-0.1371783,-0.15784323,-0.3297159,-1.1767879,-0.057006195,-0.2293719,-1.2816598,-0.23835976,1.0529708,0.7104664
-0.2743675,0.80371916,0.76956725,-0.23744377,0.4466391,0.5592395,0.1655027,0.32425916,-0.32914093,-1.2690749,0.31243968,-0.4206093,0.084447406,-0.57569784,-0.74268043,-0.6352618,0.20866242,-0.03532798,-0.22914669,0.70053554,0.85957044,0.13348585,-0.014431767,-0.122636184,-0.14142635,-1.0804135,-0.27249092,-0.22842813,-1.2652351,-0.101101846,0.90432423,0.55956924
-0.10373757,1.0040505,0.62639254,-0.012494106,0.60874856,0.6689137,0.03251303,0.25729778,-0.05689127,-1.347463,0.27782908,-0.5726146,-0.20235126,-0.40401453,-0.538144,-0.59535766,0.47465482,-0.055429924,-0.579116,0.3640414,0.52799016,-0.24154943,-0.15509087,-0.15501894,-0.38538146,-1.1814921,-0.03749565,-0.25911298,-1.2309452,-0.28219518,1.1047956,0.7313004
-0.2011083,0.9500743,0.6114196,-0.045200624,0.5036942,0.55484873,0.0083303,0.28205183,-0.16675636,-1.3006202,0.33037186,-0.5564097,-0.14247935,-0.47322825,-0.5900002,-0.65973413,0.41049823,-0.08773649,-0.45209238,0.45845684,0.69413024,-0.11423523,-0.24947861,-0.16982938,-0.29069772,-1.1171911,-0.13677824,-0.2746889,-1.197076,-0.20278977,0.98035043,0.6674864
-0.3376442,0.83521706,0.72343594,-0.14598681,0.4375091,0.5552517,0.16832627,0.28079432,-0.38652548,-1.2227608,0.34737194,-0.48013407,0.011822924,-0.5141034,-0.7103276,-0.6621528,0.23358479,-0.06495074,-0.2778923,0.6591996,0.85460216,0.15421486,-0.08458993,-0.1435185,-0.1873013,-1.0311985,-0.29566348,-0.22252843,-1.1554488,-0.11800395,0.88698125,0.5193133
-0.25425753,0.8936738,0.67651683,-0.12766147,0.46464393,0.51923996,0.054427207,0.28611085,-0.25641674,-1.3040547,0.3164271,-0.45490214,-0.013617199,-0.5141037,-0.65072906,-0.70498985,0.38493642,-0.08248322,-0.3572359,0.59805655,0.7823062,-0.015365474,-0.18415333,-0.14859332,-0.187391,-1.1149553,-0.23289546,-0.27710137,-1.2030107,-0.16221951,0.9453767,0.6300173
-0.15528879,0.96138024,0.6560285,-0.078449376,0.5094862,0.55441374,-0.00024177879,0.28824022,-0.120875455,-1.340525,0.3006913,-0.49806347,-0.073864534,-0.4804388,-0.60505843,-0.6768944,0.425924,-0.06093323,-0.43284875,0.4966129,0.6813537,-0.1335099,-0.2000772,-0.13699566,-0.24298237,-1.1651762,-0.11933181,-0.27353522,-1.2574344,-0.23369373,1.0311056,0.7149122
-0.22845387,0.87156105,0.6361939,-0.078407936,0.5010148,0.5940654,0.13761331,0.25045988,-0.2507669,-1.2823565,0.3392615,-0.4461512,-0.009583204,-0.44667763,-0.6562997,-0.6750969,0.34000257,-0.049779695,-0.38841656,0.6108787,0.7385583,0.027327888,-0.09288551,-0.13087921,-0.23834659,-1.0679328,-0.21831524,-0.2824272,-1.16753,-0.20904577,0.9901874,0.5885584
-0.24276349,0.82384825,0.7019868,-0.18633547,0.442055,0.5240814,0.085462496,0.31071672,-0.25720674,-1.3275611,0.30724406,-0.41149902,0.03631766,-0.55586094,-0.7030505,-0.68883073,0.33628675,-0.06785463,-0.3087824,0.64854836,0.80350655,0.04929819,-0.11106524,-0.16048597,-0.15585063,-1.1139095,-0.24391533,-0.2843815,-1.2683935,-0.11974661,0.92199224,0.59158456
-0.13747591,0.99872106,0.6558525,-0.09426338,0.54909444,0.5729707,-0.011964329,0.28924373,-0.07949496,-1.4002395,0.25499737,-0.51244426,-0.11720012,-0.4654021,-0.5264065,-0.65305024,0.51193315,-0.08059653,-0.4966255,0.43480778,0.62164026,-0.25834557,-0.20621668,-0.15805396,-0.27587432,-1.2211447,-0.07340086,-0.2857498,-1.2660033,-0.23193084,1.0672901,0.7815867
-0.3194499,0.86668706,0.7719294,-0.1934869,0.5047064,0.589015,0.21473339,0.26801717,-0.38973463,-1.2528325,0.30013818,-0.4369726,0.072836496,-0.5179608,-0.68968856,-0.64446,0.25074336,-0.021298468,-0.28641346,0.6924206,0.8282089,0.07163349,-0.020179681,-0.09136599,-0.18385601,-1.0814632,-0.29385883,-0.21403721,-1.1472287,-0.1470249,0.96743846,0.5882975
-0.38968554,0.74669206,0.8258056,-0.29932243,0.4349655,0.5461601,0.30700117,0.2590277,-0.5227684,-1.1624938,0.29604957,-0.28575394,0.24885331,-0.57046676,-0.8102248,-0.67170465,0.14312848,-0.018970963,-0.09125504,0.8690201,0.98470885,0.2722234,0.051314715,-0.059800167,-0.041846264,-0.98468417,-0.48013687,-0.23120806,-1.0796963,-0.10550924,0.87287045,0.46517187
-0.25096247,0.7994074,0.71694505,-0.18641946,0.44859737,0.55035686,0.13508944,0.3095878,-0.29855034,-1.2728969,0.31854123,-0.4335296,0.041025158,-0.575975,-0.7370782,-0.66035753,0.2583315,-0.04921401,-0.26730207,0.65513337,0.8283665,0.115544215,-0.07016395,-0.14600964,-0.1659211,-1.0721732,-0.2500583,-0.25963286,-1.2387727,-0.11390049,0.90256166,0.55202264
-0.18098387,0.8989058,0.67731106,-0.095806755,0.50767577,0.6033708,0.06358476,0.29380387,-0.18532294,-1.277953,0.3107493,-0.5073538,-0.08544137,-0.4964628,-0.6711825,-0.6506277,0.34562343,-0.055399876,-0.41389918,0.5113816,0.69729704,-0.021806173,-0.1120992,-0.14262971,-0.2555159,-1.1245611,-0.15717493,-0.2363787,-1.2462739,-0.20123047,0.98745555,0.6190011
-0.18487176,0.88596886,0.6353505,-0.069821835,0.47171894,0.54031414,0.031515397,0.27243862,-0.18862236,-1.2444017,0.35603935,-0.45565316,-0.04859238,-0.5096552,-0.6899744,-0.69882107,0.35882136,-0.06797874,-0.3656248,0.5506481,0.7406459,0.027334899,-0.20337078,-0.1268051,-0.20330481,-1.0776707,-0.21849003,-0.2912974,-1.2059095,-0.21769549,0.9549467,0.5973138
-0.1464726,0.9814354,0.60876817,0.042797245,0.52806723,0.58794326,0.0053683296,0.25037068,-0.111864425,-1.2701567,0.36314029,-0.5467314,-0.14766973,-0.40449724,-0.6076584,-0.6738258,0.42253575,-0.0798853,-0.4907202,0.4397212,0.6151872,-0.06772495,-0.21764737,-0.13454075,-0.3155864,-1.0994898,-0.122663304,-0.2702555,-1.2024623,-0.2822853,1.0215827,0.6496909
-0.30926883,0.77211297,0.617095,-0.081807464,0.40896994,0.54558015,0.14972284,0.24282387,-0.34013757,-1.2263955,0.3755234,-0.40926224,0.008636729,-0.46096212,-0.7419338,-0.72493887,0.32425332,-0.10220551,-0.33207157,0.6836524,0.8042022,0.18019187,-0.12597542,-0.19286166,-0.18844959,-0.98487633,-0.33022988,-0.3058744,-1.1004981,-0.15200298,0.8786855,0.43701625
-1.401749,-0.42737687,0.73896396,-0.91365355,-1.163448,-1.3435364,-0.44075382,0.61811703,-1.3168472,-0.7073153,-0.08811806,0.3883363,1.04933,-1.2070863,-1.6279261,-1.5268381,0.2701503,-0.31109047,1.2728993,1.2564608,2.1070924,1.3381552,-0.5741851,-1.0130897,1.2155415,-0.4768883,-1.4504396,-0.40855008,-1.0217397,1.0056863,-0.6941679,-0.7811651
-1.4144288,-0.47912616,0.6907329,-0.90163714,-1.1779107,-1.3525728,-0.43558636,0.60583943,-1.3342634,-0.70411986,-0.097388774,0.39421847,1.0210156,-1.2093387,-1.6298937,-1.5501585,0.27949637,-0.32567185,1.2643658,1.2468973,2.11418,1.3573716,-0.6016109,-1.0552098,1.2181125,-0.46142602,-1.4711815,-0.4311999,-0.97119063,1.0093585,-0.7254446,-0.8272938
-1.4278035,-0.49942446,0.69558156,-0.9258554,-1.1891298,-1.3639098,-0.43888634,0.6172259,-1.3494457,-0.7141058,-0.114734575,0.4017475,1.0356573,-1.2286426,-1.6453544,-1.5596204,0.28357887,-0.33184618,1.2781237,1.2609746,2.1396806,1.3644891,-0.6019816,-1.0686197,1.2277303,-0.47965497,-1.487196,-0.42062154,-0.9797869,1.0341046,-0.74897367,-0.8296289
-1.4265164,-0.48630536,0.71572703,-0.93267614,-1.1792245,-1.3662248,-0.4457011,0.6165599,-1.3479824,-0.71271104,-0.1110701,0.39973548,1.0479008,-1.2358989,-1.6411537,-1.5482566,0.2773541,-0.32454506,1.29371,1.2614019,2.1385162,1.355944,-0.59639007,-1.0476457,1.232538,-0.48839378,-1.4811268,-0.41154388,-1.0067815,1.0331228,-0.7375192,-0.80750865
-1.4123446,-0.48604918,0.70316505,-0.9204117,-1.1643097,-1.3525015,-0.4308164,0.60536635,-1.3455449,-0.696207,-0.11387351,0.40880713,1.0437789,-1.2232696,-1.6322795,-1.5415014,0.27450302,-0.3080535,1.2882813,1.2508957,2.1191251,1.3506178,-0.58627087,-1.0442964,1.2243978,-0.46620548,-1.4815897,-0.42476597,-0.9739899,1.0062468,-0.722974,-0.8222846
-1.4159142,-0.47752374,0.70618975,-0.9296432,-1.1735442,-1.3479122,-0.42831838,0.6179264,-1.3469703,-0.70515126,-0.12112337,0.4088563,1.0482085,-1.2151257,-1.6409881,-1.5505383,0.2752258,-0.32343155,1.2740674,1.2639251,2.126399,1.3558352,-0.58353615,-1.0476655,1.2171575,-0.47367728,-1.4801949,-0.41590238,-0.97522104,1.0117646,-0.7308222,-0.8209831
-1.4235152,-0.48439664,0.726536,-0.9403456,-1.1794127,-1.3473941,-0.42608443,0.6222533,-1.3552729,-0.71568763,-0.12881793,0.40191045,1.0540202,-1.2368851,-1.6475213,-1.5494282,0.2676793,-0.32061034,1.2874225,1.2770464,2.1433706,1.3645833,-0.57132745,-1.0434562,1.2297007,-0.49172807,-1.4777343,-0.39912766,-0.98895085,1.0208114,-0.73114806,-0.80918586
-1.420686,-0.48379916,0.73258704,-0.9308599,-1.1703078,-1.3493161,-0.42643592,0.61113113,-1.3533275,-0.709298,-0.120746374,0.3971865,1.0529257,-1.2424816,-1.639863,-1.5399436,0.2641108,-0.3021907,1.299558,1.2675399,2.1389637,1.3613499,-0.5661116,-1.036835,1.2376604,-0.48788851,-1.4776732,-0.40345952,-0.992111,1.0129431,-0.71750915,-0.80633366
-1.4096713,-0.50632864,0.7058743,-0.91038966,-1.161293,-1.3388137,-0.40705326,0.5960752,-1.3454219,-0.7010835,-0.11900464,0.40760943,1.0337665,-1.232782,-1.636023,-1.5369614,0.27100906,-0.2950262,1.2887843,1.2597556,2.119651,1.358339,-0.55741143,-1.0493369,1.2372224,-0.46364886,-1.4724034,-0.4220156,-0.95361745,0.99742407,-0.709177,-0.8326606
-1.412586,-0.50623226,0.70055,-0.9118124,-1.1694667,-1.3458382,-0.41769323,0.6022114,-1.344113,-0.703872,-0.115341395,0.40423575,1.0287871,-1.2284095,-1.6406846,-1.5468762,0.27542984,-0.30261895,1.282822,1.2594765,2.124782,1.360786,-0.57152545,-1.057655,1.2354889,-0.4664995,-1.4768159,-0.4192846,-0.95858884,1.0053091,-0.7194267,-0.83335036
-1.415621,-0.47444725,0.7409978,-0.94272965,-1.1448318,-1.3403956,-0.41089806,0.6030799,-1.366731,-0.7093052,-0.13134137,0.40433368,1.0727382,-1.2436632,-1.6344163,-1.5288589,0.256543,-0.28379974,1.3126281,1.2755827,2.1319935,1.3506916,-0.5431973,-1.0230144,1.2289379,-0.48908997,-1.4845852,-0.40662664,-0.9843808,0.9991408,-0.6999772,-0.8056059
-1.4127911,-0.45567358,0.752363,-0.9522984,-1.1302994,-1.3241979,-0.39813927,0.6146863,-1.3708912,-0.7270876,-0.13878796,0.40438488,1.0774374,-1.2442943,-1.6302885,-1.5304658,0.25270313,-0.29615176,1.3017393,1.2926438,2.1252015,1.3422382,-0.5297275,-1.0050875,1.2096324,-0.5067183,-1.4753847,-0.39855132,-0.9921536,0.9973826,-0.68951297,-0.78611535
-1.4009935,-0.43133128,0.7676934,-0.9461805,-1.1240506,-1.3110629,-0.39449233,0.6203813,-1.3558017,-0.7233738,-0.1309474,0.39940497,1.0730604,-1.2285228,-1.6312879,-1.5259886,0.24350885,-0.28955796,1.2863315,1.2960683,2.1162608,1.3372931,-0.50854826,-0.9859967,1.2084075,-0.50453526,-1.4569259,-0.38538548,-0.99675566,0.9784202,-0.6686848,-0.77289855
-1.3895929,-0.44920897,0.74576724,-0.92583925,-1.1199534,-1.3102481,-0.38265893,0.6062917,-1.3419709,-0.6957585,-0.13091342,0.41854706,1.0727248,-1.2190846,-1.6241765,-1.5207287,0.25931266,-0.26912048,1.2919047,1.2686167,2.0968149,1.3315358,-0.5125964,-1.0045185,1.2138287,-0.47108066,-1.4640532,-0.41203284,-0.9658184,0.9633269,-0.66378766,-0.7974604
-1.3997462,-0.4753852,0.7094655,-0.91252255,-1.1433998,-1.3376656,-0.4037154,0.59890103,-1.3357886,-0.69273764,-0.11606556,0.41932473,1.0557208,-1.2166051,-1.6246319,-1.5286691,0.27778184,-0.28584376,1.289814,1.2510285,2.0996282,1.3364885,-0.5547708,-1.0366259,1.2212414,-0.45581263,-1.4735867,-0.4347935,-0.9617005,0.98986584,-0.69393545,-0.823066
-1.4058564,-0.4475134,0.7508397,-0.93709177,-1.1357336,-1.3341947,-0.4187983,0.6207522,-1.3486052,-0.71944416,-0.118736774,0.3995073,1.0583073,-1.2273393,-1.6337448,-1.5353585,0.2581307,-0.3011064,1.2864653,1.2822138,2.1211355,1.3362862,-0.54288244,-1.0010828,1.2184203,-0.5016701,-1.4662915,-0.392252,-1.0082558,0.9982715,-0.68949264,-0.77742094
-1.4158704,-0.46525025,0.7377046,-0.937708,-1.1486073,-1.3373284,-0.42113206,0.616227,-1.3621944,-0.719955,-0.12363374,0.39574066,1.0520918,-1.2325044,-1.6368518,-1.545554,0.2579286,-0.30847567,1.287805,1.280331,2.1306393,1.3527852,-0.5593305,-1.0202936,1.2167711,-0.49954802,-1.4786905,-0.3970273,-0.993846,1.0014719,-0.7063345,-0.7940828
-1.4177178,-0.45449358,0.74236923,-0.93738794,-1.1573495,-1.3469123,-0.43225664,0.62081796,-1.3460343,-0.721325,-0.11129168,0.3925613,1.0559146,-1.2311391,-1.6360481,-1.5395353,0.26580453,-0.31243747,1.288224,1.2759719,2.1283262,1.346907,-0.56862915,-1.0199276,1.21953,-0.50047976,-1.4693631,-0.4004703,-1.0186712,1.0146188,-0.7069543,-0.7836123
-1.4151407,-0.48339838,0.69346875,-0.9127901,-1.1847006,-1.3641971,-0.45110905,0.6168765,-1.3272834,-0.7007083,-0.09795141,0.40329447,1.0275246,-1.2119381,-1.637665,-1.551475,0.28950122,-0.32991976,1.2691624,1.2467419,2.120061,1.3500056,-0.6151556,-1.0559021,1.2238387,-0.4652837,-1.4751629,-0.4258111,-0.9909994,1.0251523,-0.7393108,-0.8182891
-1.4218518,-0.50822586,0.6773642,-0.9100738,-1.1978865,-1.3674741,-0.4447727,0.6076096,-1.3340539,-0.7028392,-0.10318993,0.4074776,1.0256337,-1.2218075,-1.6390051,-1.5489144,0.2927861,-0.33668768,1.2749643,1.2468903,2.123769,1.3604488,-0.6194517,-1.0731837,1.2299665,-0.45658755,-1.4779615,-0.43626466,-0.97426707,1.0371519,-0.7531338,-0.8398079
-1.4232937,-0.48309225,0.7187522,-0.9269393,-1.1797615,-1.3538282,-0.42526382,0.6150566,-1.3375303,-0.72378963,-0.11144748,0.39917478,1.0464605,-1.2420822,-1.6348752,-1.5370936,0.27907053,-0.32106993,1.2875742,1.2706699,2.1252348,1.3532262,-0.5817508,-1.0442097,1.2275058,-0.48488557,-1.4624469,-0.41799527,-1.0027723,1.0326474,-0.7224371,-0.80433613
-1.411365,-0.46318418,0.7503257,-0.9406567,-1.1354766,-1.3291117,-0.40119454,0.61586016,-1.3568631,-0.72383577,-0.13051915,0.40300366,1.0645858,-1.2436619,-1.6316909,-1.5318263,0.25823337,-0.29543054,1.2977937,1.2865924,2.122706,1.3414972,-0.53342086,-1.0091544,1.2200466,-0.5031398,-1.4671243,-0.3990127,-0.9959038,0.99925655,-0.68826014,-0.7846725
-1.4124999,-0.48499697,0.7213021,-0.9274204,-1.1459441,-1.3353361,-0.40702185,0.60397243,-1.3587896,-0.70997936,-0.12724884,0.4052312,1.0481675,-1.2352297,-1.6307595,-1.5405914,0.26367474,-0.29529667,1.29338,1.2691959,2.1208618,1.3517555,-0.5541572,-1.0323185,1.2234507,-0.480991,-1.478465,-0.41397646,-0.96788895,0.99320155,-0.7024942,-0.8130944
-1.4220133,-0.48019594,0.7130602,-0.92458755,-1.1748979,-1.3546208,-0.43373224,0.60812205,-1.3489184,-0.7131573,-0.1102166,0.39847842,1.0428779,-1.2227281,-1.6389626,-1.5448706,0.2727977,-0.3205353,1.2819139,1.2671877,2.1318276,1.3587031,-0.58186126,-1.0443773,1.2297708,-0.47866064,-1.4779307,-0.4163829,-0.988867,1.0187734,-0.72535986,-0.8178397
-1.4127655,-0.46982628,0.70877486,-0.9204325,-1.1739488,-1.3512356,-0.4339977,0.6098975,-1.3427163,-0.711577,-0.10501467,0.39874062,1.0398757,-1.2146989,-1.637487,-1.541672,0.27206582,-0.31565535,1.2724376,1.2657164,2.1232216,1.3529387,-0.57855904,-1.041249,1.2214547,-0.47056776,-1.4750448,-0.41971514,-0.9800122,1.0148934,-0.7209247,-0.8215788
-1.4194576,-0.49241978,0.69264054,-0.914537,-1.1823567,-1.3576883,-0.4402178,0.602219,-1.3516643,-0.70143306,-0.10591018,0.39664924,1.0309277,-1.2161546,-1.6405712,-1.5520058,0.27340472,-0.3188067,1.2777027,1.2533526,2.1309402,1.367624,-0.5983442,-1.0622463,1.2264394,-0.4644794,-1.4886523,-0.4253228,-0.9652816,1.0136693,-0.73631215,-0.8397808
-1.4208926,-0.49119806,0.71012396,-0.92130077,-1.1767297,-1.3584322,-0.43761742,0.604082,-1.3527061,-0.70662487,-0.10892041,0.39565626,1.0400127,-1.2313162,-1.640565,-1.5434209,0.27070427,-0.31007233,1.2908669,1.2601722,2.1357937,1.3631395,-0.5854653,-1.0511835,1.2338028,-0.4768082,-1.4859328,-0.41783398,-0.9815804,1.0194085,-0.7290967,-0.8256164
-1.4153545,-0.4924611,0.699533,-0.91224146,-1.171784,-1.3523358,-0.43323532,0.6038441,-1.345075,-0.7030249,-0.10767223,0.4014925,1.0293347,-1.2224218,-1.632961,-1.5471056,0.27813506,-0.3140556,1.2794054,1.2528324,2.1220932,1.357015,-0.5924252,-1.0517718,1.2282306,-0.46736425,-1.4813223,-0.42713365,-0.9711039,1.0108827,-0.72597027,-0.8257892
-1.4052087,-0.48958582,0.693139,-0.90834814,-1.1617547,-1.3487729,-0.42812014,0.59858,-1.3413371,-0.68841237,-0.108294055,0.41055098,1.0336019,-1.2117795,-1.629888,-1.5422038,0.2777588,-0.300255,1.2798609,1.2440599,2.1108975,1.3496368,-0.58657736,-1.0498222,1.2254757,-0.45257944,-1.483826,-0.43491012,-0.95530015,0.996154,-0.71752536,-0.8340828
-1.4016445,-0.48576677,0.71074843,-0.9143883,-1.1468652,-1.3403165,-0.41081023,0.60103816,-1.342336,-0.693145,-0.11888887,0.41665587,1.0465292,-1.2267725,-1.6272974,-1.530937,0.27159682,-0.29007027,1.2914517,1.2538228,2.1079514,1.3411077,-0.55911255,-1.0317302,1.2275245,-0.46242124,-1.4748378,-0.4269154,-0.96130294,0.9928288,-0.7018302,-0.8203374
0.35202977,2.2028315,0.62608606,0.36284372,1.0987222,0.9531913,-0.08235244,0.21718855,0.601568,-1.1645253,0.1292859,-1.1951697,-0.90369654,0.46271506,0.5241791,-0.07946542,0.8170642,-0.16624078,-1.1863148,-0.7196859,-0.41986483,-1.4584864,-0.32655355,-0.050174404,-1.1773913,-1.3800846,0.68265134,0.17120203,-0.79251957,-0.9291459,1.572876,1.5737213
0.2675044,2.0292218,0.60738283,0.3919349,1.0619756,0.9097221,-0.0652368,0.14878045,0.45130426,-1.1678802,0.24153006,-1.1237866,-0.81160104,0.3938675,0.42192563,-0.14153177,0.76311755,-0.16699761,-1.0814941,-0.58089936,-0.31564546,-1.2364011,-0.28719503,0.02253452,-1.1035906,-1.3090221,0.5565058,0.05410502,-0.8022255,-0.8038226,1.4891462,1.4577694
0.3699723,2.166961,0.51301867,0.52237564,1.0189791,0.9016757,-0.1939556,0.17889912,0.6398463,-1.2396626,0.22823693,-1.2903745,-1.0076973,0.5026545,0.56939876,-0.10646763,0.9060153,-0.2450507,-1.2256074,-0.8043916,-0.4560427,-1.4431788,-0.4660737,-0.17475805,-1.2618915,-1.3017111,0.72617793,0.06700326,-0.7471723,-0.84813285,1.4433736,1.5353115
0.4091521,2.1984951,0.51043856,0.5164316,1.0060972,0.89187,-0.23736657,0.18714756,0.68659765,-1.2453984,0.22202621,-1.2950816,-1.0080991,0.5157883,0.5929074,-0.1165835,0.95081484,-0.24622926,-1.2146579,-0.82099783,-0.45421624,-1.4688107,-0.49671704,-0.18502639,-1.2372475,-1.3262446,0.7350984,0.05643653,-0.7591198,-0.8667326,1.4462011,1.563951
-0.34144986,0.76619285,0.5852613,0.05751881,0.78517294,0.82188505,0.555675,-0.27079198,-0.45647448,-0.56057876,0.32720453,-0.06250247,-0.12462938,-0.034115605,-0.5185346,-0.351929,0.24284512,0.088516355,-0.19565138,0.34318838,0.35915053,0.012154296,0.13420731,0.24688075,-0.27364182,-0.473791,-0.5648057,-0.19848174,-0.21241401,-0.62082845,1.1476111,0.2724263
-0.32558572,0.88941425,0.6948181,0.078836784,0.8343177,0.83830386,0.5594586,-0.19205895,-0.44271994,-0.7285521,0.34298953,-0.27300435,-0.2408158,-0.13579482,-0.44415298,-0.2911944,0.16565311,0.052936107,-0.277054,0.3121113,0.37291235,-0.07936903,0.14147574,0.2745577,-0.37696368,-0.6057596,-0.42168415,-0.15599743,-0.41928834,-0.53049314,1.1801996,0.44483742
0.08137957,1.7337153,0.6713252,0.34960467,1.0628906,0.94891,0.18383518,0.09286691,0.16968283,-1.1412083,0.2833883,-1.0084628,-0.6644269,0.16553067,0.1745286,-0.1295709,0.43010375,-0.061710913,-0.9107738,-0.33212766,-0.10149397,-0.90157276,-0.043894723,0.14506353,-0.99672985,-1.1710821,0.37570792,-0.0011929646,-0.8293715,-0.66382724,1.4649162,1.2289059
0.1864714,1.8029096,0.5219848,0.44652185,1.036477,0.90899915,0.025677986,0.05985059,0.32802817,-1.122324,0.34128284,-1.0184038,-0.7873123,0.2954286,0.27867448,-0.18355098,0.64145964,-0.14478612,-1.0091517,-0.46545145,-0.23050044,-1.0394267,-0.28804642,0.038703978,-1.0682901,-1.1339581,0.41237068,-0.06039337,-0.68033636,-0.7712493,1.4150313,1.2848809
0.34908327,2.0783165,0.53452796,0.521598,1.0459268,0.8666762,-0.17088963,0.16463612,0.6042611,-1.284593,0.23834924,-1.2158159,-0.9126133,0.36505422,0.4792671,-0.16278124,0.85555923,-0.20025419,-1.1513349,-0.7100991,-0.34865457,-1.3507006,-0.43893376,-0.110332236,-1.1877154,-1.2975271,0.65633214,-0.022389315,-0.8219688,-0.8351769,1.4548366,1.5287142
0.30704886,2.0066242,0.5244332,0.4970764,1.0413333,0.88459855,-0.13370931,0.16456157,0.5352573,-1.3115284,0.2373366,-1.2074345,-0.91490334,0.3239127,0.4407486,-0.16223428,0.8073322,-0.18579477,-1.1608043,-0.6785048,-0.3195578,-1.3211722,-0.40510887,-0.13872899,-1.194747,-1.284408,0.6439945,-0.022733092,-0.8383766,-0.7888673,1.4386212,1.4780078
0.070662856,1.737025,0.6672948,0.34202608,1.0461487,0.9109421,0.16627343,0.09516978,0.16377391,-1.168735,0.27429417,-1.0128232,-0.70751095,0.13947684,0.21517223,-0.13207576,0.465833,-0.09396741,-0.8992314,-0.37108108,-0.10424109,-0.94925815,-0.13549729,0.09558801,-1.0214999,-1.1540467,0.36700535,-0.023683384,-0.770668,-0.6458147,1.4169643,1.2482874
0.21851769,1.9502118,0.52890396,0.4696126,1.0398563,0.9084906,-0.015953906,0.12228734,0.41205263,-1.1877729,0.26811612,-1.1624228,-0.8816983,0.3786204,0.44052634,-0.11581546,0.6944131,-0.16730121,-1.0977738,-0.62903416,-0.3273775,-1.251749,-0.3457967,-0.0808904,-1.2271079,-1.1904792,0.58754885,0.030010529,-0.6679834,-0.78387177,1.4306316,1.4101198
0.0428979,1.74557,0.736244,0.20544496,1.1367552,0.9461683,0.25897592,0.08864061,0.09154459,-1.1075726,0.19856042,-0.8724799,-0.56809986,0.18557362,0.22951886,-0.12843244,0.4400938,-0.007067281,-0.8551539,-0.28078866,-0.11410056,-0.98864955,-0.0008366592,0.21179081,-0.97760344,-1.1870912,0.32540226,0.0921484,-0.7646842,-0.7273016,1.5393246,1.2918547
0.39741063,2.2429497,0.57987547,0.43826473,1.1121157,0.9446785,-0.0901687,0.20776582,0.6405047,-1.2475944,0.10287799,-1.2529378,-0.94906414,0.4265159,0.60984015,-0.060973275,0.80438983,-0.14501588,-1.2096783,-0.8308368,-0.4453671,-1.552309,-0.35372078,-0.092350006,-1.2785423,-1.352616,0.7882488,0.12731877,-0.75151587,-0.91711354,1.5763984,1.6458848
0.50480795,2.244876,0.46937883,0.54731834,1.0287914,0.8961081,-0.28306845,0.15662964,0.81761104,-1.3159411,0.09386016,-1.3002408,-1.0692931,0.47657576,0.661603,-0.120554976,1.0583843,-0.24568206,-1.2968172,-0.9740777,-0.5544183,-1.6247969,-0.5480175,-0.27080297,-1.296529,-1.3128759,0.84824836,0.046728797,-0.73513633,-0.9265022,1.4723846,1.6235834
0.43595883,2.2048998,0.44785744,0.58667064,1.0698485,0.9041913,-0.20312706,0.15939957,0.72008526,-1.2598683,0.20637129,-1.2833039,-1.0510283,0.5011754,0.6159792,-0.11160907,0.9306766,-0.21635395,-1.281162,-0.8946904,-0.5026804,-1.5358573,-0.5049942,-0.19610354,-1.3212037,-1.2543436,0.7845706,0.057412215,-0.694273,-0.93000346,1.4771715,1.575651
0.06449924,1.7450743,0.69159025,0.25556624,1.0322924,0.8697261,0.12850133,0.10335877,0.1581366,-1.0525854,0.31382596,-0.8593924,-0.58720744,0.14939617,0.1429291,-0.2158429,0.5089748,-0.106006235,-0.7983443,-0.2614486,-0.04150018,-0.85018826,-0.16453347,0.18428032,-0.86717206,-1.1549871,0.22453561,-0.017245755,-0.7411859,-0.7151071,1.4265575,1.2122973
-0.16357327,1.3463597,0.8011511,-0.044954076,1.0210059,0.9076582,0.40027902,-0.038272515,-0.19731599,-0.75406927,0.17990397,-0.38703305,-0.19410434,0.052791186,-0.18147571,-0.25147355,0.33365306,0.06517685,-0.4749997,0.11823801,0.13301827,-0.49317464,0.16150784,0.38394696,-0.5388196,-0.99274,-0.16415015,0.055443697,-0.5940613,-0.71582824,1.449139,0.864482
-0.057346694,1.4314291,0.60033196,0.18743367,0.9853773,0.90373856,0.25234216,-0.08647946,-0.020458885,-0.8865571,0.27716342,-0.6317055,-0.5411232,0.15448174,0.00013554096,-0.2237885,0.46703675,-0.059002507,-0.7120988,-0.15873007,-0.04509616,-0.68439686,-0.10874819,0.21611243,-0.77173775,-0.9480234,0.027270481,-0.048143335,-0.4789824,-0.70746505,1.3768737,0.9511773
-0.10351842,1.4055688,0.7486077,0.106492676,1.0458465,0.91635007,0.37934643,-0.008773396,-0.13170996,-0.98801756,0.25648034,-0.6346779,-0.45661312,-0.016714329,-0.05139757,-0.19945954,0.3337827,0.0011417475,-0.6754376,-0.04255887,0.06426467,-0.6328736,0.07380213,0.2651138,-0.72621286,-1.0182071,0.012571478,-0.0349185,-0.6933477,-0.6101068,1.3985147,0.97097117
0.23024598,1.91765,0.59115684,0.36057046,1.0651685,0.8891638,-0.05810792,0.12890603,0.40774655,-1.2255012,0.2178725,-1.070219,-0.80380636,0.32074672,0.3903413,-0.17679912,0.78678674,-0.16967067,-1.0965626,-0.54130125,-0.2999999,-1.2279478,-0.30009118,-0.030233081,-1.0956084,-1.3036628,0.512626,0.0013368502,-0.8285673,-0.76041985,1.452468,1.4330809
0.39266327,2.1428957,0.4663177,0.58576196,1.0297744,0.88728094,-0.21534176,0.14529772,0.6561275,-1.290167,0.22739108,-1.3036227,-0.9911604,0.49233365,0.6156014,-0.12535076,0.91987044,-0.21476485,-1.2156672,-0.8338628,-0.44135326,-1.4647989,-0.47274193,-0.1687438,-1.2997233,-1.2967496,0.7721028,-0.005807057,-0.7190037,-0.82630295,1.4478403,1.5708115
0.2551218,1.9857004,0.5931136,0.39675507,1.1061629,0.9771649,0.009899147,0.14419995,0.42265478,-1.1675463,0.18979827,-1.1121986,-0.7581939,0.3580362,0.3969538,-0.12575987,0.6531416,-0.062655814,-1.083777,-0.5543736,-0.2707789,-1.2643213,-0.18099067,0.07051559,-1.1270361,-1.3149292,0.59595186,0.08013908,-0.804098,-0.82294154,1.5819143,1.4675997
0.037506998,1.6000075,0.67540246,0.26029682,1.0669678,0.95484614,0.24834779,0.005140243,0.05873564,-1.007337,0.274338,-0.80564606,-0.5619818,0.11571541,0.0626442,-0.16838756,0.4034369,-0.017753031,-0.7903522,-0.21602342,-0.05503446,-0.7724906,0.008188475,0.26168987,-0.8562547,-1.068939,0.20872222,-0.018162213,-0.7180365,-0.6904562,1.4737487,1.1144595
0.11469496,1.6784883,0.6183183,0.29964048,1.1363384,0.98656446,0.25824773,-0.00888006,0.14868134,-1.014873,0.25265515,-0.8316181,-0.6582232,0.20878142,0.17268166,-0.11748692,0.47695372,-0.026735805,-0.92815584,-0.34603775,-0.2191224,-0.94086784,-0.012220643,0.22916898,-0.97274905,-1.0781094,0.29497105,-0.0013179854,-0.6577236,-0.76536345,1.5224799,1.1876312
0.105911516,1.8356605,0.80734515,0.12395618,1.0934328,0.918382,0.112923786,0.17296523,0.21289244,-1.1289006,0.16185701,-0.91203594,-0.57828104,0.17776546,0.20113918,-0.16405037,0.58662266,-0.09306655,-0.92401344,-0.28041244,-0.13487843,-1.020594,-0.053723633,0.17520273,-0.8770345,-1.3792754,0.32771516,0.084351845,-0.96214455,-0.70580035,1.5079018,1.3521674
0.29583934,2.1454182,0.7411519,0.2188979,0.9960555,0.84807235,-0.17515576,0.25233093,0.51695585,-1.2156091,0.07463916,-1.1543823,-0.80023795,0.32208383,0.4617063,-0.1407016,0.89140534,-0.22364308,-1.0500126,-0.6265079,-0.3182103,-1.3724985,-0.38247824,-0.07990062,-1.0317767,-1.4647493,0.57615715,0.12538078,-0.924892,-0.7697573,1.4615871,1.5829427
-0.06747245,1.4158292,0.76891124,0.08526871,1.0525239,0.9044848,0.36047527,-0.024920803,-0.109847434,-0.88030857,0.25399843,-0.5496405,-0.38629127,0.028887913,-0.099084295,-0.21397439,0.3656677,-0.0029086722,-0.63080126,-0.021231748,0.021686718,-0.56851435,0.12537982,0.3358728,-0.6517209,-1.0163884,-0.05991198,-0.03249535,-0.69749016,-0.6414773,1.4057331,0.92667854
-0.24473989,1.0473895,0.80240744,-0.019782452,0.9557991,0.8800775,0.58367145,-0.13141617,-0.37934825,-0.7427659,0.24754472,-0.24283399,-0.1955706,-0.118519515,-0.3386655,-0.22834745,0.2018767,0.09277501,-0.3339118,0.22963034,0.2490537,-0.26469243,0.26094928,0.37676615,-0.4097809,-0.7642799,-0.35491687,-0.090830505,-0.51038104,-0.5796131,1.3108952,0.60736
0.25754252,1.9882278,0.6241563,0.3699175,1.0721138,0.8920417,-0.06045519,0.1901283,0.45668143,-1.2787728,0.21361311,-1.134876,-0.80338866,0.31008524,0.3991826,-0.15528592,0.73457825,-0.14594953,-1.0954305,-0.5558636,-0.2602107,-1.2668371,-0.2835143,-0.034718573,-1.101876,-1.3537084,0.5739253,0.024200208,-0.90066165,-0.77825135,1.4883642,1.4856137
-1.393876,-0.34209168,0.820824,-0.9755187,-1.1578599,-1.3181809,-0.4572112,0.6266931,-1.341178,-0.71821344,-0.098891705,0.35507143,1.092726,-1.1838217,-1.6507478,-1.5023979,0.20795798,-0.26493663,1.2680618,1.3114995,2.1481814,1.3447578,-0.49727878,-0.9498526,1.2180432,-0.50025123,-1.4517363,-0.33333066,-1.052922,0.970472,-0.6616907,-0.7453505
-1.3940834,-0.34867516,0.82880193,-0.9916232,-1.1510352,-1.3192723,-0.4555235,0.63199186,-1.3480915,-0.7133823,-0.111739516,0.36590895,1.1025919,-1.187853,-1.6576468,-1.5020733,0.20822391,-0.2570343,1.2742811,1.3207453,2.158224,1.3383981,-0.48544776,-0.94497275,1.2258701,-0.50745296,-1.46115,-0.32290712,-1.0511088,0.97266865,-0.6647562,-0.7424537
-1.3731176,-0.30930611,0.87909096,-1.0068065,-1.1229683,-1.2854276,-0.43428993,0.635776,-1.340105,-0.6937461,-0.12545386,0.36906955,1.1330241,-1.1833943,-1.6541803,-1.4723808,0.18687983,-0.21870682,1.2853893,1.3284523,2.1472392,1.3231932,-0.4307473,-0.9023981,1.2285471,-0.509518,-1.4425541,-0.2916435,-1.0593749,0.9327021,-0.61895245,-0.7080371
-1.3653126,-0.26599684,0.9060066,-1.0173825,-1.1066277,-1.2698301,-0.43239465,0.64197296,-1.3269678,-0.7096476,-0.114961565,0.35498497,1.1444567,-1.1744467,-1.6470113,-1.4484452,0.18090571,-0.22116096,1.2778393,1.3442947,2.1330001,1.3072506,-0.41121027,-0.87074,1.2144115,-0.5277465,-1.4185815,-0.27831358,-1.0947324,0.93493474,-0.5938071,-0.6743687
-1.3626418,-0.25178558,0.8912996,-1.0031527,-1.1264074,-1.2780076,-0.45509028,0.64433604,-1.310752,-0.7085314,-0.09331916,0.34371385,1.1337515,-1.154265,-1.6508385,-1.4477575,0.18924597,-0.24079886,1.2572663,1.3322322,2.1308768,1.3116125,-0.4365637,-0.8816792,1.2054354,-0.51967216,-1.4179202,-0.28395095,-1.1046243,0.95049375,-0.6102586,-0.68344384
-1.3689485,-0.29643825,0.860424,-0.98440754,-1.123946,-1.2845607,-0.4309508,0.62330735,-1.3407192,-0.69864583,-0.10898648,0.35940468,1.1248642,-1.1701878,-1.6468205,-1.4730741,0.17868216,-0.22411361,1.2706267,1.3196199,2.133739,1.3300945,-0.4398486,-0.9075386,1.2092414,-0.4947809,-1.4407349,-0.31211716,-1.0430707,0.92438686,-0.61323965,-0.7263899
-1.3764352,-0.3089165,0.8656801,-0.9982887,-1.1258277,-1.2852732,-0.42200512,0.62105495,-1.3565208,-0.7016948,-0.12291069,0.36315033,1.1352131,-1.1835161,-1.6518183,-1.4725393,0.1740717,-0.21404892,1.2820638,1.3321292,2.147406,1.3356879,-0.4262243,-0.91191167,1.2176754,-0.4994614,-1.4498928,-0.30890983,-1.0322616,0.9266429,-0.61634976,-0.73399687
-1.3692145,-0.27467713,0.88376445,-1.0002903,-1.110432,-1.2606783,-0.40639994,0.6390641,-1.3381099,-0.72629476,-0.122406095,0.35498342,1.129525,-1.1716384,-1.6450148,-1.4681048,0.17575346,-0.22917774,1.255439,1.3489716,2.129114,1.3204117,-0.40601465,-0.8859003,1.1966822,-0.52077216,-1.418813,-0.29617238,-1.0552784,0.92250955,-0.59318286,-0.69814056
-1.3566933,-0.23182097,0.90972173,-1.0065769,-1.095345,-1.2358708,-0.39664933,0.6423606,-1.331542,-0.73371744,-0.12219298,0.345404,1.1410362,-1.154002,-1.639852,-1.4524375,0.16397795,-0.2179799,1.2392591,1.361144,2.1165788,1.3095052,-0.3801582,-0.85838795,1.1796277,-0.5251031,-1.4050916,-0.28105727,-1.0661985,0.90299964,-0.5637279,-0.67330474
-1.3660455,-0.25668773,0.87902427,-1.002195,-1.1253499,-1.2669924,-0.4194,0.6450404,-1.3252842,-0.727689,-0.11495513,0.35319996,1.1319184,-1.1556208,-1.6462404,-1.4650793,0.18190315,-0.23490769,1.2405949,1.3471559,2.1267366,1.3152862,-0.41758227,-0.8877422,1.1915447,-0.512097,-1.4159768,-0.29915467,-1.0615739,0.9315845,-0.60022,-0.6977427
-1.3662702,-0.26052022,0.8901972,-1.0108823,-1.1207514,-1.2703232,-0.43588942,0.6370447,-1.3403828,-0.70719576,-0.11551869,0.35193923,1.1381502,-1.1549053,-1.6542598,-1.4628088,0.1685229,-0.22147924,1.2541125,1.344514,2.145777,1.3218482,-0.41583407,-0.8819375,1.2057757,-0.5114304,-1.4360839,-0.28070137,-1.0638489,0.92331886,-0.6048185,-0.7009931
-1.3769214,-0.30195218,0.84170324,-0.97208977,-1.1537092,-1.2868769,-0.45056888,0.63833934,-1.328493,-0.7204849,-0.09899971,0.34432805,1.0810692,-1.1513056,-1.6555817,-1.5023868,0.19505538,-0.26104802,1.2278799,1.3270535,2.1473343,1.3432885,-0.47084868,-0.92497593,1.207994,-0.5031384,-1.4362372,-0.30803645,-1.0455009,0.941991,-0.6400395,-0.72765666
-1.3966767,-0.32984003,0.8478313,-0.99045783,-1.1584204,-1.2985635,-0.44236428,0.6455975,-1.3436835,-0.7330817,-0.11753826,0.34904227,1.0953488,-1.1860486,-1.6608198,-1.5089346,0.20144501,-0.26926827,1.2549945,1.3370281,2.162086,1.3511157,-0.47105384,-0.9381679,1.219018,-0.5245802,-1.4414644,-0.30393645,-1.0601666,0.9658708,-0.65434164,-0.7232645
-1.3967739,-0.3406919,0.8315912,-0.9834951,-1.1506283,-1.3014207,-0.43206102,0.63365966,-1.3537688,-0.7299831,-0.1194254,0.35765514,1.0980796,-1.1918184,-1.6507622,-1.5071002,0.20030431,-0.26527476,1.2629496,1.3280623,2.1512866,1.3488746,-0.47321582,-0.9427028,1.212275,-0.5120782,-1.4483141,-0.32490894,-1.0391376,0.96094143,-0.652783,-0.73980814
-1.379819,-0.36204252,0.7897443,-0.9510965,-1.163306,-1.3069773,-0.43303847,0.614187,-1.3340255,-0.6964879,-0.106967464,0.37435415,1.076601,-1.1692296,-1.6448903,-1.5057106,0.2121087,-0.24920672,1.2527179,1.2955724,2.1294932,1.3475062,-0.49328348,-0.96560156,1.2188643,-0.45912516,-1.4516374,-0.36015174,-0.98739165,0.94053227,-0.6561068,-0.7811322
-1.387269,-0.34946486,0.82450044,-0.9743425,-1.1713936,-1.3070868,-0.44475475,0.6252308,-1.3411833,-0.6972616,-0.114771545,0.36409286,1.0945175,-1.1789728,-1.6594728,-1.5032663,0.1990412,-0.24426869,1.2652894,1.3113421,2.1563308,1.3575029,-0.48051953,-0.9538966,1.2337395,-0.48076034,-1.4524697,-0.325876,-1.018307,0.9447642,-0.65805036,-0.7597136
-1.3835921,-0.3090979,0.8604995,-0.98979384,-1.1305672,-1.2790421,-0.42546487,0.6379583,-1.3518704,-0.7221392,-0.12344086,0.3510845,1.1087847,-1.1825734,-1.6491998,-1.4981725,0.18129836,-0.24816477,1.259736,1.3316705,2.1461756,1.3428723,-0.447287,-0.91425747,1.2047722,-0.5178181,-1.4376982,-0.29997364,-1.0483768,0.931338,-0.62532824,-0.7143361
-1.3790498,-0.30637836,0.869064,-0.9937988,-1.1021556,-1.27132,-0.40792972,0.62722576,-1.3639812,-0.71578616,-0.13051744,0.3607364,1.12862,-1.1889,-1.640743,-1.4860299,0.17647475,-0.22791839,1.2771131,1.3302531,2.1388004,1.3315742,-0.42465338,-0.90372026,1.2008038,-0.51877034,-1.4486419,-0.3064769,-1.040846,0.9202654,-0.60670406,-0.7148243
-1.3798676,-0.34999317,0.82509345,-0.97042364,-1.1448286,-1.3032137,-0.43406323,0.61335325,-1.3511292,-0.6881851,-0.11368629,0.36932015,1.1041112,-1.1812328,-1.653222,-1.4968103,0.1920948,-0.22499232,1.2781669,1.3049482,2.1480236,1.349794,-0.46575403,-0.9485825,1.2282448,-0.47885323,-1.4641495,-0.33444262,-1.005518,0.93202794,-0.64223766,-0.7671619
-1.3849459,-0.33181804,0.8434517,-0.99380285,-1.1442456,-1.3056271,-0.44247875,0.624613,-1.3492264,-0.70495594,-0.114011064,0.36417836,1.1149924,-1.181584,-1.6577628,-1.488866,0.19224039,-0.23087832,1.2759722,1.3260714,2.156187,1.3389643,-0.45739362,-0.93411386,1.2265805,-0.4983284,-1.4576279,-0.31814376,-1.0365223,0.94943506,-0.6429082,-0.7451388
-1.3877589,-0.29632258,0.8944641,-1.0267458,-1.1068203,-1.2791721,-0.4198533,0.6332288,-1.3637961,-0.72925127,-0.13212596,0.35533094,1.149181,-1.1921706,-1.6531012,-1.4676596,0.17653063,-0.22876903,1.2884395,1.3573905,2.158224,1.3230718,-0.40800396,-0.8935107,1.2154653,-0.53972644,-1.4440647,-0.2831753,-1.075749,0.9472138,-0.61188567,-0.6968472
-1.3849458,-0.2992444,0.8916241,-1.0231835,-1.0996797,-1.269613,-0.40507728,0.640413,-1.3650715,-0.73187613,-0.14106931,0.35908923,1.1461868,-1.1951127,-1.653036,-1.4770843,0.17638734,-0.23024516,1.2826495,1.3581983,2.1516707,1.323551,-0.40276256,-0.8952605,1.2050738,-0.5428337,-1.4409941,-0.281826,-1.0653456,0.93835694,-0.6069939,-0.696031
-1.3933365,-0.32284653,0.8486323,-0.99995106,-1.1539336,-1.2989513,-0.43425483,0.63841236,-1.3474069,-0.72326285,-0.120612964,0.35749382,1.1207798,-1.1884228,-1.6593789,-1.4915303,0.19297224,-0.2556203,1.2700056,1.3353803,2.155576,1.3460555,-0.45703137,-0.93432766,1.2148001,-0.51460457,-1.4407915,-0.30972457,-1.0543386,0.96066177,-0.6476604,-0.73223144
-1.3809693,-0.30837977,0.8543075,-0.99311286,-1.1437348,-1.2909187,-0.43324134,0.63293034,-1.3413945,-0.7079775,-0.116637796,0.36068526,1.1234512,-1.1757318,-1.6544999,-1.4836522,0.18852618,-0.23945192,1.2668192,1.3270913,2.1461403,1.3389231,-0.45048895,-0.92271537,1.2130318,-0.5022805,-1.4416978,-0.31153518,-1.0469668,0.9410937,-0.6321381,-0.7298033
-1.3835263,-0.3123797,0.8337686,-0.9828822,-1.1451231,-1.2967235,-0.44318074,0.6313146,-1.3465549,-0.7079457,-0.11274141,0.3610968,1.10771,-1.1625668,-1.6504695,-1.5017961,0.19408968,-0.25463855,1.2502129,1.3150612,2.1475334,1.3414326,-0.47506598,-0.93219787,1.203459,-0.49760646,-1.456271,-0.3238927,-1.0360494,0.94106257,-0.64525956,-0.73945785
-1.3730875,-0.29984355,0.84121305,-0.9904607,-1.1718924,-1.3008258,-0.46272025,0.63666826,-1.3269473,-0.68352234,-0.108526215,0.36515522,1.1155741,-1.1458415,-1.6630117,-1.4882004,0.19553697,-0.23996904,1.2449334,1.3127428,2.1554158,1.3415716,-0.47891712,-0.9312106,1.2205464,-0.4768226,-1.45379,-0.3152206,-1.0355402,0.9387783,-0.65258896,-0.7430597
-1.3802787,-0.30777144,0.8606196,-1.0118448,-1.1541373,-1.2913543,-0.43545818,0.633628,-1.3506103,-0.6965219,-0.13054803,0.3691733,1.1374284,-1.1707625,-1.6644669,-1.4824865,0.18223335,-0.22093509,1.2663006,1.33569,2.1620452,1.3421059,-0.44169712,-0.92438316,1.2222631,-0.49292058,-1.4564146,-0.30505374,-1.0306836,0.9335248,-0.6367013,-0.73866516
-1.3642082,-0.25354978,0.8914331,-1.007769,-1.1262112,-1.2591176,-0.41826022,0.62918794,-1.3409947,-0.71405363,-0.11889349,0.34620416,1.1399344,-1.1562995,-1.6489797,-1.4582565,0.15843797,-0.20797321,1.2505255,1.3488475,2.1386955,1.3281118,-0.4037819,-0.8833938,1.1990957,-0.5010314,-1.4240528,-0.28974643,-1.0453161,0.9044115,-0.5891708,-0.7048192
-1.3777977,-0.29899743,0.84608275,-0.9799604,-1.1756618,-1.3050541,-0.460087,0.62348264,-1.3172783,-0.6902201,-0.0937051,0.34941554,1.1170726,-1.1589937,-1.6574969,-1.4719579,0.19617197,-0.23770522,1.2647828,1.3085805,2.1473649,1.3463267,-0.4810466,-0.93712765,1.2250625,-0.47847885,-1.4367537,-0.32397118,-1.0540619,0.9450691,-0.64069307,-0.7387052
-1.3825804,-0.32743767,0.8461693,-0.99322134,-1.1515663,-1.3008952,-0.4298623,0.6253059,-1.3449935,-0.68824637,-0.12473844,0.3713265,1.1320142,-1.182414,-1.6587397,-1.4855756,0.18943647,-0.2216296,1.282771,1.3156688,2.1527374,1.3459113,-0.45399964,-0.9391757,1.2279892,-0.48631412,-1.4534442,-0.32229128,-1.0272367,0.93410397,-0.63627005,-0.748791
-1.2153233,0.0580179,1.1731077,-0.91570556,-0.89674795,-0.9547224,-0.3506143,0.6577778,-1.150622,-0.85307884,-0.008857861,0.06745842,0.9834085,-1.1132088,-1.4522499,-1.1722732,0.17383665,-0.21580607,1.1255587,1.2842715,1.9761848,1.1736398,-0.14409968,-0.6420903,1.1420884,-0.69149375,-1.2218657,-0.16384323,-1.2243869,0.91626334,-0.3785145,-0.36690834
-1.2444419,0.009960182,1.1951253,-0.9214906,-0.8859019,-0.9505482,-0.27034664,0.657465,-1.2037103,-0.83107466,-0.060350582,0.10797021,1.040871,-1.1420627,-1.4891146,-1.1760315,0.16106835,-0.18461889,1.167231,1.3063246,2.0037658,1.1922166,-0.08035104,-0.6670285,1.1476511,-0.66590977,-1.2777172,-0.18113917,-1.1495724,0.9007419,-0.38230872,-0.43246162
-1.1628563,0.21799402,1.2032398,-0.8650175,-0.8732941,-0.8641236,-0.37961042,0.65540206,-1.0571924,-0.91929746,0.038258404,-0.04886037,0.90462893,-1.0314605,-1.365877,-1.0882918,0.20462301,-0.28170592,1.0148376,1.211549,1.8894166,1.1186817,-0.16246057,-0.5959717,1.0361676,-0.7144844,-1.1369894,-0.15126143,-1.2728094,0.9240546,-0.3604603,-0.26271006
-1.1177092,0.23378433,1.1753392,-0.86068153,-0.82065594,-0.85489976,-0.37871197,0.6371987,-1.024465,-0.89167714,0.062141966,-0.012898393,0.90577304,-0.99652725,-1.3459282,-1.0728095,0.20814456,-0.24878779,1.0152618,1.2096478,1.8340961,1.0705698,-0.15154815,-0.55887365,1.0303297,-0.6985084,-1.0995451,-0.15931398,-1.2783673,0.8790333,-0.3038041,-0.2496342
-1.1705244,0.16128933,1.2043275,-0.88249743,-0.8373376,-0.86389524,-0.33629397,0.6572328,-1.1096545,-0.8892513,0.016573623,-0.008702762,0.9266798,-1.0559896,-1.4030166,-1.1256946,0.16995543,-0.23813543,1.045619,1.2558286,1.917835,1.135217,-0.11832395,-0.5938484,1.0687454,-0.7143245,-1.1717728,-0.13073589,-1.249101,0.8885302,-0.33046168,-0.29215884
-1.2179035,0.086425506,1.118257,-0.837826,-0.9531535,-0.9580562,-0.39977568,0.64950794,-1.1302555,-0.90841424,0.03661889,-0.0025048703,0.8970535,-1.0800219,-1.4404476,-1.2138149,0.20272984,-0.2767693,1.0364676,1.2258344,1.9874252,1.2088258,-0.22190246,-0.7032626,1.0899425,-0.67642695,-1.2274255,-0.20547639,-1.2057989,0.94443715,-0.4366013,-0.39697337
-1.2237562,0.04885533,1.077771,-0.85468465,-0.9753536,-1.01766,-0.4424405,0.6319559,-1.1353797,-0.85161895,0.049084753,0.054403454,0.9324997,-1.0785714,-1.4571826,-1.2255774,0.19983268,-0.2597838,1.085482,1.2241457,1.9936298,1.2087078,-0.26618728,-0.7078759,1.1215274,-0.640651,-1.2494323,-0.22468781,-1.2061316,0.94434303,-0.45135844,-0.43790844
-1.1855494,0.10389461,1.1127546,-0.8605318,-0.9322374,-0.9867382,-0.45127857,0.6122038,-1.1076903,-0.8261709,0.06715752,0.035874173,0.9322082,-1.0579656,-1.428653,-1.1740805,0.17485988,-0.22255814,1.0998027,1.2232918,1.9424598,1.1725603,-0.24311295,-0.64586455,1.1119819,-0.6320367,-1.1966962,-0.18786483,-1.2295933,0.8930299,-0.3874224,-0.38575011
-1.1831992,0.109423175,1.1054349,-0.8498502,-0.98455095,-0.98156583,-0.47027668,0.6461682,-1.0638543,-0.84016633,0.06748913,0.023080505,0.9033926,-1.0512239,-1.4271313,-1.1724143,0.22028896,-0.25927597,1.0633569,1.2019029,1.9521955,1.1763232,-0.27050602,-0.6813269,1.1252352,-0.6465004,-1.1798822,-0.194831,-1.2395015,0.9257751,-0.433072,-0.37843198
-1.1964166,0.07474561,1.1215839,-0.8722988,-0.94346356,-0.9649936,-0.4194433,0.6635709,-1.0993482,-0.8582078,0.0363366,0.043841213,0.929093,-1.0762908,-1.4414788,-1.1837108,0.21808216,-0.26900238,1.0713565,1.2270906,1.9633653,1.1787944,-0.23073058,-0.6771261,1.1262752,-0.6835648,-1.2092104,-0.19141448,-1.2528493,0.9420946,-0.4278102,-0.3716439
-1.1497378,0.09732127,1.1572758,-0.8311958,-0.8541187,-0.86002403,-0.2911718,0.64144874,-1.105317,-0.86865187,0.027159885,0.053021178,0.9517204,-1.0389501,-1.4495652,-1.1388338,0.18742687,-0.22155945,1.0404302,1.2635458,1.9111646,1.1699831,-0.09388356,-0.641404,1.1046816,-0.6684464,-1.1993439,-0.18090269,-1.2084768,0.8647899,-0.33412692,-0.39079535
-1.1257695,0.18116537,1.2127411,-0.8430372,-0.83042204,-0.7885751,-0.25689948,0.6526101,-1.0756297,-0.88509184,0.022917747,0.019441262,0.94528365,-0.9926854,-1.4317737,-1.0857112,0.16763909,-0.20584196,0.99837595,1.2870609,1.8737719,1.1398581,-0.02819957,-0.5983234,1.0758408,-0.67719203,-1.1531867,-0.12636991,-1.2102991,0.8309958,-0.28520554,-0.34007645
-1.1566982,0.19872089,1.1466967,-0.8304627,-0.93732953,-0.91694736,-0.46078873,0.639837,-1.0385414,-0.91985804,0.08209151,-0.07497661,0.84838593,-1.0364103,-1.3576555,-1.1163445,0.22637206,-0.30328894,1.0101373,1.1719894,1.9050801,1.1393452,-0.2564104,-0.6427401,1.0567111,-0.6996073,-1.1321782,-0.18920775,-1.271092,0.9476865,-0.40850303,-0.2851003
-1.1067833,0.2775584,1.1661185,-0.81123453,-0.8724735,-0.839438,-0.4315189,0.63836366,-0.9983323,-0.9119569,0.08840619,-0.08035685,0.84359723,-0.96685284,-1.3350356,-1.0827054,0.22094646,-0.29052424,0.9568028,1.1686294,1.8419056,1.0926263,-0.20969237,-0.5822337,1.0063877,-0.69999677,-1.0831786,-0.15672031,-1.280231,0.8808331,-0.3348886,-0.23542535
-1.1936371,0.08442479,1.0827569,-0.8171099,-0.990808,-0.9806055,-0.4421476,0.64132166,-1.0798112,-0.8736754,0.07235054,0.026772723,0.8951295,-1.0501587,-1.431927,-1.1819062,0.23955762,-0.27962077,1.0389032,1.1941416,1.9590869,1.1928134,-0.26211655,-0.715823,1.1124117,-0.63727355,-1.2320719,-0.25342077,-1.2047637,0.96651506,-0.45944592,-0.4270442
-1.1786585,0.13014533,1.1340635,-0.8331607,-0.9526237,-0.93520904,-0.4178968,0.662342,-1.0665227,-0.8865272,0.05670395,-0.010575943,0.8825004,-1.0526714,-1.4108114,-1.150186,0.23080775,-0.27410278,1.0234274,1.1967413,1.949251,1.166945,-0.22151215,-0.68586886,1.0978932,-0.67376673,-1.2116035,-0.20957279,-1.2243459,0.9590817,-0.4321899,-0.36456865
-1.1980654,0.14230826,1.205217,-0.8856977,-0.88264596,-0.89433765,-0.34379882,0.67262465,-1.1210607,-0.8809221,0.006979719,-0.019393653,0.9146994,-1.0780518,-1.4208584,-1.1508343,0.16658747,-0.23146857,1.0554652,1.2591501,1.9592803,1.1580215,-0.13022423,-0.63465756,1.0943615,-0.70398504,-1.1868787,-0.11295613,-1.2214081,0.90045196,-0.36490113,-0.31983894
-1.2282823,0.09136785,1.1797233,-0.9268363,-0.89455473,-0.9594097,-0.363439,0.65918463,-1.1540484,-0.86532956,-0.007093154,0.03188218,0.9629466,-1.1063561,-1.4328908,-1.1683857,0.16155201,-0.21852812,1.1124191,1.2773741,1.9814044,1.1594495,-0.15256733,-0.63786364,1.1109422,-0.6858365,-1.2205272,-0.14792307,-1.2142439,0.92689556,-0.38632745,-0.351405
-1.1090069,0.24483575,1.1715258,-0.8160912,-0.82302,-0.8317674,-0.38003007,0.6413399,-1.0241888,-0.9384191,0.07277574,-0.06180265,0.84901935,-1.002407,-1.3253036,-1.0829324,0.22342616,-0.28723958,0.96748596,1.1816512,1.8325855,1.0836422,-0.17107256,-0.5720785,1.0013176,-0.7199721,-1.1072565,-0.18568966,-1.2736523,0.90614337,-0.31833032,-0.23270097
-1.1177211,0.2149549,1.19744,-0.8443765,-0.8448081,-0.83552873,-0.36616638,0.6646265,-1.0106539,-0.91771185,0.054531943,-0.03829339,0.8755891,-1.0320886,-1.3361863,-1.0615079,0.2403599,-0.28474215,1.003434,1.185679,1.8429036,1.0876485,-0.15279704,-0.58610815,1.0500149,-0.7358402,-1.1042596,-0.18362495,-1.2824297,0.9232523,-0.3359931,-0.23392008
-1.1627067,0.15246883,1.1744926,-0.8886734,-0.8726338,-0.90584266,-0.3916598,0.6639557,-1.0616454,-0.8885116,0.033476718,0.0033833832,0.9184453,-1.0698417,-1.3815635,-1.119013,0.21487576,-0.26343715,1.0607821,1.2201455,1.8998812,1.1179821,-0.18147674,-0.60917044,1.0824476,-0.723027,-1.1356386,-0.16769314,-1.2829671,0.9220657,-0.36107433,-0.27432185
-1.1328624,0.23155773,1.1913099,-0.8409705,-0.82476985,-0.848611,-0.4013774,0.6396501,-1.0571154,-0.9071364,0.06135769,-0.072383866,0.86467874,-1.0288607,-1.3516821,-1.1090916,0.18306842,-0.26553005,1.0053754,1.1962252,1.8656667,1.1076248,-0.17969489,-0.5667994,1.0152961,-0.72275496,-1.1047771,-0.1248353,-1.2945676,0.86968756,-0.31370726,-0.22939825
-1.2248361,0.08384031,1.1725368,-0.8800016,-0.9441153,-0.9430095,-0.38379264,0.65825325,-1.1514418,-0.87023264,0.011700466,0.002558656,0.92734843,-1.097374,-1.4544504,-1.1879144,0.16764402,-0.23771638,1.0789496,1.2635003,2.0005856,1.2093921,-0.1769293,-0.6715169,1.1266134,-0.6840312,-1.2305143,-0.1452919,-1.2137462,0.9195924,-0.41303864,-0.37829858
-1.2149339,0.08273435,1.1468189,-0.85685235,-0.9585829,-0.95242655,-0.39004618,0.65148526,-1.1271527,-0.87551117,0.028142206,0.012841471,0.92077714,-1.0863154,-1.4502149,-1.1898419,0.19037044,-0.2433154,1.0680256,1.2413098,1.9902804,1.2070366,-0.1887771,-0.6927534,1.1264219,-0.6692508,-1.2240005,-0.18043919,-1.200036,0.9266169,-0.4219916,-0.39883125
-1.1246226,0.22965863,1.2446306,-0.8762379,-0.7888267,-0.7782056,-0.2828737,0.6542696,-1.0890386,-0.8637136,0.010723479,0.0045494437,0.9509253,-0.9882286,-1.4122567,-1.0882804,0.13538161,-0.19487698,1.0075636,1.2920434,1.8718088,1.1110032,-0.033508647,-0.5354616,1.0504556,-0.6993536,-1.1357597,-0.07122867,-1.2399627,0.8003851,-0.24410301,-0.2686365
-1.1040795,0.18437897,1.2548518,-0.86684424,-0.7403873,-0.7531743,-0.22328728,0.64358264,-1.1012073,-0.8343288,-0.012125298,0.053838402,0.98962146,-0.9989293,-1.4391307,-1.086475,0.12956908,-0.14268632,1.036751,1.3106415,1.8527968,1.1097652,0.025033642,-0.53027725,1.063184,-0.6828491,-1.1461725,-0.08171417,-1.2192695,0.74481404,-0.19598891,-0.29534656
-1.1399196,0.16879977,1.1773251,-0.8355721,-0.8269503,-0.83654356,-0.33041334,0.6426007,-1.0943304,-0.8839464,0.029824287,0.01210919,0.91970617,-1.0116622,-1.4198693,-1.1497253,0.17461213,-0.21477431,1.0038671,1.2613754,1.8884244,1.1410644,-0.109607615,-0.5917785,1.0522676,-0.68362355,-1.1566527,-0.13646519,-1.2385801,0.8247752,-0.29211217,-0.31607315
-1.1166965,0.23257667,1.103724,-0.762488,-0.9077722,-0.88205516,-0.46785367,0.6330794,-1.0079753,-0.9578218,0.11339963,-0.10916619,0.7839887,-1.002148,-1.3315037,-1.1388134,0.25382912,-0.33516258,0.93765765,1.1347144,1.8696556,1.1241685,-0.28916323,-0.6498212,1.0045942,-0.7133589,-1.0992484,-0.21001212,-1.2809345,0.92873806,-0.3873503,-0.26226568
-1.1638422,0.17933357,1.1454774,-0.8673911,-0.90296876,-0.9182974,-0.43858024,0.64786685,-1.0602168,-0.8590853,0.058768597,-0.0054733306,0.9091862,-1.0149453,-1.3918457,-1.1227823,0.20898691,-0.2825349,1.0302373,1.1974108,1.9082422,1.1290206,-0.22940968,-0.615622,1.0616395,-0.6806757,-1.168649,-0.16646606,-1.2741365,0.9233195,-0.3912941,-0.30704272
-1.2220349,0.07649192,1.1383615,-0.89558214,-0.9315522,-0.9721737,-0.3962654,0.6544798,-1.1354729,-0.8875603,0.018173091,0.03159848,0.942731,-1.0930709,-1.4417744,-1.19119,0.19277973,-0.2535006,1.0845786,1.2596295,1.9806802,1.182146,-0.20177244,-0.6716287,1.1138347,-0.6867623,-1.213287,-0.17772146,-1.2360514,0.9414254,-0.41980454,-0.37216768
-1.1135949,0.26005524,1.3991724,-1.0466719,-0.6265931,-0.5614558,-0.051917247,0.55947983,-1.3531864,-0.48105627,-0.2510407,0.14545263,1.2116807,-0.9367959,-1.5132763,-1.094963,-0.21512288,0.16915138,1.1828212,1.4248725,1.9425452,1.0840824,0.2398276,-0.40880048,1.040886,-0.5414287,-1.162151,0.27821198,-0.94000155,0.29069424,0.11026429,-0.27398443
-1.1048583,0.26170394,1.3920742,-1.012963,-0.594754,-0.52546024,-0.028257102,0.5406781,-1.3621461,-0.51501757,-0.23677383,0.119510874,1.1769111,-0.92070305,-1.505274,-1.1037284,-0.22340721,0.16862415,1.1505245,1.4280406,1.9224778,1.0835012,0.25755844,-0.40135667,1.0113231,-0.5484999,-1.157794,0.27041572,-0.9129831,0.27148214,0.13016044,-0.27894554
-1.1138277,0.29262108,1.4088444,-1.0252346,-0.6142063,-0.53244865,-0.05564718,0.56917036,-1.3502793,-0.54362243,-0.2246644,0.10400267,1.1721165,-0.9131065,-1.514816,-1.1108229,-0.22715765,0.13241938,1.1229349,1.4508424,1.9396011,1.096469,0.24440724,-0.38514626,1.0074989,-0.5815864,-1.1494776,0.2879022,-0.9761183,0.29965475,0.10943983,-0.24949463
-1.1246043,0.28076458,1.4078209,-1.0280839,-0.6004697,-0.5264445,-0.04050421,0.5631442,-1.3626528,-0.52428126,-0.24123417,0.0932519,1.1726428,-0.93056524,-1.5010021,-1.0976707,-0.22624451,0.13696304,1.1496006,1.4339038,1.9432591,1.0819399,0.24143404,-0.39367616,1.0039606,-0.5776899,-1.1490815,0.3046844,-0.9635013,0.30168536,0.119805455,-0.24271719
-1.1254377,0.23661983,1.3728024,-0.99840623,-0.60327923,-0.5345135,-0.03084337,0.5260808,-1.3793106,-0.5010045,-0.24533166,0.10411011,1.163875,-0.9380194,-1.492858,-1.1009824,-0.21045965,0.16044797,1.1720809,1.4002509,1.9386023,1.0863739,0.22711962,-0.43034586,1.012947,-0.53400135,-1.1777319,0.2690581,-0.8882127,0.28780848,0.11408492,-0.29416075
-1.1313428,0.24892533,1.3765111,-1.0060143,-0.6195222,-0.54957193,-0.05534602,0.55805814,-1.3644027,-0.5451075,-0.22943799,0.09638813,1.1507126,-0.93206406,-1.5082345,-1.1285124,-0.20788702,0.1206829,1.1371891,1.4245241,1.9501681,1.1019716,0.21585816,-0.42093444,1.0071138,-0.57277685,-1.1682154,0.26938805,-0.94875956,0.3176711,0.08358031,-0.27507505
-1.1573782,0.23589468,1.3618932,-1.0105095,-0.6563853,-0.58501446,-0.0889708,0.580195,-1.3628813,-0.5729729,-0.22141407,0.088739455,1.1338409,-0.9454814,-1.518329,-1.1571413,-0.19589207,0.07738589,1.1267323,1.4313616,1.9779668,1.1255537,0.17686124,-0.4359117,1.0123763,-0.5964212,-1.1743125,0.2633325,-0.98591,0.3628896,0.033795383,-0.27530912
-1.1480014,0.19896798,1.3466638,-0.9935375,-0.65215576,-0.59304345,-0.08159818,0.55671453,-1.3624476,-0.5388698,-0.23010387,0.10592733,1.1362275,-0.95046777,-1.5153371,-1.1535678,-0.18012089,0.10526174,1.1578104,1.4050428,1.969025,1.1196091,0.17483497,-0.45938987,1.0296694,-0.5643093,-1.1918412,0.24085787,-0.935004,0.34658316,0.0374734,-0.30576745
-1.1426429,0.2640074,1.3889761,-1.0258714,-0.61827826,-0.5690454,-0.059879072,0.5858793,-1.3512987,-0.5540856,-0.23344152,0.094212964,1.1538879,-0.940467,-1.5052043,-1.1233137,-0.205358,0.09639572,1.1417414,1.4411396,1.955445,1.0900223,0.21236011,-0.4061021,1.008542,-0.59641325,-1.1514741,0.29110155,-0.9911549,0.35072792,0.07650182,-0.24226421
-1.1301787,0.28657308,1.3936468,-1.0256021,-0.6101631,-0.55062383,-0.05601483,0.58616585,-1.3446975,-0.5560788,-0.2227105,0.09309676,1.153652,-0.9209121,-1.5057815,-1.1202024,-0.21825618,0.10065718,1.1215814,1.4483573,1.9445244,1.0905516,0.22815374,-0.3888194,1.0004513,-0.5988546,-1.1384907,0.2971376,-0.9963903,0.33246803,0.09146922,-0.23729758
-1.1148037,0.30010623,1.3980576,-1.0231326,-0.61241734,-0.54475766,-0.06788232,0.5933903,-1.3265446,-0.5411124,-0.21920554,0.10200025,1.1517103,-0.8999852,-1.5102053,-1.1174372,-0.21570146,0.103464104,1.1077971,1.4491973,1.9336693,1.0880944,0.22544786,-0.37952068,0.9997804,-0.59147495,-1.1392603,0.29692626,-1.0004004,0.31997773,0.09409491,-0.23269753
-1.1137459,0.28061503,1.3946421,-1.0064198,-0.60855913,-0.5327501,-0.056261607,0.57146883,-1.336639,-0.52345514,-0.22524665,0.097504094,1.1454811,-0.9079858,-1.5069767,-1.115622,-0.22138453,0.125675,1.1237313,1.4315903,1.9318566,1.0903918,0.23177609,-0.39223498,1.0036708,-0.5745112,-1.1445798,0.29409167,-0.9608482,0.29629785,0.10675859,-0.24997877
-1.119281,0.26641667,1.3770111,-0.99503285,-0.6093502,-0.53161126,-0.049447317,0.55264837,-1.3557392,-0.5166131,-0.22785135,0.10147318,1.1405768,-0.90133303,-1.5036993,-1.1244727,-0.21937051,0.13696873,1.1219155,1.4215555,1.9338615,1.0921572,0.22697285,-0.4105408,0.9991843,-0.553483,-1.1633661,0.28193846,-0.91792816,0.28560638,0.104988016,-0.2772662
-1.1381917,0.230178,1.3561871,-0.9896676,-0.6301482,-0.5395532,-0.045305602,0.5330855,-1.381423,-0.5146259,-0.24433081,0.10457836,1.1444403,-0.9228813,-1.5050303,-1.1372008,-0.20736212,0.1410361,1.1430296,1.4055576,1.9535364,1.1059146,0.21071604,-0.44774622,1.0098311,-0.54072154,-1.1838487,0.26850182,-0.87702996,0.2910512,0.09041446,-0.3072155
-1.1309758,0.21546206,1.3564377,-0.9897744,-0.61546326,-0.5358222,-0.03166566,0.5252933,-1.3798379,-0.5039625,-0.25356215,0.110713646,1.1507378,-0.9317675,-1.5010098,-1.126316,-0.19916877,0.15273732,1.1624469,1.3962466,1.9435456,1.0947254,0.21814191,-0.4507917,1.0138683,-0.5339333,-1.1815189,0.26412153,-0.8635809,0.28497717,0.10165659,-0.30804497
-1.1203927,0.28360435,1.4119085,-1.0251608,-0.59567535,-0.5204391,-0.02956042,0.5613754,-1.3595458,-0.5251852,-0.23991726,0.09363365,1.16735,-0.92653203,-1.5015194,-1.09707,-0.23479444,0.14544418,1.1455803,1.4415838,1.9343915,1.0800484,0.25751182,-0.3869986,1.0044857,-0.57521236,-1.1352066,0.30996156,-0.94924045,0.28983596,0.13208708,-0.24325582
-1.1365778,0.24164575,1.3690857,-1.0053492,-0.62375796,-0.551331,-0.051229753,0.55304796,-1.3711926,-0.5277725,-0.23716788,0.101947546,1.1532228,-0.9367168,-1.503637,-1.1322418,-0.2116,0.13094607,1.1482981,1.4164487,1.9524106,1.1021739,0.21357372,-0.4279895,1.0116793,-0.5609902,-1.1697446,0.27160376,-0.925083,0.30872247,0.08836841,-0.28425035
-1.1503378,0.22061661,1.3530235,-1.0025338,-0.6406983,-0.5849333,-0.06430928,0.55421525,-1.3797315,-0.555368,-0.23224233,0.10875265,1.1533316,-0.95171463,-1.5094553,-1.1500976,-0.19405961,0.11225366,1.1499896,1.4195583,1.9673373,1.1159408,0.19118044,-0.44599587,1.0186626,-0.56469655,-1.1906681,0.24274817,-0.9346559,0.34226525,0.054179322,-0.3015096
-1.1598909,0.250624,1.3606542,-1.0076413,-0.65737724,-0.5973442,-0.087987676,0.5784311,-1.366986,-0.59958076,-0.20878302,0.08401616,1.1353441,-0.9463823,-1.5153242,-1.155429,-0.20190144,0.07354063,1.1150807,1.4440106,1.9762554,1.1289774,0.1804878,-0.43008518,1.0088428,-0.59380865,-1.1726426,0.2561603,-0.9935852,0.37528744,0.03049591,-0.2784877
-1.1477504,0.26571602,1.369914,-0.99576396,-0.62984264,-0.54217,-0.053751577,0.55292344,-1.3766152,-0.5481918,-0.22414435,0.07606557,1.1358079,-0.92655826,-1.4996985,-1.1295294,-0.22443792,0.11105217,1.122021,1.4245533,1.9604402,1.1110693,0.21094379,-0.42196584,0.99750096,-0.56993604,-1.1645491,0.28666145,-0.93849546,0.31875125,0.08388065,-0.27780813
-1.1182303,0.29060733,1.4008046,-1.01954,-0.59588635,-0.51723284,-0.037690032,0.564356,-1.3555387,-0.51641417,-0.23698054,0.095375255,1.1626722,-0.91013986,-1.4974158,-1.1018777,-0.23113483,0.1353224,1.1327112,1.4340086,1.9344565,1.0800117,0.24541253,-0.38704637,0.9974763,-0.57294965,-1.14422,0.30648527,-0.9521164,0.29050404,0.12556905,-0.24430175
-1.1019796,0.29607183,1.4189123,-1.0364935,-0.5988022,-0.54134923,-0.057975285,0.58349156,-1.3284438,-0.52628356,-0.22680406,0.11191675,1.18079,-0.9165508,-1.509476,-1.0909419,-0.21609083,0.13096312,1.141729,1.4482727,1.9248868,1.0766901,0.24366513,-0.37225,1.0134571,-0.5832357,-1.1393754,0.2927069,-1.0014503,0.30979547,0.114754006,-0.22839642
-1.1085962,0.28056282,1.4027872,-1.034955,-0.6319064,-0.56945485,-0.08711445,0.5908401,-1.3229016,-0.5515021,-0.21468087,0.11973536,1.1745592,-0.92065734,-1.5258164,-1.1183797,-0.2032308,0.111662775,1.1285273,1.4518073,1.9393067,1.1023556,0.21875948,-0.38792032,1.0248876,-0.5887856,-1.1484767,0.26972646,-1.0202318,0.3292411,0.077373356,-0.24491209
-1.1232594,0.27737924,1.3727056,-1.0175815,-0.68203306,-0.59537524,-0.12913343,0.6046344,-1.3121645,-0.58980846,-0.19095124,0.10613522,1.1315461,-0.90533304,-1.5386078,-1.1575717,-0.19562298,0.066119455,1.0798324,1.4609814,1.9596099,1.1386423,0.17633617,-0.40340587,1.0250362,-0.59761184,-1.1495969,0.25536662,-1.0330137,0.35747173,0.022343963,-0.261556
-1.1300967,0.24474584,1.3615183,-0.99721235,-0.65855443,-0.565951,-0.08587308,0.5596537,-1.3558415,-0.54773134,-0.21663146,0.10848409,1.1366949,-0.913115,-1.5229946,-1.1552671,-0.21071124,0.114762396,1.1131672,1.434364,1.9582559,1.1305232,0.1981009,-0.42766926,1.0215939,-0.5609427,-1.1761777,0.25129843,-0.93745255,0.31231764,0.058524728,-0.29877794
-1.1431957,0.23615254,1.3754877,-1.0082604,-0.62561166,-0.56521183,-0.057194866,0.5581888,-1.3696449,-0.5441381,-0.23864563,0.09718074,1.1496025,-0.9437504,-1.5067502,-1.1310103,-0.2021887,0.11846168,1.1513706,1.4249723,1.9585726,1.1006906,0.20699608,-0.43008277,1.0141068,-0.56982195,-1.1741254,0.2715034,-0.9422357,0.33038867,0.07595678,-0.27571052
-1.1534748,0.25305372,1.3799311,-1.0219964,-0.65881586,-0.58405113,-0.08912441,0.58422947,-1.3612623,-0.5798135,-0.22617953,0.08918813,1.1462423,-0.9412563,-1.5223995,-1.1444176,-0.1996139,0.082142025,1.1238683,1.4486773,1.9775934,1.1211226,0.18762395,-0.42703244,1.0152396,-0.5954966,-1.1720843,0.27401257,-0.99647766,0.36511374,0.040258143,-0.26321086
-1.1416094,0.28493044,1.3956498,-1.0343598,-0.62692845,-0.55646825,-0.068352774,0.58744967,-1.3626277,-0.5736247,-0.23007669,0.090496644,1.1595813,-0.9278179,-1.5110712,-1.1246191,-0.21156374,0.09649977,1.11464,1.455807,1.9588155,1.0970705,0.21216193,-0.40067056,0.99493617,-0.59551543,-1.1613909,0.28807566,-1.0003722,0.34657946,0.074157156,-0.24188246
-1.1502177,0.25369978,1.3633168,-1.0273135,-0.63831925,-0.5824668,-0.06456848,0.56367546,-1.3836566,-0.55226415,-0.23467983,0.119001,1.1723467,-0.93595266,-1.5075612,-1.1370503,-0.20575833,0.11575937,1.1373302,1.4413368,1.9658182,1.1047624,0.20153487,-0.4249361,1.0095334,-0.5631624,-1.1886224,0.25356027,-0.9474981,0.34280035,0.06359731,-0.28949302
-1.1498228,0.250436,1.3583615,-1.029401,-0.6842369,-0.6084921,-0.10690001,0.5757719,-1.3629941,-0.5449034,-0.21626641,0.12572026,1.1708935,-0.9320457,-1.5265889,-1.1507622,-0.20308793,0.10051738,1.1314783,1.4384811,1.9819556,1.1355674,0.17637578,-0.43285677,1.0344617,-0.5651706,-1.1885135,0.24465248,-0.9770184,0.35268736,0.0287358,-0.30106047
-0.6379688,0.50510746,0.74791265,-0.39246818,-0.09595144,0.0485882,0.1071841,0.38065812,-0.65540665,-1.3611143,0.3046415,-0.13486515,0.49138272,-0.64300764,-0.9905715,-1.0009872,0.2639924,-0.21305598,0.13209885,1.17417,1.3033333,0.6652305,-0.123710185,-0.37511134,0.27573982,-0.8954014,-0.6411503,-0.36489433,-1.2316366,0.22555338,0.46025127,0.16885675
-0.69333756,0.4140486,0.6514568,-0.33416456,-0.20719817,-0.043089077,0.0812244,0.3245183,-0.71009195,-1.221919,0.32125598,-0.059904337,0.44919282,-0.6210955,-1.054309,-1.0868865,0.36973935,-0.27775273,0.16648692,1.1402208,1.343334,0.7760807,-0.24949135,-0.48701453,0.35563973,-0.7676953,-0.79699326,-0.48074767,-1.003416,0.21491918,0.32136938,-0.041031905
-0.57868135,0.53833,0.755888,-0.3797679,-0.036955506,0.05392039,0.07740992,0.3629367,-0.60871875,-1.3061024,0.3035686,-0.08344795,0.5021753,-0.65788627,-0.9566554,-0.9960963,0.32249734,-0.20559649,0.15569153,1.1162407,1.2677631,0.6003732,-0.15726237,-0.32640558,0.30436918,-0.9093837,-0.663481,-0.41782534,-1.2154922,0.17347425,0.4866619,0.22064799
-0.7471081,0.35247812,0.77392864,-0.48031533,-0.20952794,-0.054103345,0.18059173,0.34011275,-0.8490183,-1.1541097,0.21160138,0.012701087,0.6136303,-0.70041066,-1.1600146,-1.0622181,0.24450064,-0.19954547,0.32526988,1.2189305,1.4122626,0.88239586,-0.088009015,-0.45904657,0.41651663,-0.7545461,-0.92901826,-0.4087715,-0.9958305,0.26165003,0.30382606,-0.1169478
-0.81799436,0.35302958,0.9295863,-0.60514367,-0.15956882,-0.014544383,0.29714587,0.3359029,-0.9854893,-1.1348867,0.12770791,0.005219184,0.70790607,-0.76956457,-1.1837862,-0.99906284,0.12599158,-0.13027576,0.4466329,1.2969351,1.5097061,0.90641713,0.035093,-0.40216547,0.45455813,-0.7742699,-0.99041075,-0.32161418,-0.9443875,0.2732724,0.32567698,-0.097256154
-0.6759868,0.5442381,0.83664846,-0.43563882,-0.098274946,0.017680503,0.10317664,0.3943031,-0.7259762,-1.2824014,0.27875334,-0.108380504,0.5380919,-0.65326136,-1.0153039,-1.0155505,0.25287312,-0.21677743,0.20419815,1.196282,1.3573866,0.7097824,-0.10567546,-0.3350285,0.34318614,-0.9015277,-0.73049164,-0.3286724,-1.2032039,0.22482918,0.41723248,0.15256792
-0.66020715,0.5424619,0.80167764,-0.40532658,-0.09707828,-0.0077757835,0.056928843,0.38180494,-0.6932915,-1.2936345,0.30530292,-0.1121784,0.49001074,-0.6797477,-0.9760556,-1.0207999,0.30901036,-0.24996066,0.1954892,1.1533834,1.3533331,0.6713544,-0.18141633,-0.34079015,0.35897318,-0.90948373,-0.7149141,-0.3805165,-1.1976954,0.23475488,0.3962485,0.17664242
-0.5380297,0.61455303,0.6546145,-0.19949572,-0.08326343,0.012979545,-0.057162788,0.3724689,-0.46674842,-1.3005614,0.3852914,-0.1615852,0.32686794,-0.5624138,-0.8712095,-1.0251143,0.46842745,-0.29457945,0.036158077,0.9748142,1.1687899,0.5129732,-0.2858769,-0.3833058,0.2612969,-0.88812405,-0.5392355,-0.4370663,-1.2389522,0.14770748,0.46987185,0.23606628
-0.5571599,0.6027228,0.756024,-0.3284376,-0.0166201,0.09515315,0.038619235,0.39999166,-0.52397794,-1.4067761,0.3114919,-0.19365731,0.39178348,-0.62240815,-0.89167356,-0.9607925,0.34503892,-0.2152585,0.036510177,1.0553106,1.1991872,0.5039268,-0.14662236,-0.33618262,0.22691385,-0.9752304,-0.50583756,-0.33893058,-1.3269259,0.19433205,0.53553605,0.3184485
-0.5907012,0.5445398,0.81498194,-0.40951565,0.006159015,0.12998725,0.15093143,0.3823244,-0.6494102,-1.3289257,0.28992867,-0.1311358,0.49166936,-0.6614096,-0.98062503,-0.95867527,0.22384426,-0.17082524,0.13541469,1.1478062,1.2714978,0.6298921,-0.03371417,-0.3014784,0.2637634,-0.9368412,-0.6272549,-0.318167,-1.2527974,0.1834938,0.51899946,0.22095418
-0.47779685,0.6451781,0.62524843,-0.15563756,-0.041087523,0.05167208,-0.071291305,0.3651596,-0.37797192,-1.3258982,0.38977152,-0.17987266,0.28382027,-0.5477786,-0.8223171,-1.0080327,0.506365,-0.2919622,-0.015510663,0.9083986,1.1051035,0.42166814,-0.29008758,-0.36578932,0.22108167,-0.9122911,-0.45715225,-0.4552793,-1.260517,0.11315488,0.5368478,0.30437884
-0.5783372,0.5289247,0.7106377,-0.33475092,-0.102531895,-0.012993291,-0.00094967335,0.3833121,-0.5453783,-1.3457574,0.3317914,-0.10541596,0.45746988,-0.65876263,-0.9349066,-1.0212213,0.37124142,-0.25227225,0.14210558,1.0837357,1.2635741,0.5769976,-0.22951312,-0.36399424,0.3206106,-0.90134674,-0.6027433,-0.44203958,-1.270223,0.2131268,0.45383322,0.23015434
-0.5916215,0.5033582,0.70744663,-0.34381852,-0.08230525,0.015478782,0.06369369,0.35849336,-0.6038554,-1.3288349,0.33395714,-0.08599329,0.46595365,-0.667189,-0.9611639,-1.0228366,0.33803895,-0.240282,0.14521459,1.1104665,1.2782264,0.6363607,-0.18270062,-0.3646964,0.31765324,-0.88180536,-0.6511375,-0.44751304,-1.216182,0.20355797,0.44905937,0.16940486
-0.6451985,0.3650876,0.58104026,-0.29933226,-0.17912233,-0.019401163,0.102464035,0.29821056,-0.67001605,-1.2230237,0.32779983,-0.027055621,0.43647188,-0.60590816,-1.0595781,-1.090867,0.38293,-0.2621588,0.13450977,1.1092072,1.2775024,0.76080054,-0.2121662,-0.49946588,0.32353216,-0.7359717,-0.7675563,-0.5115819,-1.0055419,0.19217837,0.3606881,-0.07458927
-0.82242113,0.16792312,0.62846774,-0.4577584,-0.30995438,-0.08003749,0.21681675,0.26964995,-0.9194991,-1.0630891,0.17754033,0.043014154,0.5238725,-0.65151006,-1.2502933,-1.1175904,0.2597827,-0.21309818,0.32030365,1.2065637,1.4423597,0.9791575,-0.1427753,-0.60396165,0.43711263,-0.6141896,-1.009717,-0.4363605,-0.73352855,0.25140527,0.21316598,-0.3523698
-0.72313577,0.43683764,0.88350344,-0.55272174,-0.100833714,0.008130081,0.19015074,0.40449497,-0.831101,-1.2976621,0.2107045,-0.073794454,0.6128723,-0.7625621,-1.0868834,-1.0069929,0.1590384,-0.17676282,0.30699366,1.2703874,1.4341165,0.77355003,-0.023540024,-0.3528999,0.3751997,-0.89048797,-0.7858462,-0.30311793,-1.1790217,0.2926329,0.38614994,0.100661844
-0.6044881,0.51963854,0.71537286,-0.31944278,-0.10406838,0.02561643,0.045685858,0.38921887,-0.58603346,-1.3159034,0.33339116,-0.12068254,0.44154692,-0.62127465,-0.97827756,-1.0232756,0.3362249,-0.2453222,0.11203829,1.0972106,1.2559686,0.6444826,-0.16464715,-0.38451672,0.28472534,-0.8800906,-0.6266074,-0.39013562,-1.2511934,0.21273118,0.44279975,0.15293153
-0.5895622,0.56665784,0.74290246,-0.33038834,-0.056562707,0.036346383,0.030290402,0.38193816,-0.5679278,-1.3609499,0.3380754,-0.15083206,0.4450761,-0.6488797,-0.8954054,-0.96422255,0.35026395,-0.24462926,0.120593674,1.0791953,1.2489861,0.5698893,-0.20629965,-0.3473103,0.2781209,-0.92315835,-0.59662044,-0.4143955,-1.2943901,0.21658273,0.47052893,0.2574131
-0.63782424,0.58559054,0.78855693,-0.35721695,-0.046405226,0.09013946,0.11913362,0.3757109,-0.66139543,-1.317007,0.32431588,-0.1621869,0.47958356,-0.6037106,-0.9377309,-0.96135575,0.28242248,-0.21170516,0.1161192,1.1429286,1.2802598,0.64355946,-0.12717299,-0.34551275,0.25233343,-0.90467185,-0.6543042,-0.35688823,-1.2159841,0.18378627,0.47994438,0.2014594
-0.76985234,0.43420905,0.87282866,-0.5155384,-0.11944616,0.031880185,0.21648893,0.36706042,-0.8694128,-1.2358577,0.22385699,-0.09109161,0.5643568,-0.7108985,-1.0940369,-0.9889999,0.17539914,-0.19509758,0.27585042,1.2591673,1.4400138,0.8033557,-0.030997368,-0.36861843,0.36984214,-0.85010153,-0.82981586,-0.30095747,-1.081363,0.27874678,0.36083272,0.033477854
-0.7482266,0.41135836,0.8969945,-0.5546429,-0.106027335,0.029701255,0.24256274,0.35052064,-0.89586335,-1.2016643,0.197613,-0.04453427,0.6341614,-0.7500799,-1.1236964,-0.98714805,0.14327829,-0.15388206,0.35575372,1.2671154,1.4515164,0.8417571,-0.0014573187,-0.3591527,0.3992264,-0.83201605,-0.8868479,-0.32288718,-1.0593892,0.25394714,0.37270564,0.004852101
-0.7394131,0.42465267,0.81904286,-0.4776384,-0.1892434,-0.06735593,0.12946302,0.36145717,-0.82269853,-1.2400569,0.23827471,-0.01874607,0.59374505,-0.7050273,-1.087606,-1.0769511,0.27073377,-0.22851166,0.30525428,1.2401884,1.4418776,0.8275958,-0.14092536,-0.4194185,0.44146752,-0.81363946,-0.8644777,-0.40120423,-1.0770047,0.2574675,0.31317815,0.0033397041
-0.52245843,0.64947075,0.7166434,-0.24321231,-0.15705958,-0.09684594,-0.16702308,0.40795,-0.40127861,-1.3006345,0.36817873,-0.1384603,0.3814804,-0.6354111,-0.82794094,-1.0132159,0.49865982,-0.30734363,0.15673724,0.94861853,1.2056044,0.44627833,-0.3676243,-0.35853884,0.38249177,-0.907867,-0.49972755,-0.45433068,-1.331003,0.19524375,0.44992864,0.3504016
-0.51298076,0.6503751,0.70070195,-0.2289206,-0.16582301,-0.11332691,-0.19128838,0.40383747,-0.38876703,-1.2475107,0.37749273,-0.12964173,0.36986792,-0.6343829,-0.8256787,-1.0014848,0.5335055,-0.32417268,0.16958573,0.9160358,1.1837837,0.43295127,-0.39583197,-0.36895254,0.394995,-0.88935596,-0.5087683,-0.4811421,-1.3055211,0.1947087,0.43369576,0.32472908
-0.6357792,0.5025928,0.8467273,-0.5038133,-0.049956903,0.03374871,0.14160441,0.38745472,-0.717578,-1.3071923,0.23786226,-0.054708265,0.5987407,-0.7138661,-1.020223,-0.9959959,0.23362318,-0.17163797,0.2503065,1.209514,1.347096,0.6720743,-0.046747327,-0.30551207,0.35533732,-0.92696863,-0.7206664,-0.35665908,-1.2162694,0.23270923,0.45522496,0.18783481
-0.7197892,0.39414266,0.761813,-0.46404356,-0.15705067,-0.025926366,0.16755536,0.34273642,-0.8094489,-1.228437,0.22944464,-0.016171418,0.56577224,-0.67131656,-1.1077178,-1.0897772,0.270609,-0.21168841,0.2526048,1.2220663,1.3917738,0.8128454,-0.10694378,-0.43564963,0.38695598,-0.8040179,-0.8473737,-0.39476705,-1.0267173,0.22747694,0.34830207,-0.02989938
-0.69100845,0.39116177,0.86898875,-0.5824221,-0.081210956,0.011192329,0.22893474,0.37244833,-0.839555,-1.2689168,0.18327007,-0.0016956106,0.67152286,-0.7818605,-1.1086293,-1.0157739,0.17176059,-0.13595103,0.35846812,1.2809902,1.4156758,0.7795798,0.0032712296,-0.362724,0.39296722,-0.86620754,-0.8227951,-0.3619248,-1.113238,0.25746247,0.40727705,0.06019574
-0.6626756,0.37636116,0.7604239,-0.4610054,-0.1156818,0.01151517,0.19013003,0.3660587,-0.76757276,-1.2220628,0.2421703,-0.008881807,0.5886696,-0.6918477,-1.126201,-1.0594975,0.22937682,-0.15975566,0.26164904,1.2051746,1.3356843,0.80172145,-0.024809405,-0.42589566,0.3428145,-0.81049806,-0.8012986,-0.37788746,-1.1013817,0.22462511,0.39719757,-0.033632122
-0.7922929,0.24175346,0.8461229,-0.6111072,-0.16996321,-0.07912807,0.2553956,0.34356496,-0.9685028,-1.1376173,0.11779644,0.04656911,0.6744491,-0.8128315,-1.229203,-1.0725489,0.16603208,-0.14450786,0.46511027,1.2866247,1.5024214,0.899803,-0.0048594214,-0.45951438,0.4725391,-0.7632211,-0.9784205,-0.35361433,-0.93294,0.28734252,0.28651562,-0.14943779
-0.8221792,0.28928322,0.9079152,-0.62787354,-0.14899957,-0.012220368,0.3123901,0.3192308,-1.0144415,-1.0803342,0.09583843,0.019169264,0.69702464,-0.7799913,-1.2261622,-1.0152509,0.11428751,-0.101041384,0.47886333,1.2866559,1.518835,0.90822,0.03782035,-0.42990175,0.45579302,-0.7435175,-1.0186863,-0.3039858,-0.8643561,0.24910465,0.32254273,-0.14857873
0.29768896,1.6649237,0.41965294,0.39963904,0.5836193,0.6389451,-0.49356255,0.15048496,0.53556556,-1.3469858,0.30066818,-0.99013853,-0.7960001,-0.07915004,0.14339575,-0.43884847,1.066251,-0.328467,-0.8952478,-0.47150508,-0.028209686,-1.0246682,-0.81706864,-0.38651845,-0.69193923,-1.2030491,0.39737594,-0.30286175,-0.925526,-0.5266232,1.1078789,1.2234588
-0.05333016,1.1717331,0.5049169,0.15656073,0.5488483,0.5734551,-0.18791911,0.18299985,0.04367824,-1.2811968,0.38000327,-0.677619,-0.396798,-0.29672557,-0.36718032,-0.6509662,0.7244827,-0.189884,-0.6612422,0.16853929,0.42407495,-0.4040458,-0.4703356,-0.22112893,-0.4090584,-1.1382968,0.018087734,-0.33812577,-1.0314063,-0.35843566,1.0300525,0.7934343
-0.18090424,1.0692397,0.59690565,0.043510497,0.4610902,0.4974552,-0.11688018,0.21805546,-0.13180354,-1.2475915,0.40934497,-0.5867483,-0.22638723,-0.3758807,-0.51154995,-0.7146121,0.5669374,-0.169389,-0.48777112,0.3938788,0.6390316,-0.15601578,-0.36985707,-0.16539483,-0.24000336,-1.1113508,-0.12258597,-0.30207053,-1.0828809,-0.26651308,0.94172835,0.6790434
0.078150675,1.3321395,0.44477254,0.28814825,0.5066447,0.5516281,-0.36791995,0.20615196,0.27710342,-1.2797374,0.3922571,-0.7872596,-0.5579626,-0.20318194,-0.2368096,-0.6242858,0.88456255,-0.28495544,-0.7447401,-0.063747935,0.25798672,-0.5795643,-0.64228475,-0.31362242,-0.47951564,-1.1421417,0.16245733,-0.33605564,-1.0636153,-0.42441013,1.0343922,0.88269675
0.0017375946,1.2300231,0.5151943,0.19852373,0.5219312,0.5567416,-0.26602077,0.22635993,0.15569845,-1.2994983,0.37689894,-0.72800004,-0.44485354,-0.27794278,-0.36577606,-0.6510043,0.75568104,-0.22151013,-0.6902308,0.0867639,0.36234045,-0.43173423,-0.50008833,-0.25130656,-0.41773906,-1.1680355,0.087708615,-0.30955684,-1.1497386,-0.37621123,1.0539209,0.81053424
0.015227083,1.3559406,0.5313981,0.24385405,0.62530863,0.6121731,-0.23044299,0.18302898,0.14319554,-1.2486815,0.39048594,-0.7879238,-0.48166883,-0.19306044,-0.2565808,-0.5926861,0.73734754,-0.19477768,-0.7353271,0.033265058,0.3089127,-0.53280157,-0.4896474,-0.16156621,-0.50974274,-1.1667231,0.108624935,-0.27076748,-1.0173873,-0.45227286,1.0991287,0.9117035
0.038593158,1.3554356,0.552395,0.17865083,0.62439346,0.6026945,-0.25188473,0.1742616,0.15151322,-1.2501621,0.35226256,-0.72497356,-0.4493202,-0.24126624,-0.23151591,-0.58895516,0.7914019,-0.19291157,-0.7029141,0.028197674,0.31755054,-0.58389574,-0.50782526,-0.15876065,-0.44894335,-1.1954684,0.08351869,-0.29749,-1.0086083,-0.44735202,1.0955286,0.95667464
0.12983358,1.4386072,0.4443751,0.31979868,0.59566605,0.60590243,-0.36208177,0.16814938,0.3128033,-1.274896,0.3760286,-0.8307514,-0.60387814,-0.13814622,-0.123540714,-0.56581074,0.9181197,-0.26143008,-0.807344,-0.14788948,0.17035556,-0.7168066,-0.65208775,-0.27538174,-0.5730461,-1.1595389,0.20964888,-0.3193686,-0.9771481,-0.49638093,1.0899041,0.99701804
0.253404,1.5615456,0.35707128,0.42982635,0.5727794,0.6120394,-0.47791734,0.13629682,0.47883025,-1.3169336,0.36297148,-0.9404112,-0.7635481,-0.08414031,0.054397404,-0.50189185,1.0507236,-0.31253344,-0.88370967,-0.38072053,0.029481523,-0.91623443,-0.8176784,-0.37963995,-0.6843894,-1.1365157,0.34589022,-0.35900256,-0.88452935,-0.52263874,1.0724869,1.1150489
0.24616441,1.5273685,0.2994681,0.48822716,0.59800214,0.6219897,-0.45335215,0.09125557,0.4733448,-1.2307545,0.4284665,-0.9117588,-0.7620926,-0.008915471,0.03548208,-0.5100394,1.0444448,-0.30788383,-0.89449984,-0.34884402,0.015430957,-0.86550564,-0.82427126,-0.34541276,-0.7115932,-1.0488371,0.3091712,-0.40044084,-0.7583904,-0.58056027,1.0566446,1.0546583
-0.023786932,1.2870567,0.48450667,0.2375387,0.5693079,0.558654,-0.24207753,0.15816031,0.11510153,-1.1822522,0.44264066,-0.7161387,-0.43467724,-0.1861476,-0.27312165,-0.6105811,0.7537173,-0.22032931,-0.65625477,0.10367021,0.3839482,-0.48416665,-0.5803994,-0.18649027,-0.45109877,-1.0819606,0.020502184,-0.34388593,-0.8904192,-0.44801742,1.0130823,0.8605855
0.023011912,1.2988663,0.45360702,0.2871036,0.51401556,0.5242799,-0.32349813,0.18158631,0.18589295,-1.2605525,0.43199605,-0.7542937,-0.48994142,-0.20766567,-0.26383898,-0.6509315,0.81888336,-0.25320598,-0.6921325,0.040295243,0.34363103,-0.4999672,-0.6239041,-0.25934365,-0.4566511,-1.1023387,0.09277326,-0.35577038,-0.9875255,-0.42138034,1.000519,0.8615033
0.07394987,1.3381824,0.38477224,0.36255878,0.52255285,0.5475483,-0.34768248,0.16004273,0.25662112,-1.298897,0.44479883,-0.8044517,-0.56330603,-0.13982925,-0.18296911,-0.62657285,0.87971634,-0.2671281,-0.7604406,-0.041222245,0.26671183,-0.59212685,-0.67571473,-0.312784,-0.54058737,-1.0860088,0.17438509,-0.37970996,-0.9401056,-0.4579103,1.0198989,0.9057543
-0.1294196,1.0848396,0.5322602,0.14009784,0.5072492,0.547863,-0.112172365,0.19275424,-0.04677636,-1.2350253,0.4393283,-0.60294783,-0.27146256,-0.30126908,-0.48922086,-0.69435036,0.5966923,-0.17113659,-0.56566954,0.3425602,0.536177,-0.19466141,-0.3860695,-0.17444338,-0.32854217,-1.0802437,-0.08831459,-0.32770687,-1.0697137,-0.3464228,1.0019567,0.67646986
0.1564829,1.5184145,0.47872192,0.32431582,0.64284766,0.6177308,-0.34648034,0.17710033,0.32972017,-1.3237652,0.36706758,-0.8645046,-0.60179126,-0.11357002,-0.05067016,-0.53007215,0.90684056,-0.2422896,-0.81867385,-0.17524043,0.14831851,-0.78458196,-0.6274484,-0.24671732,-0.60280335,-1.1990682,0.25774908,-0.28783712,-1.0179393,-0.5185531,1.1392483,1.0930531
0.28031904,1.6278622,0.3816284,0.43959102,0.61404335,0.64560217,-0.45823008,0.14960983,0.50439215,-1.359965,0.3394218,-0.9866482,-0.7873263,-0.050653502,0.09579998,-0.4717514,1.0350933,-0.29680476,-0.927729,-0.42557913,-0.011570223,-0.97360927,-0.77225053,-0.36459023,-0.72562855,-1.1812472,0.4018771,-0.31053007,-0.93780303,-0.5452195,1.1354825,1.1693829
0.14442992,1.4735768,0.4075783,0.36791226,0.5870136,0.6297027,-0.35542545,0.17446062,0.31244743,-1.3594795,0.3927651,-0.92425084,-0.6830114,-0.102210075,-0.08285877,-0.54683983,0.89515626,-0.25189295,-0.87627757,-0.20198923,0.14564751,-0.7545622,-0.647062,-0.32521588,-0.6510904,-1.1676406,0.30278736,-0.29142338,-0.98605496,-0.4784839,1.1015683,1.0127152
-0.076811455,1.0470006,0.40871018,0.25332305,0.47266996,0.5319593,-0.18023694,0.15827501,0.048633642,-1.218145,0.4688406,-0.60894775,-0.36075014,-0.2586456,-0.482838,-0.7259324,0.69603974,-0.21394627,-0.6287374,0.25642186,0.45314193,-0.21404642,-0.48654115,-0.2547219,-0.37366056,-1.0043927,-0.052636795,-0.40860257,-0.9979708,-0.37733912,0.97921675,0.6115821
-0.011636369,1.2088907,0.5502443,0.14240247,0.5702429,0.55347276,-0.20670065,0.21361679,0.11204124,-1.2913748,0.3613428,-0.64247465,-0.34103888,-0.31784862,-0.3685934,-0.65700006,0.7258966,-0.1812908,-0.6280521,0.1699977,0.4181971,-0.41707596,-0.44425678,-0.17330292,-0.36575598,-1.1820717,0.03207454,-0.33417955,-1.1433543,-0.38724065,1.0820086,0.84637016
0.13523048,1.3970387,0.47160727,0.27097926,0.61096716,0.62560606,-0.33740535,0.17896977,0.3163792,-1.2998261,0.31897914,-0.81317043,-0.5918899,-0.2068938,-0.1772794,-0.56610364,0.9136834,-0.2402091,-0.81965524,-0.16035071,0.16650783,-0.70687926,-0.5938111,-0.27188256,-0.55391973,-1.2053237,0.21386085,-0.3240971,-1.0485678,-0.46338412,1.1330992,0.97236985
0.059612248,1.3615954,0.54293686,0.19403385,0.59644616,0.5752774,-0.30147064,0.19226849,0.21255141,-1.2063165,0.36766052,-0.7174034,-0.45174783,-0.227259,-0.24958892,-0.5933402,0.8190939,-0.2226116,-0.68532443,0.014003783,0.2963592,-0.5813175,-0.5579176,-0.18015087,-0.4231746,-1.1806486,0.08180935,-0.30137336,-1.0420302,-0.4732801,1.0844572,0.9389191
-0.16450259,1.1256268,0.54044366,0.1258338,0.4910757,0.513404,-0.13473128,0.16657558,-0.08057564,-1.1521441,0.4768679,-0.583256,-0.2739464,-0.26883805,-0.43552512,-0.67665505,0.6229579,-0.20991255,-0.50855625,0.34371328,0.5804173,-0.21801648,-0.4671521,-0.15255117,-0.29088157,-1.0345377,-0.14756939,-0.3454726,-0.9200278,-0.35252854,0.9286545,0.6896415
-0.15664846,1.0771887,0.5327901,0.1309846,0.4795563,0.50608563,-0.11221416,0.19149537,-0.08351218,-1.2366936,0.4568618,-0.5778803,-0.23693477,-0.30246466,-0.47992593,-0.71584743,0.6061846,-0.1829929,-0.5239919,0.38057473,0.58244056,-0.1655694,-0.4111252,-0.18204126,-0.2984813,-1.0601572,-0.12150629,-0.35161993,-1.0352584,-0.3241152,0.9562699,0.6720518
0.20480698,1.3981829,0.27756178,0.5030813,0.54039145,0.56847525,-0.44609228,0.1145658,0.45168203,-1.2395285,0.4576854,-0.8421625,-0.6928424,-0.055230886,-0.089105524,-0.5866316,1.0124148,-0.315045,-0.82962024,-0.25006017,0.080986395,-0.7085599,-0.7883386,-0.36441866,-0.624733,-1.0062149,0.27052766,-0.43424147,-0.90031326,-0.54639196,1.0501755,0.9283647
0.21960306,1.4970148,0.36998975,0.39708513,0.5835513,0.5911441,-0.44537896,0.14084093,0.44462895,-1.2737094,0.3815003,-0.87183225,-0.6900754,-0.10055418,-0.019001491,-0.5251132,1.010711,-0.2899786,-0.8392482,-0.29080966,0.07506597,-0.8438079,-0.78717035,-0.34273314,-0.62520516,-1.1141008,0.27950323,-0.36790392,-0.907933,-0.5376508,1.0798272,1.0681788
0.33805758,1.7323015,0.40797442,0.41790083,0.5901258,0.6357017,-0.5372162,0.1400628,0.6110854,-1.2849168,0.2844476,-1.007662,-0.84105814,-0.020373004,0.20970884,-0.39035875,1.1279887,-0.35922042,-0.909047,-0.55787134,-0.121387795,-1.110982,-0.90213627,-0.42099115,-0.72839546,-1.1662503,0.41362977,-0.27635062,-0.86824906,-0.5741385,1.0926672,1.2700303
0.2673488,1.6315889,0.45433122,0.35180587,0.61001104,0.6607713,-0.45653343,0.15952428,0.49582732,-1.3095787,0.27523905,-0.948668,-0.7521209,-0.10081632,0.07112411,-0.45771724,1.0488251,-0.30943125,-0.89353055,-0.42570445,-0.0052500963,-0.97661084,-0.74522,-0.3406595,-0.6641707,-1.2298348,0.35585845,-0.28725395,-0.9563454,-0.52531487,1.1356469,1.1738983
0.1514401,1.4429216,0.4145714,0.3428775,0.5764586,0.6043161,-0.3788453,0.16750485,0.34359363,-1.3169835,0.37821144,-0.853227,-0.6362549,-0.138185,-0.09162771,-0.5646046,0.9450854,-0.27607578,-0.8226483,-0.18405354,0.16083598,-0.7416981,-0.6742134,-0.3109749,-0.58729076,-1.165147,0.24958293,-0.3427723,-0.98539954,-0.4815427,1.0864062,1.0102774
0.26971784,1.5146298,0.31887966,0.46164596,0.5166893,0.6047136,-0.51894945,0.13396631,0.5372658,-1.272753,0.36481673,-0.93440723,-0.79532534,-0.07634831,0.01729323,-0.50924295,1.1024468,-0.36144915,-0.8834678,-0.42832196,-0.015568569,-0.88279295,-0.85914606,-0.4360107,-0.6640567,-1.0901421,0.35147965,-0.38494828,-0.9060938,-0.5002598,1.0471134,1.0398905
0.1748457,1.4645152,0.45446968,0.27747238,0.5194494,0.55838966,-0.44029537,0.1960315,0.39359078,-1.3011771,0.34197327,-0.8329295,-0.6271456,-0.18705474,-0.06945261,-0.53605664,0.98624045,-0.30590376,-0.76063484,-0.22729227,0.15233232,-0.79287386,-0.7490671,-0.35598853,-0.5115561,-1.1830852,0.23921053,-0.33441034,-1.0314825,-0.44994155,1.0566607,1.0577798
-1.0050937,0.82094157,1.6241084,-1.293558,-0.50892735,-0.18244886,0.17871702,0.7399936,-1.1902719,-0.22946942,-0.3526438,0.11727224,1.3204608,-0.7069828,-1.3115634,-0.7018733,-0.41407233,0.20073558,1.0352111,1.6182588,1.7119917,0.8564874,0.49153978,-0.012315717,0.8846918,-0.5842293,-0.7860862,0.705935,-1.045082,0.1481139,0.5523265,0.14898245
-0.9732702,0.9115082,1.6620189,-1.3339486,-0.44215533,-0.089099586,0.2606978,0.7376473,-1.1900715,-0.15319994,-0.39043123,0.13056578,1.3598158,-0.66370267,-1.2561572,-0.6152372,-0.46213645,0.24669653,1.0295004,1.63507,1.6542125,0.7857555,0.563629,0.06908223,0.84717923,-0.5725778,-0.72141755,0.7790041,-1.0111209,0.079047255,0.6830962,0.21576968
-1.0085225,0.85553306,1.6440167,-1.3469355,-0.50815225,-0.14688706,0.23535305,0.7353675,-1.2220585,-0.15111724,-0.40799755,0.15446809,1.3823816,-0.70873284,-1.2855468,-0.6594181,-0.43889475,0.24132538,1.0656517,1.624702,1.720246,0.8266978,0.53131604,0.0038846387,0.8916524,-0.5765979,-0.76996166,0.75061125,-0.9936232,0.114853494,0.62124336,0.16364235
-0.9986937,0.7995617,1.6053064,-1.307395,-0.53935397,-0.20574597,0.16878894,0.7194292,-1.1889765,-0.16344592,-0.35642368,0.15531012,1.3540004,-0.69903296,-1.3182882,-0.68808246,-0.39313996,0.23047376,1.0547736,1.5885694,1.7288053,0.8632281,0.4738049,-0.045545053,0.9202781,-0.54175776,-0.80601615,0.6838109,-1.0095812,0.13263997,0.5376388,0.0982912
-1.0006244,0.80115676,1.5674173,-1.2311062,-0.56960416,-0.22069475,0.11369537,0.7491266,-1.1510693,-0.28963527,-0.3101794,0.09740178,1.2615508,-0.6791853,-1.3328424,-0.7570017,-0.3689664,0.14849342,0.9634691,1.5969447,1.7274406,0.9022025,0.42328435,-0.058219943,0.8811826,-0.57997787,-0.8071677,0.6435209,-1.0477302,0.18329279,0.45082018,0.103852466
-0.97091043,0.8744703,1.5893655,-1.2536958,-0.52562153,-0.13880658,0.16773872,0.7565117,-1.1378914,-0.24087262,-0.33792305,0.10844238,1.2806158,-0.62658644,-1.290979,-0.7043737,-0.39982006,0.1707485,0.93410605,1.6128039,1.6819345,0.8517273,0.46870297,0.007211588,0.8478032,-0.57526493,-0.75975597,0.6916835,-1.0252134,0.12888743,0.5399051,0.16422446
-0.9356347,0.9200427,1.5722255,-1.2393754,-0.5060415,-0.10388392,0.1928899,0.7531312,-1.0958415,-0.22121307,-0.3286792,0.1102431,1.2682685,-0.57849824,-1.2578368,-0.6666489,-0.40171468,0.17731221,0.8917463,1.6082655,1.6338869,0.82154727,0.47466952,0.039429776,0.8221926,-0.55400985,-0.7120836,0.69267625,-0.9964702,0.09915865,0.5746562,0.18221392
-0.98753655,0.85205925,1.5685843,-1.2819093,-0.5546057,-0.17035323,0.18036106,0.74539304,-1.1715236,-0.20087367,-0.3611961,0.14377235,1.3167635,-0.6486384,-1.2901042,-0.7135909,-0.41085097,0.20439616,0.961176,1.6122153,1.7152935,0.857703,0.46125108,-0.021579977,0.8727166,-0.5470615,-0.7755802,0.68723667,-0.9732233,0.12487959,0.53442115,0.12530431
-1.0062249,0.8371223,1.5794768,-1.2749215,-0.540418,-0.18531218,0.17321077,0.7362172,-1.2009416,-0.23662728,-0.3545984,0.12307656,1.3111798,-0.6702832,-1.3063408,-0.7316469,-0.4214248,0.2056553,0.9729045,1.6169983,1.7297357,0.8627067,0.4716581,-0.029985473,0.86598134,-0.5572654,-0.7937792,0.691377,-0.99008393,0.13318026,0.52752775,0.119072795
-0.9882699,0.8610653,1.6183534,-1.2837307,-0.4992515,-0.14959478,0.19560114,0.74185956,-1.1774173,-0.22286937,-0.3554842,0.111432716,1.3125141,-0.6698817,-1.2944099,-0.687142,-0.42719775,0.21043612,0.9919005,1.6213472,1.6904786,0.8381143,0.50520235,0.008151632,0.8584143,-0.569313,-0.76142824,0.7203526,-1.020718,0.11989371,0.57662094,0.16145831
-1.0027043,0.8562075,1.6012305,-1.2899426,-0.5396714,-0.16711384,0.18426087,0.74409366,-1.1787522,-0.21922335,-0.35838944,0.117408395,1.3161693,-0.67921126,-1.2918438,-0.69089615,-0.41049495,0.19076848,0.99164253,1.6171246,1.7128679,0.85743845,0.47764307,-0.012706287,0.8676591,-0.5785084,-0.7686809,0.70403725,-1.0162364,0.14486,0.5491719,0.14775006
-1.0006179,0.86581576,1.5934496,-1.2884243,-0.54271543,-0.15979314,0.18924496,0.7467966,-1.1723989,-0.21750802,-0.3573771,0.11659376,1.3095708,-0.67119235,-1.2804166,-0.6860206,-0.41058344,0.18406278,0.98313326,1.6175953,1.7059653,0.8544077,0.47597712,-0.007746741,0.8644218,-0.58080655,-0.75907457,0.7037592,-1.0094142,0.14658304,0.55221504,0.15296367
-0.96514285,0.9087423,1.6563799,-1.3357303,-0.46638533,-0.09795047,0.25130987,0.7427408,-1.1554134,-0.14690426,-0.3829829,0.13932185,1.3546098,-0.65747833,-1.2544492,-0.6020999,-0.43465096,0.2377031,1.0259548,1.6316389,1.6467782,0.79192364,0.54962,0.06165305,0.8605361,-0.57126856,-0.711132,0.75970083,-1.0145097,0.09192459,0.66544515,0.208988
-0.9502877,0.93304247,1.6319861,-1.3174467,-0.48529056,-0.08133359,0.24094456,0.7434938,-1.1249827,-0.14645678,-0.37233412,0.14213865,1.3388513,-0.6142946,-1.2411526,-0.5988169,-0.411372,0.2185147,0.97649556,1.6184213,1.6389087,0.79176265,0.5272419,0.06186709,0.8451771,-0.5716621,-0.7046471,0.7386655,-1.0048423,0.08816192,0.6510341,0.20827423
-0.9863038,0.8932509,1.6027659,-1.2698647,-0.52442896,-0.13487652,0.20249072,0.75811124,-1.15442,-0.24783283,-0.35265028,0.103731796,1.2898642,-0.6511955,-1.2752405,-0.68942297,-0.4179501,0.17823638,0.95205396,1.6330882,1.6824644,0.8435782,0.49562138,0.01644575,0.8390809,-0.59170645,-0.7396219,0.7141739,-1.0113494,0.1371658,0.568046,0.17666268
-0.99826694,0.83113164,1.5499377,-1.2211739,-0.57157683,-0.2170794,0.1372212,0.74181676,-1.1608622,-0.31211117,-0.30873454,0.09562217,1.2590287,-0.6659939,-1.3133688,-0.76233387,-0.39266622,0.15419145,0.9373043,1.6192324,1.720114,0.8984571,0.43402112,-0.044330604,0.86558044,-0.5725647,-0.7899367,0.63755065,-1.0069793,0.17510962,0.4695977,0.10347614
-0.98989284,0.80794215,1.5281421,-1.202325,-0.5814705,-0.25001162,0.10235119,0.72777414,-1.1483688,-0.3330801,-0.28472716,0.09946826,1.2501346,-0.65523285,-1.3316144,-0.78456986,-0.37300834,0.15863913,0.921411,1.6039436,1.7258781,0.9082042,0.4079677,-0.067300946,0.8702753,-0.551575,-0.8093459,0.59692496,-1.0070679,0.17642838,0.43219215,0.069600895
-0.9991467,0.77898467,1.5291667,-1.212235,-0.61735845,-0.27649492,0.08043641,0.72684395,-1.1529106,-0.34439763,-0.29077315,0.10165249,1.2625725,-0.67470676,-1.3606385,-0.7964772,-0.35568443,0.15557288,0.9331363,1.6055312,1.7535702,0.93205655,0.39620692,-0.10118912,0.8976608,-0.551235,-0.82426786,0.58506966,-1.0120778,0.1922024,0.3934869,0.044781785
-1.0148182,0.7561358,1.5405383,-1.229767,-0.6180357,-0.2843632,0.07850045,0.7315707,-1.16577,-0.31381541,-0.30148745,0.101784945,1.272605,-0.70622396,-1.3634741,-0.7853533,-0.3539612,0.15469907,0.97392565,1.594326,1.7644051,0.9369128,0.39222625,-0.11056493,0.915307,-0.55498135,-0.8327797,0.60098314,-1.0319374,0.20523556,0.39150447,0.04523467
-1.0233243,0.7983045,1.5644023,-1.2442042,-0.56616676,-0.23457232,0.13344933,0.736629,-1.1992594,-0.2906109,-0.32703304,0.093707085,1.2784595,-0.70612377,-1.3255651,-0.76798415,-0.40394384,0.17432548,0.98091024,1.6081911,1.7480847,0.90068644,0.4367208,-0.06421375,0.8787911,-0.56861615,-0.8108303,0.65716344,-1.0160391,0.17645474,0.46870336,0.0937964
-0.9902265,0.8584886,1.5598817,-1.2424749,-0.55149126,-0.17170101,0.1724127,0.743174,-1.1764579,-0.25106874,-0.3388418,0.10559864,1.2773384,-0.648152,-1.2899926,-0.7368061,-0.42673224,0.18998946,0.9341305,1.6162238,1.7105337,0.8703748,0.45898902,-0.022161927,0.85250735,-0.55263615,-0.77020746,0.6843325,-0.9691913,0.12836012,0.52133554,0.12360817
-1.0009787,0.8316205,1.542223,-1.2149891,-0.5800383,-0.19996986,0.140196,0.74917305,-1.1652458,-0.292456,-0.3182546,0.08910185,1.2431785,-0.6574146,-1.310838,-0.7678983,-0.40202194,0.15775049,0.9197983,1.6098936,1.7248172,0.89805156,0.4292235,-0.051517602,0.85534394,-0.5632301,-0.78744084,0.659464,-0.9860718,0.16159332,0.46465737,0.10114838
-1.0282396,0.83330137,1.5880414,-1.24181,-0.5431973,-0.18901607,0.16332737,0.75233775,-1.1977916,-0.29452664,-0.34142214,0.070620105,1.2582115,-0.7005918,-1.3027916,-0.754246,-0.42052376,0.16736451,0.9688193,1.6140424,1.7317618,0.8789935,0.46455973,-0.037171353,0.84386414,-0.5968509,-0.784583,0.7016153,-1.0223153,0.16746555,0.5056996,0.13884446
-1.0198231,0.80673,1.5720417,-1.2578478,-0.5613315,-0.21891376,0.15066534,0.7398614,-1.2001977,-0.26507735,-0.3418265,0.111603945,1.2911894,-0.69684756,-1.318856,-0.7588907,-0.410185,0.18897872,0.9856108,1.6122402,1.7451459,0.88820803,0.45073718,-0.054406706,0.87750375,-0.5649186,-0.80869293,0.6703877,-1.0017377,0.1610446,0.489637,0.101185426
-0.94747496,0.8767328,1.6001204,-1.2745064,-0.49557623,-0.13478535,0.20495614,0.72158027,-1.146454,-0.17575252,-0.33978093,0.14197119,1.320764,-0.6186096,-1.281593,-0.6653246,-0.42881477,0.24659845,0.9711302,1.6106448,1.6625768,0.82450193,0.5076644,0.018535629,0.8712142,-0.5230746,-0.7465493,0.70048183,-0.9670309,0.07093308,0.5969012,0.13940372
-0.9379801,0.90861744,1.6162906,-1.2521055,-0.47070625,-0.10616036,0.20556876,0.73975414,-1.106531,-0.21646687,-0.32449454,0.10677554,1.2809434,-0.60453284,-1.2686837,-0.64638585,-0.41420913,0.21381071,0.9422386,1.6132157,1.6261643,0.8059882,0.5177896,0.048355423,0.83516186,-0.55451363,-0.7151165,0.71209407,-1.0115433,0.08652567,0.6063546,0.18429607
-0.99486756,0.775495,1.5327635,-1.2075487,-0.6018553,-0.27446502,0.07006031,0.73684937,-1.1240848,-0.3225754,-0.2765972,0.09532729,1.246225,-0.6746104,-1.3469385,-0.76750517,-0.33362037,0.13799688,0.9503667,1.5857949,1.7277775,0.91891307,0.38417503,-0.089969516,0.8965936,-0.55579764,-0.81743646,0.58595234,-1.0501615,0.21153681,0.392469,0.05972493
-0.9966295,0.7770874,1.5163954,-1.2187536,-0.6296369,-0.2757417,0.06503941,0.7371516,-1.1249042,-0.29370677,-0.2876314,0.112137124,1.2620445,-0.6639119,-1.3462492,-0.7650856,-0.3223374,0.13425294,0.939861,1.5775039,1.7430911,0.92692804,0.36247215,-0.10351728,0.90333486,-0.54475206,-0.8254966,0.5775368,-1.0341097,0.21136265,0.37924165,0.0464929
-0.9709114,0.85802126,1.5277104,-1.180867,-0.5975256,-0.17735887,0.101583555,0.7686615,-1.0858301,-0.32575792,-0.2977209,0.06376317,1.2011938,-0.60826653,-1.3063082,-0.7569104,-0.3397289,0.10217611,0.852902,1.5802497,1.6987851,0.8962856,0.3923342,-0.05364054,0.83216596,-0.585777,-0.7630404,0.6289631,-1.0260336,0.17921649,0.42147973,0.12403493
-0.9643936,0.8823541,1.571238,-1.2155116,-0.5477803,-0.13407785,0.14270276,0.76481307,-1.1062788,-0.29793382,-0.3229221,0.07403356,1.2349204,-0.6090327,-1.2988808,-0.73084503,-0.37600115,0.1378816,0.8763126,1.5992215,1.6845434,0.8653234,0.44766468,-0.012764024,0.8261681,-0.59436315,-0.7465751,0.6768516,-1.030084,0.13924146,0.49548504,0.16437578
-1.2926368,-0.17007703,1.0540369,-0.95967597,-0.9834403,-1.1014382,-0.30993694,0.645348,-1.2838942,-0.788533,-0.11788723,0.2738397,1.1081164,-1.1986428,-1.5828661,-1.3502663,0.15260458,-0.17262727,1.2468812,1.3675802,2.0653496,1.2628134,-0.21271399,-0.75452167,1.1973408,-0.6121261,-1.3246129,-0.22600621,-1.1081125,0.8770957,-0.43571293,-0.5453246
-1.3443382,-0.1680181,1.0467368,-0.99822646,-1.0442654,-1.1368941,-0.36132422,0.6730285,-1.3007575,-0.8385712,-0.11903146,0.24678412,1.1020541,-1.2094669,-1.5924368,-1.3843836,0.1675657,-0.24139965,1.2251357,1.3893353,2.1128824,1.2937685,-0.27856117,-0.7792076,1.1927912,-0.6514599,-1.3353143,-0.21929982,-1.1643726,0.9469954,-0.5017424,-0.52820224
-1.339592,-0.18013307,1.0020679,-0.98054075,-1.0766963,-1.1735528,-0.39985707,0.6626228,-1.2718298,-0.77487385,-0.091106236,0.26796734,1.0973798,-1.1871219,-1.6000018,-1.3821437,0.17786428,-0.23585305,1.2348039,1.337282,2.1119194,1.2962683,-0.31943443,-0.8093047,1.207841,-0.602618,-1.3414491,-0.24342388,-1.1444561,0.939964,-0.5327864,-0.5756648
-1.3189455,-0.17206192,1.0062163,-0.9580031,-1.0450054,-1.152467,-0.38731208,0.6547341,-1.2672305,-0.7548331,-0.08508968,0.26865453,1.0896542,-1.1637305,-1.598655,-1.3716335,0.17541243,-0.21517299,1.2231824,1.323445,2.0979714,1.2822866,-0.2922871,-0.80153024,1.1992469,-0.5882986,-1.3578985,-0.23718983,-1.1224225,0.91686225,-0.51546353,-0.58624876
-1.3025819,-0.11375745,1.050938,-0.9518649,-0.96678925,-1.0809937,-0.34229773,0.658868,-1.2768124,-0.81159353,-0.08474907,0.21714222,1.0646383,-1.1547285,-1.5669546,-1.3561513,0.1526112,-0.21525034,1.1836107,1.3467995,2.0676003,1.2574571,-0.22995222,-0.7453379,1.1453496,-0.6378258,-1.3232428,-0.20770308,-1.136944,0.88753825,-0.45431757,-0.5236348
-1.3064054,-0.100467354,1.0455275,-0.94441277,-1.0275605,-1.104142,-0.3979999,0.6776364,-1.2367673,-0.8435771,-0.062030435,0.19106951,1.0338467,-1.1687791,-1.5524285,-1.359313,0.18457827,-0.2591014,1.1661465,1.3349782,2.068108,1.2700881,-0.29848918,-0.7544511,1.15707,-0.6526567,-1.2892164,-0.22702014,-1.1889346,0.93530154,-0.48518646,-0.4894708
-1.3160406,-0.1587562,1.0125617,-0.94503677,-1.074063,-1.145756,-0.3991753,0.67202955,-1.225304,-0.81865096,-0.06918579,0.23900723,1.0500495,-1.1977018,-1.566078,-1.3676512,0.20327991,-0.2538042,1.2041312,1.3283523,2.0739706,1.282383,-0.33081618,-0.7932751,1.2022876,-0.62206095,-1.2882196,-0.25779498,-1.1760613,0.95063615,-0.5070772,-0.52382237
-1.3642395,-0.24628869,0.95797527,-0.9638095,-1.101382,-1.2124774,-0.3982775,0.6660791,-1.2822205,-0.79783016,-0.09529595,0.28266937,1.0763441,-1.2313218,-1.5962555,-1.4228339,0.20622495,-0.2600995,1.2475001,1.3280842,2.1197743,1.3108925,-0.3686069,-0.85682815,1.2170658,-0.60627204,-1.3548199,-0.28898606,-1.1343466,0.9795617,-0.5671518,-0.6003355
-1.3750622,-0.22509807,0.98968196,-0.9996993,-1.0645953,-1.1953055,-0.3839099,0.6694656,-1.3182123,-0.80621725,-0.12045765,0.27904478,1.1080071,-1.2301184,-1.59713,-1.4184928,0.1853308,-0.26004863,1.2574748,1.3514938,2.1289132,1.3033583,-0.33796754,-0.82567245,1.1968912,-0.6332166,-1.369708,-0.265035,-1.1459092,0.9688776,-0.55216724,-0.577442
-1.3415745,-0.16111952,1.0160204,-0.9770607,-1.0381976,-1.1451253,-0.38615277,0.6779934,-1.2766868,-0.8403874,-0.09096271,0.23005691,1.0632963,-1.1957228,-1.5765016,-1.4015406,0.18398613,-0.26560962,1.2026606,1.3539362,2.0992517,1.2857462,-0.31609368,-0.7908791,1.1705635,-0.6573061,-1.3184696,-0.23947841,-1.1750994,0.9495829,-0.51263994,-0.5224229
-1.3304557,-0.15751612,0.9962524,-0.95516324,-1.0499948,-1.1514542,-0.39885706,0.66752446,-1.2692274,-0.8211517,-0.075325474,0.23598701,1.0533822,-1.1762732,-1.5803839,-1.4026734,0.18054128,-0.26223737,1.1924788,1.3451928,2.0882616,1.2904973,-0.3337439,-0.7920334,1.1686745,-0.6255058,-1.3192167,-0.24583763,-1.1610386,0.93411976,-0.5142924,-0.54471904
-1.326369,-0.21600002,0.97451246,-0.94453096,-1.0538108,-1.1689235,-0.36054465,0.640126,-1.2836194,-0.76364344,-0.09775135,0.29770377,1.0929632,-1.1817262,-1.6053164,-1.3966644,0.1796313,-0.20401108,1.2351378,1.3356254,2.088555,1.2946239,-0.29927033,-0.8280133,1.201022,-0.56426847,-1.3640919,-0.2706034,-1.088703,0.90700555,-0.5118648,-0.62264293
-1.3335075,-0.18620762,1.0082564,-0.9796357,-1.0416533,-1.1558177,-0.37269226,0.66501313,-1.2718974,-0.7880883,-0.102564156,0.28204486,1.1074313,-1.1916354,-1.5928205,-1.3780216,0.19221826,-0.23927498,1.23904,1.3416551,2.0862966,1.2797991,-0.30596444,-0.7995885,1.1925815,-0.61463624,-1.341939,-0.252479,-1.1581442,0.93770784,-0.51156825,-0.5598305
-1.2945894,-0.08754712,1.0679129,-0.9818974,-0.9612174,-1.0724543,-0.36533156,0.67747337,-1.2482326,-0.8341784,-0.08261588,0.21644965,1.0731238,-1.1575769,-1.5526906,-1.3435096,0.1710629,-0.25550076,1.186049,1.3552599,2.0457923,1.2411289,-0.2600183,-0.7109032,1.142985,-0.6793478,-1.2760391,-0.20119661,-1.2168618,0.9065913,-0.44200552,-0.45172092
-1.2950819,-0.12547769,0.99890906,-0.9168074,-1.0276638,-1.1231931,-0.40721783,0.65171796,-1.2329788,-0.8117703,-0.040434092,0.21473894,1.0229241,-1.1472579,-1.5599309,-1.3704576,0.18658318,-0.24480778,1.1698506,1.3199492,2.0566807,1.2708004,-0.32176763,-0.77291906,1.165134,-0.6118855,-1.2990861,-0.24610448,-1.1672289,0.9146134,-0.48496875,-0.5330001
-1.3231105,-0.18625471,0.97812396,-0.93914884,-1.0807133,-1.1762422,-0.42510933,0.6604186,-1.2405094,-0.7668625,-0.06319095,0.2659249,1.0693051,-1.168291,-1.5924405,-1.3762883,0.2135652,-0.2551091,1.2158825,1.3033553,2.0891054,1.2887744,-0.35874084,-0.8237364,1.2053082,-0.58707386,-1.3545358,-0.26457193,-1.1641204,0.9615708,-0.5478024,-0.58300954
-1.3442364,-0.21863928,0.99325705,-0.9670977,-1.0921886,-1.1870307,-0.4081186,0.6562081,-1.2817252,-0.75363994,-0.09794052,0.2776581,1.0940102,-1.1919733,-1.6147544,-1.3888185,0.18813047,-0.22614387,1.24566,1.3246387,2.1307104,1.3083131,-0.32919905,-0.8383638,1.2265923,-0.58519393,-1.3839341,-0.24420989,-1.125684,0.9500702,-0.55917054,-0.6076908
-1.3340404,-0.16741082,1.0189121,-0.96899503,-1.0467598,-1.1365516,-0.3818064,0.67347056,-1.2781587,-0.82591677,-0.091248035,0.23257557,1.0669056,-1.1830815,-1.5930076,-1.3860632,0.17880547,-0.260884,1.1983366,1.3560252,2.107566,1.2923117,-0.29877356,-0.79784906,1.1815805,-0.6416399,-1.3349035,-0.22192195,-1.1593022,0.9504134,-0.5251327,-0.54602385
-1.3160716,-0.14375311,1.0155002,-0.9580755,-1.0059242,-1.1132742,-0.37623316,0.67865807,-1.2652576,-0.8432036,-0.079793856,0.22850206,1.053596,-1.1719503,-1.5728183,-1.3833455,0.18780592,-0.28300157,1.17812,1.3493191,2.068439,1.2696931,-0.30749887,-0.7684202,1.1458765,-0.6572387,-1.3127259,-0.22932133,-1.186703,0.9426114,-0.5008894,-0.5129426
-1.3000047,-0.15777951,1.0397838,-0.98344743,-0.9935417,-1.1180543,-0.35089365,0.6722593,-1.2546853,-0.7963904,-0.100265324,0.27333528,1.1029266,-1.1960621,-1.5775372,-1.350962,0.17631306,-0.22400491,1.2384315,1.3530654,2.0571642,1.2501848,-0.26547885,-0.7503354,1.1852891,-0.641026,-1.3026503,-0.22573611,-1.175031,0.9168654,-0.46446866,-0.5110672
-1.2972224,-0.16656888,1.0602487,-0.9935934,-0.9867269,-1.1151229,-0.3269742,0.665442,-1.2547914,-0.7811021,-0.11491822,0.28556928,1.121925,-1.2118919,-1.57817,-1.3336227,0.16656697,-0.18580087,1.2663871,1.3578109,2.0606816,1.2434616,-0.22641015,-0.7464463,1.2082947,-0.63563013,-1.296958,-0.22084963,-1.155122,0.90137035,-0.44289318,-0.51242244
-1.3315159,-0.17218554,1.0474999,-0.99605423,-1.0018781,-1.1231925,-0.3364726,0.66961294,-1.296962,-0.80319566,-0.12872092,0.26205558,1.1135178,-1.1989604,-1.5947583,-1.3725541,0.16341414,-0.21914692,1.2386918,1.3661828,2.102671,1.2707529,-0.24353689,-0.7778779,1.1872247,-0.64357734,-1.340278,-0.20766023,-1.1431041,0.91765463,-0.48474526,-0.53574115
-1.3458956,-0.18626115,1.0150503,-0.9741872,-1.0578706,-1.1660409,-0.37881827,0.65798587,-1.2958014,-0.78359056,-0.102662876,0.26289147,1.0999966,-1.2081567,-1.5899721,-1.3860073,0.16875032,-0.22060055,1.2440213,1.3382709,2.113559,1.2980492,-0.29791105,-0.8028131,1.201683,-0.6081222,-1.357198,-0.25163847,-1.1265752,0.93262345,-0.51895577,-0.5773218
-1.3204323,-0.1517117,1.0218045,-0.94588524,-1.0549794,-1.1536168,-0.411338,0.6491917,-1.2538451,-0.7854597,-0.055312037,0.22101235,1.0620786,-1.1885839,-1.5714281,-1.3605294,0.17389591,-0.21885507,1.2266461,1.3122742,2.0961728,1.2887224,-0.30832252,-0.79292303,1.203869,-0.6103391,-1.3257396,-0.24127585,-1.1556817,0.93452775,-0.5084356,-0.55322206
-1.3064078,-0.09277652,1.0876938,-0.99444157,-0.95398915,-1.0815815,-0.35224396,0.6710526,-1.2734355,-0.84158206,-0.09176408,0.20183003,1.0864297,-1.1862137,-1.554633,-1.335241,0.146414,-0.22575589,1.2111303,1.3699164,2.0617228,1.2437452,-0.23048417,-0.70973676,1.1482078,-0.67976624,-1.285037,-0.18339998,-1.2025504,0.9084468,-0.4373058,-0.4591435
-1.3473016,-0.17505196,1.0309434,-1.0010068,-1.0215919,-1.1485251,-0.37227824,0.6743988,-1.2952774,-0.8342784,-0.10761382,0.24522355,1.093481,-1.2204618,-1.576909,-1.3830354,0.1742135,-0.25358093,1.2389178,1.3649096,2.0973113,1.2771523,-0.29780036,-0.7759292,1.1775995,-0.6612871,-1.3240063,-0.23365662,-1.179462,0.9531738,-0.5063493,-0.5193398
-1.3688607,-0.18730178,1.0245397,-1.0131341,-1.0452956,-1.1744326,-0.38091934,0.66949016,-1.3131459,-0.82658076,-0.114391714,0.24955004,1.1133176,-1.2340459,-1.5824413,-1.3931489,0.17316295,-0.24453753,1.2578492,1.3609617,2.1204302,1.2906995,-0.30980483,-0.7984148,1.1849099,-0.65250397,-1.347253,-0.2471579,-1.1692235,0.96481556,-0.52433765,-0.54152346
-1.3549992,-0.18620977,1.0250512,-0.99589175,-1.0336354,-1.1555192,-0.36268276,0.66630393,-1.320014,-0.8107249,-0.120923996,0.25689363,1.1031604,-1.213582,-1.5929995,-1.40087,0.15814829,-0.22949004,1.2400353,1.3683125,2.120778,1.2935619,-0.28466883,-0.79163325,1.1854444,-0.6367133,-1.3559446,-0.23029283,-1.1344306,0.93233216,-0.5114372,-0.55719864
-1.318786,-0.14458208,1.0277542,-0.97971755,-1.0095341,-1.1216824,-0.35824668,0.6737433,-1.2788886,-0.81433135,-0.10139118,0.2523594,1.0868317,-1.1720954,-1.5892918,-1.382786,0.16319758,-0.23838213,1.2012957,1.3693564,2.0811582,1.2712187,-0.27167016,-0.76435524,1.1646299,-0.63703793,-1.3175144,-0.2151953,-1.1535292,0.9118941,-0.4821288,-0.5308549
-1.3020705,-0.16275772,1.045982,-0.9845784,-0.99478984,-1.1034926,-0.3087204,0.65567935,-1.2908524,-0.77199775,-0.13811828,0.29610693,1.1315843,-1.1736472,-1.6044836,-1.3554944,0.15210369,-0.18528551,1.2346845,1.3777183,2.075112,1.2622231,-0.21204354,-0.7625763,1.185433,-0.60202014,-1.3400383,-0.21231684,-1.098485,0.874137,-0.452405,-0.5609337
-1.0520576,0.71675754,1.5062037,-1.286827,-0.61794484,-0.34803352,0.14351916,0.7322711,-1.2720236,-0.2503992,-0.3653069,0.1671328,1.3334969,-0.76018417,-1.3281271,-0.80772024,-0.43024445,0.23579119,1.0543458,1.6422416,1.7783374,0.91420114,0.41914907,-0.115871295,0.9331804,-0.47533196,-0.8572972,0.6170972,-0.899108,0.204884,0.43743938,-0.0035332255
-1.0359708,0.7232773,1.5273182,-1.3119642,-0.6049824,-0.33574343,0.13688765,0.74234235,-1.2284025,-0.21064517,-0.36371648,0.17220742,1.3507721,-0.7550675,-1.3303837,-0.7551951,-0.40393454,0.22967647,1.0746348,1.6296654,1.7524476,0.89440596,0.41894507,-0.099384815,0.9453393,-0.47716755,-0.8355641,0.6286889,-0.9594313,0.21003892,0.44842774,0.022495091
-1.0195861,0.7254724,1.5657048,-1.3412583,-0.5681578,-0.31631628,0.16521819,0.7319425,-1.22684,-0.15700229,-0.38023615,0.1953899,1.3891054,-0.7601281,-1.3257123,-0.71503514,-0.4102397,0.26960766,1.128457,1.6250669,1.7341999,0.8660187,0.45651883,-0.08044104,0.9619757,-0.4681362,-0.82861835,0.6483041,-0.95626664,0.17847148,0.5020444,0.03661419
-1.00805,0.7681801,1.5802666,-1.3668311,-0.5375905,-0.26892966,0.21964997,0.7237455,-1.2543063,-0.10795181,-0.41816157,0.20721748,1.4193519,-0.747966,-1.2915865,-0.6830738,-0.44825602,0.31712282,1.132748,1.6233908,1.724105,0.8304171,0.50359106,-0.05501463,0.9424852,-0.45749474,-0.8038602,0.6923498,-0.8961421,0.12630852,0.57523984,0.05550215
-1.009621,0.75501245,1.5271571,-1.3442183,-0.5877557,-0.30403468,0.1850569,0.7205704,-1.2506025,-0.11323128,-0.3891917,0.2167942,1.4042094,-0.7333671,-1.291269,-0.71009237,-0.43250257,0.2921326,1.1028768,1.6143903,1.7423787,0.86994964,0.4498176,-0.08052382,0.95452917,-0.4466927,-0.826721,0.6460382,-0.88090575,0.15075351,0.52166164,0.011130374
-1.0060929,0.751225,1.5125115,-1.3269017,-0.6093545,-0.3179159,0.16297552,0.72465837,-1.2240629,-0.13788101,-0.36445826,0.20718971,1.3820432,-0.72108954,-1.2983497,-0.7129627,-0.41697395,0.27223086,1.0782174,1.6204069,1.734509,0.88313025,0.4289218,-0.08600174,0.95757437,-0.44189942,-0.82358396,0.6239638,-0.8959466,0.1702927,0.48869374,0.0015238039
-1.0354229,0.6897466,1.48314,-1.3113062,-0.6489465,-0.39108008,0.104077965,0.7228485,-1.2346903,-0.20029092,-0.3449912,0.20498341,1.3705809,-0.75052667,-1.3414521,-0.77303416,-0.3834739,0.23945785,1.0753807,1.61623,1.7785901,0.9214247,0.37790278,-0.13650653,0.976062,-0.44337797,-0.874306,0.5675811,-0.9304696,0.22525488,0.39819732,-0.042787433
-1.0090379,0.7662201,1.5348665,-1.3404906,-0.57202566,-0.30789965,0.18011776,0.7304105,-1.2190479,-0.15070236,-0.368452,0.20720685,1.3899568,-0.7245173,-1.2956707,-0.7004116,-0.41803825,0.26334068,1.0854723,1.6345154,1.718523,0.8603867,0.44835895,-0.055961575,0.941351,-0.460007,-0.81222713,0.6328398,-0.9321955,0.17668585,0.5176954,0.03516953
-0.98780334,0.8431408,1.5834702,-1.3759501,-0.51702905,-0.21933213,0.25289032,0.73086417,-1.220093,-0.09676906,-0.4080708,0.20665595,1.4138082,-0.7002511,-1.251091,-0.6324123,-0.45456332,0.3033705,1.084444,1.6399887,1.683636,0.80305547,0.52033246,0.004271576,0.9052013,-0.4774775,-0.7555572,0.7089953,-0.9084786,0.11455419,0.62881684,0.1007065
-1.0127617,0.8126201,1.5887353,-1.3742597,-0.5183978,-0.24472368,0.24162611,0.7284726,-1.2564305,-0.110087164,-0.41869622,0.19272265,1.4142439,-0.7410691,-1.260759,-0.6572007,-0.4627576,0.3036563,1.1191574,1.6320255,1.7103323,0.8153501,0.5153945,-0.018920101,0.91178155,-0.48258692,-0.7790648,0.7124259,-0.9123838,0.12852761,0.6131338,0.09168157
-1.0070637,0.7896951,1.5802149,-1.3605262,-0.5207312,-0.26338917,0.22334835,0.730901,-1.243095,-0.1343331,-0.39909583,0.19811216,1.4059439,-0.7357884,-1.2803586,-0.67953384,-0.4528039,0.29274338,1.1165556,1.6430137,1.704622,0.8282924,0.5030505,-0.02545429,0.9243829,-0.4749447,-0.7924156,0.6867191,-0.92639077,0.14007173,0.58578384,0.07824205
-0.9817418,0.7666237,1.5040468,-1.3063269,-0.595175,-0.29837012,0.15147853,0.730873,-1.1805825,-0.17103896,-0.34142703,0.20099762,1.357805,-0.6764373,-1.3061907,-0.7133107,-0.40485832,0.25479275,1.0226262,1.629921,1.70302,0.8711003,0.42426422,-0.06370443,0.939421,-0.4367572,-0.80291086,0.6137242,-0.92056423,0.16271845,0.47846746,0.018663503
-1.0299236,0.6896673,1.4630014,-1.2934669,-0.6667608,-0.39215153,0.08724986,0.7235727,-1.2233157,-0.21741661,-0.33338553,0.20002973,1.3545958,-0.733994,-1.3452928,-0.78960854,-0.37433985,0.22889386,1.04255,1.6081954,1.7829144,0.93286073,0.35913402,-0.1476646,0.9703754,-0.44084173,-0.8774149,0.5532923,-0.9261176,0.22667909,0.3721912,-0.05424673
-1.0262094,0.711427,1.5170008,-1.3189076,-0.60490453,-0.34986576,0.14169402,0.7204041,-1.2400924,-0.17332023,-0.36160558,0.20491746,1.3764989,-0.747171,-1.3264794,-0.75033706,-0.4065982,0.26675406,1.0949612,1.6163012,1.7580717,0.8908243,0.42209807,-0.10923794,0.9637402,-0.44745207,-0.8569822,0.6063123,-0.9166706,0.18837327,0.45687696,-0.012755685
-1.0073088,0.71708506,1.5282346,-1.3180373,-0.6065774,-0.33490774,0.14344224,0.719506,-1.2110182,-0.1518952,-0.3530653,0.20862553,1.3751066,-0.732088,-1.3277668,-0.7261924,-0.4009897,0.2749604,1.0961617,1.615154,1.7392898,0.8872009,0.42920765,-0.10122508,0.97701174,-0.43770093,-0.84014153,0.60926145,-0.9157712,0.1745433,0.4661019,-0.0097409375
-1.0098858,0.7382086,1.5164144,-1.3300074,-0.63418067,-0.32269996,0.14573774,0.7300035,-1.2108032,-0.13607228,-0.3658377,0.21593931,1.3817129,-0.7223474,-1.316734,-0.72044706,-0.3949486,0.25880918,1.0750977,1.6188045,1.7504691,0.8947242,0.41203737,-0.099598154,0.9709882,-0.4498806,-0.8358585,0.6153164,-0.91089016,0.1823471,0.46328095,-0.0023025163
-0.9850054,0.78487986,1.5424634,-1.3457036,-0.57028425,-0.26852795,0.20688874,0.7358698,-1.2080034,-0.096377,-0.38792402,0.22398874,1.3922988,-0.7001732,-1.2789156,-0.67698944,-0.43411893,0.29607835,1.0822173,1.6329874,1.6973209,0.84095144,0.46886897,-0.043084264,0.9425347,-0.43619758,-0.79204756,0.66508955,-0.8805614,0.13517939,0.5525048,0.04283012
-0.9686866,0.7900124,1.5516881,-1.3422385,-0.542091,-0.25292093,0.22273886,0.7305455,-1.1976167,-0.08429447,-0.38345093,0.22832295,1.3893635,-0.6863981,-1.2740744,-0.6623367,-0.44606185,0.3129358,1.0872359,1.6369036,1.6700109,0.82326525,0.4891808,-0.024547048,0.939315,-0.42142755,-0.7788359,0.67440146,-0.87040454,0.11247375,0.57869524,0.050315794
-0.99922264,0.7634743,1.5300599,-1.3212733,-0.5748178,-0.2913374,0.18346283,0.7301329,-1.2178609,-0.13322575,-0.3708471,0.20728427,1.3700751,-0.7099179,-1.2935938,-0.70810336,-0.4300071,0.27989405,1.0733727,1.6260326,1.7126981,0.85759896,0.4519294,-0.061239418,0.938033,-0.44055432,-0.81285506,0.64714324,-0.8940133,0.15067092,0.5187011,0.026810784
-1.024431,0.746999,1.5338404,-1.3174256,-0.58711123,-0.3075794,0.1638705,0.7269199,-1.2391394,-0.18045631,-0.3749346,0.19046524,1.3705584,-0.73189783,-1.3169378,-0.7417098,-0.41605902,0.26332328,1.0672494,1.618421,1.7519249,0.8748963,0.44529432,-0.09010455,0.93532115,-0.46763724,-0.8377168,0.63887125,-0.92126226,0.16995658,0.48484156,0.019993555
-1.0149572,0.7716625,1.5324776,-1.3208722,-0.5709621,-0.29366848,0.18070138,0.72363687,-1.2304157,-0.19060731,-0.36775064,0.19284031,1.3723624,-0.7118129,-1.3048295,-0.7263412,-0.42337525,0.26524782,1.0479599,1.6319522,1.7338718,0.8599773,0.46044505,-0.06676437,0.92227894,-0.46955198,-0.8197196,0.6374782,-0.9180492,0.1630327,0.50589514,0.03188161
-1.0255754,0.7538632,1.5346267,-1.3312198,-0.5823077,-0.31115365,0.17648959,0.7219519,-1.250524,-0.17232713,-0.37790692,0.19869739,1.3823808,-0.73746824,-1.3061645,-0.73290575,-0.4287647,0.27536914,1.0810463,1.6291823,1.7506933,0.86989677,0.45368147,-0.08034915,0.935653,-0.46753836,-0.8346684,0.6389532,-0.90703577,0.16778855,0.50342953,0.019878082
-1.0236998,0.7365902,1.5183253,-1.3116635,-0.59611535,-0.32599482,0.15650952,0.7268646,-1.2341272,-0.16875899,-0.362929,0.1921275,1.3620044,-0.7381411,-1.3098975,-0.7388418,-0.4174325,0.2581299,1.0785717,1.617692,1.7446108,0.88388556,0.42758515,-0.091179535,0.9442363,-0.45591348,-0.83673936,0.62617975,-0.91594326,0.18186024,0.47648835,0.008128259
-1.0430305,0.6951784,1.4550867,-1.2672428,-0.65817964,-0.394857,0.09508625,0.7348829,-1.2258786,-0.24219412,-0.3238232,0.183664,1.3231336,-0.74174845,-1.3294516,-0.8067357,-0.38094828,0.20129044,1.0386565,1.6114659,1.7749414,0.93593055,0.35516736,-0.1392241,0.95272136,-0.45726943,-0.87455106,0.55256957,-0.9302874,0.24767905,0.37357387,-0.042183187
-1.0220448,0.7321527,1.4781648,-1.2759234,-0.636348,-0.35245225,0.11934166,0.7376296,-1.2082528,-0.22449145,-0.32993227,0.18289688,1.3274488,-0.71678257,-1.3163877,-0.7751637,-0.39315674,0.2205288,1.0252165,1.6206771,1.7481673,0.91082036,0.38582432,-0.10880193,0.938996,-0.45637703,-0.845123,0.5792054,-0.9217312,0.21617898,0.41642562,-0.014192142
-1.0135549,0.77795494,1.5472168,-1.3272741,-0.58914244,-0.29377255,0.17340106,0.74584687,-1.194088,-0.16217834,-0.36663043,0.18835515,1.3590983,-0.71998286,-1.2903078,-0.6948091,-0.40428883,0.25096422,1.0698197,1.6308105,1.7130448,0.85662043,0.44798356,-0.0580442,0.9292182,-0.47438335,-0.8025745,0.6441818,-0.94210744,0.18755375,0.50798506,0.05101825
-1.0514501,0.6984046,1.4964136,-1.3102674,-0.65608,-0.39132416,0.10250081,0.72987443,-1.2269026,-0.22130975,-0.3407088,0.19459996,1.357512,-0.76154834,-1.3358918,-0.7732987,-0.37145248,0.21807677,1.0803686,1.6190723,1.7850313,0.92251015,0.377155,-0.13418797,0.96936774,-0.47620934,-0.8760558,0.5639766,-0.9545161,0.25031376,0.39689606,-0.02564083
-1.0062693,0.7585012,1.5300019,-1.3296703,-0.6003146,-0.30842453,0.16108818,0.74374956,-1.198926,-0.15991482,-0.36709416,0.21168664,1.370108,-0.7133215,-1.3010427,-0.72055084,-0.4060363,0.26284868,1.0641012,1.6321517,1.7252345,0.86540294,0.43426582,-0.0683153,0.9448369,-0.4557218,-0.8199266,0.6213234,-0.92082125,0.1800602,0.4914912,0.030700263
-0.9967985,0.7825978,1.5263295,-1.3111633,-0.5898285,-0.28457007,0.16529182,0.749974,-1.1849267,-0.16936696,-0.35555983,0.20535529,1.3485757,-0.68646705,-1.2905983,-0.7216865,-0.40927026,0.24808486,1.0321584,1.6362859,1.7090576,0.85977906,0.4334089,-0.047387604,0.9206865,-0.46579647,-0.8102084,0.62584376,-0.92514175,0.1726598,0.5012551,0.048359055
-1.0049038,0.8291111,1.5251414,-1.3047571,-0.5894742,-0.25121295,0.18692061,0.7557326,-1.1956085,-0.17986602,-0.36815965,0.17116517,1.3355608,-0.682763,-1.2609549,-0.70495474,-0.42399287,0.23420498,1.0002034,1.6329873,1.7083857,0.85346085,0.44343096,-0.034303427,0.8850115,-0.4895069,-0.77912116,0.6574639,-0.91897124,0.1693549,0.521812,0.0767235
-0.29027677,1.2832453,0.77974313,0.07684451,0.21745348,0.4360189,-0.23554185,0.38998687,-0.14336455,-0.79923177,0.58109665,-0.7646526,-0.1784974,0.02015354,-0.65272224,-0.7175171,0.40004072,-0.21030888,-0.32188994,0.5745597,0.6621629,0.036693282,-0.36537015,-0.2227088,-0.2037673,-0.8054713,-0.16730395,0.08116322,-0.69060034,-0.40684545,0.71956426,0.40742826
-0.5386175,0.9080994,0.8517746,-0.07425615,-0.19754088,0.15811306,-0.26556492,0.42618188,-0.4382794,-0.7608914,0.5421547,-0.56602216,0.02213922,-0.148279,-1.0131991,-0.9498159,0.27179998,-0.32127175,-0.045094542,0.9679357,1.072385,0.5832695,-0.34022224,-0.33012322,0.21014667,-0.65844464,-0.4832412,0.031315677,-0.70662564,-0.10908275,0.33158594,0.009936679
-0.23598975,1.3090794,0.72057354,0.18941557,0.048216335,0.2828182,-0.45207608,0.398101,-0.0953523,-0.9492417,0.6181927,-0.87687397,-0.31896877,0.022002222,-0.61440206,-0.8097895,0.4867599,-0.36567453,-0.38279885,0.54033184,0.65856427,0.0640682,-0.5217122,-0.30192363,-0.14045383,-0.83569336,-0.06881963,0.08754686,-0.88288116,-0.27711782,0.58396477,0.44979706
-0.11312417,1.4877687,0.680841,0.29918444,0.081187464,0.29380447,-0.5491157,0.4266115,0.0613543,-1.0547041,0.6118402,-1.0680501,-0.4830079,0.09832197,-0.4587885,-0.7377212,0.59029937,-0.4143304,-0.510961,0.33617204,0.49255943,-0.16446671,-0.6443357,-0.36705542,-0.3115796,-0.8981542,0.11284489,0.10807388,-0.91870165,-0.28929436,0.6328731,0.6319552
-0.21519357,1.3439977,0.68488854,0.16494745,0.18888777,0.40468317,-0.34501135,0.39577237,-0.0017086491,-0.83054394,0.6191301,-0.8427466,-0.31650972,0.065658264,-0.55982643,-0.69596094,0.53312147,-0.26737764,-0.41077453,0.4517581,0.57558435,-0.09710688,-0.5327469,-0.3064619,-0.27960235,-0.78616554,-0.076601714,0.01868105,-0.62374216,-0.40746975,0.67888,0.45403904
-0.18841404,1.3379207,0.6292509,0.22313352,0.14731057,0.3560408,-0.41352373,0.37773746,0.02940388,-0.8419502,0.65708673,-0.84268343,-0.35161,0.068918034,-0.5418601,-0.72731614,0.58666515,-0.31364557,-0.42107737,0.42696327,0.5652906,-0.0787454,-0.60290015,-0.33376113,-0.25571212,-0.7671155,-0.07634964,-0.024124652,-0.66370773,-0.38925657,0.63193095,0.44003728
-0.66919374,0.7266364,1.0207552,-0.2589308,-0.31650436,0.033332914,-0.22645552,0.4472265,-0.67637885,-0.75566494,0.42526656,-0.43004462,0.28409767,-0.3729505,-1.1828469,-1.0583214,0.10815433,-0.26756167,0.2097651,1.1357008,1.3418784,0.8850246,-0.16872987,-0.30180743,0.4953884,-0.70442295,-0.6897255,0.08907568,-0.8968326,0.027446415,0.24611886,-0.08245235
-0.11358168,1.4847298,0.6757879,0.22788128,0.24895598,0.36432618,-0.4643959,0.39418525,0.06901467,-0.9315048,0.6091484,-0.92926574,-0.38031614,0.028673895,-0.42123258,-0.67895794,0.619097,-0.31105202,-0.4776613,0.30373424,0.47945744,-0.24504068,-0.6043137,-0.28884566,-0.2905373,-0.91735834,0.015492954,0.058105104,-0.8887537,-0.40759233,0.7500248,0.65581393
-0.06646604,1.5311186,0.59424025,0.3146616,0.21042024,0.339683,-0.5255922,0.4202933,0.15534683,-0.99572104,0.6448055,-1.0214776,-0.48643494,0.09531711,-0.3611582,-0.660767,0.6963791,-0.36887026,-0.5522758,0.23189221,0.4006502,-0.32607955,-0.7218139,-0.39561647,-0.39894488,-0.89105827,0.11650263,0.033243738,-0.87489617,-0.39380455,0.7148368,0.6859483
-0.6657191,0.7345724,0.931155,-0.19772604,-0.31891876,0.1032998,-0.19827667,0.43286908,-0.61743104,-0.81460047,0.4290316,-0.52287567,0.081988,-0.23236395,-1.1561378,-1.0392361,0.1625356,-0.3324049,0.04259347,1.1356745,1.2434615,0.77256346,-0.25891474,-0.3563204,0.3263246,-0.6434346,-0.5647939,0.07978054,-0.6871874,0.0053396514,0.2368105,-0.09117238
-0.09824272,1.45292,0.5805951,0.34717044,0.10430936,0.26967204,-0.56703615,0.4044279,0.10493499,-0.9706899,0.6871287,-0.9852885,-0.46400148,0.09084452,-0.43274125,-0.7332727,0.66789377,-0.4254969,-0.48505226,0.3044476,0.47160697,-0.13721007,-0.7337187,-0.40638134,-0.30980775,-0.8230985,0.03539229,-0.0016897544,-0.9182244,-0.33186013,0.6082412,0.5681009
-0.05308123,1.5194633,0.57699245,0.36794555,0.12124454,0.26516104,-0.60603523,0.41908485,0.14630535,-1.0170087,0.67288667,-1.0436091,-0.5120377,0.095932625,-0.37308747,-0.7046085,0.7044606,-0.44243035,-0.51999635,0.2299872,0.4132877,-0.21970683,-0.7742567,-0.4251646,-0.3476664,-0.85612833,0.091875374,0.024993546,-0.9795281,-0.32350832,0.63082486,0.6481023
-0.6168052,0.8491253,0.9496386,-0.1787886,-0.2622308,0.07531415,-0.26178333,0.47516218,-0.55775714,-0.7287974,0.48255938,-0.48928642,0.18549198,-0.27656484,-1.1001352,-0.98751295,0.21095714,-0.29681262,0.10397344,1.0521526,1.2153409,0.7157025,-0.2705643,-0.31556928,0.3578804,-0.69635993,-0.613719,0.07132252,-0.83643705,-0.020734038,0.28117874,-0.023315378
-0.31175002,1.1471548,0.67996794,0.1540063,-0.1271559,0.12356573,-0.5347502,0.3810812,-0.13764012,-0.83092725,0.6529955,-0.72719514,-0.24506925,-0.06957752,-0.7198384,-0.88923746,0.53215384,-0.4169353,-0.23457241,0.6217258,0.8134233,0.24710181,-0.61252666,-0.35216862,0.08262065,-0.738821,-0.251746,-0.034214217,-0.80921286,-0.17848013,0.3888029,0.2564287
-0.16955623,1.3232424,0.6005749,0.2737964,-0.11474568,0.120099835,-0.66583836,0.4140643,0.022286892,-0.9626325,0.6628376,-0.90863657,-0.44033927,0.0074517215,-0.5520109,-0.8366865,0.663787,-0.49359784,-0.38357088,0.42069814,0.62140673,0.013928525,-0.77349675,-0.4341139,-0.085362144,-0.79635227,-0.04754271,-0.012851179,-0.89489466,-0.17494287,0.41985542,0.4401957
-0.59571224,0.87125933,0.95834625,-0.15920572,-0.33281216,-0.019699708,-0.37075138,0.4986361,-0.55285263,-0.8327323,0.47829485,-0.54714656,0.14163361,-0.29915014,-1.0741113,-1.0468272,0.2146756,-0.36272112,0.09219644,1.036821,1.2334056,0.73458517,-0.31613216,-0.31646663,0.39917997,-0.751548,-0.5458684,0.11344328,-0.99857265,0.044370245,0.2387648,0.05741333
-0.18178612,1.2695267,0.51597995,0.3310675,0.0071597397,0.28937125,-0.48728174,0.36689293,0.08989428,-0.8467898,0.7282748,-0.8793291,-0.45115012,0.15850948,-0.5792937,-0.77250063,0.62537676,-0.39080644,-0.46098965,0.4454048,0.5558756,-0.0071601123,-0.7171852,-0.43875313,-0.27070904,-0.6434501,-0.03798521,-0.09259346,-0.56197405,-0.3594038,0.50482124,0.31043792
-0.13770247,1.3389802,0.48625666,0.3799742,0.0063548014,0.256549,-0.5609001,0.37010393,0.13663748,-0.8921062,0.7381932,-0.9383483,-0.5140665,0.15686513,-0.50269115,-0.75980943,0.6946702,-0.4447145,-0.49500835,0.36108682,0.49898612,-0.074580096,-0.7955244,-0.4682169,-0.30651778,-0.68107027,0.00796124,-0.09889574,-0.64396703,-0.3328424,0.4962316,0.38285482
-0.6439002,0.8440977,1.0142289,-0.23573144,-0.25849947,0.07643503,-0.24040008,0.49694702,-0.63620985,-0.8561727,0.42852843,-0.55749494,0.1497896,-0.3258305,-1.1049695,-1.0056431,0.14988506,-0.31873173,0.07818762,1.0994431,1.2429024,0.7152886,-0.22368051,-0.29729712,0.3461673,-0.766799,-0.55510855,0.16157082,-0.93493474,0.056551013,0.2853713,0.053161334
0.2744303,1.8397946,0.30440775,0.6632856,0.24781922,0.39594638,-0.7740984,0.30187875,0.67323846,-1.0171906,0.66313744,-1.2777516,-0.9286989,0.3285959,0.122802645,-0.4489654,1.0895283,-0.5148447,-0.80816203,-0.38279536,-0.035873458,-0.82043904,-1.127297,-0.59486467,-0.7160133,-0.8263426,0.4570486,-0.13035317,-0.61874443,-0.5425896,0.7276908,0.9524752
0.30058756,1.8495588,0.264477,0.7065549,0.23468052,0.38247302,-0.79897153,0.30245972,0.7174585,-1.0403751,0.6731023,-1.3023452,-0.9671826,0.34468806,0.15945205,-0.43963706,1.1283159,-0.53500646,-0.8253308,-0.42976096,-0.068020865,-0.8466816,-1.1765156,-0.63824594,-0.75603974,-0.8002212,0.4961986,-0.16016237,-0.59835845,-0.53203267,0.70434046,0.96360207
-0.6744877,0.7657441,0.95554984,-0.23068734,-0.2749801,0.09675786,-0.17101601,0.4659101,-0.6167175,-0.6811533,0.44249535,-0.42082295,0.24296422,-0.29735053,-1.1670777,-0.9707461,0.18540746,-0.25434557,0.15650344,1.1079401,1.2551602,0.7539956,-0.22858952,-0.3392144,0.38033068,-0.640222,-0.68371665,0.043829106,-0.7097482,-0.012027796,0.267035,-0.11767168
-0.45738226,0.91432154,0.75911903,-0.01783985,0.023311801,0.38538823,-0.13487187,0.2696376,-0.31260228,-0.63337845,0.5566898,-0.51256067,-0.054818958,-0.085384816,-0.90761507,-0.7993166,0.31425127,-0.17901458,-0.10693536,0.7697309,0.88766116,0.37667638,-0.31713256,-0.26059052,0.07978235,-0.56196886,-0.4582178,-0.074751005,-0.3694641,-0.2982713,0.5197257,0.0035943985
-0.46651483,0.89137053,0.7473147,-0.015645543,0.013067223,0.41036654,-0.09961037,0.30526474,-0.31749636,-0.6729375,0.5500104,-0.5733619,-0.09409398,-0.023794873,-0.9394684,-0.78793746,0.28172287,-0.1650479,-0.15156448,0.81647146,0.8625123,0.37401584,-0.32021722,-0.32345366,0.0026053302,-0.51424253,-0.4017403,-0.051578246,-0.30186144,-0.31154892,0.5174876,-0.035853203
-0.6645115,0.70681745,0.9781774,-0.22772914,-0.33447805,0.07576549,-0.20234004,0.4096313,-0.64678806,-0.71289605,0.44338113,-0.4356853,0.23871177,-0.30897972,-1.1925224,-1.0558147,0.09758678,-0.26484424,0.18291983,1.1138514,1.3192953,0.90707064,-0.18021546,-0.3252567,0.45952517,-0.6389763,-0.6922976,0.0529562,-0.75656927,-0.026036933,0.24504513,-0.14597243
0.12254034,1.6715953,0.41833538,0.5617299,0.15311104,0.30543715,-0.7328129,0.33262384,0.41037223,-1.0546889,0.7034626,-1.1863276,-0.76700133,0.2130353,-0.13490337,-0.6135321,0.89823216,-0.49705043,-0.6838908,-0.076361336,0.19577059,-0.51439387,-0.9672718,-0.4908011,-0.5215426,-0.8346733,0.29476315,-0.09087022,-0.7815025,-0.40009925,0.6454814,0.7736296
0.027499167,1.6294887,0.4795847,0.44717517,0.16605836,0.3228857,-0.62828517,0.40474916,0.29837146,-1.0850949,0.6841449,-1.1647371,-0.69362533,0.18625514,-0.22673467,-0.6133205,0.82397246,-0.46528262,-0.6735824,0.06435,0.26592708,-0.47772822,-0.887886,-0.50870484,-0.542621,-0.8650121,0.27201295,-0.021735452,-0.79009944,-0.3616545,0.6568665,0.7412945
-0.5836223,0.9053896,0.8567291,-0.12154694,-0.108861476,0.21789841,-0.17931035,0.4120623,-0.43236166,-0.8445184,0.4933921,-0.6227623,-0.06786945,-0.15385178,-0.97422564,-0.86263376,0.30935043,-0.29522595,-0.11652294,0.9566752,1.0206649,0.41290236,-0.37490726,-0.36569804,0.082692206,-0.6530271,-0.4141991,0.025431164,-0.53456765,-0.10019579,0.37702852,0.057715457
-0.6167957,0.8292015,0.89601356,-0.17448135,-0.0877925,0.26347566,-0.090457186,0.36501086,-0.51197875,-0.7155119,0.46981215,-0.48416102,0.08707015,-0.21148029,-1.0317763,-0.864055,0.22365832,-0.21321067,0.022349663,0.98091924,1.0950515,0.53423375,-0.24615352,-0.29387426,0.20040977,-0.62199587,-0.5531233,0.006503187,-0.5143356,-0.13656303,0.41502982,-0.026111629
-0.4641829,1.0922878,0.8470521,-0.038612008,-0.043591917,0.24667656,-0.27921322,0.44388434,-0.32738522,-0.84326136,0.5486812,-0.7085302,-0.100236475,-0.113047436,-0.85247064,-0.84015065,0.34277454,-0.30809632,-0.18100947,0.81491673,0.9193041,0.29884452,-0.3968174,-0.30674103,0.015267658,-0.7703482,-0.3152879,0.078705825,-0.7302001,-0.17138846,0.47127083,0.23223111
-1.1177148,0.22095188,1.1798421,-0.7998873,-0.9544393,-0.84071326,-0.4071836,0.67421734,-0.9967806,-0.94135356,0.099684276,-0.088363215,0.8203587,-1.0173389,-1.3614471,-1.0685046,0.25243804,-0.3201991,0.9551223,1.1925772,1.8758222,1.1488317,-0.2058286,-0.65459,1.1006426,-0.72813743,-1.1085974,-0.16477342,-1.2867306,0.95169246,-0.40352294,-0.28135362
-0.9823513,0.4249147,1.1557316,-0.71916705,-0.88733506,-0.74066806,-0.47606206,0.6762091,-0.7920718,-0.949434,0.14716692,-0.18821351,0.7146553,-0.8730211,-1.2055731,-0.9495593,0.35455108,-0.39576334,0.8273569,1.0236684,1.7121929,0.97246784,-0.28353179,-0.5994691,0.96794146,-0.7554579,-0.93779236,-0.18772513,-1.3313278,0.9153548,-0.35467228,-0.1034614
-1.032103,0.343134,1.1345304,-0.7193437,-0.92448545,-0.8014059,-0.48298752,0.66363347,-0.8616177,-0.94445395,0.14337578,-0.15374047,0.74058074,-0.9296155,-1.263619,-1.0237006,0.32506716,-0.37746632,0.874341,1.0582883,1.7768995,1.0476875,-0.29382768,-0.6315538,1.0075895,-0.7273901,-0.99243665,-0.20490679,-1.3102729,0.923082,-0.37809747,-0.18022937
-1.1745014,0.18863839,1.1573255,-0.7950162,-0.96583974,-0.92669094,-0.48005316,0.63888484,-1.0551043,-0.9207319,0.084258154,-0.12466721,0.8096211,-1.07511,-1.3606108,-1.1422101,0.21874806,-0.3178111,1.0119087,1.1303823,1.9361007,1.1780291,-0.2851902,-0.6736026,1.060114,-0.70199984,-1.1420884,-0.17758295,-1.2591661,0.95306325,-0.4351856,-0.29192534
-1.170701,0.24086696,1.1765716,-0.7745436,-0.99100614,-0.91000307,-0.48998666,0.6528528,-1.0209466,-0.93836546,0.08727414,-0.17897417,0.77559257,-1.0622928,-1.3345752,-1.1048553,0.24025896,-0.34743038,0.9786487,1.0886047,1.9285356,1.1659002,-0.30482367,-0.6890162,1.0300994,-0.7073977,-1.1338555,-0.17579484,-1.260874,0.98237246,-0.46301943,-0.26625642
-1.1536018,0.21175805,1.1263353,-0.75840336,-1.033978,-0.9529978,-0.5513892,0.64705324,-0.9925887,-0.92545223,0.12763526,-0.16759062,0.7578877,-1.055767,-1.3309481,-1.1023167,0.28293282,-0.36952725,0.981502,1.065016,1.9234577,1.165575,-0.3819058,-0.72253776,1.0669128,-0.69811445,-1.1425992,-0.22508448,-1.2802591,1.0205814,-0.507594,-0.29000065
-1.1002101,0.29246688,1.192408,-0.7978607,-0.9078666,-0.8466171,-0.47964138,0.6446985,-0.9650596,-0.88467366,0.10498437,-0.14252423,0.7985968,-0.9980735,-1.3020078,-1.0356185,0.24317718,-0.3173228,0.9738515,1.0998008,1.8400418,1.0907116,-0.2578388,-0.59870416,1.0362028,-0.7137364,-1.0695238,-0.14403677,-1.3026357,0.9170421,-0.37499082,-0.20180534
-1.108226,0.27102405,1.19589,-0.79603857,-0.8904898,-0.8374456,-0.44604528,0.65697676,-0.98222345,-0.9140047,0.09767994,-0.14090857,0.79133576,-1.0230783,-1.3071253,-1.0540923,0.24113274,-0.3235868,0.97091776,1.108937,1.8443509,1.1019622,-0.23563369,-0.60932463,1.0313675,-0.7345576,-1.071303,-0.1478976,-1.299779,0.92418456,-0.37559834,-0.20718749
-1.1096203,0.27515602,1.1431106,-0.74768156,-0.9706508,-0.8800036,-0.51141965,0.6493434,-0.9558293,-0.9277272,0.12745288,-0.16525334,0.7576345,-1.0037423,-1.3125243,-1.0845207,0.27196437,-0.35322887,0.9429826,1.0796324,1.8674906,1.1277221,-0.31994966,-0.6685222,1.0337707,-0.7074473,-1.0699761,-0.18656129,-1.2851983,0.943615,-0.43030325,-0.24483018
-1.1537507,0.18732426,1.1018167,-0.7527598,-1.0097243,-0.94591236,-0.51168853,0.6306208,-1.011988,-0.89947665,0.11913413,-0.098321974,0.79618996,-1.0290263,-1.3674742,-1.1499246,0.24863118,-0.31951907,0.98995537,1.1113222,1.9221013,1.1789244,-0.32398036,-0.7059972,1.0729371,-0.6546024,-1.1350012,-0.21860221,-1.2331277,0.9432284,-0.4550337,-0.34480256
-1.138042,0.2773276,1.1365137,-0.761736,-0.9896133,-0.9150748,-0.52462417,0.6230625,-0.9894729,-0.9460076,0.117460586,-0.17300503,0.77681386,-1.0087407,-1.3101187,-1.0894023,0.25254455,-0.35675338,0.95992297,1.0831181,1.8926321,1.1358836,-0.33490634,-0.66915137,1.0122249,-0.6918904,-1.1054096,-0.21048221,-1.2627925,0.9752811,-0.4466192,-0.25762427
-1.0416052,0.40459087,1.1441823,-0.69356287,-0.9353677,-0.84619766,-0.5516032,0.6086661,-0.86574155,-0.989427,0.16336516,-0.27594703,0.6834136,-0.9522323,-1.1908716,-0.9812721,0.31598735,-0.39449468,0.8929526,0.98605216,1.7671787,1.0273184,-0.36941576,-0.6368419,0.9420267,-0.721316,-0.98663443,-0.22717682,-1.3021224,0.9689151,-0.3998289,-0.12784806
-1.1046938,0.30228963,1.1456097,-0.74919575,-0.9684113,-0.89279044,-0.5309968,0.6248443,-0.94258136,-0.92784464,0.13216907,-0.18198991,0.76373076,-0.99192566,-1.2877853,-1.0546674,0.27411896,-0.34907845,0.9551367,1.0604671,1.8515362,1.1028712,-0.33112603,-0.6563024,1.0169961,-0.6935669,-1.0620863,-0.19977592,-1.2821864,0.95292664,-0.4234733,-0.22786435
-1.1458852,0.20815182,1.0978252,-0.7567626,-1.027418,-0.96296513,-0.54550976,0.6289588,-0.9804712,-0.9091378,0.12967077,-0.117938444,0.7927048,-1.0238847,-1.3408906,-1.1151178,0.2791757,-0.3474768,0.9917061,1.0857687,1.9056262,1.1540823,-0.36586413,-0.7088751,1.06663,-0.66130364,-1.1204587,-0.24215841,-1.2580045,0.9844966,-0.4785227,-0.31780127
-1.1284992,0.24904978,1.1993358,-0.8358915,-0.8865986,-0.87022126,-0.42760524,0.6347218,-1.00484,-0.88165057,0.07345995,-0.073543385,0.8690094,-1.0185212,-1.3363496,-1.0574852,0.21320602,-0.25882983,1.023265,1.1667778,1.8571022,1.0967947,-0.19157456,-0.58828336,1.0487787,-0.688417,-1.0926973,-0.1507404,-1.2684276,0.8941584,-0.34140345,-0.24488792
-1.1239656,0.24753822,1.2252686,-0.8703422,-0.85668564,-0.85019076,-0.41404927,0.64341116,-1.0277596,-0.8537516,0.05884074,-0.057709012,0.8944664,-1.023753,-1.3524737,-1.0575019,0.18311107,-0.24211934,1.0402688,1.198597,1.8617216,1.0976635,-0.16496192,-0.55401236,1.0662878,-0.7072003,-1.0940343,-0.10112031,-1.295833,0.8672342,-0.31093743,-0.22178175
-1.1340036,0.23590681,1.1309166,-0.7735472,-0.9853853,-0.9211161,-0.5192265,0.6270866,-1.0002388,-0.9059099,0.12039808,-0.122329585,0.79959714,-1.014132,-1.3385278,-1.0997214,0.24674535,-0.3331022,0.98210555,1.1144558,1.894115,1.1465436,-0.3238062,-0.65925646,1.0563906,-0.67768025,-1.1233078,-0.20541577,-1.2668743,0.95706433,-0.4332759,-0.28454202
-1.1507236,0.18319097,1.1339878,-0.8071249,-0.94894993,-0.9216424,-0.45264173,0.6220317,-1.0429275,-0.85789055,0.09028168,-0.028356142,0.8755661,-1.0133854,-1.3896922,-1.1254534,0.20849034,-0.27243808,1.0265789,1.1726543,1.9054995,1.158771,-0.23927766,-0.6401922,1.0876517,-0.64568067,-1.1513339,-0.18867046,-1.2310799,0.9031685,-0.39084318,-0.34433973
-1.1270878,0.19902116,1.1403443,-0.8140955,-0.93799853,-0.9167217,-0.4735371,0.6365514,-0.9956586,-0.8684876,0.09853567,-0.04518725,0.8593709,-1.0240284,-1.3599806,-1.0950389,0.24655691,-0.29226625,1.0254619,1.1496754,1.8751497,1.1230427,-0.26563665,-0.63495696,1.0927508,-0.6797177,-1.1011256,-0.18454684,-1.2872573,0.92122,-0.39085698,-0.28615567
-1.1513683,0.2118198,1.1827763,-0.85909164,-0.9211254,-0.89894295,-0.44229904,0.6461015,-1.0303152,-0.85101646,0.06315206,-0.043105613,0.8943363,-1.0240936,-1.381297,-1.0953435,0.19982663,-0.25781018,1.04016,1.190007,1.9010537,1.1312009,-0.2097524,-0.6131651,1.0813553,-0.6820093,-1.1150302,-0.12716837,-1.2717459,0.8884022,-0.37163725,-0.2828983
-1.1178592,0.22619021,1.2015661,-0.85075164,-0.8712088,-0.86181694,-0.4180858,0.6403106,-1.0283016,-0.84304684,0.07588435,-0.04265236,0.88784903,-1.0196705,-1.3704406,-1.0726274,0.18225601,-0.24068445,1.0387846,1.2014033,1.8665023,1.1155514,-0.17619275,-0.5719206,1.0871377,-0.69388086,-1.1020187,-0.10741383,-1.2886767,0.8619139,-0.32159787,-0.256749
-1.1460474,0.19314072,1.1661505,-0.81996536,-0.9240227,-0.9031372,-0.44163406,0.64362967,-1.0318387,-0.8791099,0.08052495,-0.053781155,0.86459786,-1.0389553,-1.3730338,-1.1088979,0.21662176,-0.27718106,1.0256121,1.1713188,1.8935777,1.1440043,-0.22448058,-0.62922704,1.0806985,-0.6829536,-1.130044,-0.16679482,-1.2656258,0.91393656,-0.38444942,-0.29885867
-1.2138728,0.10468411,1.0952348,-0.78279465,-1.092084,-1.0068705,-0.52291065,0.6621877,-1.0583647,-0.8796503,0.097454324,-0.073822916,0.8217687,-1.0821184,-1.4169856,-1.1758932,0.26282325,-0.35225073,1.0247198,1.1113226,2.0012884,1.2398558,-0.35930476,-0.7712807,1.1309544,-0.65618294,-1.2274537,-0.24324015,-1.2231526,1.0314283,-0.5600477,-0.4159944
-1.1485502,0.19366634,1.0973068,-0.7903646,-1.011279,-0.95147336,-0.51498115,0.6361129,-0.9953756,-0.8412796,0.1138622,-0.045247674,0.8457046,-0.98514265,-1.3850793,-1.1197908,0.2510916,-0.3005193,1.0023291,1.1304564,1.9167837,1.1537509,-0.31415454,-0.6882294,1.0877826,-0.62910074,-1.1599346,-0.20983857,-1.2354968,0.9417659,-0.45405936,-0.3626609
-1.1591916,0.18378916,1.0827973,-0.7810792,-1.0448595,-0.9941776,-0.5700562,0.6301199,-0.99010473,-0.88622344,0.12553881,-0.09919668,0.8091406,-1.0292588,-1.3489562,-1.1139055,0.29126695,-0.35254583,1.008454,1.0837824,1.9292377,1.1509984,-0.39570996,-0.7202378,1.0881826,-0.6596118,-1.158892,-0.25585487,-1.2685518,1.0181316,-0.50684416,-0.32685345
-1.0864836,0.30488488,1.1431459,-0.78164846,-0.9181415,-0.86800945,-0.5007993,0.6399469,-0.9288799,-0.90201044,0.12091638,-0.12781951,0.7951564,-0.9600912,-1.290788,-1.038391,0.2765656,-0.33294016,0.9486894,1.091767,1.8212534,1.0635355,-0.29114425,-0.61467904,1.0161166,-0.69624424,-1.0524887,-0.18214385,-1.3020029,0.9307775,-0.3887658,-0.21336544
-1.1497315,0.18029849,1.099242,-0.79277813,-1.0034969,-0.9599457,-0.51915777,0.6371919,-0.99763256,-0.8858194,0.116465166,-0.067930594,0.8285774,-1.0235299,-1.3607343,-1.1156454,0.27114818,-0.32868195,1.0103023,1.1213998,1.9067959,1.1480544,-0.33224362,-0.6912423,1.0908238,-0.6643411,-1.1370353,-0.22879365,-1.2678653,0.9778696,-0.46425417,-0.3289887
-1.1585592,0.20282575,1.1157485,-0.77803,-1.0084198,-0.96461713,-0.5415286,0.62645704,-1.0009489,-0.90622663,0.11481901,-0.12694332,0.7965755,-1.0417602,-1.3350781,-1.1074554,0.2684479,-0.3370209,1.0051758,1.0862607,1.9126353,1.1492263,-0.35402504,-0.69342524,1.0612721,-0.6692263,-1.1336493,-0.2288318,-1.2646394,0.9880846,-0.47491437,-0.3011522
-1.1425302,0.227584,1.106954,-0.7419112,-1.0569971,-0.9449364,-0.5494412,0.65492314,-0.9548132,-0.9308604,0.12586986,-0.15876691,0.7588008,-1.0252424,-1.3205471,-1.0935879,0.3138493,-0.39047906,0.9573963,1.0424553,1.9125932,1.1532261,-0.38629878,-0.7354045,1.0568241,-0.6871503,-1.1217104,-0.2640175,-1.2559725,1.0260502,-0.52098227,-0.29535538
-1.2022741,0.13303459,1.0921574,-0.76822287,-1.0853183,-1.0028851,-0.5342473,0.6531072,-1.0373064,-0.9255855,0.10182816,-0.10753135,0.7989371,-1.0879116,-1.3795841,-1.1666517,0.28061575,-0.37288016,1.0084918,1.0865234,1.9839092,1.2190162,-0.3818474,-0.7702951,1.0942128,-0.67578274,-1.1956248,-0.27225286,-1.2306368,1.0472312,-0.5534531,-0.3718327
-1.4170872,-0.46990335,0.7104112,-0.9259527,-1.1670318,-1.3623102,-0.43229333,0.608528,-1.3394306,-0.71653116,-0.10006994,0.40151384,1.052136,-1.2261399,-1.6319995,-1.5336661,0.2801037,-0.30854374,1.2864721,1.263952,2.1212025,1.3409233,-0.5787756,-1.0442252,1.2224284,-0.47820204,-1.4761746,-0.43435636,-0.99413836,1.030013,-0.7174789,-0.8168842
-1.4140882,-0.436193,0.73084855,-0.93556273,-1.1587079,-1.3571122,-0.4359938,0.6235582,-1.3287753,-0.73391426,-0.09331918,0.3958507,1.0619982,-1.221261,-1.6301272,-1.5261179,0.27924967,-0.32467073,1.2775115,1.2776606,2.1146886,1.3271065,-0.57056975,-1.0195732,1.2088943,-0.49851757,-1.458149,-0.42220664,-1.0314194,1.0404408,-0.7068688,-0.7853552
-1.4149678,-0.4323786,0.7414419,-0.9407952,-1.146403,-1.3491393,-0.42537796,0.62086135,-1.3415022,-0.7339116,-0.10306284,0.39619997,1.0706185,-1.2221055,-1.630561,-1.5270584,0.27103472,-0.31605974,1.2817007,1.2833606,2.1189911,1.3298897,-0.55447376,-1.013685,1.20654,-0.50454164,-1.4668556,-0.4178937,-1.0245829,1.0287279,-0.69822574,-0.7846936
-1.4176224,-0.47847074,0.71027505,-0.9259811,-1.1656181,-1.3575121,-0.4281373,0.6016929,-1.3499649,-0.70458055,-0.10793169,0.4013643,1.053148,-1.2213168,-1.638307,-1.5397226,0.27246842,-0.29765344,1.2903701,1.2608306,2.1289356,1.3532723,-0.57290256,-1.0516884,1.2277428,-0.47218996,-1.4879203,-0.42905262,-0.976562,1.0125769,-0.71684855,-0.8297007
-1.4246582,-0.48264545,0.7263604,-0.9439081,-1.1581235,-1.3465921,-0.40337366,0.60290354,-1.3671958,-0.7151791,-0.13195635,0.4063255,1.0770671,-1.2390269,-1.6422484,-1.5341015,0.26471123,-0.29299366,1.3062166,1.2798991,2.137921,1.3586651,-0.54463756,-1.0480118,1.2270502,-0.48592877,-1.488373,-0.41900653,-0.97445947,1.0130098,-0.71128744,-0.82739604
-1.4214371,-0.47634363,0.7253471,-0.9401045,-1.1655375,-1.3611006,-0.42884895,0.6055923,-1.3579738,-0.7129064,-0.115565,0.4026492,1.0702686,-1.233236,-1.6449455,-1.5318568,0.26892114,-0.29877597,1.303108,1.274738,2.1404347,1.352168,-0.56229615,-1.0435728,1.2313473,-0.48646992,-1.4909927,-0.4176374,-0.9925062,1.0272144,-0.7205858,-0.8215573
-1.4185939,-0.4792093,0.70386225,-0.92703384,-1.1817096,-1.3773671,-0.45676565,0.608027,-1.3412013,-0.6973089,-0.09926593,0.4056339,1.0525912,-1.2178668,-1.6425167,-1.5389593,0.282799,-0.3115514,1.2908616,1.2521645,2.1345327,1.3477516,-0.6007624,-1.052491,1.2354404,-0.4692188,-1.492676,-0.42835397,-0.99588335,1.0349866,-0.7385761,-0.82637316
-1.4254547,-0.4820131,0.7158021,-0.9440369,-1.1669177,-1.3604615,-0.42165422,0.6202506,-1.3518995,-0.7262799,-0.12244277,0.41078606,1.0629525,-1.2333485,-1.6442664,-1.5454342,0.28252375,-0.318931,1.2876459,1.2802844,2.1380477,1.345372,-0.56791013,-1.0506322,1.2249105,-0.49555165,-1.4850597,-0.42180216,-0.99276936,1.0388405,-0.7293589,-0.8157449
-1.4226357,-0.4604088,0.74345493,-0.954832,-1.1467834,-1.3485117,-0.41392344,0.6191071,-1.3586326,-0.74060714,-0.122392595,0.39976838,1.0710254,-1.2370442,-1.6411897,-1.5360104,0.26700276,-0.30703178,1.2923555,1.2984223,2.138514,1.3389647,-0.5392819,-1.0238954,1.2222012,-0.5126444,-1.476131,-0.4058784,-1.00906,1.0283129,-0.7050068,-0.7929836
-1.4203773,-0.46516043,0.7274192,-0.94210136,-1.1626445,-1.3594533,-0.43131727,0.61795545,-1.344552,-0.7208978,-0.11216098,0.40447375,1.0633653,-1.2315142,-1.6370306,-1.5361949,0.27476078,-0.31213403,1.2923173,1.2751557,2.1301417,1.3400995,-0.56870997,-1.031382,1.225906,-0.49298787,-1.4740117,-0.4159708,-1.0097915,1.0295029,-0.7169938,-0.7997791
-1.4189512,-0.48313695,0.71403956,-0.9312846,-1.1684899,-1.3624482,-0.43526742,0.61615217,-1.3455918,-0.70769006,-0.11491534,0.40943804,1.0535042,-1.2274356,-1.6412959,-1.5468078,0.28160703,-0.3115736,1.2894952,1.2620786,2.1333747,1.3472164,-0.5829473,-1.0478779,1.2307664,-0.48308074,-1.4878721,-0.4201857,-0.99228734,1.0263239,-0.7288202,-0.81442535
-1.4078692,-0.47164333,0.7230019,-0.9365969,-1.146643,-1.3457487,-0.4103951,0.6047412,-1.3555772,-0.7041738,-0.124851644,0.41754767,1.0736709,-1.2217821,-1.6406488,-1.5287948,0.26943877,-0.2889678,1.2955073,1.273425,2.1258457,1.3409013,-0.5416041,-1.0349706,1.2243943,-0.47631556,-1.4902213,-0.4232073,-0.96931064,1.0073141,-0.7061072,-0.8257265
-1.4051154,-0.45539248,0.7091327,-0.9242781,-1.1549174,-1.3512373,-0.41909266,0.6075606,-1.3349339,-0.7091078,-0.103820756,0.4158003,1.0701045,-1.2142946,-1.6316094,-1.5191236,0.27582777,-0.31428653,1.2860943,1.2649235,2.1038191,1.3317083,-0.5609195,-1.0304747,1.2081021,-0.46876222,-1.4671656,-0.43580696,-0.9898051,1.0228032,-0.7079322,-0.8213368
-1.4160281,-0.46458733,0.7002531,-0.9252719,-1.1725327,-1.3689746,-0.4410131,0.6135466,-1.3298777,-0.7174376,-0.09283808,0.40486243,1.0555341,-1.2214239,-1.6333623,-1.5292289,0.28548166,-0.3283177,1.2842754,1.2607535,2.1121418,1.3352448,-0.59345496,-1.0445995,1.2116227,-0.47601867,-1.4675461,-0.43640637,-1.0090804,1.0444152,-0.7270497,-0.8161677
-1.4056803,-0.4940784,0.6870751,-0.9142381,-1.1606756,-1.3621639,-0.42018336,0.58925456,-1.3403622,-0.68593705,-0.107140526,0.42130426,1.0602571,-1.2244962,-1.6291603,-1.5187262,0.283076,-0.2864882,1.3037997,1.243258,2.1086614,1.3397268,-0.5750326,-1.0574894,1.2275381,-0.44692105,-1.4880829,-0.45559922,-0.95406693,1.0178329,-0.71869946,-0.85204697
-1.4051343,-0.4698332,0.70709884,-0.9103431,-1.1537564,-1.3536159,-0.4111087,0.6043301,-1.3210144,-0.70814496,-0.09820272,0.41244027,1.0520837,-1.2286248,-1.6205949,-1.5187287,0.28531086,-0.29556745,1.2886428,1.2552428,2.0977995,1.3264605,-0.5637776,-1.0363908,1.2227594,-0.4658484,-1.457844,-0.44617838,-0.9855402,1.0200453,-0.69646746,-0.8147991
-1.4227262,-0.4575017,0.7307585,-0.9389122,-1.162641,-1.3608557,-0.42917475,0.61910284,-1.3402705,-0.73311645,-0.10419989,0.39644122,1.0637159,-1.2336082,-1.6362954,-1.5328274,0.27899536,-0.31457415,1.2889696,1.2798641,2.1287465,1.3382488,-0.5674044,-1.0345949,1.2206877,-0.5013128,-1.4713457,-0.42065415,-1.0211724,1.041016,-0.71248895,-0.79587215
-1.4303056,-0.44054782,0.7720414,-0.98017275,-1.1494238,-1.3542528,-0.42669696,0.62916803,-1.3700044,-0.7441599,-0.13209766,0.39555368,1.0975826,-1.2442284,-1.6477823,-1.5299491,0.26037374,-0.30700323,1.3055099,1.3101124,2.1580293,1.3392831,-0.5361395,-1.0091708,1.2234854,-0.5331289,-1.4878124,-0.38760015,-1.0376385,1.0411258,-0.71112543,-0.77252376
-1.424006,-0.45398557,0.7468097,-0.95797175,-1.1523051,-1.3525641,-0.42179328,0.6214451,-1.3575348,-0.7338679,-0.123190895,0.40159723,1.0782725,-1.2345152,-1.6418586,-1.5349253,0.26899996,-0.30632368,1.2949545,1.2940565,2.1394634,1.3395561,-0.548622,-1.0234406,1.2212585,-0.5095568,-1.4817085,-0.4058059,-1.0163746,1.0295527,-0.7089454,-0.790405
-1.4259634,-0.48094428,0.70615906,-0.93278015,-1.1791182,-1.3682036,-0.43698102,0.6099788,-1.3473223,-0.7241942,-0.10357647,0.3981228,1.0486735,-1.2288795,-1.6413629,-1.5415279,0.27987158,-0.3177345,1.2845479,1.2734431,2.1343546,1.3511236,-0.5852387,-1.0547544,1.226531,-0.48323238,-1.4814924,-0.42874768,-0.99430007,1.0402454,-0.73106223,-0.8241312
-1.428336,-0.46036035,0.7280501,-0.94113237,-1.1846408,-1.3701141,-0.4415511,0.6182109,-1.3381022,-0.73442644,-0.09638162,0.38782805,1.0623008,-1.2355558,-1.6440121,-1.5301021,0.27504835,-0.31953567,1.2901838,1.2827228,2.1388934,1.3491882,-0.5750582,-1.042676,1.2283763,-0.49833775,-1.466654,-0.41697207,-1.0271319,1.0530925,-0.72417873,-0.803886
-1.4198599,-0.4587955,0.7299063,-0.93416166,-1.1725601,-1.3658081,-0.4437611,0.6190925,-1.3362924,-0.7271486,-0.09663701,0.39242697,1.0577585,-1.2324537,-1.6407665,-1.5294435,0.27469823,-0.3201298,1.2889785,1.2755073,2.1324878,1.342042,-0.574199,-1.0311598,1.2276922,-0.49792713,-1.4675572,-0.41234168,-1.0273395,1.045642,-0.72003263,-0.79667115
-1.4339985,-0.48097712,0.7169138,-0.9395929,-1.185553,-1.3722656,-0.44411805,0.6143296,-1.3515058,-0.7326759,-0.10424578,0.39099905,1.0533484,-1.238524,-1.6463716,-1.5410613,0.27740288,-0.3289478,1.291038,1.2790924,2.148417,1.3572555,-0.5851683,-1.052761,1.2318641,-0.49965477,-1.4816357,-0.41698495,-1.0143268,1.0544362,-0.7393963,-0.8149553
-1.4326007,-0.4835692,0.69295347,-0.9257235,-1.1999408,-1.3830267,-0.45537627,0.6162306,-1.3330512,-0.73189634,-0.08614899,0.39096847,1.0398444,-1.2262216,-1.6468756,-1.5449073,0.29351044,-0.34353903,1.2757075,1.267591,2.139018,1.353473,-0.60948795,-1.0715783,1.2276272,-0.48743016,-1.475706,-0.43342677,-1.0161507,1.0694287,-0.7506033,-0.82640016
-1.4251404,-0.4920581,0.670725,-0.90716916,-1.1976597,-1.376978,-0.4484005,0.6029189,-1.3306472,-0.71593356,-0.08390589,0.39578632,1.025666,-1.2146758,-1.637518,-1.543753,0.2946214,-0.33653042,1.268366,1.250408,2.121909,1.3541566,-0.61641806,-1.0798262,1.2215966,-0.45976347,-1.4767536,-0.45125842,-0.98136157,1.0491167,-0.74688095,-0.8480126
-1.4266795,-0.45536208,0.7214576,-0.9379629,-1.1682647,-1.3668141,-0.44388747,0.6103553,-1.3520135,-0.7304879,-0.09795976,0.38832903,1.0590173,-1.2293477,-1.6343194,-1.531948,0.27086142,-0.32197243,1.2891468,1.273501,2.1333904,1.3458676,-0.58001506,-1.0359316,1.2151897,-0.4958812,-1.4815142,-0.42437473,-1.0155312,1.0416234,-0.72412753,-0.80842274
-1.4270444,-0.45194757,0.73778963,-0.9442254,-1.1645064,-1.3702978,-0.45506933,0.61327666,-1.3537495,-0.7248576,-0.09737295,0.38538593,1.0641806,-1.2292953,-1.641056,-1.5334263,0.26716736,-0.31906497,1.2967343,1.2758734,2.144142,1.3468446,-0.5795127,-1.0260761,1.227033,-0.50720567,-1.4853696,-0.4088041,-1.0348121,1.0413395,-0.7226504,-0.7942545
-1.4146194,-0.46815538,0.7219101,-0.9302013,-1.1688943,-1.3680872,-0.4408123,0.6008881,-1.3403008,-0.69884557,-0.09891994,0.40319237,1.0676043,-1.2261355,-1.6379586,-1.5212312,0.27216166,-0.29173467,1.3050945,1.25935,2.1277285,1.3434169,-0.57326794,-1.0382173,1.2359025,-0.47139233,-1.4812207,-0.42720076,-1.0007919,1.0248166,-0.7147786,-0.81873745
-1.4152666,-0.43626064,0.75800925,-0.95013195,-1.1559846,-1.361071,-0.4374004,0.6144803,-1.340512,-0.7139319,-0.10510042,0.39882907,1.0910599,-1.2297776,-1.6385436,-1.5139533,0.26592922,-0.2910601,1.3096287,1.2773569,2.13316,1.3332249,-0.54872465,-1.0117999,1.2329462,-0.49738932,-1.4737042,-0.406319,-1.0358177,1.0289608,-0.6989552,-0.7842249
-1.4222541,-0.45260435,0.73930514,-0.94970554,-1.1649178,-1.369343,-0.44476992,0.61140007,-1.3487499,-0.7155682,-0.1046955,0.3984163,1.080417,-1.2266753,-1.6446021,-1.5247005,0.26946497,-0.30218986,1.3036221,1.2772985,2.1409104,1.3415207,-0.5652213,-1.028815,1.2316446,-0.49479538,-1.485643,-0.41273823,-1.0250477,1.036206,-0.7167866,-0.8020672
