0,1,2,3,4,5,6,7,8,9,10,11,12,13,14,15,16,17,18,19,20,21,22,23,24,25,26,27,28,29,30,31
1.7716496,0.5084699,-1.4917858,2.2714245,0.68663573,0.57655346,-1.2062995,-0.76994586,1.8646748,-0.68680435,0.9529797,-1.0863379,-1.3395331,1.841724,1.126711,1.0978905,1.62081,-0.430399,-0.47927177,-1.989406,-1.7171458,-1.3442019,-1.7972945,-1.0606451,-1.4249516,1.2529501,1.3591584,-1.4002548,0.71353924,0.030079216,-0.44789857,0.9502837
1.7954093,0.038499013,-1.5676609,2.0221298,0.6455864,0.5641111,-1.219253,-0.9407939,1.6774888,-0.3767931,0.9766705,-0.807101,-1.1640077,1.8692647,0.81036365,1.117858,1.5891645,-0.37213877,-0.08282584,-1.9024156,-1.7585443,-1.0817412,-1.8487396,-1.2201434,-1.1584336,1.5644782,1.0669789,-1.5578156,0.9564501,0.057367574,-0.44792986,0.5871034
1.7418654,0.22161403,-1.4598244,2.0041597,0.5686027,0.5156014,-1.2120539,-0.82273537,1.6977775,-0.45374313,0.95111054,-0.9138268,-1.1543411,1.7577368,0.7992183,1.0599139,1.5940897,-0.4445054,-0.16360644,-1.8606867,-1.6662811,-1.1271769,-1.8436543,-1.2023451,-1.2187076,1.4021821,1.1011087,-1.4630681,0.7816436,0.053584483,-0.45368394,0.74054044
1.7917018,-0.34709588,-1.6261708,1.8885564,0.66243935,0.6888838,-1.2309909,-1.0368807,1.5874767,-0.1920852,1.0973425,-0.6189718,-1.0465236,1.9559667,0.65784013,1.1495467,1.6060876,-0.2827531,0.21165994,-1.8007423,-1.7798675,-0.88306636,-1.8565674,-1.3096043,-0.98503125,1.8168415,0.83694917,-1.6849183,1.2108904,0.06782042,-0.45025116,0.26020497
1.7622647,-0.5669574,-1.6354749,1.8045408,0.69724,0.72858995,-1.2235421,-1.1293714,1.4730194,-0.12499872,1.1477733,-0.50710106,-0.9767464,1.9718616,0.58652556,1.1440123,1.6214457,-0.25961745,0.3576536,-1.7226164,-1.8268206,-0.7175693,-1.8421094,-1.3419632,-0.83459073,1.9530427,0.66179013,-1.7745826,1.3665345,0.06256627,-0.4063841,0.05925705
1.7021956,0.3418089,-1.4668456,2.2015579,0.67400646,0.6474838,-1.2104394,-0.78384453,1.8466902,-0.71448207,0.9611639,-1.0569332,-1.2917812,1.8411402,1.0425171,1.0838501,1.6727017,-0.47466233,-0.37624335,-1.8998065,-1.7123882,-1.201847,-1.8180943,-1.0961276,-1.3434461,1.3245274,1.2087137,-1.4723197,0.7867957,0.037481885,-0.44926274,0.8089836
1.6850333,0.23776627,-1.4798492,2.1310883,0.63606143,0.6043688,-1.2537833,-0.8391341,1.7730333,-0.6904638,1.0173284,-1.0298332,-1.256529,1.8554745,0.9913293,1.0888548,1.6694466,-0.49124846,-0.28736588,-1.8502525,-1.7184919,-1.1144768,-1.8960501,-1.1681534,-1.2438266,1.3996611,1.0805036,-1.4883862,0.8145244,0.09352521,-0.46855402,0.751541
1.6938359,0.3291836,-1.4791933,2.180953,0.5709107,0.61009824,-1.2872822,-0.791913,1.840441,-0.71065927,1.0326412,-1.075311,-1.2505034,1.8115133,1.055833,1.062247,1.6727103,-0.48024938,-0.27787644,-1.9011866,-1.7087098,-1.1967963,-1.9103668,-1.1536089,-1.303404,1.343797,1.1739225,-1.4868083,0.77672035,0.040138714,-0.40984616,0.85957205
1.6519876,0.6292727,-1.4015288,2.2446604,0.54696965,0.49452817,-1.2724183,-0.6831109,1.8819381,-0.7334625,0.9587483,-1.2033687,-1.3100381,1.741642,1.0967941,0.9947647,1.6586717,-0.551628,-0.50457615,-1.9413394,-1.5938435,-1.3562382,-1.8766394,-1.0746094,-1.4353173,1.1155765,1.3354559,-1.3465204,0.55058306,0.033393126,-0.4386825,1.071887
1.7048821,0.1619,-1.5440557,2.1482368,0.59383273,0.60309863,-1.3126296,-0.83348984,1.8071911,-0.5018779,1.0503756,-0.9944451,-1.2261682,1.9222968,0.9433428,1.1025294,1.6332824,-0.42203867,-0.15493968,-1.8978382,-1.7118248,-1.1683781,-1.913102,-1.2097446,-1.2454475,1.4527336,1.1487762,-1.5230405,0.9012634,0.069834135,-0.43180883,0.6583148
1.7468973,0.28771156,-1.5267005,2.223966,0.62928224,0.6550839,-1.2616297,-0.79495627,1.8942782,-0.6065225,0.9908508,-1.0404406,-1.2854991,1.9117633,1.0221753,1.1204331,1.6357408,-0.41334146,-0.28991938,-1.9321553,-1.711876,-1.2418165,-1.8470067,-1.1388611,-1.3460362,1.3794937,1.2636184,-1.4962283,0.85027754,0.0277654,-0.43468875,0.7651431
1.7573835,0.55059254,-1.4340687,2.2799115,0.6329886,0.595629,-1.1994205,-0.72238415,1.912861,-0.6614096,0.97371584,-1.1338683,-1.3283155,1.8492829,1.0636134,1.0735495,1.6555464,-0.47370264,-0.5275553,-1.932609,-1.6598752,-1.3455954,-1.7995282,-1.0484253,-1.4605886,1.2345451,1.354873,-1.3749804,0.6798922,-0.0007230956,-0.480309,0.9789924
1.7448981,0.69061154,-1.4089277,2.3136976,0.6780932,0.5741843,-1.153587,-0.68867844,1.9015977,-0.7144231,0.9222121,-1.151181,-1.3558364,1.8014135,1.1250681,1.0385273,1.6211911,-0.46657047,-0.6133973,-1.9739438,-1.6575289,-1.4072559,-1.7374156,-0.9805151,-1.5157391,1.1247252,1.4380513,-1.3207557,0.6138088,-0.050504252,-0.41577762,1.0537797
1.7652833,0.44970298,-1.4937162,2.2769082,0.7719228,0.6402578,-1.1306888,-0.78972715,1.8418338,-0.6242622,0.9141008,-1.015061,-1.3470627,1.8775635,1.0703217,1.0941938,1.5788074,-0.37496474,-0.47255096,-1.9558009,-1.7357286,-1.3225445,-1.7189018,-1.0040914,-1.4252697,1.2889222,1.3352165,-1.4101329,0.8081665,-0.04028827,-0.38716748,0.81575656
1.8187977,-0.110646054,-1.6213702,2.0617633,0.80623937,0.6820799,-1.1622125,-0.99046,1.6375736,-0.40480572,0.99154466,-0.7390971,-1.200821,1.9830487,0.8362285,1.2093889,1.597939,-0.3062192,-0.09304923,-1.8759356,-1.8508022,-1.0086787,-1.7714759,-1.2009877,-1.1217092,1.6768838,1.0041132,-1.6005479,1.0942442,0.112690695,-0.47427025,0.38134032
1.6337078,0.79787993,-1.3790948,2.4003446,0.8184204,0.6424712,-1.0558234,-0.64763355,1.883024,-0.8962234,0.83989954,-1.2018433,-1.4589458,1.7733141,1.2454442,0.9963801,1.6013418,-0.4782253,-0.8153049,-1.943749,-1.612015,-1.4025394,-1.5991331,-0.87625355,-1.588569,0.9878477,1.4260153,-1.2586472,0.5848549,-0.013141508,-0.42830148,0.96990484
1.6715084,0.836432,-1.381552,2.4080245,0.8638902,0.6435892,-1.0252601,-0.66165686,1.8634268,-0.9128119,0.84954524,-1.1976357,-1.4788232,1.7709066,1.29794,1.0233431,1.571676,-0.4294241,-0.8482121,-1.9433161,-1.6427925,-1.4373586,-1.5677798,-0.8376895,-1.5930085,0.9717937,1.4576436,-1.2279557,0.5873147,-0.027120424,-0.40263644,1.0214598
1.7659892,0.27125308,-1.4641656,2.142024,0.8812014,0.60265565,-1.0374225,-0.86664194,1.6372116,-0.5184462,0.9002272,-0.86498225,-1.3116809,1.8847544,0.9299934,1.1500628,1.552636,-0.36092442,-0.43094903,-1.8328621,-1.7986755,-1.1745116,-1.6493044,-1.0102361,-1.2991717,1.3904467,1.1384404,-1.3893334,0.8749242,0.077301584,-0.46305475,0.6282827
1.7798344,0.0087444335,-1.5454365,2.0951035,0.85262585,0.68912446,-1.1384763,-0.96083325,1.6727346,-0.4370082,0.9812641,-0.80315566,-1.2559342,2.0047443,0.8532623,1.1597409,1.6181582,-0.3595417,-0.25732037,-1.8167067,-1.7775462,-1.053721,-1.7443776,-1.1164769,-1.1772667,1.5961622,1.0307957,-1.5416964,1.0667357,0.06499399,-0.5125591,0.43296325
1.785644,0.20487905,-1.5856872,2.2289348,0.7848176,0.68637383,-1.1448014,-0.8723382,1.773788,-0.5606961,0.94719684,-0.91909564,-1.2938762,1.9667366,0.9488592,1.1293827,1.6518681,-0.38796547,-0.39300254,-1.9417175,-1.7598525,-1.1812131,-1.7419206,-1.0943148,-1.3334401,1.4777622,1.2062501,-1.5035847,0.9095737,0.04279246,-0.48233002,0.6125004
1.6756521,0.48081562,-1.4422004,2.2656293,0.61788094,0.64396584,-1.1805261,-0.6604686,1.8853731,-0.7245226,0.94316965,-1.1452293,-1.2864993,1.8166683,1.0341821,1.059026,1.6985588,-0.5062473,-0.47835413,-1.9175566,-1.6424243,-1.2842582,-1.7842948,-1.0691339,-1.4497464,1.2044212,1.2892195,-1.3960884,0.6437716,0.033270326,-0.4722406,0.899638
1.7318034,0.08452931,-1.5444261,2.103256,0.5461397,0.6391526,-1.299652,-0.7984098,1.7717294,-0.4725864,1.0854992,-0.94645536,-1.1360626,1.8700824,0.8993043,1.1252059,1.6976943,-0.4111478,-0.06800309,-1.8840673,-1.6994756,-1.1238233,-1.9020584,-1.2498678,-1.2016919,1.5041668,1.0599285,-1.5547487,0.89140105,0.12129205,-0.4867437,0.64784014
1.8213104,-0.57768404,-1.6640221,1.8126218,0.68139386,0.6587591,-1.2657955,-1.1193291,1.4233922,-0.06845668,1.1937126,-0.5234938,-0.96478057,1.9990785,0.59659946,1.2171087,1.621678,-0.23138879,0.3676599,-1.7510502,-1.8524263,-0.7268489,-1.8717802,-1.419502,-0.78371984,1.9774207,0.63913786,-1.7410095,1.3228952,0.19644135,-0.49287632,0.06522308
1.819951,-0.31277138,-1.6477741,2.0058203,0.7666694,0.72660524,-1.2330564,-1.0738207,1.5911827,-0.32495016,1.0829589,-0.6972389,-1.1126513,2.0126717,0.78085387,1.1886084,1.6849823,-0.31264275,0.062172584,-1.8486512,-1.86451,-0.8914452,-1.835631,-1.2591513,-0.9893491,1.8386654,0.86291414,-1.7275757,1.2276711,0.08825081,-0.45620987,0.2785821
1.8661993,-0.49898762,-1.6948823,1.9308635,0.8214525,0.7571239,-1.2376853,-1.1565548,1.5039424,-0.2205489,1.1346986,-0.58686423,-1.0692683,2.0500782,0.75298905,1.2627188,1.6246142,-0.21930227,0.22484574,-1.8152912,-1.9352715,-0.78263307,-1.8012195,-1.3115025,-0.8567741,1.9655939,0.7732672,-1.7837564,1.3763931,0.1388742,-0.44021887,0.09293151
1.8366867,-0.17607152,-1.6117136,2.0390663,0.76624215,0.7004179,-1.2383312,-1.0053083,1.659329,-0.3736309,1.0723021,-0.76508534,-1.1686287,2.0091062,0.85433125,1.2398508,1.6382831,-0.30794916,-0.0110011995,-1.8528414,-1.8549445,-0.97774965,-1.8218579,-1.2456411,-1.0568238,1.729971,0.9626374,-1.6513063,1.1485252,0.13968988,-0.49707723,0.38143268
1.7518724,0.65353614,-1.434595,2.3624597,0.8087995,0.6517095,-1.106065,-0.724428,1.8788633,-0.8306481,0.958255,-1.174947,-1.4365321,1.8726153,1.2568139,1.1211392,1.6068947,-0.41445297,-0.69212604,-1.9388338,-1.7177438,-1.3813516,-1.6737134,-0.9475195,-1.5090573,1.1380342,1.3903065,-1.3012781,0.6732317,0.023386564,-0.46275583,0.99916524
1.7002887,0.78614384,-1.3587236,2.3521185,0.694767,0.6020515,-1.1383016,-0.635704,1.9267439,-0.8617172,0.9581483,-1.2756796,-1.410963,1.8021033,1.2399285,1.0630394,1.652137,-0.51223135,-0.7369805,-1.9151101,-1.6347578,-1.4059541,-1.7211529,-0.9592223,-1.5475986,1.0338911,1.4120103,-1.2498908,0.53412867,0.021874603,-0.49890143,1.1306436
1.7852432,0.294754,-1.5259954,2.239192,0.74009585,0.6449165,-1.2432538,-0.87410486,1.766045,-0.6857751,1.0696965,-1.0488607,-1.3016958,1.9255794,1.1276294,1.1504259,1.6707082,-0.41093767,-0.3488877,-1.9559287,-1.8271748,-1.1949736,-1.8253015,-1.1009114,-1.2701513,1.4282387,1.1767536,-1.4935521,0.8693956,0.061416905,-0.39518765,0.79658
1.6623194,0.8926066,-1.3968356,2.4473686,0.73623073,0.63555056,-1.1520511,-0.633231,1.95448,-1.0121965,0.94164675,-1.3030407,-1.4614745,1.752388,1.3852328,0.98764324,1.6270474,-0.48519883,-0.77988976,-2.0259557,-1.657656,-1.4772371,-1.6991806,-0.8848266,-1.6089728,0.9525772,1.5159608,-1.2589809,0.51938254,-0.07554664,-0.32076067,1.1798073
1.6500778,0.8557442,-1.4009281,2.4401174,0.74242735,0.6519452,-1.1368138,-0.64547783,1.9623697,-0.9828262,0.9312425,-1.3131355,-1.47141,1.7996327,1.3276219,0.98142767,1.6549777,-0.52457756,-0.81628096,-1.9858192,-1.6302109,-1.4304966,-1.6960635,-0.90835965,-1.6138825,0.98393863,1.4742533,-1.262738,0.5455299,-0.0637376,-0.40269938,1.1078595
1.6615659,0.9537722,-1.3511585,2.4163241,0.6997175,0.56433856,-1.1371253,-0.6192126,1.9338566,-0.97540367,0.94237494,-1.327049,-1.4521745,1.7422602,1.3412241,0.97970986,1.6405289,-0.5296923,-0.8379356,-1.9887546,-1.6212499,-1.4879211,-1.714438,-0.8882265,-1.6156033,0.92142266,1.5041062,-1.1983004,0.4442357,-0.05415738,-0.38518855,1.2605661
1.598138,1.0688592,-1.284438,2.414079,0.74425995,0.5566572,-1.0865806,-0.582071,1.9058373,-1.0076524,0.90592974,-1.3283356,-1.4926972,1.6744962,1.3643242,0.91751444,1.5900617,-0.54333395,-0.92255104,-1.9533247,-1.5766504,-1.5030395,-1.6510087,-0.8168399,-1.6500567,0.8130519,1.5108979,-1.1310602,0.4030296,-0.090861574,-0.34069708,1.2592715
1.653535,0.7986877,-1.4147264,2.3792622,0.8095416,0.5983216,-1.1129915,-0.7227526,1.8626808,-0.9547237,0.91051227,-1.215732,-1.4692229,1.7776102,1.3053279,0.98312366,1.6051582,-0.4975939,-0.7881918,-1.9823128,-1.6627743,-1.4042871,-1.6893239,-0.88493586,-1.5482522,1.0354995,1.4235053,-1.2563447,0.58399856,-0.04422374,-0.37331736,1.0676546
1.661759,0.9590315,-1.3592951,2.4003012,0.8218185,0.5734716,-1.0707543,-0.6624285,1.8799098,-0.9842881,0.9012149,-1.2520798,-1.4964277,1.7334232,1.3726188,0.9759946,1.5741271,-0.4807971,-0.90073293,-1.968238,-1.6267173,-1.487155,-1.6249124,-0.8245136,-1.6081643,0.9027609,1.5108129,-1.1646545,0.49079075,-0.058206435,-0.37538365,1.2009917
1.5333867,1.3554204,-1.1744356,2.422269,0.7674439,0.55345285,-0.97576916,-0.47775614,1.8910797,-1.0551689,0.8504917,-1.3964018,-1.5023139,1.5959296,1.4109893,0.8257895,1.5644106,-0.58542705,-1.1156143,-1.9183311,-1.4676142,-1.5432408,-1.4981668,-0.73265624,-1.7420651,0.59455675,1.6069117,-0.9813402,0.26047748,-0.16717999,-0.31106457,1.3608261
1.6087857,0.85100204,-1.3091834,2.2985172,0.8016696,0.60798895,-1.0307811,-0.7062491,1.8369449,-0.91834897,0.89854383,-1.1954621,-1.4836582,1.7721387,1.2571951,0.9771303,1.5684897,-0.532482,-0.85893637,-1.8281957,-1.608456,-1.3559961,-1.6339813,-0.86034685,-1.5386554,0.9730947,1.3566985,-1.1447617,0.57434285,-0.07738157,-0.42793372,1.0789574
1.7023159,0.38150266,-1.4513767,2.195492,0.80013883,0.6211014,-1.1505221,-0.8748833,1.7520024,-0.73104197,0.9606913,-1.0120703,-1.3830478,1.8935775,1.068605,1.0897412,1.60567,-0.4761644,-0.5156658,-1.8458277,-1.7447498,-1.1809288,-1.7655095,-1.0254996,-1.3272192,1.3351618,1.1707265,-1.3880724,0.8474946,0.04126223,-0.46135125,0.7590059
1.664562,0.85526717,-1.3763791,2.3987117,0.7784604,0.63675123,-1.1123708,-0.6527268,1.9422635,-0.9492381,0.8838496,-1.240963,-1.4819949,1.7538044,1.3058143,0.98728836,1.6101881,-0.49666128,-0.82334673,-1.961358,-1.620313,-1.4329805,-1.653853,-0.88079673,-1.5921133,0.9741346,1.4818121,-1.2532932,0.57219976,-0.04914907,-0.41357216,1.0779152
1.6686212,0.848641,-1.3385576,2.3661604,0.7595613,0.6328127,-1.1162729,-0.6356395,1.9432102,-0.9003831,0.90493107,-1.2384663,-1.4621186,1.7461587,1.2720915,0.9942138,1.6130391,-0.50251013,-0.7924812,-1.9253503,-1.615761,-1.425399,-1.6611192,-0.8857992,-1.5775188,0.9762645,1.4607731,-1.2477973,0.5707318,-0.05217445,-0.42431763,1.0863109
1.719342,0.5564125,-1.3367951,2.2755764,0.7957845,0.7313551,-1.1294144,-0.7270832,1.9124146,-0.8281657,0.9550596,-1.145584,-1.4163061,1.8320085,1.1894947,1.1151229,1.6087242,-0.44823593,-0.5860119,-1.8160673,-1.7079351,-1.2500196,-1.653465,-0.9455498,-1.4085847,1.1783575,1.2913941,-1.3772584,0.804066,-0.011424442,-0.4201076,0.85735536
1.7787697,0.3313141,-1.3997866,2.2206395,0.82526994,0.776414,-1.1586434,-0.8298846,1.8685741,-0.70899594,1.0086163,-1.0486325,-1.3697716,1.9312187,1.1040606,1.1767144,1.6300718,-0.41294804,-0.45112637,-1.7919688,-1.7578943,-1.1521293,-1.6840597,-1.014277,-1.3003497,1.3670701,1.18588,-1.4742994,0.9606027,0.0074331416,-0.45859,0.69240326
1.4079276,1.1364791,-1.1520996,2.182779,0.7251296,0.5745381,-0.9677247,-0.6668762,1.757472,-0.9834212,0.9214673,-1.1991009,-1.4791054,1.6888392,1.4505159,0.9165409,1.3670298,-0.49209967,-0.85585296,-1.7971507,-1.49881,-1.4801136,-1.5846068,-0.75322324,-1.4975499,0.6511626,1.3665382,-0.82656336,0.33436286,-0.26859984,-0.019340213,1.3907727
1.5707469,0.7210704,-1.3286439,2.2963774,0.5792734,0.54678035,-1.2562109,-0.75155455,1.8155936,-0.93817645,1.0585835,-1.2584244,-1.3883591,1.7914597,1.27335,0.97239363,1.6012173,-0.52994585,-0.56220573,-1.8939162,-1.6302168,-1.3291123,-1.8932358,-0.98794866,-1.3825301,1.0821143,1.247355,-1.2701727,0.60821044,-0.045697935,-0.25585145,1.1138415
1.4847337,1.0102181,-1.2828398,2.3776526,0.61306673,0.5385005,-1.1850733,-0.6646651,1.893726,-1.0481474,0.9885675,-1.361747,-1.4974655,1.7480984,1.3905488,0.9033728,1.5826862,-0.58022875,-0.81553406,-1.9108781,-1.5314624,-1.457998,-1.8023704,-0.8943978,-1.5494044,0.8467267,1.3878,-1.1034687,0.4283259,-0.115584396,-0.24409108,1.2690928
1.368836,1.536432,-1.1607398,2.4195116,0.55462325,0.5223148,-1.0805099,-0.49094763,1.9333038,-1.1877903,0.9255244,-1.5251918,-1.5362711,1.5613354,1.541879,0.72633106,1.5388188,-0.6422976,-1.0854994,-1.926486,-1.3364637,-1.6151245,-1.6528851,-0.77545214,-1.7433645,0.41727313,1.6164548,-0.84007096,0.085534595,-0.28541172,-0.09829393,1.5770435
1.5372082,0.6663748,-1.3383175,2.3074932,0.5385955,0.55825603,-1.3211473,-0.75304526,1.8821341,-0.8999339,1.0371724,-1.2885673,-1.3919262,1.804654,1.2143285,0.9186747,1.6735187,-0.58577704,-0.5270489,-1.8899574,-1.5593137,-1.3022512,-1.9389327,-1.0195711,-1.3898673,1.1035007,1.2491122,-1.3610685,0.6500671,-0.062704585,-0.31375113,1.0394576
1.5345486,0.5315844,-1.3076458,2.1684332,0.525038,0.47707227,-1.3259983,-0.7664154,1.7807921,-0.73202205,1.0324265,-1.1816417,-1.3185973,1.8067691,1.0587698,0.93498385,1.6540394,-0.5748237,-0.43619385,-1.8367674,-1.5148101,-1.2312577,-1.9486716,-1.0674541,-1.2737608,1.1654358,1.1414006,-1.3464223,0.64414084,0.020688742,-0.39124942,0.9587617
1.4183826,1.500761,-1.1537567,2.4464695,0.5330174,0.47596046,-1.1526557,-0.47514004,1.9265089,-1.1516234,0.960705,-1.5455797,-1.4798304,1.5831739,1.4836897,0.74828374,1.5787264,-0.64256483,-1.0510511,-1.9491377,-1.3385291,-1.6105043,-1.6886774,-0.79195696,-1.726418,0.47275,1.623734,-0.9134403,0.05495128,-0.22643395,-0.13805489,1.5788844
1.4251803,1.3950574,-1.2525983,2.4903119,0.55368876,0.5201824,-1.1421981,-0.5169073,1.9536765,-1.176013,0.948829,-1.5228726,-1.5287617,1.6579736,1.4962226,0.8018235,1.5984023,-0.6324267,-1.0374326,-1.9848574,-1.4241123,-1.6095017,-1.7193751,-0.8264363,-1.7468817,0.55427617,1.6060345,-0.94150805,0.13351001,-0.2087498,-0.14931694,1.4973866
1.4727598,1.3988128,-1.2942691,2.5461948,0.564404,0.5394065,-1.1600312,-0.5016862,1.9954498,-1.2370048,0.9516602,-1.5491531,-1.528452,1.6442996,1.5232571,0.7768789,1.611166,-0.6167432,-1.0399231,-2.0349169,-1.4382203,-1.6264281,-1.7296768,-0.8234822,-1.7963523,0.5687439,1.6699154,-1.0000033,0.14682552,-0.23728593,-0.15164413,1.5113202
1.4371815,1.4275701,-1.2571366,2.531341,0.55469036,0.5249635,-1.1904818,-0.49728817,1.9881502,-1.2591523,0.9481128,-1.5763633,-1.5238751,1.5997142,1.5310861,0.73203504,1.5873384,-0.62960404,-1.020685,-2.015641,-1.3799344,-1.6065279,-1.7432758,-0.8134696,-1.7826755,0.5300976,1.664604,-1.015529,0.13163632,-0.22878832,-0.15119621,1.5071638
1.4916989,1.2580016,-1.2942611,2.482008,0.5154209,0.47981873,-1.2356231,-0.55808955,1.9328203,-1.1778204,0.95418656,-1.5174431,-1.4504557,1.6348215,1.4522479,0.81210834,1.5823462,-0.5971023,-0.8631966,-2.0202377,-1.4559654,-1.5709667,-1.8304628,-0.8720387,-1.6871963,0.6730619,1.5927824,-1.1072404,0.2096239,-0.17105438,-0.14664668,1.4656432
1.53824,1.0674558,-1.3018167,2.379255,0.43447113,0.48113748,-1.3015541,-0.6027094,1.9149663,-1.0551087,0.9907576,-1.4370959,-1.3497984,1.636453,1.3453519,0.8477501,1.6056165,-0.574228,-0.6510953,-1.9989499,-1.4756024,-1.5086632,-1.8989925,-0.94537663,-1.5803164,0.8047546,1.4987866,-1.2164687,0.31609038,-0.14236279,-0.16334954,1.4092177
1.4856684,1.1941845,-1.2838564,2.4198203,0.39320353,0.52698904,-1.3153352,-0.55572605,1.9679811,-1.179174,0.9808735,-1.5076836,-1.3762172,1.5810537,1.424697,0.7727563,1.588168,-0.59253424,-0.6908962,-1.986719,-1.4189445,-1.5357172,-1.8895044,-0.9165604,-1.6499062,0.6789187,1.5666114,-1.1814721,0.25392962,-0.20674479,-0.098696046,1.4786426
1.5437165,0.9051226,-1.3654419,2.4010277,0.4582384,0.56503236,-1.3389868,-0.6513166,1.9727441,-1.0803918,1.0102985,-1.3992981,-1.3867363,1.6936715,1.3570495,0.8716095,1.6583046,-0.5851072,-0.58302206,-2.0070457,-1.5403044,-1.4297053,-1.9273862,-0.9886639,-1.5513068,0.9311556,1.449075,-1.3198069,0.4607216,-0.10919482,-0.21095382,1.2679703
1.0608983,2.4247503,-0.18435563,1.452646,0.88233113,0.84803635,-0.30228454,0.19201434,1.2088408,-1.05007,0.19384989,-1.6398584,-0.92808294,1.0835704,1.2969875,0.67198306,0.98068064,-0.23411244,-0.8660745,-1.5040828,-1.0615293,-1.9503068,-0.78032714,-0.20600651,-1.7616453,-0.48944652,1.76918,-0.11951271,-0.3569455,-0.67896837,1.3113172,1.9977715
0.97818077,2.3840315,-0.11920212,1.4680858,0.9917742,0.66262364,-0.4099779,0.33333433,1.3644269,-1.4235662,0.08028552,-1.8440052,-1.2522314,0.8438521,1.2266225,0.36316133,1.060079,-0.2601422,-1.2154902,-1.6141942,-1.0526571,-2.0052903,-0.83006215,-0.44371513,-2.0587864,-0.631028,2.0042412,-0.15266812,-0.38336,-0.695555,1.1963465,1.9409987
0.7857324,2.595571,0.5545347,1.0107704,1.1281801,0.8487239,0.13175976,0.65396523,1.0609076,-1.0556419,-0.26152265,-1.6824973,-0.73296,0.487246,0.9612677,0.5276657,0.56362534,0.02549604,-0.84614074,-1.0728393,-0.8552923,-1.8314228,-0.19051547,-0.01277804,-1.8475449,-0.6612931,1.9542967,0.16311464,-0.43412122,-0.7486123,1.5844837,1.8859533
0.8093338,2.4793885,0.28698155,1.3568445,1.123926,0.7186697,-0.027881868,0.5735958,1.2091315,-1.2628461,-0.17864276,-1.8016579,-0.9726657,0.55092335,1.0545415,0.44173354,0.77677435,-0.07132886,-1.0303911,-1.3400065,-0.9756368,-1.8342763,-0.43423706,-0.19216387,-2.0294607,-0.5548663,2.0593538,-0.025516868,-0.4163599,-0.6970235,1.3262357,1.8193301
0.8529151,2.3916583,0.20045555,1.4390678,1.1303202,0.6854066,-0.06650162,0.537553,1.2551107,-1.3827003,-0.18824847,-1.7709776,-1.045625,0.64740413,1.0702766,0.43391645,0.8749834,-0.11769734,-1.1968366,-1.4366817,-1.033897,-1.8810692,-0.46796808,-0.24678503,-2.0794365,-0.5781026,2.0296412,-0.13780534,-0.38336185,-0.6597067,1.2114927,1.8103987
0.86100805,2.4666805,0.34969527,1.1922315,1.1730366,0.7268304,0.01784338,0.60725445,1.1785002,-1.3037338,-0.256015,-1.674196,-0.9574691,0.57644385,1.0290558,0.42279458,0.7469554,-0.043490242,-1.1403816,-1.3159907,-0.9657628,-1.9148327,-0.32828435,-0.123817265,-1.9820639,-0.6857332,2.01519,-0.020848617,-0.41147077,-0.75336534,1.440283,1.8992363
1.086075,2.3836594,-0.308537,1.5996776,0.8387029,0.6320454,-0.692358,0.25386003,1.6068592,-1.557037,0.38904363,-1.9999689,-1.5216162,0.888607,1.3145895,0.3116293,1.1978334,-0.3895313,-1.2669564,-1.7694381,-1.0073979,-1.9802016,-1.1702461,-0.62921304,-2.0735872,-0.60353833,1.9048277,-0.36989275,-0.22844972,-0.6828661,0.9083038,1.8795155
0.96981704,2.1921341,-0.3943727,1.526371,0.8180231,0.5923251,-0.79660237,0.08908696,1.485541,-1.4349029,0.41425425,-1.9548883,-1.4957093,0.96072483,1.2135746,0.34874696,1.2882077,-0.38161096,-1.2977096,-1.6345465,-0.97565657,-1.932115,-1.1957016,-0.6652707,-1.9515271,-0.66126645,1.7660867,-0.3467763,-0.21378908,-0.5996484,0.9546139,1.7730902
0.9925967,2.3436115,-0.08611405,1.3595301,1.0557332,0.67195016,-0.33956185,0.31353965,1.3286209,-1.3434923,0.029183596,-1.7325703,-1.1629491,0.8667885,1.1866194,0.4102328,1.0001295,-0.18509988,-1.217963,-1.5223927,-1.018705,-2.0087595,-0.7147129,-0.34193107,-1.962146,-0.6955366,1.9372709,-0.15993303,-0.3500401,-0.7591672,1.3261576,1.9643852
1.0445322,2.3101215,-0.12062523,1.5093851,1.0013285,0.6596816,-0.33707088,0.32999036,1.3752397,-1.395799,0.102275,-1.7581183,-1.2268368,0.8848349,1.1939257,0.43594062,1.0547885,-0.2393421,-1.2666574,-1.6314883,-1.0934057,-1.9713079,-0.7832093,-0.39030614,-1.9885772,-0.55801964,1.9543239,-0.237012,-0.3336752,-0.69622236,1.1600865,1.9179219
0.985894,2.3386874,-0.059826836,1.4700228,1.0188794,0.6562128,-0.27860704,0.3660081,1.3355988,-1.3924354,0.062681876,-1.7644436,-1.1980432,0.83396566,1.1805766,0.43511784,0.9974736,-0.22642022,-1.251087,-1.6114866,-1.0582206,-1.9609107,-0.7265083,-0.38907278,-1.993359,-0.5661792,1.9947613,-0.1927687,-0.35142046,-0.68633145,1.1945074,1.9049852
0.9545819,2.3670943,-0.14041096,1.5091414,1.0175643,0.6786729,-0.26183966,0.33931637,1.3315471,-1.3083857,0.121311724,-1.8048475,-1.14029,0.86908233,1.2232121,0.481467,0.9517674,-0.2035947,-1.1443051,-1.5965389,-1.0228467,-1.958033,-0.7606786,-0.39816397,-2.0106857,-0.5041391,2.0166383,-0.16034693,-0.33100975,-0.7152782,1.2373011,1.9050775
1.0533969,2.2630312,-0.34400803,1.7245106,0.9315573,0.64538264,-0.4721282,0.21822928,1.4503824,-1.3887441,0.24536882,-1.8643275,-1.2451122,0.95323485,1.243484,0.47642082,1.15468,-0.2805807,-1.2237486,-1.7639897,-1.05673,-1.9214817,-0.92050856,-0.5297238,-2.0320835,-0.44610125,1.9747366,-0.3382947,-0.28801113,-0.61502683,0.96216685,1.7966784
0.9934012,2.3418932,-0.076461226,1.6027158,0.9947046,0.6567657,-0.3160308,0.3840121,1.389873,-1.4219599,0.076185316,-1.840822,-1.2100639,0.8359644,1.17897,0.48019022,1.063617,-0.25523686,-1.2543554,-1.6449745,-1.0787677,-1.9161783,-0.7338866,-0.43105775,-2.0487535,-0.52241445,1.9873022,-0.27925488,-0.32681915,-0.58913916,1.0088288,1.8050143
1.0145111,2.2118196,-0.38021493,1.8871033,0.5687976,0.40308377,-1.0348657,0.10958319,1.4255474,-1.9797517,0.20002353,-2.0623863,-1.7561511,0.91403973,1.3668017,0.25011998,1.5211991,-0.81415546,-1.3411644,-2.138015,-1.2383523,-1.8365301,-1.5175762,-1.0614299,-2.183329,-0.4590233,1.7842823,-0.57511944,-0.34754422,-0.17096177,0.28774157,1.6666247
0.93738836,2.4967124,-0.21386288,1.634661,0.80095804,0.4309963,-0.7678716,0.14103885,1.4972867,-1.7461027,0.14960226,-1.7256949,-1.5427854,0.9069545,1.4967906,0.08392625,1.2986825,-0.5564491,-1.2223474,-1.8545979,-1.0417402,-1.9958502,-1.1596549,-0.9274431,-2.194381,-0.6072597,1.9451762,-0.3274134,-0.14876541,-0.86967504,0.7865662,1.8782055
1.0158805,2.2784538,-0.42282206,1.8818887,0.864509,0.4334835,-0.7198392,0.10989194,1.4987519,-1.8031855,0.0800574,-1.7884308,-1.5634731,1.0751778,1.4267927,0.11554962,1.290575,-0.5197196,-1.3013159,-1.9677168,-1.2709806,-2.0234914,-1.2272228,-0.8937799,-2.3284051,-0.42101103,2.101989,-0.33976862,-0.2957507,-0.8775621,0.8394568,1.9084362
1.3879926,1.1794136,-1.2157682,2.294018,0.5796299,0.42402396,-1.1136986,-0.14114556,1.5124515,-1.4207237,0.532576,-1.7565802,-1.6038799,1.6628613,0.9830589,0.74081135,1.5145504,-0.5999999,-1.00147,-2.0928588,-1.6385032,-1.6789123,-1.8604407,-1.211239,-1.9077464,0.5197734,1.5312437,-0.8662748,-0.154586,-0.1352509,0.2657323,1.1681243
0.9137977,2.5071437,-0.23398189,1.8719025,0.8674834,0.43634748,-0.792626,0.17508349,1.5461602,-1.9498929,0.17516136,-1.900606,-1.6540068,0.8750035,1.528893,0.063004725,1.3053406,-0.56771284,-1.3438157,-1.9892939,-1.0757655,-2.0306187,-1.1608778,-0.92361194,-2.408505,-0.47113657,2.02442,-0.43282524,-0.15235692,-0.6552987,0.6028237,1.7964809
0.8239199,2.7034268,0.024407119,1.5931033,0.89022386,0.49512252,-0.6628072,0.23885658,1.4227371,-1.8773334,0.15892069,-1.8670198,-1.61407,0.72284514,1.5232445,0.04725439,1.1990315,-0.5503329,-1.3247259,-1.8280804,-0.9873403,-1.9976724,-1.0066599,-0.855666,-2.3544183,-0.61183673,1.9428498,-0.25892282,-0.15851124,-0.71445966,0.7148757,1.853137
0.78362906,2.1872323,0.025036328,1.1924533,0.3569455,0.118246526,-1.0362697,0.2266388,0.8736511,-1.9273404,0.17913026,-1.9742727,-1.560385,0.33870783,0.9861525,0.07554234,1.3653524,-0.87290645,-1.136409,-1.6791987,-0.8246113,-1.4462341,-1.5610847,-1.0090511,-1.6137807,-0.8530355,1.2913072,-0.3734302,-0.7520345,0.104382694,0.19284774,1.6975279
0.85560006,2.549,0.31370175,1.1255764,0.66794527,0.565532,-0.6351539,0.3778101,1.1832879,-1.6911557,-0.0015043467,-1.8043588,-1.420221,0.58103806,1.2802714,0.22989771,1.0793351,-0.5859259,-1.1225035,-1.4647353,-1.0134804,-1.8621707,-1.0194737,-0.6692979,-1.9612036,-0.80695534,1.639049,-0.10020816,-0.429986,-0.45937237,0.802746,1.9978082
0.81836414,2.6873574,0.7283939,0.8549181,0.93993115,0.7879026,-0.076841645,0.7108626,1.0114707,-1.4024458,-0.3681121,-1.6245203,-0.98938483,0.5329889,1.1429245,0.4416831,0.72557974,-0.30813038,-1.0612731,-1.2055432,-1.0021993,-1.9522465,-0.42216617,-0.12686993,-1.9067127,-0.8467788,1.7518044,0.14332992,-0.5411647,-0.5751411,1.2823936,2.12039
0.85133547,2.6209533,0.8233324,0.9726194,0.962445,0.86930645,-0.003509067,0.8767815,1.0226201,-1.2616976,-0.49040163,-1.6632278,-0.8773881,0.50669247,0.985101,0.58586717,0.7770683,-0.24762774,-1.0761931,-1.1357334,-1.0969887,-1.8962387,-0.25285387,-0.024604123,-1.9214472,-0.79953367,1.8008009,0.07064966,-0.54595464,-0.45952302,1.2362854,1.9504158
1.0211599,2.4743202,0.6532223,1.1180456,0.71709406,0.76884633,-0.35286665,0.84191036,1.0924851,-1.4004763,-0.3188591,-1.7088273,-1.0697606,0.6292043,1.0186481,0.61306936,1.0255557,-0.463063,-1.1381806,-1.267315,-1.1945873,-1.8399359,-0.623637,-0.26517674,-1.864892,-0.74069494,1.5802149,-0.13449647,-0.5679672,-0.23351611,0.83857584,1.9248729
1.2738422,0.8249802,-1.0244652,1.6653157,0.08393407,0.18601541,-1.1682459,-0.16418472,1.2080562,-0.7041063,0.86592764,-1.3481821,-1.0740111,1.2373954,0.7914505,0.8155803,1.3512305,-0.49282542,-0.3775637,-1.577265,-1.1068822,-1.2305168,-1.9588603,-1.1313877,-1.0179666,0.6506019,0.708948,-0.92316633,-0.037362345,0.23407197,-0.14784881,1.1464573
1.3945217,1.7596471,-0.85930073,2.1143758,0.45020184,0.52970123,-1.1229854,-0.12154393,1.6377007,-1.4610988,0.71065676,-1.9062446,-1.6224551,1.3162944,1.3531535,0.6358598,1.6148071,-0.6687664,-1.0786067,-1.9878095,-1.3945284,-1.8111044,-1.822799,-1.0124328,-1.9055809,0.15435612,1.459052,-0.74187535,-0.14804809,-0.19216315,0.10603114,1.6251347
1.2716906,1.8605335,-0.8238483,2.1623607,0.58559024,0.49775437,-1.0577067,-0.029830562,1.6358896,-1.6308801,0.50617427,-2.0358698,-1.6990504,1.313378,1.3138648,0.55117,1.698827,-0.6900808,-1.2885742,-2.1400197,-1.419034,-1.8962415,-1.7095289,-1.0117397,-2.08274,-0.07706148,1.6799284,-0.7124214,-0.28121278,-0.26456922,0.2890477,1.6422975
0.90191156,2.6753397,0.020328034,1.3243159,0.7350749,0.48448637,-0.6139281,0.25666335,1.3608844,-1.7016284,0.10430747,-1.7107941,-1.4849149,0.7894746,1.5167247,0.12164978,1.0607479,-0.5667078,-1.0895387,-1.7283977,-0.9573843,-1.9658731,-1.0600622,-0.86367565,-2.0598376,-0.73070425,1.8478487,-0.13661137,-0.1981789,-0.90560883,0.9120715,1.9969625
1.0156306,2.3040133,-0.20596774,1.4799786,0.46299887,0.47155684,-0.8531294,0.16721562,1.3142645,-1.7163191,0.2763251,-1.9173179,-1.7280205,0.8921082,1.2422456,0.21990985,1.4571279,-0.73668116,-1.3043605,-1.7669803,-1.1465107,-1.8717631,-1.5570369,-1.0424975,-1.9124459,-0.6661403,1.4739238,-0.3407466,-0.39161462,-0.5211048,0.5348516,1.8830534
0.984666,2.3278203,-0.210755,1.5323018,0.5155518,0.45165092,-0.98661816,0.1769539,1.3253783,-1.7722349,0.3208837,-2.119204,-1.7005271,0.8054971,1.2944919,0.23057121,1.538347,-0.76947176,-1.2826953,-1.8260062,-1.0608233,-1.840189,-1.5271596,-0.9609161,-1.9459963,-0.76431,1.5415223,-0.4264577,-0.454957,-0.30397302,0.43365476,1.8494267
0.9862276,2.27778,-0.05679159,1.4220294,0.53513193,0.4215223,-0.9312748,0.2926358,1.2517953,-1.6258256,0.28044075,-2.0153637,-1.4753125,0.7418224,1.1831731,0.3387606,1.4668536,-0.7045954,-1.1587911,-1.7075682,-0.9450565,-1.7397187,-1.3766385,-0.7679753,-1.7414597,-0.83757377,1.4172949,-0.43597147,-0.5981577,-0.14016537,0.41922227,1.8695967
0.95096976,2.379697,-0.11905755,1.4379739,0.60771644,0.53539515,-0.8099886,0.119869076,1.5489775,-1.546057,0.24758121,-1.6101272,-1.5513134,0.90092254,1.3750335,0.16981876,1.2869437,-0.6394866,-1.1166867,-1.6331177,-0.9251941,-1.7800162,-1.2904563,-0.99866796,-1.8617584,-0.5587232,1.6158243,-0.36170936,-0.022994649,-0.7651859,0.62708837,1.7327176
1.062456,2.3036325,-0.3120408,1.6690712,0.7810707,0.49879003,-0.7669047,0.029293275,1.5700394,-1.6538571,0.09729402,-1.564363,-1.5142437,1.0260206,1.4731495,0.16748598,1.2223426,-0.5326546,-1.1455004,-1.7895379,-1.0983816,-1.9315561,-1.2520082,-0.9496729,-2.0536602,-0.45378768,1.8236091,-0.3839808,-0.0541929,-0.91105855,0.7168108,1.818206
1.0762542,2.2704508,-0.38188624,1.8300052,0.7488028,0.51040804,-0.82219815,0.01916361,1.5658672,-1.7609553,0.1669806,-1.8404994,-1.6552066,1.0179499,1.4094194,0.17908466,1.442773,-0.6004432,-1.3570793,-1.988294,-1.2636304,-2.0017035,-1.3681829,-0.9568779,-2.1976664,-0.45065027,1.8616835,-0.41068602,-0.2526571,-0.7325777,0.68266666,1.8865443
1.1043702,2.3013842,-0.40267438,1.8265352,0.78642535,0.44089285,-0.8358716,0.007153934,1.6362377,-1.7980626,0.20912701,-1.7258695,-1.6482495,1.0338144,1.5069714,0.14502129,1.2879534,-0.58214724,-1.2986354,-1.8991147,-1.1608958,-2.008164,-1.3279998,-0.95852107,-2.1565835,-0.43077964,1.8960406,-0.4620565,-0.06279832,-0.80208236,0.6294016,1.8746637
0.97087145,2.4262233,-0.34069705,1.8853645,0.8460046,0.43138298,-0.8201697,0.16725838,1.6213647,-1.9051814,0.24725303,-1.8667953,-1.6901246,1.0214357,1.5467293,0.12413054,1.2815058,-0.5726492,-1.3565643,-1.9659077,-1.0940859,-2.0884728,-1.2181318,-0.9585649,-2.3550956,-0.49047548,1.9905331,-0.44478625,-0.09232081,-0.7375008,0.6391392,1.8393856
0.65376544,2.8279688,0.40239298,1.2333341,0.93634963,0.6473412,-0.20834051,0.40043905,1.3377457,-1.8539168,0.0082812235,-1.5392784,-1.3141751,0.56723374,1.4219916,-0.02110168,0.741912,-0.37079886,-1.1143191,-1.5000085,-0.7662797,-1.8591202,-0.61827606,-0.6033525,-2.221527,-0.64575803,1.7755595,-0.067562014,0.014732527,-0.93339825,0.9792565,1.9233078
0.68321055,2.8961606,0.40067232,1.1514925,1.0543563,0.6885781,-0.15849236,0.49120173,1.274871,-1.6791997,-0.0024776906,-1.6058719,-1.2745224,0.58131856,1.4882747,0.06876557,0.6807182,-0.2952355,-1.0809865,-1.4828446,-0.76023537,-1.9689902,-0.54492337,-0.56243664,-2.1993055,-0.7435466,1.9281658,0.067712225,-0.094366014,-1.0693047,1.1819162,1.9793804
0.9968358,2.4908965,-0.19827847,1.656177,0.765414,0.48902884,-0.7809439,0.10065932,1.5085636,-1.7811046,0.19953494,-1.8891424,-1.6568744,0.9307296,1.4749106,0.15872431,1.3736856,-0.6167558,-1.3260229,-1.9468518,-1.1469553,-2.0303056,-1.285137,-0.9319667,-2.1982014,-0.5930779,1.8155973,-0.33446166,-0.2547179,-0.7455012,0.7217743,1.9514086
0.9823928,2.4480987,-0.04439377,1.7229724,0.8047097,0.5794585,-0.5998726,0.39190763,1.3632716,-1.7429641,0.07694746,-2.0880678,-1.5302501,0.9199404,1.2961727,0.46513724,1.2738932,-0.63690275,-1.3069409,-1.8581806,-1.2789876,-1.9243366,-1.1632901,-0.74849457,-2.2069483,-0.4681607,1.8983898,-0.32013845,-0.49475715,-0.36412102,0.6361946,1.861239
0.98173493,2.509131,-0.0313581,1.5145491,0.7129903,0.5666113,-0.6893443,0.30450955,1.3099426,-1.7299366,0.17086007,-2.0791974,-1.5918909,0.83721167,1.3614341,0.34652346,1.2679604,-0.66926646,-1.2723471,-1.7837439,-1.1717074,-1.9213613,-1.2738364,-0.76096255,-2.1041725,-0.65244234,1.7481829,-0.26200628,-0.48632863,-0.4506567,0.7030745,1.9947617
0.9964187,2.1251774,-0.57190996,1.9120557,0.4142784,0.37555122,-1.0188822,0.017535822,1.3951621,-1.7793156,0.5491903,-2.1890783,-1.6867688,1.0060737,1.3574497,0.38012576,1.5774858,-0.80793744,-1.2566915,-1.9667364,-1.0874866,-1.7768577,-1.6549463,-0.9456529,-1.8739792,-0.53664374,1.5774152,-0.6312049,-0.4577941,-0.1201073,0.28374502,1.7535845
1.2378361,1.8643985,-0.88857394,2.2303157,0.5899614,0.530357,-0.9790181,-0.09316595,1.7200392,-1.496139,0.629847,-1.9732819,-1.6642202,1.4283769,1.3944709,0.5620961,1.6549338,-0.6578948,-1.2989264,-2.0791104,-1.3981838,-1.894106,-1.5770139,-0.92418116,-2.0182045,-0.1264106,1.7418905,-0.6447791,-0.23568375,-0.41581115,0.33823803,1.7158331
1.1447898,2.0663364,-0.61821467,1.9957523,0.6825837,0.55094326,-0.84542406,0.01774252,1.6613524,-1.7391708,0.30728322,-1.9731295,-1.7181914,1.2075787,1.4079735,0.27790672,1.4283643,-0.6561085,-1.3439946,-1.9898237,-1.3515577,-1.9443015,-1.4914777,-0.95357144,-2.1974905,-0.35120314,1.8714867,-0.46041685,-0.27777937,-0.6885003,0.6085853,1.8704103
0.981613,2.514624,-0.11334211,1.4491047,0.8585737,0.56136864,-0.4186383,0.34753177,1.3794003,-1.6479508,-0.0052993074,-1.7687812,-1.4771115,0.9249822,1.3851855,0.18373045,0.88062835,-0.47330514,-1.2144183,-1.6968883,-1.168368,-2.0086777,-1.0112351,-0.6832868,-2.1799965,-0.6836691,2.079293,-0.01028835,-0.39635348,-1.056052,1.1835833,2.128552
0.9140247,2.5818431,0.030193273,1.2691257,0.9428903,0.5325784,-0.35802758,0.35249418,1.3082778,-1.6149317,-0.012710869,-1.6466401,-1.3792667,0.8436316,1.4107188,0.15260848,0.81437457,-0.387742,-1.1605043,-1.6360147,-1.0213854,-2.0398827,-0.83818793,-0.62025815,-2.059269,-0.77322674,1.9919891,0.058406137,-0.310054,-1.0655003,1.2449325,2.0922725
0.9490873,2.5797534,-0.11863007,1.3928099,0.7929046,0.46744847,-0.589692,0.31482416,1.3982005,-1.7512125,0.16514233,-1.7356093,-1.5214461,0.887367,1.4446291,0.047838084,0.95199996,-0.5526969,-1.2058066,-1.6825258,-0.9727455,-1.9813672,-1.0383813,-0.80012643,-2.0623212,-0.7808557,1.935761,-0.11200365,-0.21890457,-0.98603225,0.9802355,1.9823978
0.69242465,2.1145866,-0.394417,1.5524776,0.16081083,0.32275546,-1.0121114,0.21757115,1.4456289,-1.9019797,0.47518206,-1.7690212,-1.6959656,0.89500624,1.1830916,0.015880808,1.3370631,-0.925973,-1.1764289,-1.4488915,-0.771286,-1.5877379,-1.4447844,-1.134274,-1.834351,-0.64070976,1.4616113,-0.55106527,0.115601875,-0.2827036,0.2672669,1.4080845
0.89965767,2.2339735,-0.33697045,1.6529424,0.45018715,0.40664458,-1.0787666,0.12019063,1.4904686,-1.6535194,0.5482586,-2.1754293,-1.7054787,0.8951948,1.2539823,0.1869056,1.5363678,-0.7479327,-1.2355,-1.737614,-0.90673643,-1.7608117,-1.5220407,-0.9679449,-1.876526,-0.791924,1.5682192,-0.51263595,-0.35490766,-0.31616345,0.39947706,1.7090364
0.98282874,2.4403768,-0.12387639,1.4683661,0.69164145,0.47562408,-0.8043859,0.13632713,1.4933472,-1.6795021,0.25201678,-1.8044246,-1.6341077,0.9023821,1.3815051,0.09154125,1.3304714,-0.6211019,-1.2890836,-1.7703575,-1.0204362,-1.9673504,-1.2677464,-0.91585565,-1.9070497,-0.7383969,1.6596054,-0.24495834,-0.23449545,-0.773189,0.69972456,1.8999754
1.0275035,2.4569635,0.02116308,1.235914,0.8169918,0.5542258,-0.52939844,0.13030659,1.3766041,-1.5066497,0.08872065,-1.5645843,-1.4671907,0.9087305,1.3889499,0.2143366,0.9921329,-0.4395476,-1.1802912,-1.6264652,-1.0975106,-2.0240033,-1.032286,-0.7125928,-1.8238019,-0.6986407,1.6807014,0.04369975,-0.28172436,-0.97895324,1.007808,2.076626
1.0031201,2.5465415,-0.03217925,1.3491057,0.86337423,0.59337604,-0.4306793,0.25944027,1.4186023,-1.5582241,0.065634154,-1.7181697,-1.4617325,0.9050846,1.4138379,0.22134647,0.8848398,-0.4286286,-1.2068088,-1.6778946,-1.1154811,-2.0278869,-0.97701234,-0.6431456,-2.0235498,-0.7049102,1.924081,0.022792362,-0.33296603,-1.0408916,1.1639259,2.1376534
0.9441565,2.5779574,-0.13350642,1.484601,0.8281275,0.5373944,-0.48440856,0.40314126,1.4099542,-1.7279308,0.14328325,-1.9151263,-1.5300022,0.8371232,1.4431792,0.12551612,0.9034109,-0.50716424,-1.2089353,-1.7006663,-1.0535904,-1.972308,-1.0698304,-0.698553,-2.209994,-0.703984,2.110577,-0.1185807,-0.33829838,-0.930852,1.0606812,2.087977
0.9736434,2.3010342,-0.37694067,1.7467809,0.6629058,0.48623988,-0.8835937,0.14644231,1.4655843,-1.6582867,0.4024107,-2.1379387,-1.5589738,0.8576157,1.3681278,0.3409265,1.4508601,-0.6124132,-1.2270471,-1.8863149,-1.0543913,-1.9278566,-1.4069668,-0.81681854,-2.0279272,-0.61245507,1.8317595,-0.42732525,-0.44505844,-0.33396983,0.59086025,1.8698115
1.0869068,2.0039384,-0.7916202,2.1374276,0.4449609,0.408019,-1.111605,-0.10335523,1.6045465,-1.6678066,0.64279395,-2.1088831,-1.6562147,1.1406974,1.424131,0.40327078,1.663509,-0.7809159,-1.2255411,-2.0883615,-1.0943657,-1.7496201,-1.6365856,-0.9101964,-1.9321167,-0.3572343,1.6824502,-0.75282276,-0.36660266,-0.15272175,0.18560362,1.6724335
1.1180611,1.7557797,-0.4747377,1.7369716,0.63844347,0.9314417,-0.72114563,-0.056116432,1.6761843,-0.80560523,0.645291,-1.6549958,-1.2467207,1.2765815,1.2163754,0.9387945,1.3522245,-0.59228104,-0.9050376,-1.389571,-1.221947,-1.6546535,-1.2441652,-0.72275263,-1.8420225,0.18242764,1.4892671,-0.47469342,0.015432602,-0.118908495,0.13140105,1.5489838
1.0532477,1.6028347,-0.47425324,1.6727631,0.6182741,0.89296144,-0.6673317,-0.12222241,1.6105183,-0.68735975,0.63355887,-1.4903712,-1.1419246,1.3379741,1.0960268,0.9889785,1.3243326,-0.62367505,-0.78872323,-1.3154788,-1.2249212,-1.54511,-1.2104539,-0.7160075,-1.7470663,0.30074796,1.382435,-0.45115528,0.041606836,-0.046042874,0.08567403,1.451997
0.97117364,2.0192013,-0.32054454,1.7546226,0.73571205,0.8700781,-0.60484993,0.10275189,1.616031,-0.9511991,0.46627402,-1.790761,-1.2454151,1.1108813,1.295342,0.81450504,1.2993163,-0.5415106,-0.97529614,-1.4602793,-1.172999,-1.7973844,-1.1238534,-0.63377005,-1.9744968,-0.044668175,1.6438426,-0.36999133,-0.1107477,-0.20981541,0.36072573,1.6813494
1.0570512,2.0272431,-0.41352606,1.8770766,0.69371665,0.7955178,-0.7828628,0.07921945,1.7085336,-1.0711181,0.5397898,-1.8804632,-1.2926698,1.1094699,1.2867663,0.73235816,1.3951954,-0.565714,-1.0675969,-1.5664941,-1.1249768,-1.8327576,-1.2209694,-0.70910203,-1.984497,-0.06571666,1.707143,-0.48724875,-0.124207444,-0.19416621,0.24390832,1.6643504
1.0306464,1.937784,-0.4635386,1.9594494,0.7288792,0.7567034,-0.7338095,0.12557821,1.7350612,-1.2746174,0.39831865,-1.9387939,-1.3429797,1.0827091,1.2437891,0.718289,1.4065478,-0.5203918,-1.1149505,-1.6468897,-1.2036065,-1.8577794,-1.2473907,-0.77163106,-2.1173983,-0.046138667,1.86134,-0.5035174,-0.13432692,-0.17908981,0.2778729,1.6551934
0.8516559,2.2246165,-0.113362834,1.7325754,0.8179176,0.8161133,-0.46192473,0.2531101,1.6169459,-1.211,0.15225278,-1.9118785,-1.25865,0.8453308,1.3055019,0.67508864,1.1563932,-0.47546387,-1.05484,-1.5441495,-1.1048219,-1.8550011,-0.98397106,-0.54951257,-2.1223345,-0.24752322,1.8844274,-0.37061656,-0.16270667,-0.2958214,0.5873759,1.7621467
0.798533,2.3090825,0.029600319,1.6093134,0.8352779,0.8529753,-0.41242814,0.33285022,1.5348872,-1.1320977,0.10128822,-1.930266,-1.236455,0.73240703,1.2916402,0.6189944,1.1058856,-0.449954,-1.0112958,-1.4588722,-1.0567366,-1.8142409,-0.88543427,-0.4909082,-2.0890102,-0.38106537,1.822022,-0.31157076,-0.17567609,-0.3445401,0.6876572,1.7342479
0.8093193,2.3050387,0.34610128,1.3099387,0.9181582,1.0956802,-0.2346257,0.6289349,1.3169391,-0.8152453,0.18862009,-1.7273015,-0.9503237,0.80093414,1.1240993,0.78982943,0.93651277,-0.30113208,-0.8888143,-0.9682436,-1.0379583,-1.9674777,-0.49757254,-0.1076377,-1.9629632,-0.5429269,1.6036083,-0.045479815,-0.3194683,-0.19841993,0.87429994,1.7750317
0.8342032,2.265457,0.3267128,1.294905,0.852404,1.0688213,-0.27475488,0.597196,1.3289258,-0.7244549,0.23771371,-1.6618567,-0.99565965,0.8231399,1.1597921,0.7779114,0.8752322,-0.3196123,-0.8201581,-0.86307025,-1.0801775,-1.9136637,-0.55119926,-0.0825298,-1.9028207,-0.5263614,1.5480424,-0.03978403,-0.30352187,-0.26245987,0.91704303,1.830913
0.7755823,2.1321096,0.29953396,1.2009913,0.9135543,1.087266,-0.2487594,0.5292739,1.2161928,-0.64182067,0.3104509,-1.5781035,-0.8858789,0.9790481,1.0461984,0.80701613,0.9217256,-0.29725534,-0.7431884,-0.7664304,-1.0360614,-1.9535755,-0.4519289,-0.14011638,-1.8672147,-0.48703474,1.4257743,0.029524386,-0.2507706,-0.16406448,0.8479704,1.6757107
0.9318647,1.9163013,-0.113050565,1.5231822,0.80919254,0.9843652,-0.53672606,0.29714143,1.4287994,-0.8053879,0.48340398,-1.7023114,-1.0476731,1.0911841,1.0065347,0.7840242,1.1784257,-0.44413355,-0.9120631,-1.0757871,-1.0676235,-1.8002195,-0.84503204,-0.45660713,-1.9007591,-0.20378959,1.4607443,-0.23843083,-0.143522,-0.035764854,0.4081327,1.4763473
0.80013204,1.7453201,-0.18872271,1.4181759,0.72939026,1.0189497,-0.42726436,0.03389769,1.4410044,-0.6192297,0.34076148,-1.4321601,-1.0726166,1.1508732,1.1007628,0.89271396,1.2140493,-0.5911872,-0.7064952,-1.1669298,-1.141296,-1.5624956,-0.95655006,-0.5793158,-1.8406843,0.018762246,1.3673824,-0.27694035,0.049001694,-0.10531529,0.33604202,1.4182407
0.9747933,1.5897591,-0.38835204,1.6268195,0.7506629,0.9336105,-0.544899,-0.03650739,1.5527953,-0.6982093,0.5075935,-1.4783404,-1.0964614,1.3232241,1.019026,1.0266855,1.3207843,-0.5679612,-0.7538551,-1.3090005,-1.2312396,-1.6014055,-1.0764652,-0.6665747,-1.8430055,0.26236957,1.4439102,-0.42684957,0.050196417,0.031467948,0.1479339,1.3406788
0.6759269,2.185925,0.1559664,1.2710017,0.85936356,1.0746522,-0.24002543,0.36117902,1.3344696,-0.71481544,0.2073678,-1.6064138,-0.979874,1.0017099,1.2463577,0.86359805,1.0595067,-0.4604572,-0.77124333,-1.0616115,-1.0828332,-1.9266006,-0.6652894,-0.3195147,-1.9447013,-0.40966785,1.5291231,0.00057940185,-0.24714205,-0.19584782,0.7816483,1.7906363
1.0737901,1.9168601,-0.37035257,1.8590068,0.7069,0.81333816,-0.7975205,0.16357656,1.6988106,-0.9253905,0.58921313,-1.8675202,-1.1724008,1.2515739,1.0905263,0.8780987,1.4039172,-0.57520413,-0.97254235,-1.5132653,-1.1046563,-1.8513476,-1.1047233,-0.71296656,-1.9414034,0.014446244,1.6961237,-0.49986988,-0.12012637,0.00929615,0.14840777,1.4483163
0.43333253,1.5584519,-0.09140314,1.5110557,1.3780812,1.0379956,0.4362047,0.4618204,0.97199845,-0.78041536,-0.11697742,-1.4080844,-0.85088336,1.1281294,0.89491665,0.7047164,0.49312088,-0.024315558,-0.7584369,-0.8596866,-1.2407637,-1.6570973,-0.5032423,0.072582416,-2.012241,-0.100966714,1.9279885,0.22733516,-0.27120483,-0.4818395,1.2534698,1.4250717
0.5030925,1.4650075,-0.18766667,1.5826226,1.3961501,1.0337282,0.37588608,0.41481215,1.0045688,-0.7691911,-0.064936265,-1.3948671,-0.8805246,1.2130779,0.8670597,0.72075486,0.5214321,-0.0068217767,-0.75791574,-0.90382516,-1.2779119,-1.6333647,-0.5481734,0.03436214,-1.9968904,-0.012658365,1.9207141,0.1450263,-0.20487405,-0.48221937,1.210597,1.3266488
0.8759393,2.2853394,0.28277457,1.4004103,0.8736464,1.0356205,-0.42126217,0.574363,1.4172747,-0.848723,0.2179349,-1.7984111,-0.9957554,0.86821234,1.0780331,0.75956863,1.0905463,-0.3110634,-0.94525033,-1.1013619,-0.96777683,-2.0192275,-0.50455153,-0.27956814,-1.9611189,-0.57844996,1.6686828,-0.17256606,-0.23311882,-0.20550612,0.7206556,1.6323227
1.0473717,2.1986241,-0.07404141,1.6767852,0.7142534,0.90745044,-0.70542085,0.37188458,1.6404188,-0.982157,0.48446262,-1.8952681,-1.1100428,1.008111,1.1352241,0.7616929,1.2351356,-0.46431807,-0.99577576,-1.3706229,-0.9649506,-1.9598974,-0.88840646,-0.5261415,-1.9400562,-0.30922258,1.7569393,-0.36512297,-0.22946078,-0.16214702,0.40835175,1.6407893
1.1293589,-0.17371967,-1.1386875,1.5869745,1.6153518,1.1585213,0.03605269,-0.6858388,0.647559,0.020664308,0.7735878,-0.39857742,-0.7139339,1.9410232,0.28195056,1.0190965,0.6022272,0.24339806,0.2616886,-0.94975746,-1.7579827,-0.5939132,-0.77879983,-0.34659764,-1.0396389,1.2963185,1.1221939,-0.6719488,0.7420786,-0.4469711,1.0399693,-0.22091177
0.22426054,1.6321588,0.32001382,0.97594976,1.473775,1.171064,0.96243095,0.38539192,0.6139998,-0.3251041,-0.22335826,-1.0782087,-0.6993883,1.0567083,0.8897468,0.70907414,-0.17388648,0.09228798,-0.25246742,-0.2782552,-1.0254405,-1.359226,-0.09011709,0.36318955,-1.8214421,-0.25682986,2.0070436,0.73102593,-0.27969825,-0.8659278,1.7912863,1.4512496
0.9005621,2.106669,-0.23819618,1.7386146,0.9210236,0.3809467,-0.834743,0.17620698,1.7820388,-1.6599623,0.16554412,-1.6284302,-1.4431404,0.8990438,1.3318801,0.099005245,1.0858556,-0.35709655,-1.2448459,-1.619936,-0.78599894,-2.064438,-0.9328228,-0.8848057,-2.0608969,-0.42994392,1.9913701,-0.50790113,0.20188057,-0.7026972,0.5782151,1.652112
0.75758153,2.4344382,0.5602385,1.1810614,1.0206548,0.97241944,0.06969245,0.86344105,1.2704996,-0.9272363,-0.31053638,-1.7450129,-0.8352152,0.6664138,1.0302534,0.7676392,0.50622135,-0.13724498,-0.9656417,-0.9301573,-0.99920064,-2.0399773,-0.2252602,0.039907772,-2.011307,-0.6434489,2.121462,0.08487073,-0.3632593,-0.49070308,1.2586185,1.9390167
0.81040883,2.3669345,0.5956286,1.1145686,1.022893,1.0389538,0.111372516,0.8765362,1.2536142,-0.8110177,-0.2727607,-1.6540827,-0.8088171,0.720207,0.9980414,0.8500319,0.42449722,-0.09316966,-0.89697504,-0.7918389,-1.0110135,-2.0448132,-0.16836907,0.10223605,-1.9698994,-0.60142934,2.105843,0.121513836,-0.32124883,-0.48031977,1.2787931,1.9362102
1.2392435,1.781687,-0.54042554,1.9366874,0.63871956,0.8338095,-0.88690317,-0.057453856,1.8408206,-0.924722,0.6600722,-1.7246252,-1.2730156,1.3448803,1.2194449,0.9472647,1.4343019,-0.5991285,-0.9809895,-1.6209584,-1.2007145,-1.7549908,-1.2310991,-0.7577474,-1.893261,0.22222537,1.6738323,-0.67921275,0.05357959,-0.043534912,-0.0053630816,1.5111846
0.65212893,2.2650104,0.29753304,1.3538522,1.1772046,0.90699655,0.16163875,0.70103973,1.1796833,-1.1496646,-0.42118716,-1.7190357,-0.8874281,0.8038818,1.009789,0.48495066,0.6490652,-0.066675514,-1.1397444,-1.1104156,-1.105035,-1.9479812,-0.294,-0.06988795,-2.1843226,-0.57319707,2.2279868,0.19068456,-0.37326932,-0.71495986,1.3205951,1.8741425
0.6365592,2.3286655,0.522324,1.1553891,1.205556,0.98245853,0.2904299,0.8337004,1.0704625,-0.9918781,-0.4790988,-1.6701032,-0.7492673,0.69313306,0.92872214,0.58639383,0.54894817,-0.0024082055,-1.0836748,-0.92819655,-1.0722977,-1.9385751,-0.13365522,0.10454351,-2.069359,-0.6340684,2.1645026,0.28686404,-0.43379247,-0.67716897,1.4471494,1.8947188
0.9725733,2.1546705,-0.18152584,1.8175552,0.8878976,0.6938646,-0.53384584,0.30773655,1.627763,-1.3643504,0.052072383,-1.9849094,-1.3306388,0.92969936,1.2450709,0.63819665,1.203322,-0.4093799,-1.1699005,-1.6422763,-1.1986264,-2.0038364,-0.98578835,-0.6704884,-2.222392,-0.25433072,2.0745904,-0.3985709,-0.15981248,-0.368028,0.58889735,1.7750437
1.0216606,2.2159698,-0.287602,1.8137971,0.74848986,0.48727673,-0.78555477,0.24849635,1.7352029,-1.6942356,0.20051874,-1.9512489,-1.4446169,0.80641085,1.2573875,0.23551518,1.1784716,-0.4435805,-1.2416807,-1.7177271,-1.0404773,-1.9577142,-1.1294565,-0.7812881,-2.160808,-0.48364305,2.1308827,-0.4575847,-0.22011128,-0.5888363,0.64295685,1.8516389
0.65195954,2.6001518,0.5452636,0.9322638,1.0792797,0.68077505,0.15214549,0.70056206,1.1583518,-1.263306,-0.36316305,-1.484795,-0.8819947,0.38570076,1.2103153,0.28369582,0.12102683,-0.03325955,-0.83044595,-1.0894176,-0.69752556,-1.9136461,-0.15835775,-0.06633444,-1.9134213,-0.7336045,2.2193503,0.23974112,-0.24775212,-0.9519072,1.5880998,2.036927
0.54571354,2.490491,0.5929096,0.9640191,1.2414794,0.76037055,0.4333333,0.81746095,1.0085222,-1.2384899,-0.5021148,-1.5431172,-0.781472,0.44960487,1.1093239,0.42323703,0.10604353,0.004492119,-0.89418393,-0.9802996,-0.7576473,-1.923514,-0.04196526,0.11377041,-1.9806042,-0.74043685,2.2402008,0.30446276,-0.46007052,-0.84254223,1.6479093,2.024756
0.6094801,2.674061,0.47267526,1.027725,1.1275537,0.6051159,0.021144822,0.6216195,1.2372339,-1.4622808,-0.29571128,-1.6138165,-0.99264807,0.43252409,1.3425305,0.17308939,0.33228117,-0.12965739,-0.93151397,-1.2967362,-0.63583964,-1.9913841,-0.30159917,-0.27691773,-2.0247912,-0.81906617,2.1276622,0.13633811,-0.2410962,-0.9409966,1.3899013,2.0250125
0.67233616,2.6023953,0.5235595,0.9648359,0.95400953,0.6175488,0.0013198033,0.8122902,1.1977537,-1.353473,-0.2748052,-1.5316681,-0.8554674,0.35698804,1.0445467,0.14733955,0.1360743,-0.051383328,-0.8284669,-0.98590136,-0.681547,-1.8693314,-0.20412216,-0.111963704,-1.9235941,-0.7874493,2.3209233,0.2549649,-0.3433591,-0.94352794,1.5362977,2.0156484
0.41914833,2.4926693,1.0248165,0.4935255,1.2730057,1.0703042,0.9184444,1.088681,0.72173166,-0.718605,-0.6910888,-1.308609,-0.47186685,0.38886395,0.9224994,0.65768045,-0.34242037,0.1292633,-0.6377971,-0.3750372,-0.7363436,-1.7345024,0.40136987,0.5920688,-1.7756711,-0.82878,2.2076278,0.71313953,-0.5386325,-0.85864866,1.97936,2.0119853
0.4614871,2.6009989,0.8594508,0.6745906,1.2240748,0.8824508,0.5816237,0.9181423,0.900069,-0.9972496,-0.60650456,-1.4558252,-0.6532292,0.32583344,1.0825489,0.49894184,-0.07425401,0.09530078,-0.775542,-0.7675687,-0.69323605,-1.8871409,0.18949163,0.29254362,-1.8537387,-0.8373974,2.1963208,0.5368935,-0.4955206,-0.88254094,1.8305393,2.063974
1.0291518,2.306666,-0.25705957,1.7418791,0.6757196,0.7068911,-0.75987864,0.12742914,1.6179272,-1.068762,0.5431848,-1.7953233,-1.2392026,1.0606537,1.4283907,0.6002204,1.2947453,-0.45791885,-1.0008619,-1.5989279,-1.0064386,-1.9969155,-1.0463017,-0.5719744,-1.8962698,-0.3627209,1.8242284,-0.3126595,-0.27386647,-0.4879147,0.62056047,1.9176587
0.9193523,1.9777346,-0.27135843,1.6436384,0.9377854,0.46719334,-0.58911216,0.17173877,1.7360107,-1.530312,-0.0006176308,-1.3353657,-1.3074098,1.1984853,1.4741634,0.20171052,0.7382989,-0.2745799,-0.90813386,-1.4969718,-0.8261604,-1.886726,-0.81840664,-0.8394192,-2.035657,-0.29800132,1.9368507,-0.47980124,0.48142016,-0.9177368,0.5951938,1.5552005
0.56737596,1.2672284,0.060010567,1.2688317,1.5241859,1.1708653,0.75139415,0.507316,0.7010507,-0.54536927,-0.058994398,-1.0800133,-0.58440727,1.1628251,0.5665997,0.7910393,0.21976706,0.08681163,-0.4965056,-0.52937984,-1.4081395,-1.3280499,-0.29701057,0.32807577,-1.6939319,0.15472993,1.7741239,0.30184248,-0.2607844,-0.6041686,1.5751895,1.1713126
0.5082884,2.4540823,0.9744245,0.69140625,1.2525456,1.1192555,0.68458307,1.1488932,0.80277514,-0.7406607,-0.5414898,-1.5238564,-0.48799336,0.43704188,0.8358551,0.80084944,0.12258203,0.0052414993,-0.8278071,-0.48509297,-0.9052827,-1.8482622,0.17952076,0.5370813,-1.7947607,-0.82039684,2.0052187,0.516017,-0.68484706,-0.5303248,1.7154058,1.9414196
0.65323114,2.5149987,0.5059314,1.08217,1.0790577,0.62792623,0.011812918,0.6914142,1.1701187,-1.3206992,-0.31082004,-1.6723721,-0.88591254,0.42283118,1.0820152,0.3241981,0.43210742,-0.08212729,-0.97272146,-1.1769569,-0.76581097,-1.9736124,-0.27934206,-0.11211778,-1.9396256,-0.7609873,2.1235025,0.07797419,-0.40547386,-0.7468473,1.4450823,1.973536
1.0797544,2.3474858,-0.27839392,1.7310165,0.5412582,0.6641977,-0.8463373,0.1302069,1.6466106,-1.2000418,0.6397295,-1.728947,-1.2645729,0.9457013,1.4319199,0.47961217,1.1911492,-0.4806294,-0.9767491,-1.5718116,-0.94885176,-1.9039253,-1.1460841,-0.58286595,-1.8232437,-0.39265555,1.8553478,-0.3035776,-0.33710507,-0.5361531,0.5602623,1.9522442
0.4488418,2.6424012,0.7693373,0.6376191,1.3069855,0.8149355,0.6045412,0.85056937,0.8433735,-1.1430358,-0.5058466,-1.3763912,-0.6576741,0.32752943,1.112594,0.30062377,-0.07034666,0.15355158,-0.7785453,-0.8514687,-0.5766275,-1.9019629,0.15837197,0.16284995,-1.8444742,-0.8408011,2.1397247,0.61297,-0.4645188,-1.1055772,1.903347,2.0519228
0.43169683,2.65496,0.772979,0.7620321,0.9715316,0.7925047,0.4125307,0.8623182,1.1406592,-1.1132938,-0.51106274,-1.6121409,-0.8995117,0.4651375,1.3360229,0.51285857,-0.055838503,-0.19650161,-0.63251257,-0.9215307,-0.72681427,-1.8763628,-0.09580101,-0.07970151,-2.006475,-0.86065704,2.188143,0.49148637,-0.31935522,-0.80353874,1.50027,2.150186
0.38401946,2.6293569,0.74793226,0.8073269,1.0586201,0.80284095,0.4838049,0.8641834,1.036437,-1.1656797,-0.49707776,-1.6644393,-0.892538,0.39004177,1.2666285,0.4926657,-0.022241272,-0.13937533,-0.7307172,-0.91124594,-0.75346535,-1.8946959,-0.11261515,0.024574246,-2.0189893,-0.834384,2.2003405,0.5053089,-0.46505612,-0.77240205,1.6347905,2.1574044
0.7881295,2.3003607,-0.07122938,1.4349908,0.70796394,0.48163477,-0.6651852,0.2643377,1.4774386,-1.532207,0.23164478,-1.8680223,-1.3384376,0.7021021,1.3117716,0.17212865,1.0196197,-0.40807644,-1.0766265,-1.5679189,-0.8324939,-1.912975,-0.9855714,-0.70316184,-1.9566053,-0.74787503,1.9495766,-0.15789351,-0.31702307,-0.62654024,0.8782652,1.9310386
0.7036689,2.3620157,0.061028846,1.3848454,0.8653054,0.34483305,-0.6154926,0.47054252,1.4892879,-1.6843653,0.13271332,-1.7557689,-1.3487005,0.6975816,1.2713203,-0.021308515,0.83347183,-0.37336034,-1.1592551,-1.442821,-0.71136385,-2.0292702,-0.7342044,-0.7099594,-2.0298386,-0.8156954,2.0236065,-0.06610732,-0.12419609,-0.7367059,0.87970334,1.8533412
0.41934943,2.0071967,0.1948694,1.3673384,1.2525768,0.9015531,0.38452256,0.6485385,1.0353246,-1.0179152,-0.2851035,-1.6395028,-0.8810439,0.8675804,0.98413444,0.62907636,0.6082293,-0.16419813,-0.9650105,-0.984882,-1.1644764,-1.8726509,-0.40596762,0.0026996816,-2.0975156,-0.45949608,2.0734894,0.36147723,-0.53536534,-0.5144099,1.2671425,1.7911313
0.4360294,1.9936922,0.108884275,1.4814955,1.2074479,0.8379378,0.2689586,0.6058879,1.1086744,-1.129157,-0.2755134,-1.6863307,-0.94686353,0.88816607,1.0282403,0.58310956,0.6817237,-0.19662985,-1.0052879,-1.0939173,-1.1723471,-1.8956286,-0.49232313,-0.10252282,-2.1551628,-0.43790776,2.1123302,0.27129978,-0.5026275,-0.49175856,1.1758047,1.7825223
0.89127076,2.3053834,-0.24781366,1.4489565,0.41184938,0.5900518,-0.7701274,-0.020798704,1.4799205,-1.377037,0.42952478,-1.5654484,-1.2545204,0.81328404,1.4517043,0.28207672,1.1152439,-0.4582424,-0.86617684,-1.6367356,-0.8388732,-1.7897869,-1.0878391,-0.68166876,-1.7602501,-0.6933652,1.8474456,-0.17692399,-0.3434849,-0.6735944,0.802831,1.9735162
0.72184753,2.38629,0.16045798,1.3161551,0.7923064,0.35099882,-0.62421584,0.5624922,1.6077316,-1.6537907,0.09958066,-1.6971377,-1.3237273,0.7401407,1.3451875,0.036061205,0.81581557,-0.43865538,-1.072751,-1.4484499,-0.64194417,-2.0246546,-0.7035508,-0.75217927,-1.9621297,-0.8155278,1.9940726,-0.13893028,0.015668185,-0.7081082,0.70554835,1.8519949
0.4076013,1.9234471,1.1339619,0.22605234,1.5018569,1.1221771,1.2370101,0.8235138,0.3671078,-0.43013436,-0.42237884,-0.93829536,-0.277187,0.74365115,0.5583899,0.7933677,-0.38132778,0.24837372,-0.17661907,0.094369516,-0.91093284,-1.4799948,0.5808439,0.7218189,-1.45174,-0.62509155,1.7328506,0.94907707,-0.531402,-0.82291394,1.9950123,1.6876874
0.2782872,2.4451435,1.2443563,0.20059617,1.3307389,1.028441,1.1041306,1.116549,0.5412115,-0.6848119,-0.6629975,-1.2199949,-0.33937365,0.4259235,0.81550944,0.67483914,-0.4292938,0.17235169,-0.4529515,-0.16020223,-0.6622954,-1.7545236,0.5946752,0.66030097,-1.6066244,-0.979505,1.9839278,0.9459092,-0.6354131,-0.84663385,2.0255663,1.9954088
0.76601356,2.3398545,0.039885588,1.3894241,0.6355746,0.408514,-0.7010311,0.40343824,1.517752,-1.6563847,0.2046715,-1.8678411,-1.3071914,0.63518745,1.2727827,0.14632419,0.9541589,-0.41593218,-1.0261095,-1.5100675,-0.786452,-1.990132,-0.941128,-0.73324275,-1.9844213,-0.8046054,2.0221078,-0.11412223,-0.32235256,-0.5515803,0.8312804,1.9678857
0.78709084,2.3627079,-0.061395466,1.2475367,0.35307947,0.62061787,-0.6656705,0.03474225,1.3648351,-1.3815423,0.30135512,-1.5373505,-1.2024088,0.69648194,1.4306169,0.27702025,1.0442911,-0.44968882,-0.78703535,-1.5336537,-0.7851478,-1.7840558,-1.0244677,-0.6546208,-1.7104988,-0.83299094,1.7915584,-0.051122695,-0.38782066,-0.65868396,0.88015425,2.033832
0.58878475,2.5695705,0.9604916,0.21007955,1.2076902,0.7913883,0.49719796,0.8946057,0.8627639,-0.9152901,-0.35242134,-1.0244526,-0.44088125,0.31419587,0.98986566,0.36515403,-0.3431085,0.28308722,-0.47568652,-0.6068827,-0.26736313,-1.8849202,0.44986063,0.11774519,-1.4023917,-0.87661606,1.9478904,0.6879969,-0.20412685,-1.1701012,1.7879323,1.8673617
0.40339348,2.5142038,1.1840017,0.21673138,1.2308865,0.970683,0.9034121,1.071535,0.6628668,-0.752098,-0.58909667,-1.2656432,-0.43228263,0.34949127,0.8979753,0.6806933,-0.41628247,0.20018177,-0.46431038,-0.3345011,-0.572788,-1.7942423,0.5468387,0.5464422,-1.5704764,-0.96837384,2.0644739,0.8126707,-0.5723588,-0.87153983,1.9703444,2.0018654
-0.010922827,1.935411,2.3115056,-1.6901969,1.0564829,1.4571455,1.6023438,0.6401805,-0.71227,0.7759946,-0.7656205,0.2543649,1.5320277,-0.026882848,-0.23618272,0.71595204,-1.1873702,0.97840154,1.2386987,1.5197041,0.31898105,-0.35595182,1.7424086,1.3795372,0.14695667,-0.747659,0.5194669,1.4942039,-0.46616802,-1.1901858,2.7956767,1.2777679
0.008154247,1.9909358,2.2635717,-1.6493381,1.0750483,1.5029737,1.6280619,0.6372739,-0.68477887,0.76610184,-0.783926,0.24983573,1.5148441,-0.004769897,-0.16192889,0.7438247,-1.1970729,0.98050094,1.1886264,1.4446254,0.3008191,-0.4217454,1.7568942,1.3957322,0.07864678,-0.76681125,0.56702167,1.4776161,-0.43402094,-1.2123115,2.8557975,1.3251159
0.0031565465,1.9712746,2.2863152,-1.6656673,1.0733435,1.492536,1.6242721,0.62178093,-0.68518466,0.76683,-0.77606547,0.24796113,1.5144981,0.008085253,-0.17858829,0.7481211,-1.170563,0.9754304,1.2030003,1.4540807,0.29794604,-0.40958086,1.7475054,1.375227,0.096355,-0.7646178,0.54826313,1.475855,-0.4434517,-1.2114259,2.8350706,1.304991
0.015764374,1.9787135,2.3144968,-1.6625855,1.102415,1.4988639,1.6529592,0.65534514,-0.6823982,0.78278637,-0.7751987,0.2480239,1.5101163,-0.0108184125,-0.195467,0.75924295,-1.1827142,0.9742827,1.2180262,1.4712602,0.29429618,-0.4112359,1.781465,1.3923991,0.109297834,-0.7680977,0.56249213,1.501028,-0.44450083,-1.211688,2.832835,1.2993529
0.016437426,2.0281625,2.2561355,-1.6060011,1.1153061,1.5065925,1.6507294,0.65979344,-0.670417,0.744791,-0.77526605,0.227512,1.496248,-0.0014635734,-0.13917294,0.75917536,-1.1791217,0.96823287,1.1721772,1.3988991,0.29373384,-0.45325735,1.7721988,1.39547,0.05465363,-0.77521944,0.5887572,1.4744729,-0.4422244,-1.2146816,2.861708,1.329461
0.013692789,2.0491931,2.1865666,-1.5473423,1.0836965,1.5056461,1.5763967,0.6561894,-0.6040097,0.6624436,-0.77585757,0.16962627,1.4099648,0.036327884,-0.08475791,0.739662,-1.1116291,0.91794807,1.0544157,1.3110038,0.25563815,-0.51666933,1.6816065,1.3538626,-0.008993202,-0.80950075,0.6075426,1.4655236,-0.50134677,-1.1918613,2.8332875,1.3979623
0.00010454655,1.9818587,2.2808607,-1.6412208,1.0938745,1.4852688,1.6249276,0.63799673,-0.68951374,0.763167,-0.7611149,0.2355257,1.5044731,0.0082034655,-0.18357518,0.7414799,-1.1733093,0.9708272,1.1972151,1.4510815,0.29699543,-0.4079642,1.7583666,1.3840964,0.09643695,-0.7590377,0.5483054,1.4856378,-0.4541924,-1.2074333,2.8266788,1.296162
0.052570477,2.0534708,2.1761537,-1.5194392,1.1335001,1.5232009,1.6385921,0.6321589,-0.62898433,0.72627276,-0.72120017,0.18949986,1.4431156,0.07183592,-0.108406566,0.77412724,-1.1529049,0.9476099,1.0945538,1.3465085,0.2478397,-0.46784464,1.7399852,1.3934311,0.018742409,-0.7699474,0.6100379,1.4334723,-0.42937148,-1.2319618,2.8760085,1.3284746
0.0079381615,2.0273001,2.195506,-1.5733634,1.0923158,1.4847049,1.5912985,0.6397888,-0.63991964,0.68488735,-0.7572242,0.19887084,1.4388851,0.04112883,-0.10509482,0.7318667,-1.1366434,0.9390007,1.1004256,1.3540723,0.26935053,-0.47881177,1.7072692,1.3697575,0.031604666,-0.7918212,0.5884037,1.4640094,-0.4767101,-1.2009126,2.835234,1.356457
-0.01130756,2.0099905,2.233616,-1.6143836,1.0752316,1.4906826,1.5877192,0.6683933,-0.659386,0.7002785,-0.7900557,0.21501246,1.4474584,-0.0052917935,-0.13314539,0.71367383,-1.1585219,0.9435196,1.1114554,1.39848,0.2853202,-0.47297946,1.7245147,1.3827438,0.053098343,-0.7990632,0.5726271,1.5126173,-0.4934826,-1.1750982,2.8186052,1.3686268
0.00859588,2.03651,2.2079222,-1.5712491,1.0931882,1.5180852,1.6144009,0.6721563,-0.6480182,0.72478956,-0.77044284,0.20173517,1.4466795,0.0072242124,-0.119319975,0.74099493,-1.1772009,0.94756484,1.1018974,1.3764353,0.27930605,-0.47725216,1.7423576,1.3972604,0.032798074,-0.7880362,0.6002108,1.5034703,-0.47300935,-1.1950213,2.850669,1.3675689
-0.018247321,1.9909265,2.273307,-1.6348,1.0733387,1.4775101,1.5946062,0.6735207,-0.6826101,0.72961086,-0.7837248,0.22043967,1.4843984,-0.028278662,-0.17205812,0.7169593,-1.1709077,0.9559625,1.1691549,1.4357079,0.30600172,-0.4323723,1.740225,1.3813373,0.082574576,-0.7786229,0.55491215,1.5144677,-0.49729556,-1.1759923,2.8063254,1.3383875
-0.002865564,1.9563026,2.319453,-1.6753641,1.0770825,1.4735396,1.6193138,0.66152334,-0.70192087,0.77710927,-0.78074545,0.25321344,1.5223361,-0.037279725,-0.21951595,0.7253428,-1.1925427,0.977962,1.2338423,1.5051639,0.31202367,-0.3857716,1.7660497,1.3932685,0.12664625,-0.75380415,0.5371223,1.5039876,-0.4602531,-1.1857274,2.8045692,1.2971762
0.031712763,2.0103009,2.2413354,-1.5840855,1.108221,1.5086256,1.6366242,0.6458331,-0.6464899,0.75167257,-0.7458692,0.21504232,1.4704062,0.02482873,-0.1559028,0.7577537,-1.1700436,0.96349317,1.1525296,1.417622,0.270369,-0.43723938,1.7541023,1.3932436,0.06282073,-0.7619295,0.5903573,1.4633368,-0.43882445,-1.2189653,2.8519504,1.3192618
0.014530908,2.010533,2.3981545,-1.7759362,1.1493467,1.552685,1.7615858,0.6749493,-0.7324014,0.7572276,-0.89786756,0.2958513,1.5686296,-0.024732398,-0.11387363,0.8255175,-1.1788527,0.9953563,1.2156903,1.4399875,0.2951985,-0.53326714,1.8766139,1.3879,0.08358214,-0.8902441,0.55764127,1.5351833,-0.41415694,-1.2198638,2.9028456,1.3730241
0.024818841,2.005781,2.3981574,-1.7639257,1.1506679,1.5565491,1.7728964,0.66597885,-0.7364745,0.7845688,-0.8858778,0.30541435,1.588349,-0.033233933,-0.12850387,0.832366,-1.1933862,1.0082433,1.2423311,1.4496182,0.30380958,-0.5112059,1.8904953,1.3945062,0.09391156,-0.8644873,0.5596885,1.514137,-0.38460666,-1.231551,2.9111638,1.3461953
0.013603736,2.019092,2.4007251,-1.7653351,1.1440281,1.5632379,1.7628822,0.68425936,-0.72484565,0.7587812,-0.9088713,0.2919124,1.5693963,-0.046832427,-0.110344596,0.8280048,-1.1814312,0.9925872,1.2152436,1.4262667,0.30410016,-0.5414179,1.8780239,1.3873316,0.07523443,-0.88329643,0.56758285,1.5324609,-0.40934244,-1.2154686,2.9040694,1.381273
0.029175319,2.0248964,2.3885512,-1.7442861,1.1541953,1.5711725,1.7691844,0.6806929,-0.71624947,0.77702755,-0.8903216,0.28941023,1.5643859,-0.03216327,-0.1177681,0.8340644,-1.184369,0.9909833,1.2104677,1.4289843,0.29369277,-0.5278377,1.8807062,1.3978782,0.075644545,-0.8703327,0.57416856,1.52679,-0.39618945,-1.2254837,2.9085286,1.3658569
0.009965748,2.0070465,2.4106686,-1.7534614,1.1408283,1.537218,1.7585181,0.6603057,-0.75267184,0.7943708,-0.87962085,0.30101606,1.6038382,-0.05083462,-0.15169927,0.81610596,-1.1949161,1.0083734,1.2713645,1.4533135,0.32688016,-0.4862121,1.8863217,1.3881986,0.10502289,-0.8393487,0.5390975,1.5211178,-0.3832046,-1.2280586,2.8876765,1.3256444
-0.0012540445,2.0113928,2.4020967,-1.7552531,1.1388897,1.5301524,1.7499841,0.6789468,-0.7524873,0.76299196,-0.88869286,0.29465255,1.5948938,-0.06275544,-0.13401723,0.8066305,-1.1861892,0.99697316,1.256523,1.4429206,0.330222,-0.49892476,1.8734287,1.385721,0.09846142,-0.8555208,0.5410012,1.5215099,-0.4105644,-1.2110187,2.882215,1.3474268
0.007550303,2.03665,2.379127,-1.7645794,1.1476203,1.5455306,1.7800264,0.6700576,-0.73863745,0.75770915,-0.90392387,0.3160134,1.591016,-0.044008836,-0.08621524,0.83097863,-1.1884942,0.9903654,1.245099,1.4144424,0.31702232,-0.53330326,1.8853785,1.3973647,0.08695771,-0.8779541,0.56996346,1.5109551,-0.3814993,-1.2220993,2.917256,1.3704375
-0.008130275,2.0147192,2.380282,-1.7763672,1.1288034,1.5290579,1.7452995,0.65929705,-0.7689222,0.76820505,-0.9009334,0.31485862,1.613667,-0.05926854,-0.11743398,0.8019288,-1.2034067,1.0068265,1.2612336,1.4376582,0.34304708,-0.50509006,1.8770313,1.3962244,0.10118135,-0.86384565,0.5377532,1.5226808,-0.39024696,-1.213838,2.9026778,1.3558114
-0.045253977,2.0021567,2.389285,-1.7728913,1.1036204,1.4862187,1.7121906,0.6566565,-0.80817723,0.75396794,-0.8955605,0.31101796,1.6367266,-0.104685396,-0.14356163,0.76641184,-1.2057278,1.0177865,1.2985809,1.4419174,0.38702846,-0.48354468,1.8678294,1.378925,0.122607,-0.8454533,0.5021016,1.5256834,-0.40080935,-1.1973653,2.8725548,1.332739
-0.038830243,2.0075023,2.3927855,-1.7864759,1.1093184,1.5010284,1.7201533,0.66318583,-0.798361,0.7414771,-0.9061569,0.31023392,1.6287842,-0.091911785,-0.12788227,0.7761439,-1.1998283,1.0111392,1.2764019,1.4368107,0.37513465,-0.5029311,1.8710855,1.3797231,0.11387736,-0.86697227,0.50951606,1.5321082,-0.41361243,-1.1952587,2.8785908,1.3527818
-0.028947294,2.0093575,2.398698,-1.7788954,1.1154463,1.5030261,1.730243,0.6626607,-0.79104215,0.75335056,-0.89797014,0.3116853,1.6284894,-0.08621727,-0.13213524,0.78676075,-1.1998464,1.0122664,1.2861413,1.4415821,0.36415035,-0.49649724,1.8769591,1.381855,0.11650938,-0.8598694,0.51560086,1.5238805,-0.40433514,-1.2041968,2.881543,1.3424278
-0.04166749,2.0116944,2.4218488,-1.7733431,1.1118096,1.4969975,1.7174884,0.6761291,-0.7909344,0.73053473,-0.9107801,0.30236125,1.6275089,-0.10821253,-0.1409544,0.77185345,-1.1878607,1.0187624,1.2755426,1.4382766,0.3715816,-0.5154425,1.8805428,1.3745937,0.10544425,-0.867635,0.5060775,1.5320941,-0.42743063,-1.1902614,2.8696792,1.3548087
-0.0227274,2.00323,2.4293911,-1.7730913,1.1171781,1.5090871,1.7287406,0.69042385,-0.76680255,0.7478359,-0.9120395,0.2949083,1.6059369,-0.09525372,-0.1424137,0.7876614,-1.1921107,1.0067449,1.2738893,1.4506669,0.34830683,-0.50892943,1.8743424,1.3775576,0.101967335,-0.86328113,0.5278487,1.5407232,-0.427838,-1.1947113,2.8657064,1.3630736
-0.028901555,2.0042925,2.4350557,-1.7659317,1.1101081,1.5025965,1.7177428,0.6905356,-0.77145,0.73935866,-0.9040754,0.29041797,1.6150757,-0.10638034,-0.15527815,0.7798936,-1.188511,1.0114278,1.2757572,1.4488323,0.35993296,-0.5042624,1.8729504,1.3715707,0.1063785,-0.86116654,0.51879,1.5358717,-0.44022372,-1.1922743,2.860366,1.355249
-0.058642082,2.018531,2.2832668,-1.7458999,1.1149807,1.5225956,1.6930214,0.5988571,-0.77812546,0.751789,-0.85838604,0.279345,1.5616394,0.030608628,-0.08905238,0.7747446,-1.1924391,0.98444164,1.1824478,1.3952935,0.33527744,-0.5003638,1.8205788,1.3698678,0.06687601,-0.8511563,0.51693505,1.5588259,-0.43454024,-1.2287736,2.8958054,1.3535354
-0.050138324,1.9874089,2.2969723,-1.7836751,1.1085728,1.5031465,1.7090375,0.5800584,-0.81317705,0.78909564,-0.8543228,0.31020424,1.6056862,0.013956099,-0.11327762,0.77702034,-1.2240752,1.0023525,1.2533625,1.437844,0.35501844,-0.45103553,1.8335173,1.3719313,0.11282616,-0.8250846,0.5011047,1.5394504,-0.3817663,-1.2385933,2.897387,1.3148096
-0.0587812,1.9984539,2.3228254,-1.7921361,1.1082067,1.4956616,1.7068664,0.5892668,-0.81827974,0.76485085,-0.8734465,0.3156382,1.6203774,-0.008816382,-0.11304125,0.7700882,-1.2115301,1.0110115,1.2579036,1.4271746,0.37071943,-0.4749718,1.8466847,1.3671141,0.107943945,-0.8399057,0.49217397,1.5401738,-0.3944525,-1.2290094,2.8933797,1.3255543
-0.082295395,2.0370905,2.2981243,-1.7727873,1.1052141,1.5107527,1.693104,0.61341554,-0.7966037,0.70696753,-0.902562,0.2941333,1.5877204,-0.014364278,-0.062475868,0.76226234,-1.1849377,0.9886726,1.1856235,1.3710972,0.37057114,-0.5425903,1.8317304,1.3656439,0.061472345,-0.8841943,0.5116397,1.560177,-0.44427156,-1.2052809,2.8996463,1.3890417
-0.0941337,2.0405858,2.3033552,-1.775588,1.0964289,1.5010649,1.6719414,0.615774,-0.80370694,0.6831862,-0.9094397,0.29015842,1.5919842,-0.022974381,-0.06780876,0.7443219,-1.1750535,0.98808825,1.1741836,1.3631829,0.3839125,-0.55080193,1.8236378,1.3561472,0.055738904,-0.8928587,0.49758363,1.5659289,-0.4666159,-1.1955131,2.886702,1.3953373
-0.04659812,2.0343235,2.264355,-1.7311864,1.1286922,1.5380067,1.697898,0.6009031,-0.7672414,0.73096603,-0.8626425,0.27800673,1.5544497,0.031773303,-0.073898196,0.7720163,-1.1980143,0.99572253,1.1452847,1.3760564,0.3326879,-0.5364559,1.8297585,1.3754833,0.04305184,-0.868186,0.5330326,1.5543876,-0.42583683,-1.235974,2.9200592,1.3734832
-0.050716482,2.0320303,2.2658024,-1.744468,1.1251332,1.5452324,1.7039552,0.6097177,-0.76281565,0.7308207,-0.8837093,0.27937225,1.550213,0.025756545,-0.058515906,0.7802361,-1.196561,0.9875653,1.1427222,1.3764818,0.32756028,-0.54900384,1.8262635,1.3779849,0.039076295,-0.8806796,0.5406638,1.5591905,-0.4289363,-1.2278588,2.924122,1.3959702
-0.045266673,2.0197382,2.259784,-1.7471559,1.1239132,1.5374963,1.7123641,0.59889776,-0.7637189,0.7551506,-0.86647594,0.28704298,1.5509042,0.03895694,-0.06262447,0.78864956,-1.2052753,0.9872573,1.1674035,1.3882211,0.32020175,-0.52231413,1.825802,1.3810402,0.058221098,-0.86512667,0.54551077,1.5535144,-0.41225398,-1.2394056,2.9252427,1.3757002
-0.0789359,2.0394554,2.2595832,-1.7556696,1.1075906,1.531327,1.6945975,0.6169549,-0.7892817,0.7240378,-0.8991337,0.28135514,1.5611056,-0.0028243568,-0.04260949,0.7658093,-1.2079129,0.9836474,1.1582278,1.3710195,0.350904,-0.54835355,1.8214717,1.3821698,0.042246487,-0.8836605,0.53204656,1.5741612,-0.4327031,-1.2079757,2.9179645,1.4071362
-0.07787619,2.0279613,2.2938178,-1.7863114,1.1060923,1.5346522,1.7008955,0.62674636,-0.7845984,0.71792656,-0.931136,0.29124463,1.570267,-0.02002366,-0.044312462,0.7717908,-1.1986638,0.98863053,1.1684587,1.3801594,0.34898978,-0.5668088,1.8307672,1.3777819,0.043052487,-0.89931124,0.5314663,1.5749733,-0.43679327,-1.2001797,2.9177377,1.425791
-0.06926184,1.9851105,2.3308132,-1.8193356,1.0962335,1.5098376,1.7114815,0.6015415,-0.8207171,0.76746047,-0.9115772,0.31814837,1.6254337,-0.0330562,-0.09463346,0.77835613,-1.2153493,1.0073287,1.2606367,1.4334257,0.3741811,-0.49218658,1.8460838,1.3696074,0.105215475,-0.85412467,0.49598223,1.5459155,-0.3939859,-1.2090603,2.8985088,1.3595426
-0.057760403,1.9844611,2.3232555,-1.8064376,1.1058037,1.5105528,1.7127022,0.6002781,-0.8097005,0.7815196,-0.8939825,0.3151653,1.6024202,-0.008084707,-0.098447174,0.7803198,-1.2193317,1.0010463,1.2531425,1.4431024,0.35029298,-0.48406258,1.842389,1.37807,0.10158493,-0.8480612,0.5025799,1.556697,-0.38944045,-1.216904,2.8947327,1.3516923
-0.075970955,1.9705901,2.3428152,-1.8364674,1.0893779,1.4795039,1.7018133,0.59376574,-0.84061736,0.76457435,-0.9099709,0.3332979,1.6316093,-0.03338956,-0.10752541,0.7634855,-1.212214,1.0059421,1.2862728,1.4506063,0.38176674,-0.47708616,1.8416705,1.3644036,0.12483523,-0.84792584,0.47109646,1.5492525,-0.38510174,-1.1994519,2.8729162,1.3425629
-0.09127841,1.9483821,2.366594,-1.8465863,1.0630277,1.4516588,1.673161,0.58640385,-0.86743224,0.7639747,-0.91203594,0.33980736,1.6682689,-0.07269944,-0.14570028,0.7387991,-1.2138561,1.0283465,1.3262938,1.4608848,0.42311138,-0.45485345,1.8413656,1.3464513,0.1498208,-0.8278149,0.44096375,1.5380676,-0.38400954,-1.1904726,2.8514972,1.3167566
-0.0904522,2.2298193,1.9228063,-1.4149984,1.0965389,1.466099,1.4907707,0.5996762,-0.5993474,0.41470376,-0.86979276,0.08272363,1.2882514,0.05220123,0.2703011,0.73348814,-0.9262525,0.78343225,0.82004964,0.89910054,0.2826994,-0.79560226,1.5610225,1.2658073,-0.18732089,-0.98758036,0.7149381,1.4224973,-0.5801324,-1.1009463,2.8460634,1.5938333
-0.121603735,2.2050862,2.0036435,-1.4786514,1.091638,1.4605452,1.5051215,0.6222595,-0.6606876,0.43510678,-0.8676079,0.1173771,1.3533474,-0.010832986,0.19675815,0.70840377,-0.9688841,0.8116569,0.8858349,0.99538434,0.33486322,-0.73828024,1.6054357,1.2902403,-0.1333472,-0.9698811,0.6528052,1.459198,-0.5985426,-1.0799671,2.8254905,1.5500503
-0.11460122,2.2136636,1.9861448,-1.4651923,1.0996094,1.456423,1.5140117,0.61045825,-0.6714708,0.4549822,-0.8450159,0.118719324,1.3556951,-0.005434612,0.1980828,0.7110924,-0.98650837,0.81653273,0.9052264,0.99849224,0.33395898,-0.7115854,1.6033474,1.2993808,-0.12816556,-0.95658,0.65973663,1.4624497,-0.58566016,-1.0986537,2.8398564,1.533719
-0.06285637,2.2507608,1.8388389,-1.3376842,1.0964305,1.4736531,1.4402223,0.5918815,-0.5343005,0.3519838,-0.8761686,0.020710908,1.1954865,0.09462653,0.34437504,0.7334592,-0.86042196,0.7394903,0.7134385,0.7936238,0.2296879,-0.86962324,1.4890814,1.2267151,-0.26497298,-1.0246027,0.76714724,1.3773586,-0.58938074,-1.0893292,2.8370993,1.6555531
-0.085989185,2.240528,1.8809189,-1.3974315,1.0935539,1.4728523,1.4841043,0.59320635,-0.57743096,0.3925183,-0.8914776,0.06475891,1.2467932,0.073186696,0.32214752,0.738273,-0.9073604,0.7633678,0.7747504,0.8513328,0.25744364,-0.83573145,1.5350407,1.2533,-0.22469917,-1.0147783,0.74614847,1.4115137,-0.56930405,-1.1006992,2.859698,1.6350356
-0.09361177,2.2306013,1.9505788,-1.4506556,1.1132925,1.4790508,1.5446959,0.5907375,-0.6431871,0.45790732,-0.859318,0.121321425,1.3329138,0.043383032,0.24793088,0.73790914,-0.98570955,0.8170803,0.87336874,0.96227777,0.30068672,-0.74892175,1.6131518,1.3019083,-0.1565934,-0.9714133,0.69498026,1.4467013,-0.5428961,-1.1295705,2.8825095,1.5617281
-0.10899351,2.2127767,1.9817338,-1.4876307,1.1035548,1.4775335,1.5344393,0.61385334,-0.66347176,0.45413437,-0.8749568,0.12954406,1.345498,0.017521609,0.22366214,0.7223556,-0.9918308,0.81669694,0.88009137,0.9973675,0.31280094,-0.73929036,1.6164485,1.3098453,-0.1402348,-0.9799685,0.66779685,1.4665557,-0.5685613,-1.1045728,2.8631306,1.5621636
-0.119309224,2.1807077,2.0460992,-1.5664299,1.1034241,1.4850185,1.5835735,0.61263007,-0.7122065,0.5252737,-0.8895034,0.1880691,1.4191784,0.008699827,0.16756722,0.737079,-1.0380576,0.8432972,0.9627752,1.0866379,0.3385652,-0.6768428,1.671159,1.337686,-0.08291873,-0.9538304,0.6199319,1.4937856,-0.54288083,-1.1214056,2.8719907,1.5177983
-0.0973076,2.1942677,2.0071383,-1.5134978,1.1115463,1.4965715,1.5908362,0.60509986,-0.6700396,0.5318071,-0.86946374,0.16241941,1.374264,0.0533169,0.18962622,0.7596095,-1.0278667,0.8323562,0.92961067,1.0508019,0.29955298,-0.6938322,1.6538742,1.3340954,-0.11001453,-0.9404475,0.65467703,1.4820945,-0.5246086,-1.1373882,2.8859382,1.5258754
-0.089106746,2.209278,1.9500118,-1.4578245,1.1070269,1.5034043,1.5517898,0.6035836,-0.6195494,0.47655466,-0.8777105,0.11299832,1.301925,0.08214315,0.2444084,0.7575376,-0.974563,0.80087006,0.8390426,0.9706117,0.2643623,-0.7575281,1.6037221,1.3034453,-0.16701864,-0.97035223,0.6914058,1.456643,-0.54455775,-1.1220138,2.8762383,1.5750557
-0.12646988,2.2116199,1.9525102,-1.4727126,1.073187,1.4509283,1.47969,0.6085216,-0.6506342,0.42624736,-0.89788324,0.110311896,1.3331788,0.002776293,0.24873674,0.70743865,-0.9500971,0.7891351,0.8639518,0.9442762,0.32603115,-0.76632017,1.5713537,1.2766874,-0.15829676,-0.99471587,0.6801868,1.4510695,-0.59419656,-1.077154,2.8338344,1.5881975
-0.1296888,2.2126596,1.9659519,-1.4598199,1.079847,1.4390403,1.4748734,0.6153987,-0.65883064,0.4229,-0.8756965,0.10340488,1.342388,-0.020305721,0.2258076,0.6968738,-0.9569322,0.7962632,0.8840534,0.9587486,0.3395173,-0.7481558,1.5708976,1.2773144,-0.1492166,-0.97882205,0.6720842,1.4521091,-0.60565597,-1.0734383,2.8229601,1.5689824
-0.07517155,2.2353585,1.8894937,-1.3946607,1.1055405,1.4695201,1.4794546,0.60635555,-0.56454575,0.37771413,-0.89066434,0.062097758,1.2462227,0.07726099,0.31328303,0.73287016,-0.89557016,0.7630573,0.767198,0.85828733,0.24701363,-0.83939385,1.5316942,1.2518831,-0.22369055,-1.0174536,0.74380296,1.3970573,-0.5822356,-1.1015258,2.85155,1.6377807
-0.08633872,2.2494798,1.8830868,-1.3921512,1.1001086,1.4713559,1.4687577,0.6090035,-0.5658351,0.3620617,-0.9041878,0.04570952,1.2271091,0.059468724,0.3350943,0.72789407,-0.8902996,0.75855905,0.75104606,0.8356873,0.24690822,-0.8664519,1.5219905,1.2441345,-0.24384244,-1.0368438,0.7560511,1.4099323,-0.5863274,-1.0895002,2.854895,1.6591685
0.9306308,1.3992705,2.2775207,-0.7326766,1.189433,1.5835468,1.9420193,1.3557975,-0.2187554,1.2948704,-0.868782,0.49070528,0.92313695,-0.19201775,-0.3193199,1.1801958,-1.2313871,1.1087085,1.0780106,1.4845167,-0.9578014,-0.33351487,2.095621,1.7723849,-0.43444097,-0.27346826,1.1225804,0.56675225,0.22558218,-1.0508081,2.5063922,0.88902354
1.1857079,0.66644424,1.7497814,-0.49363774,1.2122622,1.5238535,1.6617311,0.7897197,-0.22550306,1.6871365,-0.55873585,0.83882415,0.9314902,0.12542805,-0.6085037,1.2362038,-0.7498427,1.218703,1.4018402,1.1470689,-1.25673,0.05005738,1.8579265,1.3380418,-0.20794712,0.3862416,0.7435532,0.026492484,0.6964212,-1.0150678,2.1430035,0.21176152
1.2778795,0.29744714,1.423212,-0.24957022,1.3276918,1.4410112,1.3705661,0.5994635,-0.12679622,1.6701958,-0.42300957,0.8131001,0.7910852,0.3561139,-0.6744313,1.2797103,-0.45670462,1.2319673,1.2669438,0.94374716,-1.4508446,0.025348358,1.6553353,1.1691211,-0.23579864,0.63997626,0.66584194,-0.19888815,0.73115236,-0.8921941,1.8801109,-0.023003357
0.84978163,1.6940262,1.9630585,-0.027701983,1.3506806,1.4814478,1.639169,1.5528063,0.18746535,0.73801327,-0.93299305,-0.1614892,0.4254489,-0.021342332,-0.09818318,1.1045959,-0.71789044,0.8384272,0.23202276,0.9278226,-1.2480787,-0.72903556,1.6630111,1.5689323,-1.1102321,-0.3299246,1.5363317,0.4933781,-0.18327692,-1.0121089,2.2736204,1.1466231
0.3643079,2.7427335,1.3018415,-0.25396326,1.2506931,1.2462727,1.2988006,1.0704345,0.44843242,-0.39227358,-0.6792942,-0.88659906,-0.18310384,0.21634585,0.961599,0.667809,-0.8072566,0.3108776,-0.17200162,-0.16890739,-0.41725546,-1.4542651,0.79575086,0.66129327,-1.3482338,-0.953383,2.0364435,1.1587785,-0.45518064,-1.3906832,2.428871,1.9861238
0.30021337,2.6779768,1.4205954,-0.4007675,1.2866672,1.3753805,1.5859704,1.114843,0.30473858,-0.2193287,-0.7011169,-0.758482,-0.058581673,0.23670034,0.86510396,0.74465555,-0.98253787,0.34165522,-0.048313808,0.0798095,-0.4158473,-1.2778779,0.94388324,0.81720495,-1.2702491,-0.92578703,1.9816637,1.29761,-0.46298498,-1.444478,2.526728,1.9300152
0.48140872,2.2260005,1.8326373,-1.022222,1.1642833,1.6221881,2.0292726,0.9839406,0.0023740157,0.43580657,-0.56753606,-0.1674656,0.32793385,0.30461255,0.41711757,1.0912571,-1.5069711,0.48234174,0.5773152,0.83728063,-0.3286115,-0.73395133,1.4101664,1.1463646,-0.69477993,-0.732808,1.5163128,1.4439796,-0.27704322,-1.3692191,2.5370963,1.5972128
0.49445665,2.1010664,1.7596562,-1.0801841,1.2286347,1.6491668,2.0969076,0.76810527,-0.066298805,0.6420729,-0.5235533,-0.0536973,0.3054728,0.485466,0.41683283,1.1630733,-1.4359353,0.52631605,0.7240093,0.8294164,-0.39123487,-0.6615862,1.4234542,1.1072398,-0.62149304,-0.678903,1.4405088,1.5621873,-0.15714683,-1.460078,2.573843,1.4731824
0.43072107,2.323314,1.6375566,-0.81528896,1.3652208,1.4238925,1.7853978,0.99825156,0.05271024,0.18489659,-0.6908862,-0.37639615,0.1386833,0.36303833,0.57820106,0.9343902,-1.1981208,0.52455676,0.2564239,0.55440986,-0.4185841,-1.1155051,1.2543073,1.0951214,-0.9139462,-0.8634203,1.7132995,1.4661778,-0.3745744,-1.3611989,2.615368,1.7498462
0.70589715,1.8089447,1.633171,-1.0805979,1.4090387,1.5021728,1.937626,0.55466187,-0.09981061,0.7288205,-0.41090542,0.034335002,0.20078108,0.6450788,0.24725994,1.1711991,-1.2633471,0.70955205,0.80567443,0.7988727,-0.4954012,-0.6845195,1.4263207,1.04936,-0.539515,-0.59220946,1.3872694,1.4981353,-0.093657516,-1.4227128,2.4663393,1.2544855
0.80696166,1.7635956,1.4505595,-1.0269862,1.4333799,1.513578,1.941584,0.49167612,-0.043688558,0.83948904,-0.31851417,0.06246935,0.15434773,0.75338566,0.24935278,1.1963542,-1.3338785,0.720825,0.8256862,0.71250176,-0.49007416,-0.59116274,1.3587853,0.9163217,-0.5011067,-0.5101433,1.4496803,1.4428551,0.041960552,-1.5968168,2.4509618,1.1313237
0.8061458,1.6370811,1.504481,-1.0798038,1.4031107,1.4960241,1.8646315,0.5092622,-0.049281828,0.8207177,-0.27175725,0.039668113,0.1341669,0.7290028,0.26550648,1.2355441,-1.3967098,0.7450168,0.8250984,0.86135375,-0.47145283,-0.6865811,1.3893249,1.0023217,-0.464359,-0.5087484,1.4220054,1.4104693,-0.024231616,-1.3947904,2.37561,1.225101
0.9051431,1.4262888,1.519348,-1.0762408,1.3220509,1.5826875,1.8968786,0.37977716,-0.09588338,0.98564935,-0.14497326,0.17444035,0.20955455,0.7366407,0.13416061,1.3293362,-1.2710897,0.7051694,1.0468012,0.9198984,-0.58734685,-0.37980717,1.4043726,1.0122128,-0.3370749,-0.3182639,1.2193506,1.237147,0.06381543,-1.2670661,2.277869,1.0290344
0.49293703,2.1915162,1.5461582,-0.89151996,1.31623,1.5805485,1.929953,0.7671408,0.04273963,0.5977543,-0.5539642,-0.26821312,0.107217826,0.53918856,0.54265046,1.132677,-1.2943609,0.4897455,0.49060723,0.60530853,-0.42240828,-0.818879,1.2231399,0.96784604,-0.76747745,-0.7340523,1.6623017,1.52048,-0.19793884,-1.5258394,2.580586,1.5119557
0.5036305,1.9825263,1.5728799,-0.9439273,1.3183825,1.6457596,2.0604997,0.6193862,-0.077520825,0.79622453,-0.48651612,-0.09566772,0.1669185,0.6128116,0.4254395,1.207145,-1.2754515,0.50349057,0.6556788,0.76839495,-0.49046886,-0.60585785,1.2607862,1.0404695,-0.65868855,-0.5978678,1.5007764,1.5564378,-0.13445038,-1.4876056,2.5622308,1.3649498
0.31785032,2.3967643,1.6281884,-0.75964737,1.3167711,1.4789734,1.840799,0.9914334,0.09510618,0.15576723,-0.6954656,-0.44881782,0.11518028,0.37561882,0.66060364,0.9428612,-1.1940733,0.46418908,0.26250878,0.46605083,-0.40161204,-1.1153237,1.2359253,0.9930586,-0.99490154,-0.9013452,1.7328898,1.5184386,-0.3772824,-1.412308,2.5857635,1.7614233
0.42863744,2.1727674,1.6752551,-0.8954745,1.3099314,1.6046709,2.0956218,0.80810046,-0.0306746,0.49065122,-0.5316439,-0.1855738,0.22590502,0.510473,0.4782267,1.0903561,-1.3489193,0.52264595,0.6038466,0.69490695,-0.44220966,-0.77205443,1.3416563,1.0524057,-0.8174756,-0.6811176,1.5575486,1.552781,-0.19181888,-1.4924638,2.5808213,1.5353298
0.46816692,2.0092509,1.8861728,-0.94567174,1.26961,1.6257282,2.060201,0.8973407,-0.12139165,0.46044564,-0.5499087,-0.09243261,0.34392875,0.3593796,0.37012,1.0800807,-1.3374039,0.49382827,0.5965356,1.0422918,-0.5317134,-0.7405127,1.3889937,1.3552073,-0.7471879,-0.69040245,1.3648075,1.4184039,-0.297033,-1.1521564,2.5419133,1.6386102
0.4612651,2.601729,1.4199764,-0.51935107,1.4169044,1.3247659,1.7621996,1.1896538,0.21643925,-0.13309106,-0.5407415,-0.6000439,0.048855793,0.26424608,0.65965104,0.6916196,-1.1744952,0.50192755,0.11457426,0.17685278,-0.3720554,-1.1505787,1.0991535,0.87153554,-1.1149338,-0.80917436,1.8778768,1.3615001,-0.33561295,-1.6509578,2.6008077,1.7506948
0.7377235,1.9593225,1.5001856,-0.80677676,1.3405715,1.5929004,2.1369183,0.6873394,0.0146429315,0.6770906,-0.2280191,-0.09807302,0.18215334,0.63991827,0.22315153,1.1558214,-1.3081235,0.56717056,0.8182289,0.60002613,-0.6616736,-0.42969552,1.2843924,0.91911274,-0.70115185,-0.35349563,1.3834809,1.3583521,0.016144374,-1.6097398,2.4403317,1.2324919
0.7980426,1.8253982,1.4164306,-0.8322298,1.3137143,1.6857572,2.1122966,0.4906102,0.008881405,0.90308213,-0.15659712,0.0032788739,0.17970397,0.7479933,0.19781938,1.2645338,-1.2406445,0.51740295,0.9183462,0.5749198,-0.72942066,-0.28543127,1.2302606,0.8504495,-0.6383112,-0.2259086,1.3355672,1.2811519,0.12316356,-1.5840422,2.3786948,1.099529
0.6969474,2.0695162,1.4596628,-0.86277115,1.3773544,1.6217936,2.0815268,0.6695758,0.063009545,0.7443653,-0.32561326,-0.14713593,0.13506848,0.71711546,0.34946334,1.1744926,-1.3427138,0.5438388,0.7096818,0.5506966,-0.5714695,-0.5473471,1.2773778,0.8652447,-0.719923,-0.50172126,1.5255656,1.4366499,0.017442217,-1.7144873,2.500587,1.2698237
0.6231908,2.1277473,1.5262535,-0.90484285,1.3424346,1.5264492,1.9072484,0.74129736,0.10093882,0.60059863,-0.42249686,-0.27840912,0.059815627,0.6204495,0.4641427,1.1475885,-1.3700306,0.54503787,0.5553013,0.59552836,-0.4753291,-0.82336855,1.2485144,0.9123169,-0.74546736,-0.6776015,1.6190724,1.4770503,-0.10925002,-1.5526102,2.504964,1.4552372
0.7297359,2.2792408,1.2612934,-0.7219429,1.3721267,1.3924209,1.5582846,0.61956286,0.2941241,0.33101264,-0.50730515,-0.34270477,-0.07470134,0.74490446,0.70554626,0.99904275,-1.0818416,0.47843713,0.34529558,0.12984556,-0.48104668,-1.0637201,1.0276867,0.58103037,-0.87269837,-0.7991844,1.7113066,1.3676289,-0.013862756,-1.6853566,2.356469,1.5253582
0.7743545,2.437021,1.0842048,-0.41812897,1.4195997,1.2524722,1.3031024,0.67572975,0.43269923,-0.063846886,-0.47794574,-0.5847745,-0.24804945,0.65518856,0.8414043,0.84316003,-0.87144184,0.41787773,0.048939116,-0.15229782,-0.50278395,-1.3035092,0.7823195,0.46628863,-1.0690961,-0.83670765,1.8720815,1.1769121,-0.12467573,-1.6612321,2.3364549,1.6943995
0.7667648,2.277359,1.2150534,-0.6513799,1.4586415,1.3800112,1.621844,0.7011993,0.2736845,0.27466702,-0.42767227,-0.40258497,-0.09714133,0.7050606,0.6423032,0.9664457,-1.1500729,0.5130196,0.29082468,0.17676447,-0.48887628,-1.031938,1.0154861,0.6434929,-0.89116323,-0.7500756,1.7724766,1.3164511,-0.063247584,-1.7392352,2.4460735,1.5205789
0.85014844,1.8633757,1.3582078,-0.98994094,1.3901922,1.5794772,1.9865302,0.53681386,0.017797716,0.8821134,-0.27068794,0.053436294,0.17567913,0.78004515,0.2885523,1.205929,-1.3755006,0.6546234,0.83809483,0.576586,-0.49058414,-0.48096332,1.3212768,0.81497115,-0.50463676,-0.48094994,1.442518,1.4006839,0.11716849,-1.7408205,2.4381423,1.095723
1.0871218,1.3837776,1.2724326,-0.8765631,1.2882288,1.5931355,1.9853953,0.2798146,-0.029914923,1.0833299,0.041627526,0.25230867,0.23014796,0.8207517,-0.030433029,1.3365644,-1.2097241,0.718935,1.2029874,0.6048752,-0.69744813,-0.040902324,1.3166026,0.7302834,-0.31590295,-0.013568528,1.1151528,1.0377291,0.3369865,-1.5271773,2.21107,0.68386763
0.4994717,2.4681344,1.468973,-0.65451723,1.3707944,1.5060776,1.9646353,0.9550866,0.18628362,0.28599864,-0.5190358,-0.4338497,0.058494624,0.5366399,0.60426426,0.92042243,-1.2643614,0.47412866,0.36401084,0.3171126,-0.50762016,-0.9041453,1.1846063,0.8531579,-1.0212361,-0.7440468,1.7649314,1.4795619,-0.114777505,-1.7519846,2.5856268,1.5686008
0.35476488,2.5374851,1.6736065,-0.61382455,1.2985889,1.5286423,1.9836048,1.1185733,0.14691488,0.0725975,-0.6190502,-0.5024419,0.123219214,0.31046936,0.5843301,0.8235041,-1.2931406,0.43350014,0.26231673,0.4941994,-0.5107763,-0.9670927,1.1739393,1.040793,-1.1214094,-0.76293176,1.7204942,1.464233,-0.24570888,-1.502543,2.5407035,1.7393831
0.38046837,2.5095549,1.606321,-0.64749616,1.2632254,1.5483617,1.9297348,0.98970914,0.17926067,0.20713958,-0.62214273,-0.4693976,0.071431115,0.37333703,0.6250384,0.9066489,-1.2448473,0.4112255,0.3184042,0.40359327,-0.49510282,-0.9229649,1.1557307,0.9387216,-1.0681338,-0.77131665,1.7461022,1.470606,-0.20187692,-1.5640953,2.5293117,1.6592995
0.54232717,2.4723644,1.5128206,-0.7084415,1.3031971,1.5657406,1.9917637,0.9132929,0.16972667,0.41136724,-0.51249504,-0.35194635,0.11741457,0.488833,0.5670886,0.96695054,-1.343574,0.45951283,0.4746633,0.39690533,-0.4661829,-0.75026566,1.1965036,0.8733106,-0.9479711,-0.6701014,1.7493126,1.4230287,-0.03730452,-1.7543949,2.5546544,1.4845997
-0.0758949,0.02097784,1.4040356,-1.4367306,0.38951144,1.0324547,0.95065045,-0.2320488,-0.92322284,0.83814675,-0.71689016,0.95585454,1.1370791,0.011866439,-0.5116365,0.381157,-0.066554286,0.6651824,1.3912618,1.1241739,0.84050596,0.18469268,0.87404823,0.10382046,0.56706494,-0.43840313,-0.29281163,0.5837591,-0.44641656,-0.43921632,1.0900183,0.3312725
-0.10060754,0.12074898,1.457798,-1.3592336,0.6943418,1.1071122,1.1029923,-0.29553393,-1.003056,0.77559644,-0.7183668,0.8716122,0.86646754,0.01399311,-0.2962891,0.40211013,-0.19950959,0.52055264,1.2378647,1.326831,0.66802037,0.096637234,0.9132077,0.36546943,0.3784255,-0.38454962,-0.08097797,0.74066395,-0.5159731,-0.5580432,1.2677126,0.5900316
0.6894855,1.604393,1.1565485,-0.31435513,1.0173631,1.3477592,1.8938564,0.5099058,-0.032227315,0.5390052,0.026134856,0.08900277,0.266217,0.54639447,0.084568545,0.8819956,-0.7778323,0.34017658,0.93754405,0.26490146,-0.7922517,0.056864787,0.8211068,0.5563349,-0.48133555,0.08451489,0.8345,0.8315449,0.36401632,-1.3490572,1.9222301,0.63706386
0.7795498,1.7708352,1.197447,-0.52938044,1.224892,1.2530681,1.764067,0.6974747,0.068597995,0.37768424,-0.14343975,-0.1445802,0.074679464,0.63112277,0.24882075,0.9175054,-0.98829067,0.4088571,0.69628423,0.3134696,-0.7006804,-0.33761036,1.0043808,0.6181099,-0.54681826,-0.43540567,1.1673821,1.1288347,0.0055543706,-1.4727889,2.1123729,0.94953793
0.68216383,1.870132,1.3545637,-0.6062786,1.2077781,1.2126305,1.869437,0.85230577,0.019904442,0.25355285,-0.26367974,-0.19948295,0.06708848,0.46620682,0.1890555,0.8891698,-1.1128274,0.4900698,0.5723961,0.4324896,-0.63794225,-0.49615523,1.1248798,0.7578103,-0.5885067,-0.5924011,1.309929,1.3302603,-0.15809716,-1.4884,2.293693,1.1046013
0.6492215,2.2091224,1.3814605,-0.7170706,1.2439815,1.2064737,1.6756923,1.0272411,0.130499,0.043695375,-0.44441795,-0.358543,0.016190518,0.3787787,0.39358255,0.7691196,-1.161667,0.48562434,0.28538075,0.2840598,-0.43641722,-0.86950636,1.1402099,0.80219024,-0.75285184,-0.8930353,1.5926375,1.4246011,-0.26711363,-1.5408198,2.3932703,1.4068378
0.6992102,2.005046,1.3535537,-0.84479755,1.2673796,1.2471857,1.6519328,0.83908343,0.099564835,0.2531583,-0.4360221,-0.22235295,0.014856062,0.54342055,0.37074006,0.8703255,-1.1311599,0.52098244,0.38057697,0.3364567,-0.46042573,-0.82799655,1.1791946,0.7552285,-0.6024539,-0.9109495,1.4675553,1.4883121,-0.20783815,-1.5596323,2.3338995,1.3086777
0.66655654,1.7096758,1.3045683,-0.68605155,1.1550646,1.245948,1.8005838,0.6606939,-0.030042626,0.49360988,-0.2552485,-0.08818572,0.07640919,0.55051833,0.19461569,0.948508,-0.98143184,0.43331355,0.6660465,0.44310173,-0.70514077,-0.37528622,1.067385,0.7251699,-0.4165169,-0.583327,1.1554989,1.3580066,-0.10325793,-1.4602859,2.2312975,1.0052998
0.57595736,2.0765696,1.5231543,-0.6415066,1.0704274,1.2533903,1.8927861,0.9229696,-0.012105055,0.24277109,-0.29532677,-0.25758857,0.10609676,0.29090217,0.23123026,0.88096654,-1.0865251,0.31544912,0.55269086,0.50819665,-0.64363277,-0.4174225,1.0074967,0.8477552,-0.5797385,-0.6397871,1.2513766,1.356571,-0.19679095,-1.3432846,2.2382686,1.207264
0.9131313,1.350637,1.2198477,-0.38732988,1.029258,1.2609261,1.8184996,0.41617405,-0.13284475,0.6276822,0.23248816,0.09758225,0.20861052,0.54813844,-0.07549365,1.0675018,-0.8171011,0.44183353,1.1100001,0.44103897,-0.9085904,0.26819903,0.9784117,0.5297267,-0.09486527,0.036455166,0.6435327,0.8134052,0.31120777,-1.2435641,1.9481156,0.30177686
0.5933044,1.995723,1.431136,-0.44021505,1.0289068,1.2046052,1.9202679,0.9191621,0.007847577,0.15411937,-0.2145616,-0.22027072,0.17883082,0.26723656,0.13176742,0.76881814,-0.98712575,0.340225,0.6300723,0.39722738,-0.6353822,-0.24111888,0.96520853,0.7117023,-0.5820025,-0.41200727,1.0718676,1.1717886,-0.054809324,-1.3644296,2.076774,0.99975854
0.43627486,2.6878488,1.4540638,-0.30007985,1.0569755,1.072981,1.4982744,1.2756541,0.30869508,-0.49856007,-0.47814488,-0.7766732,-0.10259993,-0.0005975682,0.589062,0.47378033,-1.0360664,0.2159851,0.07354755,0.08058543,-0.43361038,-0.99364024,0.73684275,0.69711995,-1.1841048,-0.8059393,1.7229869,1.2085841,-0.36463895,-1.2690272,2.1486347,1.7190425
0.6515242,2.0282116,1.6582419,-0.48818624,1.0999119,1.1616619,1.9888695,0.9161871,-0.06260411,0.03973584,-0.03819792,-0.25722438,0.22110434,0.23615909,0.014549285,0.86669827,-1.121723,0.45095256,0.73628265,0.52302176,-0.6339022,-0.2758974,1.17732,0.70599544,-0.50754935,-0.37856206,1.0141898,1.1493568,-0.07867867,-1.2793461,2.0718348,0.89645034
0.62170357,2.1721025,1.4502789,-0.6719578,1.2317276,1.2667516,1.865446,1.0020242,0.1016007,0.15043625,-0.3341843,-0.3136374,0.07340904,0.4061744,0.34680042,0.83546746,-1.1708215,0.43220782,0.4763253,0.3574463,-0.54227626,-0.66138864,1.1350719,0.7952589,-0.73413104,-0.7357805,1.3905169,1.3971591,-0.21577959,-1.5336263,2.3048077,1.3284171
0.36200476,1.9677444,2.682664,-0.8660436,1.2977853,1.4273837,1.6540965,1.6865332,-0.434761,0.484171,-0.81442744,-0.15167277,0.64424354,-0.23193063,-0.019500405,1.0212415,-1.0712723,1.0104148,0.4276707,1.5052233,-0.77408856,-1.3609687,2.0755148,1.7652578,-0.699685,-0.96064144,1.0099686,1.2718785,-0.4252407,-0.5591375,2.5302722,1.4152024
0.33194232,1.8969033,2.6625178,-0.86963284,1.31558,1.4163988,1.6183975,1.6659902,-0.4517327,0.48384985,-0.8110097,-0.14750499,0.60153925,-0.21629858,0.00645186,1.0479008,-1.0014932,0.99497664,0.41353258,1.5016596,-0.80024844,-1.4192988,2.0531814,1.7606425,-0.7150179,-0.99207443,0.9596752,1.2488914,-0.42981946,-0.46227336,2.489167,1.4065632
0.3522129,1.9738955,2.6575496,-0.8790084,1.3052325,1.4273531,1.6218352,1.6361226,-0.4345355,0.44557887,-0.81771994,-0.1508998,0.65362275,-0.20576127,-0.019843832,0.98945665,-1.0358444,1.0288854,0.41488525,1.4843197,-0.7286638,-1.4047225,2.064435,1.7187226,-0.70013446,-0.97342294,0.9984812,1.2752861,-0.40677562,-0.5811866,2.5344615,1.4273368
0.3167723,2.0239103,2.7060156,-0.86438185,1.3237089,1.4313085,1.6512995,1.6200157,-0.4494273,0.4189809,-0.82870126,-0.15894572,0.6778261,-0.22713496,-0.018725112,0.99790347,-1.0334824,1.0128548,0.4190912,1.4824423,-0.72857046,-1.401608,2.0627818,1.7018789,-0.73160845,-0.967585,0.9796087,1.2769448,-0.4132256,-0.560992,2.5322163,1.4146444
0.283039,2.045068,2.6653385,-0.7551241,1.2759347,1.3948392,1.5917785,1.7170486,-0.39039844,0.37861502,-0.85729283,-0.20157167,0.63364756,-0.30754718,0.03710693,1.0003968,-0.9361688,0.91814095,0.32889977,1.3999975,-0.76955044,-1.4220345,1.9949416,1.7274694,-0.7787269,-1.0545028,1.0039861,1.1966504,-0.5271843,-0.46877202,2.4980006,1.458193
0.3521393,1.9866753,2.7162929,-0.8425055,1.280114,1.4692155,1.6602201,1.6494913,-0.44758445,0.5145152,-0.85546666,-0.10200861,0.72690034,-0.26784635,-0.06703768,1.0122696,-1.0509509,1.045328,0.43797198,1.5153718,-0.72175425,-1.32465,2.1337528,1.7448287,-0.6915804,-0.96882683,0.9625438,1.2299143,-0.3987367,-0.59126633,2.5504246,1.3562433
0.3304781,1.9109526,2.7889225,-0.95815915,1.3255341,1.4714574,1.7563615,1.588903,-0.5397078,0.5455319,-0.90981793,-0.01677984,0.7937008,-0.30659476,-0.13522662,1.0038999,-1.1306738,1.1219788,0.5279878,1.621576,-0.7000969,-1.2607173,2.174037,1.7640164,-0.6593582,-0.8959232,0.9439792,1.2857784,-0.35072744,-0.6198048,2.5953064,1.3105799
0.2899474,2.0738552,2.64913,-0.744393,1.3251052,1.4144517,1.5825012,1.6588669,-0.35510126,0.333777,-0.92980874,-0.2693869,0.62962675,-0.2720583,0.019400895,0.98280597,-0.92366755,0.9383195,0.26044923,1.3655663,-0.759701,-1.4625632,1.9529818,1.6547966,-0.8591336,-1.0124453,1.0729536,1.1943978,-0.47786403,-0.5294293,2.524679,1.4779859
0.33614308,2.1009994,2.6584861,-0.7985842,1.3251202,1.4597659,1.6359597,1.622503,-0.34801716,0.35935596,-0.99005234,-0.22598353,0.7061275,-0.26138365,-0.049074218,0.939814,-0.9967619,1.0094599,0.26774535,1.3948469,-0.70661795,-1.392432,2.0124767,1.6545064,-0.82921267,-0.9709714,1.1143931,1.2403809,-0.43581995,-0.6843476,2.6047761,1.4711392
0.29308954,2.0465121,2.7525775,-0.89123625,1.2840797,1.447856,1.6930953,1.7120246,-0.43364167,0.42074683,-1.0292025,-0.13291243,0.7442027,-0.37232372,-0.04455398,0.9658905,-1.088198,1.0036324,0.34967116,1.5169071,-0.73675096,-1.3434565,2.068306,1.7763165,-0.7774952,-1.0133811,1.0609882,1.2767341,-0.49053058,-0.5881909,2.6315594,1.5026362
0.24665254,2.0413146,2.6705852,-0.8080403,1.2735775,1.4153475,1.5715545,1.7161463,-0.3881816,0.378875,-0.9354192,-0.19941765,0.6386056,-0.32734093,0.061027065,0.99536645,-0.94264853,0.9316162,0.30550742,1.4232054,-0.7692174,-1.4662051,2.0185006,1.7613078,-0.79825276,-1.1292003,0.9899314,1.2010713,-0.5481567,-0.45519513,2.5552936,1.5157531
0.32265687,2.1049116,2.623997,-0.731883,1.3025842,1.4369402,1.5530176,1.6171496,-0.32571647,0.36288825,-0.8568718,-0.27054465,0.66160065,-0.2365854,0.004469916,0.97017515,-0.92933846,0.97762436,0.31436855,1.3495609,-0.7033965,-1.4380158,2.008488,1.6411406,-0.80017215,-1.0186429,1.0372744,1.1735375,-0.45642877,-0.60060316,2.5436456,1.4403901
0.2855027,1.969223,2.7732184,-0.9297521,1.2190789,1.4148716,1.6663412,1.7762449,-0.4979574,0.44994235,-0.9661983,-0.036897995,0.76252437,-0.43447343,-0.029209107,0.9682164,-1.1219269,1.0104105,0.4315903,1.5742482,-0.72823477,-1.3348536,2.1241174,1.868019,-0.6838736,-1.0773965,0.9671652,1.2662385,-0.5414286,-0.48230052,2.5859168,1.499846
0.24913809,1.9222748,2.677625,-0.8779884,1.1923741,1.3589255,1.5723085,1.8051884,-0.48300016,0.41047013,-0.9419297,-0.04804789,0.6862159,-0.4504897,0.036200896,0.93720186,-1.0008171,0.96537817,0.37718588,1.4869978,-0.7359376,-1.3900555,2.0629528,1.8560319,-0.6798751,-1.1627104,0.94668585,1.2209156,-0.61062074,-0.42394596,2.5439107,1.5246986
0.22594368,2.0128741,1.8213814,-0.39051697,1.2545936,1.6426684,1.3895637,1.2811859,0.13218938,0.34269053,-0.70083374,-0.50856817,-0.14296658,0.24126257,0.73984647,1.2576864,-0.4020852,0.34124753,0.0043320507,0.7250558,-1.0057443,-1.6355155,1.175569,1.3233151,-1.3041013,-1.0389763,1.1804107,1.0886362,-0.560428,-0.2115745,2.183134,1.8155268
0.26547092,1.4269824,2.1231337,-0.97457063,1.3645548,1.6696241,1.7081708,1.2250007,-0.3711688,0.80709493,-0.6740686,0.16835502,0.2597314,0.14717858,0.3502859,1.3032376,-0.7995169,0.6305482,0.52609396,1.4559937,-0.9638613,-1.2614385,1.6483089,1.7785631,-0.7888712,-1.0169662,0.8497776,1.2665006,-0.53452295,-0.19621022,2.3832958,1.5174849
0.23010543,1.9089973,2.0559769,-0.5727622,1.2660878,1.5482324,1.4359689,1.4727855,-0.057755895,0.34695533,-0.79324275,-0.31203097,0.04959928,0.060069248,0.5660217,1.2010839,-0.56805307,0.5385556,0.06688277,0.96505964,-0.9520646,-1.6777805,1.4728026,1.5759529,-1.1265303,-1.15062,1.1335548,1.1482843,-0.6341106,-0.19329998,2.3129365,1.7825521
0.4186575,2.1636002,1.4812158,0.16526374,1.2249383,1.4580865,0.9455241,1.2186705,0.48691013,-0.12119659,-0.5145853,-0.9209616,-0.37839466,0.40781534,0.85438764,1.1964839,0.018277347,0.17905682,-0.33811554,0.15914789,-1.0525734,-1.8975731,0.767266,0.9506244,-1.5736415,-0.9368897,1.4184327,0.735245,-0.53753406,-0.12564737,1.8311567,1.8518289
0.36307973,1.9748511,1.7069308,-0.14770836,1.2511479,1.4729798,1.2149917,1.3534274,0.18038672,0.051316373,-0.66901636,-0.5881916,-0.2207834,0.123744726,0.6604295,1.174546,-0.31598696,0.4289473,-0.15156738,0.54645574,-0.9966813,-1.7212454,1.022109,1.2134798,-1.3773248,-0.900659,1.390475,0.9334075,-0.591551,-0.22028325,2.117548,1.7960938
0.22070268,1.8369105,2.0121026,-0.63571614,1.2550187,1.6164896,1.540495,1.4118028,-0.08890895,0.47344527,-0.79146576,-0.21544304,0.028410198,0.039102003,0.55863357,1.2188358,-0.69441015,0.5651244,0.15604421,1.0535291,-0.92672783,-1.5333052,1.4398913,1.5737559,-1.108834,-1.0351176,1.1620111,1.1967132,-0.5908009,-0.28188685,2.373757,1.7583864
0.19102377,1.8017557,2.0449197,-0.70918196,1.2617255,1.6699067,1.5875182,1.3659189,-0.11615286,0.5552899,-0.7686261,-0.15301946,0.060912695,0.09767739,0.5689995,1.255595,-0.6949108,0.51359355,0.22030401,1.1332817,-0.9380284,-1.4896756,1.4856025,1.617554,-1.0790199,-1.0953257,1.053137,1.2161934,-0.5854538,-0.22346081,2.345255,1.7327337
0.36048043,2.215004,1.695217,-0.102643564,1.1392295,1.5376908,1.0737101,1.3164598,0.36246836,0.08485407,-0.63681686,-0.74340403,-0.28348607,0.2456775,0.8405634,1.1657494,-0.25620988,0.30075932,-0.2052416,0.4136694,-1.0046909,-1.8291452,0.9874536,1.1596192,-1.4497939,-1.0438482,1.3482735,0.8864918,-0.5197762,-0.25925162,2.1035523,1.9232363
0.19789246,1.6676929,2.1651127,-0.9293446,1.2069572,1.6643003,1.6626418,1.3906809,-0.2612405,0.70785517,-0.79808646,0.0780676,0.22886541,0.011763965,0.4322082,1.2222952,-0.9224528,0.63684946,0.37108225,1.4023387,-0.84682065,-1.3696854,1.6483271,1.7856876,-0.87558204,-1.1082585,0.99119925,1.3098279,-0.5939981,-0.28581986,2.4605134,1.7065315
0.12359187,1.951426,2.0692484,-0.69040984,1.2073902,1.5917943,1.5631994,1.4550258,-0.08603672,0.40361917,-0.85981476,-0.24497293,0.07554937,0.0007018745,0.61779237,1.13944,-0.7805094,0.5054579,0.15286887,1.0673693,-0.88067573,-1.5595741,1.4729184,1.6166321,-1.1113989,-1.1689792,1.1623117,1.2566483,-0.65252733,-0.3099427,2.4405327,1.879709
0.17936444,1.5867908,2.13073,-0.9374409,1.3077666,1.6541934,1.7089386,1.3293763,-0.30623043,0.6969212,-0.7782742,0.07098515,0.1860609,0.07366958,0.46591935,1.2475812,-0.8858153,0.65409297,0.42666945,1.3841912,-0.9047609,-1.3927966,1.667824,1.7696927,-0.9009085,-1.0825725,0.9816565,1.3232058,-0.5722836,-0.26034898,2.4476836,1.6726193
0.16491845,1.6437812,2.1389408,-0.9553225,1.2792103,1.6476812,1.6515373,1.3502811,-0.2806285,0.69093883,-0.82537746,0.038159147,0.16344771,0.051862486,0.5170287,1.2437403,-0.8757033,0.7162597,0.4011658,1.3170818,-0.8831251,-1.4932983,1.7092603,1.7464128,-0.8995688,-1.10267,1.0047365,1.3527162,-0.5470122,-0.2863812,2.4783485,1.7197195
0.20752296,1.3870668,2.160869,-1.0780739,1.3480579,1.6942536,1.7681541,1.2373121,-0.40557092,0.9039322,-0.7493392,0.26345012,0.25078738,0.102725424,0.412452,1.3022484,-0.91228944,0.7532893,0.6263771,1.517623,-0.9154019,-1.2987161,1.7976124,1.8262254,-0.7734761,-1.0322468,0.8708314,1.3284754,-0.48293927,-0.27875692,2.459761,1.5443978
0.100872464,1.639458,2.2578046,-1.0598819,1.2498174,1.6360267,1.6882287,1.4327265,-0.35868156,0.70780826,-0.89856815,0.14744096,0.2736922,-0.059116594,0.4728022,1.185415,-0.9192841,0.73292696,0.44874004,1.4277083,-0.84115106,-1.4834381,1.8184083,1.8581134,-0.83253247,-1.1958377,0.9342721,1.3911992,-0.59288996,-0.28207475,2.5313857,1.7278988
-0.040477984,1.1187758,1.7781703,-1.2116133,1.3738155,1.6497885,1.7764381,0.4032421,-0.4761846,1.1153272,-0.5502237,0.47718748,0.36049938,0.44621694,0.5006536,1.0819277,-0.7780256,0.57648814,1.095685,1.4440407,-0.6854614,-1.0434837,1.4331537,1.4620453,-0.58682084,-0.8807146,0.7005112,1.4379454,-0.34747496,-0.6114335,2.4166377,1.5080519
0.018869676,0.996388,1.7684448,-1.2626531,1.3733432,1.6469914,1.7387267,0.31245577,-0.48646992,1.2064568,-0.52700156,0.56554973,0.39836705,0.50615615,0.46489933,1.1022353,-0.7681615,0.6441092,1.2152649,1.450651,-0.67540914,-1.0067339,1.4728312,1.4406662,-0.50160223,-0.8287292,0.6456382,1.3763921,-0.25139716,-0.6344695,2.3955603,1.413261
0.09019381,0.88646144,1.722589,-1.2094667,1.3748084,1.6167041,1.693923,0.25675082,-0.4872774,1.2108175,-0.469194,0.61646533,0.4361766,0.52790374,0.40455285,1.0897231,-0.7103169,0.67212427,1.2807132,1.4156524,-0.6984318,-0.9400882,1.4569627,1.4205546,-0.43367255,-0.7526434,0.5957295,1.2602717,-0.1802594,-0.6411904,2.37708,1.3024224
-0.031485826,1.0598496,1.7782099,-1.2523537,1.384312,1.6483297,1.771165,0.39159116,-0.47356004,1.1580243,-0.5590871,0.5310745,0.37784123,0.48865864,0.49692616,1.0950464,-0.75893116,0.6359734,1.1557001,1.4328471,-0.71191776,-1.0865074,1.4908412,1.468987,-0.5665776,-0.8744184,0.66826046,1.4121134,-0.28588787,-0.624146,2.4244552,1.480878
-0.113412954,1.1657851,1.8110642,-1.2853419,1.3466089,1.6777338,1.7963729,0.45102474,-0.45395547,1.1403024,-0.6322477,0.47219095,0.35853153,0.46461368,0.5423478,1.0892823,-0.7938631,0.59142005,1.075195,1.4406196,-0.6681608,-1.1260527,1.4968112,1.4563485,-0.6144336,-0.9457068,0.69245565,1.4939907,-0.34590766,-0.6280327,2.4273438,1.563102
-0.10533618,1.1743569,1.7901076,-1.2572787,1.360565,1.6640618,1.7852066,0.44525346,-0.45447803,1.1130062,-0.6184452,0.452499,0.34849513,0.45676455,0.5349082,1.080596,-0.7711846,0.5788545,1.0458927,1.422986,-0.6753816,-1.1307007,1.4624115,1.4551091,-0.62916195,-0.941328,0.70454645,1.4900091,-0.36439282,-0.61541843,2.4193006,1.5670125
-0.017715044,1.0674982,1.7807932,-1.2523483,1.3882672,1.6490785,1.7620658,0.3946648,-0.47623247,1.1741176,-0.55582327,0.5169611,0.36611253,0.48023912,0.49229386,1.1098568,-0.7574834,0.6211135,1.1448313,1.4365767,-0.7175361,-1.0735625,1.4824598,1.4712543,-0.5658394,-0.8723598,0.67036265,1.4163976,-0.2991956,-0.60349065,2.4172494,1.4745703
0.06917645,0.9360802,1.693673,-1.232105,1.4122108,1.6351674,1.6953421,0.256448,-0.4813143,1.2633206,-0.48081523,0.572955,0.37587464,0.5498477,0.4374111,1.1308751,-0.7021648,0.61322236,1.2431601,1.4020981,-0.74581766,-0.9517507,1.426116,1.393906,-0.48691243,-0.7650346,0.6230685,1.3142514,-0.21039441,-0.6186916,2.368983,1.3276191
0.079669386,0.97668564,1.7750906,-1.2637048,1.397138,1.6376928,1.702402,0.31983814,-0.49645865,1.2742053,-0.51191705,0.56398046,0.39277792,0.49755856,0.42506036,1.1424104,-0.73100156,0.60921234,1.2279849,1.4593425,-0.7318739,-0.945872,1.4767438,1.4479729,-0.46827966,-0.81735474,0.60937697,1.3385434,-0.24844196,-0.58370703,2.379872,1.3461342
0.022505123,1.0347356,1.7447071,-1.2397099,1.4006547,1.6314086,1.7246236,0.33376902,-0.48723954,1.2076423,-0.52062434,0.5258591,0.3708951,0.48877716,0.4540597,1.1094441,-0.7265868,0.58398914,1.1637456,1.4337631,-0.71924764,-0.996407,1.4315956,1.4381876,-0.5261968,-0.83856726,0.6463255,1.3849622,-0.2929318,-0.59611505,2.38358,1.4128572
-0.040691838,1.1341338,1.6368132,-1.126804,1.4172523,1.647878,1.7306042,0.35176396,-0.4248194,1.1228293,-0.5242212,0.39885953,0.2649578,0.500939,0.523855,1.109515,-0.6961734,0.4971109,1.0207889,1.3248594,-0.7313318,-1.0296344,1.2924575,1.3397503,-0.67137396,-0.81126565,0.7473282,1.3989965,-0.33280256,-0.5942975,2.346244,1.4591553
-0.1464799,1.274102,1.7496903,-1.1852956,1.350783,1.6508114,1.7571557,0.46096683,-0.42454797,1.052752,-0.64341694,0.34866384,0.28535175,0.40646318,0.56771815,1.0658145,-0.750021,0.46857876,0.9443354,1.3692849,-0.6343584,-1.0960076,1.3297595,1.3697193,-0.70374346,-0.94868284,0.75843644,1.5059018,-0.42837805,-0.5805692,2.3609686,1.586766
-0.17510024,1.2513955,1.7466397,-1.2115164,1.3388274,1.651667,1.7681252,0.45581815,-0.4297322,1.0860728,-0.65676314,0.37911302,0.3074531,0.4196312,0.55777717,1.0540816,-0.7474101,0.46633652,0.9740481,1.3811198,-0.6277446,-1.0845306,1.3354369,1.3555152,-0.68902326,-0.94816154,0.7309996,1.510059,-0.41253692,-0.607737,2.3613586,1.5755683
-0.14041758,1.1895881,1.8115323,-1.282249,1.3495497,1.6599296,1.7774597,0.4640633,-0.45456332,1.1480415,-0.6597579,0.46459773,0.34065884,0.43922234,0.54712844,1.0867537,-0.7795619,0.5482806,1.0601183,1.4410027,-0.6497078,-1.1206156,1.4560521,1.4324127,-0.64145464,-0.9693386,0.68150246,1.4983424,-0.3654131,-0.5944229,2.3951147,1.5542628
-0.025208823,0.98496956,1.7163626,-1.2865449,1.3455883,1.6824167,1.7253329,0.26445344,-0.4639752,1.3349161,-0.5514552,0.57363343,0.38045973,0.5527329,0.46650967,1.1518537,-0.7514314,0.5146498,1.2472875,1.4369353,-0.6979033,-0.86427003,1.4181355,1.3005905,-0.4653521,-0.8069602,0.59645456,1.3517606,-0.2158508,-0.66356313,2.3528936,1.3270907
-0.0788803,1.1800845,1.8894337,-1.3298849,1.2941514,1.7245064,1.8071812,0.55244493,-0.44318002,1.2773182,-0.6801123,0.4942502,0.34068137,0.41927153,0.53977704,1.1939224,-0.8803321,0.53983474,1.0951434,1.5153098,-0.7045528,-1.0141226,1.5762596,1.4456279,-0.55267906,-0.96939605,0.6452597,1.4650002,-0.31935212,-0.5885768,2.4258323,1.496903
-0.10022574,1.1427991,1.7913495,-1.3153973,1.3037058,1.689632,1.7530024,0.4303105,-0.43728882,1.3002454,-0.646984,0.4863135,0.33416808,0.47425666,0.51352096,1.1729105,-0.7841347,0.4723704,1.1096958,1.4526678,-0.6946708,-0.9594036,1.4559284,1.3434509,-0.5411736,-0.9192057,0.6122014,1.4513505,-0.30452576,-0.5930374,2.3534257,1.4420205
0.03978812,0.9250328,1.7821068,-1.3083783,1.3597133,1.6513988,1.7031327,0.30393407,-0.48879874,1.3142409,-0.5574398,0.63723755,0.42408234,0.5258849,0.4389374,1.1522146,-0.73800564,0.60163534,1.3036703,1.4603527,-0.722017,-0.91335124,1.5233377,1.3962883,-0.4184456,-0.84778994,0.55367243,1.2984586,-0.1945186,-0.62077427,2.38399,1.3081362
-0.08806848,1.078769,1.8044864,-1.3158782,1.3318365,1.6705067,1.7650275,0.39658457,-0.46669453,1.2595949,-0.62165457,0.5536307,0.38072085,0.4804938,0.5084698,1.1336555,-0.7878834,0.5338284,1.1895512,1.4682724,-0.6831118,-0.98378485,1.4939973,1.388803,-0.5219065,-0.91827804,0.613524,1.4270138,-0.2908382,-0.6219443,2.3934429,1.4399811
-0.070332594,1.019702,1.7212712,-1.3151956,1.3370588,1.643763,1.7153614,0.27238744,-0.47773206,1.2965614,-0.5815301,0.57131827,0.40226382,0.52320045,0.4569228,1.1010227,-0.73214144,0.50024706,1.2192795,1.4416074,-0.6487448,-0.90428287,1.3991772,1.3111483,-0.4732565,-0.8587234,0.59333086,1.4080464,-0.2721368,-0.65664864,2.3343942,1.3778524
-0.12873515,1.1539397,1.8434734,-1.3290341,1.3044989,1.6701247,1.7813374,0.44692853,-0.46702218,1.2324849,-0.65909004,0.5119965,0.38008392,0.43741196,0.5201392,1.1140978,-0.8184951,0.5122127,1.1365811,1.4946105,-0.6418712,-1.0028937,1.4896102,1.4016087,-0.54322284,-0.96208984,0.63332415,1.4864811,-0.34597358,-0.61462516,2.3922322,1.4995677
-0.1153088,1.1328132,1.8818,-1.3559606,1.2999023,1.6695904,1.7834842,0.46942678,-0.47801584,1.2365949,-0.6741817,0.54931474,0.39983684,0.4285813,0.51878774,1.1221793,-0.83577555,0.55153394,1.1648887,1.5182525,-0.64422965,-1.0292472,1.550673,1.4422275,-0.52351433,-0.98613125,0.61815125,1.4796807,-0.33752123,-0.6049012,2.4113352,1.5049748
-0.16378203,1.1362855,1.8278757,-1.3622972,1.2809987,1.6749407,1.777439,0.42257577,-0.45883375,1.2495133,-0.6903076,0.53080916,0.38460088,0.46062803,0.534163,1.1049943,-0.8222686,0.52454615,1.152006,1.4807684,-0.60908484,-1.0245998,1.488799,1.3600899,-0.5411898,-0.96169275,0.6297446,1.501436,-0.32671916,-0.64482504,2.3768048,1.5087692
-0.1175501,1.1107683,1.9007952,-1.3970869,1.2823082,1.6796075,1.7917259,0.4663063,-0.47664452,1.2542822,-0.6978863,0.5821706,0.4232791,0.44691807,0.5220431,1.118424,-0.8505973,0.59054625,1.1972479,1.5241817,-0.62622327,-1.0515028,1.6006845,1.4404062,-0.49383134,-0.9961665,0.6033302,1.4808601,-0.3076435,-0.6373859,2.4197533,1.508381
-0.0808524,1.0362413,1.8964866,-1.4202151,1.2774726,1.6671486,1.7644689,0.42413774,-0.48374748,1.2675567,-0.69367176,0.64817536,0.46342564,0.47796637,0.49809697,1.114203,-0.8303146,0.6405205,1.2634043,1.5126779,-0.6143139,-1.0535808,1.6374174,1.4352585,-0.43790933,-0.9845423,0.5664789,1.430595,-0.2565249,-0.6529832,2.4133995,1.4667702
-0.013708308,0.98966736,1.905012,-1.3947028,1.2951382,1.6556481,1.7427359,0.42524713,-0.49237078,1.2737417,-0.66720694,0.6709075,0.4744802,0.47067213,0.46597722,1.1282643,-0.8053777,0.66679436,1.2849078,1.514422,-0.65301514,-1.0283234,1.6677623,1.4739933,-0.40820614,-0.9711959,0.5427997,1.3615243,-0.22868818,-0.6260025,2.4190834,1.412551
-0.05381486,1.0629556,1.8979807,-1.365327,1.3120631,1.6654824,1.7744633,0.4557314,-0.49135202,1.2700063,-0.6554187,0.60859656,0.43579024,0.44816127,0.47880533,1.1301368,-0.8175177,0.5943553,1.2215197,1.5341611,-0.67420214,-1.0054299,1.6084995,1.4752547,-0.46687454,-0.9794727,0.5754101,1.4134524,-0.2868192,-0.613755,2.4208663,1.4454588
-0.013217628,0.9629481,1.7994444,-1.3611398,1.3415198,1.6614828,1.7220167,0.3250312,-0.48406672,1.3310758,-0.6105592,0.6457877,0.42535007,0.53432244,0.46133968,1.1472133,-0.75905335,0.59791976,1.2829158,1.4730752,-0.6957841,-0.9606659,1.5512422,1.3932295,-0.43463802,-0.8988033,0.55026245,1.3543954,-0.20863713,-0.63665056,2.3783991,1.3569422
1.7490008,-1.8655436,-1.1476488,0.5674903,1.1371416,0.84217864,-0.33639875,-1.5218527,0.10544454,1.5721577,1.0893173,0.68942726,0.14306152,1.7204243,-0.6864377,1.2509606,0.94652706,1.0362263,1.6053692,-0.971877,-1.4393206,0.74752384,-0.44840142,-1.2358676,0.7355491,2.5181415,-0.6478875,-1.8904345,2.1243958,0.042178325,0.18116924,-2.2217882
1.7379558,-1.8568692,-1.1463604,0.5827327,1.1151503,0.85330784,-0.32422897,-1.5110437,0.11036009,1.5439632,1.0784378,0.6823416,0.1455249,1.7070891,-0.6913918,1.2450571,0.93914115,1.029478,1.5939698,-0.9760432,-1.4362708,0.7542957,-0.44626787,-1.2345278,0.72564906,2.5134115,-0.6533704,-1.8894148,2.1174173,0.029169757,0.20542791,-2.2158241
1.7585697,-1.8757231,-1.1632589,0.5907863,1.1398102,0.8455766,-0.3405168,-1.528802,0.10535896,1.5695379,1.0985062,0.6894002,0.13477331,1.7158276,-0.68210614,1.2459302,0.95297337,1.0241655,1.6010007,-0.9900491,-1.4658368,0.76467746,-0.44921088,-1.2374347,0.73868716,2.5446746,-0.66088074,-1.9018826,2.130986,0.04137092,0.18481264,-2.2305067
1.7639977,-1.891144,-1.189422,0.59616077,1.1425965,0.846136,-0.35438904,-1.5342565,0.10628305,1.5689707,1.1072725,0.6893718,0.12934242,1.7303128,-0.6817429,1.2489841,0.9615035,1.0250366,1.5960832,-0.995188,-1.4638816,0.7631546,-0.47458357,-1.2510537,0.7391224,2.55885,-0.66308904,-1.9158125,2.1451924,0.052509803,0.16338196,-2.2447336
1.7261628,-1.8269448,-1.116416,0.57965964,1.1047422,0.85228956,-0.31251302,-1.4867676,0.10300821,1.5425978,1.0711335,0.6801424,0.16733615,1.6813726,-0.7029016,1.2411712,0.9396237,1.0310577,1.6024277,-0.9710041,-1.4371121,0.7610712,-0.4181883,-1.2282689,0.73157215,2.504874,-0.6607703,-1.8932228,2.1117911,0.020782325,0.23700151,-2.2169404
1.7285949,-1.8232718,-1.0952605,0.5745025,1.114433,0.8432522,-0.30593145,-1.4815857,0.09603618,1.5564592,1.069167,0.6808156,0.16726235,1.6699555,-0.70103717,1.2396739,0.9380544,1.0339894,1.6126846,-0.9619223,-1.4415542,0.7630693,-0.39571577,-1.2168186,0.73509985,2.4951198,-0.65997416,-1.885692,2.1046824,0.022685118,0.23819955,-2.2148395
1.733494,-1.8330939,-1.1291922,0.5921052,1.1061125,0.84991145,-0.3190241,-1.4741306,0.09729894,1.539403,1.0767219,0.6807679,0.170891,1.6716212,-0.7065511,1.2407175,0.95317,1.0357022,1.6036524,-0.9763509,-1.4422908,0.7644804,-0.42343163,-1.2356502,0.7339151,2.5179842,-0.6727915,-1.9136585,2.1186876,0.037120443,0.22744708,-2.232728
1.72036,-1.8042874,-1.0831102,0.57538337,1.1004511,0.85222435,-0.29244357,-1.456968,0.09467091,1.5343264,1.05783,0.6778462,0.18121816,1.6530066,-0.7127745,1.2429222,0.934211,1.042454,1.6084695,-0.9515271,-1.433649,0.7552495,-0.3845472,-1.2111963,0.7239912,2.4794576,-0.6598552,-1.8913198,2.0993893,0.021012925,0.2621692,-2.2100425
1.754218,-1.8471177,-1.1221298,0.5892491,1.1359053,0.84762096,-0.31357577,-1.4889939,0.092476316,1.5596272,1.0837703,0.68338954,0.15166262,1.679379,-0.6978835,1.2507313,0.9466771,1.0403067,1.6084809,-0.9613159,-1.4656261,0.7604653,-0.40636924,-1.2158957,0.7272398,2.5152514,-0.66038203,-1.9073055,2.1223996,0.039791923,0.21946397,-2.2289977
1.7450334,-1.8591979,-1.1532859,0.60110414,1.114713,0.8483569,-0.32855412,-1.4941564,0.1053386,1.54147,1.0864695,0.6805744,0.15106998,1.690059,-0.6989449,1.241711,0.95391077,1.0302675,1.5951036,-0.9844812,-1.449843,0.763356,-0.44376495,-1.2401612,0.72772646,2.5331714,-0.6671845,-1.9128649,2.1231413,0.045493778,0.2019388,-2.234596
1.7479447,-1.8685277,-1.1610968,0.6262483,1.1025326,0.8459893,-0.3257175,-1.48281,0.103407,1.529888,1.0860513,0.6782191,0.14722872,1.6690829,-0.7029356,1.2341743,0.95918757,1.027995,1.5922422,-0.993103,-1.4550365,0.77719474,-0.4424913,-1.244836,0.72712785,2.5457737,-0.68303186,-1.9234873,2.1229973,0.052812647,0.19892916,-2.245284
1.7717116,-1.8806853,-1.1565449,0.6096697,1.1446296,0.84361583,-0.329345,-1.5079699,0.09213336,1.5692891,1.098772,0.68850434,0.13497378,1.6894217,-0.686573,1.2488365,0.9589323,1.0356741,1.6095401,-0.98325086,-1.4816648,0.7735675,-0.4259629,-1.2272727,0.73728156,2.5460901,-0.67454135,-1.9167739,2.1336117,0.052819345,0.18891132,-2.2423413
1.7470899,-1.850733,-1.1385309,0.5934232,1.1229787,0.8515028,-0.32281852,-1.5002707,0.10196148,1.5528582,1.0852122,0.6827128,0.15123565,1.6922947,-0.6954757,1.2473648,0.94751537,1.0299236,1.6031373,-0.9803673,-1.4624625,0.7654103,-0.4256305,-1.2281101,0.7310234,2.5269172,-0.66351134,-1.9047059,2.1242082,0.034040008,0.2184691,-2.2275963
1.7364031,-1.8406544,-1.1337152,0.60125375,1.1051757,0.8581758,-0.31253803,-1.4809358,0.10373876,1.5272878,1.0733814,0.68160176,0.15909956,1.6741117,-0.6986363,1.2425859,0.94540405,1.0305501,1.598758,-0.9808451,-1.4538203,0.7614192,-0.41888094,-1.2255212,0.7213613,2.5140197,-0.6671937,-1.9022988,2.1105227,0.03331843,0.23591624,-2.217979
1.8367478,-2.0045257,-1.3041837,0.6008118,1.2403759,0.85073525,-0.4355884,-1.6663588,0.10734757,1.6365106,1.1674745,0.7148919,0.031857178,1.855153,-0.6234212,1.2799923,0.9808364,0.9963889,1.5735636,-0.99609387,-1.5159376,0.77081496,-0.5639112,-1.2761256,0.7686133,2.6279705,-0.6380992,-1.9293592,2.220456,0.070638694,0.023687791,-2.2743552
1.8226732,-1.9787805,-1.2789154,0.58577865,1.2252904,0.8563545,-0.41876096,-1.6519496,0.10903714,1.6287043,1.151547,0.71197474,0.050083406,1.8455791,-0.63302755,1.2824086,0.9699115,1.0055066,1.5815728,-0.98906255,-1.5020249,0.76356274,-0.5483155,-1.2676445,0.76143485,2.603589,-0.6322959,-1.9199485,2.2089128,0.05483513,0.056507923,-2.2598588
1.8334548,-1.9859111,-1.2780261,0.59137547,1.2385479,0.85109454,-0.41994697,-1.6527511,0.10365559,1.639909,1.1600231,0.7120992,0.04397212,1.8438793,-0.6312597,1.2858399,0.97419876,1.0092217,1.5852604,-0.9828445,-1.5132624,0.7650484,-0.5393142,-1.2636502,0.7644274,2.6084561,-0.6319572,-1.9247646,2.2133598,0.061714742,0.04700997,-2.266747
1.8206183,-1.9816425,-1.2840486,0.5830962,1.2247177,0.8536497,-0.42343926,-1.6479917,0.10757962,1.6309813,1.1544609,0.71601653,0.052573547,1.8461603,-0.632419,1.2819201,0.9742256,1.0080447,1.5852232,-0.99107087,-1.4984094,0.7583558,-0.55241024,-1.2710234,0.7620888,2.6040313,-0.63204736,-1.919653,2.2081177,0.06348097,0.04921196,-2.2610781
1.8293704,-1.9825602,-1.2791017,0.5805224,1.2370309,0.8555687,-0.42020953,-1.6551859,0.10873315,1.6370414,1.1575701,0.7154919,0.045584355,1.8514475,-0.6305387,1.2874568,0.97004807,1.0103374,1.5829345,-0.98142123,-1.5051817,0.75441605,-0.5465226,-1.2630723,0.75836223,2.6025038,-0.6236999,-1.9162742,2.2089055,0.060567755,0.04743798,-2.2564912
1.8262491,-1.9881055,-1.2925342,0.57715476,1.2311127,0.8544302,-0.4303767,-1.6557833,0.11315027,1.6330521,1.1583608,0.72002363,0.045620583,1.8574225,-0.6298951,1.2846037,0.9750355,1.0073768,1.5778744,-0.9857303,-1.4935539,0.7500077,-0.56531084,-1.2734932,0.75927657,2.606002,-0.62272775,-1.9184309,2.2095268,0.06974459,0.03093503,-2.2574909
1.8105739,-1.9781075,-1.2708648,0.57137054,1.2168626,0.84375304,-0.42271003,-1.6452324,0.10849906,1.6365302,1.1487728,0.7158257,0.054789603,1.8418536,-0.6349685,1.2757504,0.96969914,1.0096395,1.5874695,-0.98417187,-1.4763763,0.754539,-0.55191606,-1.2737231,0.7646047,2.5907037,-0.62816006,-1.9048622,2.1965659,0.06648164,0.039151605,-2.2566843
1.8104411,-1.986911,-1.2844254,0.5598965,1.220213,0.8415669,-0.44048336,-1.6557767,0.11186976,1.6440514,1.1533873,0.7254249,0.04797543,1.8582295,-0.62966466,1.2768365,0.97569263,1.004539,1.5835016,-0.97743535,-1.4629008,0.747313,-0.57262427,-1.2843574,0.76964647,2.5900981,-0.61675346,-1.9036522,2.200755,0.07494923,0.008915259,-2.2555697
1.80618,-1.987215,-1.2929034,0.5767897,1.2012427,0.8401738,-0.43911275,-1.6448776,0.1122939,1.6269532,1.1502306,0.7176088,0.052852493,1.8439748,-0.63819635,1.2681217,0.97789776,1.00129,1.5771412,-0.991289,-1.4601669,0.761129,-0.58091396,-1.2948037,0.7703188,2.6030807,-0.6334082,-1.9186556,2.2050025,0.077306874,0.015328685,-2.2703905
1.8109069,-1.9932249,-1.2838253,0.5658301,1.2149314,0.8319499,-0.4473788,-1.663058,0.11245252,1.6469207,1.1526194,0.72160137,0.039025135,1.8548467,-0.6303998,1.2693034,0.9764259,0.99547833,1.576271,-0.9775202,-1.4548719,0.76134425,-0.5784657,-1.2932135,0.7801243,2.595927,-0.6230499,-1.9058326,2.2034998,0.077266194,-0.00872421,-2.2662246
1.8034717,-1.9826336,-1.285322,0.57499826,1.1952847,0.8345342,-0.43950886,-1.6416874,0.11301516,1.6279281,1.1475797,0.7162018,0.055024393,1.8383702,-0.6419045,1.2654159,0.9777651,1.0003779,1.5776058,-0.9897636,-1.4534774,0.7642788,-0.57845783,-1.297651,0.77367455,2.600561,-0.6342305,-1.9196386,2.2036822,0.07888031,0.012924366,-2.2732165
1.804336,-1.9810381,-1.2717808,0.5705859,1.2040248,0.8301224,-0.43472457,-1.6434069,0.107350394,1.6400627,1.1487129,0.7146381,0.05309548,1.836994,-0.64141226,1.2675815,0.97573644,1.0039988,1.5841285,-0.9783325,-1.4548938,0.7640341,-0.5638009,-1.2905254,0.7768907,2.5915656,-0.63055354,-1.9123744,2.2011073,0.07397811,0.013623534,-2.2719285
1.8014401,-1.9726818,-1.2741739,0.5720519,1.1956558,0.83975667,-0.42744184,-1.6319027,0.108061895,1.6257223,1.1429389,0.715351,0.06504672,1.8312962,-0.64396036,1.2702937,0.97508687,1.0089433,1.5869528,-0.98870945,-1.4588246,0.7601955,-0.56121826,-1.2881238,0.7698475,2.5899518,-0.6353089,-1.9168268,2.1985795,0.07258233,0.035539787,-2.2666686
1.8090025,-1.9839787,-1.2758254,0.57353574,1.2106694,0.83972174,-0.43085712,-1.653305,0.10733818,1.6391292,1.146589,0.7164618,0.050916098,1.8435965,-0.6343423,1.2723088,0.97263384,1.0033485,1.5854521,-0.986688,-1.4684193,0.7656906,-0.5599931,-1.2833852,0.77634734,2.593866,-0.6333095,-1.908183,2.2010777,0.06456751,0.026916934,-2.2637582
1.9144232,-2.0463407,-1.4147273,0.6393733,1.3330805,0.9345466,-0.44046673,-1.710501,0.11579579,1.5862267,1.21029,0.737416,-0.009559364,1.9116989,-0.5702884,1.3187305,0.98980886,0.97917026,1.5175692,-1.0259614,-1.6602358,0.7378345,-0.59405494,-1.2318664,0.72653043,2.6990256,-0.630741,-1.9638436,2.2507975,0.08065739,0.051798563,-2.2357543
1.918315,-2.053302,-1.4206454,0.6393363,1.3401523,0.9336952,-0.44597074,-1.7202957,0.11621769,1.5914551,1.2157387,0.7397399,-0.016305644,1.9182283,-0.5655199,1.317898,0.99039817,0.9747877,1.5141481,-1.0261093,-1.6634729,0.7392087,-0.6000754,-1.2339566,0.7300572,2.705775,-0.6293,-1.9619566,2.2542946,0.08154263,0.0408873,-2.236518
1.9082819,-2.0296001,-1.3949673,0.63018805,1.3298621,0.9319754,-0.43368065,-1.7048801,0.11362878,1.5913384,1.2031698,0.7377918,-0.0010371781,1.9039001,-0.5742662,1.318166,0.98602587,0.98304415,1.5249909,-1.0183101,-1.6545074,0.73726374,-0.5793021,-1.2267296,0.72838265,2.6858594,-0.62769413,-1.9612378,2.2480507,0.07141139,0.066968516,-2.232526
1.9194518,-2.060462,-1.4267573,0.64992005,1.3363007,0.92973554,-0.44967017,-1.7189054,0.11523143,1.5935048,1.2216184,0.73703563,-0.01810045,1.9152952,-0.5690158,1.3142046,0.9958683,0.97168195,1.5124735,-1.03131,-1.6653442,0.74823076,-0.60480356,-1.2399534,0.7343383,2.7179132,-0.63747984,-1.969681,2.2591164,0.08519577,0.033534225,-2.248679
1.9227194,-2.065185,-1.4344188,0.66008264,1.3353204,0.92995536,-0.449985,-1.7140831,0.11355639,1.5888075,1.22718,0.7363303,-0.017743185,1.9087946,-0.56943136,1.3108497,1.0000063,0.9702347,1.5092893,-1.0366062,-1.6719044,0.7523098,-0.6061313,-1.2417082,0.73437065,2.7281961,-0.6443114,-1.9763777,2.2583797,0.091968566,0.0319292,-2.253686
1.9191145,-2.0471327,-1.4165431,0.65399414,1.3287313,0.9331996,-0.4362923,-1.7014955,0.11492828,1.5792111,1.2161285,0.72985744,-0.009766196,1.8983684,-0.5812367,1.3140209,0.9923437,0.9773789,1.5081127,-1.024772,-1.6665591,0.74659693,-0.5930822,-1.233502,0.72215515,2.7124689,-0.6372046,-1.9779449,2.253492,0.08445151,0.05334145,-2.248925
1.9203776,-2.0595431,-1.4282577,0.6709578,1.3219473,0.9286862,-0.4407776,-1.6953154,0.11099418,1.5742891,1.2230681,0.72785234,-0.011430776,1.8873818,-0.5816363,1.3055639,1.0006907,0.9709244,1.506659,-1.0367557,-1.6709707,0.7594318,-0.5975549,-1.2428352,0.72675544,2.7276607,-0.6526357,-1.9869077,2.2532663,0.09675877,0.043347016,-2.262859
1.9239464,-2.0646725,-1.4266027,0.6588777,1.3358915,0.93065536,-0.44373134,-1.7125022,0.11139732,1.5899167,1.2216805,0.7351043,-0.01674951,1.9065189,-0.5688211,1.3140905,0.99619204,0.97550577,1.5155141,-1.03273,-1.6711026,0.75308335,-0.59680486,-1.236392,0.73377144,2.7190728,-0.6444403,-1.9725143,2.2541373,0.08832019,0.03767736,-2.2492833
1.9164513,-2.0454533,-1.4194049,0.6618825,1.3215002,0.9338958,-0.43496445,-1.689886,0.10999587,1.5751431,1.2145396,0.7305465,-0.0028653406,1.8884175,-0.5813384,1.3127323,0.9980887,0.9804306,1.5144185,-1.0310273,-1.6672093,0.75123674,-0.58910197,-1.2356865,0.72600484,2.713374,-0.6481629,-1.9857891,2.2533758,0.08788799,0.05997903,-2.254644
1.9188563,-2.0569813,-1.4226851,0.6569281,1.3293673,0.9323641,-0.44078594,-1.707781,0.11295151,1.5856379,1.215703,0.73370564,-0.011382729,1.9040898,-0.57178473,1.3142499,0.99575675,0.9769591,1.5163196,-1.032662,-1.665825,0.7517919,-0.5958011,-1.2362727,0.7322607,2.7132218,-0.6444586,-1.9739,2.2527547,0.0835077,0.046743322,-2.247323
1.9120834,-2.0437393,-1.41463,0.66167825,1.3136069,0.9292898,-0.43379015,-1.684676,0.11099434,1.5750233,1.2123826,0.7306291,0.0028636146,1.8815329,-0.5837332,1.3082461,0.9993522,0.9812153,1.5186291,-1.0360788,-1.6607945,0.75278383,-0.58670753,-1.2382127,0.72782904,2.711951,-0.65207076,-1.9833817,2.245895,0.09053949,0.060752098,-2.253503
1.9172485,-2.0421932,-1.4108578,0.6466696,1.3298746,0.93640816,-0.43356574,-1.7006892,0.11178361,1.5867468,1.2082407,0.7371868,-0.0025005438,1.9022481,-0.5739933,1.321686,0.99207824,0.98710483,1.5237049,-1.0257916,-1.6650592,0.74215114,-0.5830839,-1.2271067,0.7291786,2.6992204,-0.6382793,-1.9725038,2.2515156,0.07815193,0.06370827,-2.2386532
1.9269164,-2.0630348,-1.435832,0.6553378,1.339446,0.9368224,-0.44927862,-1.7205442,0.11555312,1.5895298,1.2209905,0.7392049,-0.01901565,1.9197618,-0.56648415,1.3221062,0.9968114,0.9765932,1.5116085,-1.0320419,-1.6721224,0.74711585,-0.60659975,-1.2375711,0.7342974,2.721463,-0.63801616,-1.9775791,2.2646255,0.084164396,0.035887066,-2.2469823
1.9297543,-2.06655,-1.4350125,0.64702296,1.3543355,0.9407593,-0.45043862,-1.736539,0.11720413,1.5981292,1.2234765,0.742146,-0.02727102,1.9351766,-0.55650294,1.3253847,0.9908447,0.9733111,1.5098258,-1.0267085,-1.678326,0.74188995,-0.6074019,-1.2300832,0.7347259,2.7180214,-0.62826216,-1.9629446,2.2631233,0.075829886,0.03366345,-2.2344663
1.9742635,-2.1064312,-1.4750187,0.6418137,1.4185808,0.957891,-0.48160473,-1.8039132,0.13225462,1.6110775,1.2454858,0.75611305,-0.08546516,1.9943738,-0.52385986,1.3438752,0.992461,0.94349295,1.4528277,-0.9958813,-1.7023196,0.7313457,-0.6553471,-1.2285105,0.74348503,2.7485394,-0.60016245,-1.9618936,2.2960362,0.07895554,-0.05086645,-2.220466
1.9899913,-2.1278253,-1.5087702,0.6672207,1.4213706,0.9648936,-0.48849607,-1.8011304,0.12886032,1.5936588,1.2560112,0.7583772,-0.09211363,1.9917051,-0.51598924,1.347903,1.0029106,0.9423891,1.4443465,-1.0110987,-1.7242042,0.7376358,-0.66642827,-1.2335165,0.7458158,2.772679,-0.6143308,-1.9827547,2.304504,0.098571144,-0.06360413,-2.2287378
1.978458,-2.1085846,-1.484019,0.6533905,1.4118415,0.95873916,-0.4802742,-1.7935247,0.1271057,1.6022322,1.245152,0.7570703,-0.080177434,1.9833639,-0.52510977,1.3458943,0.99784315,0.94882363,1.4594171,-1.006643,-1.7124082,0.7367693,-0.64930093,-1.2299536,0.7448176,2.7535932,-0.61026776,-1.9768174,2.299521,0.0870874,-0.042590745,-2.2281096
1.9754294,-2.1218073,-1.4907303,0.6607607,1.4075667,0.9511041,-0.48690188,-1.794204,0.12447928,1.6021582,1.2523019,0.7541081,-0.08521092,1.9792665,-0.5256102,1.335176,1.0022398,0.9402756,1.453717,-1.0095227,-1.7042,0.74664265,-0.6602261,-1.2417586,0.7501682,2.7640474,-0.6201808,-1.9777867,2.2993164,0.09610278,-0.0620941,-2.240832
1.979703,-2.124247,-1.487831,0.6562297,1.4144721,0.95020586,-0.4903066,-1.7993041,0.12757093,1.6076893,1.2531854,0.75667274,-0.08887226,1.9857626,-0.52213204,1.3388702,1.0021454,0.9399505,1.4514596,-1.0033149,-1.7023329,0.7423506,-0.66092855,-1.240357,0.75186914,2.7617798,-0.6138238,-1.9734651,2.2985277,0.09886157,-0.075051226,-2.2348015
1.9811608,-2.1182425,-1.481788,0.65242666,1.4147159,0.95293236,-0.48392096,-1.7960706,0.12718979,1.6107664,1.24913,0.7576896,-0.08338184,1.9851663,-0.5241375,1.3448994,0.9991347,0.9489077,1.4606308,-1.0043291,-1.706962,0.7380928,-0.6500581,-1.2325538,0.74948514,2.7549577,-0.61137164,-1.971533,2.295665,0.09399785,-0.05979681,-2.2288163
1.9839041,-2.1284182,-1.4839696,0.6499096,1.4264073,0.95363253,-0.49038833,-1.8119814,0.13001497,1.6180111,1.2539607,0.7588407,-0.09596031,1.9989737,-0.5159836,1.3443701,0.9969507,0.93982553,1.4492375,-0.9964764,-1.7034087,0.73810166,-0.6606147,-1.2339246,0.7546036,2.7586193,-0.60733765,-1.9598622,2.2952228,0.092093594,-0.08140498,-2.2233934
1.98036,-2.1247888,-1.4807346,0.648247,1.4226424,0.9524391,-0.488996,-1.8109678,0.12687041,1.614916,1.2503986,0.75851226,-0.09402278,1.9931988,-0.5160582,1.3406618,0.9957967,0.9370301,1.4510081,-0.99723005,-1.7017212,0.7426741,-0.65773785,-1.2361104,0.7560534,2.7550466,-0.61018395,-1.9610554,2.2957258,0.090201676,-0.076103754,-2.2261403
1.9621207,-2.096819,-1.4510077,0.6299365,1.4016421,0.94685936,-0.47479236,-1.7943299,0.12540494,1.6190782,1.2300625,0.75589037,-0.072885655,1.9796488,-0.5313433,1.3401792,0.9890884,0.95092887,1.4756289,-0.9963894,-1.6824639,0.73880494,-0.6362676,-1.2320353,0.750581,2.725763,-0.605847,-1.9555842,2.2867725,0.07483275,-0.039129373,-2.2235649
1.9602765,-2.0839798,-1.4325094,0.61880654,1.4052007,0.945212,-0.47274733,-1.8002249,0.12955527,1.6307428,1.2248574,0.7571161,-0.072096996,1.9841255,-0.5318086,1.343269,0.9851312,0.9502596,1.4775664,-0.9857613,-1.6780274,0.73597616,-0.6274235,-1.22632,0.7528729,2.7153542,-0.59526527,-1.9485204,2.2857947,0.06297011,-0.03523586,-2.215777
1.9746319,-2.0996327,-1.4481528,0.620529,1.4238559,0.9542288,-0.47749764,-1.8109249,0.13212477,1.6308959,1.2337443,0.76110125,-0.08418189,1.9997239,-0.5214882,1.3523685,0.98369884,0.9514301,1.4671446,-0.9813734,-1.687995,0.72583145,-0.6376749,-1.2213517,0.7493726,2.7239835,-0.5884582,-1.9425921,2.286181,0.07141587,-0.054306902,-2.2046943
1.9584446,-2.089386,-1.4378917,0.61851466,1.401954,0.9448076,-0.47488582,-1.7994919,0.13089728,1.6291833,1.2241704,0.75739837,-0.07216034,1.9871936,-0.5325664,1.3428321,0.98565257,0.9523172,1.477651,-0.9873519,-1.6696074,0.7336067,-0.6357331,-1.23034,0.7520961,2.7155845,-0.59606814,-1.9460212,2.283296,0.066550754,-0.042592414,-2.215402
1.967126,-2.0850332,-1.4321928,0.6224854,1.4106956,0.9465616,-0.4700163,-1.7960724,0.13139427,1.6282139,1.2294683,0.752332,-0.07366742,1.9830458,-0.5357418,1.345291,0.9837904,0.9531839,1.4714022,-0.9802439,-1.6824747,0.732705,-0.6263637,-1.2219863,0.7452612,2.719372,-0.59190977,-1.9513787,2.2849672,0.06779369,-0.03801769,-2.2165506
1.9762985,-2.1039605,-1.4536597,0.6279492,1.4278456,0.95497257,-0.48006243,-1.8149841,0.13231243,1.6301707,1.2403383,0.75806165,-0.08971229,2.0018322,-0.520033,1.3497894,0.9854872,0.94468504,1.4598638,-0.9826578,-1.6956384,0.7308523,-0.6418942,-1.2223275,0.75044715,2.7334423,-0.59112006,-1.9448403,2.2903554,0.07025101,-0.057565015,-2.210089
1.6856997,0.39407143,-1.3458995,2.0627058,0.5636959,0.5527016,-1.1846963,-0.65999204,1.6759914,-0.6486979,1.0211599,-0.9999763,-1.1953464,1.6835687,0.93575644,1.0676584,1.663658,-0.5022146,-0.3568799,-1.8113118,-1.6368484,-1.1636031,-1.7651051,-1.1492534,-1.2764053,1.2570219,1.0839329,-1.3448098,0.6020858,0.18056877,-0.51156765,0.87767196
1.6179006,0.46639648,-1.2311084,2.033704,0.5806686,0.5384399,-1.1657279,-0.5911409,1.6343137,-0.67100734,1.0072451,-0.9823015,-1.2130926,1.5585476,1.0309747,1.031393,1.6057194,-0.46998602,-0.3278117,-1.7591213,-1.6186008,-1.1978829,-1.6864641,-1.0841656,-1.2759112,1.1132327,1.0735216,-1.2967607,0.58147466,0.17345673,-0.44709638,0.93590283
1.5125694,0.44572732,-0.8890855,1.7429818,0.48075545,0.47179312,-1.0578216,-0.42116937,1.3420193,-0.44837102,0.9293527,-0.8837515,-1.0042999,1.2197706,0.80724263,0.9643072,1.4108436,-0.3348027,-0.030503325,-1.4544123,-1.5087372,-1.060291,-1.4513986,-1.0545684,-1.0675522,0.99919987,0.8752175,-1.163473,0.5525069,0.1408359,-0.2658181,0.8441903
1.4870248,0.6362989,-0.7767671,1.7132945,0.41748747,0.45395407,-1.0391339,-0.34084967,1.3756784,-0.4399256,0.9064673,-0.9982319,-0.99288714,1.1481557,0.7525382,0.9279586,1.3562806,-0.38555285,-0.12349841,-1.3666445,-1.4329599,-1.1277134,-1.441326,-0.9760108,-1.1265842,0.90689063,0.9530121,-1.0643148,0.43342766,0.08505339,-0.21438175,0.99262017
1.646645,0.07360633,-1.3737293,1.8802924,0.495498,0.4828611,-1.248359,-0.7788913,1.5162928,-0.5144523,1.0023423,-0.84078753,-1.0528841,1.6500063,0.7719419,1.0562586,1.6433871,-0.4799482,-0.03227157,-1.7788562,-1.6450297,-0.97809905,-1.8470117,-1.2643415,-1.0358549,1.4088979,0.8542595,-1.4938437,0.75227857,0.21621442,-0.4559169,0.6936207
1.6051662,-0.5863577,-1.5300232,1.6480569,0.569986,0.54906654,-1.25649,-1.0719488,1.2696286,-0.2281754,1.0888281,-0.4863089,-0.8872492,1.8212082,0.49987188,1.0690365,1.6329868,-0.39186677,0.39292365,-1.6672034,-1.7053207,-0.5946139,-1.8919458,-1.420046,-0.6881594,1.8147932,0.45827097,-1.7278903,1.1711524,0.23848262,-0.45462662,0.13083333
1.6782123,-0.22071776,-1.4263362,1.7879734,0.6120847,0.538641,-1.2512876,-0.915822,1.4157473,-0.2804195,1.1161591,-0.65344715,-1.0464605,1.810603,0.6781274,1.1315897,1.593683,-0.40521073,0.107266985,-1.6612533,-1.744128,-0.82763255,-1.8451046,-1.314095,-0.8873282,1.6318122,0.69685745,-1.5292106,1.0233269,0.2710053,-0.518917,0.37542835
1.6604571,0.53450465,-1.2859472,2.0884001,0.55618805,0.5692987,-1.215744,-0.6066422,1.800446,-0.68181163,0.97805,-1.1074667,-1.2554083,1.6598392,0.9955119,1.0556421,1.6541009,-0.53488696,-0.43541902,-1.7903552,-1.5790658,-1.2297254,-1.7637292,-1.0922863,-1.3408096,1.1198014,1.2164487,-1.3162167,0.5612134,0.13864595,-0.5210393,0.9702861
1.6985533,0.47029868,-1.272413,2.1462905,0.61672485,0.8460329,-1.1536989,-0.51721174,1.9404281,-0.90956634,0.68217313,-1.294562,-1.3334074,1.772352,0.8885225,1.131209,1.728208,-0.43590885,-0.5460136,-1.8300285,-1.5634276,-1.3058769,-1.6172527,-1.1901923,-1.5793883,1.0583133,1.4209523,-1.3943985,0.6787218,0.061542753,-0.40067935,0.76796937
1.8938456,-0.114382416,-1.3179712,1.862273,1.1217949,1.005657,-0.75291586,-0.72379756,1.3843689,-0.12303269,0.9044536,-0.8372009,-1.0755589,2.1100016,0.4775569,1.407956,1.4401823,0.057517983,-0.06578024,-1.4922464,-1.7190771,-1.0056432,-1.2527536,-1.0989423,-1.1671885,1.5404835,1.1544297,-1.3208286,0.9758196,-0.020244887,-0.12047348,0.053434875
1.6042475,0.28437263,-1.2720193,2.194657,0.7593906,0.8421486,-1.0332901,-0.47111517,1.8528078,-0.87683415,0.52397627,-1.1714925,-1.3106902,1.8738283,0.84657943,1.154113,1.6000986,-0.18215038,-0.45105746,-1.8691146,-1.6744617,-1.3496379,-1.3669633,-1.1263851,-1.5721511,1.0255146,1.4766421,-1.3830149,0.7646781,-0.037858292,-0.0535604,0.5927278
1.6721545,0.30819684,-1.3322988,2.0221612,0.63604295,0.59965616,-1.1257138,-0.6912528,1.6667538,-0.5706098,0.95158005,-0.9222772,-1.192138,1.6842802,0.869166,1.0626173,1.643138,-0.47080362,-0.3047841,-1.7865851,-1.667062,-1.1350125,-1.7075464,-1.1013596,-1.284729,1.2781597,1.0705696,-1.38613,0.6974797,0.12219665,-0.47987765,0.77075404
1.7512394,0.34794766,-1.3870105,2.084416,0.6269412,0.5967344,-1.1803168,-0.71758485,1.7308024,-0.6087233,1.0057054,-0.98806417,-1.2196972,1.7575132,0.9473753,1.126087,1.664132,-0.4653703,-0.34751004,-1.8328365,-1.7005041,-1.1716943,-1.7603844,-1.1345342,-1.2863238,1.3170242,1.1478187,-1.3930095,0.7006533,0.15019806,-0.52748364,0.840474
1.7765584,-0.067627415,-1.5108249,1.9755206,0.6931853,0.6635977,-1.2088833,-0.90300816,1.5895302,-0.465914,1.0861002,-0.76725304,-1.1392618,1.8835404,0.8361739,1.1941425,1.6634245,-0.37974116,-0.058652956,-1.8151506,-1.8150607,-0.952074,-1.7974386,-1.2467022,-1.0727882,1.6166193,0.9187253,-1.5583911,0.9929592,0.19761476,-0.49856228,0.48677194
1.8628485,-0.7949504,-1.7210473,1.7532926,0.842409,0.82546496,-1.1416588,-1.1832484,1.4167483,0.072085015,1.0714127,-0.35252634,-0.95288366,2.120266,0.41393742,1.2704663,1.5830923,-0.14499448,0.38354826,-1.6883533,-1.8408397,-0.6415507,-1.7046181,-1.3462844,-0.77999467,2.1113884,0.6679095,-1.7987058,1.5047847,0.1442965,-0.5263638,-0.24509351
1.8178085,-0.55639976,-1.6422071,1.8253409,0.80185735,0.7565179,-1.1617041,-1.0931149,1.5126605,-0.055260263,1.0142934,-0.5073596,-1.018692,2.0703104,0.48552486,1.2234368,1.6291,-0.2601244,0.19605875,-1.7162939,-1.7794228,-0.76338255,-1.7453282,-1.2974046,-0.8955384,1.9335245,0.76651555,-1.728972,1.3309834,0.13239701,-0.5641904,-0.0124662295
1.779786,-0.3336934,-1.5784159,1.8770959,0.73675156,0.6466845,-1.1867688,-0.9924957,1.5582538,-0.1321947,1.0026463,-0.635123,-1.0542148,1.9878571,0.5728468,1.1747814,1.64217,-0.33628878,0.07344522,-1.758328,-1.7391722,-0.89693826,-1.7980641,-1.2670817,-0.98358387,1.7631402,0.8387875,-1.6434557,1.1444768,0.1410316,-0.57542944,0.2416592
1.8396376,-0.24581584,-1.5915989,2.007577,0.79251945,0.7683573,-1.1535994,-0.9527515,1.6642951,-0.25088114,0.9953085,-0.7252213,-1.1216899,2.0289962,0.7051046,1.251341,1.6491475,-0.2916498,-0.01411204,-1.7890213,-1.8027285,-0.9578733,-1.7289352,-1.2139909,-1.080103,1.7398525,0.9624838,-1.650387,1.1719073,0.11728486,-0.5529223,0.26737562
1.883114,-0.39049894,-1.6027014,1.948303,0.8881726,0.82080114,-1.1316029,-1.0824841,1.5918254,-0.18979597,1.0074404,-0.6340077,-1.1275176,2.09954,0.641296,1.2834089,1.6367191,-0.2640653,0.011852458,-1.7158657,-1.8288693,-0.83693904,-1.6986225,-1.2165155,-0.9802168,1.8707395,0.8614967,-1.7056038,1.3210393,0.106741205,-0.5804655,0.0951132
1.8747997,-0.6577766,-1.6518456,1.8092712,0.91708326,0.8038458,-1.1416754,-1.2100035,1.4297564,-0.019371886,1.0647993,-0.45171875,-1.0519339,2.1525729,0.5024706,1.2740625,1.6164305,-0.21632083,0.18899924,-1.6455368,-1.8370974,-0.6795437,-1.7258075,-1.2825435,-0.800185,2.0462809,0.6781036,-1.7629564,1.4760617,0.12289477,-0.58600026,-0.13276829
1.8881404,-0.54541814,-1.6419998,1.8767104,0.8915607,0.804067,-1.1436914,-1.1450994,1.5008813,-0.054605074,1.0806249,-0.5185288,-1.0773462,2.1448658,0.5702019,1.274295,1.626002,-0.21292195,0.12907425,-1.6848865,-1.8218633,-0.7679766,-1.7355255,-1.2669342,-0.88066036,1.9862864,0.7518586,-1.7285815,1.4136387,0.11722807,-0.5958291,-0.025389792
1.9055753,-0.3132816,-1.6362365,1.9946164,0.87993026,0.7835274,-1.1575689,-1.0678409,1.613405,-0.2172417,1.0382,-0.6506771,-1.153891,2.0949464,0.7337836,1.2803812,1.6344897,-0.23565218,-0.028102547,-1.788501,-1.822094,-0.92316765,-1.7300081,-1.2130424,-1.0171254,1.843217,0.9188605,-1.677833,1.2710927,0.1314795,-0.5905211,0.20258792
1.8580174,-0.011600919,-1.5847507,2.127475,0.871557,0.7820237,-1.1027918,-0.9466199,1.7175891,-0.44240147,0.92020386,-0.81505597,-1.249516,2.0309756,0.8407693,1.2376391,1.6397004,-0.31172338,-0.29265556,-1.8463556,-1.7791528,-1.0501679,-1.6636535,-1.1156616,-1.2098299,1.6116728,1.1015815,-1.574737,1.0795039,0.0945256,-0.5648373,0.400769
1.787534,-0.0641956,-1.5479956,2.027535,0.71720517,0.7249339,-1.1452249,-0.8566357,1.7181203,-0.35412714,0.9235333,-0.81248546,-1.1414645,1.9680738,0.68076754,1.1862437,1.6760452,-0.38058063,-0.17008868,-1.8188072,-1.6982358,-1.0158705,-1.7236589,-1.1926721,-1.1858443,1.5815892,1.0543108,-1.561721,0.97743666,0.12048372,-0.5769506,0.4095003
1.7455806,0.02093035,-1.4929949,2.067305,0.7462008,0.7366735,-1.1199768,-0.8322784,1.7330433,-0.41297096,0.90644026,-0.86048245,-1.1784878,1.942755,0.73464644,1.1536679,1.6850569,-0.41378015,-0.24216574,-1.7995017,-1.6988658,-1.0350971,-1.6988255,-1.1383604,-1.2260866,1.5166612,1.0602026,-1.5427532,0.96823984,0.08053662,-0.5587442,0.4409558
1.7828747,-0.39084896,-1.5962342,1.9300938,0.81488013,0.78299457,-1.1517402,-1.0295329,1.5830611,-0.21068883,1.005284,-0.63057446,-1.0824871,2.045592,0.6062603,1.1946913,1.6682525,-0.32666925,0.05924893,-1.7304354,-1.7959565,-0.8260526,-1.7419511,-1.2404042,-0.9884796,1.8314695,0.8303246,-1.7012017,1.270937,0.087721586,-0.54172707,0.10161917
1.8342988,-0.6071713,-1.6596359,1.8248395,0.83909786,0.77408886,-1.1598314,-1.1358801,1.4796944,-0.050639562,1.0419786,-0.48566335,-1.018874,2.0823736,0.508358,1.2393827,1.6285319,-0.24389148,0.22370341,-1.7082254,-1.8286272,-0.7304217,-1.7431215,-1.3006746,-0.85461766,1.9869368,0.7268564,-1.7603908,1.3904525,0.1297183,-0.5501519,-0.057388693
1.8668267,-0.4975775,-1.6417793,1.8527012,0.79713416,0.7566502,-1.1511607,-1.0806473,1.5200862,-0.05920144,1.0483118,-0.53480554,-1.0298685,2.0465357,0.5253781,1.2440459,1.63344,-0.25217074,0.1684744,-1.737576,-1.8404177,-0.8070976,-1.7371436,-1.2814106,-0.9313685,1.9273176,0.809285,-1.7122186,1.3056186,0.12068542,-0.5454441,0.07283287
1.8336397,-0.43206155,-1.5485586,1.8223659,0.8810376,0.77060974,-1.1567606,-1.1059625,1.533998,-0.17771393,1.0202006,-0.57961094,-1.1036516,2.0662975,0.5875653,1.2678733,1.6237916,-0.31185174,0.049542226,-1.6428006,-1.7873445,-0.756128,-1.7211165,-1.2449759,-0.889891,1.865242,0.75902706,-1.6803814,1.3044215,0.17680818,-0.6393564,0.067822665
1.5073913,-0.14788887,-0.4589985,0.8298546,1.6488361,0.84506154,0.045880556,-0.7232667,0.679615,0.3624702,0.5162774,0.18917733,-0.28902048,1.7609411,-0.0016107708,1.0933847,-0.08947564,1.0936983,0.4674941,-0.26765305,-0.9478757,-0.60967445,-0.15883501,-0.5976255,-0.36307696,1.6218677,0.761443,-0.7195366,1.4144734,-0.64672625,0.5508883,-0.36693448
1.4208812,0.14722905,-0.11381936,0.67200154,1.6596895,0.8781732,0.24393255,-0.46258974,0.6138354,0.3593057,0.35205674,0.18042508,-0.18787508,1.5111283,-0.033998452,1.0393037,-0.2894444,1.178044,0.42162713,-0.067831635,-0.8303723,-0.71308655,0.13546163,-0.36295703,-0.45969072,1.358294,0.9021172,-0.48462787,1.2352803,-0.7932933,0.78460073,-0.13307826
1.7538841,0.3243314,-1.3208128,2.0614357,0.94379973,0.73675483,-0.96527195,-0.8157285,1.6847316,-0.5166962,0.84438133,-0.882005,-1.3138142,1.8629053,0.90258765,1.2139194,1.541043,-0.35181302,-0.49895927,-1.673258,-1.7213434,-1.1183437,-1.4868999,-0.93644154,-1.3191669,1.3148564,1.1241059,-1.3469216,0.89404505,0.12786303,-0.56422883,0.5737317
1.8868222,-0.658799,-1.668489,1.7781401,1.0618092,0.822997,-1.0414402,-1.2898618,1.3183073,-0.11755464,0.9864267,-0.36961776,-1.1037444,2.139413,0.5268924,1.3490168,1.5270016,-0.16051407,0.12199434,-1.6370084,-1.9115162,-0.62227535,-1.5882667,-1.2113677,-0.77697635,2.0395887,0.6582466,-1.7248583,1.5103099,0.20660888,-0.5482457,-0.22634824
1.8679591,-0.9377815,-1.6885847,1.6255684,1.0048238,0.8018809,-1.0795803,-1.3397474,1.2182782,0.13071772,1.0638261,-0.21792477,-0.97081363,2.1832616,0.33295923,1.3154022,1.5310944,-0.12330809,0.36325726,-1.5493039,-1.8631934,-0.48469982,-1.6561869,-1.3204437,-0.61299133,2.2029998,0.4875239,-1.7814285,1.619236,0.19759765,-0.5889506,-0.43112698
1.8988346,-0.6549664,-1.6757383,1.7745876,0.81145895,0.8047018,-1.1420723,-1.1192704,1.4641552,0.014764596,1.0798714,-0.43992707,-0.99269104,2.1091826,0.42598286,1.3047279,1.6165127,-0.20202218,0.25233912,-1.6816685,-1.8229344,-0.69613713,-1.7148007,-1.3462346,-0.8506706,2.0294216,0.7261587,-1.726173,1.371052,0.19617663,-0.602563,-0.103624135
1.9744811,-1.0510137,-1.7677228,1.6192366,0.97280896,0.87184006,-1.0843494,-1.3425698,1.2218425,0.1860573,1.1176965,-0.17682518,-0.91477615,2.1742296,0.32215714,1.4120973,1.5202409,-0.030407656,0.50540406,-1.6202046,-1.9636292,-0.43772295,-1.6021883,-1.3853699,-0.5819309,2.3062513,0.5071797,-1.8491429,1.6561543,0.2547596,-0.54578,-0.5003121
1.884071,-0.9196746,-1.6096998,1.5930383,1.0935004,0.8449897,-1.034272,-1.3347492,1.168412,0.071871996,1.103635,-0.25597435,-0.9794224,2.1516545,0.4071308,1.4082804,1.4799044,-0.08665815,0.38010255,-1.4742669,-1.9386108,-0.4304463,-1.5619602,-1.2855402,-0.56648016,2.1724894,0.423804,-1.7491432,1.6366714,0.26412034,-0.5638552,-0.4512388
1.9380102,-0.6834944,-1.580785,1.7143137,1.0418828,0.8425719,-1.0950236,-1.2212678,1.329438,-0.05804386,1.1409132,-0.42702326,-1.051316,2.1126683,0.5994077,1.4374322,1.5250933,-0.12073015,0.25032738,-1.5579506,-1.9540851,-0.59987223,-1.5973113,-1.2707192,-0.6956864,2.0368745,0.5892488,-1.7094041,1.4973373,0.2840137,-0.5913284,-0.1671773
1.9078054,-1.1755869,-1.6603521,1.4967114,1.035622,0.84036785,-1.101414,-1.4105173,1.0850341,0.27629948,1.2183312,-0.13770704,-0.8630489,2.1821718,0.31751975,1.3942527,1.5045525,-0.027874265,0.602022,-1.4381208,-1.9271641,-0.2945119,-1.6219261,-1.4025757,-0.3698781,2.3477805,0.26494765,-1.8462307,1.769164,0.27412093,-0.5954839,-0.61529815
1.9441499,-0.7351066,-1.6267955,1.7132702,1.041449,0.84329706,-1.0852618,-1.2699897,1.3330497,0.007412277,1.1161879,-0.35770074,-1.0517046,2.1376574,0.52967966,1.3974829,1.5290215,-0.11268631,0.25001183,-1.5695443,-1.9290376,-0.60574603,-1.6247671,-1.2671267,-0.704498,2.104639,0.5909147,-1.7380104,1.5482605,0.22950006,-0.60084265,-0.22233386
1.8938179,-0.08545685,-1.5105591,1.9908768,0.9058639,0.787061,-1.0933442,-0.96605104,1.6640213,-0.3406778,0.9944107,-0.73624706,-1.2186018,2.0059605,0.7948804,1.303762,1.6022577,-0.28115493,-0.19608548,-1.7297856,-1.8150449,-0.9886531,-1.6438283,-1.1312658,-1.1264279,1.6602783,0.9966242,-1.5502019,1.1227434,0.16326614,-0.62124896,0.36288443
1.8894281,-0.25607982,-1.5550803,1.9468801,0.94944835,0.8020179,-1.1200972,-1.0450222,1.5889068,-0.27796575,1.040762,-0.6550325,-1.1916146,2.0589354,0.7789482,1.3257287,1.5906422,-0.2352224,-0.074233755,-1.7073284,-1.8377736,-0.9048129,-1.6605725,-1.1703213,-1.0068933,1.77182,0.8886536,-1.6142483,1.2512807,0.18773231,-0.60664916,0.2079177
1.6087029,-0.29415587,-1.3662024,1.6867744,0.76686907,0.7345959,-1.1296415,-1.1170945,1.4035258,-0.3537491,0.97924054,-0.62684846,-1.1288438,1.9889172,0.526695,1.120575,1.5811614,-0.5034434,-0.0479277,-1.4286767,-1.6714386,-0.6043725,-1.7853719,-1.2128932,-0.86627257,1.6992171,0.5877556,-1.4888628,1.2349112,0.09046822,-0.5820536,0.09775753
1.699225,-0.35127586,-1.499278,1.7625976,0.7997968,0.68901056,-1.1751125,-1.1178385,1.4329621,-0.24104747,1.0377053,-0.56799626,-1.1542873,2.0515318,0.53826284,1.1384687,1.5746982,-0.41990468,-0.020618625,-1.5568476,-1.7263967,-0.7096217,-1.8228066,-1.2436565,-0.9108844,1.7837638,0.69374156,-1.5382438,1.2592219,0.11746777,-0.59594893,0.072543874
1.7010056,-0.30569446,-1.4945419,1.7970941,0.7653823,0.71170163,-1.1754794,-1.1084996,1.4767898,-0.25528902,1.0046123,-0.5976356,-1.1685636,2.068877,0.5425384,1.1576054,1.6152564,-0.42923155,-0.078800835,-1.5641781,-1.6938461,-0.7331195,-1.8040905,-1.240525,-0.9385394,1.7516575,0.7325786,-1.531994,1.2285675,0.10535901,-0.6007357,0.114460975
1.68475,-0.32205796,-1.435682,1.7300462,0.78296995,0.7219461,-1.1223707,-1.1428008,1.4146287,-0.24267578,1.0102245,-0.5661671,-1.1478947,2.05569,0.52517796,1.1743668,1.5986148,-0.4300052,-0.06907396,-1.490486,-1.7085962,-0.67852217,-1.7746726,-1.2215294,-0.878195,1.7503563,0.65359795,-1.4895165,1.2346388,0.07549633,-0.5723698,0.13053656
1.7004333,-0.86750406,-1.5085628,1.4755074,0.8305571,0.7848266,-1.1360875,-1.328705,1.1827081,0.077778034,1.0390348,-0.2624324,-0.96440166,2.129708,0.19123337,1.1638596,1.5677023,-0.33414724,0.32903937,-1.358425,-1.699593,-0.3473925,-1.7646743,-1.34096,-0.59388655,2.0740402,0.36559147,-1.681251,1.5740024,0.08769173,-0.60839194,-0.41356888
1.5922865,-0.93603164,-1.3245099,1.2104176,0.86390066,0.8110401,-1.0171785,-1.3882256,1.0122257,0.2602127,0.9563538,-0.13659239,-0.8614921,2.1004183,0.01286301,1.161456,1.483141,-0.3453833,0.4237167,-1.1301296,-1.5850017,-0.16102993,-1.6291826,-1.3043773,-0.4348436,2.0089602,0.18706492,-1.5496035,1.5964969,0.031320393,-0.6022712,-0.55376744
1.6061109,-0.8998365,-1.2749459,1.1861376,0.77908826,0.79360163,-1.0791928,-1.2969587,1.038179,0.29842985,1.0751169,-0.16808993,-0.8391265,2.0836682,0.07381621,1.2104805,1.482535,-0.31898272,0.4843425,-1.1005492,-1.5801289,-0.16228142,-1.6788578,-1.3765576,-0.36084163,1.9550388,0.15778333,-1.4881307,1.5204387,0.11831998,-0.6117305,-0.46110913
1.5668143,-0.34395868,-1.3212483,1.5625447,0.76446307,0.7729788,-1.0519174,-1.1385599,1.3487035,-0.13862869,0.9239727,-0.46914408,-1.0980239,2.0245428,0.4300913,1.1209227,1.5366342,-0.44122958,-0.02563592,-1.3507862,-1.558535,-0.5797064,-1.7015425,-1.1977751,-0.81881684,1.6702285,0.56270164,-1.3911433,1.2566998,0.0026097605,-0.57986945,0.033192124
1.5774846,-0.5641117,-1.4031154,1.516071,0.8528652,0.7448311,-1.0427483,-1.2579833,1.2175492,-0.078625694,0.91504115,-0.34845668,-1.0483998,2.0769444,0.3378083,1.1068174,1.5195786,-0.4101973,0.10727481,-1.3498933,-1.6266923,-0.4732121,-1.6992147,-1.226978,-0.7130507,1.8159864,0.45628184,-1.4945673,1.408549,0.0050167767,-0.56535184,-0.18471709
1.6361556,-0.38341784,-1.3833231,1.6170801,0.69579506,0.7577984,-1.1454304,-1.0613372,1.3916447,-0.06620015,1.0479729,-0.55599236,-1.0817566,2.04033,0.347014,1.1314542,1.5596726,-0.42862645,0.04545381,-1.37276,-1.5722,-0.58953166,-1.7931316,-1.273623,-0.8608962,1.7508224,0.59485394,-1.4535117,1.2434638,0.10052645,-0.6406799,-0.052973878
1.5749035,-0.046064436,-1.2874494,1.7059139,0.64495313,0.7365167,-1.0959393,-0.952836,1.46142,-0.2783656,0.95109725,-0.75755954,-1.1235895,1.894397,0.42630866,1.0481974,1.605438,-0.55068576,-0.19151434,-1.4057717,-1.517815,-0.70931256,-1.7602355,-1.1858985,-1.0418667,1.5338877,0.7255038,-1.3439199,1.0080086,0.06627362,-0.60326844,0.19687267
1.4391336,0.01577916,-1.1891807,1.5782346,0.6853261,0.7053675,-0.9603268,-1.004512,1.3514223,-0.2716287,0.8370998,-0.63311076,-1.1012073,1.8748024,0.45350602,1.0516487,1.529946,-0.5804072,-0.2129103,-1.3300025,-1.5051392,-0.6880017,-1.6642454,-1.1151865,-0.9892132,1.4351103,0.6624791,-1.1877811,0.96380883,0.01636083,-0.526339,0.2717349
1.520345,0.07208756,-1.2640809,1.7349023,0.64304614,0.68157,-1.108666,-0.96364474,1.4945059,-0.4262722,0.94270027,-0.7585244,-1.193279,1.8936875,0.64351535,1.0763423,1.5804857,-0.5675724,-0.2875853,-1.4326152,-1.5478872,-0.78507555,-1.7799902,-1.147237,-1.0067577,1.4229945,0.73977625,-1.25458,0.94138736,0.062605426,-0.5647814,0.4369439
1.524954,0.04252223,-1.3054187,1.7437913,0.54270506,0.5881557,-1.2322148,-0.9007153,1.5017009,-0.37022817,1.022788,-0.81974924,-1.1617569,1.8632013,0.57269144,1.0191826,1.6069133,-0.5993271,-0.24515927,-1.4333291,-1.49874,-0.7980346,-1.9112885,-1.214499,-0.97575766,1.4304702,0.7261465,-1.2846751,0.86228853,0.14175786,-0.612438,0.44877282
1.1621306,-1.6697283,-1.0046837,0.64112526,0.43415183,0.8324345,-0.0010105744,-1.5388801,0.02413997,1.37164,0.819316,1.2876533,0.33311152,1.3873564,-0.9769198,0.7715066,1.4674332,0.55548805,1.505617,-0.9679818,-1.2792653,1.2142901,-0.32356334,-1.0191216,0.9441832,2.442025,-1.0305195,-1.9052755,2.443614,-0.30389744,0.4462591,-2.1675155
1.1132115,-1.5126162,-0.8540093,0.5821056,0.4440242,0.85939354,0.10645795,-1.4652511,0.0071463883,1.3685081,0.76553917,1.3036691,0.35408765,1.3208778,-0.95240855,0.7361989,1.3800058,0.53813523,1.4955903,-0.8531846,-1.2644742,1.1773926,-0.23512399,-0.87521344,0.90272117,2.3359447,-0.94960624,-1.761483,2.3777695,-0.38617662,0.562985,-2.0102031
1.3605859,-1.6055694,-1.129842,0.6798021,0.57103163,0.9573994,0.10475919,-1.6002359,0.09144136,1.5391866,1.0243715,1.1245223,0.2639941,1.5419284,-0.8688159,0.8873694,1.2871453,0.5506039,1.528736,-0.9829556,-1.3921751,1.289087,-0.39547813,-0.99113476,0.88303685,2.517465,-0.9327449,-1.7750148,2.4153583,-0.44054547,0.52505904,-2.116984
1.4315315,-0.6353263,-0.37896645,0.2008744,0.5888786,1.2687573,0.86032915,-0.9745311,0.18956614,1.7424512,0.75199455,1.0344889,0.5020594,1.1246241,-0.8377422,1.023847,0.5409561,0.5592511,1.6089679,-0.34936735,-1.2255946,1.2640101,0.15390092,-0.31821916,0.6696602,1.9302077,-0.2708614,-1.0448884,1.885642,-0.96416956,1.165042,-1.1954004
1.5075862,-0.9195973,-0.55225676,0.31134933,0.5809274,1.1752058,0.6549393,-1.1287549,0.15830576,1.7604066,0.8628369,1.0252887,0.456618,1.1966186,-0.87458396,1.0577298,0.7196045,0.61211073,1.6701562,-0.51223433,-1.2654074,1.3600663,0.055691373,-0.54461443,0.79055804,2.0589013,-0.48123753,-1.2906272,2.017208,-0.78186923,0.9471056,-1.534494
1.446587,-1.4586642,-0.995269,0.60449773,0.6236205,1.0585742,0.26379728,-1.4980937,0.1033266,1.6079018,1.0029231,1.0870055,0.28606486,1.4987186,-0.8417022,0.9732536,1.132605,0.5847715,1.5816462,-0.88232875,-1.4269972,1.2900337,-0.27428994,-0.85487944,0.82281965,2.419193,-0.8247931,-1.6358892,2.3268588,-0.52533597,0.64635473,-1.9544512
1.2389454,-1.5309467,-0.86174226,0.5445685,0.51937485,0.9144809,0.14664985,-1.4794037,0.017304093,1.5019969,0.8292159,1.2871194,0.35569078,1.3586026,-0.95638204,0.81618077,1.3473439,0.57561874,1.5614308,-0.82938683,-1.3358502,1.2142766,-0.21977578,-0.8800949,0.91582537,2.3842547,-0.9322967,-1.7592999,2.3983996,-0.4244252,0.5767234,-2.0281205
1.1538837,-1.3875554,-0.71589404,0.515473,0.487761,0.913328,0.23982888,-1.3551043,0.013708882,1.4915681,0.7465514,1.2761893,0.37821132,1.2681202,-0.9275049,0.7843824,1.2486371,0.53913,1.5477316,-0.7133801,-1.3123921,1.1885723,-0.14324066,-0.7438627,0.86792517,2.2781303,-0.83269686,-1.6316562,2.3073642,-0.4559365,0.6824048,-1.886149
1.4404081,-0.5847309,-0.50018644,0.13114499,0.7560748,1.3268529,0.9134971,-1.1405796,0.2364299,1.9391217,0.8264586,1.0174332,0.4812081,1.3802271,-0.7393688,1.1105545,0.4560121,0.6022239,1.6750017,-0.48273638,-1.3306175,1.1538928,0.13442066,-0.344402,0.65797776,1.8669262,-0.10519891,-0.84570295,1.881064,-1.2538736,1.361288,-1.1298358
1.5382833,-0.59380877,-0.40042424,-0.020655872,0.8270693,1.2815489,0.82748485,-1.196541,0.23644444,1.9348592,0.8310076,1.0062889,0.4992572,1.3436456,-0.8113558,1.155658,0.33382154,0.72829825,1.7024944,-0.30053788,-1.1388443,1.1738917,0.17531618,-0.39668158,0.8074945,1.7200283,-0.09524062,-0.83848304,1.8004926,-1.2419226,1.2519994,-1.181955
1.4606062,-1.1565597,-0.75496197,0.40023765,0.5852318,1.1173073,0.47536013,-1.3526956,0.13929681,1.7292936,0.9372215,1.1134222,0.40002954,1.3173316,-0.9149407,0.9813795,0.9429143,0.5724292,1.6210356,-0.64607096,-1.323183,1.3416404,-0.1269796,-0.6828437,0.8284552,2.2705183,-0.6122675,-1.4603369,2.2019398,-0.7124321,0.8215244,-1.7112172
1.4850655,-1.6062026,-1.169969,0.6567015,0.6494162,1.042992,0.18288618,-1.6444236,0.1381525,1.6025019,1.0923289,1.1283734,0.28949308,1.6119864,-0.89534855,0.9801625,1.257821,0.60148233,1.5765138,-1.0088134,-1.5081366,1.2929878,-0.37115648,-0.9738457,0.89254427,2.5596488,-0.8879251,-1.749814,2.433345,-0.5511869,0.5790558,-2.0442533
1.4627362,-1.3293462,-0.88195723,0.45396224,0.6503159,1.0941551,0.3726818,-1.5038705,0.11360253,1.6712642,0.9881002,1.1932861,0.3728854,1.4392813,-0.9489888,0.94012284,1.0980417,0.59350395,1.5983953,-0.74755394,-1.3922695,1.2971883,-0.19859971,-0.7715269,0.875742,2.3787873,-0.7219394,-1.5704819,2.3301458,-0.72192496,0.74612993,-1.8227975
1.4822232,-1.0629671,-0.6605806,0.37965736,0.5982871,1.1430053,0.56873417,-1.251671,0.1392154,1.6929792,0.88636875,1.0674478,0.4275437,1.2883588,-0.8755535,1.0329779,0.8621415,0.61243886,1.6550355,-0.6193358,-1.3279066,1.3133099,-0.019346941,-0.6257999,0.79790646,2.1809905,-0.57478714,-1.3724055,2.1447115,-0.7381281,0.87352407,-1.6090173
1.5608112,-1.7890136,-1.2304468,0.60354143,0.667817,0.9843614,-0.0025310665,-1.7617619,0.10207011,1.5815203,1.1033204,1.1237749,0.22250709,1.6065676,-0.9287392,1.0175289,1.3146617,0.6284426,1.5744082,-0.9797714,-1.4327537,1.3303696,-0.46981803,-1.143277,0.9792498,2.6006024,-0.9972776,-1.8731029,2.4526577,-0.3707337,0.35017803,-2.2164514
1.4207377,-1.7304182,-1.1405221,0.6147954,0.58963484,0.94129014,0.028892666,-1.6634305,0.0621413,1.542397,1.0094914,1.2282377,0.2765448,1.505771,-0.9546337,0.90932596,1.4041913,0.60820836,1.5635005,-0.9896927,-1.3833133,1.2785208,-0.40079266,-1.0936577,0.94267035,2.5788174,-1.0148941,-1.914668,2.4875531,-0.36106175,0.39941913,-2.217176
1.2732583,-1.7163289,-1.2189362,0.67156374,0.5094675,0.88058984,-0.019698523,-1.6912755,0.06534981,1.4785378,1.0157751,1.2738806,0.27833754,1.4967939,-0.9344796,0.75936586,1.466972,0.51793146,1.5012004,-1.0403308,-1.3141558,1.2789023,-0.48583186,-1.1232902,0.94071555,2.6084876,-1.0461643,-1.9316714,2.507371,-0.3758235,0.38989285,-2.2387636
1.256788,-1.6770508,-1.19881,0.67357224,0.5096413,0.87619025,0.0022785366,-1.6713061,0.061544403,1.4650939,0.99869615,1.2677389,0.2856601,1.483197,-0.9212743,0.7483306,1.4439423,0.5294849,1.4993875,-1.0310807,-1.3017191,1.26158,-0.46817574,-1.1052014,0.9279135,2.585036,-1.034097,-1.9151231,2.5040343,-0.39382234,0.41635755,-2.215742
1.327013,-1.5779581,-1.1439412,0.6054897,0.51438427,0.9320567,0.093528,-1.671723,0.10078582,1.5329441,1.0375013,1.2437551,0.31243575,1.4697119,-0.9383147,0.80086166,1.3531489,0.5314756,1.5229113,-0.958863,-1.2958306,1.3084223,-0.43359846,-1.0510602,0.9316199,2.5461996,-0.94740915,-1.8377187,2.4760802,-0.48441273,0.47957847,-2.123335
1.4647808,-1.5477555,-1.090869,0.5536551,0.6236962,1.0148815,0.16680677,-1.6511201,0.12169422,1.6192572,1.0668734,1.1754521,0.3130449,1.5108732,-0.93260336,0.92572725,1.2388223,0.6021375,1.5666406,-0.90211,-1.3688651,1.2948599,-0.37740517,-0.97945136,0.9184936,2.5170836,-0.8674818,-1.7550012,2.4326246,-0.55583256,0.5448351,-2.0448215
1.360935,-1.605506,-0.84541017,0.5270855,0.54774374,0.96186715,0.1411457,-1.4589348,0.0351602,1.5110182,0.8153405,1.257536,0.36347115,1.3547696,-0.9757439,0.95621943,1.3396804,0.6554036,1.6186244,-0.8517854,-1.3893523,1.2203728,-0.16968298,-0.9243589,0.9165689,2.4034216,-0.9434234,-1.8258868,2.405766,-0.35680848,0.5274712,-2.0533097
1.1361978,-1.7523742,-1.1527761,0.6852182,0.4203127,0.81289965,-0.1048663,-1.6183888,0.02550716,1.2957288,0.84832096,1.3027804,0.3127172,1.4198737,-0.98053503,0.7101175,1.5468493,0.55449843,1.4688088,-1.0576718,-1.2256866,1.2058619,-0.4368774,-1.1367475,0.9518615,2.529372,-1.0988283,-2.0053704,2.500602,-0.27622378,0.36360916,-2.2562003
1.0759609,-1.6369126,-1.0045391,0.62981313,0.41392392,0.7966999,-0.041600663,-1.5471482,-0.005468346,1.285813,0.77639705,1.307336,0.3476076,1.3423432,-0.9766909,0.6840048,1.486963,0.57072353,1.4849381,-0.9466579,-1.1826975,1.1719259,-0.35275486,-1.0501693,0.93579954,2.4187381,-1.0558611,-1.9193017,2.4501395,-0.30568007,0.4433602,-2.1668158
0.9930902,-1.5223324,-0.8464325,0.59644896,0.3404348,0.76920736,0.04282216,-1.4185239,-0.011359923,1.2312262,0.6820996,1.2652957,0.3956015,1.2302166,-0.96074617,0.7037309,1.4089662,0.53566563,1.4917351,-0.82468796,-1.1243659,1.1851671,-0.26651058,-0.9674525,0.9128948,2.2692583,-0.98841983,-1.8221519,2.3211226,-0.24487464,0.49536875,-2.0366933
1.1840322,-0.96923643,-0.45964152,0.37126788,0.42860565,1.0793667,0.5546818,-1.131575,0.10400628,1.4566091,0.66968393,1.2026246,0.46558946,1.0836382,-0.8779017,0.8718984,0.93960005,0.47171822,1.5230598,-0.50177646,-1.2365795,1.2112602,0.013282616,-0.4968902,0.69902027,2.0609586,-0.53560805,-1.363618,2.0390055,-0.5716849,0.9096414,-1.4346784
1.2982068,-0.9797761,-0.56388515,0.40875405,0.4697339,1.1423576,0.59818923,-1.1557521,0.14344244,1.5497864,0.7584399,1.1446798,0.4409743,1.1475059,-0.8517761,0.94660187,0.8865963,0.48856953,1.5557903,-0.58314586,-1.2950033,1.278454,-0.012789849,-0.52677435,0.68905795,2.1291304,-0.52212924,-1.3800802,2.0648525,-0.6247094,0.921036,-1.4797741
1.035546,-1.1201584,-0.520242,0.459095,0.3722542,0.9230122,0.4054138,-1.1492877,0.03105145,1.3252302,0.6013553,1.1827328,0.47030228,1.0659403,-0.84756625,0.80469704,1.0634415,0.4798946,1.5399153,-0.57032037,-1.1562113,1.1960789,-0.049185418,-0.63613,0.78549325,2.0603676,-0.70389986,-1.4689624,2.0824475,-0.4010402,0.7829892,-1.5897483
1.1753045,-1.3819916,-0.7189439,0.5408358,0.40334225,0.8884755,0.24289104,-1.2709707,0.03122352,1.4184583,0.6989561,1.1609647,0.415958,1.197077,-0.8780606,0.89247024,1.1869141,0.5497655,1.6201167,-0.7421508,-1.2289613,1.2765173,-0.1409473,-0.86221343,0.8721691,2.2361193,-0.8622895,-1.6852577,2.229948,-0.29325148,0.59758145,-1.9025363
1.292509,-1.6422081,-1.2748214,0.72185546,0.5024344,0.8929883,0.042589,-1.6950694,0.08878194,1.4815426,1.045582,1.2291183,0.27758628,1.5165584,-0.8986006,0.77888715,1.3949764,0.51556706,1.502335,-1.0824616,-1.3224632,1.3142312,-0.49430335,-1.122576,0.91804814,2.6077588,-1.0162027,-1.913871,2.5048497,-0.4236452,0.4394846,-2.2247522
1.3353158,-1.6826622,-1.3378438,0.71384335,0.5540123,0.92918825,0.01108177,-1.7838249,0.12592971,1.4657435,1.0953517,1.2812388,0.2690677,1.596801,-0.9179965,0.7736869,1.448194,0.51689976,1.4697648,-1.1195557,-1.383399,1.2673284,-0.5388724,-1.118596,0.9330463,2.672199,-1.0039257,-1.9470578,2.576161,-0.506002,0.44648787,-2.1923473
1.2693553,-1.6466813,-1.2834812,0.695491,0.51480824,0.8989618,0.005158931,-1.7574506,0.106854916,1.4623663,1.0569731,1.2948277,0.26778227,1.5502985,-0.92048967,0.72250646,1.4474204,0.492748,1.4591604,-1.0874331,-1.3218628,1.2639747,-0.5238495,-1.0961686,0.9109975,2.6355937,-0.9994737,-1.9366456,2.5577266,-0.48511496,0.44762856,-2.2020414
1.3441038,-1.7611895,-1.3706882,0.6859816,0.56047416,0.92862886,-0.077753685,-1.8220475,0.10938491,1.4674621,1.1222996,1.3061829,0.23315197,1.6242685,-0.92341316,0.7496675,1.5078453,0.4804637,1.430723,-1.1158085,-1.3693783,1.2534028,-0.60469615,-1.1409777,0.94337404,2.6938531,-1.041468,-1.9694517,2.5751088,-0.45151913,0.36942208,-2.2251399
1.3942409,-1.5501897,-1.2580595,0.5641949,0.5784707,1.0367469,0.096504435,-1.8016914,0.18591636,1.5040756,1.1155589,1.3218937,0.3077317,1.6358722,-0.9536786,0.77858394,1.3572037,0.44423503,1.4276427,-0.9928856,-1.4021903,1.2788858,-0.51559067,-0.97996163,0.93179923,2.5735607,-0.87099874,-1.7771839,2.4960268,-0.7049647,0.55090684,-1.9427955
1.1622953,-1.5558796,-1.2824671,0.7187061,0.44930425,0.91139436,0.06380503,-1.741266,0.12943596,1.3797292,1.0149779,1.3310759,0.2793997,1.52802,-0.8914901,0.6394934,1.4328892,0.43372408,1.3913534,-1.0979854,-1.2961959,1.252846,-0.5141206,-1.023048,0.8703282,2.592456,-0.9736713,-1.8663292,2.5353405,-0.55730015,0.5172791,-2.0862775
0.92544764,-1.6806645,-1.1118189,0.6997346,0.2934819,0.7157597,-0.147558,-1.583541,-0.012430839,1.1140071,0.74482775,1.2726985,0.3399188,1.3240917,-0.99056983,0.590156,1.5335169,0.49433997,1.4096279,-1.0073212,-1.0388789,1.2198076,-0.4580603,-1.1339896,0.9696744,2.4027395,-1.1157907,-1.9572878,2.4138281,-0.23395191,0.36419094,-2.2105012
1.0711175,-1.7552049,-1.2883182,0.7506978,0.33910352,0.77195483,-0.15667576,-1.7083572,0.061978027,1.2392896,0.89845437,1.3113577,0.2901495,1.458649,-0.96581995,0.629939,1.6013342,0.45533594,1.4038472,-1.1529347,-1.1686336,1.272156,-0.54335535,-1.2028365,0.97119296,2.574759,-1.1252506,-2.0524933,2.5248463,-0.28424764,0.3203673,-2.300946
1.362872,-1.4142134,-0.96991414,0.5770453,0.4828603,1.0368471,0.28962085,-1.509754,0.1371232,1.5093597,0.9248432,1.2034369,0.3458619,1.4034561,-0.9213966,0.92181385,1.2272832,0.5210167,1.5522583,-0.91478384,-1.3709149,1.3355606,-0.25532016,-0.8814098,0.8412613,2.4216216,-0.838389,-1.7007556,2.3511405,-0.512038,0.6172137,-1.9061222
1.3469616,-1.0708046,-0.7015654,0.48883954,0.48067197,1.0907793,0.5198313,-1.2186083,0.13914709,1.571898,0.82338107,1.0887895,0.4200086,1.1956818,-0.83464324,0.96184933,0.91760886,0.538071,1.6050655,-0.6898352,-1.2757354,1.322092,-0.08211787,-0.67069393,0.73621434,2.2151518,-0.615678,-1.487897,2.1444016,-0.5782771,0.82594895,-1.6631896
1.3366325,-1.3447773,-0.82804066,0.606715,0.45396197,0.9622534,0.28465894,-1.3082516,0.100796595,1.4791756,0.8271932,1.0572859,0.376449,1.266954,-0.84189415,0.9843885,1.0825311,0.5779359,1.6601965,-0.81979203,-1.2867886,1.3452567,-0.16846555,-0.9154007,0.83032215,2.3090754,-0.82435715,-1.6916033,2.2349794,-0.35172224,0.6028314,-1.9499711
1.3311749,-1.3082101,-0.8401511,0.5576937,0.423279,0.99849313,0.33701664,-1.3442956,0.118631765,1.502184,0.86104965,1.100121,0.38880086,1.2743913,-0.87254465,0.95559645,1.0989082,0.5244311,1.6287725,-0.8050511,-1.2785132,1.387636,-0.18683018,-0.86997867,0.8526218,2.313055,-0.81244135,-1.6258454,2.231897,-0.42824274,0.62367445,-1.8651137
1.3007001,-1.6471372,-1.0821323,0.6488241,0.4375852,0.90448374,0.08265847,-1.5781921,0.0743117,1.4405317,0.9181575,1.2042186,0.31316876,1.4255855,-0.9349865,0.8807529,1.3916647,0.5311874,1.5605992,-1.0118699,-1.3119271,1.3544877,-0.3491661,-1.0848317,0.95059234,2.4944654,-1.028853,-1.8754064,2.4302983,-0.32085937,0.41488966,-2.1559331
1.3096305,-1.7032669,-1.1804866,0.68586516,0.4844006,0.8990921,0.021444634,-1.6569779,0.065399125,1.4243996,0.96450955,1.2225251,0.2793517,1.4925966,-0.92863417,0.8475165,1.4409459,0.55701077,1.5199903,-1.0744988,-1.318429,1.3018874,-0.4131248,-1.1277924,0.94196755,2.5516396,-1.0568943,-1.9354193,2.4980438,-0.34145895,0.39311376,-2.226668
1.1592137,-1.7907419,-1.3856897,0.77400917,0.4675969,0.82878286,-0.14749676,-1.8016385,0.061345596,1.3250595,0.9908,1.3067569,0.21065564,1.5784792,-0.9210483,0.6584761,1.5695204,0.46103272,1.4218674,-1.2030563,-1.2667171,1.2404814,-0.6045693,-1.1892976,0.918111,2.6923606,-1.1160873,-2.0507963,2.6017878,-0.36229053,0.33662954,-2.3500102
1.046159,-1.7440338,-1.3594027,0.77773696,0.3727482,0.76281846,-0.16488288,-1.7751002,0.047664277,1.2508718,0.9378361,1.2968658,0.24615745,1.51302,-0.92471015,0.5845519,1.5725785,0.42362532,1.4023837,-1.1861564,-1.1655548,1.2754817,-0.608015,-1.2147528,0.9473341,2.62504,-1.1345788,-2.0359216,2.5651221,-0.34031218,0.32643408,-2.3351707
1.1990364,-1.4733791,-1.2290344,0.65223897,0.36898664,0.92534053,0.14111197,-1.7022915,0.12929088,1.4441891,1.0207198,1.2889621,0.33276904,1.4688663,-0.92670786,0.7036894,1.3639755,0.4035607,1.4588696,-1.0299205,-1.2343411,1.3883691,-0.4835584,-1.045069,0.91974074,2.5325468,-0.9552002,-1.8107071,2.48391,-0.5671499,0.52467537,-2.0715377
1.2467515,-1.2961538,-1.1340137,0.5525711,0.40464565,1.0288475,0.2867994,-1.6409287,0.1699222,1.5274289,1.0174997,1.2911245,0.37024325,1.4661347,-0.92016053,0.74299943,1.2141755,0.39630088,1.4658943,-0.9159249,-1.2664361,1.3762532,-0.40903133,-0.89626247,0.85521305,2.440908,-0.7928038,-1.6441883,2.3991952,-0.7420517,0.69241077,-1.8620912
1.2563205,-1.705204,-1.1992291,0.79136467,0.44946134,0.8646922,-0.0014172271,-1.6223909,0.070222095,1.3407218,0.9375033,1.11055,0.2372155,1.5003278,-0.8880925,0.87784505,1.3837317,0.53057873,1.54012,-1.1231358,-1.2842782,1.3294456,-0.43029281,-1.1661139,0.8975456,2.5444887,-1.0469612,-1.9516281,2.4714193,-0.2732822,0.37929383,-2.3032737
1.3082656,-1.739979,-1.1906577,0.7567014,0.49740398,0.8710566,-0.02371855,-1.6300496,0.045990393,1.3914036,0.9447589,1.1244999,0.22438106,1.5062671,-0.89774346,0.898638,1.3804803,0.5734664,1.5620536,-1.0986634,-1.2973228,1.3112181,-0.42280287,-1.1802398,0.90298516,2.5649014,-1.0526314,-1.9696815,2.4905455,-0.26310182,0.36127642,-2.3431253
1.2536516,-1.3886073,-1.0151677,0.62878454,0.41695696,0.94436646,0.25676975,-1.5145093,0.09388116,1.4626603,0.91302973,1.1781449,0.34584898,1.3519381,-0.8908267,0.8355333,1.222701,0.5059427,1.5706899,-0.93457675,-1.2350596,1.3721805,-0.31743214,-0.9790934,0.8789154,2.43914,-0.90152895,-1.7372955,2.396173,-0.49257007,0.56999916,-2.015265
1.3194231,-1.3930302,-1.0832176,0.69096756,0.47270972,1.0030079,0.28779775,-1.5049291,0.11915818,1.5207992,0.9861119,1.1181765,0.30382878,1.4199209,-0.8413365,0.8901264,1.1560006,0.5135411,1.5799,-0.9609623,-1.317032,1.3887924,-0.34429225,-0.95318353,0.83555126,2.4768991,-0.8609997,-1.708269,2.3806927,-0.5166904,0.615104,-2.0313969
1.4218892,-1.7434747,-1.202799,0.75633746,0.5289482,0.9464405,0.031648494,-1.6521442,0.08827774,1.4661828,1.0199531,1.0856643,0.21283284,1.5639067,-0.8908123,0.9940754,1.3387601,0.5569902,1.6178601,-1.092523,-1.4063952,1.3974752,-0.40834254,-1.1612593,0.930889,2.598056,-1.0457722,-1.9200946,2.4693222,-0.29930955,0.3819937,-2.3138413
1.5487998,-1.4583936,-1.0819612,0.6514605,0.58822745,1.0424254,0.25600332,-1.5358845,0.13571507,1.6237301,1.0708417,1.0303427,0.28220594,1.4738659,-0.8771728,1.0542858,1.088454,0.62894243,1.6732817,-0.9533304,-1.4033391,1.4166896,-0.3028724,-1.0233154,0.8768562,2.4772842,-0.85185015,-1.7352698,2.3557458,-0.51041275,0.5676429,-2.111131
1.541744,-1.3230422,-1.0680306,0.54593784,0.64456236,1.1293389,0.33597493,-1.5315465,0.17291759,1.7923074,1.0868367,1.0330175,0.31396216,1.5229847,-0.818699,1.0748926,0.9446881,0.6073353,1.6855692,-0.8891622,-1.3848499,1.4191132,-0.3066601,-0.93931895,0.89229727,2.3450005,-0.69991475,-1.5702143,2.2639267,-0.7097817,0.76988626,-1.9930604
1.4612755,-1.4591436,-1.1938219,0.59707886,0.60319865,1.1012765,0.24907961,-1.6616398,0.13011573,1.6692017,1.1154524,1.1540805,0.28566468,1.566498,-0.86485505,0.948491,1.1438242,0.5387574,1.5774784,-0.9605299,-1.3749452,1.4056641,-0.4216081,-0.9638618,0.88341755,2.5015752,-0.840792,-1.6965133,2.406338,-0.6507762,0.64940774,-2.0609136
1.4023544,-1.8159704,-1.294813,0.7147231,0.59279954,0.9298205,-0.049797095,-1.7629523,0.056305084,1.4703324,1.0420768,1.2129173,0.20121793,1.6146472,-0.93111455,0.89045405,1.4636922,0.5810304,1.5190654,-1.1338228,-1.3876652,1.2754463,-0.49402425,-1.162067,0.94132215,2.6712868,-1.071998,-2.0008528,2.5829191,-0.35845378,0.3544897,-2.344002
1.5796003,-1.7277532,-1.2341434,0.65621495,0.7323048,1.0386567,0.04236999,-1.7567416,0.11710386,1.6441315,1.1208832,1.0383644,0.1724967,1.6741711,-0.8525865,1.0629351,1.2025328,0.63560444,1.6023221,-1.0096934,-1.4749497,1.3215415,-0.46337178,-1.1031601,0.92533404,2.5661197,-0.92663705,-1.8066394,2.4379504,-0.47652835,0.47258076,-2.2312179
1.8903258,-2.098924,-1.4491483,0.7566342,1.4234594,0.87119687,-0.584121,-1.8067226,0.10105545,1.6864872,1.4007967,0.71177447,-0.21702716,1.9962927,-0.5411914,1.3154131,1.0176554,0.88898265,1.4921142,-0.8312241,-1.6072154,0.7342011,-0.67535454,-1.2975997,0.71194524,2.7444372,-0.47099072,-1.9040984,2.3184252,0.1056848,-0.19145204,-2.3823323
1.8815993,-2.1256845,-1.6115093,0.8453063,1.3556808,0.9030594,-0.69593346,-1.7867669,0.21665668,1.5318366,1.4292591,0.7036847,-0.27680933,2.0721476,-0.47529095,1.2938888,1.1392739,0.74658936,1.3930899,-0.93194985,-1.6594169,0.62163067,-0.8844217,-1.3658985,0.5956905,2.8092206,-0.42857772,-1.9352415,2.3138354,0.15159838,-0.32383353,-2.2364712
1.884693,-2.0774772,-1.4835126,0.8072304,1.4349378,0.87974316,-0.62756836,-1.7820534,0.12725495,1.6632217,1.4603113,0.6548277,-0.2657389,2.0076752,-0.50633,1.291152,1.0827035,0.81218475,1.4144831,-0.8025737,-1.5893178,0.6840447,-0.7417722,-1.3442332,0.6800026,2.724999,-0.44851452,-1.8188838,2.2304306,0.12795496,-0.32051927,-2.3202798
1.8564514,-2.0066514,-1.6692529,1.0108722,1.2452797,0.90526843,-0.8280169,-1.7160943,0.38502413,1.2791904,1.4384279,0.5594976,-0.41271663,2.114128,-0.27961722,1.277229,1.2402406,0.550774,1.2229452,-0.991915,-1.6559645,0.47042382,-1.1263844,-1.4491287,0.45161116,2.7654457,-0.37431812,-1.9203097,2.2262266,0.2311457,-0.4786652,-1.9632351
1.7763344,-2.146588,-1.6545304,0.8526873,1.2411417,0.8302032,-0.7812395,-1.7323339,0.1977393,1.4487118,1.3657504,0.67807376,-0.24404413,2.044197,-0.4475717,1.2036091,1.1861116,0.6573974,1.4077823,-1.0084003,-1.5908308,0.63583165,-0.99189734,-1.4547837,0.6142802,2.75205,-0.5032868,-1.9200404,2.256459,0.20827928,-0.39821053,-2.1896832
1.8109478,-2.154944,-1.5887121,0.8292273,1.3226023,0.837086,-0.71046054,-1.7393408,0.14577931,1.5441542,1.3843184,0.6977141,-0.1915949,2.018662,-0.46911743,1.2517344,1.1438328,0.745657,1.473185,-0.96600413,-1.6305522,0.69886607,-0.8479452,-1.4200575,0.6835537,2.7535732,-0.5169724,-1.9100707,2.2756789,0.19968158,-0.3468689,-2.291701
1.867426,-2.1097286,-1.5672352,0.88038874,1.3705012,0.8834231,-0.70354986,-1.748123,0.2026372,1.5426176,1.439101,0.67640555,-0.24512953,2.0503345,-0.40830675,1.3120719,1.162568,0.7486826,1.4416493,-0.9515562,-1.6986635,0.6335773,-0.8478205,-1.3882748,0.6321933,2.7771177,-0.45789754,-1.8924859,2.2624815,0.19644547,-0.349472,-2.2080019
1.8446915,-2.0952392,-1.4611017,0.784811,1.3785439,0.8295068,-0.6193304,-1.7528944,0.091362044,1.70487,1.4178392,0.71429276,-0.17950766,1.953022,-0.5284193,1.2785763,1.0884703,0.8634581,1.5484263,-0.8675356,-1.6098171,0.7201369,-0.6908545,-1.3501308,0.7310543,2.721687,-0.4881075,-1.8757993,2.2738056,0.14013335,-0.242844,-2.3614454
1.8836493,-2.010402,-1.2223548,0.67971087,1.4824246,0.8844869,-0.4374725,-1.7420014,-0.023337074,1.799626,1.3474638,0.70844674,-0.13424206,1.8685014,-0.57207805,1.332882,0.9511852,0.9328941,1.6347246,-0.69407153,-1.6420177,0.82366776,-0.4227221,-1.2047304,0.74171776,2.6027822,-0.466403,-1.8085303,2.2554312,0.039556906,-0.05106312,-2.3808777
1.9672357,-1.9361498,-1.2869546,0.59850913,1.6088864,1.0485017,-0.37525153,-2.04803,0.029806666,1.5588906,1.3046533,0.7251965,-0.42327195,2.1377432,-0.48432592,1.3527102,0.80094117,0.78455234,1.3141161,-0.55005,-1.5227512,0.7793421,-0.66024804,-1.0896091,0.73392934,2.579531,-0.39299667,-1.7106186,2.3529286,-0.18052518,-0.04403479,-2.215195
1.9846921,-1.8356836,-1.1543466,0.5023889,1.6186372,1.0542926,-0.25457263,-2.0077138,-0.051019154,1.6472594,1.2799758,0.7108115,-0.35989648,2.0320663,-0.5109947,1.3520622,0.67829746,0.848337,1.4128965,-0.4670963,-1.4824777,0.8335074,-0.5197131,-1.0307055,0.7528637,2.4936373,-0.35407335,-1.592189,2.2978005,-0.23508544,0.05264611,-2.1783473
1.9330559,-1.7585602,-1.10243,0.5105426,1.604637,1.0506449,-0.1462852,-1.9318912,-0.07764035,1.648701,1.2395965,0.6827102,-0.33936006,1.9909127,-0.52273613,1.3239665,0.58415276,0.88851184,1.4495356,-0.44672996,-1.440586,0.83495367,-0.49213663,-0.99178994,0.7213525,2.463683,-0.35014033,-1.518898,2.2823925,-0.30501726,0.15937701,-2.1710253
1.9708482,-1.4607832,-0.69191295,0.32252178,1.5506887,1.1029508,0.07574426,-1.6208907,-0.10694537,1.7491797,1.091956,0.6590941,-0.12033679,1.7338532,-0.56689036,1.4050366,0.37433404,1.0384237,1.6050161,-0.29218295,-1.456757,0.78819233,-0.102587506,-0.75291806,0.6305385,2.2646418,-0.15591146,-1.351916,2.1303113,-0.32794914,0.39314592,-1.891991
1.9281691,-1.5108383,-0.70817894,0.37120947,1.5436124,1.0408524,-0.019822065,-1.6299689,-0.11156096,1.861526,1.1621666,0.6307788,-0.15081744,1.7011917,-0.5736221,1.3759993,0.47394738,1.0142953,1.6044645,-0.28610143,-1.4452549,0.8018262,-0.14881349,-0.7899293,0.67487186,2.294027,-0.22003472,-1.4096957,2.135067,-0.26646987,0.3647174,-2.0324435
1.9180866,-1.7458208,-0.97757643,0.4931643,1.5249918,0.9400117,-0.19060647,-1.7814766,-0.15175152,1.806855,1.2666196,0.6466093,-0.21251427,1.7331563,-0.6249242,1.2722279,0.7017443,0.9766955,1.5772957,-0.44723877,-1.4304212,0.8545592,-0.31406474,-0.98162466,0.7885654,2.4058661,-0.42546445,-1.5633526,2.1886232,-0.18861188,0.18587331,-2.2663896
1.9070215,-1.7101095,-0.94474584,0.5092973,1.4790784,0.991396,-0.105927125,-1.6902949,-0.15916851,1.75311,1.194018,0.64950657,-0.15789786,1.6997672,-0.6438806,1.2674598,0.6856145,0.9369016,1.6097417,-0.49730232,-1.4800678,0.92323047,-0.27000892,-0.9384603,0.6998361,2.3753905,-0.4573059,-1.6050801,2.1963277,-0.23622234,0.32318765,-2.2692919
1.8874655,-1.5886917,-0.6943242,0.4734656,1.4134802,0.9927577,0.04612793,-1.392006,-0.16410163,1.842222,1.0811323,0.66098106,0.018636692,1.4822116,-0.70670545,1.3090701,0.6173318,1.0981995,1.6824002,-0.3930625,-1.518324,0.8504095,-0.020716395,-0.79143214,0.68700176,2.282865,-0.40574056,-1.5506787,2.0954602,-0.20909725,0.4784454,-2.167139
1.8994328,-1.5356629,-0.6121617,0.42787412,1.4156423,0.9919727,0.07938106,-1.3538927,-0.15007368,1.853209,1.0570904,0.6397718,0.035259772,1.4652762,-0.68236136,1.339697,0.5420066,1.1190592,1.6901369,-0.33397406,-1.4974762,0.8398614,0.036278445,-0.74595594,0.6777155,2.221207,-0.34264225,-1.4805622,2.0375433,-0.1961102,0.48208266,-2.0806313
1.8744949,-1.7106383,-0.84575486,0.54003006,1.4222919,0.9314822,-0.07464431,-1.506456,-0.14797264,1.8500668,1.1639147,0.6509875,-0.04338908,1.5707144,-0.6890366,1.3045175,0.69632214,1.1000922,1.6864461,-0.48023275,-1.5316765,0.8262369,-0.13408083,-0.9043184,0.7307078,2.3768022,-0.44902724,-1.6097689,2.1417189,-0.14987777,0.3573839,-2.2489493
1.9000752,-1.3753486,-0.5773765,0.35625288,1.5523984,1.0562445,0.06558044,-1.4437442,-0.15145594,1.9025888,1.1741488,0.54115236,-0.104253955,1.4942942,-0.61116195,1.3297223,0.44570628,1.0811785,1.5406823,-0.14183041,-1.3558708,0.7008714,-0.018128343,-0.6601451,0.6673393,2.1748352,-0.16680431,-1.2244906,1.9186532,-0.24689311,0.4390375,-1.9453061
1.9612358,-1.8108776,-1.0850219,0.58815753,1.5934951,0.9964232,-0.27345058,-1.8200722,-0.045740105,1.7892379,1.3487103,0.6003144,-0.29162544,1.8683822,-0.5633662,1.3320502,0.74272966,0.9567537,1.4213246,-0.45571247,-1.4671315,0.7640854,-0.43696275,-1.0189326,0.77212477,2.5141895,-0.38254762,-1.5365902,2.1382213,-0.14304277,0.027603233,-2.2194173
1.9580865,-1.4271643,-0.7249959,0.33392352,1.6150512,1.1126273,-0.020932168,-1.6989996,-0.11019506,1.8032594,1.2456876,0.607304,-0.22223613,1.7050027,-0.555907,1.3339862,0.42965958,0.98138404,1.4438767,-0.13873003,-1.3116286,0.7220321,-0.20279297,-0.7710907,0.69044566,2.256456,-0.120852515,-1.2481463,2.0469353,-0.32574457,0.26837176,-1.9217688
1.956973,-1.695451,-0.91502357,0.44690025,1.5352268,0.98653954,-0.10880241,-1.7838514,-0.11478185,1.7744725,1.2284635,0.6561364,-0.1817469,1.7578037,-0.5992547,1.3196179,0.57152665,1.0305382,1.5425981,-0.37557724,-1.3905002,0.8379934,-0.28806916,-0.95476115,0.80264014,2.390344,-0.36168867,-1.4723018,2.1676505,-0.22203505,0.15689433,-2.1534667
1.8830225,-1.7446029,-1.0330843,0.5856719,1.3185219,0.9080076,-0.11447908,-1.7324558,-0.044047616,1.5373139,1.1522975,0.7109847,-0.048501663,1.7161183,-0.63050735,1.2605942,0.57436955,1.0269709,1.5464457,-0.47748926,-1.3182251,0.99132127,-0.3748439,-1.1546596,0.85264957,2.4384365,-0.52794284,-1.7040246,2.3015482,-0.17584957,0.106089465,-2.3183465
1.9330006,-1.9505429,-1.214797,0.6419605,1.3095995,0.90276575,-0.20648783,-1.8231827,-0.08313785,1.5812682,1.1970168,0.74150646,-0.11236407,1.7587836,-0.6142897,1.2577834,0.76796395,0.94228095,1.612198,-0.6882888,-1.4946368,1.0848744,-0.415553,-1.238764,0.8627255,2.5425882,-0.67278135,-1.8210094,2.3203404,-0.10443414,0.050883126,-2.3999362
1.9476199,-1.7888508,-1.0227625,0.5374186,1.3404285,0.93489575,-0.072962254,-1.7490274,-0.13565224,1.6654016,1.1636472,0.74099624,-0.072890066,1.6638955,-0.6622585,1.2665981,0.6908965,0.9959417,1.6795108,-0.59015405,-1.4522874,1.0771613,-0.25317115,-1.1063076,0.8474328,2.4308255,-0.59437066,-1.7063707,2.2743888,-0.21354716,0.18828456,-2.3259375
1.9261346,-1.9923646,-1.2644756,0.64928824,1.34589,0.93282825,-0.21508881,-1.8818738,-0.10265214,1.5529627,1.2171786,0.7723805,-0.14557713,1.7921704,-0.61301684,1.2546427,0.79460025,0.9468353,1.5876225,-0.6576381,-1.4649757,1.0614036,-0.46449134,-1.2441067,0.88771045,2.588554,-0.6747113,-1.8093898,2.346349,-0.116709664,0.015229407,-2.410901
1.8573371,-1.743351,-0.99320716,0.5721897,1.2353714,0.8301374,-0.091533415,-1.7210314,-0.09379745,1.6004561,1.1224597,0.7323873,-0.03273316,1.5904919,-0.6441952,1.1944114,0.61988837,1.0324017,1.6300049,-0.5265354,-1.2766696,1.0631819,-0.29199255,-1.1847154,0.8936612,2.3956337,-0.5945268,-1.7183939,2.276263,-0.17409408,0.10120659,-2.345148
1.8694721,-1.5043037,-0.8422248,0.45653453,1.2117006,0.9200861,0.12301612,-1.6731553,-0.13853341,1.5959405,1.0671333,0.76108277,-0.0021859528,1.5205806,-0.68909013,1.1999942,0.51423645,1.0206368,1.7026072,-0.46055874,-1.201924,1.1448982,-0.15068576,-1.0605221,0.85856426,2.248633,-0.5346404,-1.5790653,2.2462442,-0.36085927,0.2840677,-2.2498186
1.9445921,-1.4838815,-0.83432287,0.41390878,1.2805176,1.0207087,0.16978928,-1.6842548,-0.1253902,1.6130302,1.0838912,0.76202786,-0.011527669,1.5937595,-0.6812986,1.2703725,0.49209675,0.99903315,1.719539,-0.4714249,-1.3072001,1.1457963,-0.11810391,-0.98868334,0.8079301,2.2610667,-0.47878897,-1.5378531,2.2314184,-0.41327068,0.3465609,-2.1602876
1.8839617,-1.864424,-1.1590971,0.6385756,1.2750047,0.9490454,-0.1053019,-1.8108132,-0.099214934,1.5516896,1.1699433,0.7638384,-0.09789819,1.7332574,-0.65784645,1.2463913,0.7421266,0.9425245,1.6350045,-0.64406884,-1.408986,1.1261824,-0.4143178,-1.2102888,0.8561744,2.5284317,-0.67964065,-1.7874516,2.3569295,-0.1956937,0.13868149,-2.4324389
1.8940636,-1.6398146,-0.88700527,0.52042145,1.2674693,0.94706005,0.03637238,-1.6343015,-0.15302679,1.6651921,1.1070726,0.7330295,-0.019052362,1.5396404,-0.694299,1.2327262,0.6453601,0.9850464,1.7256354,-0.5470573,-1.3804388,1.1297607,-0.15445633,-1.0473325,0.8127534,2.3374856,-0.582784,-1.6639715,2.235525,-0.28299454,0.31554204,-2.3131971
1.8513628,-1.5009825,-0.77274156,0.48736164,1.1686715,0.90805703,0.116366565,-1.5002306,-0.0913199,1.6598206,1.0281249,0.7235036,0.055053994,1.4509879,-0.7076638,1.2309872,0.54992557,1.0226009,1.7093472,-0.49135885,-1.2833594,1.1072217,-0.107184485,-1.0206904,0.7827707,2.248441,-0.51696295,-1.6474773,2.2068958,-0.29844669,0.35444716,-2.2360232
1.8535626,-1.3220539,-0.58975255,0.42483965,1.1609807,0.9659472,0.24435312,-1.3180779,-0.0868246,1.6223394,0.98376393,0.696934,0.13569747,1.3252356,-0.73389935,1.2427005,0.39434728,1.0779595,1.705906,-0.34034923,-1.1993026,1.082796,0.030287702,-0.91496533,0.70277494,2.134921,-0.36977774,-1.5595131,2.1057298,-0.3357467,0.45042437,-2.1205585
1.9478971,-1.6528955,-0.88663656,0.5669001,1.2754189,1.0145758,0.06485678,-1.475145,-0.06888304,1.5725651,1.1070797,0.7208017,0.06140629,1.556757,-0.71096003,1.3239193,0.5702937,1.0845094,1.6924727,-0.5124935,-1.431287,1.0537153,-0.1576469,-1.0591117,0.7209931,2.4005535,-0.47844177,-1.7110316,2.2005925,-0.19823112,0.28732377,-2.2496943
2.0874817,-1.5856152,-0.86038864,0.4451224,1.3895582,1.1248778,0.14935955,-1.5682418,-0.07886962,1.5778742,1.1614009,0.734007,0.044147912,1.6351395,-0.69475806,1.379998,0.48740983,1.0671135,1.6993551,-0.4801233,-1.5040675,1.0951535,-0.06207329,-0.9509341,0.7322034,2.3558068,-0.38951206,-1.5857464,2.1586382,-0.31726778,0.31247082,-2.0895762
2.003141,-1.486249,-0.70283794,0.41694877,1.3317808,1.0459619,0.2057127,-1.4566587,-0.109667845,1.6586701,1.0638139,0.77112126,0.10852133,1.4955401,-0.7121155,1.3429865,0.4671959,1.1640942,1.7742629,-0.4228522,-1.4461143,1.0229737,0.07874142,-0.8870852,0.7626816,2.2568743,-0.40329242,-1.5359327,2.1385145,-0.35368448,0.401253,-2.0515907
1.8282908,-1.2835424,-0.82040036,0.6174096,1.1283923,1.0972767,0.23950118,-1.470417,0.04370179,1.1569192,1.0918076,0.71349895,0.08155498,1.6210763,-0.68410957,1.2405437,0.43925235,0.9369167,1.6555219,-0.462292,-1.266448,1.2203621,-0.13257326,-1.0749468,0.750768,2.300149,-0.48118317,-1.5987213,2.2540882,-0.5005932,0.40962443,-2.175779
1.8121988,-0.9025919,-0.24764405,0.49683884,1.1116267,1.1213443,0.44964114,-1.039808,-0.01981134,1.3279109,0.9836444,0.657096,0.25643677,1.2346884,-0.76581573,1.2396343,0.20677605,1.1216139,1.8002949,-0.25298136,-1.253923,1.1305923,0.40738788,-0.78154075,0.6350409,1.9845963,-0.23080233,-1.3810526,1.9870174,-0.5841122,0.7131001,-2.006476
1.6925466,-1.1832805,-0.9981931,0.7590193,1.1301857,0.8827686,-0.055039212,-1.4884342,0.19710961,0.74044216,1.0990689,0.4942551,-0.13357879,1.8759891,-0.38222083,1.1304657,0.35697472,0.66099346,1.2860391,-0.33968717,-1.1327564,0.9057616,-0.49383983,-1.2002177,0.5449007,2.1136553,-0.22462696,-1.5805295,2.159857,-0.35233614,0.1695616,-1.9132951
1.7561568,-1.493422,-1.1586771,0.7519936,1.1255716,0.9204661,-0.1046533,-1.6730973,0.116695,0.89060795,1.1236817,0.6087831,-0.13975996,1.9125005,-0.45651904,1.1817775,0.5394097,0.6460196,1.3318576,-0.47058913,-1.3105265,1.0674382,-0.5570499,-1.2183157,0.73316705,2.2729616,-0.50936157,-1.7299126,2.3053782,-0.26353478,0.12116694,-2.130919
1.8514013,-1.3672614,-0.75535774,0.58010596,1.1350167,0.9842009,0.15173496,-1.5248063,-0.0402598,1.3346587,1.1313033,0.69337606,0.06822388,1.5300881,-0.7018163,1.2037655,0.4567411,0.98448443,1.7390143,-0.45032832,-1.285785,1.2498547,-0.022215392,-1.0461837,0.8462995,2.2270577,-0.53701127,-1.6261224,2.2336538,-0.43274578,0.39042938,-2.2941425
1.8493612,-1.6302822,-1.2297516,0.8210751,1.2060108,1.0103003,-0.096940435,-1.6701238,0.16678812,0.9610261,1.156295,0.6549951,-0.12794332,1.9516137,-0.47024617,1.2742023,0.6149612,0.7758314,1.4605365,-0.60624516,-1.4727457,1.038408,-0.5253546,-1.2230587,0.7391663,2.462882,-0.54426575,-1.7419965,2.3316069,-0.28595632,0.14950794,-2.1327174
1.9989166,-1.7863154,-1.3589325,0.94423825,1.2452868,1.154111,-0.24929196,-1.7873558,0.29297188,0.8929221,1.2009473,0.5780146,-0.29320282,2.0827143,-0.40475866,1.3916054,0.8065139,0.66882,1.3553241,-0.76711357,-1.7424967,0.92439675,-0.711925,-1.2013619,0.5984988,2.6263318,-0.53478974,-1.8316953,2.338265,-0.20783782,0.07276564,-1.9678284
1.9248463,-1.5551741,-0.9321566,0.60721284,1.2572664,1.0331104,0.06742737,-1.6671723,-0.05156801,1.381372,1.1884547,0.72643495,-0.017938262,1.6515574,-0.6728995,1.2389075,0.510808,1.0021373,1.6971122,-0.47744325,-1.3617659,1.184493,-0.16010596,-1.0953476,0.8469848,2.3703864,-0.5418872,-1.638918,2.2786999,-0.40062186,0.29599762,-2.3097978
1.8418854,-1.695626,-1.0653301,0.6726003,1.1070645,0.9500646,-0.027862132,-1.6701698,0.0422315,1.3130561,1.1537137,0.7958441,0.029972218,1.6475422,-0.67777467,1.2190388,0.6603907,0.99342006,1.6918304,-0.56891024,-1.3870163,1.1817106,-0.26167858,-1.1922909,0.92032874,2.464206,-0.67590135,-1.7923129,2.3742576,-0.30192873,0.24014975,-2.3524747
1.8999407,-1.8978388,-1.4031085,0.88870066,1.1673212,1.0830985,-0.13132441,-1.758666,0.13739455,1.1254647,1.1815245,0.7507484,-0.121716246,1.9260435,-0.56053317,1.3248754,0.802012,0.8201293,1.5662727,-0.80379534,-1.660924,1.1270319,-0.55398864,-1.2659883,0.7945507,2.6908782,-0.7342528,-1.8838454,2.4342034,-0.20992157,0.16252816,-2.3274503
1.7998971,-1.6876185,-1.1250533,0.8465576,1.0716729,0.9933826,-0.0074575916,-1.6261303,-0.006532155,1.2794905,1.1155555,0.7221173,-0.057493977,1.6903986,-0.65744257,1.2439947,0.72454,0.8417736,1.7596788,-0.7834476,-1.5013096,1.2616498,-0.31411403,-1.2556009,0.7740015,2.5202167,-0.69883317,-1.8351358,2.3703735,-0.2657344,0.3141207,-2.507511
1.772404,-1.5220034,-1.0921793,0.763969,1.0653056,0.9945181,0.103512704,-1.5866857,0.016350515,1.1826816,1.1247265,0.72528505,0.0047199745,1.7033583,-0.64868987,1.2247317,0.6130242,0.8488585,1.6814115,-0.6469656,-1.369193,1.2679296,-0.3467112,-1.2478623,0.7956935,2.4465144,-0.6654302,-1.7756137,2.3613484,-0.34619948,0.3143671,-2.4025214
1.8437897,-1.960731,-1.5429711,0.9859439,1.1045932,1.0630946,-0.358622,-1.7921537,0.27331442,0.9399575,1.2113527,0.6830337,-0.26022035,1.9782356,-0.44856203,1.27879,0.9326101,0.67088985,1.3554108,-0.80418,-1.6765307,0.94301355,-0.8214432,-1.3380688,0.69052756,2.728666,-0.6689672,-1.9576994,2.4502723,-0.10238228,0.048334356,-2.1888263
1.9222113,-1.6855357,-1.3536783,0.9939113,1.2408853,1.1007841,-0.27261597,-1.7335514,0.26108614,0.8552591,1.2470813,0.49779937,-0.3248421,2.0341353,-0.3598565,1.3055949,0.73778284,0.6548299,1.3395122,-0.7077875,-1.6198483,0.87468195,-0.74485844,-1.2754027,0.50119615,2.5631666,-0.43824375,-1.8016682,2.2986622,-0.21138765,0.08567229,-2.020177
1.8850938,-1.3779213,-0.63447535,-0.08446985,1.1383448,1.2034001,0.23831204,-1.8120574,-0.04952716,1.8798294,0.82811487,1.063743,0.06234101,1.6849313,-0.70011175,1.3617874,0.67426485,0.77351165,1.6904637,-0.6972493,-1.5085483,0.9452561,0.14077215,-0.71113044,0.77565885,1.8150533,-0.48319,-1.0300632,1.838391,-0.57034737,0.681778,-1.5916213
1.839011,-1.324033,-0.61863726,0.02008269,1.1111983,1.2142717,0.27529833,-1.7147213,-0.061752297,1.8528649,0.9218524,0.98133206,0.043587197,1.5948944,-0.6954783,1.3298218,0.67132425,0.69204104,1.7182982,-0.6569936,-1.5039135,1.0278776,0.08757931,-0.70267665,0.7131858,1.8669841,-0.45606756,-1.0504439,1.7809101,-0.55675364,0.74067056,-1.6270171
1.8571318,-1.3680463,-0.6111094,-0.042567007,1.1310287,1.2136616,0.23623872,-1.7888683,-0.07341286,1.8490123,0.87596285,1.0211273,0.033564396,1.6397555,-0.6921116,1.3384864,0.6829881,0.7248118,1.7036695,-0.66048765,-1.4970978,0.98799646,0.122632,-0.70573175,0.7619701,1.8204547,-0.48223835,-1.0264008,1.7934372,-0.5597909,0.70235986,-1.6108919
1.8545009,-1.2533982,-0.51096064,-0.13354088,1.138015,1.2168114,0.32812035,-1.7229273,-0.076429255,1.8701569,0.8312483,1.0180153,0.07017356,1.6015826,-0.6844734,1.3629202,0.5867528,0.77014273,1.6983211,-0.60696316,-1.4547234,0.9161334,0.22249797,-0.62893873,0.7217619,1.7181412,-0.4005729,-0.91081476,1.7338831,-0.58823615,0.7656404,-1.5021642
1.8730532,-1.396781,-0.6632021,0.06881352,1.1168779,1.1434481,0.2237722,-1.729947,-0.027643926,1.8093969,0.920664,0.95816934,0.010525108,1.6087794,-0.699013,1.3099803,0.6378956,0.7639823,1.6982578,-0.66393185,-1.4927967,1.0067173,0.09499593,-0.74510753,0.73400414,1.8608989,-0.45696568,-1.0792973,1.7869315,-0.5178497,0.6676024,-1.6842475
1.8778759,-1.4362628,-0.65784264,-0.03731122,1.1571339,1.2167238,0.19480428,-1.8554946,-0.048291408,1.8523823,0.86032677,1.0411627,0.013675366,1.7038213,-0.6935848,1.350182,0.7142217,0.7450065,1.6896495,-0.69457304,-1.5473489,0.96891207,0.113362476,-0.7167037,0.7928215,1.8423336,-0.50699127,-1.0468798,1.8308818,-0.5710133,0.67413706,-1.6181839
1.8942696,-1.3632481,-0.59177727,-0.14867134,1.1772633,1.2239071,0.24678382,-1.8536359,-0.045719273,1.8801016,0.78418714,1.0814058,0.0485914,1.7308328,-0.67291033,1.3769649,0.64089584,0.7938912,1.6778327,-0.6652092,-1.5145557,0.90415984,0.18800431,-0.6708571,0.803602,1.7500361,-0.46334535,-0.96450186,1.8319689,-0.6144544,0.68968934,-1.5206975
1.82347,-1.1860352,-0.49544197,-0.2348487,1.140964,1.2343758,0.36553723,-1.7452229,-0.07133455,1.9946599,0.72282284,1.1112075,0.13091779,1.663731,-0.6339836,1.3387444,0.5398757,0.7701673,1.7152603,-0.5923343,-1.3981537,0.9158833,0.22687879,-0.6025294,0.7841115,1.6359283,-0.37896204,-0.8389437,1.7796186,-0.7230117,0.814329,-1.4381784
1.8269862,-1.3706069,-0.6726332,-0.024443684,1.1019263,1.1895546,0.22808987,-1.7878258,-0.06908489,1.9533255,0.8563306,1.062472,0.0731727,1.6545752,-0.67752504,1.2914263,0.6799581,0.7044604,1.7305427,-0.678843,-1.4525123,1.0508943,0.04018752,-0.74725354,0.80135703,1.8538387,-0.49087942,-1.0661552,1.8506045,-0.61070055,0.7088135,-1.673782
1.8278921,-1.5731525,-0.8660803,0.3002308,1.0806916,1.0395186,0.026321836,-1.7582029,-0.008928128,1.7128636,0.9826895,0.8842846,-0.041200396,1.6400437,-0.6843184,1.216144,0.71025515,0.7063373,1.676116,-0.73791134,-1.47244,1.1004455,-0.14570142,-0.95268154,0.7580886,2.0420027,-0.5453863,-1.3106098,1.8651215,-0.40471995,0.5055488,-1.9299338
1.8465675,-1.5665123,-0.8589433,0.26571757,1.094686,1.0561974,0.045609638,-1.7715262,-0.027071081,1.7417415,0.98414135,0.9093509,-0.039680667,1.6468285,-0.68967485,1.2255822,0.7070278,0.71214783,1.6807177,-0.72443104,-1.4764692,1.1023222,-0.13294767,-0.93555605,0.76293147,2.0367243,-0.54152966,-1.2925159,1.8767027,-0.42025092,0.5155208,-1.9206417
1.8733087,-1.6642921,-0.9750307,0.26833084,1.0578982,1.0499691,-0.029324017,-1.8736173,0.008148737,1.8237926,0.96612394,0.9849541,-0.018313877,1.7505597,-0.702978,1.2467644,0.7916562,0.7343747,1.698917,-0.8304876,-1.5438981,1.1350776,-0.17655453,-0.99191284,0.87382,2.1183248,-0.6497442,-1.3985212,2.02731,-0.43647414,0.47593504,-1.9913359
1.8728317,-1.6588483,-0.9478106,0.28454873,1.0905662,1.0708635,-0.017186426,-1.8403479,-0.008055091,1.7735243,0.9942621,0.94546044,-0.05148213,1.7222366,-0.70334864,1.2497941,0.77548206,0.7278094,1.6877888,-0.79875064,-1.5580443,1.101643,-0.15835671,-0.96368396,0.8085274,2.1061203,-0.60931337,-1.3524548,1.9516507,-0.41679028,0.49592304,-1.9611707
1.8650875,-1.6172016,-0.9182237,0.30816907,1.0673878,1.0630038,0.012669079,-1.7944925,0.012111478,1.7330145,0.99572814,0.9156902,-0.042672787,1.681264,-0.7149714,1.250029,0.7674191,0.7215541,1.6736182,-0.79858804,-1.5388633,1.1027999,-0.14245304,-0.9622806,0.7738096,2.100273,-0.5982111,-1.3651869,1.9354402,-0.40059784,0.49541906,-1.9551528
1.8525959,-1.5533631,-0.84164613,0.19966696,1.0749934,1.1019187,0.062151775,-1.815444,-0.024302013,1.8039141,0.95564044,0.9668484,-0.010132696,1.6722558,-0.7095252,1.2569896,0.7652252,0.70610267,1.6916869,-0.7654456,-1.5013977,1.1018405,-0.093385264,-0.90358394,0.80244535,2.028478,-0.589245,-1.2853614,1.9195447,-0.46258855,0.5473684,-1.8856311
1.8557428,-1.4286261,-0.7147524,0.0538238,1.0751326,1.1234486,0.15382946,-1.7948915,-0.035160802,1.8565251,0.8838792,0.9998076,0.03427966,1.6602955,-0.69167817,1.3022715,0.68503547,0.75015473,1.7099173,-0.71456015,-1.4625621,1.0410407,0.03811224,-0.8066551,0.8215668,1.887101,-0.5322627,-1.1499085,1.8833872,-0.5246928,0.6302063,-1.7516314
1.8663856,-1.5081406,-0.80776894,0.12219828,1.0688264,1.1165152,0.09674232,-1.826184,-0.023637705,1.8432618,0.9210783,1.0054917,0.022182627,1.6996986,-0.699062,1.2964782,0.7372743,0.73276967,1.7159022,-0.7664771,-1.5116609,1.0794387,-0.034056112,-0.86471367,0.83356225,1.9747171,-0.575146,-1.2365532,1.9326447,-0.4949313,0.5894638,-1.823934
1.8702353,-1.5638402,-0.89375544,0.11972397,1.0749289,1.1030986,0.068103135,-1.862366,-0.0065088347,1.9126467,0.89023274,1.0679897,0.056410212,1.7655917,-0.6939012,1.2838465,0.7567544,0.7450885,1.7200518,-0.8134415,-1.5350899,1.0861918,-0.09316275,-0.90196395,0.8776001,2.0124347,-0.5979356,-1.2702357,1.9966471,-0.5221739,0.57090634,-1.8516235
1.8553945,-1.5909536,-0.8938191,0.25382617,1.0802885,1.0704641,0.03576511,-1.8225179,-0.00383012,1.8161086,0.9778174,0.95132613,-0.018947795,1.7010604,-0.6857513,1.2372774,0.7391547,0.7155245,1.7104133,-0.76721656,-1.5145631,1.1335398,-0.138712,-0.94063383,0.8249532,2.058744,-0.5813269,-1.3134273,1.9373227,-0.46436784,0.5264325,-1.9297086
1.8119034,-1.3914523,-0.6606099,0.13437457,1.0712306,1.0915225,0.1776332,-1.682435,-0.039443947,1.7273946,0.93453926,0.9000906,0.020248722,1.5532781,-0.6899072,1.2580982,0.6278944,0.7201251,1.6922354,-0.6394919,-1.4066389,1.0384809,0.026096765,-0.79973125,0.7232286,1.8676943,-0.460438,-1.1265376,1.7492915,-0.4513678,0.6239039,-1.7352995
1.8243601,-1.4736307,-0.78336704,0.2562244,1.038963,1.0395813,0.110783175,-1.6861469,-0.0043474734,1.6842575,0.96885604,0.8817215,-0.0052852263,1.5723773,-0.7088809,1.2374095,0.6625513,0.724111,1.6731178,-0.7035804,-1.4271408,1.0775495,-0.06278135,-0.89974445,0.7181841,1.9810035,-0.50785893,-1.2698168,1.8351753,-0.39617354,0.54570746,-1.8703078
1.8556975,-1.6109962,-0.9366068,0.25137386,1.0688411,1.0482018,0.01533851,-1.8256493,-0.013848133,1.800394,0.9490438,0.97855914,-0.010676036,1.7053596,-0.69156563,1.2398481,0.7385666,0.7257858,1.6891589,-0.792959,-1.4905092,1.1095324,-0.17138518,-0.9819886,0.81533164,2.0766034,-0.5859369,-1.3517108,1.9707386,-0.4255725,0.4937522,-1.966055
1.877434,-1.5555665,-0.8617331,0.16861133,1.0907501,1.0685449,0.07532357,-1.8045148,-0.013642237,1.8216444,0.91619056,0.99407065,0.009181318,1.696301,-0.682902,1.2719015,0.68639237,0.76680833,1.6976229,-0.7610874,-1.4847775,1.0619125,-0.084545806,-0.9200854,0.80797666,1.9949353,-0.53781855,-1.2607149,1.9253746,-0.4533336,0.5332994,-1.87245
1.8383143,-1.6817293,-1.0296183,0.4124701,1.0319955,1.0104567,-0.057072558,-1.8154565,0.0020721331,1.7172881,1.0273231,0.90865433,-0.05454364,1.6967539,-0.7109132,1.19098,0.79124177,0.6851322,1.6692802,-0.823514,-1.5073943,1.1823269,-0.26891893,-1.06633,0.7969913,2.193754,-0.6505133,-1.4853159,2.0137503,-0.36381415,0.42109612,-2.1005166
1.8226525,-1.7615356,-1.1059729,0.5065221,1.0642116,1.0142133,-0.12299023,-1.8546491,-6.7822635e-05,1.6991255,1.0789053,0.8760965,-0.10029229,1.7432092,-0.69192815,1.1592648,0.8271063,0.6511032,1.6608945,-0.82354844,-1.5454975,1.2195927,-0.35416853,-1.1107268,0.80660844,2.2779653,-0.6853821,-1.5526707,2.051741,-0.36335105,0.38990405,-2.1801324
1.8183864,-1.6897728,-1.0595595,0.3927599,1.0456063,1.0327218,-0.06260969,-1.8465005,-0.009580746,1.8070165,1.0157015,0.94713783,-0.0423464,1.7441028,-0.6883826,1.1906836,0.80744296,0.6706468,1.6876398,-0.84009635,-1.5275903,1.1903038,-0.30328336,-1.0617198,0.8366014,2.211319,-0.6617279,-1.4757771,2.0519888,-0.4194044,0.47005007,-2.1099966
1.8119268,-1.5926299,-0.9516391,0.29190326,1.0509403,1.053939,0.01916942,-1.817426,-0.0112887025,1.8529246,0.95698637,0.9686662,-0.017720638,1.7118821,-0.6748717,1.2183459,0.7396329,0.6950045,1.7073964,-0.79289234,-1.4957057,1.1425829,-0.2039528,-0.9783536,0.8306147,2.0885963,-0.5920506,-1.3461285,1.9783669,-0.47885364,0.5529165,-1.9918554
1.8142117,-1.6868773,-1.0084057,0.37320092,1.072883,1.0161163,-0.06408175,-1.850352,0.007908672,1.797995,0.97705656,0.9266405,-0.06365635,1.7341808,-0.6585654,1.1867484,0.7566282,0.6993116,1.6811639,-0.8002542,-1.500787,1.1545241,-0.2685285,-1.0494124,0.85050726,2.144361,-0.6210156,-1.4179269,1.9974668,-0.43649074,0.46142885,-2.062839
1.814793,-1.621048,-0.93560535,0.28780654,1.0897189,1.0554508,-0.016613357,-1.8485749,-0.027234457,1.8199984,0.9601239,0.9431486,-0.040587716,1.7227007,-0.66148007,1.2157007,0.752823,0.688725,1.6968216,-0.771912,-1.4850345,1.1378393,-0.21686623,-0.9844586,0.8399048,2.087893,-0.60213745,-1.3500808,1.9733629,-0.46259183,0.51270944,-1.9936484
1.8433564,-1.6116006,-1.0169418,0.25607762,1.0040759,1.048855,0.0070947185,-1.8878924,0.029503293,1.8690829,0.922382,1.0521165,0.0448899,1.7993349,-0.7005372,1.2632022,0.8058599,0.71407473,1.7191235,-0.87429225,-1.5537106,1.1623062,-0.19916183,-0.9977001,0.91722625,2.121012,-0.66137064,-1.4271483,2.1136541,-0.49876145,0.5385396,-1.9870338
1.8514507,-1.7282739,-1.0620476,0.32705453,1.0440902,1.039809,-0.06098955,-1.9041867,0.0293817,1.8520377,0.9747621,1.0125175,-0.013959063,1.7953943,-0.701864,1.2193261,0.8170255,0.7212167,1.6992942,-0.8526385,-1.5665865,1.1700757,-0.25457233,-1.0398562,0.9115433,2.178302,-0.68460697,-1.4557763,2.081386,-0.45694554,0.46309006,-2.0526083
1.8394207,-1.8834305,-1.2248212,0.5474818,1.0555058,0.9742388,-0.19743328,-1.908392,0.046901412,1.7126261,1.0738934,0.9067733,-0.08215431,1.8168689,-0.692606,1.1675828,0.8665843,0.6912909,1.643849,-0.89956045,-1.5973667,1.2045047,-0.4256795,-1.1862314,0.87113345,2.3701708,-0.73486036,-1.6482,2.13962,-0.31931788,0.31295475,-2.2355032
1.8189179,-1.7360513,-1.1041276,0.30503473,1.0438735,1.044575,-0.09339274,-1.9560664,0.008337982,1.8721168,0.9387771,1.0615907,0.009013334,1.8482162,-0.6853297,1.2113259,0.8650133,0.6770385,1.6883541,-0.87432337,-1.5483024,1.1869726,-0.32515994,-1.0580986,0.95657086,2.1993363,-0.71796536,-1.5022626,2.1634,-0.47902405,0.46323958,-2.0820067
1.8407755,-1.5589406,-0.87106293,0.11527872,1.0946792,1.1099013,0.04851845,-1.8936473,-0.022965156,1.9026144,0.8575758,1.0579739,0.01330276,1.7730669,-0.6666745,1.2810289,0.73848623,0.73487985,1.7073929,-0.7815608,-1.509038,1.0621455,-0.09850053,-0.8897761,0.8869597,1.976957,-0.5846014,-1.2441092,1.9886138,-0.5481079,0.5938189,-1.8519816
1.833386,-1.5985417,-0.967413,0.28530064,1.031795,1.0356464,0.02345249,-1.8172084,0.022749998,1.8509647,0.9322026,0.98777115,-0.00050331024,1.7275298,-0.678144,1.2415813,0.72660476,0.7370258,1.7092438,-0.82370126,-1.5173312,1.1204005,-0.16952527,-0.9853003,0.85274017,2.0776982,-0.5970684,-1.3558159,2.0041041,-0.47547176,0.5482988,-1.9797659
1.7994305,-1.5249298,-0.8594754,0.2595119,1.0443375,1.027444,0.06907657,-1.7416841,-0.0032463148,1.8345933,0.92801625,0.93152726,-0.0072688526,1.6470512,-0.65747535,1.2158548,0.65719885,0.73327076,1.7100914,-0.73977923,-1.4413531,1.0999764,-0.12478469,-0.93119067,0.80667233,1.9945717,-0.52239317,-1.2481515,1.8855407,-0.47800502,0.58310175,-1.914355
1.7690208,-1.5206177,-0.8648515,0.25771475,1.0528635,1.0138763,0.054428592,-1.742199,-0.02113939,1.837898,0.90317726,0.92815006,-0.00898781,1.6497813,-0.64208305,1.2045519,0.6454161,0.720462,1.6960729,-0.72934556,-1.4052724,1.0844055,-0.16454984,-0.94569564,0.8031867,1.9915075,-0.5103153,-1.2447371,1.8893646,-0.47499284,0.5826497,-1.9302615
1.7966723,-1.7202137,-1.0929582,0.4056371,0.9944161,1.022248,-0.09824452,-1.8834764,0.01523152,1.7774975,0.97019863,0.97079194,-0.022835195,1.7729832,-0.695243,1.20979,0.8521047,0.6759402,1.6890053,-0.8934747,-1.546429,1.1903101,-0.30257902,-1.0760721,0.89361197,2.202959,-0.71506304,-1.5199356,2.1057804,-0.4217365,0.46707165,-2.1171436
1.8375101,-1.7669706,-1.1399106,0.41433656,1.0093917,1.0320232,-0.10934282,-1.895031,0.031755388,1.7711644,0.98604053,0.98690915,-0.027221356,1.8072922,-0.71005344,1.2397261,0.86816716,0.70261693,1.6825242,-0.9214958,-1.6106006,1.169086,-0.30501154,-1.0819398,0.88994575,2.2463913,-0.7236252,-1.5430075,2.128795,-0.40018117,0.44963008,-2.1118126
1.810485,-1.7477119,-1.1315057,0.52492535,0.99156654,1.0123215,-0.10026087,-1.8322453,0.027005978,1.690027,1.0627235,0.89534783,-0.06238564,1.7387557,-0.7166338,1.1908299,0.848523,0.6624097,1.6760266,-0.8859165,-1.5783254,1.2156491,-0.33363974,-1.1058283,0.81194586,2.2764373,-0.7122557,-1.5648729,2.0744674,-0.35708243,0.42544383,-2.1727262
1.7988223,-1.7458665,-1.1425898,0.5642184,0.97069514,0.992434,-0.105380714,-1.8058721,0.047228053,1.6681583,1.0681527,0.8722385,-0.06355693,1.7231731,-0.7117001,1.1810796,0.8399084,0.6659579,1.6687167,-0.8970878,-1.5738548,1.2140825,-0.34020123,-1.1248608,0.8001379,2.2905767,-0.7073328,-1.5877762,2.0770028,-0.34417152,0.42113224,-2.1899078
1.8438386,-1.7441232,-1.1913007,0.515413,0.9800676,0.9997267,-0.075972155,-1.8330668,0.057904657,1.7588531,1.0609016,0.94796205,-0.0146936495,1.7767861,-0.6996378,1.2127721,0.83033735,0.6944415,1.7008334,-0.9250963,-1.6281352,1.2336626,-0.33473167,-1.1278406,0.8610859,2.3124335,-0.71039474,-1.6036518,2.146694,-0.38158345,0.44666308,-2.1850238
1.8517603,-1.6713779,-1.0701599,0.3569476,1.0056803,1.0577948,-0.014272556,-1.8498431,0.023117572,1.8316133,1.0058424,1.0061179,0.00981265,1.7699991,-0.7095152,1.2367187,0.82353467,0.69474876,1.7226306,-0.8787621,-1.6081214,1.2063334,-0.23447146,-1.0224669,0.8763233,2.1939669,-0.68924344,-1.468972,2.0850143,-0.45720226,0.5131736,-2.0553312
1.8221914,-1.6826186,-1.0336329,0.38566962,1.0278856,1.0516729,-0.042365108,-1.8231807,0.005082324,1.7729719,0.99904007,0.9453795,-0.042011037,1.7257993,-0.701547,1.2207718,0.8111837,0.68548846,1.6941428,-0.8558965,-1.5689325,1.1577238,-0.2423212,-1.0271478,0.8188956,2.1689365,-0.65714514,-1.4318242,2.0024645,-0.4202089,0.5030291,-2.0520933
1.801198,-1.7215381,-1.0907195,0.49632353,1.0233909,0.99899524,-0.09291168,-1.8015841,0.021190621,1.7259853,1.0351095,0.88075924,-0.07442919,1.7211119,-0.67744076,1.1775348,0.78779113,0.6751195,1.6778955,-0.8502197,-1.551593,1.1874717,-0.32160252,-1.0982748,0.80699426,2.2307916,-0.65509266,-1.5037487,2.0196977,-0.37994602,0.45033157,-2.141839
1.7805631,-1.691164,-1.0857099,0.4644425,1.002975,0.977134,-0.07038004,-1.7862993,0.012901135,1.7860798,1.0080593,0.91195595,-0.03394225,1.7136589,-0.66604877,1.1581575,0.76228976,0.6792649,1.6864551,-0.8398893,-1.51165,1.1987592,-0.32471174,-1.094071,0.84179896,2.2049744,-0.64671344,-1.4820244,2.0329654,-0.40382144,0.472048,-2.1419425
1.8019776,-1.7006919,-1.0874496,0.42541236,0.99692476,0.9891164,-0.07363618,-1.8243382,0.020217396,1.7959707,0.98962855,0.94722676,-0.01837871,1.7377895,-0.67781484,1.185189,0.7900113,0.69262874,1.6971071,-0.86631775,-1.5355521,1.1948364,-0.29560813,-1.0841342,0.8721659,2.1955771,-0.67491335,-1.4927841,2.0661488,-0.41151524,0.46930397,-2.1235104
1.8358735,-1.7533462,-1.1325705,0.47125238,0.99968684,1.0099661,-0.099508554,-1.8634332,0.03606291,1.7526395,1.0421792,0.9368501,-0.03930199,1.7702066,-0.70273864,1.2065548,0.8448834,0.6869802,1.6961982,-0.89270675,-1.5976827,1.2234315,-0.31223354,-1.1009964,0.8724103,2.2682724,-0.72135246,-1.5656577,2.1148489,-0.38647074,0.4302009,-2.1578743
1.8213563,-1.7780461,-1.1407071,0.5244493,1.0131803,1.0214748,-0.119305,-1.8412782,0.03414098,1.6909537,1.068599,0.8916062,-0.07359288,1.7582812,-0.71423686,1.1986252,0.85796857,0.66977245,1.673146,-0.89226234,-1.6076341,1.1959124,-0.33542854,-1.1034808,0.81118995,2.2876747,-0.7103399,-1.5596788,2.06628,-0.35472557,0.4216593,-2.1602306
1.762397,-1.7845182,-1.193857,0.63693106,0.9852619,0.97022504,-0.15080997,-1.7795386,0.048189178,1.6477602,1.0759766,0.83158326,-0.08995224,1.7323339,-0.68719935,1.1446873,0.83204335,0.6460958,1.6398274,-0.9071739,-1.5675708,1.2013451,-0.4237718,-1.1763247,0.7708261,2.3370092,-0.69526744,-1.6141561,2.0642376,-0.32075298,0.40262908,-2.2428434
1.7798785,-1.8001089,-1.2108635,0.68821394,0.98703945,0.9314304,-0.15596826,-1.7334315,0.0765936,1.6403763,1.1031888,0.8024157,-0.08580913,1.7150846,-0.66550684,1.1170549,0.77274734,0.6696502,1.6350386,-0.88129604,-1.5706419,1.2201332,-0.43412632,-1.2183328,0.77692884,2.3566694,-0.6480477,-1.6320486,2.0349777,-0.30092728,0.3685628,-2.2631714
1.7784219,-2.133643,-1.548603,0.8164809,1.195369,0.8183507,-0.5585619,-1.6229014,0.06647752,1.5849171,1.2877659,0.730657,-0.031275503,1.8433377,-0.5730069,1.2052193,1.0800629,0.9156996,1.55643,-1.0695028,-1.5541164,0.8010287,-0.7347909,-1.4079907,0.7734901,2.7861288,-0.7154042,-1.9716665,2.2666645,0.20448472,-0.1529847,-2.4230938
1.7679216,-2.060376,-1.3877913,0.7841823,1.1961831,0.78700197,-0.45261362,-1.5643235,0.008181788,1.6687994,1.2355286,0.7230909,0.057943325,1.7470839,-0.62568307,1.2103128,1.0380276,1.0041306,1.680886,-1.0463732,-1.5551226,0.8574426,-0.5502878,-1.3491591,0.82002926,2.7100408,-0.73603094,-1.9389186,2.2316718,0.14930813,-0.018562173,-2.4372663
1.760428,-2.0789359,-1.4183962,0.7989255,1.1730431,0.78992605,-0.4662754,-1.5704008,0.011900879,1.6321979,1.2286053,0.7206607,0.042910963,1.7437215,-0.62547445,1.1928709,1.0475761,0.9815773,1.6493062,-1.0596992,-1.5324869,0.8695806,-0.5899622,-1.375005,0.8182452,2.731469,-0.76300985,-1.9560571,2.2358534,0.16561836,-0.04465336,-2.455049
1.7465693,-2.0574794,-1.4161426,0.79863906,1.1407528,0.7975412,-0.46166858,-1.532302,0.019289844,1.6083312,1.2193505,0.7234987,0.06941621,1.722448,-0.63835824,1.1874931,1.0564519,0.98736286,1.6438755,-1.0718118,-1.5136895,0.8639962,-0.60120195,-1.3878376,0.81132287,2.738983,-0.7822169,-1.9694127,2.2284951,0.1766809,-0.030297851,-2.4558587
1.73639,-2.0335245,-1.369305,0.7848843,1.138376,0.77800196,-0.4430247,-1.5076954,0.009288073,1.6256657,1.2092172,0.71898985,0.0915402,1.6936247,-0.6513343,1.1835504,1.0539346,1.0049608,1.6668754,-1.0556314,-1.5004733,0.86851054,-0.5613206,-1.3792295,0.82026744,2.7127392,-0.7775556,-1.959817,2.2162905,0.17532952,-0.01689959,-2.458915
1.7414172,-2.0804029,-1.447813,0.798653,1.1431597,0.77073014,-0.49134538,-1.5498115,0.024058305,1.6009912,1.2355697,0.72435606,0.041475046,1.7277693,-0.62441146,1.1655453,1.0724937,0.9632402,1.6138197,-1.0640373,-1.4898916,0.8552771,-0.6344384,-1.411234,0.8181205,2.7415285,-0.76937366,-1.9663938,2.2252054,0.2042902,-0.099591434,-2.4597259
1.7527593,-2.0905676,-1.4888799,0.8003558,1.1536375,0.79196894,-0.523209,-1.5683675,0.04080101,1.5918893,1.2522318,0.72786677,0.027378365,1.7727517,-0.60264945,1.182751,1.0777551,0.94692016,1.5976541,-1.0820706,-1.5116774,0.8346651,-0.67642564,-1.4107457,0.8047519,2.7582371,-0.7578539,-1.9735066,2.2364852,0.20850231,-0.109661885,-2.4428005
1.7607003,-2.0799985,-1.4558775,0.79374796,1.1581179,0.80494034,-0.49541238,-1.5657363,0.032547995,1.5971705,1.2360065,0.7237923,0.040484924,1.764596,-0.6163641,1.1940356,1.0627747,0.9609787,1.6091619,-1.0766817,-1.5221683,0.8511386,-0.6466597,-1.3903877,0.8053112,2.757083,-0.7706163,-1.9808521,2.244708,0.18962726,-0.06588578,-2.449208
1.7607393,-2.1011164,-1.4877497,0.795289,1.1599936,0.802138,-0.51986635,-1.586928,0.035699017,1.584925,1.2417338,0.7265116,0.017634347,1.782457,-0.6053933,1.1860715,1.0677559,0.9403663,1.5875851,-1.0751808,-1.514585,0.84698737,-0.6805182,-1.404078,0.8042066,2.762828,-0.7657007,-1.9793347,2.2491965,0.19807173,-0.104472905,-2.4460242
1.7863494,-2.146561,-1.5358038,0.7536272,1.216442,0.78029376,-0.6242322,-1.6573637,0.10193499,1.6199396,1.293436,0.71441424,-0.046372585,1.932203,-0.5709877,1.2312287,1.0701207,0.9181955,1.5522914,-1.0375086,-1.5021459,0.7690384,-0.7764297,-1.4040939,0.77905977,2.7412584,-0.64553964,-1.960086,2.2686007,0.22963145,-0.23636156,-2.402305
1.7928686,-2.1548247,-1.5609413,0.7535384,1.2204919,0.7875913,-0.6469897,-1.666168,0.117418975,1.6139313,1.3068527,0.71974385,-0.065478444,1.9551814,-0.5609128,1.2387667,1.0765265,0.9071899,1.5395867,-1.0343869,-1.5028169,0.74820745,-0.80411786,-1.4096708,0.7635162,2.7440472,-0.61924225,-1.9571856,2.2705307,0.23886853,-0.26484883,-2.3847778
1.7828342,-2.1352088,-1.5100251,0.7441236,1.2165982,0.76737183,-0.61447215,-1.656219,0.098938525,1.6456252,1.292268,0.7131585,-0.037240352,1.9247622,-0.58359766,1.2316927,1.0649883,0.93748385,1.5714147,-1.0286485,-1.4889551,0.7692093,-0.7560365,-1.3980279,0.7876784,2.7265596,-0.6400745,-1.95295,2.261775,0.22056352,-0.22249568,-2.4087453
1.7860272,-2.0978725,-1.4369022,0.72838205,1.2249628,0.7613319,-0.5600179,-1.6340468,0.08689007,1.6802946,1.2781827,0.7036693,-0.0008233236,1.8936996,-0.6099187,1.2471373,1.0440036,0.9818335,1.6134596,-1.0148892,-1.4997947,0.77898633,-0.6804406,-1.3652413,0.79357237,2.7040331,-0.64311683,-1.95233,2.2589014,0.1932942,-0.14780425,-2.4184954
1.7873968,-2.0917437,-1.4205929,0.7314808,1.236016,0.7611945,-0.5503944,-1.6321126,0.08561551,1.6897674,1.2785823,0.7053578,0.0074190674,1.8928189,-0.60116225,1.2503895,1.042116,0.9869302,1.6246717,-1.0184869,-1.5155207,0.78049666,-0.66089636,-1.3521388,0.7985711,2.702241,-0.64615583,-1.9430801,2.249145,0.19069506,-0.13132744,-2.4081943
1.7946604,-2.0821407,-1.3948555,0.7275218,1.2389172,0.78403354,-0.5125202,-1.6240741,0.07043086,1.6744767,1.2477117,0.7007754,0.027989648,1.8776929,-0.6005133,1.2561445,1.0280946,0.99384093,1.6359055,-1.0363529,-1.5363678,0.80342543,-0.62455034,-1.3296484,0.7990523,2.6973212,-0.6761115,-1.943732,2.243033,0.16930065,-0.073561385,-2.3943095
1.792502,-2.1239965,-1.4712465,0.74218976,1.2354807,0.78391725,-0.572933,-1.6532526,0.08187308,1.6456505,1.2652982,0.7096808,-0.006343052,1.9151279,-0.5764373,1.2445961,1.0524665,0.9491454,1.5954739,-1.0525784,-1.5279336,0.7980615,-0.69959474,-1.3687373,0.8019695,2.7235982,-0.6740708,-1.9528661,2.25517,0.19894853,-0.1572786,-2.3986104
1.7886909,-2.1442885,-1.5081973,0.75100255,1.2289115,0.7805982,-0.6042931,-1.6616905,0.094381474,1.6302757,1.2821673,0.7095759,-0.03558505,1.928861,-0.5722547,1.2347686,1.0616313,0.92849904,1.5623682,-1.0369622,-1.5081245,0.7842591,-0.748237,-1.3903583,0.7901703,2.7365754,-0.6589959,-1.9553614,2.2638383,0.219312,-0.21357855,-2.4065692
1.7790809,-2.157483,-1.5427346,0.7467944,1.2156913,0.7785533,-0.64563406,-1.6734463,0.11024753,1.6148413,1.2906642,0.71659386,-0.066689916,1.9506834,-0.56136614,1.2235008,1.0749811,0.89652586,1.5282584,-1.0237967,-1.4831014,0.76183563,-0.8013351,-1.4065527,0.7780917,2.7335358,-0.6345981,-1.9471881,2.2617419,0.23454866,-0.27115068,-2.3855958
1.778253,-2.144657,-1.5069607,0.74193305,1.2248926,0.76399463,-0.62507737,-1.6762671,0.09735226,1.6513512,1.2872788,0.713735,-0.047557026,1.9392204,-0.57161725,1.2278556,1.0680262,0.92193526,1.564653,-1.0271393,-1.4868835,0.7738516,-0.75640416,-1.3953708,0.79782146,2.71739,-0.63834184,-1.9347719,2.2494473,0.21807532,-0.23915777,-2.3939538
1.7837356,-2.1079972,-1.4248693,0.72448784,1.243843,0.75802505,-0.5628704,-1.6663436,0.080202386,1.6976675,1.2749963,0.7049309,-0.016651493,1.9092603,-0.58996737,1.2429864,1.0420854,0.9665553,1.6110151,-1.0147899,-1.5060222,0.7890871,-0.66633093,-1.3524895,0.8108065,2.6932898,-0.6421714,-1.9191818,2.2386642,0.18410335,-0.1551022,-2.397021
1.7797524,-2.0728538,-1.3725189,0.71722776,1.2448735,0.7565183,-0.5254436,-1.634687,0.07840057,1.7175395,1.2672057,0.69988203,0.014294471,1.8865265,-0.60275817,1.2529591,1.0238307,0.9983619,1.6436771,-1.003898,-1.5168109,0.7852867,-0.6207743,-1.3234146,0.805046,2.67765,-0.63803947,-1.9143597,2.2309737,0.1682427,-0.09374498,-2.391432
1.7964021,-2.083807,-1.3960518,0.72026587,1.2542514,0.78419286,-0.524204,-1.6449347,0.08167888,1.6879796,1.2570368,0.70062196,0.014027083,1.9058702,-0.59348834,1.2630824,1.0216075,0.98698694,1.6284122,-1.0236318,-1.5400057,0.79214066,-0.63595444,-1.3214363,0.79554707,2.6949503,-0.6514489,-1.9330318,2.2466102,0.15882644,-0.08299502,-2.3824577
1.7985549,-2.134834,-1.4859765,0.7466123,1.2527671,0.78890896,-0.58322024,-1.6726366,0.09297226,1.654344,1.2798636,0.7082633,-0.0240033,1.942531,-0.5717632,1.2510141,1.0492036,0.9435573,1.583778,-1.0433922,-1.5389602,0.7839754,-0.7169935,-1.3620787,0.79089594,2.7313414,-0.65225035,-1.9443691,2.2608988,0.19080722,-0.17097275,-2.3900335
1.7864345,-2.0239902,-1.3368036,0.76175106,1.1820499,0.8034144,-0.43174076,-1.5428363,0.017557621,1.6153914,1.1966112,0.70098484,0.0706253,1.7179385,-0.6382315,1.2094829,1.0283984,0.99152005,1.6497836,-1.0398166,-1.5458028,0.88005596,-0.53058016,-1.3263569,0.81393015,2.7007833,-0.76992035,-1.983577,2.236915,0.13670042,0.03403178,-2.4345393
1.7928797,-2.0145206,-1.3323816,0.76057345,1.185178,0.81864476,-0.42552936,-1.5354006,0.018516012,1.6071485,1.1907066,0.701357,0.077848054,1.7169297,-0.63863325,1.2195956,1.0254941,0.99415666,1.6505307,-1.0390381,-1.5566614,0.8780352,-0.5241764,-1.3190033,0.806322,2.6997135,-0.7699818,-1.9904515,2.238831,0.12952007,0.05384364,-2.4256124
1.7979412,-2.0197446,-1.3504288,0.7607468,1.1890285,0.8311174,-0.43453923,-1.5467741,0.022232793,1.5937027,1.1894844,0.69956815,0.070796765,1.7338852,-0.63253486,1.2264125,1.0235033,0.984445,1.638692,-1.044138,-1.5618632,0.8759403,-0.5431609,-1.3219936,0.80092824,2.7071452,-0.7713877,-1.9978669,2.2477639,0.12632851,0.05221878,-2.420755
1.8025969,-2.0237727,-1.3555986,0.76285964,1.1930048,0.8384791,-0.43245056,-1.5492512,0.021466225,1.5849795,1.1878842,0.69872606,0.06675361,1.7355179,-0.62831223,1.2286575,1.0214825,0.97931933,1.6354245,-1.0474726,-1.5709555,0.8779155,-0.5410483,-1.3172424,0.796298,2.7061777,-0.7741416,-1.997313,2.2457125,0.12747757,0.055753518,-2.4152508
1.8202387,-2.0642085,-1.4321358,0.7745555,1.212613,0.8532351,-0.47628063,-1.5851465,0.038716823,1.5753442,1.220276,0.70589066,0.036062185,1.7922257,-0.60126483,1.2429932,1.0350274,0.9593605,1.6052469,-1.0701623,-1.5898273,0.8599642,-0.6050157,-1.3385729,0.79213977,2.7442625,-0.7619547,-2.0078862,2.2656937,0.15271732,0.0040372508,-2.4175935
1.8243407,-2.0739543,-1.4256356,0.7800027,1.2174917,0.8544453,-0.4633183,-1.5913609,0.03447105,1.5751803,1.2158815,0.70414865,0.029857548,1.7870227,-0.6022308,1.2397677,1.0297132,0.9585898,1.6046212,-1.064541,-1.5964592,0.8678763,-0.59452623,-1.3317794,0.78764516,2.7437418,-0.7661075,-2.0024056,2.261198,0.14848314,0.0061225304,-2.4149399
1.8244991,-2.068504,-1.4321615,0.7772539,1.2119341,0.86049896,-0.46838155,-1.5859889,0.03942816,1.5664785,1.2146143,0.7026702,0.032334935,1.7910166,-0.6055931,1.2453225,1.031839,0.9576844,1.5969065,-1.0674673,-1.5945545,0.8619821,-0.60584897,-1.3353417,0.78313315,2.7474978,-0.76597303,-2.0125825,2.267795,0.15122335,0.009090894,-2.4170938
1.8130516,-2.0494945,-1.4012746,0.7765755,1.1983397,0.8515216,-0.45105237,-1.5720512,0.029366627,1.573523,1.2021471,0.7037424,0.047996625,1.7610396,-0.61600995,1.2327553,1.0266452,0.96721184,1.6158298,-1.0625074,-1.5823325,0.8745159,-0.5773245,-1.3305331,0.79264885,2.73417,-0.77565014,-2.0050695,2.256291,0.13607793,0.033003487,-2.4167254
1.8196832,-2.0720966,-1.4471712,0.7796067,1.2057941,0.8555426,-0.48043436,-1.5911214,0.04095921,1.5666459,1.2214365,0.7083529,0.031151585,1.792878,-0.60099596,1.2359859,1.038558,0.9541705,1.5932091,-1.0763518,-1.5841713,0.8606158,-0.6222984,-1.3463662,0.79177755,2.7583995,-0.77004135,-2.012842,2.266703,0.15437269,-0.0048154797,-2.4183187
1.8123399,-2.0646884,-1.4228965,0.7740802,1.2001449,0.84195745,-0.46864566,-1.5851296,0.03156399,1.5809898,1.2135694,0.7064022,0.038020924,1.776915,-0.6118685,1.2309166,1.0345664,0.9625378,1.6115159,-1.0695394,-1.5756233,0.86931604,-0.59728175,-1.3427633,0.7993547,2.7413814,-0.7714623,-2.0041933,2.2619874,0.14764972,0.003428169,-2.4238122
1.7992179,-2.054174,-1.4113986,0.76962435,1.1858686,0.8325048,-0.47000164,-1.5767893,0.02683384,1.5751648,1.203302,0.7056693,0.05028111,1.7634234,-0.61239624,1.2171599,1.0368305,0.96008486,1.6162554,-1.0765389,-1.5583103,0.87669235,-0.5916512,-1.3459607,0.81069607,2.7320907,-0.7829386,-1.9993246,2.2482326,0.14702697,0.005658984,-2.4184344
1.7953914,-2.0413802,-1.3964359,0.7689729,1.176515,0.8272588,-0.45921254,-1.560284,0.023982212,1.5815271,1.2007713,0.70562863,0.058667306,1.7434155,-0.62834346,1.2162461,1.0360163,0.97256887,1.6243386,-1.0636039,-1.5474328,0.87775785,-0.5817299,-1.351031,0.8103784,2.7287161,-0.7804321,-2.0043192,2.2534225,0.14253452,0.014021409,-2.4318419
1.7953942,-2.0445087,-1.393202,0.7697441,1.1800756,0.82689226,-0.45794508,-1.564253,0.023309007,1.5844527,1.2019622,0.7047385,0.05513461,1.746636,-0.6266321,1.2163079,1.035186,0.96895295,1.6231982,-1.061823,-1.553752,0.87898386,-0.5789965,-1.3467193,0.80844283,2.729277,-0.7807596,-2.0013075,2.2535267,0.1432253,0.013987981,-2.4330142
1.8070852,-2.05676,-1.4068091,0.7733987,1.1959691,0.8315873,-0.45879462,-1.5746089,0.024679758,1.5918496,1.2134808,0.7075355,0.043940436,1.7583812,-0.6209823,1.225767,1.0335798,0.97215325,1.6248446,-1.0595288,-1.5682927,0.8731758,-0.5801882,-1.3441932,0.8039416,2.733612,-0.7700895,-2.0001526,2.2599058,0.14560527,0.007877673,-2.4335546
1.8735801,-2.1662152,-1.6342765,0.80347246,1.305824,0.88502204,-0.63352597,-1.7000718,0.11425225,1.5134537,1.323896,0.71884286,-0.11198449,1.9788171,-0.45681068,1.303454,1.071874,0.85152906,1.4854608,-1.0931431,-1.6772615,0.75215745,-0.79904705,-1.3694233,0.74808145,2.8063822,-0.6491288,-1.9904543,2.3024666,0.24809805,-0.21008728,-2.3218598
1.8685715,-2.1625443,-1.6529334,0.8182923,1.2942787,0.8837468,-0.6582602,-1.7014573,0.13555378,1.4917626,1.3366258,0.7149401,-0.13705662,1.9857069,-0.43792224,1.2982072,1.0852884,0.82725745,1.4615482,-1.0931119,-1.6768057,0.7280953,-0.83557963,-1.3809122,0.7277772,2.812398,-0.62782806,-1.9866201,2.3007889,0.25733542,-0.23957147,-2.2967002
1.8643389,-2.1704667,-1.642901,0.8055832,1.2929027,0.88527155,-0.642058,-1.6981112,0.115989834,1.5017757,1.3190616,0.71735084,-0.11837687,1.9765422,-0.45728776,1.2947346,1.0749433,0.84056354,1.4749784,-1.0916951,-1.6640954,0.75189555,-0.8167524,-1.3762113,0.7437599,2.8079734,-0.6518272,-1.9905772,2.3007636,0.2507184,-0.2191726,-2.320678
1.8642231,-2.1638918,-1.6258171,0.80348545,1.2924206,0.87873036,-0.62981105,-1.69129,0.10753071,1.5134839,1.316327,0.7171836,-0.105030626,1.9619098,-0.46894374,1.2914367,1.0705725,0.8531218,1.4895918,-1.0849187,-1.6576489,0.76547,-0.7950433,-1.3778756,0.7538963,2.8024552,-0.6581298,-1.993095,2.3004956,0.24458554,-0.20727812,-2.3393939
1.8667209,-2.1706994,-1.6230751,0.7954256,1.3039837,0.885867,-0.625324,-1.7032262,0.101103656,1.5098462,1.3066008,0.7149795,-0.109050125,1.9710978,-0.47211853,1.2960404,1.0625858,0.8495426,1.485038,-1.0746413,-1.6590208,0.77225256,-0.79372185,-1.36983,0.75399214,2.7990344,-0.65975666,-1.9936827,2.30872,0.2348135,-0.20251895,-2.3422558
1.8698946,-2.1742282,-1.6199851,0.7974408,1.3041598,0.8949695,-0.60680497,-1.6994413,0.085215576,1.497965,1.3003832,0.713544,-0.10773248,1.9466943,-0.47816706,1.2886508,1.0578821,0.84737235,1.4782188,-1.064042,-1.6597912,0.7928885,-0.77754605,-1.3691043,0.7582422,2.8028011,-0.67824376,-1.9990622,2.3082733,0.23194811,-0.18824196,-2.3562796
1.882203,-2.1738815,-1.6372774,0.80590844,1.3177825,0.91550106,-0.60923386,-1.7074504,0.09464602,1.4805118,1.3093319,0.71279705,-0.12127836,1.9617575,-0.46095952,1.302448,1.0549543,0.8418101,1.461835,-1.0691849,-1.6861241,0.77798474,-0.7899014,-1.3584924,0.74357164,2.814665,-0.66894555,-1.9999391,2.3138385,0.23049477,-0.18067287,-2.3366013
1.8847834,-2.17057,-1.6275772,0.7938338,1.3195341,0.9142282,-0.60109675,-1.7093664,0.08458944,1.4875234,1.2960387,0.7127433,-0.112499684,1.9607857,-0.46700642,1.3076978,1.0450238,0.84920806,1.4722515,-1.0722923,-1.6833525,0.7892287,-0.7774793,-1.3513575,0.7541628,2.8055964,-0.6801403,-2.0051503,2.3167348,0.22739631,-0.16564612,-2.3435695
1.8703089,-2.1702676,-1.616366,0.7858225,1.3062664,0.8998652,-0.59826887,-1.7049206,0.0729328,1.496835,1.2831974,0.7150698,-0.09985637,1.9470334,-0.47611284,1.2898363,1.0459683,0.84786713,1.4827435,-1.0755861,-1.6635675,0.80153203,-0.7728735,-1.3549488,0.7668913,2.7983356,-0.6989472,-1.9999231,2.3058524,0.22401175,-0.16605636,-2.3483167
1.8723185,-2.1567044,-1.6000006,0.777634,1.3021793,0.8917356,-0.59030676,-1.6980559,0.07310285,1.5133156,1.2829006,0.717481,-0.08922771,1.9386528,-0.48787725,1.290197,1.047014,0.8615734,1.494364,-1.0745492,-1.6572301,0.80106956,-0.7595174,-1.3542173,0.7710376,2.7947927,-0.6968705,-2.0063524,2.3106644,0.2171864,-0.15679601,-2.3569632
1.8801526,-2.1611974,-1.6244812,0.7892968,1.3128475,0.8970271,-0.6123198,-1.7084268,0.09625968,1.5079476,1.3064716,0.7196306,-0.1087359,1.9669894,-0.4647035,1.301911,1.058245,0.8521736,1.4772669,-1.0855465,-1.6813289,0.76881504,-0.7871911,-1.3531655,0.75377876,2.8089635,-0.67113125,-2.0005136,2.313235,0.22931401,-0.17993207,-2.3297825
1.8917207,-2.167818,-1.6359754,0.8011329,1.3234917,0.9085197,-0.6096728,-1.7144256,0.10088635,1.5077413,1.3153769,0.72104657,-0.11481251,1.9751378,-0.4571018,1.3140769,1.0555538,0.8578544,1.4802396,-1.0917763,-1.7002492,0.76376456,-0.78337276,-1.3493,0.7485264,2.81622,-0.66360444,-1.996713,2.3120656,0.22867818,-0.17491479,-2.3200424
1.8947408,-2.1636577,-1.6382152,0.80229753,1.3262273,0.91531813,-0.61686945,-1.7148546,0.11061388,1.4887697,1.316482,0.71648586,-0.123221725,1.9803522,-0.44558302,1.3169711,1.0585499,0.84768593,1.4599428,-1.0862577,-1.7011031,0.7587065,-0.7945949,-1.3478558,0.7446408,2.817052,-0.65610576,-2.0026195,2.3170047,0.23341948,-0.18135898,-2.3125103
1.8842957,-2.167196,-1.6295631,0.7994424,1.3162321,0.9088209,-0.6117902,-1.7075933,0.09986397,1.4911054,1.3090019,0.7169844,-0.11255987,1.964702,-0.45452324,1.30192,1.060358,0.8483593,1.4642752,-1.0820394,-1.6829886,0.7741614,-0.78761536,-1.3535215,0.75540674,2.8140235,-0.6730511,-2.0025566,2.3095374,0.23420955,-0.17962691,-2.3269048
1.457145,-1.6504085,-1.6462364,1.3252215,0.703511,1.1945562,-0.15094435,-1.6554804,0.32251945,0.6498987,0.98305583,0.719378,-0.32466108,1.8073282,-0.59426904,0.9520335,1.1064451,0.3872667,1.1108289,-1.3550103,-1.8570167,0.941678,-0.79650825,-1.1837783,0.37591612,2.748063,-0.8202184,-1.9687227,2.4516773,-0.50307214,0.5611709,-2.1260433
1.2958077,-1.5943096,-1.4586222,1.1728388,0.566363,1.0451307,-0.08712883,-1.6737664,0.18773392,0.71008295,0.8389197,0.7853657,-0.1557675,1.6311347,-0.67377913,0.90378666,1.2141217,0.40381682,1.2786585,-1.3700854,-1.6055744,1.1103781,-0.6993887,-1.2159352,0.58391327,2.6749108,-1.0180976,-2.006065,2.5200603,-0.42307878,0.4978693,-2.216134
1.3151475,-1.6698742,-1.3710334,1.0254905,0.6204585,1.0359306,-0.07025735,-1.657878,0.08611024,0.89920247,0.863382,0.86069524,-0.020305252,1.6151264,-0.8291074,0.90446025,1.131855,0.5343812,1.3684912,-1.2104373,-1.4799857,1.1679596,-0.6071946,-1.209058,0.74891734,2.6614149,-1.0473627,-1.9687362,2.5341246,-0.47886908,0.5173583,-2.333688
1.3972154,-1.4794042,-1.4384542,1.1411117,0.6301625,1.0980335,-0.11137133,-1.714537,0.24895218,0.6927854,0.8515472,0.75238967,-0.21416873,1.6615263,-0.6310682,0.94943523,1.1492835,0.39852804,1.2272612,-1.3857963,-1.6909031,1.0080318,-0.72299844,-1.1563076,0.49195677,2.6575832,-0.894157,-1.9662279,2.487698,-0.4908361,0.5761154,-2.0692866
1.4812722,-1.4800949,-1.6669425,1.4634145,0.6389556,1.1774901,-0.17322397,-1.6476067,0.45727077,0.4142116,0.93838954,0.56992996,-0.4655804,1.7955447,-0.42160425,0.9924921,1.1216091,0.2751194,1.0341365,-1.4749513,-1.9425488,0.8607104,-0.8707702,-1.2144421,0.19052497,2.6845233,-0.7316878,-1.9904786,2.4128127,-0.43331227,0.55477595,-1.97721
1.396914,-1.8028104,-1.6332057,1.3050787,0.63982487,1.1589721,-0.11183172,-1.6469982,0.2612918,0.7665261,1.0194494,0.7929627,-0.23086566,1.7906315,-0.69993484,0.9553683,1.1223806,0.43724546,1.2392466,-1.2669685,-1.7805669,1.1061406,-0.72081393,-1.2610278,0.53564274,2.7743928,-0.94189894,-2.0072544,2.517092,-0.4657009,0.53157526,-2.3396542
1.3481513,-1.5942104,-1.5956949,1.3209305,0.5995255,1.16982,-0.12058583,-1.6865653,0.3319475,0.6134817,0.9910177,0.74281,-0.2985375,1.7634766,-0.56320935,0.92935777,1.1919751,0.36012995,1.1960691,-1.3891021,-1.8143083,1.018208,-0.7496031,-1.2223341,0.41564557,2.7363985,-0.89463127,-1.9546858,2.5131721,-0.484236,0.5754185,-2.156177
1.3185766,-1.6049247,-1.5542094,1.2770507,0.616886,1.1291606,-0.12075927,-1.701568,0.27546343,0.64902735,0.94064045,0.7476883,-0.25641942,1.7415565,-0.58981997,0.9094577,1.2079438,0.37570116,1.2185436,-1.3940868,-1.7400514,1.0365891,-0.7503964,-1.2069659,0.47450954,2.7234826,-0.9338181,-1.9795312,2.5335395,-0.47229752,0.5532251,-2.1905863
1.2153467,-1.6694958,-1.5259082,1.2004772,0.53918314,1.0222087,-0.14333355,-1.6743468,0.17155829,0.7269382,0.87951255,0.80092,-0.14510344,1.6487751,-0.6731967,0.84066135,1.2333783,0.39468345,1.270541,-1.3580266,-1.570692,1.1348975,-0.7321341,-1.255653,0.59991294,2.6838663,-1.0383177,-2.013215,2.5176399,-0.41087997,0.48555508,-2.274918
1.6611397,-1.7151196,-1.1168054,1.1782924,0.74089086,1.1756724,-0.023649212,-1.4286364,0.34858173,1.176864,1.2266886,0.69336975,-0.24818762,1.6250548,-0.73730695,1.0708146,0.7863894,0.56504065,1.5804749,-0.8511977,-1.831086,1.2367777,-0.21213454,-1.1660457,0.5768564,2.5599859,-0.65231806,-1.7346838,2.1884623,-0.41979805,0.6493298,-2.4386306
1.6356552,-1.4543121,-1.0856937,1.3145227,0.73114824,1.3219087,0.123680696,-1.1965183,0.46793157,1.0259883,1.2519519,0.5270654,-0.30368876,1.611356,-0.7182101,1.0839152,0.7182182,0.4240983,1.3723979,-0.84574676,-1.8821353,1.1578274,-0.21134779,-1.1058228,0.37662056,2.4369776,-0.504015,-1.54076,1.9343559,-0.515033,0.76065564,-2.268995
1.6871042,-1.7534077,-1.4120102,1.4515512,0.7906127,1.3017497,-0.027213965,-1.3634207,0.44544753,0.9912479,1.2821313,0.58685136,-0.35685337,1.7727786,-0.6762414,1.1019734,0.86776423,0.41883108,1.3504747,-1.0437313,-2.0417185,1.1471014,-0.42087197,-1.2325783,0.39960456,2.6609397,-0.63870114,-1.7539465,2.0952876,-0.42054448,0.6451885,-2.3926165
1.6701158,-1.7784882,-1.2892992,1.3021792,0.740095,1.2102753,-0.009690195,-1.4682589,0.37226453,1.0864445,1.1967963,0.7172631,-0.2904846,1.6863679,-0.74754393,1.0764506,0.8618418,0.5119215,1.5181054,-0.9929147,-1.8898923,1.219093,-0.38519758,-1.2439867,0.51510173,2.711177,-0.73062307,-1.8090993,2.260957,-0.4281436,0.5919256,-2.4609346
1.6105839,-1.6907799,-1.1984743,1.2935058,0.6851306,1.1880656,0.026614115,-1.3938124,0.3881156,1.1105046,1.1715229,0.6902027,-0.25310838,1.5981376,-0.7421888,1.061537,0.82272595,0.5140016,1.5238223,-0.9512025,-1.8150374,1.2285641,-0.35184783,-1.2206376,0.524592,2.6602502,-0.7075808,-1.7643697,2.2245994,-0.42483377,0.62810355,-2.4358263
1.5273426,-1.6763678,-1.5194952,1.6117646,0.74891305,1.3324687,0.057044983,-1.3066392,0.47213277,0.8310843,1.2375376,0.51213515,-0.31667358,1.799656,-0.59792453,1.0920635,0.8716647,0.4280362,1.3090003,-1.1550782,-2.0474977,1.1108516,-0.538577,-1.2263132,0.35465926,2.7659025,-0.6926845,-1.7389364,2.2340863,-0.49209073,0.7018259,-2.3778276
1.5220847,-1.6635728,-1.6241527,1.6379907,0.70314324,1.3070014,-0.0014103875,-1.3444259,0.50913745,0.7065278,1.2157485,0.5390054,-0.32348675,1.8495538,-0.5384307,1.0662698,0.96210927,0.39870512,1.289687,-1.274736,-2.0593522,1.0880797,-0.5955365,-1.2540109,0.30840698,2.7796648,-0.71623904,-1.7909404,2.266621,-0.47453794,0.6518502,-2.3376634
1.5781022,-1.647124,-1.4542701,1.479801,0.6991528,1.276547,0.0673254,-1.3542712,0.44209605,0.81396276,1.1781121,0.6058651,-0.21085174,1.7507102,-0.6390604,1.1105753,0.9246641,0.45251647,1.4243705,-1.212063,-2.0069804,1.2008368,-0.43959054,-1.2584529,0.44552168,2.7678154,-0.7576571,-1.8141067,2.3295727,-0.45149148,0.63436776,-2.4127069
1.4718319,-1.4059739,-1.0614762,1.2124045,0.5803162,1.1675534,0.26921502,-1.3238047,0.32661006,0.9853773,0.9996346,0.6947652,-0.043467253,1.530428,-0.72852373,1.1109048,0.8589104,0.4971765,1.647757,-1.0808269,-1.7097626,1.3078041,-0.27596986,-1.1953204,0.56193835,2.6673546,-0.77899677,-1.7471831,2.411458,-0.48870286,0.65586954,-2.3580647
1.5521015,-1.7410064,-1.2912437,1.2805969,0.6591865,1.1789098,0.038428105,-1.4862313,0.3072141,1.0439651,1.0903221,0.7481903,-0.17677464,1.6814594,-0.7566316,1.0885285,0.9355528,0.5205646,1.5700446,-1.0863833,-1.7954088,1.2630792,-0.44683492,-1.2855656,0.5918296,2.7878458,-0.84593517,-1.8745486,2.4603317,-0.43817148,0.57495564,-2.5082545
1.5988692,-1.4637146,-1.0525821,1.1943952,0.6648418,1.2404653,0.14778006,-1.337324,0.37670177,1.020049,1.0926152,0.712765,-0.16457033,1.5463269,-0.76376426,1.0878052,0.7689529,0.53613436,1.6127143,-0.951795,-1.7594742,1.2522554,-0.23318857,-1.1671634,0.4897916,2.6564379,-0.66579163,-1.6806773,2.3119953,-0.5210573,0.6946574,-2.3922622
1.7069123,-1.7128918,-1.4677606,1.4558681,0.7913451,1.3595465,-0.1075807,-1.4157828,0.48138765,0.8291219,1.2363429,0.6124449,-0.36610204,1.8140669,-0.6447505,1.093718,0.8961209,0.43339932,1.2894727,-1.0884383,-2.0333772,1.0671791,-0.5013164,-1.2005954,0.3117901,2.7421777,-0.6400415,-1.758681,2.2132864,-0.4376525,0.60987157,-2.3584802
1.6587542,-1.5923545,-1.4309849,1.4576834,0.6911229,1.3245242,0.013939083,-1.3287343,0.52268815,0.77063197,1.1832114,0.6073332,-0.23299427,1.7552097,-0.6463103,1.1262248,0.93950576,0.44817707,1.3696657,-1.1949706,-1.9997125,1.1413274,-0.44289726,-1.216561,0.34866074,2.7455938,-0.67633814,-1.7797363,2.2459211,-0.44806248,0.6179178,-2.318343
1.5666548,-1.8024645,-1.5042105,1.4383878,0.6352035,1.2433649,-0.025367294,-1.4600894,0.4086832,0.88003623,1.1560073,0.7065501,-0.21229592,1.7726312,-0.6849153,1.0965514,1.0178033,0.44086346,1.4519737,-1.2084203,-1.9200871,1.2608019,-0.52708316,-1.3232698,0.5128928,2.8317528,-0.8555147,-1.9164732,2.4002235,-0.35662496,0.5258119,-2.5267274
1.6954693,-1.8481047,-1.3101507,1.2765751,0.80384564,1.233677,-0.09030576,-1.4632359,0.3576051,1.1311498,1.2731338,0.6819501,-0.29816532,1.7419351,-0.7105092,1.0946337,0.8564199,0.521139,1.4970543,-0.94276714,-1.9548671,1.1822113,-0.35245964,-1.2103978,0.5349212,2.6813064,-0.67047465,-1.7902192,2.2077813,-0.37764332,0.61722016,-2.4590755
1.7189486,-1.8930862,-1.3195987,1.2241528,0.84045887,1.1813864,-0.0964453,-1.538916,0.30765715,1.1776302,1.2343413,0.73865414,-0.30480278,1.7458217,-0.7254313,1.0816162,0.88598764,0.5412623,1.5171645,-0.95833266,-1.9321263,1.169025,-0.39743796,-1.2125083,0.5650834,2.7020764,-0.7086188,-1.8476013,2.2565198,-0.38656053,0.57525593,-2.4432042
1.6634907,-1.779341,-1.3339705,1.364322,0.7279005,1.2197618,-0.000833787,-1.4265136,0.37549618,1.0864528,1.2110705,0.6964915,-0.27831548,1.6881257,-0.73449326,1.0843672,0.9107176,0.47444323,1.5123484,-1.0695957,-1.9406917,1.2401247,-0.41771796,-1.2663798,0.49331883,2.7600234,-0.75142235,-1.8485966,2.2725408,-0.4007634,0.5847044,-2.4867866
1.6878217,-1.8387454,-1.4282749,1.389768,0.77325594,1.2419055,-0.016092047,-1.4721737,0.35794067,1.0626285,1.220842,0.7040559,-0.29001325,1.7540985,-0.70844746,1.0967238,0.9404971,0.469197,1.479977,-1.1173306,-2.003223,1.2219132,-0.46940696,-1.2706852,0.50784516,2.7917728,-0.7739152,-1.8861123,2.3110616,-0.4171854,0.5789377,-2.4760978
1.6653918,-1.8511078,-1.5773386,1.5460626,0.7980565,1.2846994,-0.013874747,-1.4161088,0.3877776,0.98221457,1.2515596,0.6306677,-0.34245712,1.8403795,-0.65717876,1.0999237,0.9679173,0.40324175,1.3620296,-1.2092165,-2.10206,1.168928,-0.57175285,-1.2736387,0.41567528,2.8165257,-0.7527003,-1.8671968,2.2388852,-0.42139587,0.5988898,-2.446884
1.6329907,-1.7817812,-1.3845538,1.4113289,0.70482683,1.2056482,0.02262649,-1.4348506,0.37157756,1.0463992,1.1827698,0.6926509,-0.2643202,1.7097166,-0.7116872,1.0882685,0.9318604,0.46008715,1.5000015,-1.1255565,-1.9485853,1.2486019,-0.4703547,-1.2837455,0.508347,2.765981,-0.79643095,-1.8695214,2.3075902,-0.4141479,0.5713189,-2.4778593
1.6480758,-1.7393422,-1.373138,1.4276505,0.7275573,1.2207401,0.047951728,-1.3873355,0.39813757,1.0203327,1.2054975,0.6430876,-0.24144627,1.7103302,-0.6815518,1.1140063,0.90423316,0.47500837,1.4857455,-1.118358,-1.9894462,1.2279198,-0.42168516,-1.2626079,0.5092742,2.7270126,-0.7491158,-1.840465,2.2599423,-0.42634156,0.6076751,-2.4313226
1.6643807,-1.7869334,-1.4003984,1.4050999,0.7099093,1.196292,0.014231063,-1.4405404,0.38477,1.037907,1.1858305,0.7077129,-0.22493792,1.7133969,-0.7093847,1.1047766,0.9480941,0.4945264,1.5269872,-1.1487756,-1.9620483,1.2402612,-0.45722848,-1.2936567,0.52711606,2.7847836,-0.79820704,-1.898775,2.3199594,-0.40761858,0.55608016,-2.4612904
1.6863136,-1.7318656,-1.3097074,1.3257154,0.76776147,1.2281033,0.06011699,-1.4315515,0.3538051,1.0486528,1.1911162,0.6924597,-0.22360635,1.6989865,-0.72606087,1.1105982,0.8932631,0.5180432,1.5474733,-1.0801848,-1.9730215,1.2191865,-0.36915204,-1.2407367,0.5238533,2.7473068,-0.7496438,-1.8399403,2.3142707,-0.47058836,0.6200885,-2.4101295
1.5772338,-1.3380687,-1.2607974,1.5057455,0.7723465,1.3170483,0.27858645,-1.0774072,0.47955927,0.8296683,1.198794,0.42366585,-0.25896895,1.692593,-0.6063974,1.1094124,0.7732368,0.36855578,1.3569119,-1.1048003,-2.0764575,1.0832838,-0.34104618,-1.1331015,0.25539094,2.5818007,-0.53687656,-1.5473945,2.0140085,-0.6051701,0.79206914,-2.1123395
1.6149983,-1.6196873,-1.3212361,1.3844007,0.733158,1.2811962,0.15693805,-1.3671403,0.39119598,0.94437927,1.1365789,0.66034687,-0.20967865,1.7227854,-0.71547985,1.12466,0.8911365,0.4776902,1.5251476,-1.1519688,-1.9832034,1.2008014,-0.39318246,-1.2242529,0.44130304,2.7980888,-0.756324,-1.7778591,2.3563197,-0.5312483,0.64482796,-2.3764565
1.5994514,-1.6015093,-1.3425946,1.4735347,0.6576915,1.2504522,0.13352521,-1.2692549,0.45997593,0.9040475,1.1770557,0.59754086,-0.22611205,1.7076141,-0.689201,1.1199815,0.8677864,0.44070458,1.4833273,-1.1449233,-1.9863482,1.2246679,-0.38354144,-1.2604309,0.41283783,2.7067182,-0.71663946,-1.7470064,2.2076933,-0.47368443,0.6358685,-2.376503
1.6282026,-1.8310134,-1.4511253,1.4203581,0.6640202,1.2036003,-0.027765207,-1.4555697,0.39495072,0.97443986,1.1769133,0.71177185,-0.22098498,1.7449485,-0.71849585,1.1086671,0.9730389,0.48693702,1.5161421,-1.1724207,-1.9468768,1.2660737,-0.47166386,-1.3445859,0.53325987,2.8194075,-0.8326201,-1.9290395,2.372249,-0.373211,0.5326431,-2.5336673
1.4778626,-1.620291,-1.253263,1.3259945,0.5932292,1.1444488,0.12468839,-1.4034888,0.3265205,0.97773075,1.0492471,0.69758093,-0.11680178,1.6159815,-0.7288588,1.0902501,0.9187783,0.5096966,1.6092693,-1.1295303,-1.7843429,1.2687929,-0.40699348,-1.311311,0.58478504,2.768157,-0.84339714,-1.8592547,2.4585648,-0.45612365,0.607639,-2.461165
1.3370763,-1.7167909,-1.3035268,1.2003868,0.517308,1.0554514,0.054566413,-1.522574,0.18428528,0.9550166,1.0271893,0.75791955,-0.016674725,1.6609681,-0.7541611,1.0561515,1.1051788,0.47145602,1.6119239,-1.1311266,-1.5812081,1.3831264,-0.46248618,-1.3516115,0.79266065,2.7293003,-1.0098834,-1.9515367,2.5662344,-0.32024068,0.4818663,-2.5749757
1.3190784,-1.6739762,-1.2169961,1.1586705,0.49605548,1.0442767,0.09056224,-1.4823778,0.17575493,0.94030255,1.0091586,0.73638284,0.030146657,1.6094424,-0.7704004,1.0725152,1.0737345,0.48623484,1.642299,-1.0729539,-1.551206,1.3915187,-0.40673074,-1.3464723,0.81893873,2.6875439,-1.0032065,-1.9211931,2.5389378,-0.32077694,0.49408525,-2.5253792
1.2869179,-1.6135886,-1.2022743,1.196963,0.42992383,1.0304527,0.1450184,-1.4416748,0.20401192,0.94451237,0.99324954,0.7132646,0.059391666,1.5754695,-0.7456106,1.0772545,1.075657,0.4511148,1.6639973,-1.1067736,-1.5505801,1.4417369,-0.38354227,-1.3527409,0.801714,2.6725764,-0.9992405,-1.9158411,2.5260653,-0.30485344,0.49290782,-2.5256577
1.2979729,-1.6742339,-1.2928057,1.2869141,0.46965373,1.0939168,0.13801257,-1.4414245,0.22609687,0.91768783,1.0331776,0.6931765,-0.009715362,1.6467514,-0.7172687,1.0833019,1.0747486,0.43358344,1.5989999,-1.1180681,-1.6454577,1.4081855,-0.43072057,-1.3337542,0.74993867,2.7071474,-0.9966589,-1.9039495,2.5234382,-0.330292,0.52217185,-2.5408294
1.2816806,-1.7412875,-1.3128924,1.2440532,0.44859678,0.98946774,0.042788006,-1.5081605,0.17543738,0.8920885,1.0081356,0.7207391,0.0153464675,1.6329869,-0.76848733,1.0313818,1.1259431,0.4387396,1.5928727,-1.1313645,-1.5468456,1.4306886,-0.46507314,-1.4036548,0.8182624,2.6764958,-1.0586501,-2.0088103,2.5415049,-0.26676628,0.42712873,-2.6196544
1.2759662,-1.6352682,-1.2019237,1.111492,0.43849188,0.9900345,0.085406214,-1.5044571,0.15410379,0.99915004,0.9660613,0.7845609,0.04895015,1.5702497,-0.7721486,1.0334983,1.1009448,0.47341913,1.6674966,-1.100407,-1.4508461,1.4230018,-0.41746154,-1.3511647,0.83727074,2.67286,-1.0187105,-1.927014,2.5588565,-0.30174562,0.46876097,-2.5423813
1.3086196,-1.5101655,-1.1146762,1.1060649,0.47915962,1.0862634,0.13616821,-1.4329762,0.17773852,0.95748454,1.0014478,0.7253057,0.020629615,1.5457301,-0.7293272,1.064789,0.9583281,0.48984012,1.65976,-0.9895139,-1.4893168,1.3873857,-0.3446448,-1.277505,0.7825323,2.6305382,-0.90449476,-1.7941203,2.5180564,-0.3601068,0.59262073,-2.4780076
1.3452665,-1.6981425,-1.2852765,1.2240045,0.5311241,1.0724798,0.03321019,-1.4756321,0.20454279,0.87518054,1.0687199,0.6875919,-0.02460879,1.6536549,-0.74249864,1.0521203,1.0329338,0.46886522,1.5648034,-1.0743535,-1.6208285,1.3681959,-0.43102044,-1.3516483,0.7588071,2.6866555,-0.9536429,-1.9179538,2.5076363,-0.29656208,0.5088122,-2.5696616
1.4490283,-1.7262838,-1.3383809,1.2556548,0.5797338,1.1271029,0.0727586,-1.484863,0.25895938,0.90566796,1.0548972,0.7271056,-0.04386549,1.6897225,-0.74879456,1.1008667,1.074887,0.4838445,1.5844303,-1.1790736,-1.7347543,1.3400661,-0.4265124,-1.3357989,0.7096803,2.7700691,-0.9595985,-1.9535819,2.525645,-0.334465,0.4935072,-2.5394878
1.3626323,-1.6789069,-1.4883455,1.4232829,0.54180944,1.1414984,0.045876175,-1.4630387,0.3130239,0.7072569,1.0923114,0.6278231,-0.098243855,1.7371297,-0.6152663,1.0686445,1.1252851,0.40408334,1.4432487,-1.2726827,-1.8059521,1.3057742,-0.5148976,-1.3463604,0.6123657,2.7473865,-0.9479849,-1.957326,2.4891622,-0.29737025,0.513219,-2.4976375
1.3400211,-1.8129871,-1.4801853,1.3185902,0.50150317,1.0563209,-0.013704009,-1.5335155,0.23712906,0.84665424,1.0546949,0.7496064,-0.026851982,1.7148877,-0.7273103,1.0430889,1.1939162,0.44114012,1.5263934,-1.2450279,-1.68195,1.3637645,-0.547177,-1.4099035,0.7510277,2.792476,-1.0537723,-2.0462754,2.5506694,-0.25730735,0.4180063,-2.5873091
1.3980736,-1.8187227,-1.3895527,1.2515,0.49796423,1.0283084,-0.040848028,-1.5364496,0.23676875,0.9562507,1.0611413,0.7723483,-0.031886574,1.68487,-0.75949144,1.051205,1.1362753,0.46222335,1.6035033,-1.174479,-1.6212426,1.3988827,-0.50941813,-1.4192696,0.7676073,2.7684815,-1.0174887,-2.0315197,2.5194387,-0.23807962,0.39761904,-2.623764
1.4938653,-1.8504353,-1.3745432,1.2352312,0.56653374,1.0561469,-0.08010601,-1.5575259,0.25541937,0.9889828,1.0954206,0.77119875,-0.08766372,1.7082095,-0.7663889,1.0745536,1.0682414,0.5006847,1.604689,-1.1312053,-1.6862642,1.3690329,-0.4770443,-1.4060107,0.7314764,2.767762,-0.9582281,-2.0228164,2.499221,-0.26604626,0.42514402,-2.6254916
1.533867,-1.707962,-1.251606,1.2186096,0.653051,1.1702328,0.039603554,-1.4582872,0.28329384,0.9468242,1.116163,0.6966729,-0.09532308,1.6810703,-0.7529541,1.1189872,0.9445096,0.52487403,1.6087347,-1.0683916,-1.7819014,1.307654,-0.36318156,-1.3061321,0.66738635,2.7415898,-0.8528408,-1.8751503,2.4541147,-0.368266,0.55912334,-2.5205855
-1.5633984,-0.33522615,0.85012823,-1.0422444,-1.5345919,-1.5071884,-0.49959654,0.80311173,-1.3773187,-0.7444806,-0.24586926,0.31217587,1.232756,-1.3231561,-1.60022,-1.6229405,0.3078359,-0.45862007,1.2438288,1.3023938,2.3366275,1.4249713,-0.58233696,-1.1581013,1.3238242,-0.69387376,-1.394235,-0.1694515,-1.2123423,1.4253452,-0.8149385,-0.5938746
-1.6104388,-0.38078722,0.80718344,-1.0509348,-1.5804319,-1.5575888,-0.5640422,0.7664313,-1.4226309,-0.7821379,-0.21066333,0.29692307,1.2229908,-1.3215818,-1.6523072,-1.6859577,0.32901862,-0.5055744,1.2395034,1.2982606,2.3938117,1.4927571,-0.6421932,-1.2388632,1.340609,-0.70841646,-1.4434223,-0.22148049,-1.2048883,1.4491014,-0.9125282,-0.6892154
-1.6588469,-0.4019652,0.8023287,-1.0567907,-1.5984648,-1.6096863,-0.6065639,0.7383492,-1.4481417,-0.88758284,-0.15542184,0.24859789,1.2004881,-1.3534838,-1.6831958,-1.678876,0.35254687,-0.5709567,1.213817,1.3149811,2.426475,1.5115845,-0.6857571,-1.2921994,1.3592358,-0.7546187,-1.4727056,-0.2843816,-1.2459502,1.5338217,-0.99674237,-0.73416376
-1.6798307,-0.4307112,0.73926294,-1.0392567,-1.5984733,-1.6458446,-0.6565765,0.70327926,-1.4546273,-0.8562042,-0.12063336,0.24041584,1.187721,-1.338812,-1.67902,-1.6856215,0.36419016,-0.603299,1.2416617,1.2923992,2.4096997,1.5238887,-0.75467324,-1.3359951,1.3736867,-0.7285451,-1.4864558,-0.30145076,-1.263307,1.5543987,-1.0273247,-0.7750833
-1.6245935,-0.38347915,0.81290305,-1.0658394,-1.5554211,-1.5244833,-0.55312085,0.7022306,-1.4414839,-0.8245879,-0.19946586,0.2726834,1.2490101,-1.3239262,-1.6270232,-1.6045277,0.3552045,-0.5082813,1.2575501,1.2957565,2.3880718,1.4815036,-0.6212227,-1.2608862,1.3457841,-0.75249296,-1.4795655,-0.27891192,-1.243997,1.5009489,-0.91009086,-0.7240302
-1.6076167,-0.3396184,0.86057943,-1.0958756,-1.5377141,-1.5128378,-0.528223,0.73597187,-1.4374324,-0.8431421,-0.22143315,0.28613573,1.2891431,-1.3404417,-1.6207466,-1.5682614,0.34908217,-0.4934959,1.2486012,1.3021357,2.3870454,1.4392037,-0.56765854,-1.2050489,1.3397887,-0.7666008,-1.4677982,-0.27017358,-1.2538648,1.5131289,-0.8838318,-0.68439895
-1.6484064,-0.3453186,0.80366945,-1.1078343,-1.5475671,-1.5884973,-0.61730766,0.7253374,-1.4599363,-0.8705859,-0.17505454,0.2602788,1.2619668,-1.3390448,-1.6417954,-1.623577,0.3556337,-0.56855047,1.2324082,1.3025967,2.3958693,1.4586396,-0.66739655,-1.2413954,1.3284701,-0.7656503,-1.4671036,-0.29164597,-1.2718567,1.5473431,-0.95805204,-0.72106886
-1.6598027,-0.35952517,0.786658,-1.1100541,-1.556912,-1.6092676,-0.6513152,0.7229668,-1.4782814,-0.85374516,-0.16136573,0.26071414,1.2499988,-1.3282502,-1.6595672,-1.6720307,0.34511602,-0.58632696,1.2428467,1.3035328,2.4064322,1.4875345,-0.70606214,-1.261741,1.3351434,-0.7529387,-1.468716,-0.2757951,-1.2716169,1.5247817,-0.98152584,-0.7342068
-1.6596313,-0.39033982,0.7788518,-1.0750343,-1.5982014,-1.6317455,-0.6383575,0.7481154,-1.4581666,-0.819271,-0.16334553,0.27510372,1.2354267,-1.3463682,-1.6789621,-1.7022015,0.3381996,-0.5675669,1.2547134,1.3010683,2.4104602,1.5112398,-0.70850855,-1.2703768,1.3650839,-0.72079575,-1.4740947,-0.25737804,-1.2621639,1.5216887,-0.9739837,-0.7285637
-1.6595277,-0.44039273,0.67537445,-1.0118754,-1.6388793,-1.6835836,-0.67502844,0.7533269,-1.4411721,-0.7033311,-0.13884874,0.28475657,1.1922498,-1.3272074,-1.6948266,-1.7486329,0.34019473,-0.57410496,1.2708422,1.2605097,2.3899322,1.5478516,-0.7922958,-1.3176675,1.3784453,-0.63038456,-1.4726626,-0.24592897,-1.214092,1.5082315,-1.0029885,-0.78923404
-1.6852534,-0.47428775,0.649375,-1.0088904,-1.6569929,-1.7218413,-0.7225373,0.7356228,-1.4672885,-0.72884226,-0.102425456,0.27167127,1.1603518,-1.3224857,-1.731858,-1.7974423,0.3450345,-0.61846256,1.2585071,1.2567154,2.4237947,1.5833662,-0.8451309,-1.3696846,1.38715,-0.63420117,-1.4878548,-0.26601574,-1.205041,1.5109222,-1.0762861,-0.8369522
-1.6894873,-0.4598137,0.70580494,-1.0169489,-1.6594591,-1.7369343,-0.7139162,0.755354,-1.4607667,-0.8189903,-0.0877856,0.2444047,1.1402873,-1.3606012,-1.7494636,-1.7785082,0.35046062,-0.64196974,1.2208599,1.2800384,2.442974,1.5666035,-0.8240448,-1.3590115,1.3974717,-0.6855781,-1.4848312,-0.28336394,-1.2365175,1.5539248,-1.0969,-0.8027575
-1.6530185,-0.428096,0.7274352,-1.0090749,-1.6451136,-1.6969602,-0.6714401,0.78928363,-1.4299253,-0.7626784,-0.1273241,0.26725543,1.1575499,-1.3567362,-1.7119883,-1.7560596,0.33303452,-0.59046113,1.2310351,1.2783242,2.4026518,1.532137,-0.78391856,-1.295702,1.3858783,-0.6595539,-1.451669,-0.22789022,-1.2330068,1.5237365,-1.0148213,-0.73896146
-1.6194409,-0.4594382,0.684265,-0.98361903,-1.609026,-1.6250541,-0.6336212,0.7583392,-1.403519,-0.68181086,-0.16990288,0.30850187,1.1647717,-1.2950431,-1.6694952,-1.7548643,0.32273436,-0.5305761,1.2687345,1.2556888,2.3596914,1.5339966,-0.76610756,-1.2910516,1.362368,-0.59603596,-1.431518,-0.18784815,-1.1730579,1.4283885,-0.9632561,-0.7393967
-1.619411,-0.44268888,0.7200482,-0.9912769,-1.6164157,-1.614818,-0.6098238,0.7692375,-1.4030535,-0.71941113,-0.17405285,0.29183695,1.171618,-1.3143953,-1.6768484,-1.7290424,0.33639923,-0.52637005,1.2491608,1.2689277,2.37686,1.5291022,-0.73235637,-1.2900802,1.3603673,-0.63257134,-1.4391983,-0.2143276,-1.1744918,1.4526563,-0.9628156,-0.73963374
-1.6323922,-0.40536326,0.7738861,-1.0096662,-1.6092359,-1.603484,-0.58928335,0.7608198,-1.4176784,-0.7930978,-0.15802343,0.2507912,1.1887586,-1.3538604,-1.6688826,-1.6669157,0.34746522,-0.5332584,1.2280374,1.2896154,2.3938704,1.5100476,-0.69688386,-1.2838103,1.3567978,-0.7080808,-1.4546078,-0.25652605,-1.2302392,1.517449,-0.95129263,-0.7280235
-1.6444716,-0.39926684,0.74718934,-1.0206699,-1.5771819,-1.6100128,-0.6182381,0.72140086,-1.4427278,-0.7794077,-0.13817056,0.24926901,1.2166708,-1.34055,-1.6450853,-1.6425822,0.34683272,-0.5535572,1.2585958,1.2772782,2.3733552,1.5016024,-0.7173172,-1.2879792,1.354352,-0.7128629,-1.4678355,-0.2703889,-1.2709405,1.5381576,-0.9494757,-0.7465567
-1.6068279,-0.35976973,0.8114621,-1.0507762,-1.5427268,-1.5524023,-0.5584501,0.73502403,-1.4297216,-0.7861311,-0.193475,0.28103724,1.2572875,-1.3377804,-1.6141632,-1.5999138,0.33645976,-0.51095,1.267691,1.2807673,2.3617797,1.4574294,-0.62307274,-1.2215477,1.3486923,-0.7347166,-1.4606131,-0.2479341,-1.268181,1.5117328,-0.88596463,-0.6857681
-1.6739094,-0.48379177,0.6731015,-0.9102754,-1.8708279,-1.7849203,-0.7824315,0.8083714,-1.3380171,-0.9395445,-0.00086256117,0.07002269,0.88576585,-1.4503667,-1.8102996,-1.7419282,0.52014345,-0.6892476,1.0592427,1.2207928,2.5316129,1.6218839,-0.9938947,-1.486572,1.4406385,-0.73073,-1.4752836,-0.4569797,-1.0540574,1.6647336,-1.318744,-0.9251043
-1.6819069,-0.5068991,0.6908152,-0.9292148,-1.8708371,-1.7625812,-0.7617458,0.8216787,-1.3419532,-0.9445591,-0.010798089,0.07557273,0.8931857,-1.459282,-1.827077,-1.7552536,0.50391793,-0.6736883,1.0691253,1.24608,2.552914,1.6430893,-0.97272027,-1.4915518,1.4406546,-0.7434291,-1.4834609,-0.44088015,-1.0572709,1.6461203,-1.3171092,-0.9271473
-1.6694819,-0.51952285,0.6554419,-0.90270007,-1.8811432,-1.7726164,-0.7730191,0.80785614,-1.3357995,-0.91104984,-0.004076615,0.07927078,0.89137167,-1.4454565,-1.8200512,-1.726553,0.5280441,-0.67097515,1.0723584,1.2141879,2.54106,1.6351295,-0.99379843,-1.5079466,1.4522218,-0.71634,-1.4987725,-0.4824091,-1.0238767,1.6642255,-1.3280224,-0.96434635
-1.6782302,-0.52374196,0.63625765,-0.8947926,-1.896531,-1.7683622,-0.77217233,0.8012893,-1.3469303,-0.91796076,-0.0047909096,0.08572008,0.8845063,-1.4340751,-1.8257751,-1.7667439,0.5297667,-0.6762187,1.0662135,1.2152674,2.5409608,1.6607562,-0.99657416,-1.5205743,1.4512544,-0.70391864,-1.4985582,-0.4632289,-0.9934243,1.6546122,-1.3278216,-0.98853487
-1.6709231,-0.50867754,0.6310003,-0.89456165,-1.8859495,-1.7748286,-0.79066217,0.8005563,-1.3402481,-0.91120183,0.009413719,0.07752371,0.88013875,-1.4262553,-1.8134931,-1.7512054,0.53322256,-0.69036496,1.0657607,1.2020783,2.5329752,1.6354887,-1.0189193,-1.5193398,1.4469076,-0.70505077,-1.4908928,-0.47608745,-1.0132328,1.6602073,-1.329548,-0.96919334
-1.671969,-0.49212813,0.66223973,-0.9181744,-1.8735378,-1.781998,-0.7953892,0.81110597,-1.340107,-0.9225194,0.00999409,0.07319535,0.8864311,-1.4411181,-1.813538,-1.7380486,0.5133763,-0.6967626,1.0715497,1.2218461,2.5364156,1.6242104,-1.0121624,-1.4893228,1.4504657,-0.72659534,-1.4929124,-0.47311726,-1.0529895,1.6699082,-1.3280792,-0.9398336
-1.6619401,-0.50104815,0.68429536,-0.9226016,-1.8575435,-1.7705947,-0.78463745,0.8116479,-1.3318275,-0.911993,0.0041457936,0.07216339,0.8949402,-1.4471812,-1.8096142,-1.699114,0.50491077,-0.67763585,1.0890163,1.2211795,2.54317,1.6161188,-0.9971504,-1.4772251,1.4521207,-0.7302841,-1.5074282,-0.4962639,-1.0622921,1.6586535,-1.3228961,-0.92794853
-1.6757568,-0.50662905,0.6860824,-0.9344145,-1.8613293,-1.7636381,-0.779708,0.8104952,-1.3391272,-0.92060816,-0.0006653592,0.07185435,0.9075238,-1.449622,-1.8143302,-1.7159249,0.49229148,-0.6737616,1.0990249,1.2316523,2.5585203,1.6318531,-0.9883974,-1.4848216,1.4460447,-0.73441833,-1.5100213,-0.4870367,-1.0663246,1.64617,-1.3198408,-0.9312347
-1.6778978,-0.50755984,0.69462556,-0.9337676,-1.851839,-1.7621664,-0.76959586,0.8126662,-1.3428122,-0.93368477,-0.0026825145,0.07486156,0.89521486,-1.4520547,-1.8142341,-1.7203226,0.49681166,-0.68338823,1.086983,1.2399064,2.5522478,1.628484,-0.98807245,-1.4822053,1.4461697,-0.7431989,-1.5020084,-0.4731,-1.0731192,1.649098,-1.320122,-0.9213699
-1.669598,-0.5059726,0.66420805,-0.9121985,-1.8823436,-1.7750044,-0.780102,0.82224244,-1.3404082,-0.90929484,0.0020761192,0.08021751,0.8919796,-1.4385086,-1.8229396,-1.733796,0.5178888,-0.6941194,1.0771385,1.2179626,2.5426886,1.6367275,-0.9993439,-1.5009086,1.4579998,-0.7162881,-1.4996802,-0.47721252,-1.030735,1.6693656,-1.3435323,-0.96251583
-1.6713976,-0.48712236,0.64048886,-0.8976414,-1.8810939,-1.7731085,-0.789423,0.8151434,-1.3352801,-0.922034,0.017442465,0.06972201,0.87517095,-1.4212091,-1.8037273,-1.7495208,0.52627885,-0.71874046,1.0634536,1.2072492,2.527353,1.6287137,-1.0218786,-1.5127014,1.4457191,-0.71636975,-1.4750953,-0.47060335,-1.0283306,1.663436,-1.3397229,-0.9525169
-1.6946969,-0.52188635,0.64792776,-0.91462094,-1.8890084,-1.7673674,-0.76653314,0.8089483,-1.3459132,-0.93405515,-0.0010816082,0.08140786,0.89524484,-1.4415615,-1.8234972,-1.7638211,0.5088759,-0.6937835,1.0798268,1.2349321,2.5542185,1.6583267,-0.9929777,-1.5222745,1.448276,-0.72305024,-1.4946884,-0.46036518,-1.0309358,1.6541682,-1.3340518,-0.96678084
-1.7035958,-0.5454291,0.6683652,-0.9249708,-1.8841871,-1.762924,-0.7432349,0.80844206,-1.3562187,-0.9437915,-0.021315739,0.097767785,0.8969286,-1.4563602,-1.8417165,-1.7773129,0.49841717,-0.6735218,1.0824968,1.2597941,2.5629911,1.6734613,-0.96381503,-1.5104502,1.4526474,-0.7279806,-1.5068113,-0.43790767,-1.0283501,1.642633,-1.3242625,-0.9665971
-1.6842035,-0.5108745,0.68737435,-0.9223168,-1.8798261,-1.7560296,-0.75345504,0.81975305,-1.3416005,-0.94904214,-0.0077855065,0.07505712,0.8846651,-1.4533486,-1.82246,-1.7436191,0.49897033,-0.6897472,1.0735523,1.248321,2.5546498,1.6549013,-0.9753701,-1.4943928,1.4519972,-0.7416177,-1.4966377,-0.46001628,-1.0430388,1.6531004,-1.3294305,-0.9411847
-1.6647632,-0.47999305,0.69524354,-0.9326856,-1.8706415,-1.7734975,-0.7813492,0.83114547,-1.3338655,-0.93403304,0.006864503,0.06722109,0.88963854,-1.4520963,-1.8188219,-1.7208579,0.5023657,-0.6988549,1.071256,1.2332797,2.5374486,1.6253221,-0.98901355,-1.4771383,1.4517446,-0.74202716,-1.4928594,-0.47265702,-1.0640875,1.6784729,-1.3345215,-0.9272698
-1.6791407,-0.50881386,0.68275154,-0.94227564,-1.8746777,-1.7794338,-0.7797921,0.82846564,-1.3433676,-0.923018,0.00049134344,0.08703807,0.90758055,-1.4518346,-1.8369498,-1.7434741,0.4924193,-0.6922123,1.0907396,1.2421286,2.5502763,1.6407968,-0.9804419,-1.4897093,1.4549042,-0.7281922,-1.5036337,-0.46161565,-1.0638198,1.6690732,-1.3391007,-0.9442883
-1.684561,-0.50002134,0.6883527,-0.93851703,-1.8639597,-1.773644,-0.7782861,0.8198423,-1.3458663,-0.94484055,0.0026234388,0.080051094,0.89357287,-1.4511034,-1.8251734,-1.7520891,0.4909389,-0.7000073,1.0797899,1.2520168,2.5439537,1.6357542,-0.9887676,-1.478549,1.4481082,-0.73934394,-1.4900459,-0.44637033,-1.0787216,1.6603621,-1.3234719,-0.9197206
-1.6807489,-0.5070619,0.6470014,-0.91303504,-1.8742712,-1.7941046,-0.7936119,0.8031824,-1.3463552,-0.9226112,0.007966027,0.08875458,0.88345426,-1.4385867,-1.8207605,-1.7561755,0.5137357,-0.701475,1.0726768,1.2257342,2.531102,1.6292021,-1.0125716,-1.4924641,1.454458,-0.7160192,-1.4972893,-0.46256253,-1.046557,1.6714131,-1.3299965,-0.94976395
-1.6729103,-0.51542234,0.6594867,-0.9231534,-1.8829004,-1.7835803,-0.7943864,0.8180929,-1.3474898,-0.8995835,0.0023455843,0.09616381,0.90139085,-1.4327912,-1.8329192,-1.7476057,0.5042236,-0.6922731,1.0920913,1.2243583,2.546139,1.6405802,-1.0006758,-1.4912905,1.4648994,-0.700606,-1.5130123,-0.47217414,-1.0385314,1.6627445,-1.3444294,-0.9647939
-1.670581,-0.5145261,0.66839063,-0.92365384,-1.8787224,-1.7815403,-0.7863233,0.82027,-1.3463315,-0.90359557,0.000283584,0.093844846,0.8980675,-1.4386095,-1.8308023,-1.7330809,0.506675,-0.6950295,1.0869726,1.2260023,2.5452964,1.6367564,-0.9966836,-1.4895464,1.4672576,-0.7090638,-1.5130967,-0.47776487,-1.0403624,1.6711037,-1.3470709,-0.96196365
-1.6627188,-0.5034382,0.6744811,-0.9161889,-1.8701162,-1.7803683,-0.7812731,0.82128894,-1.3340728,-0.9140983,0.00026245415,0.08562875,0.8881941,-1.4452164,-1.8171712,-1.7152693,0.5149747,-0.6944791,1.0747776,1.2221528,2.5336409,1.6212513,-0.99500245,-1.4802647,1.4650447,-0.7216369,-1.5006825,-0.48027295,-1.049429,1.6764255,-1.3408139,-0.943017
-1.6693847,-0.4947821,0.6751139,-0.91826177,-1.8705921,-1.7924919,-0.78239775,0.8192145,-1.3350317,-0.92195576,-0.0009649545,0.08380674,0.8955974,-1.4508605,-1.8182163,-1.7214379,0.51433814,-0.69510657,1.0742484,1.2247245,2.5307677,1.6192223,-0.9891389,-1.4782453,1.45914,-0.72315353,-1.4940932,-0.4727088,-1.0558058,1.6824524,-1.3373648,-0.9389636
-1.6798975,-0.51582015,0.6695565,-0.9187356,-1.8861829,-1.7861058,-0.7690152,0.8214128,-1.3442887,-0.9161635,-0.010479279,0.09021069,0.9045544,-1.4519167,-1.833083,-1.7361529,0.51297283,-0.68806607,1.0820856,1.2301936,2.5460753,1.6442116,-0.9790215,-1.4967678,1.4620515,-0.71553904,-1.5057245,-0.46951407,-1.0318327,1.6792275,-1.3465476,-0.9698526
-1.6844049,-0.5260678,0.6540935,-0.9045308,-1.8843787,-1.7999645,-0.76272833,0.8114999,-1.3451569,-0.9150413,-0.018151738,0.103773296,0.9046575,-1.4518291,-1.8319393,-1.7399424,0.52352834,-0.6882882,1.0782954,1.2218448,2.5372255,1.6405321,-0.97302216,-1.5023474,1.4641052,-0.7041213,-1.503563,-0.46653086,-1.022209,1.681506,-1.3486565,-0.97736734
-1.680853,-0.51735353,0.6445641,-0.90314883,-1.8783667,-1.8043431,-0.7811905,0.79927087,-1.3469405,-0.9120443,-0.00841777,0.10138881,0.9006642,-1.4417849,-1.823,-1.7413008,0.5218052,-0.69150114,1.0800114,1.2138386,2.531166,1.630261,-0.9914106,-1.497429,1.4585339,-0.6972405,-1.502062,-0.47272947,-1.0288087,1.675063,-1.3393002,-0.96717715
-1.6671386,-0.5076642,0.64642704,-0.8979872,-1.871888,-1.7869036,-0.7878177,0.7996154,-1.3332837,-0.9080197,0.0039098114,0.081799105,0.89210814,-1.436868,-1.8071628,-1.7173004,0.5282756,-0.6855752,1.0779458,1.2014328,2.529834,1.6156256,-1.0082017,-1.501388,1.4505144,-0.70611507,-1.4953134,-0.49265376,-1.0368682,1.6674218,-1.329223,-0.95018697
-1.6905845,-0.5269621,0.668525,-0.91722065,-1.8796818,-1.7859018,-0.7601149,0.8115731,-1.3485068,-0.9252102,-0.019477755,0.097703055,0.9088257,-1.4567151,-1.8331763,-1.7497878,0.51205915,-0.6761622,1.083545,1.2358747,2.549413,1.6471286,-0.9682224,-1.4994282,1.4561565,-0.7161936,-1.5016522,-0.4547269,-1.0391251,1.6618414,-1.3336523,-0.96078736
-1.6841302,-0.5166889,0.68035936,-0.91316617,-1.8835979,-1.774088,-0.7482585,0.81861955,-1.3373812,-0.9311976,-0.024819136,0.0831268,0.9078743,-1.461685,-1.8271803,-1.731742,0.51816887,-0.6688967,1.0757723,1.2321501,2.5521781,1.6482542,-0.9560614,-1.5004913,1.4537927,-0.72674376,-1.4948021,-0.46149158,-1.0320786,1.6615032,-1.3343142,-0.9584596
-1.6820999,-0.5095256,0.65692127,-0.9119679,-1.8731645,-1.7912185,-0.7789186,0.8034324,-1.3346058,-0.92240036,-0.0013816431,0.077061966,0.90113807,-1.453371,-1.8146952,-1.7226714,0.5199055,-0.6820696,1.0823786,1.2200245,2.5379913,1.6241616,-0.99509084,-1.5001272,1.4490896,-0.72337115,-1.4978857,-0.4816173,-1.0494239,1.6758269,-1.3279257,-0.94977504
-1.6802915,-0.51876855,0.64959556,-0.9062753,-1.8761752,-1.7868512,-0.7797787,0.7995031,-1.3400248,-0.9128518,-0.007073067,0.08528429,0.90291595,-1.4443469,-1.8186392,-1.737381,0.5217058,-0.67501354,1.0850425,1.210909,2.5414803,1.6317124,-0.9935413,-1.5079049,1.4467465,-0.7079862,-1.4977565,-0.47543657,-1.0362271,1.6572311,-1.3262004,-0.956651
-1.6937985,-0.4790659,0.7241629,-0.97594315,-1.888662,-1.723088,-0.7733636,0.8518625,-1.4040227,-0.90725136,-0.028668776,0.096751705,0.9215244,-1.4088924,-1.858324,-1.8450878,0.44518176,-0.6957403,1.1145717,1.2898614,2.5798829,1.7158034,-0.9597541,-1.443466,1.4485551,-0.72160584,-1.518127,-0.37581575,-0.9977738,1.5925611,-1.3322203,-0.98536974
-1.6876259,-0.48241943,0.7115409,-0.9613812,-1.8930756,-1.7387272,-0.7831501,0.84712136,-1.4020678,-0.8972061,-0.024029605,0.103540674,0.91421485,-1.4052738,-1.857837,-1.840015,0.4526214,-0.70271474,1.111798,1.2732743,2.5735533,1.7116792,-0.96891415,-1.4461013,1.4572462,-0.70650053,-1.524628,-0.3895886,-0.9903171,1.6023563,-1.3439795,-0.99602455
-1.6875212,-0.49808043,0.6940168,-0.9491883,-1.8934005,-1.7429497,-0.7868724,0.8411705,-1.4030018,-0.8886124,-0.024182238,0.11475256,0.9067192,-1.3955936,-1.856211,-1.8476069,0.4574364,-0.70659435,1.1151643,1.2667426,2.5649173,1.7133564,-0.9800682,-1.4509373,1.4653903,-0.6885851,-1.5311195,-0.3903861,-0.9737439,1.5995352,-1.3510734,-1.0115249
-1.6849803,-0.48870796,0.698673,-0.95965,-1.8936435,-1.7577753,-0.7914996,0.8456969,-1.4018195,-0.88156277,-0.029726893,0.116197914,0.92894024,-1.4075876,-1.8606522,-1.8359089,0.46014243,-0.69641334,1.1187022,1.2606453,2.5666182,1.7013425,-0.9685038,-1.4469459,1.4636307,-0.6884762,-1.5274322,-0.38920876,-0.99026126,1.6128397,-1.352629,-1.0052586
-1.6846031,-0.47530115,0.7089578,-0.96774125,-1.9003822,-1.7533647,-0.78304696,0.85761344,-1.3962882,-0.88674265,-0.03815432,0.10828394,0.9407498,-1.4162297,-1.8631339,-1.8350521,0.46405554,-0.68792886,1.1121558,1.2643875,2.5681062,1.7000908,-0.9506236,-1.4471924,1.4562128,-0.69960064,-1.5119376,-0.37420645,-0.9922183,1.6174105,-1.348694,-0.9993612
-1.6893432,-0.45897567,0.68061143,-0.939717,-1.8934008,-1.7573053,-0.79028463,0.84143186,-1.3737832,-0.9206286,-0.0062269196,0.081599414,0.89064234,-1.3977772,-1.8287898,-1.8304318,0.47307965,-0.7325363,1.092283,1.2635036,2.5415554,1.6844952,-0.9965192,-1.4533213,1.4510224,-0.70825684,-1.4976021,-0.4016484,-0.97320193,1.6298828,-1.3530346,-0.99238753
-1.6804863,-0.45280457,0.6813345,-0.9356424,-1.8963219,-1.7492777,-0.7948233,0.84465224,-1.3652686,-0.91825306,0.006023869,0.070138544,0.8819335,-1.3950778,-1.8231899,-1.8140908,0.47590348,-0.7347363,1.0866338,1.2583711,2.5432262,1.6808385,-1.006909,-1.4568624,1.452485,-0.71569824,-1.4984876,-0.42211944,-0.97591245,1.6348001,-1.3539207,-0.9897897
-1.6800617,-0.4651224,0.7160358,-0.96918446,-1.894535,-1.7493118,-0.79024434,0.8567963,-1.391955,-0.88970345,-0.025978267,0.097710624,0.93424326,-1.4155941,-1.8557527,-1.8233789,0.45817718,-0.6931184,1.1129273,1.2636253,2.569564,1.6949733,-0.9603107,-1.4405756,1.455355,-0.71033084,-1.5143039,-0.390546,-1.0050634,1.6178969,-1.3444788,-0.9869181
-1.690345,-0.4868632,0.7164693,-0.97092277,-1.8951608,-1.7412161,-0.77301216,0.851086,-1.4014608,-0.89434433,-0.04106462,0.10752724,0.94217074,-1.4199524,-1.8629019,-1.8305439,0.45276743,-0.68101555,1.1197878,1.2742752,2.578102,1.7094839,-0.9434228,-1.4468033,1.45464,-0.703819,-1.5193639,-0.378667,-0.9996686,1.6043646,-1.3401997,-0.99414164
-1.6841213,-0.49248755,0.7443986,-0.9897668,-1.8874198,-1.7216805,-0.75799716,0.8645261,-1.4062525,-0.8934479,-0.05123423,0.11176737,0.95114875,-1.4280195,-1.8758326,-1.8215703,0.4431464,-0.6655652,1.1213443,1.2917619,2.5878475,1.7110916,-0.9218609,-1.4350189,1.453498,-0.71834636,-1.5213393,-0.3672553,-1.0120082,1.5972558,-1.3316073,-0.9821446
-1.6880386,-0.4967972,0.7288154,-0.9777101,-1.8874098,-1.736057,-0.7702843,0.8554528,-1.4024227,-0.88852656,-0.040057406,0.11103055,0.94246924,-1.4246092,-1.8668153,-1.8182558,0.4503741,-0.6763635,1.1269075,1.2805225,2.5809505,1.7055234,-0.94544613,-1.4420215,1.4618098,-0.7140106,-1.531062,-0.38652092,-1.0093467,1.608026,-1.3396337,-0.9911695
-1.6889184,-0.49814487,0.71061593,-0.96944135,-1.8950707,-1.7441353,-0.7793126,0.84801793,-1.4044098,-0.8808737,-0.036522135,0.11436623,0.94353205,-1.4167628,-1.8648504,-1.8249675,0.45407683,-0.6798882,1.1292967,1.2688037,2.5807104,1.7107886,-0.95357054,-1.451202,1.4635816,-0.69869316,-1.5361588,-0.39450857,-0.9957395,1.6083579,-1.3471881,-1.0077903
-1.6801157,-0.49563992,0.70843226,-0.96456724,-1.8939618,-1.7403303,-0.7888771,0.8492085,-1.3984426,-0.8743818,-0.022761561,0.10671307,0.9322836,-1.4122311,-1.8611959,-1.8179746,0.45680398,-0.68121314,1.1270868,1.2592021,2.5815244,1.7064145,-0.97009736,-1.4548107,1.4629837,-0.70061284,-1.5385288,-0.41288316,-0.9969722,1.6075166,-1.3463264,-1.0052475
-1.685525,-0.48869294,0.7016578,-0.9656554,-1.889465,-1.7462555,-0.794798,0.84499425,-1.3977016,-0.87899584,-0.017787829,0.101860866,0.93116385,-1.4090543,-1.8540035,-1.8209144,0.45617512,-0.69202805,1.128954,1.2606987,2.5762708,1.7007711,-0.98149455,-1.4542198,1.460331,-0.70422375,-1.5354216,-0.41264796,-1.0002092,1.6110233,-1.3475071,-1.0023056
-1.7048591,-0.47847718,0.69083273,-0.94805366,-1.8849398,-1.7439789,-0.77367854,0.8297406,-1.3922676,-0.94044864,-0.019242138,0.0940841,0.8828168,-1.39812,-1.8406221,-1.861066,0.4561797,-0.7337584,1.0906761,1.2910036,2.549294,1.7056339,-0.98370105,-1.4468195,1.448076,-0.7114584,-1.499502,-0.3703266,-0.98102725,1.6031759,-1.3356982,-0.98162913
-1.6977278,-0.4744385,0.6752964,-0.94061804,-1.8968657,-1.7493578,-0.7793399,0.83300626,-1.3842376,-0.9306848,-0.014550984,0.09350169,0.8878909,-1.3944417,-1.8394085,-1.8552028,0.46683127,-0.73134726,1.0898141,1.2744982,2.5474694,1.7045964,-0.985118,-1.4594023,1.4488415,-0.7007396,-1.5002419,-0.3849592,-0.96679735,1.6141018,-1.3461769,-0.99905896
-1.6777632,-0.45868218,0.7072202,-0.97350997,-1.9040402,-1.7505935,-0.79430807,0.85927045,-1.3931743,-0.8821919,-0.02929531,0.1010651,0.9467329,-1.4113053,-1.8567786,-1.8271564,0.45956427,-0.6906229,1.1148767,1.2591792,2.570718,1.6987891,-0.9563612,-1.4443827,1.4544916,-0.7021022,-1.5150466,-0.39019814,-0.99069774,1.6215814,-1.3517303,-1.0028342
-1.6770693,-0.45933974,0.7133399,-0.98217297,-1.8939754,-1.7405162,-0.7984766,0.8586741,-1.3966194,-0.87486,-0.024093024,0.099682495,0.94982654,-1.4059795,-1.8547654,-1.8246518,0.45038477,-0.6884203,1.1278926,1.2599379,2.577016,1.698538,-0.9628647,-1.4410205,1.4512748,-0.70695513,-1.5226661,-0.39745337,-0.99798393,1.608274,-1.3464955,-0.99785495
-1.6769627,-0.46053421,0.72568184,-0.9846835,-1.8814622,-1.7503316,-0.7959279,0.85492414,-1.3914708,-0.87476957,-0.02839768,0.101070836,0.96065813,-1.4187646,-1.8528026,-1.8008193,0.448842,-0.68185335,1.1356584,1.2556031,2.574894,1.6842073,-0.9504845,-1.4310328,1.4541985,-0.71314627,-1.5246966,-0.40445676,-1.0246202,1.6149107,-1.340353,-0.97902364
-1.6804559,-0.46920097,0.73667836,-0.97545433,-1.8850856,-1.7398642,-0.77402914,0.8599469,-1.3869038,-0.89646566,-0.03576605,0.09583373,0.9422884,-1.427978,-1.8553445,-1.804325,0.45285025,-0.67961365,1.1185364,1.2693325,2.573414,1.6907775,-0.9383052,-1.4327328,1.4528984,-0.7218269,-1.5123947,-0.38980663,-1.0216011,1.6123044,-1.3339767,-0.96891266
-1.6831595,-0.46614796,0.7226901,-0.9770731,-1.8938597,-1.7409416,-0.7803072,0.85754293,-1.3959429,-0.8941483,-0.03362906,0.098700926,0.9436711,-1.4182044,-1.8594791,-1.8246939,0.4509667,-0.6864609,1.1168221,1.2704185,2.5764275,1.7018769,-0.9445363,-1.4403305,1.4482808,-0.7122007,-1.5127516,-0.38372928,-1.0054762,1.6094645,-1.3395586,-0.98551977
-1.6807711,-0.46212363,0.7325107,-0.9837393,-1.8907927,-1.731909,-0.7807293,0.8612222,-1.3952308,-0.89317876,-0.033414453,0.09494674,0.94490916,-1.4164814,-1.8581713,-1.8201076,0.44667447,-0.6846923,1.1193886,1.2738141,2.5795248,1.7012188,-0.9440482,-1.4348038,1.4482472,-0.7185853,-1.5126026,-0.3837433,-1.0107979,1.6034356,-1.3368254,-0.9785664
-1.6717633,-0.45747012,0.74321467,-0.986862,-1.8846599,-1.7331339,-0.77906775,0.86812395,-1.3942358,-0.8858625,-0.037926868,0.10006575,0.95367086,-1.4194474,-1.8612804,-1.8085579,0.44556677,-0.6800708,1.1192975,1.2729248,2.5750449,1.6915078,-0.9322551,-1.4227135,1.4501185,-0.71773905,-1.5093207,-0.3781368,-1.0174212,1.607176,-1.3361374,-0.97133774
-1.6747779,-0.45466018,0.74355626,-0.991679,-1.8766856,-1.7335027,-0.78759325,0.85919166,-1.4075879,-0.88227504,-0.037854373,0.10686612,0.9544061,-1.4136639,-1.8610531,-1.8230604,0.4350202,-0.682854,1.1262734,1.2754147,2.5754693,1.6958804,-0.9356691,-1.4110723,1.4493495,-0.71440727,-1.5179508,-0.3685812,-1.022205,1.596287,-1.3303026,-0.96928596
-1.6688116,-0.47108144,0.7226706,-0.9774048,-1.8859019,-1.7404826,-0.80166864,0.8566707,-1.4012543,-0.8640632,-0.019372374,0.10633342,0.94163436,-1.405143,-1.8608649,-1.8125883,0.44802794,-0.6871542,1.1288264,1.2586567,2.579441,1.6955227,-0.9686998,-1.4336442,1.461466,-0.7026521,-1.5345812,-0.4080215,-1.0081471,1.6060331,-1.3469368,-0.99267405
-1.6774943,-0.46977174,0.7105876,-0.96673787,-1.8962508,-1.7442781,-0.7945837,0.85303557,-1.3976774,-0.881576,-0.018365778,0.10141778,0.9281568,-1.4038591,-1.8570832,-1.8232646,0.4550515,-0.6996544,1.1162726,1.2605655,2.5754378,1.7025871,-0.9705364,-1.4466093,1.4578587,-0.70366514,-1.5275741,-0.40769583,-0.9914076,1.6126479,-1.3515286,-1.0018674
-1.6828706,-0.48630017,0.6996646,-0.96054953,-1.8985966,-1.7428656,-0.79051554,0.8509369,-1.4017655,-0.8753142,-0.026219383,0.11065313,0.9290861,-1.4000683,-1.8596891,-1.8387492,0.45794967,-0.6946811,1.1219991,1.2594056,2.5736334,1.7112051,-0.9695769,-1.4535817,1.4610751,-0.6928742,-1.5296934,-0.394276,-0.9789384,1.603999,-1.352967,-1.0147673
-1.6730467,-0.47222662,0.7132233,-0.96879137,-1.8944255,-1.7458398,-0.797701,0.8578249,-1.3884774,-0.8732355,-0.018156022,0.09967284,0.93523115,-1.4088416,-1.8552119,-1.8076766,0.4590236,-0.6918917,1.1213843,1.254864,2.5748591,1.6923609,-0.9716789,-1.4452789,1.4638532,-0.70543814,-1.5271858,-0.41414574,-1.0044737,1.6179584,-1.3523177,-0.9946985
-1.6705822,-0.45578134,0.7252856,-0.9827677,-1.8932413,-1.7377385,-0.79683065,0.86282265,-1.3922832,-0.8734715,-0.02111572,0.09508048,0.9498748,-1.410888,-1.8562347,-1.8077009,0.45002764,-0.68570805,1.1261196,1.2594036,2.579598,1.694926,-0.9590393,-1.4373188,1.4541625,-0.71466714,-1.5255494,-0.40887865,-1.0062554,1.6140261,-1.3461183,-0.99170697
-1.67366,-0.48213696,0.6994802,-0.9676242,-1.8942021,-1.7559268,-0.8000164,0.85423785,-1.3871615,-0.86219597,-0.017535858,0.10455847,0.9477976,-1.4131265,-1.8553644,-1.7961235,0.46392265,-0.68690574,1.1299304,1.249722,2.573158,1.6871141,-0.9765915,-1.453308,1.4692408,-0.7008057,-1.5372806,-0.42653507,-1.0011098,1.6333578,-1.3598912,-1.0100454
-1.667496,-0.41868305,0.73047036,-0.9959989,-1.8594084,-1.7298714,-0.8316541,0.82370496,-1.4363405,-0.8457948,-0.02920562,0.121074244,0.9743834,-1.372716,-1.8310015,-1.8284562,0.41072184,-0.6943648,1.1552726,1.2558994,2.5750318,1.6963626,-0.9569372,-1.375219,1.4547725,-0.6875055,-1.5497854,-0.3838346,-1.0058417,1.5652714,-1.3293866,-0.98367053
-1.6733341,-0.4302963,0.7004245,-0.9836555,-1.8691293,-1.7515398,-0.83267486,0.81582797,-1.431281,-0.84486866,-0.027759433,0.12559879,0.9776625,-1.3762952,-1.8268232,-1.8264848,0.4249981,-0.6990451,1.1565096,1.2427408,2.5672882,1.6944824,-0.96666443,-1.3966656,1.4572612,-0.6761964,-1.5562714,-0.4018649,-0.9867053,1.5889703,-1.3450168,-1.0088092
-1.658408,-0.41694462,0.6942248,-0.9681354,-1.8730634,-1.7393258,-0.8418977,0.80880654,-1.4268181,-0.8314275,-0.022121347,0.11918691,0.9766455,-1.3608867,-1.8094858,-1.810978,0.4237371,-0.69573826,1.1576803,1.2243344,2.564837,1.6945904,-0.970603,-1.389972,1.4597913,-0.66239995,-1.560594,-0.42190337,-0.96587586,1.5798683,-1.3478785,-1.0180213
-1.6474617,-0.38802227,0.72305405,-0.99567705,-1.8565456,-1.7244304,-0.8474722,0.81882006,-1.4354122,-0.82887864,-0.028303474,0.12392388,0.98320365,-1.3533528,-1.8166889,-1.8207204,0.40457898,-0.6981141,1.1511593,1.242384,2.5636532,1.6881822,-0.9525418,-1.3553905,1.4531251,-0.67310995,-1.5455576,-0.38613755,-0.98966944,1.5590059,-1.3302352,-0.98687595
-1.665648,-0.4195643,0.7072879,-0.9970618,-1.8549942,-1.7436085,-0.8417125,0.81751907,-1.4440254,-0.83815277,-0.028372169,0.13511454,0.9737948,-1.3594217,-1.8323582,-1.8466854,0.41211396,-0.70727897,1.1548225,1.2524697,2.5645344,1.693062,-0.96870714,-1.3763454,1.4530289,-0.6697798,-1.551118,-0.3758788,-0.98747945,1.5666834,-1.3407443,-0.9994375
-1.6759013,-0.41817492,0.74255776,-0.9936003,-1.8621837,-1.7142875,-0.80944955,0.8215834,-1.4413866,-0.85778147,-0.04629761,0.116121665,0.9811294,-1.3805165,-1.8262796,-1.8300313,0.4037146,-0.6835508,1.1591182,1.2627561,2.57931,1.7093992,-0.92880476,-1.3735741,1.4453475,-0.6976721,-1.5439072,-0.36650988,-0.99563223,1.5524828,-1.3194178,-0.9838522
-1.6709067,-0.4281159,0.7345302,-0.9838262,-1.8763545,-1.7070905,-0.8131156,0.82235366,-1.4341847,-0.8426966,-0.04095632,0.11546144,0.9859362,-1.376094,-1.8227335,-1.8170624,0.40858057,-0.6723997,1.1654838,1.2501078,2.5879657,1.7169497,-0.9341291,-1.3865919,1.4572257,-0.6882161,-1.5562614,-0.39304483,-0.9845404,1.5513226,-1.3257768,-1.000823
-1.6634395,-0.4320969,0.71561456,-0.9865611,-1.8710787,-1.7237301,-0.8278303,0.8308194,-1.4289095,-0.83165234,-0.02772981,0.124557704,0.9728709,-1.3612002,-1.8306489,-1.825784,0.4181444,-0.6952118,1.1605186,1.250447,2.5757055,1.7019182,-0.9644272,-1.3925186,1.4634241,-0.6787637,-1.5555942,-0.3976296,-0.9725979,1.564922,-1.3474545,-1.0118579
-1.6702526,-0.43630266,0.71516323,-0.99599725,-1.867092,-1.7388296,-0.82299435,0.8319893,-1.4390808,-0.8417036,-0.04325676,0.13818133,0.9743788,-1.3721887,-1.8429977,-1.8505942,0.41864184,-0.69720423,1.1502966,1.261935,2.564983,1.6997002,-0.9525919,-1.3850447,1.4597973,-0.67860967,-1.5444671,-0.35586658,-0.98351514,1.5722916,-1.3408356,-1.002126
-1.684275,-0.45843047,0.68557847,-0.984434,-1.8728753,-1.7426488,-0.81696606,0.8089732,-1.4557713,-0.84199065,-0.0563073,0.15043256,0.98542446,-1.3685396,-1.8413528,-1.8717043,0.42301217,-0.6855269,1.1570542,1.2544552,2.5638514,1.7215142,-0.9472771,-1.4032242,1.455218,-0.6491038,-1.5527291,-0.34337315,-0.96220183,1.5609585,-1.3402139,-1.0311229
-1.6750957,-0.43815166,0.70884156,-0.9909157,-1.8643565,-1.7296687,-0.82143414,0.81115544,-1.4549974,-0.8388322,-0.046066687,0.1405072,0.98710436,-1.3660796,-1.8333827,-1.8482506,0.40818104,-0.6882565,1.1644047,1.2566292,2.574056,1.715773,-0.94558394,-1.3858997,1.4535676,-0.66525733,-1.5581931,-0.36694673,-0.9728108,1.5530467,-1.3358649,-1.0163721
-1.6537919,-0.430789,0.70664483,-0.98321533,-1.8597273,-1.7346059,-0.84719396,0.8087078,-1.4492809,-0.8079468,-0.02650924,0.14496106,0.9813693,-1.3526163,-1.827948,-1.8261931,0.41365904,-0.6895372,1.1663052,1.2295786,2.5728083,1.7013482,-0.96730345,-1.3789293,1.4655681,-0.65401316,-1.5747718,-0.40554622,-0.97638303,1.5571617,-1.3422316,-1.0173068
-1.6688211,-0.41830373,0.70404273,-0.9838336,-1.8598878,-1.7524139,-0.8409536,0.80293196,-1.447146,-0.8405435,-0.034338623,0.13551371,0.97452617,-1.3674421,-1.8250804,-1.841128,0.4158938,-0.70087355,1.1501411,1.2376468,2.5628445,1.6984695,-0.9575901,-1.3759692,1.452072,-0.66262394,-1.5538054,-0.3809295,-0.9909834,1.571381,-1.335264,-1.0002136
-1.6759201,-0.42211187,0.71720177,-0.9917242,-1.8580159,-1.7466239,-0.8232062,0.8121535,-1.4431504,-0.8546604,-0.045272037,0.1313191,0.979201,-1.3785559,-1.8312709,-1.8391117,0.40965506,-0.6976879,1.153349,1.2543926,2.5635722,1.6988341,-0.9389462,-1.3742138,1.4486812,-0.67545354,-1.54354,-0.3624953,-0.99879164,1.569907,-1.3304626,-0.9902004
-1.6689374,-0.42952907,0.7043118,-0.9874832,-1.8670477,-1.7463589,-0.83261883,0.8132262,-1.4410193,-0.83461493,-0.039262563,0.1356125,0.987683,-1.3715494,-1.8284106,-1.830694,0.4175496,-0.69138014,1.1612611,1.2408351,2.5677865,1.6990553,-0.9531123,-1.3866653,1.457579,-0.6652057,-1.5561131,-0.38611954,-0.98181164,1.5740536,-1.3425764,-1.0111641
-1.6504377,-0.41526002,0.721275,-0.9893488,-1.8627335,-1.7155402,-0.84555614,0.81376636,-1.4397824,-0.8024053,-0.027582303,0.13013658,1.0011265,-1.3538078,-1.8167641,-1.8041804,0.41284382,-0.67495626,1.1768638,1.2246796,2.5848188,1.6958154,-0.96033996,-1.377707,1.4634504,-0.66906255,-1.5725259,-0.4195823,-0.98067474,1.5496887,-1.3350536,-1.0086508
-1.6609327,-0.4441238,0.6908797,-0.97655964,-1.8699778,-1.7289736,-0.84022105,0.8139259,-1.4407076,-0.8208975,-0.018143535,0.13756712,0.96981466,-1.3490642,-1.83067,-1.8374217,0.42099267,-0.6935315,1.1630815,1.2377056,2.5756512,1.7109052,-0.98056704,-1.4001597,1.4645582,-0.6510023,-1.5737969,-0.4114199,-0.961498,1.5598875,-1.349321,-1.0317461
-1.6811584,-0.43782926,0.7050918,-0.98804885,-1.8665458,-1.7419112,-0.816833,0.8123777,-1.4441624,-0.8659069,-0.036971077,0.13153377,0.96532816,-1.3761957,-1.8392348,-1.8547906,0.4130078,-0.69973975,1.1451558,1.2651168,2.5702252,1.7139814,-0.950191,-1.3915318,1.4475552,-0.67260665,-1.5482876,-0.36877313,-0.9871953,1.5691011,-1.3325174,-1.0033618
-1.6801935,-0.4387946,0.71282065,-0.9830751,-1.8701482,-1.7299085,-0.8151064,0.81383663,-1.4444796,-0.85832167,-0.037006214,0.12775043,0.9669148,-1.3733943,-1.8334717,-1.8477354,0.41272885,-0.694188,1.1536621,1.259027,2.5778112,1.7195047,-0.9491009,-1.3937875,1.4505863,-0.6763578,-1.554763,-0.3787605,-0.97824633,1.5600902,-1.3339013,-1.0092831
-1.6623473,-0.44355178,0.6957093,-0.97186315,-1.8724527,-1.737285,-0.8348783,0.8182506,-1.4371554,-0.8248993,-0.025774494,0.13908786,0.96274304,-1.3539975,-1.8315243,-1.8373426,0.42477027,-0.70088047,1.1569958,1.2382171,2.5675144,1.7069174,-0.97292984,-1.3962836,1.467701,-0.6566155,-1.5669614,-0.40074363,-0.95708966,1.5688251,-1.3550135,-1.0300747
-1.6620069,-0.41469723,0.745525,-1.0032419,-1.8541008,-1.7228091,-0.825171,0.83100337,-1.4344075,-0.8411114,-0.0318166,0.124192104,0.9801928,-1.3739762,-1.8339069,-1.8158555,0.4081498,-0.69227856,1.158718,1.2582922,2.5764945,1.6913986,-0.94526535,-1.3699787,1.4547155,-0.6993281,-1.5513402,-0.38752156,-1.0092709,1.5646169,-1.3275926,-0.97791094
-1.6785818,-0.42706215,0.70960695,-0.98854893,-1.8670979,-1.753167,-0.8244612,0.8230405,-1.430502,-0.8652537,-0.028283745,0.12072407,0.96385694,-1.3812237,-1.8357652,-1.8400378,0.4225176,-0.7100878,1.1442254,1.2591778,2.5653,1.6955066,-0.96262354,-1.39442,1.4498444,-0.68665713,-1.5418599,-0.38312078,-0.99502367,1.589738,-1.3417974,-0.9956493
-1.6726351,-0.43493813,0.6964617,-0.97280544,-1.8801906,-1.7464706,-0.82464504,0.8198674,-1.4277316,-0.8531724,-0.02973114,0.12307951,0.96413505,-1.3710529,-1.8303486,-1.834092,0.4261963,-0.70371974,1.1469146,1.2471956,2.5666902,1.7057506,-0.9624085,-1.4022145,1.4584359,-0.6671703,-1.54922,-0.39587772,-0.9691306,1.5840719,-1.3519118,-1.0185766
-1.6676413,-0.42943513,0.7142324,-0.9694135,-1.87651,-1.7298341,-0.82318246,0.8183396,-1.4242065,-0.8488088,-0.0293262,0.11468135,0.9609939,-1.3665576,-1.8185165,-1.811857,0.41975778,-0.7026875,1.1512647,1.2490203,2.5697484,1.7045722,-0.9612447,-1.3898827,1.4668188,-0.67769,-1.5546225,-0.40999112,-0.96845263,1.5752002,-1.3490883,-1.0105512
-1.6755233,-0.42793918,0.70494443,-0.96172166,-1.8574768,-1.7292314,-0.8254405,0.80863917,-1.4236114,-0.8800333,-0.011405252,0.10623117,0.9144011,-1.3520248,-1.8130684,-1.842309,0.41330907,-0.73519146,1.1343055,1.2681364,2.5532825,1.7028695,-0.98767436,-1.3807125,1.4566567,-0.6826258,-1.5467777,-0.39605495,-0.96789557,1.5653732,-1.3405964,-0.9952846
-1.679646,-0.4160567,0.7137397,-0.97921574,-1.8563017,-1.7213064,-0.82137764,0.81317365,-1.4289078,-0.887405,-0.018987007,0.103826806,0.928988,-1.3571105,-1.8180335,-1.8558114,0.40523455,-0.7265478,1.1352144,1.276616,2.5620172,1.708696,-0.971745,-1.376982,1.4429787,-0.68995804,-1.53566,-0.37480873,-0.98141116,1.5542173,-1.3285311,-0.9838193
-1.6598516,-0.3874191,0.7244524,-0.99643105,-1.863446,-1.7475979,-0.84092855,0.82097024,-1.430599,-0.84433156,-0.037366107,0.12049511,0.9893501,-1.3715271,-1.8225533,-1.8184195,0.41777432,-0.702551,1.1430633,1.241243,2.561855,1.6814395,-0.94168663,-1.365911,1.4493471,-0.68061215,-1.5308706,-0.37929964,-1.0041692,1.5815551,-1.3338726,-0.9803159
-1.66111,-0.39191124,0.7476205,-0.99938244,-1.8609172,-1.7232274,-0.8225639,0.82980776,-1.4355528,-0.8497191,-0.042141676,0.11825122,0.98463506,-1.3741149,-1.8276638,-1.8219146,0.40727744,-0.6935098,1.1464062,1.2540591,2.5715582,1.6933595,-0.9249631,-1.3612666,1.4440737,-0.69649124,-1.5327301,-0.36703375,-1.0020618,1.5630983,-1.3238884,-0.97426826
-1.6696221,-0.43004668,0.7173573,-0.98709816,-1.8657969,-1.7160064,-0.8228005,0.81812555,-1.4429098,-0.84199744,-0.034445167,0.12877536,0.9724195,-1.3601677,-1.829118,-1.843278,0.40540534,-0.69067603,1.1621561,1.2560349,2.5779839,1.7163142,-0.9498032,-1.3822222,1.4541974,-0.6726814,-1.5577312,-0.37896818,-0.97536653,1.5460713,-1.3323675,-1.0074706
-1.6797438,-0.41773605,0.7045131,-0.9702885,-1.8510338,-1.7222037,-0.8230548,0.8027612,-1.4268873,-0.8835628,-0.02334097,0.10630292,0.93031406,-1.3468212,-1.8065275,-1.8509458,0.40155917,-0.7291526,1.146493,1.2657714,2.556041,1.7070773,-0.9694235,-1.3738749,1.4437375,-0.67589986,-1.5392644,-0.37984157,-0.9694343,1.5438236,-1.3334864,-0.99018943
