0,1,2,3,4,5,6,7,8,9,10,11,12,13,14,15,16,17,18,19,20,21,22,23,24,25,26,27,28,29,30,31
2.3895512,-2.184124,-2.0875888,2.1605535,0.0026611865,1.3765775,-0.7214676,-1.8092222,0.051487304,0.9876593,1.9618435,0.90310305,-0.34235007,1.3958117,-1.44924,1.4201167,3.127124,0.45257157,1.4279335,-1.5482912,-1.8996643,1.379063,-1.5976543,-2.3175187,1.5678046,3.0147781,-1.2812759,-2.9996343,2.5084655,0.90987766,-0.49200684,-2.3802762
2.3771024,-2.2354558,-2.0956767,2.1360364,-0.017358398,1.3675466,-0.7175422,-1.8353668,0.012025356,1.0124686,1.9688276,0.94040805,-0.31712565,1.3684007,-1.4803364,1.3961599,3.116934,0.46677065,1.4713463,-1.5354873,-1.8914692,1.4311194,-1.5967113,-2.3369782,1.6112702,3.0507317,-1.3275961,-3.0216641,2.5479045,0.93350303,-0.518135,-2.4265347
2.347427,-2.3023913,-2.0882757,2.0796423,-0.043551367,1.3543762,-0.7082388,-1.8614172,-0.050724458,1.0548317,1.978117,0.9886262,-0.2716798,1.3243786,-1.5265477,1.3567613,3.0859363,0.49021545,1.5392349,-1.4921299,-1.8728521,1.5000095,-1.5831573,-2.3541238,1.6828306,3.0829132,-1.3851154,-3.0405107,2.594338,0.9615308,-0.545122,-2.4870896
2.3704689,-2.2617908,-2.0934308,2.1173217,-0.020606767,1.3704038,-0.7123965,-1.8489857,-0.010997009,1.0318602,1.9751518,0.9572679,-0.30170727,1.3589896,-1.4938424,1.3870406,3.1066833,0.47682744,1.4977129,-1.5204167,-1.8957517,1.4556916,-1.5899314,-2.336657,1.6407627,3.06694,-1.3451517,-3.026855,2.568173,0.940077,-0.524371,-2.4465213
2.395614,-2.1888783,-2.0812237,2.1500833,0.01773947,1.3877792,-0.7032431,-1.8240999,0.03505869,1.0063988,1.9609356,0.919438,-0.33015028,1.3970844,-1.4540559,1.4322991,3.1157978,0.4657166,1.4529727,-1.5461895,-1.9176719,1.3913448,-1.581448,-2.3135688,1.5849435,3.031526,-1.2843605,-2.9995093,2.5340357,0.90031767,-0.48245472,-2.3876023
2.3743124,-2.2047954,-2.0592506,2.106277,0.005094004,1.3838413,-0.6839037,-1.8295803,0.002457428,1.0242205,1.9515501,0.9439948,-0.30325085,1.3680328,-1.4760844,1.4223261,3.0902228,0.48181504,1.4847332,-1.5172364,-1.8996458,1.4244518,-1.5596224,-2.3093555,1.6234022,3.0306468,-1.3127978,-2.9921908,2.549371,0.90706146,-0.4847966,-2.403738
2.3808844,-2.2149944,-2.0644786,2.1084924,0.0047855377,1.391502,-0.6871866,-1.8417466,0.002493906,1.028434,1.95611,0.95335215,-0.30815426,1.3717492,-1.4775407,1.4217896,3.0931501,0.48174453,1.4874882,-1.519654,-1.9066048,1.4303236,-1.5630262,-2.306334,1.6261755,3.0435767,-1.3212343,-2.9974113,2.5583758,0.9066328,-0.48412007,-2.4106872
2.3865669,-2.1812053,-2.0479603,2.10304,0.023674453,1.4036015,-0.6709314,-1.832127,0.009102201,1.0372716,1.9426544,0.9525193,-0.30734974,1.3790781,-1.4675238,1.4437408,3.081801,0.484018,1.4791034,-1.5162294,-1.9126613,1.4100212,-1.5506318,-2.2863941,1.6146625,3.030205,-1.3003794,-2.9781108,2.552026,0.8826879,-0.45405707,-2.38284
2.3537312,-2.3139412,-2.1388767,2.1489968,-0.07744406,1.326163,-0.77060014,-1.8596404,-0.01604023,0.9898135,1.9965435,0.94923097,-0.30969006,1.3306146,-1.5053307,1.3245529,3.1413534,0.46190882,1.4828118,-1.5407645,-1.84438,1.4854944,-1.6466382,-2.3918233,1.640035,3.0824401,-1.3841711,-3.0832534,2.5632567,0.9912165,-0.5889813,-2.4856563
2.294397,-2.3785896,-2.114211,2.067308,-0.11591171,1.2994149,-0.74145645,-1.8749039,-0.106758974,1.0297501,1.9910177,0.99179345,-0.2522781,1.2601035,-1.565526,1.274059,3.095429,0.49169087,1.5607849,-1.484112,-1.807229,1.5785806,-1.611008,-2.415485,1.7239864,3.0948925,-1.4573863,-3.0784183,2.6010098,1.0301797,-0.6320236,-2.5546489
2.293034,-2.3877816,-2.1401203,2.0911596,-0.13616957,1.2729514,-0.77136564,-1.8575169,-0.08289728,1.0126951,2.0030565,0.9806654,-0.261791,1.2630178,-1.5655195,1.2526952,3.1162682,0.47212833,1.5406421,-1.4941708,-1.7857748,1.5638139,-1.6461201,-2.4398677,1.7040409,3.092413,-1.45662,-3.1004977,2.5830026,1.0533186,-0.6580044,-2.56175
2.3060231,-2.4239988,-2.2190604,2.1859071,-0.17636251,1.2383475,-0.8652698,-1.8564447,-0.028030062,0.944545,2.043632,0.9335227,-0.31204948,1.2847949,-1.5413433,1.2040434,3.1928105,0.4288301,1.476228,-1.5497507,-1.7638022,1.5343196,-1.7403284,-2.4921904,1.648278,3.1066463,-1.4492553,-3.1655302,2.5463917,1.0990032,-0.7191555,-2.5717874
2.314391,-2.280938,-2.0450106,2.0199106,-0.046093814,1.3484026,-0.66562825,-1.842663,-0.08125989,1.0838162,1.9476535,1.0072281,-0.23993926,1.2951312,-1.5453023,1.3645476,3.0448112,0.50584596,1.5634565,-1.4534578,-1.8504416,1.513189,-1.5439789,-2.340325,1.708965,3.0523093,-1.3936609,-3.0015724,2.5918593,0.9510557,-0.5298969,-2.4787076
2.3374858,-2.3669555,-2.1793015,2.1729605,-0.123415485,1.2860363,-0.81973237,-1.8518126,-0.00031108857,0.97260034,2.024663,0.93864787,-0.3183547,1.3214228,-1.5193987,1.2732708,3.1712804,0.43834728,1.4775133,-1.5469804,-1.8150585,1.4934075,-1.6940492,-2.442384,1.6335472,3.0929046,-1.4037985,-3.123557,2.5510323,1.0422596,-0.65072495,-2.528393
2.3344045,-2.3654065,-2.1879816,2.1898456,-0.11690345,1.2821656,-0.8243922,-1.8571926,-0.008913184,0.9622426,2.0259182,0.9221223,-0.32092148,1.3240436,-1.5183116,1.2696866,3.181527,0.4373477,1.4716803,-1.5582857,-1.822154,1.4944621,-1.6967341,-2.452653,1.6239421,3.0946746,-1.3963635,-3.1234689,2.5453422,1.0434697,-0.65883017,-2.5282588
2.346773,-2.317268,-2.1500509,2.1652813,-0.0738345,1.3174287,-0.77174884,-1.8520069,-0.011915445,0.98862123,1.9990318,0.9282258,-0.31617054,1.3415165,-1.5097284,1.3240126,3.1542065,0.4517823,1.4786531,-1.5506802,-1.8604084,1.4776303,-1.6475322,-2.4117193,1.6219326,3.0800993,-1.3720121,-3.0744512,2.5505242,1.0018114,-0.60963285,-2.494801
2.368293,-2.2806067,-2.1122055,2.1301804,-0.025380587,1.3611706,-0.7210339,-1.8584754,-0.016984891,1.0317922,1.9801489,0.9579546,-0.30403042,1.3605056,-1.5041908,1.3759507,3.1176465,0.47356755,1.5019057,-1.5298803,-1.8992306,1.4637678,-1.6012436,-2.359637,1.6361812,3.0822282,-1.354783,-3.0371025,2.5739534,0.9519761,-0.5459536,-2.4668345
2.3626022,-2.2156544,-2.050202,2.074987,0.0113746105,1.3855082,-0.66129744,-1.8357702,-0.02820604,1.0601523,1.9445035,0.97175634,-0.28082886,1.3546338,-1.4986831,1.4194654,3.0681283,0.49550074,1.5156361,-1.4938085,-1.9032323,1.4439045,-1.5422497,-2.3090203,1.6457602,3.0425498,-1.3294579,-2.9821143,2.5686498,0.9045636,-0.4799735,-2.4222722
2.3792145,-2.1751194,-2.044609,2.094479,0.037626367,1.3986032,-0.6533891,-1.8237966,-0.0010809898,1.050164,1.9380013,0.9530444,-0.2949705,1.381263,-1.4762344,1.4483749,3.0736067,0.48958674,1.4931833,-1.5095783,-1.9205189,1.406671,-1.5371063,-2.2955294,1.6154019,3.027277,-1.2930571,-2.9674916,2.5541065,0.878757,-0.4555916,-2.3890266
2.361589,-2.2155423,-2.0626063,2.093627,-0.0003430128,1.3726599,-0.68167764,-1.8262306,-0.011519909,1.0438681,1.9523073,0.9574253,-0.2868465,1.357369,-1.4908061,1.4084549,3.0828066,0.48400217,1.4972621,-1.5034542,-1.8878219,1.4331074,-1.5641654,-2.3203533,1.6342726,3.0365624,-1.3219427,-2.9967926,2.5555763,0.91272134,-0.49274215,-2.4171653
2.3474705,-2.332683,-2.1636949,2.1685436,-0.08231779,1.3060328,-0.78958666,-1.8553467,-0.016196202,0.9862567,2.011834,0.93684167,-0.31103015,1.3348937,-1.5109028,1.304603,3.1562622,0.4527193,1.4816835,-1.5467175,-1.8446022,1.4836521,-1.6664932,-2.4164429,1.6330583,3.0909615,-1.3826954,-3.0981584,2.5571663,1.0107998,-0.6148486,-2.5041318
2.310188,-2.471417,-2.237399,2.1806483,-0.16419989,1.2451149,-0.861973,-1.8982923,-0.0723572,0.97073394,2.0573325,0.95797443,-0.29848915,1.2815175,-1.5608237,1.1941742,3.185502,0.4476419,1.5192873,-1.5485774,-1.7937784,1.5765082,-1.7327993,-2.5023558,1.6832988,3.1540082,-1.4770943,-3.1803596,2.592431,1.1072241,-0.7317483,-2.6123633
2.3257706,-2.4117596,-2.1861207,2.1512399,-0.12431915,1.2875888,-0.8096178,-1.8914411,-0.067349695,0.9927276,2.0277715,0.96574575,-0.29385346,1.2962182,-1.5447944,1.2531396,3.1553917,0.4627215,1.5183737,-1.5368488,-1.8206791,1.5549043,-1.6834466,-2.447548,1.683973,3.1312382,-1.4505907,-3.1330304,2.5937529,1.057134,-0.66830367,-2.5650105
2.3564212,-2.2914033,-2.1065123,2.1100109,-0.036945708,1.3491693,-0.71422684,-1.8617518,-0.040097497,1.0329403,1.974897,0.97181416,-0.28384924,1.3381436,-1.5168822,1.3652847,3.1061726,0.48489055,1.5221192,-1.5213003,-1.8786815,1.4886894,-1.594769,-2.3660302,1.661534,3.084315,-1.3767682,-3.0432897,2.587607,0.96162146,-0.55448085,-2.4785666
2.3495178,-2.263248,-2.069953,2.0800436,-0.018412823,1.3667792,-0.6759256,-1.8522708,-0.05414722,1.0494922,1.9564193,0.9717104,-0.27447852,1.3324655,-1.5143379,1.3905232,3.0783377,0.4964415,1.5331901,-1.5043507,-1.8932772,1.4892385,-1.5537789,-2.339259,1.6704851,3.065525,-1.3659977,-3.0064797,2.5872073,0.94345266,-0.52681077,-2.4619052
2.343267,-2.3622413,-2.1471143,2.1313493,-0.08615734,1.3207957,-0.7650933,-1.8798164,-0.054490425,1.0104359,2.0103505,0.9659209,-0.29408002,1.3134553,-1.530541,1.3036102,3.1331375,0.47330254,1.52437,-1.5276691,-1.8561627,1.530835,-1.6371139,-2.407313,1.6753223,3.1125877,-1.4164245,-3.092139,2.5925298,1.0151346,-0.617082,-2.5300708
2.3527496,-2.4018683,-2.2188962,2.213212,-0.12755677,1.2862375,-0.8523592,-1.8790938,-0.0010110378,0.953526,2.0486026,0.92882234,-0.33743924,1.3319795,-1.5162334,1.2552491,3.2015254,0.4317313,1.4715827,-1.574783,-1.8328491,1.5064197,-1.7222258,-2.4616075,1.6254282,3.126532,-1.4133072,-3.1537812,2.561252,1.0597082,-0.6764094,-2.5497339
2.3782125,-2.2360764,-2.0874841,2.1281862,-0.0018456519,1.3770244,-0.7073308,-1.8433936,0.0030398369,1.0273308,1.969093,0.94470197,-0.30916762,1.3769162,-1.4862937,1.4037693,3.1084104,0.47277945,1.4865392,-1.5257645,-1.9084625,1.4301914,-1.5837628,-2.3333747,1.6176361,3.0561957,-1.3204834,-3.0151105,2.5568967,0.9219033,-0.5082275,-2.4293218
2.3872736,-2.3289275,-2.207064,2.2408042,-0.06967628,1.3135734,-0.8311647,-1.8686701,0.032273673,0.9483863,2.0294354,0.9100959,-0.34880584,1.3793045,-1.4786379,1.3169601,3.2041805,0.43354854,1.4436197,-1.6014026,-1.8685614,1.4455129,-1.70854,-2.4278502,1.5883793,3.108885,-1.3539875,-3.128515,2.5506496,1.0045979,-0.6186187,-2.486555
2.3778598,-2.2347045,-2.088306,2.1245303,-0.002392125,1.3711288,-0.7033588,-1.8404598,-0.0009982586,1.0266085,1.9679772,0.9490059,-0.30225283,1.369802,-1.4860619,1.4030794,3.1068864,0.4778134,1.4932516,-1.5275915,-1.9017426,1.4338173,-1.5824709,-2.3366206,1.6233032,3.0567334,-1.3235334,-3.0189855,2.5615547,0.9235942,-0.51031893,-2.4297957
2.1327286,-2.7225976,-2.6439934,2.6533058,-0.4903751,0.92092216,-1.3515903,-1.8575401,0.039635323,0.6019715,2.2352452,0.67577106,-0.50451875,1.2237697,-1.4825985,0.8327147,3.5324707,0.21162787,1.2617873,-1.8020302,-1.5187147,1.5477638,-2.2840514,-2.9127207,1.4500868,3.1894383,-1.5068213,-3.4878826,2.3808198,1.5131385,-1.1771134,-2.7237473
2.113316,-2.8266716,-2.636833,2.5568173,-0.4815944,0.9215382,-1.300353,-1.9239794,-0.06307392,0.71025056,2.2401152,0.7912145,-0.4306992,1.1898179,-1.5639335,0.80089587,3.4743748,0.2806098,1.3844868,-1.7340572,-1.5366654,1.647213,-2.2231314,-2.9152508,1.5725482,3.2613854,-1.6045631,-3.4928308,2.4812891,1.5157589,-1.1967757,-2.8316512
2.2728052,-2.6760223,-2.6071982,2.64013,-0.32308486,1.0489736,-1.2454804,-1.9461157,0.0574316,0.72354,2.2317004,0.7556696,-0.5013178,1.3543646,-1.4630518,1.0039455,3.5106392,0.28089097,1.3215717,-1.8344177,-1.7139947,1.5053236,-2.1740031,-2.804496,1.4779396,3.2711835,-1.4562813,-3.446849,2.4907746,1.3620675,-1.0442959,-2.6978831
2.3916554,-2.4980092,-2.6214912,2.7990282,-0.2185669,1.1152128,-1.2790234,-1.9106334,0.21610323,0.6396247,2.2367597,0.6319531,-0.6284246,1.5191228,-1.3248692,1.1565429,3.5862288,0.22233164,1.1718152,-1.9674587,-1.8225281,1.3157259,-2.2149415,-2.7545314,1.3041064,3.2231758,-1.274008,-3.419168,2.4164913,1.2554599,-0.9388183,-2.5350285
2.3507354,-2.4456038,-2.642909,2.8444674,-0.2793843,1.056458,-1.3431454,-1.8368965,0.25555474,0.532618,2.2265134,0.5356681,-0.66103375,1.482082,-1.2912114,1.1024746,3.627845,0.16417606,1.083121,-1.9965891,-1.7281609,1.277737,-2.2803664,-2.7985759,1.2298013,3.1367335,-1.2383587,-3.4224257,2.3124192,1.3047335,-0.9892231,-2.4843318
2.4214387,-2.388317,-2.6860926,2.9553168,-0.22498068,1.074889,-1.3944069,-1.8447307,0.34459966,0.49407107,2.2528732,0.4906671,-0.7482886,1.594699,-1.2167752,1.1766018,3.6710746,0.13157842,1.01577,-2.0732293,-1.7981952,1.1685855,-2.3428788,-2.7901154,1.1345726,3.1451316,-1.1441052,-3.432614,2.2970932,1.248839,-0.93646604,-2.4131348
2.2869735,-2.4095879,-2.682648,2.91755,-0.37765262,0.97635186,-1.4564841,-1.7657938,0.32158327,0.3891495,2.215234,0.4159154,-0.72398746,1.4573033,-1.2526293,1.0315979,3.6721902,0.074940726,0.9713896,-2.0219498,-1.6142412,1.2265984,-2.4009063,-2.8612173,1.124731,3.039653,-1.1876051,-3.433021,2.1963131,1.3682445,-1.0469005,-2.4180942
2.1160712,-2.7432294,-2.6677995,2.6546416,-0.5290339,0.9101634,-1.3823528,-1.8381424,0.049981453,0.5750543,2.23694,0.66455054,-0.50983655,1.2071995,-1.4848402,0.78571606,3.5296874,0.1839366,1.2397683,-1.7962433,-1.4891595,1.5636418,-2.3068993,-2.9314742,1.4368429,3.1814332,-1.5196078,-3.5037453,2.3650315,1.5431144,-1.2038662,-2.7385507
2.2489173,-2.664371,-2.664142,2.711886,-0.3945757,0.9939772,-1.3308574,-1.888808,0.109880015,0.6231795,2.245755,0.6817907,-0.54562485,1.3308871,-1.4331428,0.9420352,3.5545382,0.2149775,1.2349201,-1.8725802,-1.6428516,1.4808489,-2.2593853,-2.8619637,1.404144,3.2307136,-1.4390795,-3.492785,2.4200578,1.432485,-1.0993075,-2.6835256
2.2138605,-2.5845323,-2.608005,2.6781125,-0.40371472,0.9752329,-1.3108389,-1.8260586,0.1186647,0.580402,2.204882,0.628106,-0.5368146,1.3009646,-1.4238966,0.93734473,3.550713,0.20259209,1.1973102,-1.8522093,-1.5844122,1.4474455,-2.2343774,-2.8451376,1.3782895,3.1341736,-1.4075397,-3.434843,2.3407006,1.4206902,-1.0938158,-2.6222656
2.1850035,-2.5542438,-2.6055665,2.708902,-0.43066764,0.95986044,-1.3412817,-1.796653,0.13570853,0.5241566,2.1966884,0.56587154,-0.56523645,1.290259,-1.4014899,0.92068404,3.568945,0.16929087,1.1475208,-1.867794,-1.545845,1.4291033,-2.2710812,-2.8621356,1.3344733,3.0892925,-1.3828816,-3.419582,2.2816186,1.4392574,-1.1116463,-2.5872006
2.3791633,-2.2263749,-2.5956562,2.9257581,-0.23708153,1.0529615,-1.3692418,-1.7450979,0.3643062,0.39686465,2.1844602,0.3771091,-0.7540723,1.543477,-1.1817213,1.1793503,3.6750946,0.10194156,0.9337676,-2.0730815,-1.7022295,1.1072829,-2.3116405,-2.7684731,1.0635339,2.9814265,-1.0779941,-3.3463814,2.169486,1.2347782,-0.92653716,-2.2972832
2.3683171,-2.2322655,-2.5833216,2.8890586,-0.2272552,1.0487165,-1.3465922,-1.7414223,0.34374017,0.42716393,2.1752858,0.40899396,-0.7210604,1.5293608,-1.2019614,1.1720501,3.6630313,0.12472789,0.9624503,-2.043593,-1.6923805,1.1082841,-2.2859986,-2.7634304,1.0865854,2.9783015,-1.0868404,-3.3316047,2.1753156,1.2223774,-0.92514056,-2.30633
2.3696604,-2.6120427,-2.7319746,2.877494,-0.283912,1.0682895,-1.3658103,-1.9540542,0.19763346,0.60097253,2.282266,0.63552296,-0.65583706,1.5135312,-1.3399937,1.0913694,3.6254196,0.1984746,1.1607902,-2.0039983,-1.8080385,1.3739092,-2.315175,-2.841556,1.3025995,3.2915082,-1.3197701,-3.501126,2.4389722,1.3381383,-1.0278049,-2.60327
2.3547618,-2.6724725,-2.7353783,2.852126,-0.3028729,1.0706812,-1.3590299,-1.9883537,0.15654607,0.6282132,2.2936425,0.6698864,-0.63880485,1.488446,-1.3692732,1.0662328,3.6086414,0.21478717,1.2023509,-1.9826282,-1.8082583,1.436538,-2.3080204,-2.846242,1.354797,3.33075,-1.3750429,-3.5188546,2.4797459,1.3621533,-1.0463474,-2.6548164
2.1444564,-2.6063046,-2.5498214,2.5874104,-0.44945964,0.95181674,-1.283427,-1.8098705,0.06115613,0.584658,2.1796079,0.6434633,-0.48903877,1.2226905,-1.4663358,0.8784059,3.5077152,0.21934542,1.2358211,-1.7752079,-1.5086563,1.503442,-2.1994107,-2.8382468,1.4354821,3.0919392,-1.4591478,-3.402375,2.3221955,1.4410547,-1.1159322,-2.6372714
2.213163,-2.659423,-2.6726432,2.7478652,-0.42594853,0.9831883,-1.3661473,-1.877972,0.112545155,0.5689597,2.2395196,0.61958355,-0.57358277,1.3287483,-1.416783,0.92505246,3.5793667,0.18483353,1.1896312,-1.8911905,-1.6127608,1.4806725,-2.3032746,-2.88097,1.376864,3.1988785,-1.428552,-3.4775453,2.3679929,1.4536192,-1.1268735,-2.6552749
2.1593568,-2.707912,-2.6841652,2.7179935,-0.4778351,0.9449423,-1.3878567,-1.8664957,0.08030009,0.5658426,2.243131,0.63245827,-0.5503003,1.2769744,-1.448212,0.8540243,3.5686657,0.18008438,1.2076018,-1.8543192,-1.5541897,1.5191138,-2.3223095,-2.9129448,1.402075,3.1941116,-1.4714209,-3.4883378,2.3574772,1.5003312,-1.1718717,-2.694114
2.175978,-2.56932,-2.6311462,2.71645,-0.4401873,0.93012697,-1.3749983,-1.7931378,0.1520495,0.5228212,2.211862,0.5744017,-0.56503034,1.2979207,-1.3977971,0.8995907,3.582714,0.16244495,1.1532252,-1.8637785,-1.5304601,1.4026098,-2.3025057,-2.8732152,1.3288902,3.0932508,-1.3729823,-3.4379506,2.2745094,1.4435048,-1.1182134,-2.5851982
2.310678,-2.4693508,-2.6280463,2.8063397,-0.29294962,1.0171912,-1.3259785,-1.8366762,0.21599145,0.5543145,2.2146258,0.57311654,-0.61890805,1.4496708,-1.3268284,1.0779599,3.6079426,0.18954313,1.1304023,-1.9546344,-1.6942371,1.2982706,-2.2662797,-2.8097088,1.2724249,3.1342,-1.268092,-3.4175591,2.3246431,1.3184432,-1.0057809,-2.5070817
2.3826907,-2.3713155,-2.5835238,2.810948,-0.20879623,1.0880313,-1.2725599,-1.8316733,0.25735497,0.5684203,2.1906104,0.56089115,-0.6380852,1.5158331,-1.2848761,1.1751153,3.6005654,0.20165226,1.1052114,-1.9785932,-1.7633531,1.2333221,-2.209794,-2.7403138,1.2349459,3.1128821,-1.2010171,-3.3691354,2.3261445,1.2249776,-0.9192623,-2.4341092
2.2697723,-2.3817947,-2.5479138,2.734008,-0.3435828,1.0051717,-1.3099301,-1.7410406,0.24820332,0.49601603,2.165606,0.510809,-0.6059937,1.3722532,-1.3188502,1.0298722,3.5814152,0.15526175,1.0737289,-1.9066179,-1.5812049,1.2827362,-2.232386,-2.7762744,1.2393013,3.007229,-1.2525169,-3.3662212,2.227376,1.3264711,-1.0028337,-2.4464889
2.310496,-2.4356847,-2.558172,2.7460146,-0.27249882,1.0528271,-1.2708728,-1.8340439,0.19761162,0.57488835,2.188949,0.58013904,-0.59669507,1.4292134,-1.3318352,1.0989422,3.579126,0.21112803,1.1495615,-1.9207077,-1.6940476,1.3057792,-2.2069478,-2.7619433,1.2949963,3.1081505,-1.2681181,-3.3700268,2.3222208,1.2830231,-0.97220767,-2.4807606
2.2908626,-2.4755085,-2.5931156,2.7534592,-0.3036805,1.0195035,-1.3027586,-1.8333801,0.1938004,0.57299435,2.2032175,0.5935691,-0.5896823,1.4113691,-1.3448343,1.0569862,3.5880024,0.2038554,1.1564953,-1.915047,-1.6651224,1.3172531,-2.2394767,-2.7921095,1.2999046,3.121523,-1.2877101,-3.4006248,2.3238702,1.3148038,-1.0038364,-2.5072682
2.2794566,-2.4433398,-2.6152384,2.801906,-0.3303427,0.9981197,-1.3401306,-1.799992,0.2177135,0.5087935,2.2009501,0.5302626,-0.6216047,1.4061687,-1.3211639,1.0406178,3.6140835,0.16466875,1.0934988,-1.9502167,-1.631778,1.304116,-2.277061,-2.8163507,1.2509128,3.084554,-1.267178,-3.4081745,2.2734857,1.344842,-1.026201,-2.485282
2.2184608,-2.7523432,-2.6777325,2.679523,-0.4267737,0.99454176,-1.3331312,-1.9251941,0.057568837,0.65725386,2.257449,0.72331303,-0.5196043,1.3002179,-1.4739058,0.8964556,3.534008,0.23016462,1.2833399,-1.8409564,-1.6323837,1.5545523,-2.2635384,-2.8795552,1.4633996,3.2762573,-1.5078226,-3.5096653,2.4616375,1.4667648,-1.1360576,-2.7485893
2.2768598,-2.6585777,-2.711432,2.787045,-0.37577373,1.0032068,-1.3693916,-1.9031788,0.14799714,0.6053808,2.2632918,0.6573375,-0.58670765,1.389118,-1.4028304,0.97149706,3.5914567,0.19527224,1.1974596,-1.921773,-1.6807369,1.4391328,-2.30849,-2.874427,1.3562946,3.2526402,-1.3999983,-3.5077338,2.4137082,1.419461,-1.0924857,-2.662293
2.2767015,-2.4354177,-2.616107,2.8044906,-0.3437066,0.9971224,-1.349046,-1.790694,0.228192,0.48728728,2.1941574,0.5143198,-0.6300445,1.4009016,-1.3199246,1.0326102,3.6186154,0.15338102,1.075489,-1.9521515,-1.6182474,1.3018439,-2.284769,-2.819383,1.2369335,3.0678127,-1.2645929,-3.4038467,2.2570295,1.3501931,-1.0319403,-2.4762611
2.4106762,-2.329091,-2.6344726,2.9393997,-0.24996662,1.0746862,-1.3772414,-1.8249199,0.35257688,0.42849246,2.2091498,0.44161677,-0.7550561,1.5666752,-1.2108393,1.1880281,3.6732764,0.122516274,0.9869612,-2.0683427,-1.7546278,1.1719395,-2.3278794,-2.7655716,1.1221694,3.078275,-1.1356347,-3.3968596,2.2581165,1.2426722,-0.93131673,-2.3507385
2.3879566,-2.4946132,-2.6665938,2.863419,-0.25677484,1.070462,-1.3422143,-1.901221,0.24699207,0.5592488,2.2437186,0.584847,-0.66987854,1.5252738,-1.2987863,1.1384685,3.6270015,0.1926368,1.125366,-2.002623,-1.7876465,1.2902063,-2.2848694,-2.7947097,1.2577617,3.2002647,-1.2508304,-3.4492939,2.3800726,1.2796571,-0.9703895,-2.5027065
2.8304636,-1.3812257,-2.7200618,3.5739064,0.42449576,1.2407739,-1.4684436,-1.7293556,0.88807917,-0.0066779614,2.1260326,0.084983446,-1.295771,2.4303398,-0.54977834,1.8444576,3.8175952,0.0108428,0.23594041,-2.6092677,-2.281021,0.09986468,-2.560733,-2.513936,0.16558376,2.8015666,-0.17373423,-3.1796856,2.0345054,0.5822054,-0.37846318,-1.3675615
2.9372334,-1.0299528,-2.6254547,3.6323376,0.5514554,1.2682045,-1.4877319,-1.5849472,1.0628946,-0.19127826,2.0606716,-0.11377294,-1.4481132,2.542119,-0.37711853,1.942447,3.8004823,-0.1029643,-0.005149937,-2.70096,-2.3244634,-0.2385653,-2.5428813,-2.4168048,-0.13770203,2.56401,0.107391596,-3.0485911,1.8531265,0.43511072,-0.20041212,-1.0592701
3.0208735,-0.82362384,-2.5762677,3.6690361,0.6277478,1.2964659,-1.5016577,-1.509777,1.1898632,-0.3004045,2.0358644,-0.23532751,-1.5620172,2.6261053,-0.2635376,1.991795,3.7789795,-0.18968472,-0.16470566,-2.7605588,-2.3653905,-0.4378609,-2.532043,-2.3454375,-0.3185501,2.429409,0.2557308,-2.9735875,1.7504698,0.33863014,-0.087347195,-0.87532204
2.990767,-0.9021365,-2.6080432,3.6530373,0.56988895,1.2585022,-1.5338544,-1.5387647,1.1693227,-0.28206572,2.0483665,-0.19633119,-1.5331256,2.5819652,-0.29529396,1.9543741,3.8054452,-0.18619643,-0.118147515,-2.741836,-2.3130045,-0.37466764,-2.5820708,-2.392896,-0.25975308,2.4698846,0.18720317,-3.0187306,1.7738848,0.38530073,-0.1634545,-0.928578
2.9648075,-0.9769724,-2.6479611,3.674411,0.53955287,1.2364502,-1.5555891,-1.5618864,1.145756,-0.2693487,2.0574584,-0.1789136,-1.5133579,2.571525,-0.31617254,1.9380007,3.819477,-0.16955927,-0.081950806,-2.7452474,-2.3029675,-0.32122308,-2.60174,-2.4307902,-0.21921305,2.5113993,0.15403208,-3.0581355,1.8019539,0.42866215,-0.2023288,-0.9882411
2.8215165,-1.4248453,-2.7381587,3.5663025,0.40550733,1.2377278,-1.4774959,-1.7489487,0.87055504,0.0063493727,2.1439252,0.106977366,-1.2883666,2.4147618,-0.56371677,1.8246006,3.829436,0.013102269,0.25543922,-2.6058283,-2.2792373,0.1306489,-2.5761285,-2.5378563,0.19036713,2.8294117,-0.2083076,-3.2042725,2.0551238,0.60632163,-0.40397277,-1.4025767
2.7999794,-1.5070717,-2.7523706,3.543181,0.37758416,1.2383407,-1.4723551,-1.78841,0.8237673,0.056545686,2.1648762,0.15698715,-1.2515404,2.3841562,-0.6040851,1.7963607,3.8356888,0.03819692,0.3082211,-2.5822568,-2.2712414,0.21145001,-2.5779645,-2.5509503,0.2661005,2.8869064,-0.27419806,-3.2361934,2.0975223,0.6422577,-0.44346532,-1.4715444
2.932458,-1.0980641,-2.692475,3.6737328,0.5104817,1.2465975,-1.5421162,-1.6310036,1.0807909,-0.19646339,2.0950537,-0.10894022,-1.4703697,2.5628018,-0.35901767,1.9297911,3.8443635,-0.119761266,0.0054998873,-2.7419376,-2.32818,-0.20044222,-2.6166134,-2.4632215,-0.12377381,2.613941,0.07028618,-3.108379,1.8858359,0.46053618,-0.24956842,-1.0818751
2.887349,-1.2380369,-2.7378485,3.6622143,0.4702587,1.2410882,-1.5191096,-1.6789792,0.99628896,-0.12045302,2.1187317,-0.023058105,-1.4024583,2.5101738,-0.44117174,1.8797798,3.832777,-0.06360295,0.09904232,-2.6943116,-2.3118107,-0.06436863,-2.5952735,-2.4988022,-0.009769106,2.7064672,-0.0288455,-3.1557307,1.9517605,0.5228305,-0.30906844,-1.2241117
2.8954308,-1.1930982,-2.7151852,3.6597297,0.48491946,1.2455502,-1.5151551,-1.654311,1.0125325,-0.13761386,2.1086707,-0.04752624,-1.413914,2.5157142,-0.42826805,1.8899902,3.8273182,-0.07602663,0.07367115,-2.695363,-2.3117216,-0.10272817,-2.5847657,-2.4843068,-0.041021965,2.6729321,0.0026047707,-3.1338763,1.9250599,0.5062727,-0.28699034,-1.1927098
2.918815,-1.1267699,-2.6919177,3.659779,0.51062566,1.2590377,-1.50948,-1.6327231,1.0436968,-0.16567525,2.096831,-0.086414956,-1.4437252,2.5465121,-0.39754155,1.9233398,3.8292427,-0.09596984,0.03290844,-2.721087,-2.3370407,-0.15756087,-2.5828443,-2.4605126,-0.08600769,2.6361122,0.040934134,-3.1012743,1.8991486,0.4743672,-0.25464964,-1.1316779
2.8309314,-1.3665216,-2.7514462,3.5984159,0.42262834,1.2428877,-1.4905758,-1.7448604,0.9030997,-0.04359875,2.1313329,0.06995275,-1.3373117,2.4474483,-0.50712997,1.8368053,3.849088,-0.0114331,0.1855123,-2.6611593,-2.30073,0.06919155,-2.6093268,-2.5286815,0.119976185,2.7976174,-0.16266613,-3.1937637,2.0315194,0.58279425,-0.38448673,-1.322603
2.88242,-1.2583958,-2.7674932,3.6722221,0.44377536,1.225408,-1.5516407,-1.684976,0.99937993,-0.13966651,2.1340127,-0.023486067,-1.4098989,2.4923496,-0.43638667,1.8517473,3.864027,-0.0790535,0.08914356,-2.7106047,-2.2971206,-0.06554613,-2.6338277,-2.5276513,-0.0141068455,2.7117174,-0.039438628,-3.1831002,1.9433693,0.54914486,-0.34068736,-1.2281834
2.9164827,-1.1263604,-2.6799705,3.647924,0.51141965,1.2582333,-1.4997799,-1.6142781,1.0343769,-0.160007,2.0954993,-0.08332829,-1.4280024,2.5262847,-0.418364,1.91255,3.816946,-0.0935868,0.04331293,-2.6999612,-2.320145,-0.15270361,-2.5551958,-2.4602504,-0.0775042,2.6264114,0.03891764,-3.0920846,1.8877199,0.4835578,-0.25179836,-1.15509
2.8452477,-1.3131496,-2.693906,3.5726762,0.46121922,1.2519587,-1.4489307,-1.6835616,0.8955035,-0.034842156,2.1057472,0.05719378,-1.3070357,2.428065,-0.5413785,1.8536352,3.7932773,0.0015207768,0.1992228,-2.6017287,-2.2857225,0.037358046,-2.5211468,-2.4958322,0.10848651,2.7519746,-0.11835609,-3.14084,1.9916455,0.5649503,-0.3397668,-1.3359399
2.938397,-1.0978774,-2.6812212,3.6592605,0.5307009,1.2633967,-1.507862,-1.618439,1.054908,-0.17827639,2.0877404,-0.09446864,-1.4492375,2.5471966,-0.38996512,1.9234555,3.815014,-0.10138351,0.01284275,-2.7154214,-2.33927,-0.19249687,-2.5650291,-2.4460368,-0.11231227,2.61546,0.06851263,-3.0922542,1.8845924,0.46477932,-0.23341534,-1.1125946
2.8873582,-1.212648,-2.748355,3.665586,0.45695394,1.2293788,-1.5459366,-1.6639906,1.024591,-0.16441636,2.0998511,-0.056364894,-1.4229572,2.5143352,-0.42392188,1.8757223,3.8562145,-0.09565334,0.054009818,-2.7132046,-2.294436,-0.10476589,-2.6412354,-2.5134335,-0.048956823,2.6770873,-0.0140525345,-3.1495042,1.9198097,0.52296245,-0.33397055,-1.1796068
2.8122418,-1.3738321,-2.7658763,3.6294608,0.3984955,1.2179487,-1.5211449,-1.7174276,0.918462,-0.07197795,2.1249418,0.03446748,-1.3412702,2.4455218,-0.51158154,1.829044,3.8511167,-0.029494142,0.17619929,-2.6606114,-2.27324,0.061410762,-2.624127,-2.554746,0.10473871,2.78081,-0.14453454,-3.1960332,1.998959,0.60940784,-0.4068288,-1.3387369
2.8769212,-1.3028853,-2.7583635,3.6383083,0.43349808,1.2293981,-1.5428702,-1.7062931,0.9784627,-0.10109544,2.1308465,0.0073101283,-1.3743408,2.4800656,-0.4677052,1.8507828,3.8591912,-0.061097573,0.13218808,-2.6790617,-2.2823527,-0.018990183,-2.630635,-2.5273,0.040374137,2.7413013,-0.08060555,-3.1882682,1.9740967,0.55080795,-0.36356923,-1.2612145
2.9195983,-1.1899409,-2.7051103,3.6373181,0.48661765,1.2418506,-1.5263865,-1.6584089,1.0269041,-0.13486905,2.0990002,-0.03707106,-1.398971,2.5069382,-0.4322649,1.886288,3.8262806,-0.07814558,0.07824111,-2.6756968,-2.2878454,-0.11643644,-2.5884395,-2.47077,-0.032776356,2.6660671,0.004788494,-3.1348164,1.9245716,0.49022642,-0.2906001,-1.1729329
2.8930745,-1.3222115,-2.7627833,3.6391196,0.4504351,1.2468284,-1.5175979,-1.7251726,0.96387064,-0.06626968,2.141686,0.035384536,-1.3610235,2.4873314,-0.48428994,1.8549509,3.839082,-0.036531307,0.1582545,-2.6662877,-2.3059597,0.008305216,-2.595717,-2.5048947,0.06482134,2.7704868,-0.092272855,-3.1913,2.0009048,0.5373536,-0.34233037,-1.2860174
2.878471,-1.2884201,-2.7214425,3.607825,0.4539981,1.240453,-1.5023768,-1.6835706,0.95021135,-0.07783856,2.1221848,0.024434472,-1.3484856,2.4562478,-0.49817887,1.8540647,3.824199,-0.038461708,0.15653507,-2.6430256,-2.2838676,-0.013980341,-2.5676825,-2.5073352,0.057997704,2.7311175,-0.081668094,-3.162251,1.9702915,0.55214244,-0.33677247,-1.2879795
2.9496906,-1.1165984,-2.6789799,3.6336906,0.5183872,1.2624375,-1.5143472,-1.6369121,1.0511347,-0.15569958,2.1027243,-0.06297302,-1.4311194,2.5256455,-0.39971334,1.9090359,3.824159,-0.09652431,0.044848204,-2.6991801,-2.3137467,-0.17211342,-2.569611,-2.4481053,-0.08389106,2.627246,0.046457388,-3.1062496,1.9029564,0.45418662,-0.24202184,-1.1193681
2.8442948,-1.3564707,-2.7359939,3.5998516,0.44286555,1.2439904,-1.4886408,-1.7325872,0.9070244,-0.039928675,2.1241539,0.06442511,-1.325525,2.4539506,-0.50972843,1.8481957,3.8273625,-0.0015031338,0.19455817,-2.6396775,-2.2988636,0.05292077,-2.5834382,-2.5147529,0.117599346,2.7866836,-0.1332345,-3.1840854,2.0252447,0.56668085,-0.36237735,-1.3233421
2.8054085,-1.5417687,-2.770529,3.5349152,0.39096966,1.2489702,-1.4551164,-1.816472,0.80200446,0.082549095,2.1592171,0.19904993,-1.2263772,2.3769116,-0.6193991,1.7761829,3.8166404,0.066609584,0.32766035,-2.5599208,-2.2707818,0.23847575,-2.5644841,-2.5382578,0.29121995,2.9168637,-0.29316816,-3.2451472,2.1287003,0.6277226,-0.44300142,-1.4896119
2.8427799,-1.3048779,-2.7093918,3.5941563,0.45486203,1.2420756,-1.4750847,-1.6811163,0.91454947,-0.06205678,2.1016407,0.03925083,-1.3214128,2.4328997,-0.5203956,1.8423582,3.808352,-0.01597929,0.16676316,-2.6163118,-2.2734716,0.012826967,-2.5524888,-2.5040202,0.07857685,2.7386842,-0.096419334,-3.1514199,1.9733483,0.5677492,-0.35043555,-1.3106655
2.8820853,-1.2392597,-2.712849,3.6296089,0.47226524,1.2511168,-1.5011257,-1.6594824,0.9759859,-0.10858898,2.1081789,-0.022712851,-1.3746989,2.484669,-0.47284776,1.8742876,3.825458,-0.060331225,0.10529809,-2.6667733,-2.302377,-0.05564027,-2.5703578,-2.4914455,0.0098387245,2.7004375,-0.04054947,-3.1376805,1.9373074,0.5383631,-0.31955078,-1.2469409
2.8717694,-1.3109477,-2.7618248,3.6411138,0.42732447,1.2226528,-1.5435911,-1.6970104,0.98139715,-0.104432486,2.1176262,0.00488379,-1.3654171,2.4738202,-0.48142868,1.8422521,3.847784,-0.06184268,0.12495525,-2.6619554,-2.269469,-0.017092323,-2.6298814,-2.5244577,0.042471647,2.7394404,-0.08222308,-3.1864667,1.9627018,0.5620514,-0.37729636,-1.2699667
2.8909638,-1.2354863,-2.7555218,3.683146,0.44343194,1.21456,-1.5701298,-1.6671593,1.0383229,-0.15782352,2.1133766,-0.061104156,-1.4187974,2.516751,-0.42352718,1.871885,3.856533,-0.098129295,0.06659417,-2.7105722,-2.2853212,-0.09106674,-2.6438441,-2.5140939,-0.030717086,2.6872075,-0.01575632,-3.1704063,1.9212013,0.5371376,-0.33914506,-1.1996167
2.8433585,-1.4388385,-2.821876,3.649987,0.38126403,1.219776,-1.5573022,-1.7603308,0.92958546,-0.04955096,2.1712205,0.058758426,-1.344072,2.4546814,-0.5173227,1.803778,3.8680935,-0.0386224,0.19482827,-2.667261,-2.2828846,0.097469136,-2.6494503,-2.5732803,0.12762332,2.8313842,-0.17304,-3.2510998,2.0332675,0.6152549,-0.42647195,-1.381181
1.4611806,-2.8037972,-2.5716863,2.2313693,-1.0120097,0.43670696,-1.5498312,-1.4298306,-0.21741793,0.3712622,2.127003,0.61307544,-0.2871848,0.67023456,-1.7015034,0.109316394,3.3728237,0.074735835,1.2628546,-1.3200897,-0.695724,1.697842,-2.4396725,-3.1686924,1.5134989,2.7611554,-1.7505649,-3.3817139,1.9775333,1.861067,-1.5598018,-2.8103592
1.3673136,-2.8283677,-2.5503497,2.172567,-1.0832627,0.39773107,-1.561033,-1.3838043,-0.2691595,0.33985406,2.1115727,0.60360634,-0.26733693,0.5970759,-1.7269208,0.014836883,3.3329349,0.056626104,1.2621806,-1.2456677,-0.59354454,1.746006,-2.4505377,-3.194396,1.5336239,2.7093072,-1.7957942,-3.3603942,1.9390455,1.9038107,-1.6054182,-2.8278127
1.2779557,-2.8685365,-2.5337536,2.1041195,-1.1456615,0.33643967,-1.5699527,-1.3541067,-0.330266,0.33291134,2.0986907,0.6195703,-0.22795153,0.5254706,-1.7806965,-0.07552652,3.299631,0.057898976,1.2984059,-1.1723598,-0.5046433,1.7995218,-2.4505868,-3.2324855,1.5738313,2.6731267,-1.8543266,-3.3437352,1.9127219,1.9488916,-1.6636826,-2.8706203
1.2617428,-2.8709617,-2.523941,2.0842178,-1.1500959,0.3129793,-1.5701288,-1.3515213,-0.34152156,0.33648187,2.0963173,0.6255167,-0.21453667,0.5128354,-1.7938942,-0.08639483,3.2971177,0.06368134,1.3168865,-1.1613352,-0.4911976,1.8017261,-2.4456751,-3.2349277,1.5879643,2.6631248,-1.8642261,-3.3388176,1.9030335,1.953491,-1.6727959,-2.8728452
1.3272437,-2.8650086,-2.5383317,2.1160634,-1.1084169,0.3645713,-1.5563021,-1.3821785,-0.31694382,0.35738072,2.1058779,0.63814384,-0.23234472,0.5553349,-1.7687947,-0.032707024,3.3099453,0.07503764,1.3068272,-1.1991838,-0.55400664,1.783623,-2.4396443,-3.210778,1.5792253,2.7061436,-1.8467112,-3.3561745,1.9447505,1.9237397,-1.6383774,-2.8643813
1.3550322,-2.8469071,-2.548052,2.1432846,-1.0934057,0.3803454,-1.556267,-1.3855864,-0.29384536,0.3516069,2.1057725,0.6278021,-0.24789886,0.57832074,-1.75367,-0.0065015317,3.319928,0.06847794,1.283691,-1.2213514,-0.5790106,1.7669466,-2.4403715,-3.205033,1.5566477,2.7120693,-1.8211836,-3.361525,1.9488432,1.9087166,-1.6217846,-2.8511443
1.3059168,-2.8743215,-2.532415,2.101017,-1.1239722,0.34632143,-1.5546856,-1.378578,-0.33220097,0.3525877,2.0972254,0.63978636,-0.22182636,0.5394913,-1.7859294,-0.0510767,3.2997901,0.07609999,1.316468,-1.1801066,-0.5357685,1.8025818,-2.4325306,-3.2247977,1.5891329,2.6930823,-1.854064,-3.3520489,1.9401748,1.9267794,-1.6530482,-2.8746772
1.3013911,-2.8869576,-2.5268397,2.0912297,-1.1217092,0.34791067,-1.5494121,-1.388151,-0.34353766,0.36566854,2.1014006,0.64958817,-0.21332613,0.535697,-1.7910753,-0.052049924,3.297596,0.08643212,1.3364769,-1.1773379,-0.53715026,1.8111709,-2.428106,-3.2223155,1.6062139,2.700376,-1.8679485,-3.3512619,1.9479402,1.9297755,-1.6551278,-2.883099
1.3512415,-2.9068837,-2.552112,2.1241114,-1.0860637,0.39364797,-1.5410287,-1.427964,-0.3321144,0.3924908,2.1150675,0.66576385,-0.22777423,0.57643336,-1.7747984,-0.010874629,3.3103912,0.09864585,1.3378822,-1.2103808,-0.5995122,1.8074348,-2.4291492,-3.2127616,1.6054567,2.7529862,-1.8602886,-3.370665,1.9933056,1.9115322,-1.6369293,-2.8933444
1.3426651,-2.903137,-2.55459,2.128781,-1.0949304,0.38859898,-1.5486934,-1.4174393,-0.3282603,0.38245678,2.1145072,0.65600336,-0.23094764,0.57316196,-1.7748474,-0.019444227,3.3120937,0.090810634,1.3292938,-1.2097818,-0.58927596,1.8059324,-2.436561,-3.217392,1.5974311,2.7438698,-1.8584087,-3.3666694,1.9810078,1.919741,-1.6412579,-2.8919911
1.2969483,-2.9097645,-2.5229907,2.0659146,-1.1214325,0.34765327,-1.5381498,-1.4036853,-0.37207487,0.38869363,2.1043675,0.677843,-0.1946033,0.5238085,-1.8112259,-0.062344454,3.2855945,0.10658662,1.3661822,-1.158083,-0.5351488,1.8339856,-2.4137805,-3.2254415,1.6366829,2.7163854,-1.897282,-3.3553078,1.9719242,1.930466,-1.6607268,-2.9111938
1.3133631,-2.8971326,-2.534761,2.0899935,-1.1104641,0.35096478,-1.5405636,-1.4075216,-0.35840338,0.38294083,2.105034,0.6740576,-0.20482102,0.5379201,-1.8027108,-0.04744973,3.2970815,0.10171511,1.3496535,-1.1728319,-0.5513019,1.8200814,-2.4183536,-3.228002,1.6210964,2.7224603,-1.8782771,-3.3629494,1.9756523,1.921578,-1.6520576,-2.9044847
1.4292648,-2.876099,-2.5625525,2.1660318,-1.0285327,0.4274407,-1.5212424,-1.4647379,-0.29909733,0.41330877,2.1221497,0.6777787,-0.24188137,0.62919325,-1.7587436,0.06365208,3.3346806,0.113559484,1.3294154,-1.2608739,-0.6790019,1.7756245,-2.4069824,-3.1884937,1.5918716,2.7883148,-1.8236802,-3.3867137,2.0292444,1.8665825,-1.5896795,-2.8787208
1.4776471,-2.867249,-2.580992,2.1993294,-0.9936234,0.46359715,-1.521644,-1.4805969,-0.2711801,0.4288714,2.131589,0.68340397,-0.25641832,0.6659745,-1.7306252,0.10551958,3.3526473,0.119803,1.3202748,-1.2987322,-0.7244424,1.7456405,-2.417981,-3.1723096,1.5756643,2.8232841,-1.8048385,-3.400098,2.0540996,1.8502716,-1.5679079,-2.865873
1.4197564,-2.8664892,-2.572155,2.1776206,-1.0378454,0.42732096,-1.5421846,-1.4404657,-0.28220758,0.3999888,2.1276553,0.6594299,-0.25201535,0.6279445,-1.7382152,0.054163743,3.343226,0.099231645,1.3107316,-1.2677101,-0.65981275,1.7530534,-2.4358864,-3.19023,1.5694546,2.7819057,-1.8170891,-3.3855128,2.0087073,1.8855295,-1.5973428,-2.865699
1.3639826,-2.8869026,-2.5533764,2.137213,-1.0724173,0.3836382,-1.5405424,-1.4306942,-0.32169437,0.3934826,2.117281,0.663586,-0.2298532,0.58754456,-1.7787793,0.005279732,3.3230186,0.09822879,1.3337085,-1.2259464,-0.61374295,1.7912247,-2.4230738,-3.2088075,1.5980384,2.749555,-1.847586,-3.367086,1.9851205,1.9056284,-1.6259539,-2.88791
1.3054043,-2.8866262,-2.533065,2.1009026,-1.1194558,0.35354656,-1.5493988,-1.3923246,-0.34502357,0.36478713,2.1033635,0.65068066,-0.21829553,0.5397792,-1.7923988,-0.051721167,3.299003,0.08371632,1.3280615,-1.1794826,-0.5428473,1.8131502,-2.4291117,-3.2235723,1.6027288,2.705253,-1.8679088,-3.352592,1.9519303,1.9286878,-1.6501122,-2.8883648
1.3439016,-2.8560064,-2.543773,2.137887,-1.0905645,0.36554447,-1.5536606,-1.396071,-0.30441764,0.36203456,2.1092257,0.63363844,-0.23718166,0.5747038,-1.7667129,-0.006340408,3.3259215,0.07838855,1.3077704,-1.2209793,-0.5800698,1.7713687,-2.4364913,-3.2104194,1.5719395,2.712322,-1.8286728,-3.3578696,1.9464147,1.9124687,-1.6282123,-2.8593533
1.3567939,-2.829535,-2.55382,2.1650586,-1.0902128,0.37687436,-1.5706983,-1.3741121,-0.26992676,0.33776757,2.1094818,0.60460776,-0.2627774,0.5894969,-1.7377628,0.0025757789,3.3364136,0.054103088,1.265332,-1.2410561,-0.5807804,1.7403233,-2.4584305,-3.2012973,1.5320773,2.7015035,-1.799907,-3.3556664,1.9238485,1.915333,-1.619491,-2.8288403
1.3153038,-2.8442712,-2.5454235,2.1352887,-1.1229112,0.35019687,-1.5769918,-1.3574893,-0.29295924,0.326397,2.1023407,0.60526085,-0.24920169,0.55675423,-1.7534927,-0.03763175,3.3190186,0.050457597,1.2758634,-1.205642,-0.53707343,1.7631737,-2.4609344,-3.2194602,1.5450523,2.6816516,-1.8201473,-3.3528259,1.9122168,1.9342747,-1.6447513,-2.8420513
1.3422229,-2.8458612,-2.5485094,2.1446,-1.0955677,0.36088747,-1.562598,-1.3845556,-0.29028147,0.3472662,2.1064014,0.6210105,-0.24453688,0.5756152,-1.7542484,-0.005965042,3.3322163,0.07002163,1.2950184,-1.2224233,-0.571431,1.7568085,-2.4483273,-3.2152705,1.5548146,2.7031455,-1.8124872,-3.3600757,1.935803,1.9128863,-1.6328144,-2.844047
1.3353635,-2.8951344,-2.5437453,2.11163,-1.0908015,0.36620364,-1.5397522,-1.4197401,-0.34204993,0.38983795,2.110271,0.6696924,-0.21579447,0.5615222,-1.7896694,-0.02176776,3.3104854,0.101655245,1.3455486,-1.1978481,-0.5808414,1.8053076,-2.4224136,-3.219867,1.6115234,2.7360172,-1.86247,-3.3641675,1.9805753,1.9128597,-1.6420448,-2.8949604
1.3185649,-2.896914,-2.537684,2.1002924,-1.1078893,0.3686477,-1.5437107,-1.4042221,-0.34759945,0.3776369,2.1066198,0.6621211,-0.21639843,0.54746425,-1.7870424,-0.04219923,3.2999406,0.09389877,1.3365471,-1.1834509,-0.5570985,1.813418,-2.4277344,-3.2190354,1.6107349,2.7232163,-1.8718948,-3.3589272,1.9707931,1.9220877,-1.6472057,-2.8922832
1.3325086,-2.8692656,-2.543297,2.1299155,-1.102786,0.3686067,-1.5557078,-1.3946328,-0.31384084,0.35939473,2.1092365,0.63174134,-0.23728362,0.56814444,-1.7671225,-0.019124221,3.31482,0.07504473,1.306952,-1.2100811,-0.57082057,1.7864687,-2.4374359,-3.2133565,1.577561,2.7121239,-1.8389877,-3.3592987,1.9490469,1.9203675,-1.6347122,-2.8679445
1.3876699,-2.8612065,-2.5600288,2.1671462,-1.0711889,0.40577507,-1.5504119,-1.4176128,-0.2851157,0.3709261,2.1200943,0.63573384,-0.25616708,0.6057607,-1.7487411,0.026176978,3.3316784,0.0795691,1.2955029,-1.2474717,-0.62501425,1.7681091,-2.4355628,-3.1992338,1.5612442,2.7458,-1.8179649,-3.3739147,1.976764,1.9017853,-1.6080434,-2.8627064
1.3118818,-2.8688512,-2.533684,2.1166854,-1.1247696,0.368325,-1.5585314,-1.3758569,-0.32101193,0.34649736,2.1057293,0.6253662,-0.2365809,0.5470878,-1.7693697,-0.045287848,3.3003964,0.066221595,1.2992512,-1.1905615,-0.54109675,1.7987922,-2.439913,-3.2151475,1.5758965,2.6962636,-1.8502678,-3.3524456,1.9379953,1.9327606,-1.6403176,-2.869556
1.2938429,-2.8888059,-2.530192,2.0966086,-1.1323284,0.349278,-1.5567205,-1.3816122,-0.34151918,0.358188,2.1053011,0.6405306,-0.22038817,0.532646,-1.7892052,-0.060672093,3.2954974,0.07709853,1.3266923,-1.1754124,-0.5297462,1.8145287,-2.435876,-3.225492,1.5987915,2.6974583,-1.8702866,-3.35105,1.9409729,1.9416145,-1.6569264,-2.8874176
1.3237015,-2.8665454,-2.541941,2.129043,-1.110746,0.36806783,-1.5610868,-1.3820648,-0.3135433,0.3508977,2.1074302,0.6279912,-0.2401062,0.5590914,-1.7624557,-0.03185458,3.311809,0.068748,1.2990173,-1.2039015,-0.5552272,1.7837003,-2.4472103,-3.2135684,1.5728872,2.7051516,-1.8411506,-3.3558052,1.941185,1.9281299,-1.6384895,-2.8625388
1.3575475,-2.864451,-2.546811,2.1393957,-1.0871744,0.39519516,-1.5516775,-1.3982872,-0.30423433,0.3671736,2.1141589,0.63866866,-0.24558625,0.57865065,-1.752816,-0.0057567596,3.3164196,0.07803974,1.2987982,-1.2210734,-0.5870587,1.7749889,-2.4400525,-3.198599,1.5718437,2.729,-1.8366388,-3.3623652,1.963207,1.9135685,-1.6205161,-2.8615267
1.3629152,-2.885326,-2.550448,2.128304,-1.0780289,0.39224952,-1.5422604,-1.4194574,-0.31961045,0.38956338,2.1162477,0.6635262,-0.2322422,0.5797475,-1.7674363,-0.0023719787,3.3164124,0.09549339,1.3269974,-1.218008,-0.6007164,1.7870986,-2.4298816,-3.203566,1.594333,2.7483342,-1.8506215,-3.3686879,1.9856371,1.9086062,-1.6272217,-2.880132
3.1258216,-0.16012044,-2.2654023,3.5662715,0.9254075,1.4146614,-1.2711655,-1.3137535,1.3680294,-0.47548833,1.8564507,-0.500391,-1.7878647,2.861421,0.07027288,2.250784,3.60522,-0.262079,-0.4519054,-2.8990262,-2.5875106,-0.86968744,-2.363255,-2.0354238,-0.6956626,2.0485106,0.5848221,-2.5875137,1.5497832,-0.03625536,0.3205452,-0.26890054
3.0523012,-0.51592666,-2.4164033,3.598388,0.76151663,1.3712087,-1.3458893,-1.4658298,1.2383204,-0.35907108,1.9829544,-0.36016726,-1.6853949,2.7550597,-0.073999666,2.1525369,3.7300477,-0.19473827,-0.26176447,-2.8981953,-2.5447774,-0.5737319,-2.4577792,-2.1802127,-0.45244414,2.2908285,0.3457037,-2.7925725,1.7062604,0.16427521,0.11952078,-0.57102
3.1172898,-0.17986195,-2.342769,3.661731,0.88321793,1.3663423,-1.3655723,-1.3262008,1.4084362,-0.5482193,1.8910477,-0.5562484,-1.8405712,2.880648,0.11623909,2.227847,3.6838117,-0.30414978,-0.491424,-2.9876862,-2.568015,-0.89099866,-2.4602957,-2.103392,-0.737706,2.0519612,0.5988766,-2.6505256,1.5277243,0.008693814,0.26569086,-0.26615602
3.1433702,-0.14169168,-2.3200684,3.6477852,0.89872897,1.3662031,-1.366554,-1.3139453,1.4316871,-0.54389733,1.8916591,-0.5602423,-1.8439026,2.882934,0.12635751,2.2392795,3.6707206,-0.31049427,-0.4920017,-2.9758716,-2.5539262,-0.91471595,-2.4411569,-2.0768065,-0.7395903,2.021887,0.62252057,-2.6294942,1.5094204,-0.024920773,0.29537365,-0.23566285
2.6935477,-1.8111207,-2.75633,3.3370144,0.26316518,1.3506607,-1.348162,-2.0066829,0.60977304,0.24385595,2.2456422,0.36877593,-1.1722778,2.2628472,-0.7038951,1.6472431,3.7946637,0.1371575,0.49115053,-2.570935,-2.362952,0.58210886,-2.5479922,-2.5227642,0.5600578,3.14216,-0.68133515,-3.3311977,2.3718681,0.780623,-0.53344584,-1.6995853
2.6940825,-1.6092991,-2.7108736,3.4023414,0.31554016,1.318212,-1.3408377,-1.9076191,0.6845079,0.116243504,2.1560905,0.2629934,-1.2408717,2.3024094,-0.61089504,1.698653,3.7933106,0.087572075,0.34230313,-2.6235683,-2.3549004,0.40147495,-2.5570166,-2.4837067,0.39548016,3.0019002,-0.52433467,-3.2541232,2.2484107,0.72518724,-0.47350207,-1.5156097
2.9831977,-0.753446,-2.524562,3.6211116,0.67810893,1.3619964,-1.3271798,-1.5586008,1.1211846,-0.27545848,2.0016313,-0.22996183,-1.6002786,2.6877275,-0.1938264,2.080695,3.7525153,-0.124286786,-0.15981412,-2.873385,-2.5349092,-0.37586722,-2.4810216,-2.2548985,-0.30683637,2.4670558,0.19022126,-2.8997805,1.8263222,0.2962466,-0.0182678,-0.7743768
3.0044188,-0.7229316,-2.5517812,3.646751,0.6721943,1.3474786,-1.4033105,-1.5677034,1.1836948,-0.3263022,2.0166402,-0.27048847,-1.6564178,2.72478,-0.13037694,2.0782034,3.788649,-0.16813745,-0.21103016,-2.9164815,-2.5368311,-0.4444329,-2.5570004,-2.2765052,-0.3733983,2.4384274,0.22175126,-2.9232392,1.8102144,0.27502877,-0.022551918,-0.70591426
3.106174,-0.2684021,-2.4033513,3.6947155,0.84570456,1.3434922,-1.403364,-1.3677249,1.4024129,-0.5279485,1.903936,-0.51323146,-1.819817,2.8626275,0.078636125,2.1915498,3.723679,-0.2933928,-0.47454327,-2.980207,-2.5415764,-0.8513835,-2.5113156,-2.1403387,-0.71372455,2.1106296,0.56791085,-2.7167304,1.5610124,0.04343512,0.20859635,-0.31231397
3.0939426,-0.29130405,-2.4238887,3.7066028,0.8366718,1.3439753,-1.4019871,-1.3662323,1.3816255,-0.535518,1.9036621,-0.5093379,-1.8179979,2.8570132,0.066274546,2.1869302,3.7293022,-0.28924263,-0.47361135,-2.9917972,-2.5509741,-0.840758,-2.516722,-2.1641307,-0.7127865,2.12663,0.55675364,-2.724025,1.5670135,0.072160915,0.18974204,-0.3409547
2.9637895,-0.6906676,-2.5064683,3.618695,0.6816313,1.3480649,-1.3415573,-1.5359639,1.1400082,-0.33686408,1.9627224,-0.2621525,-1.6337116,2.6874716,-0.14370453,2.0740864,3.7589374,-0.14892647,-0.22256367,-2.9021773,-2.5283816,-0.4479069,-2.5157807,-2.2596776,-0.37859124,2.415629,0.22417593,-2.8850582,1.7939217,0.2956296,-0.017475033,-0.6952184
3.0457573,-0.41870284,-2.4452195,3.6616535,0.7970076,1.359678,-1.3664062,-1.4406918,1.2891184,-0.4787441,1.9134209,-0.4271,-1.7668701,2.8128402,0.025002385,2.1579432,3.7307057,-0.23284712,-0.38601568,-2.9851747,-2.5781293,-0.7076106,-2.510511,-2.1917014,-0.6117443,2.2277312,0.4347766,-2.7719507,1.6687453,0.14047436,0.1328234,-0.44073644
2.9683719,-0.7424475,-2.4494739,3.5224633,0.7038464,1.3886454,-1.2622776,-1.5686672,1.0628264,-0.23988557,1.9781818,-0.17639215,-1.5659918,2.6492207,-0.20074761,2.0786417,3.7074974,-0.083515406,-0.1122025,-2.8280141,-2.5527153,-0.35322404,-2.4200869,-2.21727,-0.27011877,2.4656081,0.1515685,-2.8609462,1.8602066,0.2755188,0.02056775,-0.7677493
3.1620526,0.060689162,-2.2200491,3.5983734,1.0210104,1.4276054,-1.2523285,-1.2426775,1.4485557,-0.58941305,1.7785938,-0.5914611,-1.8747137,2.927489,0.19809012,2.2881284,3.5785244,-0.3093794,-0.6080472,-2.9738488,-2.61719,-1.0773867,-2.3627193,-1.9612038,-0.89578325,1.9135628,0.75769293,-2.4980876,1.4510643,-0.1412578,0.4224271,-0.03847041
3.212223,0.2055481,-2.1954935,3.6431084,1.0630465,1.4051611,-1.32813,-1.1748648,1.5718114,-0.6780773,1.7759577,-0.6927007,-1.9567909,2.9767604,0.29350194,2.2841187,3.5746567,-0.400173,-0.7160936,-3.0024579,-2.5671806,-1.2327583,-2.3777032,-1.9312719,-1.007549,1.7800589,0.87843496,-2.4496226,1.3294009,-0.22550873,0.48094296,0.08022146
3.1487978,-0.08399715,-2.3341072,3.6859806,0.93685037,1.3733509,-1.368891,-1.2960602,1.4695313,-0.6026759,1.8522285,-0.59339464,-1.8875583,2.9316602,0.17962356,2.2493713,3.6590848,-0.33402792,-0.5707316,-3.0082235,-2.584723,-1.0007324,-2.468977,-2.0650885,-0.84076035,1.996755,0.68712896,-2.6095114,1.4835756,-0.0556108,0.31029552,-0.15272632
2.9330115,-0.88317186,-2.5359387,3.5590367,0.5956159,1.3336279,-1.3698351,-1.6161312,1.0751265,-0.22917981,2.03334,-0.15689941,-1.5432026,2.613314,-0.24318822,2.0254126,3.7909992,-0.10215275,-0.07527566,-2.8273773,-2.476683,-0.26914454,-2.5448613,-2.3117728,-0.19239159,2.5386672,0.06272726,-2.971113,1.8913044,0.37653136,-0.11875363,-0.8615287
2.8517385,-1.3603609,-2.5844274,3.3589892,0.48080224,1.3967227,-1.2642095,-1.8248856,0.78292817,0.09234414,2.1411018,0.1648153,-1.299439,2.4273133,-0.5287634,1.8868132,3.747295,0.07249649,0.2871428,-2.6346889,-2.4767652,0.20815282,-2.439105,-2.358827,0.25180387,2.8716407,-0.33937922,-3.1072476,2.1748118,0.5473231,-0.2744487,-1.3211155
2.8769183,-1.1762278,-2.6013446,3.458985,0.51000106,1.3798063,-1.333832,-1.7604538,0.90341693,-0.06497655,2.1065423,0.025653815,-1.4290763,2.508935,-0.38620406,1.9236419,3.7892315,-0.018361926,0.10123372,-2.76318,-2.4963193,0.0077725886,-2.5226884,-2.3599586,0.042280722,2.7498953,-0.18451853,-3.0789876,2.0658953,0.5012412,-0.22940353,-1.122727
2.8672748,-1.1147846,-2.5710247,3.4820168,0.5374421,1.369166,-1.3010728,-1.7044942,0.90547335,-0.08560376,2.0743642,0.005717063,-1.4323224,2.5145578,-0.38286066,1.9455111,3.757969,-0.018110465,0.07831602,-2.748941,-2.4957728,-0.03952689,-2.4856997,-2.3460681,0.0033258914,2.7073398,-0.12899742,-3.0340185,2.020502,0.48618412,-0.19881779,-1.1021687
3.0569634,-0.5137488,-2.4489803,3.6246688,0.7647275,1.3658321,-1.3677689,-1.4634373,1.2461245,-0.39064056,1.9813354,-0.3660087,-1.7096182,2.7617736,-0.060873292,2.1362014,3.7433147,-0.20858307,-0.2962897,-2.9229894,-2.5559924,-0.6112073,-2.479374,-2.206629,-0.49795333,2.2851582,0.3621398,-2.8066337,1.6986554,0.17358069,0.11390219,-0.56260955
3.152154,-0.14133653,-2.3615081,3.6920445,0.9164699,1.3692148,-1.3740088,-1.3394705,1.4357665,-0.5646691,1.8918202,-0.5595616,-1.8620622,2.9033747,0.15439601,2.2325914,3.7021878,-0.30759278,-0.5181217,-3.031313,-2.575343,-0.93291855,-2.4639113,-2.0790563,-0.7814087,2.034991,0.65104204,-2.6538897,1.522209,-0.03479054,0.3029576,-0.20479217
3.1007066,-0.46881732,-2.4212823,3.609986,0.8290507,1.4081942,-1.2988346,-1.4656484,1.2485594,-0.34658045,1.9532363,-0.34456244,-1.685696,2.7917106,-0.066252545,2.181322,3.6975029,-0.17703472,-0.28345603,-2.9025426,-2.581159,-0.6125769,-2.4092112,-2.1234188,-0.49184194,2.2843127,0.40478843,-2.7539248,1.7114136,0.09317787,0.18212911,-0.51702285
2.929335,-1.011542,-2.5704303,3.5365558,0.58513796,1.3756195,-1.3199364,-1.6792005,0.989913,-0.13029322,2.0691023,-0.070850566,-1.4857265,2.5877318,-0.32514223,2.0027578,3.7771087,-0.052375544,0.009441376,-2.798864,-2.5136611,-0.13635893,-2.4953187,-2.3021705,-0.084122084,2.6506505,-0.021833371,-3.0029213,1.9651365,0.4089554,-0.13770649,-0.98914397
2.9629836,-0.87925434,-2.534348,3.5504062,0.65212834,1.3939047,-1.2942324,-1.6261228,1.0397097,-0.19358101,2.036041,-0.13246056,-1.5467193,2.6423197,-0.25224102,2.0380363,3.7384276,-0.08159413,-0.07738624,-2.827565,-2.5662522,-0.25913495,-2.4645853,-2.256785,-0.20300885,2.5679467,0.07367215,-2.93857,1.9124371,0.34266108,-0.05795479,-0.87483823
3.0036974,-0.70498264,-2.4301207,3.519699,0.706102,1.3900082,-1.2891563,-1.5197246,1.1058003,-0.23242354,2.0111914,-0.22577246,-1.572965,2.6594274,-0.21952438,2.100087,3.7144763,-0.119175136,-0.12520003,-2.8009121,-2.5365717,-0.39177027,-2.409193,-2.2193847,-0.28135896,2.419189,0.18564987,-2.8454604,1.8078449,0.2628119,0.041430306,-0.7771996
3.0959957,-0.19631362,-2.2453284,3.522037,0.87507457,1.3914106,-1.3018755,-1.3173317,1.3301437,-0.4643156,1.8721564,-0.48811045,-1.752147,2.7830844,0.0320055,2.2096171,3.6515052,-0.26097608,-0.41645163,-2.881411,-2.5282197,-0.83501625,-2.3797915,-2.0752006,-0.64606404,2.044124,0.5366043,-2.6159666,1.5409616,0.018919706,0.28037044,-0.32061356
2.857611,-1.2403463,-2.5892003,3.4472244,0.49283075,1.372621,-1.296851,-1.7483704,0.8592962,-0.0071797846,2.1275983,0.06028857,-1.3788395,2.4735694,-0.45645428,1.9134128,3.7683978,0.007214761,0.16935983,-2.7046905,-2.4836054,0.079446316,-2.476375,-2.3661644,0.11888313,2.7870343,-0.2301445,-3.0813866,2.0757234,0.53994024,-0.24952641,-1.2234437
2.75075,-1.5208219,-2.6137435,3.3252327,0.39290437,1.3756855,-1.244939,-1.8698019,0.6703549,0.15050864,2.1511343,0.26369613,-1.2328415,2.327381,-0.6139762,1.7803223,3.7317848,0.1129338,0.36473927,-2.5882716,-2.4329743,0.36233178,-2.4471169,-2.4111412,0.3804619,2.9684186,-0.49055845,-3.1712034,2.243211,0.66786015,-0.38311118,-1.4806668
3.0871835,-0.35686553,-2.3945444,3.6361117,0.8272842,1.3633373,-1.3412402,-1.3891373,1.3113822,-0.4487219,1.9226856,-0.43276125,-1.749913,2.8056564,-0.006541395,2.1783147,3.7001922,-0.23304994,-0.3800447,-2.929047,-2.549411,-0.73998517,-2.444955,-2.148864,-0.600896,2.17372,0.47726855,-2.7229042,1.6213837,0.086781815,0.19267583,-0.4296589
1.6055664,-2.8375936,-2.564177,2.2304463,-0.9164635,0.5433645,-1.4708884,-1.5448674,-0.21653771,0.46419495,2.140019,0.68946326,-0.2784954,0.75251716,-1.7213084,0.23453286,3.3680844,0.1477516,1.325299,-1.3677688,-0.8623347,1.7321064,-2.346285,-3.1071467,1.5723133,2.8640113,-1.7654358,-3.4042187,2.1045735,1.7773517,-1.4846046,-2.845816
1.5877068,-2.8676019,-2.5582018,2.1960065,-0.92618525,0.5318439,-1.4621731,-1.5542635,-0.25105855,0.4854136,2.1388571,0.7157772,-0.25810248,0.7319503,-1.7499659,0.21147689,3.3508809,0.1625967,1.3558474,-1.3412168,-0.84988356,1.7624592,-2.333784,-3.1134229,1.6060123,2.8708053,-1.79969,-3.399283,2.117063,1.787386,-1.502152,-2.8747153
1.6767336,-2.8503006,-2.55535,2.2135363,-0.8502178,0.5899788,-1.4223329,-1.6044928,-0.2262394,0.5363687,2.1402524,0.7516448,-0.25992832,0.79371744,-1.731535,0.3021497,3.3586674,0.19536836,1.3758194,-1.3853816,-0.9480076,1.7367451,-2.2969704,-3.0705273,1.615112,2.9223926,-1.773428,-3.4067264,2.1781924,1.725104,-1.4464247,-2.8592954
1.7219578,-2.817866,-2.557408,2.2439172,-0.8096239,0.60997427,-1.4101562,-1.6191237,-0.19236234,0.54537696,2.1432872,0.7453637,-0.27447814,0.8347801,-1.7113488,0.35949552,3.3782532,0.19976918,1.3645532,-1.4207865,-0.9992596,1.7018318,-2.2847342,-3.0518441,1.5941513,2.9327652,-1.7343826,-3.4083114,2.1859748,1.6930339,-1.4125712,-2.8364942
1.7333937,-2.7950425,-2.5639858,2.273678,-0.811096,0.6133322,-1.4227583,-1.6049675,-0.16036193,0.524907,2.147225,0.7180075,-0.29512104,0.84789085,-1.6948242,0.3712091,3.3915558,0.1810313,1.3335553,-1.442118,-1.0049448,1.6818008,-2.2950177,-3.0507882,1.560865,2.923209,-1.7104061,-3.411143,2.1667964,1.6968727,-1.4047062,-2.822
1.68277,-2.8294044,-2.5555248,2.2348824,-0.8555832,0.6007,-1.429401,-1.5913042,-0.20545182,0.5142336,2.1457543,0.7295726,-0.2774802,0.7965461,-1.7116241,0.30564296,3.3630435,0.17966864,1.348038,-1.3949507,-0.9439041,1.7252991,-2.3045495,-3.0678463,1.5892322,2.914528,-1.7563531,-3.413114,2.1679394,1.7264774,-1.4343303,-2.846714
1.6674776,-2.8532662,-2.546748,2.2039685,-0.86661357,0.5948039,-1.4197724,-1.5996132,-0.23515518,0.52817804,2.1430883,0.750075,-0.26007724,0.776736,-1.732283,0.28786173,3.3460758,0.19352481,1.3742664,-1.3697408,-0.9307604,1.7538688,-2.2924087,-3.073362,1.6185114,2.9183311,-1.783699,-3.4118454,2.1824107,1.7314758,-1.4463254,-2.868129
1.7466074,-2.808474,-2.5718458,2.2796273,-0.80105036,0.64047664,-1.4149097,-1.62449,-0.17284589,0.5293597,2.14878,0.7317108,-0.29853854,0.852627,-1.6840065,0.37483805,3.388366,0.1888648,1.3336303,-1.4424131,-1.0175397,1.691856,-2.2970111,-3.0471158,1.5689564,2.9453607,-1.715308,-3.422191,2.1956706,1.6826315,-1.3966833,-2.823325
1.8171604,-2.7754402,-2.5801167,2.3234491,-0.7480186,0.6860899,-1.4006746,-1.6480055,-0.13050914,0.5407256,2.1525548,0.73158395,-0.32010373,0.9084492,-1.6534226,0.44666988,3.4079673,0.19607627,1.3163667,-1.4902594,-1.0879653,1.6536337,-2.2863488,-3.0178964,1.5436865,2.9726443,-1.6746871,-3.4301727,2.2211242,1.6397467,-1.3491647,-2.7960384
1.7771772,-2.7795274,-2.5750833,2.3039076,-0.7837311,0.6564099,-1.4164414,-1.617975,-0.13969631,0.52063453,2.1506276,0.71694463,-0.3151943,0.8763132,-1.6644977,0.40397328,3.4017143,0.18238083,1.3101171,-1.4654063,-1.0387728,1.6621345,-2.297671,-3.0332177,1.5413163,2.9440207,-1.6874886,-3.422273,2.1889596,1.6683037,-1.3751938,-2.8013499
1.7291183,-2.824556,-2.5530963,2.2409718,-0.81903946,0.63065875,-1.405768,-1.6203972,-0.19664112,0.54063696,2.1462586,0.745564,-0.28068107,0.829337,-1.7117418,0.35384727,3.365162,0.1965582,1.3563057,-1.4145137,-0.99873435,1.721579,-2.2775662,-3.0451012,1.5955584,2.938142,-1.7467957,-3.411747,2.1960979,1.6961164,-1.406872,-2.8453834
1.7113606,-2.812282,-2.5770388,2.2924688,-0.838733,0.62711656,-1.4443896,-1.5970348,-0.16675098,0.49044785,2.1490006,0.69238794,-0.31591195,0.8362212,-1.679108,0.3381366,3.3903434,0.15832119,1.3011825,-1.4382817,-0.978905,1.6985838,-2.324654,-3.059609,1.5467626,2.9168773,-1.7169157,-3.41502,2.1540852,1.715777,-1.4187474,-2.8174834
1.6385759,-2.8323343,-2.5675156,2.2471414,-0.88739777,0.5691691,-1.4559523,-1.5677931,-0.20649156,0.4764784,2.1361477,0.69400513,-0.28609854,0.78152716,-1.7121731,0.2716195,3.3747604,0.15631995,1.3222892,-1.3886073,-0.9035429,1.7256136,-2.3336763,-3.0941532,1.5699366,2.8793247,-1.748126,-3.4036198,2.1241043,1.748358,-1.4650671,-2.8360994
1.6121082,-2.8373737,-2.5639868,2.2306378,-0.91093683,0.5513078,-1.4631145,-1.5510576,-0.22117586,0.46596795,2.1355987,0.69590247,-0.27823845,0.75467986,-1.7186196,0.23951988,3.3646188,0.15193732,1.3240755,-1.3658483,-0.86761886,1.7357136,-2.3413262,-3.1056476,1.5759652,2.868137,-1.7638947,-3.4062252,2.1163201,1.7658583,-1.4795663,-2.844369
1.676512,-2.8189578,-2.5769331,2.2706347,-0.8704728,0.6074277,-1.4602476,-1.5681554,-0.17963931,0.47355404,2.1467016,0.6929835,-0.30761132,0.8011174,-1.6777664,0.29294974,3.380378,0.15090315,1.2996378,-1.4092677,-0.92557657,1.7010784,-2.3472524,-3.0739868,1.5483983,2.9018555,-1.7338444,-3.4183707,2.1405709,1.7387499,-1.4410028,-2.8180172
1.6587937,-2.831835,-2.5572743,2.2341514,-0.87893647,0.59439486,-1.4457719,-1.571974,-0.2032797,0.4870994,2.137554,0.7071764,-0.2855305,0.7849012,-1.7038307,0.28211817,3.364109,0.16371524,1.3278706,-1.3863531,-0.9142019,1.7254188,-2.3242617,-3.0746171,1.5768973,2.891567,-1.7541939,-3.4065442,2.1423905,1.7377121,-1.449877,-2.8312721
1.6477957,-2.8250618,-2.5574574,2.2353537,-0.88051623,0.5778326,-1.4440188,-1.568493,-0.211273,0.48305115,2.1338985,0.70804226,-0.2788495,0.777909,-1.7118139,0.27466157,3.3650112,0.1638237,1.3281415,-1.3820883,-0.9046693,1.7265975,-2.3219204,-3.0840652,1.5784593,2.8833528,-1.7532005,-3.4049308,2.1370919,1.7374045,-1.4530764,-2.8345094
1.6287811,-2.8513553,-2.554292,2.2088912,-0.8897128,0.56503904,-1.4378908,-1.5771253,-0.2448388,0.5047495,2.1375873,0.73502856,-0.25706425,0.7558096,-1.7341505,0.25244868,3.3499036,0.17947121,1.3605716,-1.3598471,-0.8901042,1.7537546,-2.3151352,-3.094628,1.6113392,2.895842,-1.786858,-3.4089234,2.1554477,1.7511346,-1.4681394,-2.866737
1.6304805,-2.8635895,-2.551957,2.2052357,-0.8977189,0.5813818,-1.4417956,-1.5765761,-0.24088077,0.50419384,2.1435583,0.7300084,-0.2652529,0.7543586,-1.7293774,0.24758871,3.3441768,0.17472593,1.3584569,-1.3579899,-0.8901653,1.761496,-2.3181427,-3.0879726,1.6093311,2.9003468,-1.7936351,-3.4084504,2.1558104,1.7602504,-1.4696971,-2.868957
1.6448208,-2.8638818,-2.554216,2.2062333,-0.88430405,0.58059156,-1.4353275,-1.5891619,-0.23871906,0.5159784,2.1451395,0.73655,-0.26363182,0.76657975,-1.7367929,0.26530847,3.3507419,0.18287718,1.3668659,-1.3650538,-0.9108059,1.757995,-2.308068,-3.0851538,1.6131308,2.9078758,-1.7894382,-3.407891,2.1617823,1.751922,-1.4651808,-2.8723278
1.6332092,-2.8764415,-2.5473738,2.1831517,-0.87717783,0.55977106,-1.4200001,-1.6068347,-0.26818666,0.54065126,2.1406226,0.7606479,-0.23792548,0.7596723,-1.7627316,0.26527044,3.3423686,0.20365378,1.4023348,-1.3504989,-0.91414994,1.7761316,-2.2866383,-3.0939338,1.6444542,2.9129634,-1.8041302,-3.4053826,2.1776934,1.7447891,-1.4717954,-2.8936024
1.6391109,-2.8711278,-2.5560923,2.1967008,-0.87425613,0.5646752,-1.4235814,-1.6039366,-0.2605456,0.53420496,2.1393237,0.757661,-0.24390908,0.76439357,-1.7550262,0.2663507,3.3477216,0.19942589,1.3908576,-1.3576704,-0.9162532,1.7685493,-2.295177,-3.096501,1.6338772,2.9151702,-1.7963938,-3.4082355,2.1782153,1.7415907,-1.4700663,-2.8882413
1.6509634,-2.829414,-2.5606613,2.2315288,-0.88081044,0.571051,-1.4450697,-1.5713636,-0.20846212,0.4900229,2.1368155,0.7113716,-0.27581263,0.77993834,-1.7173367,0.27938583,3.3676658,0.16755569,1.3366151,-1.3826768,-0.91062605,1.7265408,-2.3189676,-3.0890832,1.5799189,2.887587,-1.7527739,-3.4094396,2.1400874,1.7398247,-1.4573765,-2.8422346
1.6866353,-2.818363,-2.5612717,2.2464137,-0.85425586,0.59906596,-1.4356209,-1.5849632,-0.1923851,0.50309575,2.141271,0.7176868,-0.28470978,0.80425227,-1.7025964,0.31253624,3.3724072,0.17344078,1.3327851,-1.403809,-0.945169,1.7117752,-2.312518,-3.069268,1.5745698,2.9066556,-1.7411449,-3.4131672,2.1578493,1.721495,-1.4331977,-2.8325047
1.647824,-2.8146052,-2.557066,2.2389748,-0.8873722,0.5787412,-1.4516299,-1.5540094,-0.20178232,0.4752895,2.1382318,0.6974343,-0.28714728,0.7748098,-1.7047908,0.270899,3.3642654,0.1540875,1.3113551,-1.3837321,-0.8956994,1.7191212,-2.3284876,-3.07968,1.5651003,2.8771658,-1.7510983,-3.4049404,2.1246324,1.7470474,-1.4507124,-2.8305998
1.7190397,-2.7893593,-2.552005,2.2561765,-0.83827984,0.62617177,-1.4307774,-1.5759933,-0.16295776,0.4979239,2.1392329,0.7053155,-0.30247173,0.82423085,-1.683164,0.3411478,3.3737893,0.16667593,1.305693,-1.4193972,-0.9641323,1.687892,-2.3064587,-3.0403836,1.5526115,2.9013832,-1.720787,-3.404934,2.1500149,1.7042118,-1.4060671,-2.8049111
1.7044106,-2.8224158,-2.5471673,2.2230217,-0.84554577,0.6198257,-1.4168314,-1.5946958,-0.20212474,0.5206771,2.138281,0.737862,-0.27757794,0.8033415,-1.7104889,0.3228731,3.357293,0.18831356,1.3455521,-1.3923514,-0.95600194,1.722913,-2.2915351,-3.0517821,1.591122,2.9160202,-1.754502,-3.4082596,2.177186,1.7076925,-1.4205574,-2.8363216
1.7823522,-2.790557,-2.5542755,2.2727761,-0.7823412,0.67301214,-1.3959057,-1.6305605,-0.15831968,0.5370561,2.1458504,0.73870313,-0.3009824,0.86796445,-1.6750958,0.40732273,3.3803573,0.19849694,1.3330455,-1.4478405,-1.0430849,1.685097,-2.274298,-3.0190923,1.569109,2.9512277,-1.7075943,-3.4199226,2.211783,1.6568019,-1.3653473,-2.808698
1.718392,-2.7758336,-2.5469072,2.2620792,-0.83166426,0.62424904,-1.4300202,-1.5757786,-0.1503566,0.49640578,2.1391296,0.6941779,-0.30327305,0.8325183,-1.6729237,0.35575408,3.383224,0.16663773,1.307676,-1.4278964,-0.9685129,1.6729803,-2.3061612,-3.0397582,1.5449955,2.893709,-1.7027607,-3.404274,2.1426892,1.6945641,-1.3987831,-2.791352
1.6617597,-2.8230708,-2.5397124,2.2060766,-0.87051135,0.59356344,-1.4269875,-1.5711781,-0.2143807,0.5073732,2.1348975,0.7267752,-0.26760036,0.77591825,-1.7143345,0.28719494,3.35189,0.17974417,1.3474543,-1.3718771,-0.91155577,1.7268841,-2.3026977,-3.0656352,1.5931368,2.8907168,-1.7622029,-3.4002464,2.1516402,1.7256988,-1.4403203,-2.8360534
1.9958264,-2.6652598,-2.5538716,2.551669,-0.5456892,0.8153633,-1.3182596,-1.7530181,-0.028633356,0.5726942,2.1839175,0.6460616,-0.43967968,1.0957595,-1.5229717,0.74453276,3.4892972,0.21360472,1.2648354,-1.704998,-1.3593477,1.5537724,-2.2509837,-2.9338362,1.4691141,3.055314,-1.5240583,-3.4112804,2.2720118,1.5588303,-1.2277426,-2.7008507
1.9892676,-2.7616909,-2.5908024,2.5372224,-0.5623003,0.8058654,-1.3156751,-1.806812,-0.08864126,0.63226664,2.201762,0.72453153,-0.4062664,1.0747106,-1.572994,0.71682745,3.4697862,0.25109872,1.3372748,-1.688413,-1.3715547,1.6345327,-2.2517567,-2.9700584,1.5440036,3.1374395,-1.6036689,-3.4610085,2.3644073,1.5962291,-1.2676628,-2.8002696
2.0777774,-2.4628892,-2.5353234,2.670293,-0.48453316,0.84353447,-1.3287256,-1.6734352,0.11524949,0.46167207,2.1516774,0.5115471,-0.53110695,1.1828698,-1.4103906,0.86151963,3.5462735,0.15284085,1.1103525,-1.8158293,-1.3935118,1.3910763,-2.2729418,-2.8964581,1.3016821,2.957812,-1.3675821,-3.3765101,2.1723962,1.500317,-1.1541319,-2.5373929
2.13742,-2.4695172,-2.5524678,2.6769931,-0.42563778,0.8868228,-1.3161399,-1.7122126,0.1301125,0.5144405,2.1780477,0.5476879,-0.53878736,1.2412609,-1.4029744,0.91001415,3.5558486,0.17387387,1.136697,-1.8326409,-1.4711978,1.3668067,-2.2540107,-2.867371,1.3104757,3.0101051,-1.3535299,-3.3827586,2.217317,1.453987,-1.1133436,-2.5492969
2.052875,-2.5965912,-2.5555956,2.62079,-0.49963063,0.8545166,-1.3157549,-1.7518688,0.019571494,0.5415279,2.182458,0.5964571,-0.4914863,1.1513307,-1.4732593,0.8182371,3.5183728,0.1971484,1.205101,-1.7733103,-1.415233,1.5008298,-2.2584019,-2.911082,1.4092453,3.0512996,-1.4681194,-3.4014144,2.2555707,1.5325677,-1.1896226,-2.6461005
1.9846923,-2.6306586,-2.5827947,2.6231866,-0.5954188,0.80436325,-1.377432,-1.711252,0.019262027,0.47544655,2.1806946,0.5590722,-0.49565682,1.091222,-1.4836055,0.72083384,3.5210903,0.1504153,1.1723759,-1.7531481,-1.3177392,1.5345424,-2.316211,-2.9615717,1.3928319,3.0114524,-1.4951409,-3.425054,2.2052157,1.6028261,-1.2498772,-2.6607046
1.9640392,-2.6564567,-2.5715394,2.5622602,-0.60635453,0.7867682,-1.3686148,-1.7071273,0.0018168449,0.5085521,2.1822505,0.5965539,-0.4589684,1.0687662,-1.5153158,0.6876431,3.4987683,0.16451767,1.2125194,-1.7062314,-1.2986939,1.5508766,-2.2911415,-2.956349,1.429343,3.0094833,-1.5222301,-3.4246087,2.2155414,1.6016083,-1.2552636,-2.6908727
2.0194995,-2.623323,-2.54435,2.5485702,-0.54628587,0.82896185,-1.3280475,-1.7279717,0.02629609,0.5422576,2.1754441,0.61908,-0.454166,1.1160139,-1.5015161,0.75459754,3.4943213,0.1898245,1.2332671,-1.7142923,-1.3607525,1.5182588,-2.2450585,-2.907991,1.4361675,3.0208054,-1.4931853,-3.4070344,2.2446735,1.5387521,-1.2016361,-2.6623533
2.0713658,-2.544357,-2.557494,2.622896,-0.51222694,0.8568193,-1.3462442,-1.701711,0.10439043,0.49817267,2.1676304,0.55786693,-0.5074993,1.177736,-1.4402539,0.81399333,3.5332437,0.15733775,1.1551573,-1.776214,-1.3906181,1.4338268,-2.2754033,-2.8916168,1.3507606,2.9924932,-1.411147,-3.3949935,2.203183,1.500923,-1.1690298,-2.5825868
2.013227,-2.581427,-2.577438,2.6282735,-0.54960585,0.8067347,-1.3704201,-1.6966436,0.05849848,0.49042663,2.1773624,0.55719215,-0.49677557,1.1344696,-1.466872,0.76250577,3.5353637,0.15281072,1.1633102,-1.7633317,-1.3471003,1.464441,-2.3066695,-2.9395146,1.3627977,2.9958146,-1.4442912,-3.4043813,2.189385,1.5570955,-1.2185453,-2.620634
2.1619847,-2.639832,-2.6610172,2.7544677,-0.4420916,0.9081823,-1.3653878,-1.83535,0.08791046,0.56322,2.2428699,0.6123792,-0.55699146,1.2913358,-1.435148,0.9109414,3.5758224,0.19363153,1.1973794,-1.8774803,-1.5660855,1.4643838,-2.3136451,-2.928718,1.3735754,3.1720557,-1.4286782,-3.4808362,2.346514,1.5034872,-1.158623,-2.6739354
2.2735407,-2.5775852,-2.649633,2.791792,-0.3484519,0.99403125,-1.3217536,-1.8694143,0.13890496,0.58167124,2.241868,0.61287653,-0.5963253,1.3872609,-1.3889691,1.0316409,3.5827286,0.2097166,1.1822517,-1.9337847,-1.6857452,1.4120616,-2.2728841,-2.867373,1.3424505,3.2028718,-1.3705893,-3.4686065,2.3900883,1.4159015,-1.0752084,-2.6234105
2.0307975,-2.459842,-2.5113935,2.6350083,-0.53013474,0.8182996,-1.3463714,-1.6404116,0.110677384,0.42427582,2.1415746,0.47888726,-0.5283968,1.1413953,-1.4137042,0.8093497,3.5331676,0.13018468,1.0958287,-1.7796234,-1.3278263,1.3986963,-2.2832952,-2.896687,1.2980055,2.9036095,-1.3722631,-3.357534,2.1185694,1.5200274,-1.173171,-2.5171256
2.1547656,-2.4039655,-2.5496182,2.7267616,-0.42747754,0.8953988,-1.3416291,-1.6818088,0.1878457,0.44731522,2.1580076,0.4759256,-0.5823287,1.2723086,-1.3534491,0.9343581,3.5746274,0.13442357,1.0623857,-1.8733807,-1.4619797,1.3165424,-2.2805543,-2.8553612,1.2435087,2.9573126,-1.2939526,-3.3700778,2.1655457,1.4362042,-1.0963167,-2.475503
2.062875,-2.571391,-2.5997596,2.6828272,-0.54282063,0.8355795,-1.3889811,-1.7072468,0.1008121,0.46791926,2.193684,0.5336987,-0.5430973,1.1688607,-1.433663,0.7963832,3.5514235,0.134003,1.1272666,-1.810921,-1.3871448,1.4481289,-2.331503,-2.9326153,1.3275515,3.0201747,-1.4233668,-3.435479,2.2039227,1.5602062,-1.1997156,-2.608712
2.0629215,-2.553873,-2.5680158,2.6665885,-0.52836806,0.850962,-1.3590324,-1.7073443,0.08348937,0.47314817,2.1819644,0.5306232,-0.54012954,1.1563631,-1.4351411,0.81097424,3.5392222,0.14614782,1.129527,-1.8051374,-1.3903092,1.453516,-2.310119,-2.915578,1.3346626,3.0108528,-1.4271505,-3.4064877,2.1974063,1.5525177,-1.1907997,-2.5961413
2.038542,-2.6452591,-2.543676,2.576594,-0.522731,0.864476,-1.2985046,-1.7684078,-0.017531157,0.5592063,2.1779206,0.62456936,-0.46795624,1.1173416,-1.5041258,0.7884432,3.4911175,0.21384807,1.2437434,-1.7414939,-1.403794,1.5611651,-2.2388775,-2.912632,1.458647,3.0676963,-1.5195662,-3.3982282,2.2810245,1.5500567,-1.2085638,-2.6854637
1.945005,-2.6824741,-2.5137305,2.476831,-0.5874439,0.7903192,-1.2949791,-1.7285191,-0.08072595,0.5698161,2.1668706,0.6585506,-0.4036755,1.0171396,-1.5626469,0.6835909,3.4495988,0.22565982,1.2915885,-1.6460212,-1.2913806,1.610672,-2.219674,-2.9379945,1.5145967,3.0224833,-1.5799257,-3.3898704,2.256096,1.5941391,-1.2572993,-2.729631
2.1004744,-2.4458308,-2.5585752,2.7244997,-0.46740484,0.8502294,-1.3583028,-1.6792202,0.1362176,0.4426484,2.17636,0.48169774,-0.5766681,1.2144468,-1.3768066,0.88097984,3.5725605,0.13284282,1.0757579,-1.8557457,-1.415692,1.3547153,-2.3100257,-2.893809,1.2631066,2.9692218,-1.3364975,-3.382836,2.1556556,1.5021465,-1.1441056,-2.5142007
2.1089969,-2.4007516,-2.53897,2.7301528,-0.44600034,0.85238665,-1.3483938,-1.6536773,0.16020289,0.4408856,2.1665606,0.46693546,-0.58061755,1.2307718,-1.3573501,0.90722483,3.5723972,0.12985376,1.0602577,-1.8576177,-1.4176046,1.3098751,-2.3064897,-2.882393,1.2345392,2.9451275,-1.2979542,-3.3621736,2.1360312,1.4758012,-1.1255678,-2.4755301
2.0261548,-2.4966435,-2.5263557,2.6171627,-0.5073654,0.81302404,-1.3316219,-1.6622626,0.07717428,0.48586735,2.15688,0.5370042,-0.49690396,1.1406777,-1.4401503,0.80447644,3.5308952,0.16041942,1.1460385,-1.7597215,-1.3434546,1.4092653,-2.2719865,-2.9050517,1.3348278,2.947818,-1.3944666,-3.3605552,2.155616,1.5125352,-1.1795843,-2.559702
2.048574,-2.4967058,-2.5347848,2.6443565,-0.49789014,0.8359334,-1.3330271,-1.6875801,0.085487746,0.47173506,2.1521168,0.52601796,-0.5122949,1.1663413,-1.4294055,0.83006877,3.5406375,0.15813163,1.1371291,-1.7917397,-1.37549,1.4196545,-2.2722049,-2.8971019,1.3343786,2.9609497,-1.3939459,-3.366469,2.1708007,1.5072477,-1.1707584,-2.5539412
2.0085337,-2.6626117,-2.5568871,2.5756342,-0.561801,0.8368206,-1.3262308,-1.7556022,-0.013022232,0.5351888,2.173015,0.61400187,-0.4632309,1.103779,-1.5100695,0.7539656,3.494207,0.1974245,1.234618,-1.7288597,-1.3658152,1.5668894,-2.2626379,-2.9318612,1.4541154,3.047329,-1.5248079,-3.4121418,2.2640297,1.566977,-1.230612,-2.6834974
2.0429606,-2.640043,-2.5747628,2.616639,-0.5432366,0.8550981,-1.3411467,-1.7553518,0.025806809,0.52720606,2.1862216,0.59711146,-0.49084935,1.1377535,-1.4797606,0.7821163,3.5147076,0.18207085,1.2070175,-1.7643764,-1.3948405,1.5329206,-2.2798295,-2.9255683,1.4182756,3.0592492,-1.4908516,-3.4271836,2.2633424,1.5542684,-1.2110821,-2.664781
2.2323947,-2.5655067,-2.5962481,2.712313,-0.35745174,0.98821294,-1.283074,-1.849334,0.09974532,0.60466605,2.2100463,0.6306457,-0.5488056,1.3316737,-1.4128965,0.9982694,3.5504982,0.22414927,1.2058636,-1.8780435,-1.6338886,1.4361212,-2.2268243,-2.8388076,1.3798549,3.1633496,-1.3935249,-3.4265218,2.369424,1.4072869,-1.0731341,-2.6167722
2.2859335,-2.5958824,-2.6455472,2.766611,-0.3151185,1.0137599,-1.2974408,-1.904733,0.116741896,0.6368242,2.2383137,0.6674156,-0.565712,1.4018886,-1.4022964,1.0439427,3.5728958,0.23863463,1.2270548,-1.9173447,-1.7102826,1.4211209,-2.2492604,-2.8373842,1.3800812,3.2373047,-1.3817152,-3.4609962,2.4296215,1.379333,-1.0527135,-2.6300163
2.1936767,-2.5707095,-2.642955,2.7602441,-0.41431016,0.9356046,-1.3563871,-1.816019,0.12821603,0.53918433,2.2167568,0.586033,-0.56930566,1.3145326,-1.3984592,0.9405405,3.590609,0.1802295,1.1592196,-1.8957653,-1.5657194,1.4128016,-2.305326,-2.8854356,1.3344796,3.131873,-1.3800621,-3.4499156,2.3103182,1.4512831,-1.1197786,-2.5974193
2.0512242,-2.4268632,-2.5615854,2.7281222,-0.52337456,0.8194982,-1.4046612,-1.6382353,0.15910025,0.37166953,2.156238,0.41827774,-0.5888773,1.1914488,-1.3640621,0.83020896,3.5816872,0.08790793,1.0298536,-1.8499472,-1.3456155,1.3461311,-2.350095,-2.9133372,1.2259241,2.8997338,-1.3167088,-3.3688927,2.0839238,1.5212166,-1.1692429,-2.475851
2.0231123,-2.5077996,-2.5279388,2.6015573,-0.5274898,0.8114578,-1.3349723,-1.6587102,0.07867394,0.4797175,2.1521554,0.53548443,-0.49472135,1.13049,-1.4555874,0.78878546,3.518978,0.15282314,1.138959,-1.7548004,-1.3387979,1.4316158,-2.2638545,-2.9042027,1.3427131,2.9424667,-1.4171326,-3.369159,2.1577356,1.5308597,-1.1852751,-2.5795949
1.9857867,-2.6322742,-2.5636954,2.5753188,-0.57342577,0.7983631,-1.3484358,-1.7164929,0.0029569627,0.5145561,2.174931,0.5976167,-0.45993194,1.0889323,-1.5075617,0.7272334,3.5096564,0.18060386,1.2156948,-1.7214533,-1.3249159,1.530618,-2.2780168,-2.9493136,1.4245232,3.0118604,-1.5026758,-3.4101639,2.221055,1.5763677,-1.2402694,-2.6706607
2.2097297,-2.75758,-2.3355594,2.0963411,-0.20790985,1.1641831,-0.9068224,-2.0936646,-0.33253744,1.0818813,2.0634613,1.1065842,-0.16049957,1.2024598,-1.7237507,1.0244404,3.116721,0.55917764,1.735569,-1.4980382,-1.7353861,1.8048474,-1.7768791,-2.6296697,1.9193081,3.3280463,-1.6932385,-3.2610526,2.811403,1.1790006,-0.8822611,-2.8312147
2.222158,-2.7822251,-2.3674157,2.143683,-0.20948553,1.1665028,-0.93464434,-2.117063,-0.3267524,1.0587056,2.086722,1.092001,-0.18949795,1.2183187,-1.7120273,1.0172821,3.1475713,0.55471975,1.7169567,-1.5270401,-1.7504658,1.8107951,-1.8077444,-2.6423695,1.9096215,3.3556283,-1.6994461,-3.2909694,2.8195975,1.1955446,-0.899439,-2.845819
2.2496967,-2.7382371,-2.3767447,2.196693,-0.19397867,1.175414,-0.9456011,-2.1012406,-0.2721301,1.0276935,2.0846374,1.0536834,-0.22068433,1.2571089,-1.676163,1.0607309,3.1818292,0.52714485,1.6656768,-1.5682507,-1.7792734,1.7598225,-1.8217882,-2.6318529,1.8558887,3.3388512,-1.6457103,-3.2884793,2.7830892,1.1814392,-0.8802763,-2.7965074
2.1914647,-2.7831392,-2.3501234,2.1197474,-0.21881548,1.1517141,-0.92073315,-2.106805,-0.34933105,1.0718008,2.0740085,1.0864406,-0.16958079,1.2018683,-1.73023,1.0101131,3.1348517,0.5618478,1.7326844,-1.5079304,-1.7307581,1.8297154,-1.78949,-2.647626,1.9280379,3.336757,-1.7074369,-3.2677503,2.809482,1.1987087,-0.9102338,-2.8529878
2.1359391,-2.8636644,-2.358586,2.072476,-0.2733458,1.1222365,-0.93521863,-2.1211677,-0.41362357,1.0860951,2.0858517,1.1166164,-0.14045492,1.1431141,-1.7764645,0.92396164,3.1127408,0.5833699,1.7833469,-1.4642146,-1.6642891,1.9101645,-1.7987187,-2.6896489,1.9916751,3.351622,-1.7942569,-3.2879708,2.839773,1.2460134,-0.973452,-2.9327717
2.1864235,-2.8103983,-2.3906333,2.1637452,-0.2493475,1.1322297,-0.96526563,-2.1055484,-0.3324957,1.0326803,2.0945103,1.0654287,-0.19527645,1.1987115,-1.7200928,0.97525424,3.1709077,0.53809,1.6999534,-1.5322814,-1.7127603,1.8301424,-1.8376026,-2.6781614,1.9060733,3.343594,-1.7175363,-3.3015869,2.7906632,1.2353351,-0.9498146,-2.8647113
2.1671634,-2.806027,-2.4010458,2.1802871,-0.2770658,1.1102335,-0.98806685,-2.0815783,-0.31634468,1.0000397,2.092092,1.0361555,-0.20687222,1.1875312,-1.7130604,0.9547904,3.19213,0.51373297,1.6664623,-1.540323,-1.6854721,1.8201389,-1.8596789,-2.6948292,1.8815012,3.3156285,-1.7085705,-3.301057,2.747805,1.254725,-0.9745636,-2.8494122
2.1421578,-2.8573155,-2.396522,2.1412747,-0.2910904,1.1039072,-0.98314446,-2.1015317,-0.3611138,1.0343479,2.0999858,1.0695966,-0.18198486,1.1623442,-1.7443873,0.9187645,3.1654518,0.53752005,1.7163337,-1.5076413,-1.6658542,1.8688862,-1.8497686,-2.7067368,1.9315284,3.3381286,-1.7583053,-3.3063617,2.784306,1.2711933,-0.9963504,-2.9012876
2.1889431,-2.7937486,-2.3721273,2.151645,-0.2319284,1.1423784,-0.9443763,-2.0987306,-0.32989803,1.0534672,2.0911582,1.0655569,-0.19229417,1.2058696,-1.7161309,0.99782,3.164639,0.53892833,1.7068055,-1.528113,-1.7300384,1.8226061,-1.814455,-2.6605325,1.9039183,3.3370109,-1.6992834,-3.2801921,2.7854905,1.2209808,-0.9333639,-2.8529887
2.2179773,-2.7617066,-2.3715954,2.1734753,-0.20831499,1.160826,-0.9414318,-2.0957673,-0.30083996,1.0432998,2.0893826,1.0549631,-0.2080706,1.2319329,-1.6930205,1.0319275,3.1736298,0.5306907,1.6830689,-1.5480049,-1.7597992,1.7890365,-1.8133322,-2.6415038,1.877594,3.3353832,-1.6668549,-3.2791367,2.7788653,1.200724,-0.90389395,-2.8220656
2.2510874,-2.7380931,-2.3793123,2.204693,-0.18767413,1.1799686,-0.9455012,-2.096762,-0.2634079,1.0344487,2.0907671,1.0448523,-0.2300796,1.2670392,-1.6701012,1.0667236,3.189362,0.51767343,1.6577427,-1.5734377,-1.7923717,1.7547686,-1.8210201,-2.6269557,1.8460772,3.339988,-1.6372305,-3.281798,2.772797,1.1838193,-0.8818353,-2.7949243
2.233749,-2.7688072,-2.3753564,2.1784506,-0.2015582,1.176615,-0.94183123,-2.1117,-0.2941047,1.0481704,2.0904613,1.0633364,-0.21344051,1.2469909,-1.6912483,1.0439854,3.1741817,0.5339745,1.6857427,-1.5551142,-1.776112,1.7892472,-1.8156649,-2.63475,1.87936,3.350946,-1.6704528,-3.2836747,2.7955322,1.1926429,-0.8972534,-2.8217294
2.2066722,-2.8086896,-2.3798938,2.1560972,-0.23198757,1.1619422,-0.9521483,-2.1177835,-0.32722926,1.0490925,2.0974095,1.0754163,-0.20251803,1.2136801,-1.7138243,0.99772453,3.1628342,0.54060733,1.7041531,-1.5334791,-1.7414074,1.8312134,-1.8220154,-2.6564367,1.9081383,3.3580132,-1.7172893,-3.2960422,2.8073702,1.221324,-0.9304945,-2.8619952
2.1514893,-2.8537364,-2.3743334,2.1070418,-0.27754655,1.1330107,-0.9574534,-2.116909,-0.38257933,1.0543139,2.0906549,1.0921421,-0.16984434,1.1571563,-1.7539947,0.9294125,3.1377594,0.55885524,1.7371216,-1.4901967,-1.6745379,1.8888292,-1.8214442,-2.6874738,1.9549938,3.348268,-1.7751443,-3.2950199,2.8150206,1.249313,-0.9739603,-2.9071388
2.1394572,-2.8674076,-2.365563,2.0818639,-0.274277,1.1309816,-0.94634306,-2.1248527,-0.40779322,1.0781571,2.0889804,1.1109959,-0.15212432,1.1464747,-1.7702436,0.91771775,3.119133,0.5764405,1.7656415,-1.4697506,-1.6661365,1.9062573,-1.8091844,-2.6880844,1.9794937,3.3552177,-1.7910866,-3.2894359,2.8333423,1.2455049,-0.9744814,-2.9262786
2.2092566,-2.7731488,-2.3418202,2.1192555,-0.2036808,1.1720896,-0.9116229,-2.1122692,-0.33951768,1.0762312,2.0753357,1.0897706,-0.17797065,1.2128745,-1.720177,1.0290492,3.1332402,0.56228405,1.7303463,-1.5121028,-1.7522539,1.8203287,-1.7798414,-2.630747,1.9216225,3.3426101,-1.6950611,-3.2641346,2.816236,1.1837727,-0.8907894,-2.8410845
2.1590762,-2.8241735,-2.3723614,2.119713,-0.2668417,1.1251913,-0.95491695,-2.0997643,-0.36299577,1.0448571,2.086,1.0801938,-0.17277952,1.1655666,-1.7415794,0.94584006,3.1463885,0.54919827,1.7227482,-1.499604,-1.6807826,1.8586897,-1.8223528,-2.681901,1.9345539,3.3325896,-1.7447459,-3.289451,2.7947264,1.2410461,-0.9603019,-2.8813376
2.144192,-2.8439279,-2.3981667,2.1448236,-0.2968896,1.1004058,-0.98460406,-2.0916295,-0.35706866,1.0178931,2.099129,1.0664161,-0.1842372,1.1534582,-1.7397629,0.9132422,3.1698654,0.5325466,1.705582,-1.510139,-1.654226,1.8639845,-1.8550978,-2.710685,1.9223464,3.3297646,-1.7559227,-3.312299,2.7765749,1.2729231,-0.99584645,-2.8950055
2.180894,-2.80573,-2.418028,2.2094002,-0.2823053,1.1098297,-0.99967086,-2.079693,-0.29498887,0.97909486,2.1049075,1.0253803,-0.22351651,1.1961133,-1.6990035,0.9590907,3.2145202,0.5018053,1.6529806,-1.5622883,-1.6934271,1.8126758,-1.8747829,-2.7039561,1.8643868,3.3217132,-1.7022636,-3.3206468,2.744466,1.2650816,-0.98184663,-2.8499482
2.1631942,-2.8293014,-2.383639,2.1416585,-0.27276033,1.1279694,-0.96135795,-2.1037624,-0.35318297,1.0313671,2.0922155,1.0647199,-0.18587895,1.1750095,-1.7335602,0.9548408,3.164132,0.5422107,1.7112051,-1.5188845,-1.6911342,1.8636272,-1.8297024,-2.6868882,1.9281666,3.3368707,-1.7448733,-3.2970996,2.7922056,1.2504934,-0.9703251,-2.882894
2.2097185,-2.778761,-2.3558354,2.1355011,-0.20728502,1.1678083,-0.9239442,-2.1117544,-0.3345912,1.0695922,2.082187,1.0815481,-0.18515281,1.2183203,-1.7159159,1.0249074,3.1438084,0.55447686,1.7181823,-1.5222787,-1.7530725,1.8195069,-1.793165,-2.6364791,1.915069,3.3467164,-1.6967913,-3.272401,2.8104224,1.1952288,-0.9003728,-2.8442369
2.2542214,-2.7320929,-2.366364,2.1863377,-0.17512728,1.1792696,-0.92843753,-2.1019547,-0.27472812,1.0537082,2.0837693,1.0642141,-0.21251412,1.266541,-1.6798836,1.0766748,3.1711078,0.5339868,1.6844238,-1.5607792,-1.79505,1.7551477,-1.805048,-2.6215806,1.8616577,3.3434837,-1.6377466,-3.2775283,2.7917879,1.1705694,-0.8668065,-2.7988448
2.2666621,-2.7139695,-2.3927271,2.2348409,-0.18554562,1.1713977,-0.96115047,-2.0847297,-0.22862181,1.0080483,2.087083,1.0331187,-0.23974308,1.2829196,-1.6525478,1.0775564,3.2082105,0.50530905,1.6346534,-1.5939541,-1.7915065,1.7160189,-1.8412998,-2.633213,1.8149818,3.3283145,-1.6084659,-3.29329,2.7551496,1.1761132,-0.873577,-2.7681787
2.280766,-2.70171,-2.423717,2.296507,-0.20441382,1.1710756,-1.0038635,-2.067428,-0.17180689,0.9480488,2.0973704,0.9841986,-0.2850595,1.30458,-1.6156515,1.0783789,3.2590435,0.46584016,1.5676132,-1.6370518,-1.7924179,1.6805687,-1.8840662,-2.6442509,1.7581562,3.3115973,-1.5780282,-3.3108952,2.708121,1.1888962,-0.88988256,-2.7345703
2.2200456,-2.785929,-2.4040751,2.2064912,-0.24602346,1.1502801,-0.987311,-2.0973432,-0.27721342,0.9932667,2.0985224,1.039032,-0.23158956,1.2290598,-1.6841176,1.001416,3.2018528,0.5091923,1.6494137,-1.5668973,-1.7361454,1.7873881,-1.8599838,-2.6670334,1.8578726,3.3360038,-1.6811569,-3.3125367,2.764408,1.227194,-0.93533057,-2.8220806
2.160417,-2.837477,-2.3792632,2.1322567,-0.26640496,1.1251131,-0.95865095,-2.1085477,-0.3611373,1.0493262,2.0943782,1.0784271,-0.1788673,1.1747643,-1.7414773,0.9499199,3.1556935,0.54904044,1.7277889,-1.5070341,-1.6901999,1.863734,-1.8258711,-2.6870036,1.9348431,3.3432827,-1.7469734,-3.2948544,2.7996328,1.2464178,-0.9686143,-2.891653
2.19803,-2.7914002,-2.4025245,2.2005506,-0.25460845,1.1299541,-0.98084337,-2.0909753,-0.29340383,1.0022662,2.0950868,1.0352687,-0.2187489,1.217198,-1.699104,0.9926586,3.200459,0.51370364,1.6641273,-1.5592911,-1.7214226,1.8016119,-1.8536686,-2.6824844,1.8672059,3.3281827,-1.6877897,-3.3039932,2.758578,1.2369541,-0.9529966,-2.8370407
2.2105076,-2.7699394,-2.3954332,2.1965823,-0.23707192,1.1368626,-0.96853906,-2.0879931,-0.29242212,1.0089346,2.090146,1.0412029,-0.21668687,1.2225925,-1.6955535,1.0078042,3.193232,0.51810205,1.6643013,-1.5582144,-1.7306849,1.7891209,-1.8448658,-2.6709397,1.8637127,3.3278346,-1.6790478,-3.298568,2.762537,1.223476,-0.9338852,-2.827605
2.165444,-2.8137488,-2.3842738,2.1371305,-0.27816176,1.1144831,-0.968207,-2.0838008,-0.34364086,1.0236282,2.0913663,1.0698863,-0.1869761,1.165143,-1.7295368,0.943869,3.1620545,0.5309888,1.7004274,-1.5108888,-1.6738638,1.8431317,-1.8385875,-2.6894414,1.911362,3.3229156,-1.7381214,-3.3019092,2.774683,1.2545583,-0.9690445,-2.8736868
2.188702,-2.7709084,-2.384214,2.1677403,-0.27008167,1.1229546,-0.97623616,-2.061309,-0.28915834,0.99516785,2.0825396,1.0418366,-0.206912,1.1925845,-1.6985214,0.97806513,3.1813293,0.5045119,1.6566677,-1.5376127,-1.6917315,1.7919394,-1.8474716,-2.6756692,1.8644416,3.2987583,-1.6890761,-3.2970402,2.7402825,1.2381623,-0.945807,-2.8220305
2.7897365,-1.694389,-2.8678353,3.5582492,0.2338694,1.130899,-1.5942559,-1.8182919,0.8181332,0.079904124,2.2302907,0.21210352,-1.1929629,2.2738156,-0.66619027,1.6588386,3.861093,0.029129887,0.43228453,-2.5421038,-2.1200783,0.33779404,-2.6205447,-2.6536381,0.38289723,2.9392467,-0.3776358,-3.3630188,2.1165268,0.7398765,-0.54413116,-1.621741
2.7448914,-1.8668464,-2.9629014,3.5638287,0.124432065,1.0988529,-1.6696155,-1.8833597,0.7900239,0.1135869,2.291623,0.2519896,-1.1790601,2.2229025,-0.699641,1.5731398,3.9104354,0.005606866,0.47204947,-2.5415778,-2.0834103,0.46687213,-2.723472,-2.7335553,0.4711291,3.0427186,-0.48990098,-3.4607842,2.168204,0.84074557,-0.67247397,-1.7248619
2.8116088,-1.6972115,-2.8697348,3.5506942,0.24223748,1.1441338,-1.6003904,-1.8366741,0.8248809,0.09344907,2.2428632,0.22326994,-1.1945021,2.2815473,-0.6583619,1.6637112,3.8777187,0.024234485,0.4276019,-2.5507898,-2.1350226,0.33265966,-2.637183,-2.6431994,0.38464814,2.9591775,-0.38160557,-3.3750648,2.1287098,0.73311365,-0.5521927,-1.605471
2.702365,-2.0257225,-2.9530416,3.4694545,0.08957221,1.1181964,-1.5923678,-1.9444561,0.6597309,0.23860665,2.3100443,0.37643763,-1.0712522,2.130768,-0.832224,1.5094032,3.8734717,0.08522804,0.6162869,-2.4558442,-2.086704,0.6464348,-2.642292,-2.74583,0.6486734,3.1497867,-0.6529493,-3.4917607,2.26659,0.9079881,-0.7159589,-1.9066658
2.6268806,-2.1385655,-2.90456,3.364217,0.0658263,1.1244242,-1.5127428,-1.9907776,0.5304253,0.33934972,2.2962608,0.48825645,-0.97930145,2.0483909,-0.9326984,1.4637228,3.823272,0.17216457,0.73242223,-2.3538616,-2.0596457,0.7858926,-2.5793116,-2.7485702,0.8049308,3.2129922,-0.7832823,-3.4880493,2.3511465,0.9524711,-0.75753397,-2.031498
2.7704048,-1.7755741,-2.8808212,3.5326543,0.19376417,1.1252891,-1.6007202,-1.8547039,0.7826406,0.12053575,2.2542229,0.24539049,-1.1675608,2.2448232,-0.70208037,1.6390646,3.8820794,0.03702452,0.48153067,-2.5348625,-2.1189537,0.41769513,-2.636715,-2.6776767,0.45917016,2.9948125,-0.45140362,-3.396586,2.1554482,0.7859875,-0.5960132,-1.6842598
2.764585,-1.7523661,-2.8858523,3.5479481,0.18822455,1.117551,-1.6221392,-1.8448102,0.8038534,0.09296842,2.2554736,0.22087331,-1.1907202,2.252468,-0.67612904,1.6400954,3.902417,0.015112805,0.4467059,-2.552578,-2.1104026,0.3855486,-2.6715088,-2.6880853,0.42416048,2.9759226,-0.42713213,-3.3964782,2.1346314,0.78623575,-0.607757,-1.6490072
2.8195195,-1.6304228,-2.8793979,3.604113,0.22377177,1.1241366,-1.6642784,-1.7969602,0.89930344,0.019383479,2.2610812,0.12569806,-1.2667339,2.3133957,-0.591483,1.6793276,3.9175174,-0.053120352,0.35354677,-2.618113,-2.1347272,0.2647285,-2.6913455,-2.6553726,0.30301046,2.901347,-0.31980848,-3.368419,2.0598252,0.7345685,-0.5454149,-1.5407875
2.810125,-1.5632126,-2.8198864,3.5859313,0.2793909,1.1454089,-1.5985324,-1.7613647,0.8779434,0.013609504,2.215274,0.12765913,-1.2532127,2.3227248,-0.59863436,1.714708,3.87892,-0.013679838,0.35099286,-2.5934355,-2.1467457,0.22070026,-2.622442,-2.626692,0.276967,2.8555393,-0.27824935,-3.3092773,2.0482774,0.6944542,-0.48664016,-1.5157311
2.7827175,-1.6958481,-2.8331623,3.5361156,0.2580193,1.159212,-1.5549328,-1.823735,0.78788227,0.111420825,2.2324898,0.22875364,-1.1767105,2.2763941,-0.6839212,1.678469,3.8561127,0.048175238,0.453761,-2.5305457,-2.1545663,0.35619196,-2.5872269,-2.6366322,0.406888,2.9568176,-0.38930076,-3.3478806,2.1340647,0.73789203,-0.532004,-1.6432335
2.8483424,-1.561789,-2.8541775,3.6107128,0.26205927,1.1405889,-1.653712,-1.7755169,0.92688334,0.0028428077,2.2508147,0.10541673,-1.2825303,2.334793,-0.5629403,1.699558,3.9080124,-0.06228261,0.3183725,-2.626128,-2.1456997,0.20660248,-2.670419,-2.620039,0.25573063,2.8638597,-0.26771775,-3.3424866,2.034745,0.6941378,-0.50151616,-1.4865726
2.8205194,-1.6418225,-2.860475,3.5654838,0.24282761,1.1308912,-1.6207641,-1.800531,0.8620812,0.053374194,2.2361097,0.17856658,-1.2207487,2.286508,-0.6290517,1.6676039,3.8800614,-0.0076131583,0.38986617,-2.5674245,-2.1162899,0.28132048,-2.6430411,-2.6388378,0.33552915,2.9075284,-0.33749944,-3.357989,2.0831583,0.7233294,-0.5347659,-1.5626128
2.8000276,-1.7121627,-2.8806129,3.5577188,0.22119737,1.1332308,-1.6128765,-1.8314772,0.8260476,0.08807917,2.2551517,0.21630546,-1.1993402,2.2706196,-0.66106635,1.649113,3.8829904,0.011806274,0.43070084,-2.5523791,-2.123934,0.34676456,-2.6459012,-2.6585853,0.38917965,2.9585793,-0.38923973,-3.3835778,2.1204815,0.7519876,-0.5652102,-1.6241157
2.7665353,-1.8689407,-2.961413,3.561853,0.1455977,1.118695,-1.6508734,-1.8916643,0.78387225,0.13349971,2.3029664,0.26683626,-1.1719784,2.227295,-0.7086946,1.5711795,3.8994489,0.013725686,0.4836193,-2.5372205,-2.1072247,0.47267503,-2.69279,-2.7135913,0.4741888,3.056464,-0.49129334,-3.4618917,2.1765501,0.82710963,-0.6482313,-1.7408642
2.6164863,-2.2070675,-3.0135102,3.4337132,-0.004579234,1.1043566,-1.6058029,-1.9955505,0.57143265,0.29244798,2.337357,0.4447618,-1.0271097,2.0518317,-0.910104,1.3965724,3.8606095,0.098327614,0.6758537,-2.3959737,-2.03715,0.806157,-2.6803994,-2.812469,0.76097566,3.238757,-0.7871877,-3.547456,2.3283353,1.0007892,-0.8198763,-2.056272
2.7125,-1.8644861,-2.862637,3.4725628,0.18132667,1.1317909,-1.5389348,-1.875025,0.6860851,0.19004138,2.2447932,0.3277309,-1.0901258,2.1774504,-0.7860452,1.5901461,3.846541,0.09865312,0.56395304,-2.4523082,-2.096121,0.51640165,-2.5827508,-2.689444,0.555515,3.0438004,-0.5338882,-3.3987446,2.2034333,0.8254291,-0.6292987,-1.7927393
2.7932894,-1.6944844,-2.878898,3.57421,0.21769448,1.1282195,-1.6223738,-1.8128624,0.83754015,0.06697798,2.252977,0.18376131,-1.2128586,2.2779257,-0.65385187,1.6552474,3.8891616,-0.0047329664,0.41558036,-2.5717363,-2.1297727,0.33489308,-2.6445956,-2.666001,0.37095958,2.9397542,-0.37576836,-3.3765645,2.099677,0.7613273,-0.5575063,-1.6242393
2.7999883,-1.618234,-2.8548007,3.5808685,0.24073806,1.1234543,-1.621558,-1.7868389,0.8681818,0.028248454,2.2304776,0.1523244,-1.2457119,2.3009806,-0.61411464,1.6867262,3.8869872,-0.014086366,0.3700446,-2.5860708,-2.125146,0.260903,-2.6568081,-2.656016,0.30994385,2.8884623,-0.32353145,-3.3451514,2.070897,0.7272234,-0.5316772,-1.5472896
2.7809691,-1.6880478,-2.875403,3.5778546,0.21727486,1.1205403,-1.6207745,-1.8202032,0.83768636,0.058694314,2.2409763,0.1863933,-1.2246732,2.2905655,-0.6405016,1.6751444,3.8863606,0.010668635,0.41126448,-2.574866,-2.127925,0.32528585,-2.662014,-2.6730006,0.36665964,2.9375863,-0.3737085,-3.3711076,2.1120155,0.75220776,-0.55835027,-1.6003586
2.684215,-1.9258753,-2.8964522,3.486269,0.13860986,1.1278393,-1.5642992,-1.9082015,0.6771843,0.19489154,2.2701063,0.32722786,-1.1088463,2.1777031,-0.7892561,1.5748897,3.8723183,0.087560914,0.5649292,-2.4755898,-2.1071877,0.56549853,-2.6307583,-2.7257056,0.5817302,3.08354,-0.58142185,-3.4298615,2.2319286,0.86151236,-0.6723627,-1.829396
2.6788387,-1.9962914,-2.8906302,3.4346187,0.12629049,1.1287087,-1.5345767,-1.938516,0.6226223,0.2565741,2.272639,0.39721662,-1.0504395,2.135017,-0.8481228,1.545476,3.84342,0.12941395,0.63950074,-2.419443,-2.0964603,0.63921833,-2.59514,-2.7184386,0.6683245,3.132721,-0.64972913,-3.4452941,2.2780101,0.88293105,-0.6913983,-1.8987051
2.7252014,-1.9244125,-2.9210377,3.494763,0.118340135,1.1023681,-1.6172527,-1.9026264,0.7203868,0.1801836,2.2841911,0.3193557,-1.1152232,2.1737015,-0.76648176,1.5605757,3.8803267,0.057753183,0.5604323,-2.479692,-2.0700164,0.5419896,-2.6633937,-2.7223582,0.5673999,3.0766215,-0.5609973,-3.4557922,2.2100484,0.8595702,-0.68034446,-1.794611
2.836147,-1.5639083,-2.8226542,3.5634434,0.23929897,1.1185207,-1.656146,-1.7592027,0.9158899,0.012985468,2.2355702,0.11296272,-1.256195,2.2897258,-0.5782744,1.6821301,3.8959403,-0.05873561,0.34634012,-2.5935483,-2.0941634,0.21383533,-2.665118,-2.615099,0.2884558,2.8441987,-0.2911469,-3.329258,2.0225227,0.707259,-0.5170194,-1.4853207
2.835809,-1.5822089,-2.8332756,3.5600376,0.23090038,1.1207987,-1.6614348,-1.7707167,0.91194725,0.021607827,2.2477872,0.11338649,-1.2567762,2.2863488,-0.58469296,1.67468,3.9047332,-0.0638026,0.34998956,-2.5970454,-2.1021347,0.23059745,-2.6743867,-2.625111,0.298801,2.8595212,-0.30936098,-3.3415527,2.0323253,0.7162231,-0.53237236,-1.5022856
2.7861328,-1.7642685,-2.8462868,3.4943395,0.23823246,1.154531,-1.5469288,-1.8598658,0.748772,0.16219425,2.241905,0.29158768,-1.1284754,2.232665,-0.7256565,1.6412195,3.8518434,0.07877727,0.5103318,-2.494729,-2.1328475,0.4184257,-2.577641,-2.6379778,0.47961837,3.0033407,-0.4526,-3.3785195,2.1760511,0.7560958,-0.5629069,-1.6899515
2.730048,-1.9344635,-2.9303012,3.4991753,0.13469747,1.1181154,-1.6040604,-1.9134138,0.7078272,0.19501391,2.2883708,0.3347415,-1.1041977,2.1770196,-0.7734734,1.5509653,3.8768249,0.0679564,0.5607128,-2.4777203,-2.0869787,0.5526619,-2.6485655,-2.71242,0.57237077,3.0928943,-0.56280726,-3.4607532,2.2202256,0.85310584,-0.67151296,-1.8096774
2.7276514,-1.9054897,-2.852763,3.4299653,0.19324407,1.1454989,-1.5116432,-1.9042323,0.6471387,0.24661875,2.249122,0.39200634,-1.0442896,2.1532767,-0.8185808,1.5727209,3.817147,0.13939643,0.6172019,-2.4064147,-2.0984566,0.5555149,-2.5477824,-2.6628952,0.6122478,3.0844223,-0.5698999,-3.4114876,2.2443209,0.8196309,-0.6224905,-1.8262231
2.740245,-1.9076201,-2.8962073,3.4823413,0.16859397,1.1362847,-1.5622065,-1.8950354,0.68922764,0.21219763,2.2785237,0.34520623,-1.0821214,2.1709938,-0.7943403,1.5643702,3.8470714,0.09069264,0.5835017,-2.458884,-2.112103,0.5464709,-2.5831285,-2.685517,0.5774509,3.0836442,-0.55540943,-3.4367738,2.2187037,0.84480345,-0.6299154,-1.8315423
2.6096885,-2.17985,-2.9066377,3.3409028,0.06259177,1.1187211,-1.5028242,-1.9938368,0.49241504,0.3644089,2.297727,0.5159788,-0.9453095,2.0160964,-0.9681535,1.4241301,3.8137727,0.1808212,0.75949055,-2.315606,-2.0467277,0.8166671,-2.5615995,-2.7481496,0.8337849,3.2300344,-0.80412257,-3.491944,2.3491268,0.9741441,-0.775457,-2.0754685
2.5844896,-2.2252755,-2.9004767,3.3080113,0.04474113,1.124544,-1.4853271,-2.0231018,0.4530304,0.39537066,2.29361,0.55196416,-0.923999,1.9950632,-0.996452,1.4111675,3.798055,0.21037988,0.79256165,-2.2957435,-2.0419679,0.8735088,-2.557679,-2.754396,0.8945505,3.2614944,-0.86474496,-3.4976196,2.3943782,0.99179715,-0.7958482,-2.117604
3.0623581,-0.6589062,-2.5621696,3.7149932,0.6140256,1.2531593,-1.6493756,-1.5071386,1.3320284,-0.4342634,2.0420885,-0.37275085,-1.6869863,2.688918,-0.06660495,2.0294085,3.8574848,-0.3082027,-0.28354895,-2.872895,-2.3540137,-0.6011754,-2.6943738,-2.3379009,-0.45281547,2.3232555,0.359567,-2.9845886,1.6787059,0.28083244,-0.09872768,-0.64935434
2.9239678,-1.1472415,-2.7546234,3.7086291,0.4473199,1.221657,-1.6370585,-1.671114,1.1078303,-0.2245119,2.138495,-0.13894257,-1.5056407,2.5689723,-0.31799048,1.901939,3.9110267,-0.1663709,-0.015347624,-2.7903883,-2.323434,-0.18563028,-2.7311754,-2.5146286,-0.12128405,2.643499,0.042640638,-3.1789572,1.894131,0.5004686,-0.32463953,-1.0799005
2.8680046,-1.2803252,-2.775894,3.6786168,0.38742846,1.1993101,-1.6255274,-1.7073143,1.0347793,-0.15267877,2.15674,-0.06484838,-1.4295723,2.508468,-0.40117723,1.8607985,3.9163857,-0.11890316,0.086365744,-2.7417483,-2.2805967,-0.051982164,-2.7247598,-2.5517201,0.009416914,2.7194953,-0.06107249,-3.2161765,1.945947,0.56489384,-0.39170676,-1.2045343
2.9675353,-1.0223218,-2.7176788,3.728841,0.46572676,1.2084206,-1.6767437,-1.6055905,1.1957638,-0.2963798,2.1305985,-0.2320325,-1.5628275,2.5956464,-0.25309446,1.9247246,3.905009,-0.23609142,-0.09201622,-2.8155444,-2.3055787,-0.29431581,-2.7306266,-2.4820168,-0.20820971,2.5453434,0.12637839,-3.1381931,1.8065794,0.46203843,-0.27897182,-0.98657036
2.9448323,-1.0674441,-2.721148,3.7192483,0.4608201,1.2073886,-1.648011,-1.6110833,1.1555077,-0.2668004,2.123472,-0.19929993,-1.5279973,2.5767102,-0.29841018,1.9147053,3.8926613,-0.20209977,-0.057941437,-2.7914076,-2.3029306,-0.25139076,-2.7030323,-2.491212,-0.16761617,2.5703092,0.09858141,-3.1403522,1.8255485,0.48309684,-0.2861385,-1.0395998
2.9354312,-1.0652461,-2.7242658,3.7198758,0.46876565,1.2192662,-1.6371771,-1.6381454,1.1524467,-0.2630562,2.118771,-0.19302097,-1.5367706,2.5982573,-0.2759828,1.9348415,3.9090424,-0.18915844,-0.060138367,-2.8161721,-2.329933,-0.24545869,-2.729336,-2.486364,-0.17161365,2.5884025,0.09216948,-3.1431744,1.8544033,0.46649566,-0.28744134,-1.0069871
2.9533336,-1.0647995,-2.7040193,3.6853786,0.48162532,1.2366128,-1.6244907,-1.6522032,1.1366808,-0.23817901,2.1263146,-0.1632258,-1.5224552,2.5845275,-0.28197557,1.9351358,3.9029746,-0.17887422,-0.044441175,-2.7963905,-2.3352993,-0.24091902,-2.7150722,-2.4698787,-0.15535077,2.6002183,0.08119359,-3.1422703,1.8718506,0.45756245,-0.2835257,-1.0058137
2.9826505,-0.9708974,-2.6991222,3.7278817,0.49890918,1.2251995,-1.6641757,-1.6099551,1.2120429,-0.31084642,2.1180804,-0.24397998,-1.5865581,2.6246657,-0.21450654,1.9542828,3.9053879,-0.23441033,-0.117834665,-2.837437,-2.3363287,-0.3375381,-2.735334,-2.458039,-0.24950032,2.5291495,0.15900278,-3.1193297,1.8097992,0.4225704,-0.2473896,-0.9215236
3.028064,-0.81501645,-2.6555505,3.747055,0.54908764,1.2306098,-1.6868031,-1.5646181,1.2923391,-0.3979277,2.0861259,-0.3228251,-1.6580902,2.669419,-0.116450764,1.9902315,3.8995137,-0.28712294,-0.2181536,-2.8783288,-2.3467977,-0.48582444,-2.751055,-2.411457,-0.3764266,2.4294803,0.27276355,-3.070396,1.7414081,0.35601577,-0.1880869,-0.7669181
3.0166929,-0.9236458,-2.7166133,3.7539868,0.5142332,1.2295895,-1.7011604,-1.6221912,1.2637968,-0.35413745,2.1199875,-0.2744932,-1.6393402,2.6638234,-0.14636412,1.9701277,3.9195054,-0.264447,-0.16560304,-2.8810275,-2.3578942,-0.39436656,-2.7815616,-2.4495056,-0.31377473,2.5149484,0.19875865,-3.1306198,1.8078429,0.39487708,-0.24463966,-0.84372693
2.9268875,-1.145117,-2.7698176,3.7102141,0.4333531,1.2103139,-1.6604744,-1.690007,1.1346989,-0.2373602,2.1342654,-0.14243488,-1.5231637,2.5792646,-0.28940836,1.9035168,3.925029,-0.17727174,-0.02637043,-2.80777,-2.3133845,-0.18839626,-2.7752178,-2.518045,-0.12873168,2.6467767,0.031245803,-3.1937237,1.9097583,0.4933285,-0.34711975,-1.0430447
2.9371858,-1.1000568,-2.7563064,3.7358012,0.4329989,1.1934078,-1.6898752,-1.6493162,1.1703792,-0.27315846,2.1372216,-0.19097976,-1.5417858,2.5851786,-0.2677679,1.908466,3.9263122,-0.2119672,-0.05433836,-2.8142726,-2.2946136,-0.23570462,-2.773033,-2.5134075,-0.1661273,2.6015887,0.08257923,-3.1803257,1.8550613,0.49005848,-0.32959732,-1.0196096
2.9606252,-1.0482136,-2.7507503,3.7554564,0.45551643,1.1965804,-1.699884,-1.6393039,1.2053537,-0.3016553,2.1354997,-0.21958205,-1.5760348,2.6141937,-0.22709377,1.9271209,3.924678,-0.22893324,-0.08764458,-2.8378084,-2.3088176,-0.28756207,-2.7764373,-2.496589,-0.21565966,2.5716445,0.12871313,-3.1671307,1.8375866,0.45621553,-0.29695785,-0.96500194
2.8981671,-1.2515962,-2.7898953,3.7059712,0.40511823,1.2014385,-1.6368673,-1.700951,1.0733922,-0.17327824,2.1555333,-0.087352395,-1.4603037,2.5401168,-0.37563205,1.8722032,3.9032104,-0.13541552,0.05675278,-2.755367,-2.2957454,-0.088860795,-2.7252274,-2.5420344,-0.034151267,2.7040915,-0.029977988,-3.2147205,1.9366795,0.5397696,-0.36845925,-1.1767865
2.992894,-0.8949839,-2.6578362,3.7247014,0.5288323,1.2238829,-1.6458248,-1.5808203,1.2349337,-0.33115333,2.0996213,-0.2678967,-1.6033233,2.6391847,-0.18521318,1.9806137,3.8901424,-0.23783788,-0.14231125,-2.843699,-2.3379276,-0.39272887,-2.7126808,-2.4231527,-0.28652868,2.4790134,0.20753121,-3.0763583,1.7783378,0.38122916,-0.19627559,-0.8559187
3.0468075,-0.7246056,-2.6095147,3.7484765,0.5892739,1.2369092,-1.66231,-1.5222199,1.3218231,-0.42417353,2.0641704,-0.36115673,-1.6799759,2.6922967,-0.088930726,2.0195842,3.8745155,-0.29785293,-0.25832802,-2.8849077,-2.3559396,-0.5528599,-2.7112849,-2.3675263,-0.42294964,2.365446,0.33312136,-3.0155964,1.6949368,0.3099979,-0.12241473,-0.7013784
2.9823961,-0.88960683,-2.6752863,3.7569652,0.5212881,1.2201457,-1.6647415,-1.5701833,1.243633,-0.3638326,2.097602,-0.2992357,-1.6237729,2.658059,-0.17132983,1.9856281,3.9009337,-0.25250858,-0.16671868,-2.869261,-2.349915,-0.41024002,-2.73269,-2.4405966,-0.3135727,2.4695797,0.23039766,-3.079075,1.762175,0.39401114,-0.20170169,-0.8512813
2.9129179,-1.2606522,-2.8240676,3.7369926,0.3916424,1.1941541,-1.6794693,-1.7033647,1.1038649,-0.19719276,2.1716638,-0.10753937,-1.484409,2.5503664,-0.35346743,1.8569244,3.9161735,-0.16578919,0.03170371,-2.7728896,-2.2907271,-0.10307336,-2.759688,-2.5577142,-0.06206155,2.7072017,-0.01668477,-3.2426162,1.9265363,0.5511579,-0.38668454,-1.1723937
2.9544082,-1.1124742,-2.7259643,3.6927986,0.4663609,1.2216208,-1.6228997,-1.6483898,1.125702,-0.21612401,2.1355462,-0.13804492,-1.4945848,2.5596538,-0.3270873,1.9063995,3.8884716,-0.16830231,-0.011377906,-2.7656946,-2.3057067,-0.20425645,-2.6867616,-2.4819314,-0.11940499,2.616884,0.05965023,-3.1569095,1.8728316,0.4763348,-0.29310793,-1.0696405
3.0014431,-0.92614543,-2.6746192,3.7227612,0.52861637,1.2385297,-1.6433773,-1.581108,1.2177694,-0.32330713,2.101501,-0.2583284,-1.5880325,2.6245003,-0.21797378,1.957523,3.8859844,-0.23688431,-0.14729019,-2.8281531,-2.3420243,-0.37921414,-2.6972933,-2.4330964,-0.277532,2.4950607,0.19278035,-3.0920546,1.7800211,0.4086255,-0.21391387,-0.902722
2.9646027,-1.0625242,-2.7071874,3.685783,0.47505587,1.2278723,-1.6361864,-1.6425331,1.1535629,-0.24152422,2.1274042,-0.1741875,-1.525426,2.5811076,-0.28629005,1.9283667,3.8946831,-0.19379953,-0.04686699,-2.7857661,-2.3209195,-0.24446115,-2.7127833,-2.4704342,-0.15547904,2.5908635,0.07765403,-3.1421716,1.8597033,0.4564697,-0.28757197,-1.0127665
2.8697867,-1.3029107,-2.8047276,3.6810746,0.3682158,1.197962,-1.6475512,-1.7385365,1.0497354,-0.15265007,2.1696868,-0.0543149,-1.4491044,2.5180829,-0.38021937,1.8536758,3.9293797,-0.12768698,0.0827363,-2.7597325,-2.2842388,-0.035896253,-2.770946,-2.5651698,0.010204506,2.7453961,-0.09134388,-3.2437987,1.9780843,0.5691933,-0.41885743,-1.194526
2.882925,-1.2841536,-2.8052018,3.706482,0.38140416,1.1863395,-1.654596,-1.7152227,1.0658497,-0.16817704,2.165438,-0.07273574,-1.4536016,2.5256681,-0.37702012,1.8572353,3.91948,-0.13121036,0.07349825,-2.7573652,-2.2777927,-0.06632781,-2.7508788,-2.560331,-0.012832308,2.7218852,-0.05138407,-3.2360146,1.9494555,0.5592955,-0.39492387,-1.1887467
2.9981308,-1.0008297,-2.7472777,3.7722058,0.4678549,1.1999471,-1.7206528,-1.6156147,1.2536204,-0.32692027,2.1465504,-0.25766155,-1.6093374,2.6320739,-0.19731888,1.9306886,3.9172122,-0.26674992,-0.12555924,-2.8497593,-2.311377,-0.3339854,-2.7752051,-2.4722924,-0.25642705,2.54343,0.1591216,-3.1556792,1.7966703,0.43836403,-0.27428263,-0.9300989
3.0209649,-0.8864199,-2.682334,3.7383924,0.52761513,1.2227398,-1.6839176,-1.5881662,1.2682072,-0.3602795,2.0985887,-0.28329846,-1.6313117,2.6508126,-0.15680623,1.9718978,3.8952606,-0.26666164,-0.17631492,-2.8539295,-2.3352075,-0.42720804,-2.7498085,-2.4291234,-0.32356983,2.4751039,0.22115307,-3.0955405,1.773441,0.3805522,-0.2182786,-0.828088
3.0756698,-0.60745376,-2.5434003,3.701675,0.63357127,1.2552376,-1.652921,-1.4918928,1.359116,-0.4617036,2.0230696,-0.40154147,-1.71505,2.7025647,-0.033801507,2.0415604,3.8467572,-0.3286366,-0.31569117,-2.8812106,-2.3572228,-0.6493969,-2.7015777,-2.325709,-0.49438077,2.289928,0.3787593,-2.960899,1.6575159,0.25895506,-0.08518882,-0.59988606
3.053449,-0.718519,-2.5808442,3.7098289,0.6020986,1.2610946,-1.6388267,-1.5218593,1.3025849,-0.4008966,2.0573459,-0.3483401,-1.6591909,2.6737485,-0.10903585,2.0153923,3.8641655,-0.29108554,-0.25330243,-2.859518,-2.358808,-0.5468543,-2.682212,-2.352878,-0.4084742,2.3641694,0.3176909,-3.005239,1.7008938,0.309345,-0.11954558,-0.71479905
2.9981914,-0.9346263,-2.6886277,3.733794,0.5110897,1.2276545,-1.6650219,-1.5976841,1.2284167,-0.32458168,2.1180434,-0.25708055,-1.5992738,2.6318076,-0.19867373,1.9609358,3.9022012,-0.24455161,-0.13448915,-2.8444076,-2.3376265,-0.36687207,-2.7261875,-2.4434829,-0.27222914,2.5060532,0.18645458,-3.1068408,1.7920077,0.40464488,-0.22596526,-0.89387333
3.0353208,-0.8240341,-2.6616795,3.7538037,0.53591603,1.2245758,-1.7070897,-1.5482509,1.304054,-0.3995569,2.0986724,-0.3398863,-1.6598921,2.6600387,-0.12580982,1.970904,3.8949769,-0.30722946,-0.22686371,-2.8699353,-2.3280606,-0.48360664,-2.7442472,-2.4134552,-0.3694145,2.4210773,0.26612338,-3.0768073,1.716774,0.37615293,-0.19624841,-0.7940949
3.0158024,-0.86634046,-2.6398182,3.700402,0.52873397,1.2238591,-1.6621536,-1.5628365,1.2477715,-0.34528276,2.0931027,-0.27818614,-1.6069069,2.6180642,-0.18308572,1.9645259,3.8785443,-0.26216426,-0.16388027,-2.823736,-2.3138824,-0.42751247,-2.707777,-2.414695,-0.2998137,2.448188,0.21513605,-3.0674598,1.751873,0.38480058,-0.20251575,-0.8430208
2.3314939,-2.26831,-1.910119,1.8031632,0.13616194,1.4793755,-0.4561658,-1.9491094,-0.27035183,1.3233842,1.8528147,1.156039,-0.06243491,1.3098458,-1.6440588,1.5103165,2.8374963,0.6631701,1.81898,-1.3267255,-2.0089467,1.5996606,-1.317147,-2.2210956,1.8977959,3.1385217,-1.3963199,-2.8611958,2.7997127,0.7900288,-0.35558373,-2.481865
2.327919,-2.1855557,-1.8196024,1.7052122,0.19367334,1.5204254,-0.3603363,-1.9279935,-0.30545658,1.388798,1.8015251,1.1976011,-0.015555668,1.29759,-1.651873,1.5738162,2.7500262,0.7019976,1.8669525,-1.2646849,-2.026706,1.5879018,-1.2246971,-2.1458886,1.9288937,3.1015074,-1.3728349,-2.7835279,2.8197467,0.7231959,-0.2557575,-2.434934
2.293386,-2.2279544,-1.8209445,1.674154,0.15201727,1.4951789,-0.37307176,-1.9332498,-0.33718634,1.3973684,1.8014933,1.2116749,0.007060528,1.2582271,-1.680953,1.531519,2.7404346,0.70740175,1.8899581,-1.2442676,-1.9868037,1.629372,-1.2290847,-2.1701007,1.9631087,3.101894,-1.4122674,-2.789619,2.8256676,0.75086844,-0.2935774,-2.4692223
2.303634,-2.28017,-1.8996527,1.7659771,0.10297992,1.4547418,-0.45640096,-1.9336689,-0.28105083,1.3281196,1.8458185,1.1736861,-0.038273145,1.2763702,-1.6624186,1.4842634,2.8237033,0.6624267,1.8336262,-1.3056482,-1.9632499,1.6171539,-1.3178158,-2.2350032,1.9219967,3.1200576,-1.4243563,-2.8647099,2.7969232,0.81046885,-0.37407255,-2.4962902
2.3610656,-2.29632,-1.9986095,1.9336474,0.092741564,1.4576007,-0.55578405,-1.9475031,-0.18427424,1.226423,1.8958362,1.0876343,-0.13885908,1.3480946,-1.5980432,1.4807174,2.9433713,0.6057694,1.7196773,-1.4140946,-2.0051222,1.5611575,-1.4178352,-2.2705941,1.8194278,3.1488063,-1.3799683,-2.9294045,2.7468667,0.8371296,-0.42223006,-2.47564
2.3736832,-2.2192104,-1.9370865,1.8842329,0.14684236,1.4992547,-0.49599585,-1.9300213,-0.18777898,1.2625225,1.8592043,1.1045853,-0.120544195,1.3574437,-1.5870317,1.5401484,2.891529,0.6266864,1.7281004,-1.3802664,-2.0313098,1.5261235,-1.3588398,-2.2031722,1.8198818,3.1182303,-1.3429948,-2.8709466,2.7468696,0.7778927,-0.33451873,-2.4169917
2.3838391,-2.1781013,-1.9123806,1.8724715,0.16527109,1.5178545,-0.47438604,-1.9100945,-0.16747668,1.266115,1.8495224,1.1041521,-0.12577553,1.3641418,-1.5704713,1.5651753,2.8784442,0.6256297,1.7160645,-1.3711811,-2.0416846,1.4986941,-1.3389417,-2.171166,1.8051167,3.0952048,-1.3172297,-2.848351,2.7328982,0.7531149,-0.297385,-2.3836417
2.3353035,-2.2549598,-1.9158337,1.8126881,0.10751643,1.4766893,-0.4847644,-1.9288199,-0.23538175,1.2866545,1.8528516,1.1431822,-0.07954498,1.2996179,-1.6257166,1.4994873,2.8576655,0.64376307,1.7747657,-1.3352635,-1.9844275,1.578761,-1.3417863,-2.2121942,1.8775669,3.113343,-1.3958364,-2.8696542,2.765077,0.80220634,-0.35702053,-2.4532943
2.337386,-2.2944465,-1.9529854,1.8420864,0.09278782,1.4580097,-0.5116221,-1.9507958,-0.24559216,1.2723114,1.8710982,1.1395966,-0.08836226,1.3016652,-1.6318824,1.4766419,2.8819005,0.6409279,1.7782643,-1.3588914,-1.9825141,1.6003901,-1.3705941,-2.2460592,1.8823986,3.1425064,-1.4186084,-2.902536,2.7803938,0.827528,-0.39618543,-2.4876385
2.352679,-2.253119,-1.9225422,1.8308585,0.14006421,1.4890255,-0.4683593,-1.9474913,-0.2414541,1.3012956,1.8556932,1.1443422,-0.0825088,1.3266857,-1.6236408,1.5248315,2.8580258,0.65328294,1.7918743,-1.3504045,-2.0202785,1.5770952,-1.3320409,-2.2142894,1.8748566,3.1379662,-1.3831627,-2.8694468,2.7901344,0.78558844,-0.34686798,-2.4616928
2.3213887,-2.2467437,-1.8982198,1.7974231,0.116166376,1.4770354,-0.45658606,-1.9261129,-0.25306547,1.3044527,1.842222,1.1433904,-0.06780815,1.2957373,-1.6347134,1.511756,2.8419616,0.65367985,1.7962265,-1.3249526,-1.9888818,1.5894963,-1.317225,-2.2133846,1.8858057,3.107156,-1.3906528,-2.848278,2.770308,0.7920577,-0.35329813,-2.4578393
2.3170795,-2.2427,-1.888869,1.7858652,0.11911981,1.4797235,-0.44795734,-1.9217627,-0.25935555,1.309577,1.8388684,1.1439962,-0.06254363,1.2909466,-1.6357273,1.5143933,2.8326983,0.6585142,1.8016298,-1.3150451,-1.9902397,1.5911148,-1.3063631,-2.205704,1.8927555,3.1015801,-1.3906361,-2.8388724,2.7693553,0.7898275,-0.34737402,-2.455439
2.3294241,-2.1633813,-1.803993,1.7068398,0.1987712,1.5314268,-0.351551,-1.9107316,-0.28092766,1.3834317,1.797253,1.186978,-0.023329591,1.3039244,-1.6395344,1.5885924,2.7509573,0.69449234,1.8523223,-1.2621173,-2.03185,1.5650014,-1.2139006,-2.1331067,1.910258,3.0810573,-1.3508347,-2.7687905,2.7987075,0.7127002,-0.24132375,-2.4121552
2.3332498,-2.132832,-1.8038775,1.7305968,0.1947132,1.533983,-0.36377576,-1.8897625,-0.24510674,1.3561313,1.7926667,1.1619201,-0.045241307,1.313335,-1.6154404,1.5988715,2.7691016,0.67629373,1.8077753,-1.2765579,-2.0259311,1.5307801,-1.2266343,-2.1235795,1.8762066,3.053093,-1.3278601,-2.7626712,2.761715,0.71051365,-0.23242399,-2.3775213
2.3549414,-2.2290199,-1.906251,1.8362792,0.14543934,1.5054563,-0.46057492,-1.9339771,-0.22573526,1.2923629,1.8517549,1.1257446,-0.09640779,1.3297213,-1.6080723,1.5399235,2.8573134,0.64842755,1.7719345,-1.3485157,-2.0325139,1.5619409,-1.3176507,-2.1940212,1.8563738,3.11914,-1.3623562,-2.849174,2.7681324,0.7748214,-0.32927853,-2.4380233
2.363217,-2.3107965,-2.0013752,1.9311416,0.08148066,1.457784,-0.56221926,-1.9527795,-0.19043466,1.2182957,1.9072872,1.0915221,-0.14335027,1.3360714,-1.5968678,1.4676688,2.945099,0.6079733,1.7237403,-1.4116262,-2.0025854,1.5769787,-1.4197719,-2.2696466,1.8293701,3.1555893,-1.3938746,-2.941603,2.7531495,0.84684724,-0.428099,-2.4878645
2.3748288,-2.324366,-2.0400062,1.9805257,0.06017999,1.4392674,-0.60822916,-1.9511573,-0.15457103,1.1772954,1.9266866,1.0727822,-0.17144743,1.3482819,-1.5813202,1.445351,2.9873164,0.58280766,1.6862309,-1.4450653,-1.9878585,1.5591806,-1.4683604,-2.2970629,1.7977962,3.1599307,-1.3924371,-2.9797912,2.733782,0.8688587,-0.45818496,-2.4906483
2.3773704,-2.321248,-2.0444205,1.9883547,0.05635966,1.4374092,-0.6159594,-1.9506214,-0.14157209,1.1674151,1.9228036,1.067988,-0.1741219,1.3532449,-1.5785071,1.4476341,2.995687,0.57938164,1.6794033,-1.4526533,-1.9846367,1.5487556,-1.4749674,-2.3029542,1.7876024,3.1546369,-1.3841805,-2.9815094,2.727214,0.86410236,-0.46062106,-2.4813209
2.3511853,-2.33468,-2.0306952,1.9501082,0.047978252,1.4258425,-0.59509706,-1.9479939,-0.17408058,1.193087,1.911224,1.0837544,-0.14433494,1.3310905,-1.604158,1.4383497,2.9730902,0.5928844,1.712965,-1.4276383,-1.9685364,1.5755657,-1.4570545,-2.3103564,1.8195152,3.1517189,-1.403921,-2.9667418,2.7387834,0.87021047,-0.47187823,-2.4992719
2.3330586,-2.3426254,-2.000831,1.894386,0.056582432,1.4311775,-0.55865014,-1.9583578,-0.23088542,1.2335341,1.9007635,1.1125398,-0.111312486,1.3025837,-1.6303947,1.4368818,2.9296849,0.6209374,1.7598263,-1.3909863,-1.9679003,1.6166054,-1.4180205,-2.294176,1.8687427,3.160829,-1.4325422,-2.9449873,2.77013,0.86729205,-0.45832354,-2.5208008
2.3512,-2.2981582,-1.9654732,1.872536,0.087704726,1.4657817,-0.52989155,-1.9515495,-0.22126222,1.2487066,1.8852227,1.1199636,-0.11118269,1.3135784,-1.6156578,1.4765923,2.9040682,0.6293183,1.7542337,-1.376853,-1.9935493,1.591869,-1.385082,-2.2449033,1.8645424,3.1461444,-1.4090875,-2.914508,2.769346,0.83280724,-0.4020985,-2.4816527
2.361535,-2.3217645,-2.0046825,1.9245236,0.07458643,1.4587092,-0.5652281,-1.9609915,-0.19610548,1.2207696,1.9031992,1.095889,-0.14080834,1.3333161,-1.6027294,1.4667956,2.9440074,0.6114512,1.7265234,-1.4115441,-2.0028498,1.5856354,-1.4212646,-2.2686026,1.8395424,3.1611314,-1.4059589,-2.9391124,2.7587986,0.8506899,-0.43482488,-2.4899273
2.3380256,-2.3326297,-1.9858313,1.8883327,0.07784537,1.4535284,-0.5370904,-1.9683111,-0.2417855,1.2501614,1.8930538,1.1117821,-0.110318616,1.3111131,-1.6286453,1.4619068,2.9182956,0.633041,1.7694352,-1.3893553,-1.9957144,1.6190555,-1.3927765,-2.2747903,1.8735727,3.1676247,-1.4264429,-2.9225647,2.7804098,0.8514029,-0.43883204,-2.5143216
2.3349586,-2.3337464,-1.9816072,1.8716295,0.069513075,1.445555,-0.5405232,-1.9615896,-0.24070796,1.2541735,1.8928955,1.1271148,-0.10218191,1.3011127,-1.6340744,1.4498863,2.909192,0.6300671,1.7723728,-1.3763059,-1.9779453,1.6177089,-1.3966897,-2.274774,1.878862,3.161077,-1.4330478,-2.9299703,2.780289,0.85482275,-0.43664342,-2.5155916
2.3693364,-2.23929,-1.9142189,1.8294846,0.14637925,1.5003437,-0.47269878,-1.9428161,-0.21865574,1.2956529,1.8604786,1.1513604,-0.09027867,1.3345343,-1.609238,1.5325167,2.8564005,0.6476643,1.7775676,-1.3498175,-2.0224996,1.5562403,-1.3334897,-2.1957393,1.8686473,3.1315024,-1.3753176,-2.8778903,2.7878666,0.7790853,-0.32545415,-2.4461532
2.3969185,-2.2046638,-1.924406,1.8824943,0.17747489,1.5227026,-0.4725336,-1.9378,-0.17831644,1.2785797,1.8628938,1.1182048,-0.1255794,1.3785598,-1.5759218,1.5706133,2.8828495,0.6341744,1.7413712,-1.3841172,-2.063481,1.5134531,-1.3382094,-2.1840615,1.8196049,3.12931,-1.3292964,-2.8676865,2.7678378,0.75651896,-0.3058645,-2.4135416
2.3738933,-2.3194604,-2.0498178,1.9978244,0.06143961,1.4329922,-0.61035806,-1.9417393,-0.13761973,1.1727221,1.9241507,1.0592172,-0.17575093,1.3624201,-1.5766039,1.4540862,3.0017343,0.5750532,1.6789232,-1.4584124,-1.9909445,1.5435523,-1.4757321,-2.3092074,1.7819315,3.1533437,-1.3782187,-2.976437,2.7220292,0.8697325,-0.46906406,-2.4848511
2.3502324,-2.2985344,-2.0221293,1.9599816,0.047728248,1.4251614,-0.59565,-1.9170526,-0.14380614,1.1786367,1.9035017,1.0639393,-0.15774946,1.3372724,-1.585233,1.4493725,2.9799905,0.5768782,1.6791586,-1.4304419,-1.9595114,1.5425072,-1.4610841,-2.2992034,1.789189,3.1194034,-1.3800623,-2.9526262,2.7026699,0.86583126,-0.45973152,-2.4681563
2.391424,-2.236608,-2.0090332,1.9962444,0.10354515,1.480945,-0.5800084,-1.922362,-0.10745063,1.1726881,1.8890207,1.0346413,-0.18976669,1.3894414,-1.5440313,1.5161406,2.987002,0.5777705,1.6374136,-1.4567239,-2.0222816,1.4883196,-1.4420743,-2.2467878,1.7452253,3.1130536,-1.3214998,-2.9153972,2.6880054,0.8111928,-0.39723128,-2.402682
2.3962464,-2.2002883,-1.9649054,1.9489717,0.14667948,1.5075128,-0.5313486,-1.9264628,-0.13320427,1.21558,1.8657204,1.063138,-0.16231517,1.3906043,-1.5525771,1.5515125,2.9392536,0.6037428,1.6691682,-1.4254512,-2.0433354,1.4824002,-1.3928225,-2.2075024,1.7655385,3.1095216,-1.3079468,-2.8801131,2.7113426,0.77015436,-0.33925518,-2.3825283
1.9351156,-2.8211524,-2.6263964,2.4555283,-0.6136745,0.76328486,-1.359422,-1.7977371,-0.11452615,0.63283473,2.186437,0.7744261,-0.3539679,1.0423092,-1.6154048,0.6089411,3.4517448,0.24914594,1.3727944,-1.6133881,-1.2977366,1.6462755,-2.27138,-2.9990773,1.5704197,3.1172497,-1.6299188,-3.4667175,2.3532252,1.5833569,-1.2978479,-2.819675
1.8565476,-2.754377,-2.605445,2.4457192,-0.6827587,0.6976851,-1.39448,-1.7005703,-0.09025526,0.5381395,2.1544929,0.69330895,-0.3596931,0.98802614,-1.6048994,0.5474327,3.4658713,0.19734105,1.2980886,-1.5843022,-1.1766622,1.6112573,-2.3027005,-3.0271318,1.5096474,2.9967434,-1.5967034,-3.4374194,2.2337985,1.6091343,-1.3315184,-2.7581303
1.8513753,-2.7473834,-2.5812492,2.4004824,-0.6937525,0.7026993,-1.3838218,-1.6791452,-0.08795633,0.55108845,2.153461,0.70072716,-0.3480212,0.96881217,-1.6111977,0.5312548,3.4472084,0.19212547,1.302734,-1.5639017,-1.1602842,1.6169971,-2.2840133,-3.0074036,1.5183535,2.9835618,-1.6114643,-3.4280648,2.2234454,1.6109049,-1.3269538,-2.7581608
1.8859066,-2.7960033,-2.6078439,2.4248757,-0.67321175,0.7329866,-1.3785307,-1.7300396,-0.10353728,0.5906872,2.1763835,0.73311687,-0.3540091,0.992449,-1.6222198,0.5516264,3.446106,0.2078015,1.3307127,-1.5880454,-1.2196932,1.6500027,-2.28311,-3.0074723,1.5443418,3.0527637,-1.6418893,-3.450665,2.2819448,1.622166,-1.3261964,-2.8066754
1.9016867,-2.7944694,-2.6208506,2.464213,-0.6510582,0.7454355,-1.3741162,-1.7550442,-0.10935364,0.58784103,2.1822255,0.7279321,-0.36928195,1.0117817,-1.6110204,0.5762552,3.462026,0.21292746,1.3228278,-1.6146959,-1.2489282,1.651426,-2.2869458,-3.0102887,1.542079,3.071692,-1.6329002,-3.456779,2.296802,1.6152643,-1.3185881,-2.8070545
1.9180107,-2.672725,-2.614607,2.5344303,-0.6436378,0.7365848,-1.409633,-1.6796964,-0.0023769378,0.49509826,2.160642,0.6273775,-0.42289177,1.0495336,-1.5339463,0.61508113,3.5110588,0.15753293,1.2152857,-1.6625578,-1.220476,1.5315622,-2.3282747,-2.9954734,1.4227464,2.9802673,-1.5161368,-3.4329212,2.1940737,1.5829256,-1.2879155,-2.6805987
1.9196205,-2.662061,-2.6124568,2.5233839,-0.637987,0.7367316,-1.4139401,-1.6695513,0.01523242,0.4992887,2.1567948,0.6292011,-0.41992745,1.0558349,-1.5224411,0.6160966,3.5134406,0.1575474,1.2154614,-1.6571567,-1.2133147,1.5042431,-2.3335485,-2.989127,1.4115353,2.9714859,-1.4978684,-3.428186,2.1853902,1.5660174,-1.2831695,-2.65934
1.7585121,-2.7548575,-2.5951116,2.3979955,-0.7690309,0.6284098,-1.4371171,-1.6188475,-0.10295224,0.48909205,2.14962,0.66130483,-0.34621835,0.90418375,-1.6172928,0.4364478,3.455256,0.15602538,1.2768873,-1.5287157,-1.047335,1.6182625,-2.3445973,-3.061483,1.49674,2.9265568,-1.6213185,-3.4258416,2.152259,1.6740496,-1.3912517,-2.7551904
1.6841024,-2.7777236,-2.5637527,2.321086,-0.8145035,0.5776907,-1.4242743,-1.5981598,-0.17124327,0.4931167,2.1347752,0.683236,-0.30076903,0.83363473,-1.6693157,0.3665366,3.4176483,0.16718288,1.3115022,-1.4570998,-0.9710081,1.6711228,-2.3222568,-3.0813599,1.5465683,2.89106,-1.6771996,-3.4091096,2.1367931,1.6996819,-1.4258881,-2.789903
1.807822,-2.724055,-2.5942612,2.4402075,-0.7179929,0.66747206,-1.4161062,-1.6461332,-0.08370133,0.49427453,2.149591,0.64893496,-0.36740622,0.9521074,-1.5950508,0.5001254,3.4719996,0.16276745,1.2565613,-1.5694416,-1.1088935,1.5961438,-2.3250508,-3.0359828,1.4786462,2.9396808,-1.5857805,-3.4191086,2.1645799,1.6339829,-1.35075,-2.7311585
1.8565584,-2.7213287,-2.6119547,2.4705973,-0.6938381,0.69935256,-1.4195461,-1.6678221,-0.053438902,0.5008659,2.15909,0.65152395,-0.3876965,0.99277484,-1.5774004,0.53827465,3.4829319,0.16186914,1.2484614,-1.6032231,-1.1601259,1.5812324,-2.3277423,-3.0209618,1.4648167,2.9703648,-1.5709088,-3.4346817,2.1899714,1.6176195,-1.3273613,-2.726354
1.9132881,-2.8015475,-2.6391273,2.4620388,-0.6617201,0.75314176,-1.3976183,-1.7463799,-0.08183956,0.5838705,2.1873372,0.73336685,-0.37238735,1.0208274,-1.6007124,0.5669707,3.4679399,0.20465466,1.3192648,-1.6137253,-1.2440144,1.629736,-2.3103752,-3.0116677,1.5236281,3.0800023,-1.6248252,-3.4723496,2.2984092,1.6116146,-1.3177098,-2.797256
1.8611206,-2.7414718,-2.616651,2.4495022,-0.6811675,0.69521457,-1.407357,-1.6836035,-0.06942196,0.5437215,2.161679,0.691862,-0.36319584,0.9932977,-1.5972003,0.5429505,3.4771378,0.1843936,1.285705,-1.5948718,-1.1740751,1.5869106,-2.3192158,-3.024147,1.489275,2.9989512,-1.5906811,-3.4414234,2.2201583,1.613918,-1.3317152,-2.7507732
1.8801016,-2.687401,-2.5997024,2.484264,-0.63700217,0.70789707,-1.3907382,-1.6839235,-0.05063696,0.5291932,2.1528594,0.65847784,-0.38345176,1.026927,-1.5682048,0.59193563,3.491325,0.18204188,1.2534491,-1.6225512,-1.2031735,1.5479662,-2.3025796,-3.000956,1.4607682,2.9750922,-1.539828,-3.4169133,2.1966503,1.5781996,-1.2980969,-2.7058632
1.9332573,-2.7157712,-2.6322362,2.5319886,-0.63577205,0.756512,-1.4125426,-1.7161648,-0.01507144,0.52504677,2.1799264,0.6518223,-0.42323238,1.064522,-1.5437299,0.618427,3.5084548,0.1684294,1.2417294,-1.6684309,-1.2580359,1.5550563,-2.3280673,-2.992259,1.4475261,3.0264974,-1.541159,-3.448481,2.229465,1.5873291,-1.2869622,-2.7150295
1.8765604,-2.7345214,-2.6297824,2.4886003,-0.6858264,0.7037127,-1.4282521,-1.6785656,-0.035957623,0.52300453,2.1713512,0.6612239,-0.39303643,1.0124764,-1.5787609,0.55675936,3.4922757,0.16223204,1.2570269,-1.6272066,-1.1902692,1.573554,-2.3404796,-3.0230527,1.4601018,3.000322,-1.5756576,-3.4466884,2.2048712,1.6309398,-1.3309124,-2.7412157
1.841425,-2.8090568,-2.6057577,2.4040813,-0.714933,0.6979447,-1.3962523,-1.7067671,-0.11659517,0.57011616,2.165879,0.72475946,-0.34147286,0.9582404,-1.6387974,0.5086171,3.4410748,0.19889045,1.3324105,-1.5625212,-1.1667844,1.6627607,-2.3001676,-3.0304637,1.5474776,3.0239732,-1.6581507,-3.446579,2.2545154,1.6484373,-1.3586384,-2.8086877
1.8512561,-2.772718,-2.621549,2.462846,-0.6967279,0.69675684,-1.4086062,-1.7039778,-0.09089837,0.53432894,2.1665208,0.6839782,-0.37137833,0.98674965,-1.6092007,0.53470105,3.4716244,0.18208885,1.2893455,-1.5975683,-1.1821926,1.6291006,-2.316445,-3.0390399,1.5050195,3.0095334,-1.610124,-3.4460251,2.2306583,1.6356872,-1.3478239,-2.778586
1.8424658,-2.7316134,-2.6439261,2.510129,-0.6972879,0.6701886,-1.4411018,-1.6736454,-0.056946993,0.49341732,2.1658444,0.646317,-0.3939981,1.0003148,-1.5846454,0.5335318,3.5027504,0.15496656,1.2431444,-1.6223195,-1.1637881,1.579099,-2.3550541,-3.055086,1.4532331,2.9816232,-1.5690377,-3.4465077,2.1868432,1.6414493,-1.3516333,-2.7445536
1.8838469,-2.7486482,-2.6146955,2.452188,-0.64241165,0.70543486,-1.3854582,-1.7159218,-0.07946558,0.5738743,2.164002,0.7166281,-0.35742658,1.0162671,-1.6018982,0.57474715,3.4740624,0.208926,1.3137848,-1.6036485,-1.2197223,1.5863905,-2.296019,-3.0142326,1.5085036,3.024568,-1.5853982,-3.436168,2.2504547,1.5932102,-1.3174102,-2.7608693
1.9021994,-2.7680583,-2.589506,2.4122794,-0.615681,0.7350196,-1.3453184,-1.7468243,-0.10656705,0.62416697,2.1639578,0.75979686,-0.33506256,1.0166,-1.6153435,0.5945345,3.4488645,0.24205609,1.3604383,-1.5859531,-1.2498847,1.608783,-2.2551742,-2.9883294,1.5513039,3.0534797,-1.6044954,-3.4282422,2.2949193,1.5680044,-1.2968805,-2.777048
1.838328,-2.8115933,-2.6018727,2.3979185,-0.68569654,0.69905365,-1.3724456,-1.7314165,-0.1496795,0.59506226,2.164579,0.7460845,-0.3247761,0.9616159,-1.6485138,0.5188517,3.4392426,0.22332302,1.3564183,-1.5552902,-1.1818041,1.671263,-2.278497,-3.031458,1.5703895,3.0368614,-1.6581281,-3.4383645,2.27594,1.6253185,-1.3506367,-2.8202977
1.8190962,-2.772856,-2.5825934,2.388123,-0.72319573,0.6816459,-1.3901374,-1.6744783,-0.11819158,0.5458156,2.1550765,0.71039796,-0.3356362,0.93407094,-1.6275438,0.49267492,3.4366364,0.1934677,1.3170898,-1.5419127,-1.1233387,1.6470158,-2.2954946,-3.0274904,1.5399497,2.9837608,-1.6437162,-3.4358697,2.227593,1.6399883,-1.3521541,-2.7821827
1.8504072,-2.7533164,-2.5778835,2.4235592,-0.69450796,0.70597905,-1.3866307,-1.6862094,-0.08656168,0.54450226,2.162707,0.6881266,-0.35856467,0.96833783,-1.6025333,0.53710896,3.450854,0.18962255,1.3044908,-1.5779603,-1.1680894,1.6252092,-2.290177,-3.0090768,1.5206565,2.9915078,-1.612492,-3.4319694,2.2259154,1.6271641,-1.3280857,-2.7637959
1.8453884,-2.7446198,-2.5796905,2.4222846,-0.66873753,0.6922966,-1.3685584,-1.7028167,-0.11204529,0.5575851,2.1536918,0.7038412,-0.3428696,0.9740003,-1.6191,0.54919463,3.4584675,0.20976524,1.3192732,-1.5732434,-1.1776004,1.6220582,-2.2737916,-3.0168693,1.5301473,2.9908068,-1.6075299,-3.4194093,2.2320735,1.60543,-1.3267874,-2.7659142
1.7539488,-2.7539983,-2.578042,2.378939,-0.7506706,0.6191287,-1.4086351,-1.6376107,-0.13290897,0.5086406,2.141025,0.68135494,-0.3254152,0.9003086,-1.6405385,0.44859228,3.4475646,0.17950277,1.3030634,-1.5149348,-1.0578508,1.6332392,-2.3122685,-3.0592468,1.5239973,2.9259074,-1.6311649,-3.4143481,2.165416,1.6568543,-1.3853457,-2.7661803
1.7041928,-2.7551358,-2.5479014,2.3230352,-0.79335535,0.58857,-1.4061708,-1.6015393,-0.16054995,0.49764007,2.131048,0.68331516,-0.29924244,0.8440832,-1.6618118,0.39610448,3.4209304,0.17852965,1.3149452,-1.4643589,-0.9882984,1.657621,-2.3030148,-3.0673082,1.5458703,2.8878052,-1.6605587,-3.4038625,2.1419063,1.677885,-1.4046885,-2.7752852
1.7713045,-2.7991114,-2.5766826,2.3548415,-0.75055593,0.6511469,-1.3907702,-1.6715056,-0.16422074,0.5432432,2.1489577,0.71940124,-0.3136529,0.89579076,-1.6592667,0.4460972,3.4215064,0.20001891,1.337059,-1.5036128,-1.0817212,1.6826687,-2.2909904,-3.049684,1.5682452,2.968454,-1.6754923,-3.4266152,2.2187219,1.6595405,-1.3813581,-2.8086178
1.8882576,-2.757874,-2.6150832,2.4534137,-0.6579348,0.72578865,-1.3859799,-1.7197399,-0.08470464,0.56037205,2.1666894,0.7065207,-0.36793986,1.0103699,-1.6020349,0.5657285,3.4683723,0.19920406,1.2990347,-1.6016934,-1.2174623,1.6120222,-2.2926078,-3.0110354,1.5099214,3.0263922,-1.5987492,-3.4417043,2.2545745,1.5979975,-1.3149357,-2.7689388
1.9661913,-2.8109915,-2.6294904,2.4465907,-0.59480345,0.78795576,-1.3443558,-1.8063986,-0.10625863,0.65006703,2.1816983,0.78878796,-0.35334945,1.0611954,-1.6171348,0.63117695,3.447829,0.25256738,1.3685867,-1.6196492,-1.3260311,1.6424751,-2.2543333,-2.9819624,1.5664756,3.1283505,-1.6277603,-3.4654171,2.3694317,1.5591724,-1.279021,-2.8162994
2.2920935,-2.4956932,-2.0373573,1.8260067,-0.03282439,1.3745967,-0.59873754,-1.9904547,-0.31869644,1.2485859,1.9511255,1.1798872,-0.073650315,1.2129047,-1.7013413,1.3071816,2.9066339,0.64144194,1.8534645,-1.3388876,-1.8976552,1.7484974,-1.4384,-2.3608139,1.9684654,3.2233663,-1.5717523,-3.0155349,2.8374903,0.96486074,-0.5677676,-2.6643372
2.2954884,-2.4297328,-2.0057464,1.8104649,0.006410456,1.3827133,-0.55625004,-1.9570758,-0.29812843,1.2700417,1.9211614,1.1766841,-0.057373762,1.2323134,-1.6927044,1.3571262,2.8856173,0.6430868,1.8543755,-1.327881,-1.9145496,1.7008651,-1.4082894,-2.3346882,1.9489987,3.1893563,-1.5214193,-2.973138,2.8187413,0.9234247,-0.51834625,-2.6159294
2.2968078,-2.4047647,-1.961677,1.7568249,0.046230625,1.4047667,-0.50528985,-1.9610624,-0.32478166,1.3240278,1.9025905,1.2126038,-0.025507594,1.2328291,-1.7057816,1.3885676,2.833792,0.6689655,1.8990633,-1.2935038,-1.932704,1.7018833,-1.357339,-2.3032634,1.9758251,3.1896741,-1.5140818,-2.9420724,2.850492,0.88769656,-0.46974802,-2.61088
2.278464,-2.3979714,-1.9156246,1.6805118,0.050006248,1.4161217,-0.46457905,-1.9643942,-0.3741787,1.3632486,1.8811047,1.2515205,0.013987017,1.1976917,-1.7302717,1.3905182,2.7805524,0.70061815,1.9465268,-1.2489836,-1.9163725,1.7343575,-1.309023,-2.2787108,2.026148,3.1820738,-1.5434555,-2.9139385,2.8797176,0.873555,-0.44362634,-2.6208203
2.2501137,-2.433126,-1.9403429,1.7003806,-0.010934073,1.3768727,-0.509062,-1.9440483,-0.36549637,1.3190346,1.9013706,1.2268431,0.0012379646,1.1688259,-1.7326386,1.3362108,2.810827,0.6763231,1.918738,-1.2547585,-1.8650261,1.7547276,-1.3484983,-2.3152232,2.0219512,3.166183,-1.5715643,-2.943758,2.8461719,0.92779493,-0.5037437,-2.6453805
2.27125,-2.4291427,-1.966512,1.7537931,-0.011651272,1.3781989,-0.5338038,-1.9395988,-0.3220068,1.2853482,1.9151201,1.1987333,-0.030487776,1.1953042,-1.7076671,1.3458705,2.8497643,0.6553987,1.8809776,-1.289404,-1.881815,1.725754,-1.3772627,-2.3226838,1.9843242,3.1677642,-1.5479463,-2.9621463,2.8246276,0.933924,-0.5124116,-2.6294184
2.2704701,-2.455373,-2.0223746,1.8128071,-0.05043018,1.3418834,-0.5952071,-1.9340214,-0.2926944,1.234236,1.9370896,1.1703955,-0.060727596,1.1973118,-1.698075,1.3016031,2.904445,0.6236644,1.8357925,-1.3253953,-1.8526144,1.7148991,-1.4451296,-2.3686554,1.9472288,3.1717865,-1.5520144,-3.0056584,2.7928557,0.97108614,-0.5673505,-2.6384645
2.2798607,-2.3894072,-1.9498539,1.7460241,0.020334732,1.3895407,-0.50753295,-1.929046,-0.3189686,1.3055693,1.9028914,1.2030185,-0.028507758,1.206652,-1.7001584,1.3722008,2.8342214,0.6578692,1.8808067,-1.2823058,-1.8989595,1.7024443,-1.3605766,-2.301468,1.9706138,3.1588016,-1.5189357,-2.9398744,2.8212357,0.9050449,-0.47593278,-2.60425
2.2731955,-2.3308167,-1.8702486,1.6634916,0.06850903,1.4300864,-0.42454743,-1.9241688,-0.35459194,1.3655542,1.8585714,1.2372993,0.012876463,1.1970166,-1.7107204,1.4303783,2.7628207,0.6963299,1.9281337,-1.2340738,-1.9201578,1.7017902,-1.2742374,-2.2400277,2.0061631,3.1334996,-1.504832,-2.870974,2.8447633,0.84799033,-0.39634317,-2.572104
2.2460256,-2.3877666,-1.8896433,1.6500053,0.03417629,1.4005454,-0.4435161,-1.9413278,-0.3959582,1.3680317,1.8710512,1.24789,0.03016963,1.1666411,-1.740989,1.3788772,2.7625785,0.7048556,1.9594488,-1.2242362,-1.8868656,1.753721,-1.2876607,-2.278859,2.0416865,3.1546493,-1.5529821,-2.8926165,2.8651233,0.8818878,-0.4487473,-2.6261525
2.2801952,-2.3895183,-1.9176544,1.6974876,0.05626778,1.4132979,-0.46423492,-1.9538616,-0.36570162,1.3553412,1.8889873,1.2361755,0.0032620907,1.2038348,-1.7213204,1.3925544,2.7868943,0.69272935,1.9354808,-1.2519566,-1.9237702,1.727039,-1.310507,-2.2782707,2.011454,3.1777623,-1.5293221,-2.9143698,2.866673,0.87634295,-0.44267496,-2.6173997
2.3275695,-2.37197,-1.9862874,1.8250692,0.034724165,1.408465,-0.5483161,-1.9336393,-0.24974494,1.255304,1.9169619,1.1666396,-0.07791376,1.258345,-1.6564194,1.3989431,2.8872502,0.6314454,1.8161281,-1.3382791,-1.9363753,1.6452538,-1.4013708,-2.2952816,1.911638,3.1653461,-1.4782053,-2.964341,2.7957673,0.8965856,-0.46664286,-2.5633655
2.2783425,-2.4529798,-2.037828,1.8433545,-0.05906533,1.3404793,-0.61726725,-1.9295313,-0.26784864,1.206126,1.9425303,1.1503904,-0.07916169,1.2067759,-1.6838394,1.2992227,2.928575,0.60961616,1.8055054,-1.3455844,-1.8518972,1.6988118,-1.4662973,-2.373975,1.9241295,3.1673317,-1.5427486,-3.01681,2.7738318,0.97830546,-0.5756159,-2.626603
2.2816036,-2.4521103,-2.0013154,1.7856678,-0.0148557965,1.3701036,-0.5616692,-1.9578083,-0.3175443,1.2762064,1.9286299,1.1970257,-0.04520168,1.207238,-1.7056026,1.3297604,2.8730228,0.64695454,1.8697269,-1.3119351,-1.88545,1.7249008,-1.4099219,-2.343916,1.9730263,3.1921353,-1.5540401,-2.9883702,2.8311708,0.9449278,-0.53423613,-2.6431713
2.305958,-2.420839,-1.9883537,1.7968214,0.015396464,1.3965956,-0.5467771,-1.9571183,-0.28954715,1.2817113,1.9226081,1.1932974,-0.05569129,1.2362335,-1.6863906,1.3704658,2.8724704,0.64526725,1.8577578,-1.321845,-1.9183457,1.691927,-1.3975058,-2.3183951,1.9536947,3.1885977,-1.5200268,-2.9761436,2.8300724,0.91617215,-0.49726996,-2.6115513
2.282328,-2.3961082,-1.954496,1.7595171,0.0057150545,1.3949322,-0.525757,-1.9339718,-0.2986607,1.2890637,1.9006431,1.1925838,-0.04025197,1.2146256,-1.6934181,1.3757141,2.8500466,0.64917314,1.8598163,-1.2942383,-1.8976715,1.6934688,-1.3728994,-2.301186,1.9618298,3.1529286,-1.5176986,-2.9430544,2.8096325,0.9085678,-0.48316678,-2.592401
2.3009431,-2.3843236,-1.9286215,1.7252188,0.048974227,1.4284065,-0.484336,-1.9505208,-0.32259655,1.3331509,1.8939632,1.2243783,-0.023199558,1.2238706,-1.6983411,1.4080349,2.8118887,0.6751785,1.8988626,-1.2746542,-1.936342,1.7004559,-1.3296509,-2.2664113,1.9869457,3.173387,-1.5171672,-2.9229395,2.8498101,0.87854385,-0.43887386,-2.5943208
2.323029,-2.3817983,-1.9304531,1.7321138,0.0743579,1.4478481,-0.47691768,-1.9647415,-0.31746936,1.3456223,1.8987335,1.2336247,-0.02933259,1.2450819,-1.6909901,1.4273164,2.8084419,0.6798546,1.9040114,-1.2809532,-1.9669784,1.6915432,-1.3233613,-2.252848,1.9841954,3.1917152,-1.5077091,-2.925102,2.8681018,0.8632432,-0.41975826,-2.5916097
2.3010736,-2.4201977,-1.9709733,1.7669342,0.023251807,1.4074953,-0.5243868,-1.9616169,-0.31497678,1.3047663,1.9152596,1.2085258,-0.042859554,1.2260623,-1.6961899,1.3769342,2.8484054,0.6596223,1.8795818,-1.30267,-1.9255202,1.7108486,-1.3721235,-2.3008692,1.9761236,3.1918263,-1.5329821,-2.9583948,2.84516,0.90978545,-0.48406544,-2.618023
2.2925265,-2.4257922,-1.9914013,1.7903795,0.005132842,1.3893843,-0.5478098,-1.9608519,-0.3108459,1.2798747,1.9155681,1.1918306,-0.04862585,1.2207773,-1.6955353,1.3584707,2.8717048,0.6500308,1.8602959,-1.3202642,-1.905833,1.7088547,-1.3978708,-2.3245568,1.9629713,3.1877441,-1.5359274,-2.9709325,2.8289258,0.92306966,-0.5076863,-2.618307
2.3031077,-2.4013984,-1.9820244,1.7920033,0.02038024,1.3986132,-0.53808975,-1.9527897,-0.3005579,1.2796123,1.9135549,1.1899973,-0.055127095,1.2276734,-1.6826437,1.375121,2.8685114,0.6493667,1.8512981,-1.3210795,-1.9167858,1.6910509,-1.3903037,-2.3083088,1.9516032,3.1796727,-1.5187676,-2.9641418,2.822917,0.9103896,-0.48552006,-2.6002195
2.2763796,-2.4325922,-1.9708283,1.7537733,-0.0012785137,1.3856705,-0.5317224,-1.958164,-0.33571893,1.297102,1.9128739,1.2083881,-0.03203354,1.198829,-1.7101376,1.3482286,2.8473964,0.66212195,1.8856682,-1.293059,-1.8916534,1.7309096,-1.3768842,-2.3202076,1.9881382,3.1821938,-1.5528771,-2.961594,2.838363,0.92571414,-0.50717777,-2.633116
2.2778208,-2.446695,-1.9917669,1.7779531,-0.012522536,1.3766296,-0.5498387,-1.9560874,-0.32157964,1.2828493,1.9233387,1.1954896,-0.04308195,1.2057794,-1.7061641,1.3380109,2.8672175,0.65008646,1.8730729,-1.3074691,-1.8907669,1.7292883,-1.3980072,-2.3349807,1.9773958,3.1875777,-1.5520642,-2.9754632,2.8306262,0.93980205,-0.52811456,-2.6391926
2.272244,-2.4958186,-2.063465,1.8637412,-0.07374615,1.3325255,-0.63499147,-1.9454607,-0.28309593,1.2027794,1.9651835,1.142836,-0.08812551,1.2017208,-1.6896393,1.2718374,2.9419174,0.60625005,1.8109591,-1.3544967,-1.8550212,1.7304512,-1.4807391,-2.3949668,1.9337056,3.1934896,-1.5654705,-3.0375142,2.785181,1.00732,-0.6106998,-2.6645107
2.2977362,-2.4570692,-2.0396018,1.860439,-0.034628324,1.365077,-0.6074158,-1.94822,-0.2674991,1.2178233,1.9522518,1.1474394,-0.09141149,1.2267046,-1.6743901,1.3204849,2.9286103,0.6143821,1.8095452,-1.3562748,-1.8918123,1.7021252,-1.4541293,-2.3601234,1.9241683,3.1905704,-1.5355318,-3.0162234,2.7921817,0.9700184,-0.5613786,-2.6320004
2.29732,-2.3973153,-1.9655443,1.7862499,0.02609557,1.4060009,-0.51841354,-1.9427115,-0.29356748,1.2904269,1.9093643,1.1829255,-0.0517643,1.2330192,-1.6839821,1.3915966,2.8610358,0.6506157,1.8625374,-1.3119203,-1.9282589,1.6901827,-1.3686279,-2.302628,1.9522051,3.17141,-1.508671,-2.9450228,2.8180141,0.9064387,-0.48107943,-2.599207
2.2630615,-2.4543443,-2.0151362,1.8152163,-0.04823334,1.3455467,-0.587257,-1.9337593,-0.29462108,1.2393644,1.9352305,1.1619315,-0.06335235,1.1980242,-1.6961514,1.3079383,2.903554,0.6242405,1.8357637,-1.3240392,-1.858394,1.7171122,-1.4355894,-2.3664863,1.9466652,3.1671462,-1.547412,-2.9952404,2.7876868,0.9711625,-0.5668819,-2.638846
2.3107436,-2.3884184,-1.9693276,1.7926731,0.02945882,1.41148,-0.5324445,-1.9420698,-0.2800735,1.2816148,1.9123077,1.185384,-0.060403347,1.2386689,-1.6745844,1.389904,2.8655753,0.644603,1.8440977,-1.315234,-1.9265293,1.6730356,-1.3823284,-2.2938643,1.9398903,3.1710734,-1.5013487,-2.9542303,2.81222,0.9015285,-0.46946198,-2.5842385
2.323978,-2.3819852,-1.9765106,1.8185284,0.037344802,1.4209278,-0.5401918,-1.9454668,-0.26449782,1.2722597,1.9186599,1.1714635,-0.079564095,1.2550384,-1.6608639,1.4003855,2.8778691,0.6352892,1.8228228,-1.3303916,-1.9447018,1.6612988,-1.3889322,-2.2868698,1.9214909,3.175218,-1.4889616,-2.9574215,2.804976,0.90016526,-0.46370476,-2.575086
2.296033,-2.3833597,-1.9650522,1.7997974,0.011865854,1.4060743,-0.5320893,-1.9334024,-0.28305927,1.2624904,1.9077456,1.1619841,-0.065775916,1.225575,-1.6713183,1.387957,2.8749003,0.6409664,1.8306935,-1.3216997,-1.9169767,1.6844318,-1.3783776,-2.2950923,1.9383255,3.154829,-1.5055771,-2.9439948,2.7933483,0.9136075,-0.48126554,-2.5803611
2.716989,-1.4190838,-2.741422,3.6472733,0.17189093,1.0935988,-1.7539756,-1.6983678,1.0848782,-0.17298432,2.1998038,-0.14947125,-1.4133409,2.3985987,-0.44573984,1.7910553,3.9624062,-0.15876034,0.16855392,-2.7007246,-2.121733,0.13113126,-2.815898,-2.6563518,0.13920994,2.7468286,-0.20333552,-3.2617092,1.9601406,0.71434814,-0.55530465,-1.3128456
2.6211917,-1.7507805,-2.8231049,3.5631344,-0.00611794,1.054553,-1.7764267,-1.7768844,0.92395914,-0.04037137,2.2622783,-0.010662365,-1.2816616,2.2153258,-0.6392312,1.6178843,3.9576561,-0.12872419,0.3623176,-2.577907,-2.0139458,0.4519368,-2.8075695,-2.755287,0.40276226,2.9021177,-0.44667894,-3.375502,2.0452228,0.8944542,-0.7248002,-1.6183136
2.7299974,-1.3900837,-2.7407641,3.666743,0.16112027,1.0666606,-1.7890007,-1.6620686,1.1025937,-0.19580936,2.1996448,-0.20372744,-1.4336476,2.401011,-0.4313263,1.7855705,3.953483,-0.20736042,0.15000728,-2.697174,-2.085724,0.10927148,-2.8044636,-2.6356308,0.12280884,2.6883729,-0.1544991,-3.2329955,1.8747985,0.70297277,-0.5377876,-1.2983506
2.7660499,-1.1682762,-2.6830738,3.7123356,0.22016206,1.0527498,-1.8155556,-1.5678575,1.2205781,-0.3190619,2.1519623,-0.34311217,-1.5295994,2.4665527,-0.31441376,1.8435345,3.9538937,-0.27693674,0.0061377524,-2.7618299,-2.0751243,-0.084680274,-2.8081813,-2.584586,-0.05179448,2.52286,0.01607709,-3.1454167,1.7465553,0.6190697,-0.44757485,-1.1028005
2.7187223,-1.320421,-2.7367268,3.6869144,0.17016654,1.068009,-1.819144,-1.6517346,1.1706676,-0.25881323,2.1916654,-0.23138347,-1.4785372,2.427439,-0.36400294,1.8020513,3.987971,-0.22322655,0.07521121,-2.742265,-2.097895,0.024521112,-2.8775795,-2.6625314,0.02880025,2.6711936,-0.111710116,-3.2515628,1.8987396,0.7029263,-0.55139947,-1.2052853
2.723405,-1.3407255,-2.7593014,3.696986,0.15677838,1.0577854,-1.8322948,-1.6532141,1.1667016,-0.2530726,2.201428,-0.2283781,-1.4766786,2.4249642,-0.36705044,1.7934802,3.9891765,-0.23372154,0.083973005,-2.7412684,-2.089616,0.036123466,-2.8906035,-2.6664577,0.039708614,2.6793308,-0.118969396,-3.260596,1.8891563,0.7119231,-0.5622126,-1.2195027
2.580048,-1.9621776,-2.8248,3.458161,-0.05308945,1.0566783,-1.6942253,-1.839999,0.7580428,0.10176697,2.2602558,0.13341229,-1.1353047,2.101568,-0.80426776,1.5319883,3.900961,-0.03455627,0.5435217,-2.4564261,-1.9851936,0.66137815,-2.7118917,-2.7712564,0.62365466,3.0123842,-0.62569493,-3.405851,2.1320355,0.96826077,-0.7880925,-1.8270385
2.7587032,-1.1924627,-2.6953568,3.7006238,0.23681012,1.0629885,-1.7887945,-1.5918955,1.1952273,-0.29894286,2.145762,-0.29089922,-1.5035797,2.4710736,-0.31614226,1.8562464,3.9587045,-0.24061418,0.018708562,-2.7573724,-2.1117353,-0.09178448,-2.8435636,-2.6053212,-0.042542793,2.573976,-0.019481754,-3.1729655,1.8101476,0.6320122,-0.46882755,-1.1055781
2.7711704,-1.0821421,-2.6900437,3.747947,0.24774241,1.0365536,-1.8351986,-1.5358875,1.2777507,-0.38866478,2.1280043,-0.382003,-1.5775762,2.5072412,-0.23693128,1.8753341,3.9665465,-0.29874715,-0.06944704,-2.8066251,-2.097344,-0.20372133,-2.8764014,-2.600676,-0.15628648,2.4835923,0.07905903,-3.1439152,1.7351859,0.6042499,-0.43573856,-1.0003163
2.558279,-1.89065,-2.8221831,3.507361,-0.06316695,1.0597192,-1.7550766,-1.8129938,0.82833785,0.017118836,2.2661977,0.043113135,-1.2279928,2.1400015,-0.7309867,1.5437596,3.9297233,-0.10174348,0.441989,-2.5036197,-1.981794,0.5979207,-2.7696297,-2.785024,0.51381993,2.9583638,-0.54992825,-3.400476,2.0858262,0.95910645,-0.77720845,-1.752258
2.761106,-1.2178996,-2.7400155,3.7308831,0.1887167,1.0283791,-1.8420055,-1.580108,1.2171253,-0.31670207,2.1696317,-0.31607524,-1.5273399,2.4572434,-0.31213972,1.8252287,3.9684067,-0.28364497,0.017753314,-2.772141,-2.0743818,-0.07373152,-2.8711793,-2.6231585,-0.040675305,2.5674946,-0.022005368,-3.1924872,1.7703898,0.664687,-0.49248514,-1.1266787
2.777026,-1.137541,-2.709762,3.7350662,0.21846466,1.0269196,-1.8354893,-1.5446323,1.2454623,-0.35238925,2.1476166,-0.35812846,-1.5548754,2.4771752,-0.27804285,1.8492501,3.9581764,-0.30159014,-0.026181126,-2.7861354,-2.0750582,-0.1424193,-2.8588333,-2.5967252,-0.09112044,2.5074685,0.03127613,-3.1501446,1.7219149,0.6322278,-0.45166382,-1.0631468
2.6087778,-1.8308737,-2.8265371,3.5169091,-0.027702117,1.0539236,-1.7390177,-1.7974669,0.8576147,0.013800097,2.2608018,0.047535013,-1.2183653,2.1626883,-0.7106262,1.5860338,3.943124,-0.08841054,0.43367857,-2.5341437,-1.9996798,0.5319389,-2.7713666,-2.7680304,0.49226227,2.9437382,-0.52659786,-3.3869514,2.0789542,0.9329637,-0.7559315,-1.702769
2.6811805,-1.5416718,-2.796024,3.624607,0.066947676,1.0411298,-1.8173296,-1.7034502,1.0349125,-0.13886404,2.2357786,-0.12766877,-1.3670022,2.3100123,-0.50270903,1.696819,3.9713197,-0.20052226,0.22707877,-2.652418,-2.0331342,0.24405316,-2.8508477,-2.6977806,0.23783708,2.7753196,-0.2788299,-3.3080623,1.9293438,0.80599153,-0.6489224,-1.4195802
2.7145514,-1.3524034,-2.7514272,3.668855,0.1179739,1.0304724,-1.847832,-1.6176937,1.1311245,-0.24362373,2.2028089,-0.25351143,-1.4571621,2.3690581,-0.3947449,1.7466265,3.9668243,-0.27042043,0.104381725,-2.7059815,-2.0289648,0.07208748,-2.8584511,-2.651252,0.086645745,2.6322129,-0.12991485,-3.2320106,1.8063987,0.7366977,-0.5667515,-1.2621161
2.6189566,-1.8037758,-2.8119302,3.5151222,-0.017540073,1.0476127,-1.7344167,-1.7697308,0.8583256,0.005518198,2.2395465,0.018791461,-1.215609,2.1607513,-0.7067838,1.5814637,3.9233994,-0.100359105,0.43347406,-2.525577,-1.9827493,0.5140053,-2.7372766,-2.744215,0.4828698,2.8991184,-0.49608207,-3.3573532,2.0297568,0.91273373,-0.7295786,-1.6896038
2.7146838,-1.3742349,-2.7976635,3.7200546,0.10765789,1.0338885,-1.8884846,-1.6493161,1.1926876,-0.2682469,2.2264085,-0.24834056,-1.495188,2.4118335,-0.36211282,1.758529,3.997306,-0.27457106,0.084901735,-2.7455046,-2.054613,0.06699009,-2.9212618,-2.6885781,0.03940325,2.6831164,-0.11943646,-3.287983,1.8723516,0.7370674,-0.59359187,-1.2429651
2.7262645,-1.3119509,-2.7850146,3.7317333,0.12355342,1.0258027,-1.8932269,-1.620703,1.214933,-0.30019712,2.214385,-0.28743017,-1.5210083,2.4268494,-0.32844496,1.7761858,3.9962666,-0.29720858,0.048591804,-2.7655437,-2.0552711,0.010805273,-2.9249167,-2.6739926,-0.0051609995,2.636252,-0.078059815,-3.262383,1.828563,0.7217324,-0.5685869,-1.1939485
2.5887055,-1.8168449,-2.7879183,3.5069633,-0.012784695,1.0628392,-1.7142569,-1.7853178,0.8339287,0.010250568,2.2401652,0.023051094,-1.2222458,2.1631367,-0.71943235,1.5958936,3.9221864,-0.08095195,0.4370183,-2.51782,-2.004951,0.5319861,-2.730237,-2.7567427,0.48972815,2.9165707,-0.5130027,-3.355262,2.0563462,0.92429197,-0.7314081,-1.7123497
2.8865066,-0.73123705,-2.6169953,3.7941525,0.3748313,1.0569441,-1.888382,-1.4465454,1.4710453,-0.56355315,2.0787768,-0.54975176,-1.7489893,2.6406333,0.0010430813,1.9754851,3.9582462,-0.4305674,-0.2886032,-2.922709,-2.1455853,-0.51708347,-2.920485,-2.4936223,-0.4359095,2.2872841,0.32042965,-3.0464444,1.5990692,0.45307523,-0.31209177,-0.6651596
2.892907,-0.68294096,-2.6146655,3.8127472,0.38261455,1.0468719,-1.9080257,-1.4246548,1.5065306,-0.60365045,2.071286,-0.5842164,-1.780728,2.6554987,0.039688803,1.9816271,3.9604194,-0.4546043,-0.3249449,-2.9451094,-2.13907,-0.5671708,-2.9376967,-2.490063,-0.48526806,2.2522082,0.36257702,-3.0354948,1.5686045,0.44211283,-0.30052015,-0.6159197
2.5796437,-1.8995727,-2.8305516,3.487968,-0.05161481,1.0686029,-1.7261765,-1.830354,0.81791925,0.04990077,2.278384,0.09561817,-1.1951053,2.1310353,-0.7469721,1.5585679,3.9392574,-0.06458209,0.47192127,-2.5091653,-2.0001962,0.5998031,-2.7726133,-2.7921665,0.543826,2.9965286,-0.59198076,-3.415567,2.136398,0.9671089,-0.7879623,-1.7694172
2.6099179,-1.7657254,-2.8120897,3.5464025,0.03871424,1.1085902,-1.7454888,-1.8414847,0.9072586,0.0022993088,2.2720828,0.05225854,-1.2730433,2.266477,-0.6245317,1.6425552,3.9555748,-0.08218589,0.3625423,-2.5818706,-2.0790477,0.45220375,-2.841117,-2.7463694,0.4113342,2.9779587,-0.47765595,-3.3987744,2.1498528,0.86835843,-0.72387725,-1.6103632
2.6032002,-1.728949,-2.8056598,3.57178,0.030574322,1.0993602,-1.7835538,-1.8150297,0.9557911,-0.04220147,2.2680445,0.0026493787,-1.3147225,2.2782044,-0.5926442,1.6429913,3.9558353,-0.11448009,0.3270424,-2.5947735,-2.0633106,0.41731292,-2.8506463,-2.7565928,0.35668585,2.9406486,-0.42776078,-3.396688,2.123178,0.8560047,-0.71208364,-1.5815203
2.5730011,-1.9915348,-2.8416762,3.4528415,-0.08165679,1.0558376,-1.7058508,-1.8498795,0.75699437,0.101591684,2.2671857,0.14613426,-1.1327573,2.083604,-0.8167139,1.50879,3.906224,-0.039492868,0.5483557,-2.454022,-1.9728897,0.6956841,-2.7253568,-2.781795,0.64039296,3.0295959,-0.65082306,-3.4232337,2.1456008,0.98461056,-0.811035,-1.839105
2.8141098,-0.98363066,-2.6831427,3.7740524,0.26397967,1.0316231,-1.8815157,-1.5116211,1.3400791,-0.43477505,2.138073,-0.4410909,-1.6334667,2.5412843,-0.1609362,1.8901573,3.9740322,-0.36818093,-0.13398738,-2.8480837,-2.0947902,-0.28004533,-2.900988,-2.55469,-0.22341423,2.4241428,0.15425596,-3.1222692,1.6640508,0.5642033,-0.40605068,-0.9058307
2.801721,-0.93515444,-2.6646838,3.7816734,0.27825657,1.0297143,-1.874275,-1.4864292,1.3621927,-0.47600928,2.1174023,-0.47590095,-1.662311,2.5550747,-0.14161217,1.9095863,3.9735904,-0.36700872,-0.16494498,-2.867804,-2.101698,-0.3260631,-2.8954415,-2.57025,-0.27793652,2.3844337,0.18997756,-3.1011596,1.6570181,0.55369955,-0.3844126,-0.87381107
2.581263,-1.6392285,-2.763937,3.5655422,0.005577445,1.0591516,-1.8006979,-1.7455921,0.9844969,-0.11340137,2.2442894,-0.06641233,-1.3412492,2.2310934,-0.56541693,1.642062,3.9756482,-0.15744421,0.27695155,-2.6080317,-2.001326,0.36293298,-2.8373697,-2.7616131,0.3051254,2.8349795,-0.37388325,-3.354298,2.0290408,0.8759042,-0.7035968,-1.5214572
2.5794585,-1.8032907,-2.794295,3.5093029,0.00040800573,1.0924883,-1.7318512,-1.8331934,0.8667091,0.01347928,2.26925,0.06948616,-1.2442638,2.194309,-0.6719022,1.6089771,3.9543576,-0.07095814,0.40281528,-2.552724,-2.0362895,0.511757,-2.800948,-2.766957,0.46500283,2.9719586,-0.5217079,-3.399289,2.1441178,0.91088164,-0.74521863,-1.6685877
2.6598668,-1.5450554,-2.7710805,3.6105492,0.07579479,1.0639198,-1.7803669,-1.7182901,1.0245512,-0.14093132,2.2211614,-0.113492414,-1.3652103,2.3058083,-0.5247887,1.7132118,3.9756343,-0.1604789,0.23600587,-2.6566646,-2.0533605,0.2611196,-2.8212647,-2.714635,0.23980622,2.7875724,-0.2969346,-3.3082726,1.9776523,0.80517817,-0.6395445,-1.4341762
2.1919763,-2.3700478,-2.565272,2.8127499,-0.40895143,0.9137845,-1.3702075,-1.6882255,0.2343575,0.39445028,2.166901,0.41442108,-0.65310496,1.3390001,-1.3002851,0.99989766,3.6033483,0.10774954,1.0073625,-1.9376805,-1.5184416,1.2594436,-2.334977,-2.869281,1.1769916,2.958176,-1.2339249,-3.3728104,2.153689,1.4238638,-1.0804236,-2.4197447
2.2665913,-2.0289187,-2.482452,2.878488,-0.2910168,0.93358123,-1.3727134,-1.5345842,0.40548787,0.27772194,2.1092591,0.23412852,-0.75616753,1.4357169,-1.1439635,1.1125702,3.6404564,0.029253388,0.8033816,-2.0272498,-1.498276,0.9788275,-2.3320222,-2.7767134,0.9431561,2.7419906,-0.99233043,-3.2465024,1.9637301,1.2843702,-0.95289695,-2.1551788
2.2193117,-2.1732745,-2.5377605,2.8678436,-0.36388272,0.90507716,-1.4043903,-1.5859156,0.35051098,0.3061777,2.1382236,0.29224843,-0.71409875,1.3867639,-1.2010834,1.036772,3.6418934,0.04030199,0.8754082,-1.9977982,-1.4734566,1.0939999,-2.3599725,-2.827949,1.0261377,2.8208013,-1.0851389,-3.3140068,2.0207427,1.3590534,-1.0236412,-2.2602584
1.9174503,-2.4872372,-2.4746306,2.5815604,-0.62292975,0.7552935,-1.3602349,-1.5932908,0.057670735,0.37374544,2.1123283,0.45328555,-0.4935964,1.037351,-1.4451635,0.7029798,3.4965615,0.109490655,1.1032112,-1.715266,-1.2028648,1.4679904,-2.296524,-2.9283755,1.3296525,2.8378415,-1.42716,-3.3370254,2.0614836,1.5930129,-1.2386006,-2.5290227
1.8924665,-2.4083493,-2.417505,2.5665674,-0.6373943,0.73942745,-1.3424598,-1.5314763,0.073825456,0.31479383,2.0714955,0.395625,-0.5052775,1.000296,-1.42742,0.69769627,3.4744976,0.089080855,1.0526186,-1.7049538,-1.1525068,1.4411424,-2.2879558,-2.9112904,1.2868721,2.754259,-1.4030384,-3.2886913,1.9882797,1.6003574,-1.2310339,-2.4656265
1.887504,-2.3453705,-2.4135919,2.5902767,-0.63714755,0.7141656,-1.3772113,-1.4863173,0.12600198,0.26778573,2.0701518,0.3396168,-0.5397228,1.0174909,-1.3917301,0.70150256,3.4916482,0.052112985,0.99675864,-1.7164457,-1.1297162,1.3637596,-2.3249395,-2.9065275,1.2212703,2.6965518,-1.3402271,-3.2739978,1.9251156,1.5917362,-1.2172334,-2.4016619
2.052822,-2.3328605,-2.4492693,2.6493938,-0.48211852,0.8349174,-1.3182768,-1.5834055,0.17090169,0.38849914,2.1045482,0.41450295,-0.55406153,1.1764671,-1.3569013,0.8738495,3.5287082,0.112371065,1.0333449,-1.8005631,-1.3312311,1.3072684,-2.2650232,-2.8451898,1.2345204,2.823851,-1.290995,-3.2940967,2.0550504,1.4703695,-1.1235195,-2.4100251
2.0328863,-2.357202,-2.4725394,2.6707053,-0.50306714,0.8138426,-1.3390698,-1.5872482,0.15166564,0.37554565,2.1139834,0.41129023,-0.5589348,1.1607559,-1.3638322,0.8510544,3.5379562,0.10419178,1.0346891,-1.8096222,-1.3192718,1.3264319,-2.292317,-2.8779106,1.2341869,2.837837,-1.3059719,-3.308165,2.053187,1.5040518,-1.1534878,-2.4314446
2.0646484,-2.3316188,-2.491621,2.7057967,-0.5027398,0.8362514,-1.3681948,-1.5847905,0.20598778,0.340028,2.112754,0.37428805,-0.59320503,1.1989728,-1.3307765,0.867214,3.5605416,0.07646768,0.9938141,-1.8433723,-1.331867,1.2945107,-2.3154237,-2.8695197,1.1888869,2.8215067,-1.266018,-3.3183491,2.038323,1.4803702,-1.134702,-2.3949873
2.0540423,-2.4670587,-2.541048,2.6804245,-0.5409249,0.83811444,-1.3803241,-1.646752,0.1519072,0.39675927,2.1476417,0.45557284,-0.5577538,1.1735065,-1.386636,0.814404,3.5500379,0.10194373,1.071081,-1.8161358,-1.3457667,1.3942858,-2.3180425,-2.8987427,1.2733577,2.916595,-1.3578606,-3.3819976,2.1239498,1.5256455,-1.174468,-2.5073826
1.9728124,-2.3714397,-2.4425387,2.6090064,-0.57707727,0.77976596,-1.3473371,-1.5532768,0.13325767,0.33151037,2.0940921,0.39070392,-0.538434,1.0835204,-1.389385,0.7718946,3.5074806,0.088347435,1.0297388,-1.7556492,-1.2293363,1.3768542,-2.2805605,-2.8859146,1.2489278,2.777811,-1.3414648,-3.3116708,2.0161984,1.5427458,-1.1787457,-2.4426727
2.0326924,-2.1498349,-2.3774312,2.675121,-0.4913477,0.79572415,-1.3406298,-1.4735571,0.24829221,0.24367675,2.0594826,0.26346093,-0.6218713,1.1563041,-1.2737892,0.8795289,3.5344558,0.043153524,0.9031278,-1.8265698,-1.244808,1.1901858,-2.2912333,-2.8232002,1.096946,2.6559043,-1.1745682,-3.2308116,1.9005276,1.4575821,-1.0904185,-2.2534015
2.0368035,-2.3118668,-2.4462533,2.6550963,-0.5148161,0.81716,-1.3451589,-1.556536,0.19295816,0.33632377,2.0972486,0.37354055,-0.5701517,1.156332,-1.3435848,0.84548074,3.5339196,0.08407283,1.002692,-1.8039213,-1.2907417,1.3007615,-2.2833734,-2.8563266,1.2027762,2.7821417,-1.2753918,-3.300544,2.017501,1.4868591,-1.1311533,-2.3903651
2.0178883,-2.3794947,-2.4944081,2.6616569,-0.55488306,0.79453516,-1.38394,-1.5715997,0.18091507,0.3430459,2.1191914,0.39813954,-0.56405574,1.1423409,-1.3671517,0.79834414,3.5441208,0.07553611,1.0208538,-1.7978752,-1.2749813,1.3352382,-2.318456,-2.8925605,1.2203311,2.8174217,-1.3099593,-3.342893,2.0390718,1.5248277,-1.1676468,-2.4404225
2.1173918,-2.4277222,-2.4993289,2.6497865,-0.4469388,0.88761836,-1.297814,-1.674917,0.14753489,0.48234782,2.1429765,0.51607597,-0.5324702,1.2158545,-1.3875039,0.9058832,3.534832,0.1610353,1.115859,-1.811849,-1.42562,1.3613329,-2.2401147,-2.843123,1.3014141,2.9506137,-1.3391268,-3.3518014,2.1784797,1.4456285,-1.1063569,-2.497586
2.1008544,-2.450976,-2.485915,2.6154435,-0.43916216,0.88907135,-1.2778629,-1.6906493,0.114021204,0.5119535,2.1384845,0.5427205,-0.50524956,1.2077539,-1.410867,0.9009989,3.5167167,0.18278964,1.1502243,-1.7844875,-1.4322436,1.3835548,-2.2145123,-2.8377,1.3383057,2.9593601,-1.3601713,-3.3369756,2.195905,1.4392445,-1.1067913,-2.5181313
2.0260437,-2.4013553,-2.4844508,2.6466663,-0.5382765,0.8156537,-1.3564148,-1.6009045,0.1536468,0.37576756,2.1226146,0.42322016,-0.55378854,1.148268,-1.3797586,0.8168415,3.5309021,0.09909101,1.0461972,-1.7872832,-1.3034202,1.3600851,-2.293864,-2.8778167,1.2538202,2.8447576,-1.3313574,-3.3367743,2.0695844,1.5121133,-1.158374,-2.4586887
2.0965269,-2.5180335,-2.552259,2.658041,-0.49199122,0.87275124,-1.3412527,-1.7079614,0.12261186,0.48633456,2.1712713,0.53418565,-0.5306131,1.2053716,-1.4143881,0.85441303,3.5382524,0.15163472,1.1365004,-1.8093605,-1.4234158,1.4217126,-2.2720227,-2.8810153,1.33365,2.9978273,-1.3895208,-3.4028306,2.2122111,1.4947593,-1.1482229,-2.5671678
2.0872846,-2.4176478,-2.526633,2.6778092,-0.47490495,0.8514832,-1.3543152,-1.6472094,0.17388682,0.43692604,2.1492727,0.47091502,-0.55241144,1.2189599,-1.37264,0.8719066,3.5604177,0.12355914,1.0772171,-1.8239126,-1.3883989,1.3281898,-2.2897375,-2.872353,1.2586563,2.9150672,-1.3114555,-3.3578029,2.1284528,1.4660085,-1.1293542,-2.4776573
2.0994897,-2.4751256,-2.5060284,2.6115422,-0.46185082,0.88891965,-1.2927904,-1.6933572,0.11935516,0.5084248,2.1404684,0.5484821,-0.5026354,1.2028646,-1.4202467,0.8799346,3.521628,0.17411093,1.1504048,-1.7845634,-1.4239503,1.4023464,-2.2233503,-2.8511682,1.3419411,2.9653363,-1.3750364,-3.3547225,2.200712,1.4494305,-1.1223902,-2.5359075
2.1244447,-2.4862356,-2.5142171,2.6346006,-0.43071613,0.9108857,-1.2878106,-1.7272285,0.11541967,0.5274786,2.1575253,0.55730414,-0.51788175,1.2367908,-1.412792,0.91404647,3.5269413,0.18406,1.1615937,-1.8047231,-1.4773053,1.3974924,-2.2239041,-2.842073,1.3466899,3.0029874,-1.3702571,-3.3581054,2.2295766,1.4378476,-1.1060407,-2.5427644
2.0843022,-2.4755073,-2.5387816,2.6720276,-0.4905857,0.8566634,-1.3434315,-1.6793177,0.13552809,0.45640707,2.156743,0.5047642,-0.53884995,1.1994095,-1.4006627,0.85824525,3.5478027,0.14038157,1.1115628,-1.8164654,-1.4006681,1.3883842,-2.2843459,-2.8858356,1.3016714,2.9602005,-1.3624108,-3.378558,2.172155,1.4945523,-1.1508709,-2.5287766
1.89273,-2.4958587,-2.4926803,2.590314,-0.6697837,0.7234535,-1.3952913,-1.5547818,0.07439909,0.33715758,2.1113791,0.4263026,-0.50893414,1.0155866,-1.4512637,0.66206646,3.4909444,0.07720506,1.069896,-1.711641,-1.1690918,1.4670633,-2.334999,-2.9546673,1.3028896,2.8152084,-1.4354784,-3.3534636,2.0334892,1.6428921,-1.2673689,-2.5373256
2.0981896,-2.4625275,-2.529595,2.6539245,-0.49600458,0.8734964,-1.3442452,-1.6631148,0.15926385,0.44948012,2.1515594,0.49240047,-0.54899627,1.2010059,-1.3976219,0.8546602,3.5383651,0.12820132,1.0881178,-1.810482,-1.4000643,1.3811666,-2.2744384,-2.865675,1.288805,2.9417107,-1.3583438,-3.3755188,2.1587577,1.4889325,-1.1369598,-2.5217597
1.9407638,-2.3760846,-2.4511914,2.5927954,-0.6020497,0.7439772,-1.3777103,-1.5227048,0.14330502,0.328847,2.1018975,0.38731712,-0.5341495,1.0638349,-1.3984952,0.73009205,3.510521,0.071634606,1.0219858,-1.7305588,-1.1850075,1.3542681,-2.3109422,-2.8956795,1.2381403,2.756064,-1.3400904,-3.3105998,1.982515,1.5603607,-1.1942306,-2.4398487
2.1093917,-2.2995899,-2.483644,2.6958334,-0.44768983,0.85753554,-1.3394576,-1.5885717,0.22288188,0.37931544,2.1189458,0.39821333,-0.59055287,1.23202,-1.3284655,0.9129341,3.5638957,0.09836314,0.9995125,-1.8499329,-1.3765628,1.2517936,-2.2809377,-2.8410518,1.1834071,2.8328426,-1.2443582,-3.3086333,2.0563722,1.4392525,-1.0933685,-2.389609
2.0368323,-2.4127123,-2.5162225,2.6624336,-0.53348285,0.8070453,-1.3775756,-1.6021926,0.16638784,0.38389924,2.1369264,0.43292895,-0.55616814,1.1623772,-1.3821833,0.8135355,3.549626,0.09580867,1.0473626,-1.8015289,-1.3148882,1.343054,-2.3126485,-2.895327,1.2437575,2.8628163,-1.3258399,-3.355067,2.076114,1.5175488,-1.1650404,-2.472889
1.944979,-2.3937829,-2.4542766,2.5950866,-0.60180914,0.7472522,-1.3653921,-1.5379623,0.12991133,0.33708957,2.098333,0.4071493,-0.522917,1.0630679,-1.4062192,0.73474807,3.5084114,0.084136344,1.0436056,-1.7316757,-1.1920757,1.3772986,-2.3026795,-2.900722,1.2598305,2.7750003,-1.3571993,-3.3165715,2.0054307,1.5629053,-1.2029127,-2.4535828
1.9653997,-2.2847724,-2.443377,2.662413,-0.5874496,0.7478745,-1.390929,-1.4825094,0.19862966,0.26145566,2.0813484,0.3102147,-0.5868505,1.0947417,-1.3364607,0.77228737,3.528279,0.03257358,0.94168264,-1.7873077,-1.182697,1.2906153,-2.3407652,-2.8903227,1.1548073,2.705691,-1.2667465,-3.292905,1.9310757,1.5464712,-1.1770332,-2.3557153
1.8624922,-2.4228897,-2.462125,2.5942245,-0.6859581,0.692071,-1.407321,-1.4999759,0.097522736,0.2837692,2.092902,0.3721129,-0.52421325,0.9905739,-1.4200766,0.6473824,3.4933124,0.046926,1.020852,-1.7077248,-1.1042426,1.4237485,-2.3491774,-2.951245,1.2520378,2.740675,-1.3881886,-3.327394,1.9615475,1.6398869,-1.2622484,-2.472868
1.3535249,-2.8621175,-2.5498753,2.1448762,-1.0871422,0.37915692,-1.554068,-1.4011317,-0.30180654,0.3698669,2.1213198,0.635333,-0.24229908,0.57817304,-1.7600739,-0.00086488726,3.327292,0.0806519,1.3074028,-1.2256142,-0.58882827,1.7709566,-2.4377446,-3.2095993,1.5698845,2.7280278,-1.8307034,-3.3651822,1.9571126,1.9200046,-1.6251156,-2.8700502
1.3894398,-2.8347175,-2.5637903,2.1839533,-1.059076,0.38409346,-1.5570492,-1.410538,-0.26745552,0.36795864,2.1267307,0.6224087,-0.2601475,0.6127366,-1.7434528,0.04096937,3.3527691,0.07517912,1.2880651,-1.2641608,-0.6286529,1.7367952,-2.4396305,-3.2034526,1.5414808,2.736113,-1.7926672,-3.3718162,1.9548123,1.9024674,-1.6044716,-2.851094
1.3773748,-2.849573,-2.556714,2.1668553,-1.0653627,0.384887,-1.5486519,-1.416162,-0.28920454,0.37812787,2.1256607,0.63581777,-0.248774,0.5996569,-1.7553047,0.02797098,3.3402028,0.083185434,1.302626,-1.2482748,-0.6193162,1.757909,-2.4309514,-3.20567,1.5609407,2.7397676,-1.8130715,-3.3710022,1.9655861,1.90522,-1.609561,-2.8670418
1.3408844,-2.8785703,-2.5391307,2.1217904,-1.0957931,0.38617468,-1.5445249,-1.404332,-0.32370117,0.3785048,2.1174753,0.64675385,-0.23086968,0.5645528,-1.7710934,-0.016608644,3.3096435,0.08815296,1.321048,-1.2066652,-0.57719576,1.7957159,-2.427458,-3.2074459,1.5899919,2.7287083,-1.8537807,-3.3609319,1.966912,1.9203888,-1.6291393,-2.8831897
1.305433,-2.900805,-2.5274587,2.080111,-1.1173456,0.36132574,-1.536937,-1.4026191,-0.36134255,0.38642186,2.1087368,0.6673332,-0.20366111,0.53212345,-1.7995503,-0.051187444,3.2892773,0.101607084,1.3517077,-1.1666625,-0.5424481,1.8277203,-2.4146893,-3.2249424,1.6210722,2.7194552,-1.8837559,-3.3581033,1.972689,1.9263983,-1.6524808,-2.9083822
1.3047265,-2.906892,-2.533258,2.0867863,-1.1208537,0.35295436,-1.5456692,-1.4046004,-0.35692778,0.38786882,2.114629,0.6653234,-0.20692119,0.5347411,-1.8058529,-0.05233698,3.2941902,0.09772255,1.3549843,-1.1736251,-0.54696953,1.8276294,-2.4203029,-3.2286441,1.6195532,2.7224338,-1.8869202,-3.3584373,1.9667145,1.9397087,-1.6578248,-2.9157727
1.3122886,-2.8736947,-2.5341992,2.1060996,-1.1192203,0.35138005,-1.5598867,-1.3799465,-0.32522175,0.3630182,2.112654,0.63655746,-0.22650747,0.54455626,-1.7829602,-0.04368987,3.3059525,0.076127365,1.3187354,-1.1918874,-0.5437277,1.7933471,-2.4361758,-3.2162476,1.586323,2.7019553,-1.8595413,-3.3508162,1.9349372,1.9421812,-1.6477581,-2.8809917
1.3002155,-2.8920555,-2.54335,2.103297,-1.1204033,0.34492394,-1.5555782,-1.3898885,-0.34554273,0.37190396,2.1120012,0.6502323,-0.21674113,0.53815055,-1.7945137,-0.05472474,3.3048317,0.08401883,1.3301563,-1.1806661,-0.53995264,1.8086834,-2.4345832,-3.2339447,1.5985575,2.711181,-1.8676819,-3.3549714,1.948169,1.9418328,-1.6610816,-2.9013348
1.3200915,-2.9102983,-2.5454817,2.1054876,-1.1000679,0.35885173,-1.5411218,-1.4226828,-0.3559807,0.39679486,2.1189308,0.6698076,-0.21046396,0.55275214,-1.8035746,-0.033766486,3.3074276,0.10375974,1.354389,-1.1893021,-0.5736117,1.8210205,-2.4182656,-3.2297986,1.6198785,2.7381103,-1.8758215,-3.3625045,1.9778115,1.9287922,-1.6520278,-2.9185174
1.3352001,-2.872108,-2.543942,2.121426,-1.094924,0.3590254,-1.5513996,-1.399633,-0.3202682,0.37346017,2.1141412,0.64527625,-0.22698584,0.56439555,-1.7783114,-0.018050361,3.3197517,0.086502,1.3229231,-1.2083876,-0.5737683,1.783465,-2.4304,-3.2159333,1.5868298,2.718928,-1.844767,-3.3592803,1.9526598,1.9219385,-1.6387079,-2.878395
1.3080122,-2.8819375,-2.5407312,2.108985,-1.1162446,0.3514052,-1.5584142,-1.3849987,-0.33385047,0.36661884,2.1102033,0.643609,-0.22247711,0.54436004,-1.7850106,-0.04791653,3.307895,0.07954578,1.3222332,-1.1904559,-0.54360294,1.7973316,-2.439557,-3.223542,1.5907519,2.7074585,-1.8616207,-3.3517902,1.941802,1.9394197,-1.6543661,-2.885366
1.3639657,-2.9115438,-2.5535953,2.1188753,-1.0781958,0.39647168,-1.5331486,-1.4410673,-0.3415742,0.4159987,2.1259453,0.6846115,-0.21996637,0.5760615,-1.7894932,-0.0042847395,3.307436,0.11132045,1.3526313,-1.2104111,-0.61145157,1.8155483,-2.4142597,-3.2125537,1.6166407,2.7714462,-1.8747418,-3.376285,2.0110917,1.9151571,-1.6321585,-2.9194202
1.4011028,-2.857246,-2.5697274,2.1738353,-1.0578722,0.39910972,-1.5504577,-1.4266694,-0.2789598,0.3867938,2.1305702,0.64629805,-0.2532886,0.6141208,-1.7502124,0.039377738,3.34072,0.08606122,1.3044924,-1.257477,-0.64103425,1.7562033,-2.4323206,-3.2047546,1.5574747,2.7628117,-1.8120525,-3.3857503,1.9874394,1.9000756,-1.6053588,-2.8737993
1.3479078,-2.8433528,-2.5558066,2.1533587,-1.0952255,0.35926276,-1.5679016,-1.3839111,-0.28405365,0.3526282,2.1196156,0.6193948,-0.24898377,0.57871634,-1.7573248,-0.0046012877,3.3353877,0.06584904,1.2914107,-1.229932,-0.5789851,1.753591,-2.447452,-3.2174606,1.547103,2.711825,-1.8135235,-3.3646903,1.9345697,1.925198,-1.6284246,-2.8592134
1.3434595,-2.88847,-2.5449822,2.1114092,-1.0977137,0.37721008,-1.5480418,-1.4056278,-0.32680875,0.38939,2.1223412,0.6627277,-0.22425881,0.55855167,-1.7766559,-0.022000933,3.3082917,0.09584119,1.3362466,-1.2006559,-0.5749709,1.7956394,-2.4298375,-3.2137845,1.5983946,2.7409763,-1.864658,-3.3701642,1.9780676,1.929094,-1.63884,-2.896995
1.4084332,-2.8492188,-2.5658686,2.1791143,-1.0426533,0.41022754,-1.5462203,-1.4263902,-0.27147192,0.38870442,2.1310346,0.6415037,-0.2574366,0.6212366,-1.7335688,0.05321927,3.3511086,0.090503,1.3028406,-1.2677269,-0.6463354,1.7377245,-2.4378314,-3.1924407,1.5555563,2.7614355,-1.8010925,-3.377623,1.9824817,1.891865,-1.5995129,-2.8534102
1.3431679,-2.8640983,-2.551686,2.1440213,-1.0889883,0.36482367,-1.5552442,-1.4025265,-0.3065358,0.37195876,2.1205342,0.6354958,-0.2366682,0.5756085,-1.7691368,-0.003829193,3.331655,0.08243267,1.3149498,-1.2241087,-0.5848091,1.7724075,-2.4377205,-3.2186818,1.572301,2.7236378,-1.830754,-3.3621917,1.9509828,1.9222934,-1.6325716,-2.8755057
1.2722046,-2.9095771,-2.519439,2.056117,-1.1335284,0.31475013,-1.5410639,-1.3972782,-0.38443604,0.38935915,2.106056,0.67431146,-0.18518105,0.5079705,-1.8346806,-0.077357695,3.2859433,0.10550313,1.3735051,-1.145992,-0.51643825,1.8416431,-2.4069042,-3.2400703,1.6403649,2.6994267,-1.902612,-3.345246,1.9505367,1.94543,-1.675065,-2.9276
1.3281872,-2.8890126,-2.5425658,2.1103396,-1.0980635,0.35866904,-1.5441349,-1.4110011,-0.33996516,0.38726044,2.1153727,0.6602663,-0.21645817,0.5565532,-1.794679,-0.025276328,3.3125844,0.09751067,1.340682,-1.1962988,-0.5714867,1.8032141,-2.4220834,-3.2223754,1.6045825,2.7275448,-1.863184,-3.3596134,1.965998,1.9241794,-1.6442308,-2.8998635
1.3199456,-2.8757355,-2.5417595,2.1202817,-1.1126072,0.36174536,-1.5562207,-1.3905962,-0.3228211,0.36238164,2.1153636,0.63425463,-0.2320034,0.55360854,-1.7778141,-0.032764245,3.3130279,0.07786765,1.3149697,-1.1976832,-0.55620515,1.7934778,-2.4360633,-3.2211852,1.581212,2.7099528,-1.8491476,-3.3562589,1.9443042,1.933691,-1.6432087,-2.8819702
1.3461878,-2.8594475,-2.5442398,2.1386144,-1.0920197,0.36549288,-1.5522511,-1.4012707,-0.3008696,0.36724037,2.1191058,0.6288053,-0.23823866,0.5752041,-1.7698027,0.0004205227,3.328898,0.08114393,1.3142259,-1.2224617,-0.58607566,1.774193,-2.4294097,-3.2150848,1.5693442,2.7163062,-1.8254182,-3.360722,1.9467018,1.9182831,-1.6285915,-2.8704345
1.3336153,-2.8725073,-2.5475762,2.13361,-1.0991403,0.35485536,-1.5567905,-1.4021378,-0.3118287,0.3706565,2.1189811,0.6366023,-0.23293534,0.56823564,-1.7795277,-0.014406991,3.3249066,0.08043454,1.3225914,-1.2163246,-0.57876956,1.7836748,-2.4337745,-3.2219818,1.5784649,2.7186928,-1.838563,-3.3602004,1.9468215,1.9288803,-1.6397092,-2.8817792
1.2744861,-2.8907876,-2.5335686,2.0941339,-1.1424946,0.32350057,-1.5638183,-1.3775094,-0.34646073,0.35534197,2.108381,0.63469595,-0.21454716,0.52414745,-1.8015633,-0.070501685,3.3008943,0.074686244,1.331992,-1.1702131,-0.5176592,1.8164612,-2.4370933,-3.2414489,1.5978634,2.6877987,-1.8695076,-3.3497148,1.9258373,1.9540917,-1.6702077,-2.8982046
1.3034692,-2.8607967,-2.5498178,2.1390846,-1.1255038,0.34060645,-1.5759053,-1.3714222,-0.3046324,0.34106544,2.116048,0.6068966,-0.24230742,0.5541438,-1.771178,-0.038971137,3.3240814,0.057136845,1.2952787,-1.2074902,-0.54343474,1.7780594,-2.4542668,-3.233889,1.5549706,2.6907368,-1.829499,-3.35317,1.9132166,1.9486217,-1.651128,-2.8719864
1.3424369,-2.8428493,-2.5545168,2.16294,-1.1038533,0.37716702,-1.5706403,-1.3778082,-0.2796872,0.33978814,2.1190882,0.601591,-0.26146263,0.5800036,-1.7428951,-0.007059717,3.3313165,0.053753994,1.2723919,-1.2311218,-0.5732068,1.7576551,-2.456015,-3.2130008,1.5358088,2.705468,-1.80867,-3.3610008,1.9279343,1.9281467,-1.6243747,-2.8494663
1.3076761,-2.8685057,-2.5353112,2.1151788,-1.1221145,0.3446948,-1.5582863,-1.3826888,-0.32440525,0.35658276,2.1139479,0.6315919,-0.22767076,0.54397714,-1.7841393,-0.040720057,3.311299,0.07376003,1.3161907,-1.1927608,-0.5436195,1.7954814,-2.4336967,-3.2253323,1.5821908,2.6982512,-1.8515503,-3.356278,1.9344639,1.9395291,-1.6449611,-2.8834062
1.2694142,-2.8853436,-2.5202339,2.0810218,-1.1400917,0.31727973,-1.5576409,-1.3765209,-0.35417074,0.36111596,2.1084552,0.6380118,-0.20784602,0.51684,-1.8081852,-0.072670266,3.2949462,0.0788403,1.3397347,-1.1654103,-0.5127046,1.8181975,-2.4267683,-3.2326515,1.6075938,2.6805973,-1.8778963,-3.3421001,1.9202789,1.9543879,-1.6652992,-2.898228
1.3491399,-2.8763585,-2.5366771,2.1156087,-1.0890082,0.37415004,-1.544142,-1.4096282,-0.31871384,0.3876853,2.1206937,0.6529422,-0.22583528,0.5678255,-1.7776114,-0.0063477517,3.3146317,0.09512977,1.3358599,-1.211241,-0.586486,1.787864,-2.4213939,-3.2054667,1.5945581,2.7319455,-1.8524843,-3.3630383,1.9668562,1.9199737,-1.6293051,-2.8841085
1.3690246,-2.8725464,-2.541696,2.1266224,-1.0680062,0.3747509,-1.5373377,-1.4266398,-0.31348398,0.40264827,2.123695,0.6616287,-0.2223959,0.5851754,-1.7806709,0.018478299,3.326352,0.10604899,1.3461713,-1.2286342,-0.6140276,1.7795804,-2.4121222,-3.2033992,1.5976346,2.7454693,-1.8439491,-3.3669167,1.9785864,1.9073818,-1.6208146,-2.8868508
1.3284911,-2.886035,-2.5348072,2.1027722,-1.1003788,0.35565355,-1.5445256,-1.4087574,-0.33541793,0.38990766,2.1187544,0.6566276,-0.21515723,0.55500776,-1.796318,-0.022824382,3.3096778,0.097124316,1.3463522,-1.1977247,-0.57184327,1.8026444,-2.417087,-3.2164483,1.6054112,2.7240376,-1.8655422,-3.357949,1.9600471,1.9286816,-1.6415331,-2.8993049
