0,1,2,3,4,5,6,7,8,9,10,11,12,13,14,15,16,17,18,19,20,21,22,23,24,25,26,27,28,29,30,31
3.3187134,1.9412754,-2.1291516,4.090188,1.680577,0.961689,-1.4059478,-0.008161831,3.0582347,-1.4698476,1.0349137,-1.18974,-2.4524102,3.4563568,1.9147075,2.6246324,3.0341563,-1.0472507,-2.0460877,-3.8039756,-1.4534848,-2.6941369,-2.35843,-0.5992068,-2.2014785,0.30202535,2.8845344,-1.214228,-0.49258763,-1.2958084,0.965768,2.3482687
3.0283804,1.3634719,-2.2982774,3.9223683,1.1764541,0.8154783,-1.6233432,-0.010936645,2.8677402,-1.342336,1.1173373,-1.1165359,-2.2003627,3.1568267,1.6463337,2.322782,3.0708935,-1.0331148,-1.8148057,-3.6071384,-1.1980908,-2.420503,-2.72855,-0.88101625,-1.8167045,0.5650552,2.5365083,-1.3130652,-0.47473297,-0.9080442,0.61096305,2.0737512
2.8224723,0.9083468,-2.3088536,3.6326206,0.85082054,0.853336,-1.5613182,-0.19506945,2.511033,-0.98331344,1.1450143,-1.0180448,-1.9267919,3.0105624,1.2319396,2.14819,2.9865947,-0.87469995,-1.3436363,-3.2875352,-1.2262657,-1.8402926,-2.7555208,-1.2252808,-1.4016367,0.88467085,2.0094008,-1.3592316,-0.14683159,-0.63494366,0.12970978,1.5739069
2.7510161,0.61485064,-2.40249,3.6631432,0.8891748,0.9985121,-1.7178084,-0.21093687,2.6327982,-1.0986307,1.3408878,-0.9702549,-1.9390497,3.1434438,1.3419635,2.0272212,3.0347466,-0.8189217,-1.3003006,-3.2704086,-1.1661831,-2.0376363,-2.9005542,-1.1169258,-1.5234333,0.941836,2.0092707,-1.4857962,-0.097847626,-0.6549455,0.26405886,1.5823418
2.560789,0.50879323,-2.2789013,3.4794,0.75664747,0.918313,-1.7268269,-0.12849252,2.45217,-1.2062968,1.3658466,-0.96688807,-1.8749096,2.839999,1.2740085,1.7947552,2.9647708,-0.8828847,-1.2480785,-3.0448751,-0.991313,-1.822766,-2.908964,-1.1098186,-1.3687766,0.8990288,1.8282356,-1.4995975,-0.13176139,-0.5361723,0.24142003,1.4819466
3.0313506,1.3004936,-2.387733,4.0588636,1.2823434,0.9511703,-1.6011832,-0.24138947,2.9151943,-1.4687542,1.1236804,-1.296108,-2.3756459,3.339042,1.6487026,2.3018444,3.2432983,-1.0244195,-1.8485962,-3.686018,-1.3785322,-2.1879795,-2.680287,-0.98942816,-1.8905014,0.64800066,2.369037,-1.4026346,-0.35179454,-0.9449123,0.43272552,1.8585021
2.8824654,1.1625261,-2.4129798,4.008041,1.0931079,0.81631964,-1.63715,-0.25656393,2.7783415,-1.4530694,1.2181901,-1.3272486,-2.342113,3.1934078,1.5564097,2.1534073,3.2373595,-1.0156015,-1.7187729,-3.572752,-1.281448,-2.0277193,-2.80239,-1.1176064,-1.7124571,0.70219624,2.1325097,-1.3747442,-0.38247424,-0.8094066,0.3361258,1.7495506
3.0504296,1.5441344,-2.3199658,4.117564,1.2085516,0.81009114,-1.7028061,-0.039399333,3.0423005,-1.581595,1.1982529,-1.3796915,-2.4277604,3.2695186,1.8209438,2.3488657,3.2072341,-1.1213906,-1.8617455,-3.726822,-1.2583158,-2.4913762,-2.8372746,-0.877787,-2.0125604,0.46481854,2.6263852,-1.273362,-0.5742608,-1.0405318,0.6368537,2.198846
3.1239662,1.8720783,-2.2039084,4.099469,1.3758326,0.78385556,-1.6206629,0.0042515574,3.0594585,-1.4556223,1.133486,-1.4083402,-2.4355218,3.3588402,1.834713,2.5140903,3.1574693,-1.108887,-1.9740041,-3.7848687,-1.2591136,-2.6112232,-2.6016088,-0.76220375,-2.0832794,0.30843386,2.7646456,-1.1806208,-0.6229778,-1.1267618,0.78481376,2.288304
3.0052743,1.664469,-2.2123075,4.091984,1.2233099,0.8338865,-1.7486166,0.0903612,3.149835,-1.4981464,1.1464009,-1.3554649,-2.3609893,3.3503685,1.8383106,2.4382904,3.1671152,-1.120807,-1.91369,-3.6866996,-1.1583236,-2.6608372,-2.7699306,-0.79442704,-2.0813808,0.3270851,2.7395158,-1.2275741,-0.60974133,-1.0753176,0.7548379,2.2673712
3.148417,1.6558151,-2.263274,4.2007074,1.3445894,0.93407047,-1.6773937,-0.016391229,3.1975935,-1.5153272,1.1099403,-1.3374989,-2.4301307,3.4721694,1.8721539,2.5337806,3.2094803,-1.12101,-1.9676949,-3.7920067,-1.3153455,-2.6258807,-2.6854866,-0.8251993,-2.200936,0.4175075,2.78484,-1.3436053,-0.47588977,-1.1255283,0.735488,2.222129
3.283118,1.9129012,-2.005935,4.026805,1.5812881,1.1074488,-1.3200098,-0.09035377,3.0420983,-1.2604822,1.0190659,-1.2821332,-2.389394,3.5832467,1.8249569,2.7129993,2.9459293,-0.96966934,-1.9302967,-3.6349664,-1.5768667,-2.58946,-2.3317738,-0.6066083,-2.24517,0.4004131,2.7316027,-1.1724932,-0.3321134,-1.3156579,0.8900279,2.3112044
3.3915677,2.2322628,-1.8382419,3.8669193,1.8106191,1.150216,-1.1289756,0.092876144,2.963065,-1.3040016,0.86240757,-1.178338,-2.3265584,3.509674,1.8542318,2.8171701,2.7423167,-0.93299854,-2.0305998,-3.6045525,-1.5899783,-2.6980984,-2.051601,-0.4018828,-2.2684152,0.15817901,2.930511,-1.0476291,-0.4341007,-1.5052887,1.2154152,2.4450738
3.400309,2.0577197,-1.888201,3.8697064,1.8421905,1.1159804,-1.1799123,0.104361854,2.958554,-1.4063568,0.82203996,-1.0439256,-2.290598,3.419368,1.8378643,2.712536,2.773458,-0.9043024,-2.0881727,-3.6263804,-1.5222305,-2.7135775,-2.0353415,-0.39086032,-2.2321784,0.16584408,2.8998287,-1.1447617,-0.44906467,-1.4472153,1.214329,2.347741
3.1253755,0.6389041,-2.577528,3.9166634,1.4022219,1.1122515,-1.5140841,-0.5190862,2.6203656,-1.084864,1.2070284,-0.81008637,-2.2000232,3.4229763,1.434128,2.2459652,3.0577884,-0.7432987,-1.4797738,-3.564212,-1.6149776,-1.9526411,-2.5723805,-1.0926046,-1.5470245,1.1307656,2.0592968,-1.6966238,0.12778899,-0.7549337,0.36592096,1.3184211
3.2411244,2.3340688,-1.8834616,3.979184,1.8940618,1.3237449,-1.0390391,-0.053437732,2.795389,-1.610989,0.9183199,-1.4965483,-2.7752018,3.6373532,1.9999775,2.6935086,2.8338249,-1.0474648,-2.287088,-3.704637,-1.76544,-2.5689468,-1.9247497,-0.71708393,-2.4279792,0.12386747,2.564221,-1.2054875,-0.20899892,-1.1282989,0.7336756,2.0202782
3.390588,2.730758,-1.5400025,3.714688,2.1959689,1.5481224,-0.65054864,0.14872724,2.686273,-1.5438693,0.74343914,-1.3649682,-2.7548697,3.646663,2.1065483,2.9119368,2.4048264,-0.94101036,-2.3040566,-3.4804325,-1.9868162,-2.7567806,-1.5738043,-0.35444278,-2.5475202,-0.11226461,2.7517219,-0.8957984,-0.25244728,-1.4469016,1.1600821,2.3302045
3.1220994,1.109401,-1.7808193,3.0248833,1.9099948,1.3841021,-0.5764724,-0.28014642,1.9829525,-0.618964,0.7814135,-0.4092463,-2.0146384,3.187335,1.136102,2.3138354,2.0399246,-0.48840865,-1.435618,-2.702577,-1.8904864,-1.6733974,-1.5711542,-0.5268031,-1.3554454,0.7036412,1.791363,-1.0809023,0.23663862,-1.0152924,0.70535576,1.2286495
3.1544423,0.52794254,-2.3341022,3.545606,1.6534805,1.2841432,-1.2636052,-0.8748313,2.280437,-0.7287479,1.2637012,-0.6198252,-2.1043139,3.6547,1.1752326,2.2096932,2.8909879,-0.5155286,-1.1756661,-3.2732334,-1.7483475,-1.6460167,-2.1674652,-1.0027153,-1.3552521,1.1917617,1.6769106,-1.7151315,0.5647388,-0.8950694,0.3949019,0.9692522
3.1982834,0.9543991,-2.5971918,4.245551,1.4958153,1.1596223,-1.5325483,-0.7105578,2.7736764,-1.171785,1.3560956,-1.1359078,-2.4473844,3.796126,1.5701742,2.3972723,3.3379204,-0.8386075,-1.5932407,-3.824572,-1.720919,-2.0692468,-2.515077,-1.1558653,-1.9523236,1.0663468,2.1767383,-1.847292,0.23966329,-0.8249663,0.3305884,1.3783895
2.948563,0.79488856,-2.616943,4.141237,1.0725257,1.1527313,-1.6613643,-0.6111611,2.769586,-1.0972034,1.338001,-1.2304901,-2.2190535,3.6905346,1.3877207,2.3104272,3.4713726,-0.9058215,-1.4088523,-3.6240985,-1.6376817,-1.8847288,-2.8175142,-1.3291438,-1.792593,1.1145306,1.96542,-1.7476298,0.15658315,-0.66625035,-0.024801668,1.384312
2.872169,0.8479826,-2.532392,4.0641828,0.864505,1.0422394,-1.8155944,-0.30520305,2.890762,-1.1748734,1.4214678,-1.2220621,-2.127305,3.460432,1.573404,2.2940335,3.3659978,-0.9445717,-1.3587768,-3.554629,-1.4451594,-2.1859174,-3.071548,-1.2192279,-1.7476368,0.9983409,2.1283894,-1.5699053,-0.10207851,-0.6307579,0.109845854,1.7495127
2.7397795,0.28312477,-2.508821,3.5600019,0.8205739,0.9930647,-1.7181566,-0.3993675,2.4384875,-0.8459314,1.5247676,-0.7872896,-1.8594732,3.155417,1.310485,1.9908737,2.9947515,-0.66589606,-0.9976212,-3.2072341,-1.4081707,-1.833585,-2.9501858,-1.2334964,-1.1688077,1.2539519,1.6808586,-1.528415,0.08217232,-0.4790613,0.116238914,1.3761666
3.0784004,0.8027485,-2.5085373,4.0918746,1.2559177,1.024636,-1.730994,-0.4531134,2.7809467,-1.2831064,1.4169216,-1.1001418,-2.2381747,3.382455,1.6099122,2.2524514,3.3360887,-0.91905546,-1.5064512,-3.6946373,-1.4943439,-2.1297183,-2.8074994,-1.0637634,-1.7143843,1.0725914,2.1792245,-1.7577547,-0.0102967825,-0.77491266,0.4302836,1.5957892
3.0846589,0.75447875,-2.4564128,3.9682407,1.2644517,1.0078983,-1.7338846,-0.33770916,2.7559476,-1.3084913,1.3673642,-0.97923154,-2.2230039,3.2386901,1.643519,2.2016292,3.1595545,-0.89932394,-1.4808712,-3.584825,-1.4407874,-2.1350684,-2.782071,-1.0323001,-1.6329658,1.0284007,2.211661,-1.707288,-0.017430782,-0.77793896,0.48944515,1.5934216
3.1582403,0.8397603,-2.434173,3.903162,1.3818114,1.1084044,-1.5845797,-0.40783262,2.7855747,-1.1291441,1.2580235,-0.92283165,-2.2263455,3.4430556,1.6037012,2.3527477,3.1064885,-0.8005867,-1.4964685,-3.572145,-1.5829983,-2.144997,-2.6374793,-0.97339356,-1.6194931,1.0020577,2.2083466,-1.5599577,-0.00744085,-0.8795673,0.4434514,1.6422102
3.466069,2.296152,-1.7549274,3.8407962,2.0790324,1.4788725,-0.8468548,-0.054492522,2.7777746,-1.3811243,0.9201983,-1.2286419,-2.6569,3.7759995,2.0464406,2.8991513,2.6193423,-0.8905298,-2.059485,-3.5351715,-2.0477886,-2.6919084,-1.8365242,-0.41847935,-2.3823338,0.19147584,2.6804154,-0.99638844,-0.17322943,-1.42242,1.0847561,2.338328
3.3119628,1.9456049,-1.9845638,3.9642398,1.7194487,1.3487675,-1.0874472,-0.27442187,2.7860045,-1.2724998,1.0870478,-1.3726612,-2.6246674,3.7842019,1.8641555,2.755948,2.8768024,-0.9231561,-1.9144166,-3.5467525,-1.978492,-2.4284196,-2.1693313,-0.74031514,-2.2312267,0.4787883,2.4056888,-1.1697018,-0.07680299,-1.1720665,0.6569749,2.1089144
3.2604287,1.7564316,-2.2306223,4.144172,1.6888573,0.82600754,-1.5398519,-0.14643708,3.0096035,-1.5790553,1.1880573,-1.2628845,-2.5296924,3.5065818,1.9537401,2.506723,3.1033916,-1.0524145,-1.9371338,-3.8642223,-1.5168908,-2.723888,-2.4642348,-0.6483631,-2.13137,0.36148256,2.7770123,-1.2489555,-0.4879388,-1.2634227,0.97416306,2.2848654
3.356977,2.173072,-2.0299523,4.062205,1.8778884,1.0042816,-1.3201125,-0.025186073,2.967197,-1.6684439,1.0400256,-1.3384783,-2.6281028,3.572197,1.9832184,2.643412,2.9931293,-1.0420473,-2.1134028,-3.8739185,-1.6341871,-2.8246622,-2.174189,-0.5835626,-2.3439736,0.09269937,2.894827,-1.1742467,-0.4909912,-1.3648399,1.1056308,2.3250942
3.3149006,2.3379533,-2.0870857,4.3021936,1.8792835,1.0834664,-1.3529305,-0.1250649,3.0747814,-1.7864796,1.0838715,-1.6699669,-2.8532832,3.8038635,2.1549542,2.7382414,3.1613007,-1.1446335,-2.3003516,-4.0458736,-1.7640301,-2.880421,-2.286647,-0.7220667,-2.604278,0.11817501,2.8454444,-1.2256632,-0.41897884,-1.322892,0.9566685,2.3487926
3.3747458,2.3866534,-1.917214,4.0222893,1.9660988,1.0926876,-1.1471064,-1.9454956e-05,2.9555964,-1.5568192,0.979849,-1.411196,-2.668847,3.6893578,2.0445652,2.808083,2.8700745,-1.0243545,-2.1427329,-3.8182056,-1.771258,-2.8690958,-2.0782225,-0.47071162,-2.3887322,0.063719414,2.9036803,-1.004377,-0.46944675,-1.4792025,1.2051289,2.4767978
3.392701,2.6766152,-1.6130747,3.6350956,2.1422753,1.2284133,-0.84677494,0.21812081,2.766839,-1.4869235,0.804315,-1.3087424,-2.596668,3.5175948,1.9859651,2.853135,2.4962132,-0.9386079,-2.1825607,-3.5408254,-1.8133684,-2.8486288,-1.6830313,-0.23731807,-2.342706,-0.17852089,2.9080927,-0.7495081,-0.5151939,-1.5870469,1.4373975,2.4968987
3.2803962,2.2873843,-2.0205367,4.048606,1.9315685,0.9248084,-1.2654848,-0.021975523,2.9054437,-1.7472868,1.0468626,-1.4268557,-2.7335773,3.4909904,2.0264297,2.5686746,2.9513993,-1.0872136,-2.2867362,-3.8931115,-1.5579727,-2.790928,-2.106996,-0.57977605,-2.3741915,0.033720218,2.8221333,-1.102799,-0.5675604,-1.3103964,1.0800977,2.3074577
3.386579,2.7256591,-1.5940363,3.6956868,2.2313862,1.270867,-0.7954391,0.18185882,2.7644417,-1.5801175,0.79293615,-1.2914793,-2.6798546,3.5931175,2.0944684,2.853969,2.4893126,-0.9656266,-2.2557685,-3.587111,-1.8591951,-2.929168,-1.6538475,-0.23365009,-2.4546072,-0.21241336,2.9330716,-0.7731284,-0.480995,-1.6001031,1.4417671,2.566193
3.2227597,3.3406951,-1.0959537,3.310468,2.349954,1.6310297,-0.33244795,0.3631745,2.589069,-1.4246428,0.47819728,-1.5968994,-2.707032,3.649063,2.1391292,3.093958,2.018231,-0.92995167,-2.2561843,-3.2360497,-2.1054468,-3.0141354,-1.301247,-0.15587787,-2.7543209,-0.45606312,2.9654415,-0.424331,-0.32095894,-1.8069372,1.692016,2.7164674
3.1226687,2.6810622,-1.2800267,3.1468558,2.1917992,1.6592367,-0.31556472,0.057162233,2.368159,-1.1789485,0.6927212,-1.2368268,-2.5946403,3.569329,1.8677667,2.817332,1.896504,-0.8412224,-2.0290046,-2.9301944,-2.0810952,-2.453848,-1.3815758,-0.2242878,-2.2798,-0.11660831,2.4516575,-0.41437155,-0.1783854,-1.7095909,1.4066026,2.3121438
3.1500244,1.956611,-1.9315469,3.6799388,1.8950405,1.0972488,-1.0351427,-0.15232532,2.6604152,-1.4253603,0.9458643,-1.1635901,-2.56289,3.3890603,1.8020884,2.466306,2.5836499,-0.9220468,-2.0691528,-3.4683754,-1.6361109,-2.3546753,-1.9945867,-0.502566,-2.0062685,0.25486308,2.4104466,-0.90992767,-0.38273218,-1.3568578,1.0079639,2.0533102
3.3049293,2.6265194,-1.7910454,3.8931663,2.0165849,1.2316182,-1.0178518,0.09208304,2.9114277,-1.7022915,0.84837645,-1.5321152,-2.8013852,3.5882773,2.1134431,2.7675605,2.6920424,-1.0641487,-2.382716,-3.730205,-1.7189798,-2.80174,-1.9118202,-0.4829669,-2.542315,-0.123082854,2.8459034,-0.9262492,-0.48005715,-1.4439871,1.071934,2.3954253
3.338348,2.5857544,-1.6821668,3.7444081,2.034348,1.2951701,-0.94229555,0.12699232,2.8756905,-1.5537456,0.78506804,-1.3962128,-2.6732092,3.551597,2.0311103,2.7947032,2.5825171,-0.97963,-2.2848387,-3.5661042,-1.7540337,-2.763104,-1.8275626,-0.35817668,-2.4386365,-0.10892489,2.8128772,-0.8398026,-0.4446763,-1.507603,1.1493565,2.4184175
3.3212914,1.9326732,-1.6991634,3.3970418,1.9353154,1.5449207,-0.8574454,-0.21836796,2.5382538,-1.2277691,0.9296886,-1.0857496,-2.4410603,3.490168,1.6795422,2.6366563,2.3761752,-0.7473381,-1.8356842,-3.1888435,-1.9046843,-2.1554475,-1.7876034,-0.500362,-1.8895533,0.31061593,2.2515295,-1.0071167,-0.017040128,-1.420644,0.97401583,1.8710865
3.387157,1.290908,-1.9121239,3.4150586,1.8651476,1.587425,-1.0227201,-0.628893,2.421305,-0.9616129,1.1676385,-0.8954136,-2.3171706,3.6727722,1.5009502,2.5526567,2.5806732,-0.61390936,-1.456488,-3.174247,-2.0108202,-1.8590504,-1.8895729,-0.7310936,-1.6154226,0.7607249,1.9347906,-1.3552611,0.38861534,-1.2616692,0.73531216,1.4605091
3.1623797,2.5428982,-1.0491226,2.364102,2.3601198,1.5256368,-0.16498545,0.17164306,2.1008196,-0.65398425,0.48574996,-0.39456365,-1.8679987,3.228991,1.5218829,2.8248181,1.6386696,-0.48635906,-1.3140196,-2.6433313,-1.9557892,-2.6552556,-0.9095661,0.22986594,-1.6511608,-0.35046205,2.644835,-0.17949025,-0.16683729,-2.0101638,2.2477777,2.47624
3.0433762,1.7857246,-2.0363247,3.5625885,1.5565363,0.6931511,-1.3921546,-0.08415441,2.6849003,-1.346817,1.1531996,-1.0685823,-2.2867756,3.1977918,1.6079814,2.322923,2.7570927,-0.90697014,-1.6545947,-3.4419518,-1.2623503,-2.5476766,-2.230927,-0.5978743,-1.807923,0.12856375,2.5974603,-1.0368946,-0.4688645,-1.3029839,1.1584699,2.0965614
3.1535337,2.1910317,-1.8903412,3.5376773,1.8150117,0.9006814,-1.18379,-0.054259934,2.7005086,-1.3456932,1.0209379,-1.1787196,-2.4381812,3.3790538,1.746218,2.5492606,2.6697762,-0.93999445,-1.851053,-3.5163856,-1.5087487,-2.7063775,-2.0004873,-0.50289476,-2.0268154,-0.026217794,2.7144132,-0.8835263,-0.46023005,-1.4767803,1.3600465,2.2481344
3.162579,2.6413827,-1.6211132,3.3516693,2.0041158,1.1672798,-0.8725007,-0.018980276,2.579238,-1.2885371,0.8463586,-1.3452461,-2.492707,3.5096188,1.8226547,2.7900834,2.4393716,-0.8896429,-1.84913,-3.4701037,-1.7584957,-2.8270714,-1.7529278,-0.4445258,-2.2198799,-0.20241556,2.816754,-0.6878401,-0.34937227,-1.6945728,1.6199512,2.385407
2.9076965,1.7958553,-2.1430771,3.8266582,1.3647101,0.5532335,-1.6913811,-0.09432342,2.8453572,-1.5684204,1.2602315,-1.3730717,-2.4238405,3.184539,1.6911013,2.2029567,3.0161443,-1.0777607,-1.8158175,-3.59895,-1.0506169,-2.5802174,-2.5257285,-0.7935327,-1.9985158,0.12053907,2.6000893,-1.2077191,-0.5787883,-1.1362667,0.95141304,2.09306
2.7902184,1.8120902,-2.028028,3.6423726,1.3063878,0.43278846,-1.6812868,0.074196294,2.785811,-1.5178444,1.2367852,-1.316382,-2.2934346,3.0360172,1.6060966,2.1348724,2.9613433,-1.0368742,-1.8052194,-3.4302495,-0.868762,-2.5787177,-2.4533658,-0.72753805,-1.856513,0.015429879,2.5607555,-1.0827496,-0.7140949,-1.0874655,0.9574963,2.1291776
3.1390033,2.1877744,-1.8748138,3.515311,1.8073536,0.9227931,-1.1799215,-0.120645046,2.6277747,-1.2800529,1.0164204,-1.230784,-2.3813386,3.4147172,1.6516569,2.5707402,2.7274432,-0.9092625,-1.7933146,-3.5011992,-1.5285423,-2.6730144,-1.9811604,-0.5884141,-2.0243702,-0.0022091388,2.6910853,-0.9871581,-0.3614678,-1.425423,1.3542188,2.1618085
3.1724083,2.2384624,-1.9842637,3.7008278,1.7992747,0.95453405,-1.2142985,-0.17303325,2.6939013,-1.3904579,1.0486791,-1.3681642,-2.5493066,3.5146236,1.7538393,2.6014202,2.8215854,-0.998366,-1.8940823,-3.6702893,-1.6119696,-2.7095938,-2.0958111,-0.69879496,-2.1707578,0.035583246,2.707694,-1.01465,-0.35945824,-1.4105829,1.2638028,2.1678433
3.18162,2.1282501,-2.1166108,3.8828864,1.7244618,0.8884281,-1.3539633,-0.22194353,2.7684293,-1.493545,1.1259059,-1.42851,-2.5922804,3.5294557,1.7825912,2.5416212,2.9417996,-1.05245,-1.9123249,-3.7828186,-1.5609202,-2.677339,-2.2536345,-0.7847494,-2.2141862,0.1165299,2.7225177,-1.149648,-0.37438446,-1.3489516,1.1445932,2.1280491
3.077571,1.9284389,-2.1651788,3.8374023,1.5583165,0.7264877,-1.5009385,-0.22972795,2.721012,-1.537452,1.1951058,-1.4144398,-2.5343797,3.319347,1.6481473,2.3252645,3.0147305,-1.0601693,-1.8841598,-3.708861,-1.3316013,-2.5279727,-2.3350823,-0.88106203,-2.085741,0.13784286,2.6015828,-1.2667506,-0.41664562,-1.153186,0.9867474,1.9511188
3.0421176,1.600859,-2.2632184,3.8067193,1.413448,0.6617211,-1.5308855,-0.27669615,2.643949,-1.3856496,1.2811248,-1.1902376,-2.3425536,3.2076652,1.4938544,2.226574,3.0465007,-0.991238,-1.647275,-3.6092236,-1.2072372,-2.3320765,-2.4271302,-0.92044544,-1.8260071,0.3261086,2.456186,-1.3743174,-0.33083385,-1.0378344,0.8873688,1.7726024
2.9975598,1.5435343,-2.2395,3.7572312,1.336636,0.64895993,-1.5733168,-0.23786041,2.6699123,-1.3625345,1.3023459,-1.1393282,-2.2283463,3.185236,1.5087016,2.2271135,3.003697,-0.96382916,-1.52815,-3.5327938,-1.1353651,-2.369258,-2.508329,-0.8629066,-1.7698612,0.33661646,2.484713,-1.3494532,-0.36177605,-1.0717784,0.9108882,1.8778465
2.9601326,1.4373314,-2.313729,3.8555894,1.2470438,0.65229046,-1.6476533,-0.32323787,2.6832402,-1.444713,1.3397343,-1.228233,-2.3178763,3.1652946,1.4975088,2.1369233,3.0867212,-1.0059078,-1.5036613,-3.572823,-1.1343832,-2.272904,-2.6140926,-1.0008843,-1.8046665,0.39891732,2.413067,-1.4419763,-0.31537452,-0.98780996,0.78719115,1.7562401
2.8985271,1.4853668,-2.3508992,3.9583073,1.1935245,0.5618275,-1.7625462,-0.21405196,2.792904,-1.6060846,1.3488096,-1.3653045,-2.422542,3.141502,1.5924829,2.074383,3.1542478,-1.1122316,-1.6860781,-3.6389909,-1.0261841,-2.351478,-2.7150311,-1.017436,-1.9266886,0.31521374,2.4939156,-1.4254557,-0.47427052,-0.9370325,0.72265196,1.8580548
3.0138483,2.948632,-0.81988394,2.7335873,2.291904,1.5974817,-0.07000354,0.041527223,1.8894173,-1.0526793,0.29977334,-1.1542394,-1.9836508,3.390244,1.614424,2.981517,2.0130181,-0.5692535,-1.1866996,-2.847067,-2.2614434,-2.8624566,-1.2657143,-0.1922166,-2.1537685,-0.10502012,2.5842025,-0.34836382,0.036694996,-1.7698143,2.0439394,2.475388
2.853667,3.421074,-0.8575962,3.185123,2.2470632,1.252187,-0.5337409,0.37348416,2.4168112,-1.8206885,0.22041719,-1.9297745,-2.5075717,3.454223,2.0447617,2.8380408,2.1960697,-0.86186284,-2.0369864,-3.180449,-2.1082342,-3.474958,-1.6249689,-0.3509364,-3.0608552,-0.57488346,3.2136066,-0.3435469,-0.52222246,-1.7960736,2.0216599,3.0004146
2.512904,3.9055047,0.15146193,2.3543594,2.406713,1.47106,0.19357823,0.802137,1.9544951,-1.397665,-0.30311894,-1.6748779,-1.8341331,2.8440874,1.7529541,2.8914936,1.4217725,-0.4918922,-1.5819995,-2.2901423,-2.05699,-3.2432404,-0.8286268,0.21441679,-2.8697484,-0.7341577,3.2156773,0.14485794,-0.54879063,-1.9126068,2.4035707,3.060411
2.5093873,3.689706,-0.2852656,2.9485252,2.1772408,1.2002522,-0.24713068,0.7441249,2.2567205,-1.8457081,-0.09587679,-2.0314171,-2.2121933,2.9552813,1.9196424,2.7433734,1.841821,-0.74189097,-1.9568129,-2.7390862,-1.978459,-3.2958176,-1.3089116,-0.1484637,-3.1572053,-0.68751115,3.3115742,-0.2019021,-0.74339783,-1.6535635,1.9677591,3.0221457
2.5746148,3.658739,-0.42644843,3.10111,2.170005,1.1804211,-0.3445703,0.7061819,2.3978333,-2.0416732,-0.111873806,-2.1085155,-2.3702512,3.1396356,2.0298133,2.7419868,1.9845264,-0.82065,-2.1826837,-2.940847,-2.0559092,-3.498769,-1.3708733,-0.2553101,-3.3298652,-0.7644153,3.3669307,-0.3228224,-0.70266426,-1.6327612,1.9388764,3.1051288
2.7272277,3.6151843,-0.3654116,2.930842,2.303393,1.3555254,-0.19372715,0.6453786,2.303688,-1.7758024,-0.09978935,-1.8612716,-2.2590663,3.1688473,1.9335473,2.8498223,1.9068514,-0.6798935,-2.0063224,-2.8545208,-2.159249,-3.4524052,-1.2302868,-0.1281831,-3.1507406,-0.6304317,3.3227642,-0.28994447,-0.49629182,-1.7910032,2.1657228,3.0698671
3.2093194,2.8887331,-1.3664817,3.5494933,2.0335274,1.2525109,-0.9256805,-0.03028438,2.5654204,-1.8101051,0.7881735,-1.7873389,-2.713492,3.5201862,1.9078621,2.8180146,2.5533884,-0.9021756,-1.8918816,-3.4733233,-2.108972,-3.1116452,-2.0359807,-0.72640955,-2.7153099,-0.070875406,2.8410006,-0.8701032,-0.19835566,-1.5930781,1.5618925,2.5272534
3.2596326,2.2489364,-1.784082,3.8434837,1.7697061,1.0070091,-1.3797656,-0.39484197,2.6078353,-1.8598963,1.0865782,-1.772981,-2.8037274,3.4814668,1.7245346,2.6213515,3.0535789,-0.9963342,-1.8505647,-3.6399052,-2.0291884,-2.844583,-2.3936422,-1.1912177,-2.431917,0.25742054,2.5150685,-1.3452209,-0.006689579,-1.1141267,1.1203465,2.0539343
3.0388315,3.2459302,-0.96024626,3.2271047,2.3572586,1.3093561,-0.5111683,0.26089287,2.4568584,-1.7357252,0.26864868,-1.7576294,-2.5018694,3.5635524,1.995075,2.8975742,2.2365708,-0.7995215,-1.9879555,-3.2216613,-2.1727052,-3.4709923,-1.57601,-0.35462523,-2.9652958,-0.46113387,3.188629,-0.4916408,-0.3358205,-1.8564574,2.0769455,2.9392946
2.9519925,3.389981,-0.8459401,3.2018757,2.31195,1.3532462,-0.42111483,0.362195,2.427155,-1.786218,0.20226781,-1.8637434,-2.4998584,3.5642955,2.0316193,2.928903,2.1895242,-0.79930717,-2.086714,-3.2312222,-2.223764,-3.5349815,-1.539822,-0.30825055,-3.0743623,-0.53083754,3.2302594,-0.4237244,-0.38143307,-1.8645846,2.120557,3.04484
2.8533053,3.4990716,-0.7342734,3.1145122,2.3064537,1.3236058,-0.3782218,0.44066676,2.3902268,-1.8105192,0.11394801,-1.9150985,-2.4743323,3.4799302,2.045692,2.9181378,2.0869904,-0.8025386,-2.1024578,-3.169723,-2.1893067,-3.555537,-1.4635776,-0.28564987,-3.120639,-0.61575127,3.2896404,-0.34533554,-0.44922644,-1.8423601,2.153316,3.0797646
2.8007975,3.5099874,-0.7390246,3.0565543,2.3222468,1.3208692,-0.3047015,0.4450594,2.320604,-1.6811123,0.12765945,-1.8656139,-2.375154,3.4125671,2.0252576,2.93531,1.972182,-0.7809144,-1.9400718,-3.080581,-2.129539,-3.4268768,-1.4159802,-0.24546507,-3.0329032,-0.5802561,3.2673607,-0.27573222,-0.46955568,-1.8738276,2.161081,3.0205429
2.8644457,3.4604526,-0.9197351,3.265121,2.2285151,1.2331717,-0.5447226,0.387911,2.4719226,-1.8471296,0.23069815,-2.0220265,-2.5368097,3.4586384,2.0935194,2.9103925,2.1947265,-0.8863589,-2.1013455,-3.3011336,-2.044391,-3.4410331,-1.6062943,-0.40003437,-3.0985913,-0.61194587,3.259304,-0.4351081,-0.5316377,-1.7560339,1.9365282,2.967947
2.7230878,3.7412288,-0.5156933,3.0229552,2.2674472,1.284765,-0.3408021,0.6369709,2.3896098,-1.9228313,-0.024723595,-2.078043,-2.4636605,3.3064373,2.0931566,2.906534,1.9653804,-0.83945763,-2.1742945,-3.058077,-2.102763,-3.5627162,-1.3629402,-0.24845572,-3.235417,-0.8080331,3.349937,-0.2673086,-0.62416136,-1.7582648,2.0560634,3.1286912
2.375632,3.3570912,-0.8979949,3.345311,1.4467804,0.6094984,-1.3129125,0.4434858,2.393397,-2.7791162,0.23856989,-2.5379097,-2.808994,2.9939315,2.1796184,2.1863146,2.4865487,-1.4355873,-2.439049,-3.3183372,-1.7426533,-3.3383777,-2.3670824,-1.0010729,-3.2154999,-0.8632496,2.830387,-0.56387246,-1.1322143,-0.84156734,0.9807213,2.9105601
2.960404,2.9724755,-1.1897745,3.6365936,1.8428981,1.1449653,-1.132664,0.084037304,2.5916858,-2.1442487,0.5957982,-1.8432758,-2.7418616,3.5347962,2.1055543,2.5551462,2.6029897,-1.1355914,-1.9994698,-3.430984,-2.015211,-3.337984,-2.156653,-1.0492812,-3.0929937,-0.21588394,2.8741317,-0.8532087,-0.19770852,-1.3710939,1.2911203,2.5913968
2.841682,3.0604115,-1.0514768,3.5118651,1.8667252,1.2102622,-0.8273452,0.23115301,2.4253087,-2.0748901,0.38699827,-1.8204763,-2.5870657,3.6543972,2.0288153,2.5384276,2.3276198,-1.0627525,-1.9965076,-3.259962,-2.1211169,-3.3349602,-1.9587933,-0.7870553,-3.1650536,-0.3148388,2.9904366,-0.545606,-0.40603766,-1.6033878,1.5299832,2.7632496
2.4875395,2.7127624,-1.3883641,3.563331,1.4190378,0.6243745,-1.0563829,0.36485758,2.2706046,-2.4106793,0.5083774,-2.3136988,-2.6028538,3.5541153,1.7414201,2.212674,2.4441848,-1.251669,-2.2861068,-3.0860405,-1.9778723,-3.1639125,-2.5607982,-0.9653738,-2.8969572,-0.3257749,2.5551925,-0.55083054,-1.1070054,-1.0490991,1.0720772,2.6771464
2.636511,3.096986,-1.0341522,3.6332412,1.6783928,0.9616542,-1.1889621,0.2897377,2.5474248,-2.4114115,0.47891268,-2.0674427,-2.748611,3.2854812,2.1407661,2.3738208,2.491548,-1.2531264,-2.086302,-3.344656,-1.9177427,-3.2611535,-2.2082608,-1.0656903,-3.2342308,-0.35686368,2.918408,-0.79234475,-0.49427724,-1.1137027,1.071256,2.6417546
2.656248,3.238631,-0.8378912,3.434338,1.7743477,1.0130043,-1.0964028,0.30117458,2.4745982,-2.3255696,0.4632786,-2.007581,-2.7092433,3.1508589,2.1383033,2.4010088,2.420696,-1.1852843,-2.0663304,-3.2470672,-1.9068134,-3.2844245,-2.0681558,-0.9842825,-3.1939197,-0.39530578,2.878036,-0.7064114,-0.44198218,-1.143274,1.1485497,2.6746387
1.6798664,3.0582802,-0.48291785,2.4987464,0.8846167,-0.017920494,-1.470579,0.6634274,1.8029754,-3.0400767,0.12414203,-2.5533123,-2.3812504,1.8066893,1.6993017,1.3283074,2.2654586,-1.361929,-2.296204,-2.5164552,-0.8666496,-2.8646178,-2.43533,-1.011134,-2.6303182,-1.241664,2.2157886,-0.27703446,-1.6770837,-0.1943672,0.6588307,2.8381348
2.488731,3.9814987,-0.04497244,2.4304338,2.0178745,1.2104373,-0.4747507,0.69141513,2.0723748,-2.0361276,-0.19775693,-1.9729836,-2.3398726,2.9780211,2.1087015,2.638378,1.786516,-0.9078878,-1.9910619,-2.5913336,-2.0820909,-3.7118156,-1.4477701,-0.20741253,-3.1097956,-1.0825517,3.0133126,0.21801153,-0.806637,-1.6410424,1.9905593,3.383887
2.3738418,4.22816,0.49680367,1.9584976,2.3113418,1.5231376,0.2334543,0.9886354,1.8040364,-1.6551778,-0.60047114,-1.6517245,-1.8609493,2.8873475,1.9274727,2.8050199,1.2919216,-0.59323335,-1.7609167,-2.1385536,-2.2461948,-3.6976383,-0.78328985,0.38413486,-2.9987545,-1.1308709,3.119254,0.54033417,-0.753633,-1.9504178,2.512233,3.5395768
2.3339264,4.2375174,0.5900791,2.0657144,2.2042565,1.4333483,0.17223772,1.2083702,1.9029824,-1.7703148,-0.63643277,-1.8021965,-1.8257744,2.7624264,1.846484,2.7676282,1.3538557,-0.632356,-1.8757389,-2.0654,-2.159821,-3.634163,-0.79054755,0.36591443,-3.0446756,-1.1561695,3.1781454,0.4332153,-0.9264781,-1.7589016,2.292569,3.4531827
2.3319745,4.1681156,0.54964745,2.1093888,2.0261707,1.2131062,-0.07478556,1.2971909,1.9019928,-2.071043,-0.5530354,-1.9096149,-1.9296293,2.6895645,1.9187539,2.635048,1.530444,-0.7560366,-2.0045571,-2.0561583,-2.0816126,-3.7136924,-1.0948879,0.20124617,-3.0153995,-1.2255296,2.9881718,0.4450431,-1.1790996,-1.5289553,1.964337,3.5340028
2.1158214,2.0583405,-0.9634163,2.661079,0.91653854,0.3080869,-0.88905317,0.4940731,1.5812851,-1.9630573,0.5932287,-1.6574932,-1.8295279,2.4342577,1.1952224,1.7696626,2.1526313,-0.6530533,-1.497844,-2.1768744,-1.5179245,-2.6196644,-2.4130607,-0.890824,-1.7823772,-0.08107043,1.650457,-0.36403024,-0.99159116,-0.56659037,0.5775738,2.404344
3.051421,2.914209,-1.3100051,3.5760422,1.6421986,1.1749701,-1.0424207,0.06753504,2.3729405,-2.0401943,0.7449338,-2.0358896,-2.6990745,3.6975105,1.9164417,2.6238906,2.7382953,-1.0652244,-2.1480594,-3.3578842,-2.1527278,-3.2942529,-2.3764784,-0.83133376,-2.7748325,-0.20979151,2.489153,-0.71958005,-0.577826,-1.4014521,1.2172755,2.7444222
2.8779194,3.0289567,-1.4087107,3.7887547,1.6552708,0.91196775,-1.2091253,0.16782108,2.573996,-2.4012072,0.58285856,-2.3971145,-2.908449,3.7049587,2.0586824,2.5614195,2.8961709,-1.2850559,-2.492384,-3.5835183,-2.061166,-3.4530826,-2.5295434,-0.9965684,-3.0922928,-0.42778048,2.7832394,-0.8182518,-0.79367,-1.237073,1.1875445,2.8243012
2.9787936,3.38247,-0.7285961,3.016726,2.07006,1.378943,-0.68245876,0.23991239,2.2956436,-1.8523428,0.33873996,-1.6156826,-2.5048969,3.4286091,2.0795608,2.722395,2.0735092,-0.9536438,-1.7747996,-3.117645,-2.1555738,-3.397366,-1.6875454,-0.6806053,-2.9460442,-0.42542228,2.8730004,-0.38457364,-0.18112996,-1.7166646,1.7270784,2.7954025
3.086432,3.101831,-1.1714444,3.4254212,1.8512472,1.0747957,-1.0693749,0.07675414,2.380222,-2.2131746,0.58182186,-2.040959,-2.8406978,3.501702,1.9916414,2.5715246,2.658063,-1.1356747,-2.2991085,-3.4114487,-2.1010528,-3.4823067,-2.276157,-0.9259392,-2.930037,-0.42958388,2.676244,-0.72874105,-0.49283838,-1.3866006,1.4031374,2.7953346
2.6716099,3.5067391,-0.89934766,3.2413254,1.7310791,0.7827374,-1.1666753,0.37403306,2.4086843,-2.5159771,0.3218296,-2.4890156,-2.8560977,3.2040927,2.1625292,2.4507878,2.595642,-1.2543346,-2.4849298,-3.2919204,-1.8599278,-3.6229534,-2.301031,-0.82117873,-3.137017,-0.9141291,2.8541856,-0.44857764,-0.9943609,-1.2410972,1.3455108,3.1000774
2.3389049,3.6073766,-0.55612457,2.956144,1.633975,0.5153147,-1.1482955,0.64354944,2.2873034,-2.6779923,0.15870535,-2.6066146,-2.674841,2.8212647,2.0707035,2.2357366,2.5232623,-1.1967002,-2.4835687,-2.932926,-1.6509587,-3.6541066,-2.213469,-0.70946205,-3.0667057,-1.176647,2.8275926,-0.2284627,-1.3287804,-1.0067697,1.2597297,3.2579598
3.1496599,2.2880769,-1.5148838,3.7575958,1.5921583,1.1915703,-1.4677477,-0.2803647,2.5831954,-1.945329,1.0328344,-1.6588665,-2.7427878,3.448073,1.8024145,2.5042045,2.9198222,-1.1020658,-1.7765682,-3.4280632,-2.092424,-2.8932388,-2.4224517,-1.4323666,-2.6171532,0.33105737,2.3613286,-1.431272,0.2422187,-0.9555787,0.89928275,1.9704764
3.12919,2.4492135,-1.3389485,3.6123204,1.7475863,1.368892,-1.1087377,-0.19759993,2.4339688,-1.8014408,0.803195,-1.496455,-2.5889153,3.5782208,1.8146511,2.5477555,2.574377,-0.9909233,-1.6825244,-3.2625377,-2.155539,-2.94422,-2.1249275,-1.1577766,-2.6877065,0.20320456,2.4609256,-1.1131233,0.19005616,-1.2756315,1.1527457,2.1171577
3.1027017,2.9495358,-1.2924185,3.7373614,1.8560711,1.2511133,-1.0820712,0.0070350766,2.5883613,-2.1276546,0.6112086,-1.9304821,-2.8023036,3.7105427,2.053475,2.6116514,2.724447,-1.1226043,-2.1515746,-3.559974,-2.1592536,-3.399144,-2.2016327,-1.009412,-3.0782144,-0.21268253,2.8265388,-0.8809606,-0.26335484,-1.4683661,1.3735597,2.645457
3.1610808,2.8300738,-1.3704901,3.7333515,1.8654683,1.2235587,-1.1616075,-0.039146345,2.6292353,-2.0854154,0.7075394,-1.7875617,-2.805719,3.7081845,2.0690932,2.6119003,2.6050391,-1.1356399,-1.9997867,-3.4963298,-2.1278603,-3.3016331,-2.1821923,-1.0973213,-2.9895263,-0.11409859,2.7862759,-0.9680797,-0.07439445,-1.4296639,1.2741077,2.4998062
2.8642757,2.991835,-1.2812424,3.7877483,1.7991078,1.0250013,-1.2095987,0.17005828,2.6799622,-2.3529744,0.6019929,-2.024122,-2.8685443,3.5898995,2.1708827,2.5306067,2.591729,-1.2408057,-2.1490753,-3.494725,-2.0245223,-3.3895688,-2.2598195,-1.1222554,-3.22145,-0.2765811,2.946671,-0.8852879,-0.33736634,-1.2689638,1.1917293,2.6380801
2.4319043,3.1293454,-0.45682296,2.9897475,1.699637,1.1696165,-0.7592045,0.30333203,2.197496,-2.1015983,0.37559572,-1.6213734,-2.3228877,2.7635853,1.8609622,2.2321603,2.0990534,-0.95850194,-1.7793659,-2.7973735,-1.8408802,-2.9189765,-1.7099308,-0.82539576,-2.909517,-0.26231182,2.497892,-0.7055775,-0.19274978,-1.0448246,1.1469451,2.509023
2.592437,3.413276,-0.40511483,2.972498,1.9684156,1.2752023,-0.62876683,0.428339,2.2582452,-2.0028088,0.26868516,-1.6833525,-2.3713634,2.9688654,2.0168214,2.473371,1.9792382,-0.9222542,-1.800499,-2.8540657,-1.9675804,-3.2111897,-1.5571382,-0.6812693,-3.071015,-0.39941925,2.8367999,-0.47034407,-0.22479668,-1.3897834,1.4693569,2.724305
3.0646927,3.1286683,-1.176553,3.61716,1.9474112,1.1839656,-1.0544198,0.07776214,2.583465,-2.1744285,0.56282794,-1.9615017,-2.836555,3.6368961,2.1433558,2.661872,2.6518471,-1.1419346,-2.14619,-3.5494714,-2.1353068,-3.4854798,-2.1677842,-0.97174215,-3.1238213,-0.31482437,2.8895347,-0.80112284,-0.30323368,-1.4860766,1.429574,2.7552497
2.3943393,3.9444885,-0.30899444,2.9459229,1.9317999,0.9887864,-0.5644232,0.83128345,2.2314315,-2.3724554,-0.091533795,-2.3794072,-2.532647,3.1235595,2.1621857,2.6354852,1.9976631,-1.1462848,-2.2987866,-2.888091,-2.0159433,-3.6119545,-1.7400751,-0.4183097,-3.3053746,-1.0166028,3.1758375,-0.021807153,-1.1982021,-1.4298599,1.6447725,3.3195038
2.5649858,3.9097476,-0.3797568,2.8200154,2.0254388,1.0939956,-0.55776274,0.6547298,2.1855996,-2.1979396,-0.041167792,-2.2532065,-2.5633163,3.2064526,2.1753292,2.6987462,1.9996531,-1.0630261,-2.2338185,-2.9186492,-2.097108,-3.6676795,-1.735882,-0.36290133,-3.2018166,-1.0084845,3.0756085,0.015401304,-1.0109427,-1.6311592,1.8431063,3.3541627
2.720998,2.587714,-1.4444563,3.474526,1.3374766,0.6899415,-1.2832665,-0.0027395964,2.2635684,-2.343195,0.7193255,-2.2667327,-2.7576268,2.9700975,1.7549899,2.2659135,2.88232,-1.2147198,-2.1650984,-3.404211,-1.674885,-2.8409772,-2.491732,-1.1921194,-2.4879868,-0.39534697,2.2447681,-1.0611264,-0.6868969,-0.6841146,0.82392055,2.3025262
2.9841495,2.893631,-1.546993,3.7538574,1.8594319,1.0150421,-1.0912186,0.024717653,2.6130917,-2.0724196,0.69420844,-2.1731834,-2.9225078,3.8152823,2.0417295,2.6336815,2.767989,-1.2144003,-2.41575,-3.636493,-2.035276,-3.3506153,-2.2494466,-0.8769535,-2.9135258,-0.38995412,2.836703,-0.78453386,-0.60809404,-1.4896196,1.3344539,2.7063289
3.0568454,3.0530925,-1.258639,3.5553284,1.9119103,1.2891158,-0.86164206,0.11593874,2.5094533,-1.9818859,0.5498007,-1.9610596,-2.7690492,3.8099315,2.0099459,2.6749997,2.4141161,-1.1310395,-2.1719174,-3.4202557,-2.2258658,-3.3112895,-2.0215192,-0.8090409,-2.9862227,-0.33958524,2.857616,-0.62213755,-0.42093024,-1.6992495,1.5390583,2.7256348
2.8706005,3.5806,-0.43777815,2.6346917,2.268329,1.5683304,-0.09936329,0.47348014,2.0363765,-1.5502515,0.0018428981,-1.4847211,-2.242167,3.509479,1.9204292,2.8217144,1.5190223,-0.74570763,-1.7234781,-2.757374,-2.3606238,-3.3850026,-1.1932011,-0.16517684,-2.9259405,-0.63587654,3.0337358,0.14237827,-0.37606812,-2.1611996,2.279398,3.0250797
2.9372077,3.5824504,-0.55919164,2.7822585,2.3692355,1.498378,-0.25443298,0.39722398,2.1828926,-1.6737139,0.06873636,-1.5421944,-2.3737586,3.5354812,2.053865,2.8585331,1.7356783,-0.7779735,-1.8104683,-2.9684167,-2.3140438,-3.5600014,-1.279706,-0.27253193,-3.0111966,-0.65062,3.100616,0.005770129,-0.300284,-2.1016152,2.2470982,3.0572057
3.0842967,3.2976406,-0.8666766,3.0276313,2.2101777,1.4272991,-0.58813405,0.23237443,2.2809424,-1.7476099,0.40788007,-1.552865,-2.5193014,3.5595136,2.000635,2.773943,1.96184,-0.8985667,-1.7821331,-3.0942786,-2.2412238,-3.368892,-1.5911176,-0.57036453,-2.8669229,-0.4162449,2.9069285,-0.3316647,-0.16607161,-1.8744583,1.8605556,2.7397761
2.8686986,2.2554245,-1.552831,3.5402558,1.2805843,0.9739105,-1.4664553,-0.16912068,2.4237313,-2.036628,1.0267782,-1.7161367,-2.6841753,3.1342387,1.6365265,2.3246932,2.7930865,-1.1674886,-1.7328326,-3.2161965,-1.8343662,-2.6159596,-2.4931965,-1.4474905,-2.3693025,0.13802841,2.118045,-1.2619298,-0.00299197,-0.73658764,0.7084707,1.84571
2.8444614,2.9106426,-1.4782584,3.5439296,1.675053,0.7013367,-1.4859076,0.050324447,2.649102,-2.301728,0.77113473,-2.321534,-2.9676163,3.284603,1.9966987,2.390255,2.8857253,-1.2417037,-2.3230221,-3.5512187,-1.6478846,-3.2954268,-2.4271991,-1.0307014,-2.8288352,-0.5986614,2.754581,-0.8711486,-0.6829756,-1.1459767,1.131673,2.5957098
3.2249515,3.0118039,-1.2930534,3.5422642,2.047327,1.1832079,-1.1294576,-0.024735058,2.5970135,-2.0292263,0.707569,-1.8471241,-2.8382313,3.629578,2.061266,2.6679575,2.6709716,-1.0830467,-2.113574,-3.5553517,-2.0821116,-3.4626896,-2.101645,-0.9377667,-2.8885193,-0.31164852,2.795753,-0.822608,-0.21412888,-1.5483707,1.4677641,2.6311626
3.1797488,3.295302,-0.70685756,2.869626,2.3242843,1.5569896,-0.42181557,0.10807266,2.2080257,-1.569787,0.34417236,-1.419036,-2.451074,3.5905716,1.935477,2.8430133,1.9884017,-0.75244796,-1.7928995,-3.0546265,-2.3543613,-3.463332,-1.3966999,-0.40992945,-2.71643,-0.4383901,2.774249,-0.20599261,-0.13337258,-2.001152,2.0480485,2.8509612
3.0305362,3.5185943,-0.5099423,2.6688995,2.3714864,1.6498114,-0.14326458,0.3140381,2.115935,-1.4580795,0.13838498,-1.4157835,-2.3244643,3.5848823,1.9412382,2.9110975,1.6418806,-0.7010933,-1.708009,-2.8829134,-2.4204931,-3.434269,-1.1794449,-0.20040774,-2.8041177,-0.56256455,2.9535513,0.039677925,-0.19827247,-2.194772,2.2979932,2.9779906
2.8158422,3.6444592,-0.5464008,2.7234979,2.2396517,1.4560173,-0.2259378,0.53198606,2.1167188,-1.6619953,0.11087098,-1.6689949,-2.3460364,3.3601677,2.0168135,2.8037837,1.5667944,-0.7925728,-1.7428023,-2.8308985,-2.2279363,-3.3465614,-1.3518416,-0.21739268,-2.962906,-0.64205694,3.120307,0.040401686,-0.46960968,-2.0890055,2.166217,3.0348423
2.638064,3.47306,-1.0023938,3.273871,1.8522689,0.8521538,-1.0153164,0.3573202,2.4546187,-2.2877097,0.35336655,-2.384713,-2.730044,3.1819954,2.1693032,2.5759616,2.475744,-1.1567134,-2.2767065,-3.3408654,-1.7932587,-3.4421678,-2.1101198,-0.66754407,-3.0447881,-0.84705603,2.9784265,-0.4346621,-0.97055274,-1.3781459,1.4755902,3.0114207
2.7929325,2.5168147,-1.6531286,3.658977,1.3617022,0.6983862,-1.4516037,-0.115361646,2.4566445,-2.2972598,0.8355988,-2.2970848,-2.8528094,3.1096623,1.8272737,2.2919083,3.050261,-1.2779588,-2.226472,-3.6134472,-1.6103203,-2.8179727,-2.5342822,-1.2077878,-2.5383058,-0.33509725,2.3547094,-1.2062691,-0.64152396,-0.70551455,0.76411724,2.2369218
1.7987171,3.2360077,0.18385653,1.6535289,2.13536,1.3772228,0.08839526,0.7226399,1.6477534,-1.5499004,-0.26299566,-1.650294,-1.9360628,2.626667,1.5497643,2.0862052,1.1508049,-0.66078454,-1.8026682,-1.3947402,-1.8379972,-3.233727,-0.970959,0.031387508,-2.8441436,-1.1200213,2.2968497,0.68912935,-0.7886328,-1.3216983,1.6274093,2.9430878
1.5889969,3.1927223,0.3145148,1.4839947,2.1261988,1.3017325,0.23056929,0.76046216,1.5174547,-1.4745255,-0.34910232,-1.516466,-1.7680905,2.4970698,1.4109242,1.995251,1.0121968,-0.6415043,-1.7037863,-1.1942209,-1.7675358,-3.144425,-0.84053147,0.09526493,-2.735069,-1.1346639,2.2019858,0.7833736,-0.8290924,-1.243079,1.6611795,2.8756766
1.7507775,3.861454,0.3639099,1.9010632,2.2287931,1.2518098,0.030120086,0.9969467,1.8923495,-1.8764759,-0.45643315,-2.0508363,-2.0724812,2.6348693,1.894191,2.265962,1.2196568,-0.76668656,-2.0451381,-1.677585,-1.7947786,-3.6705582,-0.947478,0.14074683,-3.2494044,-1.4428405,2.7866855,0.75309885,-1.0733588,-1.4630706,1.9357567,3.3585613
1.806935,3.6326413,-0.101128496,2.38362,1.9833062,0.9687458,-0.5051981,0.83166677,2.2005394,-2.189283,-0.18261772,-2.336255,-2.3016722,2.7416885,1.9998013,2.0752842,1.7142385,-0.91508055,-2.2264955,-2.0911887,-1.5753996,-3.6489289,-1.4438078,-0.23459129,-3.2931638,-1.379892,2.8279746,0.38190728,-1.1255378,-1.2961948,1.49791,3.2438347
1.7887697,3.5259163,-0.23257956,2.5581317,1.8501657,0.83473986,-0.62429297,0.8760314,2.233972,-2.3078716,-0.1623206,-2.4663103,-2.3156552,2.7076614,1.9380252,2.067633,1.8304803,-0.9468587,-2.2727904,-2.239463,-1.4988289,-3.573173,-1.5072973,-0.33705235,-3.34685,-1.3511436,2.9184947,0.26391774,-1.2272003,-1.1415502,1.3828436,3.2084796
1.6855681,4.0554748,0.39256337,2.039132,2.046308,1.1199548,-0.10378651,1.1342881,1.9658558,-2.0735574,-0.57260174,-2.3203168,-2.155503,2.4108024,1.9479138,2.2267005,1.2025957,-0.86303186,-2.1591485,-1.94395,-1.569513,-3.6020825,-0.9188942,0.08871126,-3.3724027,-1.5940602,3.005924,0.5907794,-1.1821347,-1.4254978,1.9439547,3.3865993
1.6429338,4.183548,0.5943082,1.816623,2.0729072,1.2071668,-0.005604076,1.220777,1.8781173,-1.9855957,-0.67094743,-2.279409,-2.0746863,2.2743058,1.9460865,2.2358093,1.0453036,-0.8219868,-2.064755,-1.7873814,-1.5833341,-3.5821438,-0.7954178,0.19301215,-3.3410194,-1.6855242,2.977683,0.6847412,-1.1346818,-1.4808314,2.0578897,3.399879
1.5333107,3.9091315,0.76259744,1.4647558,2.233314,1.1740043,0.23211527,1.4014362,1.6887652,-2.0110326,-0.64745605,-1.9351635,-1.8162496,2.272903,1.7046807,1.9213352,0.8798189,-0.62992364,-2.0803065,-1.095189,-1.6237919,-3.70056,-0.57305247,0.49263272,-3.1119819,-1.8057196,2.740114,1.0305172,-1.3266585,-1.4224855,2.0768764,3.4317398
1.5068963,3.7786927,0.81455743,1.3015871,2.134349,1.1730325,0.28278455,1.3573294,1.5924304,-1.9027714,-0.63492125,-1.7932863,-1.7611729,2.2069516,1.6286551,1.8465207,0.69383734,-0.5561441,-1.9240427,-0.87025785,-1.6656975,-3.5449767,-0.5953201,0.49980012,-2.9323075,-1.7193582,2.5929828,1.0967613,-1.2409004,-1.4490764,2.0944386,3.4112117
1.5220922,3.8752544,0.7952379,1.3163764,2.3497732,1.2829309,0.3288575,1.2952257,1.6724727,-1.8486061,-0.65262026,-1.7956302,-1.7141562,2.4327302,1.6648823,2.0257728,0.77636164,-0.53604436,-1.9767351,-0.96346825,-1.6791992,-3.7967563,-0.5024775,0.5527271,-3.0658736,-1.7881858,2.6681697,1.1313059,-1.2084367,-1.4836588,2.2226117,3.4534824
1.4975843,3.4162598,0.125851,1.8676323,1.9801314,0.952219,-0.28606313,1.0560296,1.9500996,-2.2200904,-0.2962824,-2.1285346,-1.9916475,2.4913757,1.6797316,1.7053818,1.3995022,-0.7844771,-2.204728,-1.426492,-1.4258839,-3.578754,-1.1815598,-0.015733134,-3.113316,-1.5754864,2.5751367,0.67959815,-1.2201047,-1.0949033,1.4937868,3.1163156
1.3703365,3.5898786,0.743808,1.1101916,2.2036242,1.397218,0.4190732,0.9772555,1.3991687,-1.5115061,-0.69718504,-1.5490072,-1.6702942,2.2775893,1.4808618,1.9985917,0.7450202,-0.6748034,-1.7179524,-0.9610075,-1.7128633,-3.2973976,-0.5317208,0.36049134,-2.9138873,-1.4957054,2.3533175,1.0115,-0.84203136,-1.3003199,1.9705412,3.0483532
1.5321394,3.4640968,0.37080726,1.6032089,2.207745,1.2092727,0.16581795,0.9446243,1.6570346,-1.6966959,-0.45635742,-1.7410892,-1.8192275,2.490707,1.5343994,2.039573,1.119052,-0.7242156,-1.9252535,-1.3266537,-1.6792673,-3.4194953,-0.8027911,0.21303844,-3.006297,-1.3463244,2.469569,0.7927147,-1.0219927,-1.1692591,1.7444655,3.0272815
1.5078859,4.092227,0.88132924,1.325222,2.4436557,1.3818088,0.44294,1.2633706,1.635663,-1.7340374,-0.8125264,-1.8014847,-1.7777569,2.442854,1.8031986,2.2333038,0.75749147,-0.65983266,-1.9596767,-1.1486554,-1.7906348,-3.844963,-0.4051507,0.63901436,-3.2053523,-1.8259312,2.7743008,1.2018316,-1.1903789,-1.5515178,2.3801682,3.5668092
1.6869913,3.6141155,-0.063000485,2.2885969,2.018591,0.9151386,-0.45620647,1.0444005,2.214141,-2.1214416,-0.2144641,-2.301661,-2.1984208,2.723321,1.8754494,1.9852226,1.65791,-0.9617098,-2.301447,-1.9709374,-1.3822157,-3.6898155,-1.2929208,-0.10434084,-3.2130954,-1.5196803,2.8384128,0.5230956,-1.3096471,-1.2066532,1.459684,3.1690488
1.6829036,3.146884,-0.29717013,2.6503847,2.0500236,1.0645946,-0.0776663,0.986447,2.0453541,-2.0842671,-0.3913919,-1.97019,-2.067102,3.0125887,1.6735868,2.1228375,1.3886759,-1.0198891,-2.1903005,-1.9374285,-1.9349365,-3.4515443,-1.1512986,0.12518248,-3.478807,-1.1485211,3.1193907,0.4764532,-1.1372266,-1.2474358,1.9336767,3.1050286
1.7118635,3.0313058,-0.4232398,2.760972,2.0066345,1.0367734,-0.1646576,0.9358921,2.1026554,-2.11773,-0.31622085,-1.9748064,-2.1086512,3.0794075,1.6555538,2.0954492,1.4821091,-1.0408014,-2.2063994,-2.0027988,-1.9250381,-3.4172702,-1.2441651,0.045612097,-3.4712167,-1.0788027,3.1050537,0.38898554,-1.1114054,-1.206123,1.847935,3.0277498
1.6258852,3.939321,0.6387541,1.5991834,2.16539,1.1688664,0.008475256,1.3841311,1.9048895,-1.9978845,-0.6084663,-2.0049863,-1.8881266,2.40227,1.7804859,1.9470125,1.1145022,-0.68573755,-2.1647303,-1.3549984,-1.4653187,-3.7825027,-0.67280334,0.32870954,-3.116223,-1.8903618,2.8498516,0.8761293,-1.269472,-1.486715,1.9762663,3.3522525
1.7076813,3.7111359,0.14336313,2.0560856,1.9942108,0.97638625,-0.35684758,1.1657919,2.1432607,-2.1358442,-0.2949408,-2.2014008,-2.1134377,2.5654871,1.8752296,1.8831704,1.467934,-0.8570032,-2.2360103,-1.7631629,-1.3441098,-3.6688676,-1.1553273,-0.026428735,-3.1147976,-1.6639614,2.869093,0.6430824,-1.3287218,-1.4015646,1.5792972,3.2647648
1.791568,1.6642748,-1.3182566,3.2918007,1.823376,1.0241957,-0.4006086,0.24148183,1.9675834,-1.8729013,0.2567908,-1.4502759,-2.0915685,3.4106574,1.1962885,1.8186573,1.6837604,-0.90300864,-1.7305626,-2.0943344,-2.126367,-2.629829,-1.6955185,-0.38290843,-2.9178662,-0.079502866,2.5447075,-0.27569008,-0.6046837,-0.91540736,1.5375589,1.960048
1.5829679,3.079032,0.07739628,1.9953438,2.1711667,1.4506878,0.4520877,0.9272272,1.522763,-1.3522798,-0.540476,-1.3317264,-1.7569406,2.872025,1.3793701,2.1614802,0.5348086,-0.84331477,-1.6337095,-1.2395227,-2.1336894,-3.014135,-0.6120072,0.55194956,-3.1208344,-0.97545135,2.9164796,0.96861994,-0.8382624,-1.4964385,2.441667,2.8937454
2.6440492,2.608939,-1.4367608,3.7698948,1.5223119,0.7339271,-1.6227535,0.15401669,3.0135016,-2.4532275,0.5890585,-2.1330175,-2.819282,3.3382695,2.0635178,2.1899657,2.701476,-1.2814436,-2.2149649,-3.3309689,-1.5507858,-3.3568547,-2.2788148,-1.3412461,-3.1955278,-0.40271896,2.9639685,-1.0759343,-0.21395807,-0.9594151,0.88804483,2.455833
1.9364973,3.7887053,0.21670708,2.194718,2.0539904,1.1617029,-0.10230801,1.2186117,2.1008773,-1.9425417,-0.571871,-2.0266962,-2.0199935,2.823953,1.8085377,2.349819,1.2637936,-0.82754076,-2.1635013,-1.877874,-1.7855667,-3.7308013,-0.8750599,0.21079326,-3.3033562,-1.4494146,3.1332734,0.5480103,-1.0840701,-1.5008476,2.0051389,3.396487
1.933403,3.6984482,0.32946238,1.9971459,2.1001308,1.2540843,0.06159134,1.2507921,1.9799054,-1.7711487,-0.59465533,-1.8083359,-1.9074049,2.8130527,1.7106483,2.3599834,1.0801144,-0.7387366,-2.0498357,-1.6156368,-1.8353746,-3.6880767,-0.72377574,0.35249108,-3.1914277,-1.4067168,3.0230794,0.6845627,-1.0291439,-1.5278533,2.0569618,3.3878224
1.8255409,3.166327,-0.08852109,2.0031154,1.9640036,1.1403618,-0.25752634,0.709408,1.9141859,-1.6873825,-0.13001794,-1.856521,-2.0925086,2.665997,1.6027191,2.0002694,1.448004,-0.8011036,-1.9611336,-1.7823365,-1.5502651,-3.1910336,-1.140651,-0.18733342,-2.8150005,-1.1440687,2.4534185,0.40145835,-0.8738335,-1.2226858,1.3565657,2.8374274
2.0222282,3.3181732,-0.41455847,2.8084826,1.8643348,1.0075908,-0.4968749,0.8677157,2.3369088,-2.1910899,-0.24521661,-2.1788678,-2.23144,3.0831904,1.8157803,2.2068746,1.8338674,-0.94679964,-2.2523193,-2.3624265,-1.808638,-3.5606735,-1.3671528,-0.1962736,-3.4757493,-1.1068451,3.2342505,0.15318535,-0.9505588,-1.3392326,1.702095,3.149431
2.024238,3.515176,-0.15557513,2.5848405,2.0139258,1.1335795,-0.26267943,1.0061586,2.2336948,-2.0514312,-0.35991147,-2.1228025,-2.1052585,3.0177064,1.7881577,2.3271613,1.6708765,-0.8335969,-2.2408128,-2.1860852,-1.8713381,-3.652668,-1.1701087,0.033665814,-3.427066,-1.1895602,3.2405078,0.32004124,-0.9941036,-1.4471445,1.9145622,3.2794373
1.991369,3.5454032,-0.26145142,2.6301293,1.835388,0.91176283,-0.6193537,0.8243372,2.293056,-2.2344341,-0.26068473,-2.3911366,-2.3725624,2.8713498,1.9888632,2.2747817,1.8232466,-0.975942,-2.2025645,-2.4480395,-1.6479893,-3.616284,-1.4470103,-0.40022746,-3.4130757,-1.2338814,3.054987,0.12160017,-0.9741415,-1.2171323,1.4925236,3.1801744
2.1828265,3.5484233,-0.71847034,3.100076,1.6302717,0.61577296,-1.1823041,0.6649032,2.6562517,-2.583488,0.06264737,-2.6000712,-2.6968837,2.9488711,2.1776607,2.1479993,2.141461,-1.1636038,-2.3683136,-3.028974,-1.4641898,-3.5770607,-1.897454,-0.7121067,-3.4227931,-1.2831051,3.2509522,-0.1940185,-1.0705516,-1.3902531,1.4693398,3.1802802
2.1276352,3.822049,0.19330466,2.0343456,2.0149474,1.2984706,-0.10563324,0.9164113,1.9393286,-1.702534,-0.5319826,-1.663348,-1.9380957,2.654537,1.8701979,2.4336715,0.89141065,-0.6744725,-1.6485875,-2.0733132,-1.8666565,-3.441457,-0.7233208,0.10166645,-3.0902188,-1.1074721,3.2151177,0.49268717,-0.50291544,-1.76472,2.3460329,3.194479
2.0135143,3.6992202,-0.04205107,2.425054,2.0351832,1.1258963,-0.099139296,0.98872674,2.0386558,-2.0407417,-0.55397004,-1.9211445,-2.0740342,2.8649633,1.8418827,2.3589978,1.1671727,-0.85934716,-2.007337,-2.243493,-1.8839054,-3.5559285,-0.92904776,0.021028746,-3.3321984,-1.1675016,3.3326569,0.35673827,-0.88402927,-1.611406,2.2093854,3.240694
2.250326,3.8560882,-0.07673605,2.42271,2.104835,1.232562,-0.30761427,0.83945215,2.2019796,-1.9458402,-0.40030104,-1.8892343,-2.1602428,2.859335,2.1062984,2.4768667,1.2971857,-0.8411037,-1.892086,-2.5356178,-1.8465452,-3.6013153,-0.994874,-0.14312029,-3.2790635,-1.128042,3.2932346,0.20791337,-0.5656355,-1.74792,2.1477993,3.2053032
1.832826,3.8741806,0.2972548,1.9086695,1.8109223,0.9578165,-0.28391224,1.1399026,1.864486,-1.9096432,-0.46865654,-1.77994,-1.8473231,2.3310878,1.7196949,2.0604074,0.79176605,-0.66445935,-1.6515694,-1.79999,-1.481883,-3.2987943,-0.77190125,0.14671831,-3.0415528,-1.3419654,3.264197,0.680318,-0.9267723,-1.7489607,2.2539532,3.226849
1.8043486,3.729694,0.5740455,1.6055024,2.162043,1.5109062,0.5410646,1.2770393,1.5357959,-1.398181,-0.83099234,-1.3943541,-1.600035,2.5931365,1.4670246,2.3996396,0.40746385,-0.63390917,-1.6343285,-1.3069603,-2.0271153,-3.3125317,-0.2658572,0.6558612,-3.017549,-1.220134,3.1021283,0.93074054,-0.8036623,-1.697375,2.594551,3.2236736
1.9435205,3.8504295,0.39050037,1.8965584,2.0807405,1.3849602,0.18287548,1.1053622,1.8017572,-1.640502,-0.72266006,-1.6846081,-1.8290422,2.6400952,1.7181947,2.4338794,0.7859195,-0.6788645,-1.7585897,-1.810862,-1.9423983,-3.4579747,-0.5318697,0.32241422,-3.1304195,-1.2102449,3.187533,0.6559785,-0.71315193,-1.6893156,2.4257617,3.2390819
2.1890442,4.209012,0.28383926,2.0829012,2.4394782,1.4611807,0.04408591,0.773522,2.0791805,-1.5583466,-0.42033425,-1.8415167,-2.1037898,3.0856373,2.1603472,2.7788353,1.3652413,-0.5931698,-1.8163204,-2.26026,-1.9211433,-3.8566823,-0.8018341,0.2607406,-3.1263788,-1.4381286,3.157217,0.6134995,-0.7957122,-2.1607752,2.5444126,3.5234673
2.5660336,2.2537189,-1.1493481,3.2845447,1.5630903,1.2600205,-1.0114393,0.039723516,2.4508357,-1.7675928,0.51538575,-1.4308041,-2.3696597,3.4471436,1.7701995,2.292314,1.9618866,-0.94960946,-1.4955848,-2.7351646,-1.8828099,-2.7631907,-1.7445589,-1.0874465,-2.774511,0.019649863,2.509788,-0.9173482,0.31815058,-1.1374389,0.9614865,1.990915
1.7474384,2.945168,-0.26434222,2.6193492,2.1438346,1.266354,0.25331864,1.0944446,1.8826282,-1.844619,-0.35535756,-1.5803123,-1.890784,3.0917444,1.444479,2.223487,1.2025813,-0.96292514,-2.054111,-1.7199755,-2.1304297,-3.2885678,-1.0355735,0.35387784,-3.3133647,-0.87409866,3.1020484,0.5896563,-1.1659448,-1.3346657,2.1336498,3.0098317
1.8247159,3.9046814,0.6122424,1.7720244,2.3459687,1.4072468,0.4978277,1.4284058,1.67757,-1.5937511,-0.7866436,-1.7066853,-1.6691631,2.650494,1.591572,2.487615,0.7532481,-0.62771183,-1.9587452,-1.4506314,-1.9685367,-3.6302695,-0.3824595,0.72263974,-3.1338506,-1.4393693,3.1537464,0.8710059,-1.1944482,-1.6918074,2.5235226,3.4196053
2.0798643,3.9072094,-0.013312668,2.4579725,2.0686164,0.9612476,-0.3560433,0.9539293,2.1872241,-2.1486933,-0.4375198,-2.1543891,-2.1805027,2.7616806,1.9786097,2.3489482,1.3935447,-0.80824643,-2.1086032,-2.4425495,-1.6951815,-3.6982033,-1.0544528,-0.04866917,-3.3260028,-1.3284727,3.3367226,0.25369436,-0.9690728,-1.6869404,2.1779628,3.3345037
1.9432415,4.2557774,0.5521798,1.6752098,2.3373802,1.2309198,0.1494961,0.95581055,1.7306429,-1.6735319,-0.41289243,-1.6955191,-1.9563463,2.5553079,1.9756134,2.3169093,0.94285697,-0.5022679,-1.6783918,-1.8478235,-1.6286504,-3.558054,-0.6277476,0.34221923,-2.8641884,-1.6570148,3.0031838,0.89312714,-1.0522479,-2.230245,2.455658,3.4354
2.0814712,3.8775086,0.4001791,1.8139731,2.2584186,1.5321296,0.33699864,1.0249441,1.7009567,-1.4419895,-0.66622967,-1.4670942,-1.7375151,2.6610436,1.7087978,2.503177,0.68809974,-0.53489506,-1.5842012,-1.8586075,-2.0232487,-3.4013786,-0.4140254,0.3721053,-3.013337,-1.0603176,3.1909037,0.7147824,-0.51854205,-1.9272426,2.6328602,3.179496
1.7930915,4.011861,0.6895448,1.3656738,2.085958,1.5988363,0.46883774,1.2104111,1.5465827,-1.2486396,-0.8550849,-1.5074239,-1.6476419,2.502103,1.7706894,2.5453591,0.23796253,-0.63882816,-1.3890882,-1.5785433,-1.900107,-3.2722251,-0.21081333,0.4513939,-2.9686866,-1.3977246,3.0691233,1.0553682,-0.60222006,-1.8403984,2.5770495,3.238687
1.8078983,4.038048,0.5888318,1.587497,2.1660976,1.4816153,0.42970523,1.2200878,1.6283875,-1.4869667,-0.83851945,-1.6966743,-1.7898438,2.5500646,1.7860992,2.5232637,0.4094194,-0.6659827,-1.6266813,-1.6902485,-1.9373106,-3.4473698,-0.35044247,0.44798356,-3.1267207,-1.4010231,3.1895294,0.9621924,-0.7905506,-1.8143005,2.6327024,3.3557942
2.4308016,3.7337298,-0.5787391,2.8119464,2.0881233,1.0061786,-0.72050434,0.5847349,2.4529712,-2.0408378,0.052341282,-2.2392983,-2.5742538,3.1210423,2.1908336,2.5677147,1.8559071,-0.92992294,-2.1800086,-3.0172782,-1.7286383,-3.6736832,-1.4685676,-0.35572347,-3.2118537,-1.2117316,3.2730343,0.032389354,-0.8282398,-1.805164,2.0292072,3.2073512
2.5146022,3.4809813,-0.85385334,3.1784694,1.9819632,0.8649354,-1.045872,0.58429635,2.6916952,-2.285291,0.24706884,-2.2342844,-2.70248,3.2029624,2.1951575,2.425901,2.092709,-1.1059208,-2.266201,-3.1048026,-1.638017,-3.6840606,-1.691077,-0.675151,-3.3384833,-1.0185702,3.2898324,-0.21087424,-0.6772567,-1.5440234,1.660265,3.0179362
1.818626,3.3688297,-0.3279057,2.7281208,1.9857838,1.0241035,-0.25026494,1.0167874,2.167118,-2.1450505,-0.34582412,-2.146397,-2.1791859,3.0597076,1.7873318,2.2397354,1.602689,-1.0598168,-2.2876544,-2.2258065,-1.8598144,-3.6048532,-1.2656814,-0.015127438,-3.4945397,-1.227525,3.2288952,0.4404544,-1.2295034,-1.2924678,1.8507621,3.235414
1.8081394,3.3153317,-0.42815036,2.837435,1.9011093,0.9339064,-0.38930354,0.97386074,2.2364268,-2.2532573,-0.29893556,-2.2179072,-2.240816,3.0657039,1.8171104,2.1743407,1.7010543,-1.1146272,-2.320446,-2.3233953,-1.803416,-3.5888371,-1.3743575,-0.13334568,-3.5220432,-1.219536,3.2437172,0.34603935,-1.2378771,-1.2341893,1.7450275,3.1990125
2.3523176,3.673446,-0.19163355,1.9725507,2.2155507,1.332592,-0.08594238,0.38586366,1.91119,-1.3608118,-0.10882487,-1.4387687,-2.0579612,2.8908112,1.8383801,2.6369653,1.3638896,-0.5475405,-1.4584941,-2.531484,-1.7830076,-3.2720718,-0.84698075,0.015367371,-2.5482783,-1.1819738,3.0118594,0.36434597,-0.5255965,-2.1847098,2.4068637,3.0084915
2.524358,3.5344224,-0.70769924,3.0542657,1.9615151,0.99740744,-0.95717,0.6461919,2.6868446,-2.1682374,0.22479527,-2.1143708,-2.6304471,3.211535,2.2227838,2.5113983,1.9912026,-1.0842806,-2.1443808,-3.0611298,-1.6499275,-3.6410904,-1.5650054,-0.65279305,-3.2749379,-0.9897518,3.2341874,-0.19378278,-0.55373716,-1.5621246,1.6069854,2.9882343
1.7462921,3.413852,0.35496527,1.866944,2.3677304,1.4757248,0.6255155,1.2071594,1.5842499,-1.505985,-0.6571795,-1.2876046,-1.6438965,2.9389672,1.3593624,2.320539,0.66447586,-0.7172303,-1.8016214,-1.3429855,-2.1014853,-3.4271362,-0.37164825,0.65489036,-3.08425,-1.1660091,3.0238066,1.0496565,-1.0230905,-1.6411655,2.4954479,3.1498
1.759998,3.8275974,0.5993624,1.6053903,2.3386998,1.4840876,0.62106514,1.2785171,1.5548623,-1.4337041,-0.8176009,-1.431589,-1.6109269,2.7146113,1.519451,2.4383073,0.48638383,-0.6127442,-1.7012371,-1.4138513,-1.9825153,-3.4973416,-0.22154474,0.68388003,-3.0446277,-1.3616765,3.1269984,1.0591819,-0.9503869,-1.7973362,2.6377645,3.3108306
2.311441,3.7345364,-0.517446,2.7471995,1.9891993,0.89698684,-0.7745639,0.66771203,2.4417748,-2.1190507,0.038310222,-2.2306595,-2.5158582,3.007404,2.148061,2.45845,1.7959967,-0.9394161,-2.1170545,-2.9267259,-1.5968715,-3.6607184,-1.4633319,-0.36962193,-3.1897705,-1.2840307,3.2880287,0.1196932,-0.9360889,-1.7490196,1.9606797,3.2183175
2.1787908,3.7837467,0.13093695,1.5815151,2.217317,1.4409006,0.18229227,0.4715376,1.6807642,-1.197706,-0.310772,-1.2766627,-1.848888,2.6758857,1.7367573,2.6208715,1.0785987,-0.44697672,-1.2648805,-2.2212903,-1.7824829,-3.2123666,-0.58879364,0.20129494,-2.4212265,-1.298559,2.9320946,0.62864256,-0.51983565,-2.243836,2.5677333,3.0569181
2.1409726,3.8996685,0.65153325,1.3962522,2.1679497,1.6080649,0.19935441,0.9698141,1.7329254,-1.175164,-0.49227214,-1.1804178,-1.5594442,2.4833164,1.6820819,2.530211,0.53308845,-0.36718112,-1.2500541,-1.7085034,-1.7370358,-3.3001568,-0.16357353,0.3137532,-2.614355,-1.0728569,2.9862497,0.77711684,-0.22267923,-1.9931854,2.5187814,2.9848828
1.8059562,3.9415524,0.78122854,1.3712322,2.2721782,1.5288017,0.6436256,1.2708979,1.4730847,-1.3332974,-0.83819324,-1.3456924,-1.5660414,2.5632007,1.5282137,2.485881,0.33037192,-0.49251685,-1.5209115,-1.3681095,-1.9305146,-3.4130645,-0.07512047,0.6924172,-2.8873436,-1.3403318,3.067038,1.0875838,-0.8164633,-1.8664814,2.6608481,3.2770653
2.2030473,1.5545787,1.7600418,-1.3249235,2.7426257,3.051395,2.7150524,-0.5076904,-0.85316914,2.57724,-0.5091418,2.0477264,1.1755803,1.3924792,-1.0851882,2.849307,-0.7647532,1.6046207,2.2631586,0.94209635,-2.5406356,-0.21562414,2.2621827,1.2422844,1.1780481,0.79473895,0.4943061,0.47067952,2.2342546,-2.0939887,3.493959,0.3995441
2.1851134,1.7602193,1.8854837,-1.439049,2.845283,3.1012094,2.8245633,-0.42678913,-0.8265939,2.5777278,-0.65772307,2.074555,1.2225107,1.4062284,-1.0140339,2.8921952,-0.9272496,1.6178144,2.21358,0.99683917,-2.5335832,-0.36211675,2.386471,1.4100192,1.0809257,0.6574448,0.62503815,0.62629205,2.1659312,-2.2295842,3.6686835,0.5954325
2.1747108,1.801149,1.9073871,-1.4480925,2.8571837,3.096747,2.837,-0.3970038,-0.8193291,2.556469,-0.67437816,2.0579762,1.2072085,1.4130582,-0.99344385,2.8940892,-0.94247407,1.6035306,2.186299,0.99139833,-2.5219681,-0.4025461,2.398598,1.4162762,1.0482131,0.61720896,0.6417717,0.6585042,2.1315432,-2.2383564,3.6725478,0.62941843
2.1830363,1.738967,1.9018968,-1.418621,2.8465662,3.107977,2.8338177,-0.42522985,-0.84594023,2.587307,-0.63254637,2.052932,1.202368,1.4165952,-1.0195942,2.892887,-0.91327536,1.6127421,2.2272825,1.0059576,-2.557719,-0.3294263,2.3890061,1.393391,1.0814632,0.6807996,0.612253,0.62146133,2.173969,-2.2245624,3.6387806,0.55684936
2.1760278,1.8485048,1.9429715,-1.4571351,2.896646,3.1224167,2.8834922,-0.3845218,-0.8262936,2.5676389,-0.7073287,2.0574853,1.2212946,1.4284252,-0.9761616,2.9138749,-0.98024046,1.6174791,2.1968791,1.0112017,-2.552321,-0.4048907,2.4345279,1.4597571,1.0287137,0.617067,0.67853606,0.6810538,2.1458125,-2.2847502,3.717244,0.6558178
2.1616044,2.0400867,1.9395676,-1.4174247,2.9359574,3.1143985,2.8768134,-0.2722372,-0.73538625,2.4447606,-0.76426834,1.952254,1.1189091,1.4774026,-0.857063,2.9415388,-1.0035555,1.5362884,2.014878,0.93311405,-2.5337918,-0.6071434,2.4148164,1.5024885,0.8544313,0.46389264,0.8104373,0.79539585,1.9917523,-2.3269944,3.7677803,0.8555136
2.20373,1.6298945,1.7842636,-1.323024,2.7861857,3.065405,2.7466025,-0.47724605,-0.8265972,2.5473201,-0.5569453,2.0349948,1.1621165,1.4227079,-1.0322247,2.8711305,-0.79312885,1.5916239,2.222958,0.92198515,-2.5511277,-0.2847435,2.2876816,1.2797731,1.1187019,0.7500837,0.5457913,0.5073994,2.2098346,-2.132076,3.5359688,0.4715693
2.2156575,1.7882951,1.8204844,-1.3356391,2.858269,3.0878077,2.791041,-0.40277863,-0.7754327,2.5031478,-0.6290227,2.0104873,1.1428053,1.4598577,-0.9495956,2.9045224,-0.8701628,1.5663992,2.1263633,0.9140831,-2.5579443,-0.40812474,2.3230073,1.3871553,1.0183779,0.64567864,0.65926284,0.59449005,2.1350882,-2.2133386,3.64141,0.62955934
2.1821506,1.8385417,1.838958,-1.3537357,2.8563411,3.0738738,2.797617,-0.36447403,-0.7711055,2.4678078,-0.6510153,1.9819505,1.1167347,1.4493536,-0.92855376,2.896078,-0.8871393,1.5512035,2.0955284,0.90404814,-2.5355363,-0.45879236,2.3359401,1.3786396,0.97814447,0.59314173,0.67856824,0.6495375,2.0842156,-2.2143624,3.637745,0.670344
2.2041671,1.6702948,1.7479979,-1.265637,2.7777076,3.064763,2.7149484,-0.44766587,-0.79110515,2.4906538,-0.5463751,1.9779301,1.0953468,1.4361427,-0.9873164,2.873701,-0.760724,1.5529028,2.1454494,0.8738039,-2.561986,-0.33803982,2.2488866,1.275512,1.0574572,0.72526807,0.58499825,0.53145087,2.1568482,-2.1225848,3.5287788,0.52080643
2.202395,1.7098747,1.7952604,-1.3124449,2.812595,3.0920959,2.7625802,-0.443914,-0.7997428,2.5293171,-0.5835407,2.0015044,1.1355786,1.4438288,-0.9878292,2.8958297,-0.8251076,1.5761777,2.166475,0.9188102,-2.5776443,-0.34063363,2.2973733,1.340161,1.062213,0.712403,0.6179187,0.5678666,2.1687422,-2.1766472,3.5941224,0.55403435
2.1932054,1.6531055,1.7905531,-1.3145529,2.7860997,3.07093,2.7498164,-0.46262455,-0.8256649,2.5371647,-0.55895984,2.0104444,1.1478199,1.4238437,-1.0248495,2.873891,-0.7952167,1.5874618,2.2088156,0.92574835,-2.5606673,-0.29471207,2.2870636,1.2865767,1.1009818,0.74467313,0.5656842,0.5320323,2.1926184,-2.1392887,3.5391946,0.48817617
2.213294,1.5418882,1.7567791,-1.3002255,2.7480187,3.063954,2.7131245,-0.5200435,-0.8515768,2.5771117,-0.50443476,2.047614,1.1710993,1.4022043,-1.079189,2.8497443,-0.7444975,1.6062272,2.2684975,0.9378867,-2.556224,-0.20530978,2.2545476,1.2440002,1.1716757,0.8227329,0.49476537,0.45370492,2.2495723,-2.0959527,3.4885623,0.3889994
2.2042887,1.726396,1.8244104,-1.3462334,2.8283954,3.0863445,2.7795148,-0.43172246,-0.80289,2.5371494,-0.59855306,2.0255063,1.1619284,1.4292867,-0.9945358,2.8846936,-0.8504144,1.5827154,2.1733434,0.9432915,-2.5505059,-0.3487851,2.319666,1.3615429,1.0639365,0.6903822,0.6197819,0.5748264,2.1577675,-2.193628,3.6102817,0.56823766
2.0468948,2.341781,2.5419493,-1.9559267,3.1633937,3.280323,3.288599,-0.10605919,-0.91711605,2.6666405,-1.1511829,2.1454744,1.434833,1.4405961,-0.88647604,3.0076263,-1.5516889,1.7397082,2.198896,1.4045031,-2.583998,-0.6903901,2.9612193,1.9457525,0.8203785,0.22072597,0.9386836,1.1996374,1.9609406,-2.6719213,4.1808157,1.068049
2.0631318,2.2832205,2.5197668,-1.9442818,3.147424,3.2806497,3.2729192,-0.14689207,-0.9283978,2.7007122,-1.1241331,2.1714492,1.4565732,1.4269392,-0.9203847,3.0039763,-1.5302685,1.7579525,2.2393403,1.4076216,-2.5858924,-0.6342479,2.9454453,1.9260807,0.8669588,0.27451628,0.9058956,1.1458641,2.0113883,-2.657828,4.165271,1.0090394
2.046618,2.3562376,2.5518157,-1.9569578,3.1671588,3.2933655,3.29802,-0.103666544,-0.9141394,2.682895,-1.1615254,2.1459699,1.4403646,1.4327635,-0.88679826,3.0234468,-1.5628144,1.7401686,2.200543,1.408522,-2.5892823,-0.6917253,2.9668877,1.9600132,0.81175166,0.22785015,0.9567102,1.2026309,1.9702839,-2.6840324,4.200807,1.0783184
2.0666132,2.302726,2.5045764,-1.9153697,3.1513054,3.2874424,3.2685733,-0.13594286,-0.9122448,2.6891048,-1.1198639,2.146774,1.4296144,1.4374026,-0.9003399,3.0161731,-1.5168362,1.7360884,2.2093215,1.3856338,-2.595169,-0.65247655,2.926757,1.9272972,0.8420189,0.27054897,0.9287152,1.1530174,1.9989573,-2.6563058,4.164157,1.0300848
2.0863159,2.137836,2.4292133,-1.87012,3.095319,3.2621484,3.2096992,-0.24652651,-0.95109355,2.7333584,-1.0363216,2.182643,1.4535058,1.4279745,-0.9779967,2.981236,-1.424774,1.77688,2.3102221,1.3642763,-2.5968404,-0.51652765,2.8667836,1.8191351,0.96047527,0.39928403,0.8106682,1.026342,2.110488,-2.592624,4.0679755,0.85672677
2.0722108,2.2113717,2.462902,-1.8918049,3.118197,3.2642338,3.2395763,-0.19094007,-0.9458102,2.7080426,-1.0741072,2.1660392,1.4452574,1.4217002,-0.94699574,2.9919982,-1.4616376,1.766309,2.2811007,1.3726308,-2.5956504,-0.5713007,2.8964424,1.8530605,0.91502476,0.3455395,0.8514705,1.0759606,2.0671575,-2.6106927,4.102404,0.9237274
2.0517492,2.3346128,2.526629,-1.9622949,3.1613493,3.2873847,3.3006523,-0.1255387,-0.9285561,2.691647,-1.1563245,2.1740525,1.4569285,1.4242274,-0.8960203,3.0131783,-1.5540189,1.7525265,2.238629,1.394232,-2.5854607,-0.659209,2.96302,1.941261,0.847225,0.24575648,0.92721903,1.1765325,2.0061884,-2.6750953,4.1883307,1.0404593
2.0795007,2.1507225,2.4263546,-1.8941739,3.0966392,3.2603981,3.211825,-0.23876905,-0.9542116,2.7231052,-1.0536312,2.1932306,1.4615204,1.4213774,-0.9678029,2.9757304,-1.4376743,1.78146,2.311762,1.3624684,-2.589292,-0.5336219,2.8779874,1.8286412,0.96175575,0.37641495,0.8111476,1.0430372,2.1018825,-2.5906482,4.0828943,0.8749608
2.0825665,1.9988754,2.3524156,-1.847607,3.0350254,3.226546,3.1490598,-0.33308122,-0.9963129,2.7470956,-0.9737755,2.2135174,1.473296,1.4098623,-1.041819,2.933907,-1.350415,1.8219335,2.4002128,1.3427194,-2.5865474,-0.40713722,2.8129253,1.7183316,1.069628,0.49412674,0.70167565,0.92901105,2.202668,-2.528209,3.9837716,0.7073163
2.0687838,2.1031353,2.4194093,-1.8911616,3.0753586,3.245232,3.1979637,-0.2630371,-0.98266757,2.731032,-1.0332685,2.1962566,1.4686708,1.4115583,-0.99821436,2.9610133,-1.419399,1.8069544,2.3534188,1.3665346,-2.5914829,-0.49112836,2.872826,1.787319,1.0021355,0.41145444,0.7659946,1.0135763,2.136942,-2.5683427,4.049782,0.81105727
2.0665936,2.13277,2.442308,-1.9081005,3.088485,3.248146,3.2166278,-0.24721868,-0.9797843,2.7323413,-1.0517715,2.2004294,1.4776888,1.4120252,-0.9938986,2.965548,-1.4452803,1.8071423,2.3498507,1.381686,-2.589458,-0.50449675,2.8909442,1.8096066,0.9895641,0.39205402,0.7836872,1.0319583,2.1272044,-2.5884395,4.0682282,0.8327705
2.044892,2.2038958,2.5084445,-1.9453472,3.1146333,3.255333,3.2508457,-0.21109211,-0.97742546,2.7199023,-1.1012057,2.194529,1.4927789,1.4104636,-0.9804732,2.9681125,-1.4955503,1.8151392,2.3259985,1.4183567,-2.5790668,-0.5532011,2.936316,1.8560057,0.9494089,0.34586197,0.8226752,1.0906411,2.0883532,-2.6301818,4.1113076,0.89343107
2.048769,2.2269104,2.5163674,-1.938953,3.1227741,3.2667816,3.2603016,-0.1891119,-0.9635922,2.723308,-1.102366,2.177649,1.4768203,1.4164644,-0.9645588,2.98258,-1.5058478,1.7936382,2.3053975,1.4210161,-2.5880756,-0.56714505,2.9366,1.876041,0.9200276,0.33370236,0.85397017,1.1125021,2.0648367,-2.640039,4.1228027,0.925989
2.0420027,2.2559013,2.5349762,-1.9532799,3.1268857,3.2659485,3.271059,-0.17834313,-0.96178514,2.7187865,-1.1174576,2.178315,1.4868673,1.4121363,-0.96673214,2.9862237,-1.5238596,1.7972438,2.2971897,1.4294957,-2.5805016,-0.5833026,2.9494624,1.8865227,0.9119232,0.31714267,0.86783534,1.1267108,2.0555427,-2.6541877,4.1385894,0.94584334
2.1648006,1.6870635,1.9382727,-1.4811798,2.858108,3.1307893,2.8699036,-0.47661123,-0.8992788,2.6011577,-0.6986126,2.092651,1.2498982,1.4675682,-1.0103053,2.9015608,-0.946149,1.683284,2.305378,1.0072265,-2.6025856,-0.3214104,2.4625993,1.3683615,1.1244023,0.68676263,0.5462278,0.6342896,2.241497,-2.2362263,3.6572468,0.5052215
2.1865704,1.5076326,1.8726771,-1.4646337,2.7983158,3.1148524,2.815228,-0.57580304,-0.9472281,2.6640115,-0.61703837,2.1445374,1.2894704,1.4468175,-1.0934733,2.8695178,-0.8761592,1.7261854,2.4193296,1.0115643,-2.6087117,-0.17101052,2.4159794,1.2848973,1.2501943,0.8120087,0.43107867,0.5088231,2.3569999,-2.1721854,3.58018,0.3322135
2.1525807,1.6674887,2.0121377,-1.5780476,2.8726563,3.144764,2.914671,-0.5020621,-0.95598143,2.6683254,-0.7339669,2.163402,1.3377966,1.4418156,-1.0615273,2.8851595,-1.0108049,1.7508926,2.399407,1.0889844,-2.5916638,-0.26712394,2.5357258,1.4061568,1.1860193,0.70088565,0.50918305,0.6447186,2.296051,-2.275382,3.697441,0.4608783
2.1179008,1.8849407,2.1080317,-1.637311,2.9465168,3.1742992,2.9979637,-0.38561305,-0.91964895,2.6155086,-0.8490146,2.1222482,1.3175373,1.4525988,-0.9693038,2.922494,-1.1235408,1.7202988,2.2936594,1.1048826,-2.5849423,-0.43346,2.6167023,1.5236533,1.0524294,0.5499862,0.64353484,0.80965966,2.1746314,-2.36624,3.8155913,0.6633787
2.107954,1.9234565,2.127764,-1.6489937,2.9545197,3.1717882,3.0067933,-0.3689231,-0.9146366,2.598629,-0.8714401,2.1149516,1.3174435,1.453646,-0.9587749,2.922625,-1.1383423,1.7185389,2.273374,1.1061773,-2.5739574,-0.4655435,2.6288702,1.5333722,1.0307437,0.5221689,0.65934426,0.83615303,2.1515815,-2.3790288,3.828876,0.6958459
2.1625264,1.7578337,1.9823192,-1.5113449,2.891848,3.1476183,2.892694,-0.4461562,-0.8879857,2.5887992,-0.73838013,2.0937903,1.2566264,1.4684076,-0.985944,2.9077172,-0.9973539,1.6863476,2.267755,1.0310446,-2.59711,-0.37760562,2.5000522,1.4323391,1.0826318,0.6381546,0.5934518,0.69184166,2.2008953,-2.282831,3.718233,0.57886237
2.1512125,1.8210424,2.031232,-1.5549552,2.921063,3.167062,2.9324684,-0.4111248,-0.88683254,2.5974298,-0.78418326,2.0947206,1.2697461,1.4700086,-0.9654797,2.922816,-1.0527529,1.6873722,2.2578158,1.0619437,-2.6012335,-0.41827828,2.5442252,1.4877222,1.0498476,0.5918819,0.6352502,0.7515397,2.1723945,-2.3236566,3.7716339,0.64007694
2.164698,1.722222,1.9618905,-1.508519,2.8783512,3.1455963,2.8876572,-0.45602036,-0.892639,2.6047492,-0.7193595,2.0987742,1.2562653,1.465668,-0.99428046,2.9070668,-0.98589766,1.6832812,2.2914586,1.0278481,-2.6046786,-0.34770146,2.489277,1.4169669,1.104151,0.65599275,0.57963294,0.67424667,2.2178497,-2.2662406,3.7002063,0.55022955
2.1499224,1.7328361,1.9852855,-1.5365088,2.8851666,3.1592007,2.908412,-0.46034187,-0.9157983,2.617168,-0.7430638,2.1061866,1.2772982,1.4633466,-0.99869555,2.9057064,-1.0087374,1.7087072,2.3177755,1.0493159,-2.61054,-0.33949512,2.5131733,1.4300485,1.1154749,0.6585885,0.57372963,0.6946887,2.2349794,-2.283296,3.719162,0.5425718
2.119497,1.882156,2.1241634,-1.6496261,2.9564936,3.192947,3.0016468,-0.38271433,-0.9165308,2.632771,-0.8558607,2.1208577,1.3227046,1.457271,-0.9662641,2.929917,-1.1440482,1.7240616,2.297006,1.132564,-2.6004903,-0.43740398,2.6314914,1.5565927,1.0440464,0.54853487,0.6603731,0.83060914,2.1670291,-2.381296,3.8405235,0.679345
2.139697,1.7053347,2.0747821,-1.6379158,2.9024892,3.1739323,2.956327,-0.48051915,-0.968588,2.703189,-0.780522,2.1750615,1.3715109,1.4375037,-1.0563669,2.9017475,-1.0749933,1.7733673,2.4207573,1.1432934,-2.6040883,-0.28728285,2.5947375,1.4684408,1.1745121,0.6729499,0.53850406,0.69863015,2.2879665,-2.3179424,3.761958,0.5009481
2.159191,1.6247833,1.9996481,-1.5662942,2.866672,3.1557205,2.901466,-0.51614684,-0.95915616,2.6880784,-0.7132992,2.1580615,1.3293464,1.4502294,-1.0656474,2.888295,-0.9973383,1.7504542,2.4160042,1.0982014,-2.6135786,-0.24247536,2.5268066,1.4036047,1.1978124,0.7254666,0.49781728,0.63307756,2.307942,-2.2621663,3.6869266,0.43496576
2.1444597,1.6062906,2.028403,-1.6112734,2.8633885,3.1536193,2.9168994,-0.53150445,-0.99318105,2.712586,-0.72859,2.1870675,1.3654811,1.4406894,-1.0904292,2.872751,-1.0163553,1.7851461,2.4654207,1.1270889,-2.6031127,-0.21272635,2.5560267,1.3998803,1.2335624,0.73257333,0.46352696,0.6358352,2.3359187,-2.2692323,3.6894813,0.3977109
2.1392436,1.535557,2.0178351,-1.6189626,2.830597,3.1383169,2.8912964,-0.58502364,-1.017297,2.7402427,-0.70624197,2.2181797,1.4039829,1.4233832,-1.1455036,2.8510153,-0.9901495,1.8222268,2.5214567,1.1379408,-2.5836437,-0.15115145,2.5422149,1.3600677,1.2948486,0.7879435,0.4112106,0.5837084,2.3895097,-2.2525978,3.6612477,0.322476
2.0863314,2.5977051,2.0282173,-1.4764054,3.1333153,3.1383348,3.0485013,-0.01679244,-0.639878,2.2046597,-1.0709851,1.7811149,0.96143466,1.5839283,-0.48856038,3.0672984,-1.220102,1.455836,1.7553301,0.7612631,-2.5470994,-1.0494916,2.5400727,1.6775516,0.4747545,0.07290115,1.1610094,1.1499817,1.7456124,-2.5359664,4.0174665,1.3188243
2.072744,2.508718,2.0786636,-1.5353998,3.1093943,3.153202,3.0763474,-0.056421258,-0.71373713,2.28319,-1.0560024,1.8487316,1.0444076,1.5298426,-0.5796431,3.0378404,-1.238323,1.5167986,1.8622141,0.8549105,-2.5535243,-0.9375081,2.5868728,1.6707227,0.5824865,0.14917065,1.0687811,1.1167698,1.8220656,-2.5105956,3.9951923,1.2052101
2.0878851,2.4078317,2.0166912,-1.4959694,3.0704036,3.132295,3.0398898,-0.10792284,-0.73175955,2.2976432,-0.9926605,1.8675916,1.0454216,1.5195026,-0.6180681,3.0105648,-1.186839,1.5241807,1.9110229,0.8400305,-2.5503612,-0.84462166,2.5379043,1.6136519,0.6534182,0.22300282,1.0015968,1.0443937,1.8772106,-2.463934,3.9252198,1.0991812
2.104953,2.7366626,1.995765,-1.409324,3.1764274,3.1315763,3.0167508,0.049889944,-0.54979444,2.093988,-1.1073527,1.6791439,0.8540436,1.6576353,-0.3691605,3.1086192,-1.2037847,1.3854458,1.5985225,0.6675046,-2.555978,-1.2155235,2.49278,1.7055365,0.31337735,-0.037544988,1.2929057,1.2027373,1.6370261,-2.5796092,4.0698266,1.487007
2.0919356,2.6213439,1.9946686,-1.4473994,3.1339025,3.1332905,3.0286033,-0.0068109753,-0.61143035,2.1672451,-1.0726869,1.7492855,0.9154332,1.6072258,-0.44374466,3.0730264,-1.2019863,1.425609,1.7063644,0.715771,-2.5513332,-1.0906944,2.508719,1.6756322,0.43143266,0.044871975,1.1939741,1.1650482,1.7138191,-2.5408058,4.0234513,1.3615676
2.105314,2.4142244,1.9858948,-1.4733393,3.0754492,3.1374373,3.023855,-0.11179192,-0.7061202,2.2784119,-0.9888627,1.861922,1.0150054,1.5443252,-0.58384323,3.0171018,-1.1710074,1.5022786,1.8760916,0.7994598,-2.5546663,-0.87523496,2.5206013,1.6200052,0.6263755,0.20688172,1.0178611,1.0494425,1.8581365,-2.4719162,3.937233,1.1324964
2.0932643,2.4236925,2.027388,-1.5072722,3.083817,3.1478024,3.0470402,-0.094736055,-0.72430134,2.2935314,-1.010692,1.8649794,1.035704,1.53553,-0.59621686,3.020879,-1.1952299,1.5176852,1.8892231,0.83933276,-2.5675972,-0.8803008,2.5532904,1.6367222,0.6294203,0.1966629,1.0177946,1.0671734,1.860297,-2.4738514,3.953801,1.1388475
2.095372,2.2838275,2.0255115,-1.5382292,3.0464206,3.1514287,3.048991,-0.16625288,-0.7818335,2.3804176,-0.978158,1.9403416,1.1131544,1.5069891,-0.6862189,2.9962552,-1.1703758,1.5662324,2.01226,0.89071256,-2.5720866,-0.75323206,2.5640404,1.5937741,0.7514199,0.29250965,0.9087819,0.99329185,1.9599634,-2.4321628,3.9054565,1.0010626
2.1217775,2.2552178,1.9406952,-1.446881,3.0254493,3.1391602,2.9958482,-0.18376657,-0.73899573,2.3471344,-0.9246381,1.9018793,1.0512354,1.5345113,-0.6616786,3.0040722,-1.0966802,1.525126,1.9646652,0.8105463,-2.5774255,-0.7597457,2.4865882,1.5483427,0.72912234,0.3189025,0.9151715,0.9483673,1.9522994,-2.3970783,3.8606186,0.9961713
2.1229424,2.3728583,1.9322293,-1.4077373,3.05932,3.13798,2.986938,-0.121370696,-0.6758545,2.2652774,-0.958862,1.8234472,0.9727562,1.5784245,-0.57015514,3.0336769,-1.0990467,1.4739735,1.8421946,0.74824154,-2.580907,-0.89241266,2.4671738,1.5748491,0.6073947,0.22801423,1.0162928,1.0094428,1.8587332,-2.4285324,3.9016392,1.1309167
2.0665169,2.5347397,2.0442827,-1.5284692,3.1064355,3.137683,3.0592675,-0.051109314,-0.68813527,2.2559323,-1.0697769,1.828717,1.0170813,1.5411867,-0.541567,3.04147,-1.2335737,1.4898107,1.8324516,0.81435263,-2.5395646,-0.9721316,2.5603395,1.6672176,0.5535199,0.112806715,1.1020925,1.1387898,1.793143,-2.5179234,4.0022774,1.2454951
2.065889,2.5383422,2.0554996,-1.5268255,3.1087916,3.1361604,3.064045,-0.050006915,-0.6958971,2.2598014,-1.0645512,1.8319257,1.027241,1.5301948,-0.5548857,3.0372088,-1.2417352,1.4983077,1.8443674,0.8296952,-2.5358677,-0.95590794,2.5646307,1.6698639,0.55934215,0.12660319,1.0976924,1.13171,1.8008064,-2.5211616,3.998497,1.2314675
2.0846622,2.7240424,2.060639,-1.4825151,3.1829548,3.1437669,3.0642068,0.053859163,-0.5945539,2.1408207,-1.1342342,1.7299894,0.9193553,1.6250019,-0.40898332,3.0927887,-1.2552916,1.4201701,1.6617832,0.74359477,-2.5529041,-1.1761675,2.5557446,1.7347819,0.3577249,-0.030994166,1.2609276,1.2208097,1.6618156,-2.5917358,4.0891953,1.4630277
2.075595,2.7352703,2.0595632,-1.4833009,3.1782727,3.1440845,3.061715,0.053968836,-0.59510326,2.133535,-1.1378657,1.7176716,0.906734,1.6209685,-0.39703122,3.0932262,-1.2600982,1.415097,1.6546164,0.73684406,-2.555259,-1.1810987,2.551865,1.7374312,0.3511518,-0.037324153,1.2705605,1.241409,1.651124,-2.5954583,4.09192,1.4691427
1.7319597,2.225829,3.1006925,-1.4120684,2.7249076,2.5778716,3.0207705,1.3936464,-0.7642478,2.152183,-1.2013423,1.6957356,1.1995208,0.50578845,-0.63684475,2.4641721,-2.0696251,1.7946526,1.6360346,2.2438893,-2.4389064,-0.59396964,2.9447815,2.6056194,0.0064033493,0.011677956,1.5193179,0.93980616,1.1094258,-2.2549057,3.6317134,1.0898781
1.9114721,1.0682095,2.3927615,-0.9895519,2.499421,2.54293,2.5601382,0.6599372,-0.7943412,2.4917042,-0.6284219,1.8890988,1.077225,0.67591894,-0.93921316,2.260123,-1.3317105,1.8817421,1.8790855,1.8846359,-2.5278752,0.08940763,2.4134116,1.9501747,0.44736567,0.74669874,0.92846173,0.0916674,1.6674454,-1.931901,3.019004,0.12754925
2.010404,0.48817235,2.0577998,-0.68276256,2.389866,2.4869168,2.2370677,0.42639166,-0.7317032,2.5892692,-0.4034757,1.8591883,0.95210016,0.75481606,-1.0110216,2.1795413,-0.9632348,1.8487217,1.8017915,1.7677586,-2.5757687,0.28260294,2.119225,1.6982279,0.5328444,1.0238057,0.7497723,-0.33052072,1.7418232,-1.7511194,2.723003,-0.2173562
1.7598938,2.4145057,2.8972354,-0.7031269,2.5992992,2.4780583,2.8550746,1.8343474,-0.36263105,1.7624022,-1.1756508,1.2256906,0.7359417,0.71703625,-0.33501747,2.653494,-1.690231,1.3414228,0.8333,1.8878181,-2.6258953,-0.87840664,2.532083,2.5650737,-0.56993824,-0.1072757,1.9550594,0.8793589,0.5330889,-2.2333603,3.5307648,1.4303207
1.6395947,4.0218,2.0050712,-0.64430285,2.6044776,2.524406,2.137993,1.2098684,0.1751208,0.6487774,-1.2651293,0.18796119,-0.17753595,1.7370421,0.80506265,2.7334526,-1.3450805,0.40099496,0.1581121,0.10543375,-2.213282,-2.1624649,1.5078213,1.7150103,-1.5642476,-0.9401843,2.5013187,1.9001995,0.2542843,-2.5747457,3.6941204,2.6621528
1.5262295,3.9586987,2.184547,-0.9139431,2.6588585,2.6163547,2.4261913,1.2653288,-0.06307317,0.87412024,-1.3115203,0.41294962,0.026532745,1.603154,0.63127136,2.695352,-1.628545,0.49200717,0.3519724,0.44384164,-2.2222774,-1.9396042,1.7347425,1.9259331,-1.4013493,-0.8935555,2.3738728,2.058083,0.28422138,-2.6074758,3.808246,2.5718112
1.3821275,3.7568073,2.7130995,-1.6707605,2.6764998,2.815574,2.9264657,1.2204494,-0.4859774,1.3998802,-1.4042472,0.9877712,0.4855402,1.2695825,0.26619765,2.6844559,-2.216001,0.7329021,0.9363062,1.1919901,-2.2226262,-1.5045989,2.3056848,2.2790828,-0.8445241,-0.8598834,1.957999,2.2819743,0.48115104,-2.5743155,3.9129748,2.3039973
1.4225166,3.5327106,2.638193,-1.7408655,2.7165675,2.863337,2.963348,0.93955994,-0.602913,1.6854709,-1.3223943,1.1531966,0.5044085,1.4169812,0.15200785,2.7034755,-2.1541505,0.77684504,1.1452092,1.1923201,-2.3191056,-1.2916721,2.324683,2.2273285,-0.67939824,-0.71331775,1.7708158,2.3533158,0.70716274,-2.5966656,3.8836112,2.0618088
1.5039301,3.740994,2.4295406,-1.2897389,2.812025,2.6820197,2.7336724,1.148278,-0.29701024,1.16382,-1.3835366,0.76567954,0.22095552,1.6356119,0.37117842,2.6911902,-1.8139737,0.6690173,0.59621257,0.89296466,-2.3256545,-1.8558674,2.0554013,2.1527843,-1.1415823,-0.878631,2.1164627,2.298594,0.36285594,-2.5977159,3.880448,2.4712706
1.5913165,3.1123455,2.2997136,-1.4160073,2.7319784,2.7155185,2.770552,0.65317166,-0.540745,1.5930443,-1.0668647,1.1582745,0.317774,1.6683309,0.014884007,2.598395,-1.7153562,0.84259415,1.1105123,0.96824074,-2.3746445,-1.261125,2.094822,1.9290555,-0.66444045,-0.47253782,1.6389425,2.164823,0.71752566,-2.4409041,3.4841206,1.7579403
1.6786883,2.8124413,2.1960063,-1.5554926,2.6821578,2.802089,2.7885482,0.41508132,-0.72355616,1.9385242,-0.9129113,1.3379582,0.42444807,1.6486536,-0.14324275,2.641769,-1.8137243,1.0012386,1.4673998,0.9782804,-2.408236,-0.83528537,2.1581943,1.7732006,-0.31548053,-0.21355233,1.4494635,1.995059,1.0745095,-2.4774966,3.411347,1.3279934
1.6915047,2.846578,2.267427,-1.5999784,2.7366395,2.782205,2.825436,0.49540648,-0.66967076,1.8298317,-0.95256156,1.2508225,0.30378422,1.670928,-0.09436444,2.7148838,-1.8886297,0.9734278,1.3367666,1.0993103,-2.4430406,-1.0525312,2.2159579,1.8266563,-0.412681,-0.3172037,1.518685,2.0571964,0.959869,-2.3873177,3.4162774,1.5421059
1.6998698,2.7002463,2.2469141,-1.5337794,2.686386,2.7688425,2.817587,0.481522,-0.667416,1.8578132,-0.85467976,1.2950089,0.3169694,1.6281893,-0.1765711,2.7199414,-1.7880138,0.9222988,1.4379559,1.1253977,-2.4826455,-0.90321743,2.1647682,1.8249304,-0.34035414,-0.20683996,1.4142959,1.9185085,0.99237525,-2.26642,3.3651981,1.4408687
1.5144061,3.3200984,2.4971352,-1.7527668,2.7117734,2.904299,2.9471717,0.77508116,-0.692121,1.8961341,-1.2326056,1.1954868,0.4885406,1.506875,0.0699798,2.7593353,-2.1048744,0.8625844,1.2602061,1.1399664,-2.3669248,-1.1043237,2.3005705,2.0791845,-0.52114344,-0.5473996,1.6936367,2.2837858,0.90885746,-2.608172,3.8090851,1.8157597
1.4964765,3.1818254,2.4465916,-1.6733844,2.7009258,2.863194,2.9120836,0.6959437,-0.7022097,1.9124057,-1.1597707,1.2315543,0.46179,1.5393617,0.025837446,2.7102513,-2.007258,0.8191846,1.283143,1.1654336,-2.3840199,-1.0279483,2.219746,2.085157,-0.5178623,-0.47341734,1.5986325,2.260381,0.8961484,-2.5317547,3.766336,1.7515905
1.4462023,3.805907,2.3475728,-1.1837957,2.7020051,2.6784575,2.5992496,1.1521934,-0.20950118,1.0801052,-1.3682841,0.6373672,0.13222265,1.643877,0.48116574,2.6792336,-1.7616829,0.5391676,0.49019736,0.7281867,-2.2919133,-1.8816197,1.9417975,2.0439792,-1.2472211,-0.93293685,2.1510377,2.270161,0.3422503,-2.5514512,3.8327935,2.4878712
1.4088985,3.5829291,2.4301848,-1.3734494,2.6743445,2.738459,2.7424393,1.0208437,-0.42453796,1.3328956,-1.245847,0.91773194,0.2771781,1.542441,0.28965896,2.618461,-1.9436413,0.6118713,0.8094915,0.9679573,-2.296483,-1.509293,2.0513597,2.1094615,-0.99732095,-0.73645127,1.9101441,2.290169,0.5210069,-2.5021155,3.7750072,2.197892
1.4129615,3.6623108,2.484314,-1.1276982,2.8168926,2.6228554,2.7221556,1.3274633,-0.20361218,0.8777095,-1.3608387,0.71418667,0.15402313,1.5778761,0.40949458,2.6054778,-1.8180621,0.5019932,0.3543139,1.112582,-2.332828,-1.9856755,1.97006,2.3264575,-1.3167841,-1.0041889,2.0735497,2.2129974,0.05953895,-2.3772151,3.8662095,2.6967921
1.5064002,3.956714,2.283191,-1.0569328,2.737362,2.6111634,2.6067855,1.3326235,-0.22113271,0.98284215,-1.2118038,0.5986411,0.19318213,1.4436958,0.47481877,2.6102269,-1.8119328,0.6724686,0.59765226,0.54130125,-2.1579537,-1.7223206,1.9083431,2.0106444,-1.2061594,-0.7486332,2.3023164,2.1322062,0.3477494,-2.7289972,3.82455,2.3532166
1.4586259,3.474809,2.353556,-1.3249681,2.6474447,2.7376952,2.8483398,1.0011351,-0.5053252,1.3892213,-1.0469986,1.037838,0.34152228,1.4458581,0.14925966,2.5920935,-1.9257122,0.6990763,1.066366,0.8575169,-2.332355,-1.1608205,2.0231748,2.0202603,-0.81604606,-0.47138816,1.801583,2.1440248,0.6237798,-2.5284457,3.6298435,1.8928057
1.5240213,3.170567,2.2454128,-1.3967704,2.556707,2.8142543,2.7710707,0.7316691,-0.6093298,1.6284764,-0.92343366,1.1401392,0.35214347,1.4893967,0.05264976,2.6342785,-1.8675654,0.7100904,1.2428305,0.8601469,-2.4071834,-0.88636017,1.9702046,1.8897412,-0.60864526,-0.2997365,1.5740143,1.9968214,0.8717917,-2.412182,3.5099247,1.6046364
1.5733246,3.1702616,2.3056579,-1.5627526,2.6428237,2.9025247,2.8721523,0.687117,-0.67955124,1.8432624,-0.9881824,1.2045052,0.44249,1.5327132,0.016611457,2.7301235,-1.9890206,0.84096795,1.3569827,0.9217161,-2.4335113,-0.85482424,2.1541905,1.9147373,-0.46606883,-0.31597292,1.596171,2.0540357,1.0205669,-2.5542855,3.6113381,1.5350721
1.5453985,3.3744025,2.4306393,-1.6614447,2.7220855,2.8728662,2.9229717,0.8041924,-0.6079166,1.7621222,-1.1743937,1.1050254,0.38762078,1.550305,0.11777806,2.772668,-2.0765522,0.82866156,1.1847651,1.0016655,-2.4058402,-1.176891,2.2597427,2.0041575,-0.5918189,-0.5708699,1.7498724,2.2432415,0.8484557,-2.6078794,3.728125,1.8352706
1.7675221,3.076911,2.1104398,-1.4524019,2.6213024,2.863145,2.5817466,0.47562677,-0.5022594,1.7570782,-0.98785,1.1337967,0.3059264,1.8015598,0.15389557,2.7538264,-1.7524086,0.85442656,1.1809535,0.654564,-2.4034853,-1.0928533,2.0585055,1.6599388,-0.48946434,-0.4234027,1.6138763,1.973409,1.0941044,-2.5968714,3.4357066,1.546472
1.9454777,3.1801496,1.9065453,-1.0763849,2.6967893,2.8056746,2.4188764,0.5450509,-0.27061275,1.4364586,-0.88072664,0.92122096,0.08022318,1.966032,0.30435014,2.8317027,-1.5122209,0.77416706,0.8995307,0.3586576,-2.4462616,-1.3621668,1.8373673,1.5397279,-0.7156738,-0.42066342,1.8185844,1.8346732,0.9702199,-2.623574,3.423029,1.7073237
1.8037455,3.0950212,2.1059709,-1.4255254,2.7165961,2.8930774,2.7009926,0.57056916,-0.5370325,1.7667446,-0.92318934,1.1374251,0.30964014,1.76912,0.09561042,2.8023968,-1.8318065,0.9070566,1.2145813,0.7008936,-2.4546905,-1.0475558,2.1023583,1.7219188,-0.462912,-0.34421954,1.6759205,1.965019,1.0816656,-2.6485832,3.5376713,1.5255396
1.7020047,2.7673066,2.1991415,-1.704019,2.6007433,2.914032,2.7874668,0.38595554,-0.8455536,2.1218867,-0.85110366,1.4192812,0.5468974,1.5414187,-0.19795693,2.6900358,-1.9431928,1.0536312,1.6649748,0.94128764,-2.4258153,-0.5576833,2.221472,1.745121,-0.09114859,-0.11730914,1.3171546,1.9237419,1.2954113,-2.519088,3.4619355,1.1219708
1.727807,2.4808779,2.0077496,-1.386214,2.454131,2.7551918,2.649933,0.3162203,-0.7706152,1.9287214,-0.60962254,1.3820654,0.4341671,1.4992113,-0.3319586,2.5864308,-1.661931,0.9898335,1.7214525,0.81990546,-2.433041,-0.38057435,1.9684035,1.5407897,-0.10524659,0.14402886,1.1753664,1.6183828,1.2755404,-2.2625601,3.1784537,0.92355
1.4819492,3.6934516,2.3785458,-1.3715421,2.70427,2.8091118,2.8095207,1.0477031,-0.44199148,1.4640036,-1.1913573,0.91449344,0.3483125,1.5123514,0.31797022,2.6812532,-1.9860897,0.70690775,0.9634614,0.77615166,-2.3082278,-1.3290088,2.0914702,2.0467186,-0.91431063,-0.6437881,1.9830097,2.222816,0.68386304,-2.7117655,3.783059,2.030983
1.4046295,4.069669,2.3217072,-0.94191694,2.7006657,2.5856414,2.532723,1.413886,-0.0661424,0.7416374,-1.3053358,0.42827493,0.057830196,1.4662392,0.62757707,2.5524337,-1.7741016,0.46220055,0.31049883,0.64359486,-2.1562183,-1.9529159,1.7702261,2.0918427,-1.5105637,-0.9769251,2.346313,2.164948,0.13785723,-2.5743196,3.7664864,2.645968
1.396519,3.9064765,2.4254107,-1.2685225,2.6348653,2.7103672,2.646505,1.2183678,-0.2949819,1.1541507,-1.3069532,0.69951594,0.24795337,1.4014034,0.4718009,2.5848415,-1.9215568,0.56863594,0.6790377,0.77199906,-2.1785522,-1.6071838,1.954244,2.092425,-1.1824154,-0.8594335,2.1117358,2.2498367,0.4117481,-2.6109092,3.7697468,2.350249
1.4577274,3.5733268,2.4978538,-1.6176679,2.6317196,2.8611932,2.8644178,0.9665802,-0.63209563,1.710282,-1.1702459,1.0997822,0.5349301,1.3195838,0.1695545,2.629748,-2.1558108,0.8114497,1.239446,0.9826082,-2.2256596,-1.0282729,2.1969733,2.0967987,-0.6612766,-0.53514546,1.799049,2.2010756,0.8591688,-2.6871102,3.7546868,1.8152227
0.7004601,1.4597231,2.3178818,-1.8689438,1.7993444,1.9616385,1.8265889,-0.16687231,-1.0152725,1.5361402,-1.0720072,1.4518654,0.8361788,0.9224331,-0.38193542,1.4164099,-1.2148416,1.146225,1.5406268,1.8928341,-0.95070285,-0.7711221,1.7223583,1.4938633,-0.1270923,-0.6044114,0.36864743,1.4573781,0.5084475,-1.4433129,2.6315713,1.2942821
0.6832089,1.5544834,2.319713,-1.7073901,1.9853226,1.9568603,1.9272655,-0.16736093,-1.0501928,1.4597262,-1.0863421,1.3021055,0.6635159,0.8647748,-0.19061208,1.3881876,-1.2562407,0.982757,1.3799284,1.9129622,-1.0421352,-0.7536541,1.7492485,1.5707924,-0.31355008,-0.60507756,0.5457534,1.4846878,0.4141067,-1.561907,2.7247574,1.4190319
1.1926049,2.7206202,2.005966,-1.1076295,2.0140362,2.4083068,2.328178,0.71044886,-0.7890468,1.4480469,-0.64073384,0.9846755,0.4773624,0.94411933,-0.14338434,2.1305916,-1.5679003,0.7724186,1.403209,0.7000468,-2.0545032,-0.33135623,1.5816505,1.5402831,-0.34356818,-0.07872238,0.9951895,1.7250302,0.7593616,-2.0873744,2.96838,1.0680363
1.3936446,3.1719344,2.168241,-1.3391936,2.4186947,2.5323586,2.5916176,0.9275632,-0.702148,1.4653305,-0.9164349,0.9882682,0.41002646,1.2065252,0.030262303,2.3640046,-1.8541985,0.8309223,1.2355745,0.6686386,-2.2071881,-0.84578717,2.005947,1.801213,-0.4689029,-0.4621767,1.4423274,2.192836,0.5558828,-2.4642453,3.4239933,1.4799235
1.3966062,3.2976158,2.2704222,-1.3800988,2.548387,2.5381637,2.7216537,1.002386,-0.7028303,1.4799583,-0.99215746,1.0088397,0.4097123,1.2027557,-0.024066377,2.4200795,-1.9070499,0.88281167,1.1989787,0.74979,-2.2376199,-0.98580474,2.1193192,1.9335009,-0.5068342,-0.5052722,1.5571057,2.3277903,0.5033575,-2.5554707,3.5933838,1.6094395
1.5250638,3.5176582,2.3182456,-1.4841264,2.677037,2.6578107,2.7048593,1.0455561,-0.61571544,1.4928272,-1.0934973,0.9912888,0.3898887,1.3141314,0.07916848,2.5402696,-1.9735186,0.9189652,1.0830503,0.70916736,-2.2289681,-1.2199801,2.2127054,2.012119,-0.59889674,-0.66074026,1.7233994,2.4108417,0.54844844,-2.7260213,3.757021,1.7893444
1.623326,3.2725246,2.2354395,-1.5111277,2.6707625,2.738714,2.6953235,0.81896496,-0.61869204,1.6905111,-1.024923,1.0937059,0.3672472,1.4859569,0.020101976,2.6473534,-1.8637068,0.928881,1.1669049,0.66759145,-2.3421779,-1.1263243,2.238313,1.893947,-0.4344948,-0.5802092,1.578717,2.3496723,0.72609943,-2.6907182,3.6728313,1.6105038
1.4502633,3.102575,2.201633,-1.4413648,2.5289137,2.6614668,2.7476017,0.7922417,-0.7499108,1.7780346,-0.954898,1.111479,0.44250336,1.2794181,-0.07043916,2.508306,-1.8254741,0.9037137,1.3383262,0.73757255,-2.3436594,-0.82187194,2.140959,1.8935267,-0.31804872,-0.42022666,1.4042604,2.294848,0.68798053,-2.566251,3.5854077,1.4475065
1.2747389,3.4861069,2.4102886,-1.5122739,2.523888,2.5336337,2.806931,1.1183511,-0.7483493,1.4407645,-1.0985305,0.95688313,0.46423474,0.9917758,0.027337646,2.3624496,-2.0255408,0.8455261,1.1802385,0.8842328,-2.139009,-1.00267,2.1285357,2.0517921,-0.5313309,-0.67725307,1.579204,2.4321625,0.38098794,-2.5639782,3.6563237,1.7919495
1.2752405,2.7973108,2.2263463,-1.3570888,2.2366576,2.3778176,2.6916597,0.7750819,-0.8896884,1.6256256,-0.7117306,1.1845422,0.57670534,0.86489487,-0.30794978,2.1778328,-1.7712724,0.9265069,1.6562672,0.8543674,-2.1111417,-0.33799762,2.0218575,1.6813017,-0.022156924,-0.2030658,1.0200895,1.9788128,0.7219676,-2.2497568,3.1802914,1.0432979
1.1882966,3.3423073,2.3592312,-1.3756169,2.29964,2.3944416,2.6939726,1.1189343,-0.7786758,1.3353983,-0.9995842,0.96278745,0.58558446,0.72624636,-0.06514758,2.1142964,-1.921341,0.8938961,1.3075633,0.82768506,-1.9096714,-0.7034923,2.0089016,1.8929205,-0.43957633,-0.49718308,1.352298,2.2432902,0.3992098,-2.4458547,3.3681362,1.523083
1.2427012,4.054327,2.2920735,-0.99382526,2.3888664,2.231462,2.2602468,1.5041252,-0.30053532,0.55072963,-1.1714938,0.26249772,0.12096977,0.85767287,0.48024854,2.146444,-1.8167937,0.60466063,0.5424934,0.5064734,-1.7374532,-1.5724453,1.6459421,1.8652931,-1.2495056,-0.98088914,2.047814,2.2864337,-0.114807345,-2.4953885,3.4851265,2.3421118
1.1683456,3.5222974,2.4334133,-1.2349916,2.4259727,2.2366397,2.7227123,1.2658011,-0.618657,0.917861,-0.95037425,0.82108104,0.40945086,0.8105469,0.002350092,2.1419024,-1.8611052,0.7806142,1.0933352,0.7605507,-1.8779938,-1.0791273,1.9965379,1.8000896,-0.60323113,-0.6352663,1.5272778,2.212069,0.21116081,-2.3412557,3.281756,1.6999977
1.387923,3.5959733,2.3504593,-1.42954,2.587271,2.6013522,2.7277431,1.1519498,-0.60333025,1.3486441,-1.1105919,0.9113326,0.38947147,1.175711,0.16185904,2.4596286,-1.9901924,0.8327196,1.0659964,0.6912101,-2.1704993,-1.1865417,2.1298826,2.0009956,-0.68011457,-0.68495154,1.7176712,2.3845665,0.4189771,-2.6350865,3.6706963,1.8526732
1.2825469,3.539761,3.6335053,-1.6583431,3.2023025,2.4196637,3.1567488,1.9260495,-0.6426892,1.0564163,-1.7383251,0.99649394,0.7371062,0.8718008,-0.080909505,2.5529912,-2.1936069,1.4552171,0.7783701,2.2127542,-2.4645934,-2.383738,3.1291897,2.8314462,-0.9759573,-1.1988661,1.9082355,2.1565957,-0.018912543,-2.3525758,4.1755385,2.5372074
1.1995614,3.505024,3.6331546,-1.6282437,3.1445658,2.3426683,3.0794158,1.9851897,-0.63500166,0.96087885,-1.7568699,0.94433373,0.64540637,0.84227484,-0.0113046765,2.5016224,-2.1123073,1.3921963,0.6774181,2.1977515,-2.432243,-2.4932284,3.0789192,2.8333879,-1.0730385,-1.3077844,1.8664116,2.1651359,-0.1402005,-2.2386258,4.1120796,2.5970833
1.3542202,3.5540473,3.5486,-1.626922,3.2383122,2.4905198,3.1366563,1.8086326,-0.5775813,1.0415068,-1.7240245,0.9746162,0.711415,0.9845093,-0.08066078,2.5935695,-2.127089,1.4602406,0.72668874,2.1243253,-2.4641788,-2.4401782,3.0581594,2.7758243,-0.9885526,-1.1596068,1.9319086,2.1487317,0.045826174,-2.4044614,4.2128515,2.5647035
1.2658279,3.645527,3.627854,-1.626001,3.2255816,2.4009187,3.1125016,1.8876562,-0.584633,0.91919166,-1.7668893,0.9083371,0.6991443,0.9100838,-0.029289138,2.535942,-2.1299357,1.4080135,0.65487003,2.1357062,-2.420998,-2.5023742,3.054271,2.770944,-1.0738087,-1.2690502,1.9385029,2.1867213,-0.07946253,-2.3590775,4.192572,2.6404643
1.1306901,3.6675236,3.7341244,-1.6227261,3.0857005,2.240652,3.0335927,2.1265137,-0.62155235,0.7979594,-1.8207092,0.86691743,0.6355055,0.69767505,0.043315925,2.4282224,-2.1191556,1.3267566,0.5427135,2.1927705,-2.368082,-2.5416865,3.0954003,2.845569,-1.1380863,-1.4766238,1.9280014,2.1642957,-0.30660647,-2.2270796,4.1264634,2.6887896
1.3417273,3.5695014,3.7319877,-1.7377342,3.2197316,2.4946613,3.2093139,1.8867168,-0.65267634,1.1354249,-1.8106124,1.0806745,0.8288244,0.8402196,-0.15087382,2.594271,-2.2475815,1.530512,0.77225214,2.2724702,-2.485131,-2.3630981,3.2461479,2.8636951,-0.90778524,-1.208149,1.8995531,2.116721,0.055804145,-2.409638,4.2811356,2.508665
1.3371211,3.4919186,3.6826553,-1.6994097,3.234295,2.4924371,3.1911607,1.7813936,-0.6439371,1.1539356,-1.7634122,1.064376,0.8328549,0.87909573,-0.18955892,2.5709124,-2.2165456,1.5577666,0.81547564,2.275593,-2.4465659,-2.3244472,3.1625702,2.8144615,-0.92650443,-1.1018959,1.8739865,2.1114018,0.10100645,-2.4125142,4.2490993,2.4698863
1.2103202,3.763019,3.5778668,-1.444796,3.1179945,2.2800684,2.9107003,2.0474243,-0.43970641,0.6228814,-1.8157212,0.6626625,0.52234274,0.8699743,0.12771532,2.448289,-1.961478,1.2398312,0.29240793,2.0109,-2.3687282,-2.7115397,2.8529243,2.7317405,-1.3551486,-1.4546703,2.0585544,2.1541238,-0.33839205,-2.2578042,4.125978,2.8391225
1.4035062,3.7965958,3.5338852,-1.4816495,3.2019868,2.485921,3.0046668,1.8678669,-0.39442524,0.8065201,-1.8175943,0.7601953,0.6552111,1.0011556,0.00031365157,2.5742946,-2.0354702,1.3407786,0.3681676,1.9993312,-2.4086683,-2.5921743,2.8787856,2.7235675,-1.2375085,-1.2529904,2.1249592,2.1302934,-0.09578951,-2.4621108,4.262022,2.7788558
1.2590991,3.7454438,3.6984246,-1.6335338,3.123795,2.3698442,3.039481,2.0428846,-0.53669196,0.8438438,-1.8783305,0.8432535,0.7111803,0.78513473,-0.023179162,2.4743998,-2.1789606,1.3634167,0.47520813,2.2220626,-2.386639,-2.5359733,3.0205855,2.8529475,-1.1772039,-1.3706707,2.0352976,2.1903749,-0.2194247,-2.357283,4.2535105,2.7754283
1.1635092,3.7089705,3.6777058,-1.6004692,3.0629618,2.2777817,2.9572124,2.1143818,-0.5400065,0.73409504,-1.8627952,0.7929401,0.5626917,0.7643972,0.08374126,2.4513068,-2.0789237,1.2696117,0.38877997,2.1507201,-2.3889503,-2.6552465,3.015512,2.841051,-1.2369715,-1.5527416,1.9706198,2.1584318,-0.3518272,-2.2261746,4.182884,2.8105445
1.3432295,3.767053,3.5807571,-1.5239584,3.2152824,2.4373856,3.0287392,1.898319,-0.447747,0.79070777,-1.803595,0.78330433,0.6267675,0.9567051,0.02922709,2.5899463,-2.0379405,1.345239,0.43674144,2.0066044,-2.4537463,-2.6288042,2.9800286,2.7232282,-1.1858793,-1.347469,2.064359,2.112941,-0.12815253,-2.3864841,4.2525024,2.749601
1.1667174,3.588456,3.7719178,-1.7131602,3.0351453,2.254227,3.0447383,2.1256833,-0.65718806,0.8878781,-1.8448899,0.9576402,0.7548193,0.6300266,-0.07027952,2.3966324,-2.2197623,1.4260942,0.64328754,2.3416486,-2.3520226,-2.438114,3.1600897,2.8818707,-1.0235094,-1.4298851,1.8916886,2.1439767,-0.24941471,-2.2308574,4.148227,2.6352305
1.0845572,3.5036473,3.8135505,-1.7516644,2.9574876,2.1932285,3.022245,2.2058375,-0.7401573,0.91634053,-1.8392735,1.0103121,0.71702117,0.5289036,-0.05781306,2.3452864,-2.194347,1.4252819,0.6907094,2.3777454,-2.316012,-2.4020438,3.22622,2.928442,-0.97855186,-1.4981744,1.8077282,2.1174054,-0.29551712,-2.1603935,4.0992293,2.5742803
1.0761837,3.712904,3.017315,-1.2389021,2.8864694,2.2563577,2.5691674,2.0050504,-0.22117329,0.4916346,-1.787075,0.45608178,-0.13493006,1.1949286,0.5814713,2.429728,-1.6629398,0.5920625,-0.21999292,1.5694742,-2.2942805,-2.9150615,2.2930722,2.6894484,-1.7367852,-1.7731377,1.935725,2.3067565,-0.631595,-1.9703598,3.8464413,3.1493134
0.9895481,3.2931957,3.23356,-1.5729359,2.820496,2.219711,2.7449908,1.9678049,-0.5352742,0.89058733,-1.782643,0.9453241,0.19562146,0.95835197,0.29260036,2.364423,-1.8805937,0.821867,0.28464702,2.0285342,-2.2539885,-2.5738208,2.6389477,2.9141278,-1.3200771,-1.6629429,1.6319185,2.2955406,-0.48300394,-1.8706001,3.83878,2.8551877
1.0161031,3.585566,3.1848617,-1.3721251,2.825805,2.1516285,2.6131284,2.1147888,-0.37878853,0.53618467,-1.7940991,0.6348719,0.04041014,0.97169083,0.43719238,2.3291836,-1.7750794,0.7728101,-0.04027208,1.7806699,-2.2177315,-2.8302627,2.515875,2.7951083,-1.5477434,-1.785278,1.8454189,2.2482483,-0.6352826,-1.9507608,3.8529541,3.0077667
1.1274562,3.8490162,2.6711187,-0.69225323,2.8433583,1.9706103,2.1741295,2.0064979,0.090293296,-0.09428773,-1.61214,-0.020083047,-0.46853346,1.3391179,0.8102668,2.3146706,-1.2006985,0.3779919,-0.6804617,1.0303713,-2.153273,-3.209386,1.8522465,2.3511062,-2.0905273,-1.8727539,2.1421566,2.0877452,-0.8872078,-1.8729732,3.5580685,3.2321484
0.9914702,3.5762715,3.131236,-1.3098428,2.731875,2.056209,2.5317168,2.1542706,-0.41607437,0.42545205,-1.7330412,0.55267966,-0.041020703,0.8614794,0.43406114,2.2167277,-1.7109865,0.7593607,-0.077972636,1.7514307,-2.1227908,-2.7704864,2.3638291,2.6883068,-1.6024582,-1.720903,1.829257,2.2214568,-0.66857076,-1.8798774,3.720063,2.942712
1.0136833,3.4848714,3.251988,-1.5409554,2.7835479,2.244267,2.7119653,2.0918303,-0.49362308,0.7809793,-1.8102105,0.80034983,0.12824681,0.9073532,0.34654605,2.3643732,-1.9267079,0.8385135,0.16016285,1.9699557,-2.2281613,-2.6412823,2.6028695,2.867108,-1.4113518,-1.6683048,1.7577775,2.2881424,-0.5030198,-1.9578953,3.8882327,2.9218152
1.001931,3.5021863,3.20886,-1.4990104,2.8130975,2.245741,2.7007205,2.0657306,-0.4466495,0.7467344,-1.8131955,0.77087384,0.087282084,0.9737646,0.39763525,2.378217,-1.8883781,0.7618135,0.08834047,1.9208705,-2.2487197,-2.6929772,2.5718467,2.865153,-1.4668278,-1.7407596,1.7626522,2.305502,-0.54960954,-1.9428937,3.8789182,2.9720616
1.1145041,3.7777286,2.9405189,-1.0900229,2.7906156,2.1530814,2.4029846,2.0690994,-0.1339449,0.27268025,-1.725,0.30340704,-0.22629955,1.1768215,0.6301672,2.3453994,-1.5710933,0.5778294,-0.36839968,1.4499776,-2.2266624,-2.9788947,2.163401,2.5795417,-1.8064029,-1.81287,1.9966412,2.1959152,-0.7027237,-1.9730479,3.7596447,3.160471
0.98001015,3.372416,3.301165,-1.6525223,2.7258184,2.24508,2.7436848,2.0611289,-0.5561706,0.89467824,-1.81016,0.9418349,0.23669973,0.87811804,0.27868566,2.3385358,-2.0052752,0.8585087,0.29156953,2.1205974,-2.188905,-2.5093617,2.6889837,2.923492,-1.2624586,-1.6843479,1.6541073,2.2965846,-0.48378864,-1.932996,3.8679776,2.8689246
1.0173426,3.6234488,3.1585388,-1.419924,2.797649,2.2482135,2.6511712,2.0711837,-0.36602867,0.63199055,-1.8049082,0.6558685,0.04791043,1.0179304,0.45366678,2.3874714,-1.8713033,0.7315806,0.014114988,1.8023691,-2.2405174,-2.7457383,2.5056279,2.804076,-1.5231589,-1.7410711,1.8661492,2.289945,-0.5745985,-2.0087519,3.9230092,3.0600944
1.0151339,3.3589458,3.2443154,-1.5987448,2.8299375,2.2900786,2.7762313,1.9821987,-0.5279588,0.9165487,-1.8052422,0.93302363,0.18452606,0.97620183,0.31324032,2.4199226,-1.9557788,0.8613235,0.28703925,2.0182393,-2.2808022,-2.5976357,2.6869016,2.917628,-1.3326623,-1.6309478,1.6939709,2.3114762,-0.4331902,-1.9473426,3.9170718,2.891364
1.0644703,3.362857,3.2821727,-1.6802375,2.8399093,2.3735175,2.8119216,1.9513289,-0.5424037,1.0038925,-1.8356098,0.97811174,0.22382939,1.0030634,0.28684732,2.4686031,-1.9961197,0.9400071,0.3497837,2.032525,-2.30915,-2.587614,2.7505705,2.9177878,-1.268253,-1.5791948,1.6884024,2.3340392,-0.33981228,-2.003122,3.9709468,2.8782992
1.0533972,3.1777337,3.3299572,-1.7771603,2.831155,2.3761249,2.8705912,1.9054585,-0.6368046,1.1985681,-1.819466,1.1618836,0.3077018,0.93416435,0.19940713,2.48554,-2.033669,0.98972857,0.5434377,2.162683,-2.31633,-2.4464622,2.8558307,2.983849,-1.1326734,-1.5287197,1.5718485,2.2928593,-0.25104678,-1.9481739,3.9411805,2.7348301
1.0256141,3.361586,3.3416812,-1.7220529,2.788971,2.3406887,2.792855,2.008293,-0.5571195,0.9856924,-1.8596551,1.0014582,0.28241923,0.9308108,0.25616497,2.4246998,-2.0081124,0.9550618,0.3655966,2.0888245,-2.2627146,-2.574772,2.7849205,2.9419613,-1.2225597,-1.6384957,1.6659622,2.307528,-0.37187427,-1.9994999,3.98816,2.8762429
1.1072587,3.129486,2.9648747,-1.6420463,2.888869,2.551683,2.7692065,1.2342819,-0.42813405,1.3061959,-1.703936,1.0885311,0.16244307,1.4542668,0.38294405,2.5792623,-1.816128,0.73974115,0.55418366,1.7856508,-2.4168077,-2.3653636,2.4716725,2.7133446,-1.2345921,-1.356247,1.5674802,2.4509401,-0.023112768,-2.0793362,3.942355,2.8686388
1.1616514,2.9480348,2.9970186,-1.7620175,2.864517,2.6024837,2.7983184,1.1256927,-0.50380474,1.5188165,-1.6706684,1.2624834,0.24640658,1.447007,0.28312737,2.6126509,-1.8561761,0.84331477,0.7648456,1.8785185,-2.4237502,-2.2151675,2.5709922,2.7227254,-1.0563605,-1.2426709,1.44517,2.3968136,0.14558712,-2.0729835,3.9091053,2.695563
1.1868725,2.8134375,3.0073822,-1.7812784,2.8373573,2.599792,2.803593,1.0836672,-0.54641545,1.6158581,-1.6226549,1.375282,0.304439,1.414192,0.20280087,2.6148772,-1.8446966,0.90296364,0.90433276,1.9262855,-2.4334025,-2.1011906,2.619847,2.7428727,-0.9404119,-1.1637084,1.3697407,2.31609,0.23030409,-2.0505252,3.8886914,2.5675194
1.1383977,3.0559413,3.0101016,-1.7217869,2.9062374,2.6016812,2.8235407,1.2060534,-0.46806437,1.4214653,-1.717269,1.1988523,0.21207988,1.4576509,0.33562052,2.6266391,-1.8402226,0.8255828,0.6724437,1.8284603,-2.4543068,-2.3436236,2.574513,2.7429802,-1.1514896,-1.3101287,1.5194647,2.4387398,0.0751212,-2.095106,3.9684472,2.8103352
1.1259851,3.166274,2.9914205,-1.6994492,2.9063332,2.6125188,2.8044152,1.2267708,-0.41759267,1.3470227,-1.7520097,1.0880685,0.16700034,1.4911268,0.40198842,2.6332254,-1.8409128,0.7658865,0.5578601,1.7662541,-2.444596,-2.4083495,2.5241578,2.6967385,-1.228273,-1.3639785,1.5762851,2.4760947,0.028866172,-2.1175041,3.9781272,2.8961082
1.1136396,3.2022812,2.9538686,-1.6344951,2.9131598,2.570863,2.7613518,1.2381338,-0.38256773,1.2511747,-1.7445657,1.0143268,0.12514888,1.50258,0.43488082,2.6016283,-1.7905678,0.7237698,0.47191834,1.7161869,-2.4270492,-2.4635444,2.4501748,2.675861,-1.2976055,-1.398273,1.609313,2.476153,-0.037210803,-2.1010728,3.9583504,2.9453616
1.131458,3.0643892,3.0049233,-1.7150528,2.90161,2.586799,2.8090415,1.216094,-0.46546975,1.4079356,-1.7190193,1.1776431,0.20085356,1.446996,0.3420633,2.6168456,-1.8346409,0.8098796,0.64972377,1.825865,-2.441072,-2.3497765,2.5538678,2.7383144,-1.1632601,-1.321177,1.5231516,2.4428258,0.04894343,-2.0798116,3.9548423,2.8165116
1.1562059,2.928761,2.9826925,-1.7454846,2.878265,2.5870059,2.7957027,1.1175363,-0.50788844,1.5290359,-1.6648891,1.2717402,0.22854903,1.4387382,0.2843638,2.6120963,-1.8270543,0.83839357,0.77615803,1.8596442,-2.4411473,-2.2155817,2.560491,2.716762,-1.0626932,-1.2359893,1.4394429,2.3896782,0.13887648,-2.0522475,3.8980243,2.6780457
1.1452482,2.932074,3.0320594,-1.7882755,2.855302,2.573882,2.8017623,1.1681896,-0.53350973,1.549113,-1.6834484,1.288161,0.26649848,1.3834052,0.25844556,2.6008623,-1.8592699,0.84884834,0.7932327,1.9190029,-2.4142528,-2.1896386,2.6005528,2.7486584,-1.017273,-1.2651529,1.4187157,2.3866448,0.11477687,-2.0352578,3.8956878,2.664529
1.1196479,3.052216,2.983281,-1.6979908,2.8888679,2.5503848,2.7749214,1.1926577,-0.4654488,1.3916259,-1.6978428,1.1615201,0.19250114,1.4353079,0.3394667,2.5770514,-1.8129637,0.7783859,0.63646954,1.8244244,-2.4142354,-2.3163183,2.5059316,2.7206914,-1.1621255,-1.3285066,1.5061271,2.4365954,0.020441879,-2.0564876,3.9149907,2.797523
1.0836645,3.2120366,2.8565412,-1.5158596,2.9115727,2.4897952,2.686096,1.2281997,-0.35059032,1.1416886,-1.6986873,0.92112494,0.026259804,1.4951527,0.48139673,2.5456176,-1.7158718,0.636696,0.37769365,1.6364695,-2.3953202,-2.4778342,2.3019323,2.608828,-1.4104549,-1.399992,1.6450617,2.4560018,-0.11933994,-2.0496557,3.8845668,2.949476
1.048831,3.3170342,2.8823838,-1.5272615,2.8773293,2.467235,2.6471124,1.2801111,-0.32285255,1.049626,-1.7377455,0.82429475,0.018072033,1.4711497,0.5202623,2.505965,-1.7280791,0.59336466,0.28770405,1.6270716,-2.3380318,-2.5239463,2.270692,2.5829518,-1.4499543,-1.4831083,1.6722033,2.485335,-0.18361345,-2.057967,3.8801548,3.0246005
1.0468905,3.3030305,2.9203362,-1.5816686,2.8778758,2.5003576,2.689003,1.2677246,-0.3497874,1.1223869,-1.7512859,0.87784463,0.05400449,1.4624348,0.4995429,2.5282838,-1.7610992,0.62403613,0.3542801,1.662665,-2.3554566,-2.4872384,2.3243232,2.5994148,-1.4051788,-1.4641926,1.6483395,2.495793,-0.1346515,-2.0800896,3.9063601,2.99958
1.0773032,3.1968634,3.0013874,-1.6987587,2.8847466,2.5475354,2.7583427,1.2683634,-0.4258922,1.2789415,-1.7667253,1.0445733,0.14012155,1.4313347,0.4204197,2.5701423,-1.8293804,0.7297661,0.5092188,1.7813209,-2.383674,-2.4322968,2.4786384,2.6776142,-1.2743673,-1.4280279,1.5660343,2.4818037,-0.04054882,-2.080106,3.9329925,2.911451
1.1337073,2.9669423,3.034171,-1.8430128,2.835016,2.65656,2.8533902,1.1270766,-0.544985,1.6418369,-1.6948951,1.31145,0.26263106,1.3958502,0.2814889,2.6622431,-1.9264908,0.83093184,0.84206045,1.9037358,-2.4442935,-2.1058297,2.6364453,2.691884,-0.98306274,-1.2465051,1.4144435,2.4099076,0.19965193,-2.0930533,3.9255357,2.6300473
1.1268245,3.0821922,3.1481528,-1.9159851,2.83783,2.690044,2.9327977,1.3339063,-0.5667256,1.6263502,-1.7876256,1.3063121,0.29163444,1.3030258,0.283823,2.7093291,-2.031093,0.87529325,0.8017985,1.9783823,-2.4509761,-2.1936276,2.772351,2.7791772,-0.978336,-1.3353995,1.4694207,2.4487922,0.1354692,-2.1099281,4.0072236,2.7080352
1.0948405,3.1264796,3.0769086,-1.8495449,2.8520758,2.6460767,2.871838,1.2668502,-0.5152183,1.5287602,-1.7768904,1.2104211,0.2288049,1.3640755,0.34139103,2.6565917,-1.9562219,0.7959231,0.6961693,1.8883768,-2.4237049,-2.247782,2.6420245,2.7115545,-1.0741398,-1.3681523,1.4902835,2.4888632,0.07076455,-2.1058786,3.964206,2.773449
1.1596689,2.8582892,3.0952375,-1.9051813,2.8215442,2.6389022,2.8655853,1.1643617,-0.59705913,1.7083496,-1.7022345,1.4344654,0.3371207,1.3307085,0.20087227,2.6621547,-1.9308996,0.91845816,0.95360726,1.9871975,-2.4391007,-2.0748024,2.7463403,2.763188,-0.8712535,-1.2382504,1.3490088,2.348886,0.23589244,-2.0595043,3.9253871,2.5516226
1.1022955,3.0634289,3.0850863,-1.8470452,2.852783,2.6370168,2.8705983,1.2392849,-0.53052753,1.5491168,-1.7563814,1.2755997,0.25776213,1.3627455,0.31310457,2.651237,-1.9408157,0.8294531,0.76692396,1.9093647,-2.4318216,-2.2268004,2.6720176,2.741751,-1.0452502,-1.3380773,1.4612939,2.4571383,0.11362038,-2.0990348,3.9716427,2.7348726
1.0981452,3.0545433,3.0109687,-1.7974256,2.8474197,2.6034846,2.8055134,1.1362894,-0.49573916,1.5040371,-1.7183046,1.2152011,0.22741404,1.4234209,0.33408293,2.5979664,-1.8796341,0.77425843,0.7175194,1.8482498,-2.4016972,-2.2077947,2.5537748,2.672482,-1.0795387,-1.3232015,1.4575818,2.4617524,0.099896446,-2.098102,3.914809,2.7411666
1.0834548,3.1333995,3.0801315,-1.8285873,2.8454223,2.620429,2.8500717,1.2616189,-0.5048219,1.4832968,-1.7706887,1.2023052,0.24145539,1.3709543,0.34385133,2.6249294,-1.9424816,0.78926724,0.69191515,1.8929046,-2.404611,-2.261027,2.6253982,2.7259648,-1.09265,-1.3764755,1.4944744,2.4870641,0.05894821,-2.1085238,3.9694266,2.795915
1.0975207,3.0828874,3.1138608,-1.8721946,2.8345368,2.6310773,2.8679276,1.2763574,-0.53528726,1.5376108,-1.7765682,1.2698032,0.27979457,1.343404,0.3071205,2.6399508,-1.965312,0.83500576,0.7558907,1.9406273,-2.4084058,-2.2345486,2.6912005,2.7550416,-1.0310729,-1.3649442,1.4612061,2.464637,0.09235888,-2.101258,3.9753582,2.7528317
1.1000636,3.1056595,3.0649734,-1.8524339,2.8364666,2.6472316,2.8455749,1.2079611,-0.5042481,1.5231001,-1.7690496,1.2108407,0.24162519,1.4019071,0.3435412,2.6431017,-1.9426609,0.80074185,0.71903396,1.8774906,-2.4077892,-2.2424989,2.6213503,2.6852293,-1.0750229,-1.3419439,1.4771384,2.4829216,0.116016924,-2.120623,3.9557972,2.7722971
1.1413801,3.021492,3.1350322,-1.9366169,2.826529,2.688652,2.9019442,1.2316526,-0.5600199,1.6465133,-1.7737548,1.3467598,0.32671124,1.3597353,0.2622236,2.6861904,-1.9918919,0.89155996,0.85503995,1.9667957,-2.4363399,-2.170835,2.7603147,2.7555099,-0.9395858,-1.3043664,1.4216541,2.4409847,0.19619763,-2.1227043,3.9894993,2.6844063
1.1830341,2.9110532,3.1482759,-1.9894711,2.807444,2.70989,2.9072394,1.1840956,-0.594821,1.744454,-1.7537754,1.4489731,0.3767869,1.3539032,0.199338,2.7069576,-1.9933121,0.956199,0.96916294,2.0016854,-2.442498,-2.0967453,2.8220503,2.7592483,-0.8318852,-1.2452528,1.3555651,2.384205,0.28862256,-2.1148589,3.9749482,2.585567
1.1972513,2.843903,3.1674206,-2.0014617,2.7965138,2.6915092,2.906838,1.2051632,-0.6219264,1.7791216,-1.7411134,1.50797,0.4082374,1.3087015,0.15376377,2.703505,-1.9889683,0.9913553,1.0218518,2.0427136,-2.4426742,-2.0562422,2.866137,2.794217,-0.7727064,-1.2346233,1.3224428,2.3303974,0.30149475,-2.0862849,3.9645448,2.5250106
1.1359296,2.9827332,3.156528,-1.9334195,2.8206348,2.6568246,2.9019017,1.2695248,-0.58169085,1.6513138,-1.765081,1.3898628,0.3502332,1.3123461,0.23069938,2.6673946,-1.9847441,0.90395385,0.8778964,2.0095277,-2.4289136,-2.1459126,2.7879295,2.7998633,-0.9089444,-1.3224512,1.39938,2.4054816,0.17199759,-2.0960784,3.980603,2.6507099
1.1629492,2.9058766,3.101756,-1.9269917,2.828881,2.6638777,2.876185,1.1709553,-0.58267117,1.697945,-1.7328959,1.4153627,0.33058658,1.358234,0.2252886,2.6747622,-1.9458449,0.9092814,0.9143794,1.9728253,-2.442004,-2.113455,2.7536902,2.7523012,-0.89287454,-1.2671663,1.3643401,2.3824096,0.2325178,-2.0852327,3.9384437,2.5945475
2.487705,-2.70935,-1.7240036,0.9425767,0.888847,1.6605772,-0.640693,-2.3865707,-0.3123915,2.1276162,1.8528225,1.247122,-0.40869755,1.9368356,-1.0396689,1.0943465,1.5089159,1.0861533,2.0362546,-1.0400668,-2.1230016,1.6000093,-0.9054715,-1.6750679,1.2952394,3.3673673,-1.5575402,-2.7549074,3.1878974,0.6074721,-0.46498862,-2.8547997
2.50149,-2.7714128,-1.7910366,1.0282108,0.8589098,1.6670234,-0.6712467,-2.4153366,-0.29889017,2.1002645,1.8919188,1.235738,-0.4266964,1.9424086,-1.0547184,1.0910909,1.5647337,1.0757309,2.035555,-1.0800594,-2.141191,1.6302847,-0.9562024,-1.7335074,1.3045628,3.429329,-1.5795974,-2.814097,3.2207885,0.6333946,-0.49344888,-2.9098108
2.504214,-2.7411895,-1.7614708,0.98572433,0.879577,1.675353,-0.64897645,-2.4051814,-0.31577635,2.137109,1.8873049,1.2553461,-0.40950674,1.9247665,-1.0532534,1.0929127,1.5412266,1.085324,2.0525968,-1.0723531,-2.1516194,1.6377907,-0.9148483,-1.7113498,1.3217714,3.4252343,-1.5740445,-2.7882335,3.2125936,0.62067413,-0.47376066,-2.8989964
2.50615,-2.7686057,-1.8031334,1.0066284,0.8622263,1.6659323,-0.68108153,-2.4140024,-0.30749664,2.1183715,1.9058558,1.241383,-0.42023063,1.9354866,-1.0511038,1.072901,1.5677372,1.0772157,2.0327435,-1.0882934,-2.1317046,1.6409502,-0.9618497,-1.7391936,1.3152205,3.43782,-1.5913168,-2.8224669,3.2167633,0.63965666,-0.51335675,-2.9160876
2.4991295,-2.7049286,-1.7119045,0.99029505,0.8778086,1.6803572,-0.6261353,-2.3729901,-0.31339145,2.1191916,1.8595393,1.2595165,-0.39266008,1.8958232,-1.07577,1.1149212,1.5308621,1.1004938,2.0628324,-1.0486808,-2.1444693,1.6288662,-0.882877,-1.6958244,1.3281863,3.4060638,-1.5725024,-2.7887158,3.2190247,0.6075543,-0.42722255,-2.8977227
2.4859502,-2.6589806,-1.6482662,0.9398095,0.9001951,1.6802833,-0.582695,-2.3412986,-0.32809892,2.1429243,1.8269739,1.2711399,-0.37546897,1.8752918,-1.0737975,1.1275561,1.4873463,1.111602,2.076961,-1.0137887,-2.145159,1.6179142,-0.8216553,-1.6489786,1.3310571,3.363813,-1.5531908,-2.7381725,3.194894,0.5849329,-0.39071178,-2.864119
2.5016694,-2.7077274,-1.7265499,1.0056298,0.8622467,1.6755676,-0.6385387,-2.3538375,-0.3153558,2.101335,1.8675861,1.2574141,-0.38619232,1.8722042,-1.0871143,1.0986305,1.5555899,1.109057,2.0565696,-1.0563928,-2.124031,1.6358439,-0.89575464,-1.7173233,1.3349174,3.412492,-1.5933695,-2.8205528,3.2143319,0.62651664,-0.44704294,-2.917604
2.4932024,-2.6574311,-1.6520821,0.9656647,0.8918502,1.6822119,-0.59055364,-2.3272555,-0.32145256,2.110827,1.8221976,1.2663025,-0.3766877,1.8664048,-1.0843625,1.1296264,1.5031788,1.1199028,2.0678086,-1.014758,-2.1391876,1.6083,-0.8302332,-1.6572258,1.3203337,3.3642192,-1.558309,-2.764515,3.1972961,0.5927684,-0.38599786,-2.8738909
2.501522,-2.686205,-1.6899761,0.9659608,0.8931885,1.6776966,-0.6087459,-2.3429532,-0.3227066,2.1198993,1.8442047,1.2588451,-0.39099425,1.8828939,-1.0681887,1.1106241,1.514973,1.1088092,2.0542092,-1.0293753,-2.1420524,1.6175197,-0.85559595,-1.6682173,1.3121902,3.3777,-1.5601385,-2.7758617,3.1900811,0.6041258,-0.4261836,-2.8793023
2.5038867,-2.7583268,-1.7837652,1.0371716,0.8488413,1.6681535,-0.66967666,-2.3862834,-0.30735546,2.0941684,1.8971131,1.2401098,-0.4109022,1.9035833,-1.0730845,1.0817239,1.5798349,1.0899066,2.0417151,-1.0838827,-2.13082,1.6455667,-0.94463503,-1.7468548,1.3203721,3.4411073,-1.5952972,-2.8359294,3.2172494,0.6478669,-0.4935494,-2.9341285
2.5085254,-2.8260639,-1.8557259,1.113097,0.80768335,1.6644579,-0.6967743,-2.4033833,-0.30744833,2.0762239,1.9449657,1.2301897,-0.41862813,1.8904066,-1.0947517,1.0600705,1.642409,1.0861635,2.0454311,-1.1220251,-2.1323159,1.6901844,-0.99225694,-1.8174651,1.3432128,3.5017655,-1.6318048,-2.8978336,3.2365296,0.6868285,-0.54740417,-2.9987955
2.5091305,-2.7546923,-1.7719265,1.0137432,0.8666787,1.6737659,-0.6391209,-2.3797116,-0.32212692,2.1244118,1.8944031,1.2543521,-0.40279445,1.8950173,-1.0705718,1.0871694,1.5659583,1.0988147,2.055198,-1.0746479,-2.1475062,1.653611,-0.9080267,-1.7257128,1.3319746,3.4325614,-1.5903205,-2.8172622,3.2043252,0.63318694,-0.48733348,-2.9211864
2.5085397,-2.717651,-1.7314434,0.9951291,0.8815185,1.6846806,-0.62975323,-2.3783314,-0.31525776,2.1244667,1.8703277,1.2593813,-0.3982729,1.9017847,-1.07078,1.1111367,1.5377184,1.1000255,2.0610871,-1.0612476,-2.1561928,1.6346614,-0.8876873,-1.6994655,1.3248446,3.4185977,-1.571834,-2.7937133,3.2158737,0.61189395,-0.43881482,-2.902127
2.511735,-2.739893,-1.7621428,1.0409114,0.8606504,1.6840751,-0.646053,-2.3761878,-0.30648223,2.0921774,1.8793083,1.2555182,-0.40660316,1.8966286,-1.0780212,1.1062895,1.5704437,1.0984638,2.057747,-1.0807735,-2.1550114,1.6348778,-0.91130906,-1.7279282,1.3205827,3.4345868,-1.5835226,-2.8201034,3.2192612,0.63195306,-0.45230174,-2.9202385
2.5215437,-2.9186778,-1.9719502,1.0096662,0.8547472,1.6499231,-0.7658966,-2.5512872,-0.3097331,2.1582768,1.9897512,1.2113326,-0.47613603,2.0592709,-1.0028005,1.0197852,1.6102924,1.022871,1.990097,-1.124213,-2.1371274,1.6868337,-1.104105,-1.8172321,1.3185638,3.4845028,-1.617841,-2.8855605,3.2472515,0.6529689,-0.67358536,-2.9410708
2.525412,-2.8855884,-1.9342945,0.9958633,0.8682243,1.6575044,-0.74855554,-2.5384343,-0.30193436,2.1531806,1.9623871,1.216624,-0.46969667,2.059415,-1.002952,1.0428103,1.5903957,1.0325739,1.9956543,-1.1102881,-2.1414845,1.6634552,-1.0787742,-1.7867978,1.305432,3.4622293,-1.6007175,-2.8683631,3.2465577,0.63219965,-0.6311636,-2.9168906
2.5234542,-2.8731265,-1.9165075,0.9774395,0.87561715,1.6537958,-0.7331602,-2.5220256,-0.30769435,2.161422,1.9538898,1.2181952,-0.46371204,2.0511003,-1.0007513,1.0432761,1.578384,1.0350314,1.9944645,-1.0961819,-2.1382833,1.6601849,-1.059705,-1.771294,1.3068975,3.444915,-1.5940431,-2.8558013,3.2311592,0.6253578,-0.6283542,-2.9025774
2.5192347,-2.8638577,-1.9177402,0.97231376,0.87389976,1.6557897,-0.7401349,-2.5225263,-0.30429572,2.153881,1.9491514,1.2229638,-0.46378613,2.0557466,-0.99923265,1.0418717,1.5757171,1.0373304,1.9950377,-1.1018627,-2.1306481,1.6467823,-1.0666399,-1.7688904,1.2984229,3.440616,-1.5945247,-2.8459556,3.2314858,0.62667453,-0.62115985,-2.895496
2.5231767,-2.8621163,-1.9074119,0.960975,0.88463193,1.6585814,-0.7316934,-2.5277143,-0.3078902,2.1611655,1.9438776,1.2222303,-0.4651804,2.0645518,-0.9957331,1.0488681,1.5655619,1.0393665,1.9946429,-1.0895525,-2.1387296,1.6430849,-1.0566037,-1.7576689,1.2926245,3.4338481,-1.5836792,-2.8370588,3.228717,0.6179078,-0.6170786,-2.8862565
2.5160081,-2.872607,-1.928642,0.9658147,0.8671442,1.6494396,-0.7544297,-2.5312703,-0.30532378,2.1479836,1.9533532,1.2161709,-0.46916217,2.0681748,-0.99563295,1.0301542,1.5787823,1.033521,1.9851059,-1.0967467,-2.11721,1.6440666,-1.0864525,-1.7779529,1.2896603,3.4347985,-1.5946327,-2.8490858,3.2277184,0.6341574,-0.6441709,-2.8938365
2.4965065,-2.85978,-1.902662,0.9499265,0.86929476,1.6429923,-0.7321884,-2.5225034,-0.31396,2.1619198,1.9424816,1.2193639,-0.46006265,2.0577044,-1.0001023,1.0346153,1.5583656,1.037748,1.9979618,-1.0837377,-2.1134076,1.6441056,-1.0611279,-1.7631891,1.2991025,3.4194121,-1.5926352,-2.8163579,3.2176945,0.62772423,-0.6285418,-2.886009
2.4828572,-2.85861,-1.908704,0.9268282,0.8554074,1.6291965,-0.7506704,-2.5239947,-0.31461424,2.1558595,1.940883,1.2139226,-0.46052438,2.0679996,-0.99420387,1.0148088,1.5553585,1.0287466,1.9866205,-1.0715843,-2.0803885,1.6392606,-1.0857725,-1.7723246,1.2941272,3.3950639,-1.5946461,-2.8154244,3.2072778,0.6320136,-0.65652514,-2.873651
2.4896166,-2.916679,-1.9787323,1.005073,0.81828815,1.6227341,-0.7925231,-2.5419812,-0.3047802,2.131473,1.9895836,1.1949956,-0.47508797,2.0575645,-1.0093383,0.99179107,1.6121533,1.0174801,1.9771045,-1.1145469,-2.0799327,1.6779743,-1.1437396,-1.8375235,1.3091631,3.4592583,-1.6294591,-2.8858657,3.2360568,0.67366916,-0.7042082,-2.9424613
2.4698205,-2.9127471,-1.9568698,0.9640381,0.8220774,1.6112188,-0.7800206,-2.552764,-0.320273,2.1561282,1.9799311,1.195459,-0.46997628,2.066771,-1.0057515,0.9872383,1.5869033,1.0130714,1.9833807,-1.0870827,-2.0699096,1.6845684,-1.1284195,-1.8283336,1.3199959,3.4304404,-1.6231699,-2.8543906,3.2235572,0.6634537,-0.71391237,-2.926454
2.4813771,-2.916682,-1.9751289,1.0035352,0.80914783,1.6137129,-0.7963866,-2.5404737,-0.30732504,2.1314855,1.9913671,1.1906258,-0.47276917,2.0499678,-1.0138401,0.9847237,1.6117624,1.0147624,1.9783815,-1.1121728,-2.0710156,1.6873083,-1.1445538,-1.8453531,1.3159105,3.4571342,-1.6341743,-2.888657,3.2355053,0.6809308,-0.71237504,-2.9512699
2.47408,-2.8945575,-1.9392828,0.97273016,0.824872,1.6122637,-0.7684892,-2.5274854,-0.31329036,2.1470096,1.9719613,1.1946979,-0.46481675,2.0479393,-1.0099424,0.99590003,1.585415,1.0185055,1.9833844,-1.0873916,-2.0711005,1.6768612,-1.1126515,-1.8150852,1.3168026,3.4279473,-1.6205889,-2.857523,3.2207737,0.66013795,-0.6926894,-2.9239655
2.4898818,-2.880301,-1.937752,0.98343104,0.83234453,1.6257889,-0.7680349,-2.5177083,-0.30440816,2.1328409,1.9631811,1.2033093,-0.46429962,2.044501,-1.0095513,1.0078825,1.5907682,1.0271031,1.9845165,-1.1019121,-2.082703,1.6609316,-1.1057994,-1.8058655,1.3060125,3.433084,-1.6177704,-2.862614,3.2250943,0.65801316,-0.6681117,-2.9185097
2.4912553,-2.905659,-1.9515507,0.9841488,0.8406717,1.6308439,-0.76149505,-2.5481791,-0.31202194,2.1585524,1.9744241,1.206851,-0.46706492,2.0626686,-1.006887,1.0138574,1.5911039,1.0248677,1.9938552,-1.1030473,-2.1025891,1.6761205,-1.1057152,-1.8115537,1.3198608,3.4481838,-1.6179329,-2.8586068,3.2345538,0.64918476,-0.67526543,-2.9244437
2.6616738,-2.8492134,-1.9820656,1.0244992,0.9561242,1.7718384,-0.76999354,-2.5384243,-0.28402364,2.1146207,1.96586,1.2767309,-0.5043587,2.0767908,-0.9587396,1.0832806,1.6213526,1.047745,1.9644455,-1.1783584,-2.2611654,1.603647,-1.0571954,-1.746883,1.2444913,3.5245163,-1.557546,-2.9026282,3.2644506,0.61798334,-0.5589098,-2.8813026
2.6611009,-2.8579307,-1.9877638,1.0192794,0.9583436,1.7727264,-0.77133375,-2.551472,-0.2896734,2.1261132,1.9742515,1.2784456,-0.50518703,2.0817552,-0.95706666,1.0802763,1.6187403,1.0454106,1.9675547,-1.1778241,-2.265471,1.6122509,-1.05908,-1.7521067,1.2505081,3.531838,-1.5590088,-2.9001176,3.2693024,0.61773735,-0.56692463,-2.8859992
2.6559184,-2.8087533,-1.9346355,0.9923727,0.96770704,1.7699302,-0.74976957,-2.5165207,-0.2855786,2.121673,1.93767,1.2840071,-0.49220237,2.0629234,-0.9580572,1.0939702,1.5933031,1.0527612,1.9707714,-1.1559134,-2.255015,1.5919499,-1.022695,-1.7172878,1.2443311,3.4922976,-1.5449135,-2.8809652,3.2560825,0.5996678,-0.5266174,-2.8578873
2.6601942,-2.8923383,-2.0238242,1.0528567,0.9384619,1.7659937,-0.789786,-2.5629604,-0.2868492,2.1255143,2.0054328,1.2692825,-0.5079972,2.0779324,-0.9658424,1.0649909,1.6469071,1.0373456,1.9649239,-1.1959102,-2.2635188,1.6386979,-1.0884649,-1.785052,1.2649976,3.5655327,-1.576783,-2.9327533,3.2804623,0.6347002,-0.5970213,-2.9201376
2.665462,-2.9027777,-2.0429626,1.0763448,0.9290782,1.7676541,-0.80011785,-2.5589776,-0.2846599,2.1171556,2.0230503,1.2676938,-0.5091468,2.0673509,-0.97016656,1.0563048,1.665011,1.0357394,1.9614512,-1.20945,-2.2641158,1.6476536,-1.1002966,-1.8017458,1.2686518,3.5859878,-1.5836445,-2.950264,3.2809143,0.6476728,-0.6077183,-2.9372125
2.6681998,-2.8864193,-2.0226903,1.0808703,0.92906034,1.7665415,-0.7989987,-2.5435386,-0.27860895,2.0952713,2.006524,1.2580928,-0.5127846,2.062696,-0.9734233,1.0632021,1.6617893,1.0392936,1.9527743,-1.1973433,-2.2597547,1.6346184,-1.0945002,-1.7919592,1.2520906,3.5715175,-1.5752852,-2.957553,3.2784715,0.64861995,-0.5955742,-2.9341052
2.6666427,-2.924525,-2.0692792,1.1262605,0.9037081,1.7620342,-0.8198965,-2.5481791,-0.27835596,2.0860252,2.044086,1.2511696,-0.5169307,2.049107,-0.9836733,1.0419309,1.6992466,1.0305746,1.9519508,-1.2256002,-2.259169,1.6631787,-1.1241467,-1.8339837,1.2689962,3.6120038,-1.5986475,-2.9891305,3.2840514,0.6776999,-0.6306347,-2.9753127
2.6653957,-2.9080038,-2.0417755,1.0779084,0.9306134,1.7673525,-0.7916702,-2.5574489,-0.2836692,2.1172652,2.014854,1.2674057,-0.509427,2.0719304,-0.9692787,1.0626892,1.6659749,1.0381422,1.9634972,-1.2064573,-2.2666533,1.6441059,-1.0957868,-1.7966086,1.2670958,3.5791016,-1.5825455,-2.9472718,3.2762203,0.6439444,-0.60623723,-2.9301689
2.6707463,-2.8794677,-2.029262,1.0941681,0.91975385,1.7652096,-0.80203724,-2.5213275,-0.27043647,2.082332,2.004484,1.261671,-0.50744313,2.045343,-0.97700584,1.0594574,1.6759773,1.0404761,1.9492232,-1.2077157,-2.2485547,1.6314605,-1.098808,-1.7955112,1.2558936,3.5697358,-1.5834495,-2.9713798,3.27155,0.6517816,-0.59260064,-2.9334397
2.6657953,-2.9042964,-2.041461,1.0847079,0.92506343,1.7652867,-0.79691255,-2.5523064,-0.27673638,2.1071372,2.0099657,1.2646611,-0.5095453,2.0697222,-0.9702562,1.0631866,1.6720612,1.0367643,1.959534,-1.2083379,-2.260056,1.6399361,-1.1025989,-1.7989254,1.2645749,3.5756557,-1.584449,-2.9570704,3.2778442,0.6447989,-0.6040059,-2.9293282
2.663623,-2.8811533,-2.029425,1.0955356,0.9139926,1.761314,-0.8001766,-2.5210116,-0.27350253,2.085455,2.0072937,1.2629244,-0.503544,2.0404532,-0.98026294,1.056341,1.6778767,1.0419362,1.9558668,-1.2110814,-2.2460704,1.6350225,-1.096427,-1.8007196,1.261187,3.5727572,-1.5870125,-2.964307,3.2677283,0.65783095,-0.595075,-2.937154
2.6706343,-2.8503525,-1.9902233,1.0439069,0.9479438,1.7712603,-0.77237093,-2.5231295,-0.27393857,2.1060946,1.9675968,1.2776303,-0.49827784,2.0645003,-0.9641069,1.083493,1.6386492,1.0508043,1.9598274,-1.1858631,-2.2555645,1.6053241,-1.0634341,-1.7518551,1.248729,3.5298622,-1.5626682,-2.928313,3.2624097,0.61764485,-0.55769694,-2.8848014
2.675914,-2.908173,-2.0521433,1.0780159,0.9311229,1.7688396,-0.80576545,-2.5661836,-0.27480423,2.1101155,2.0124323,1.2667143,-0.5123622,2.0849402,-0.96465445,1.0640681,1.6708758,1.0377754,1.954345,-1.2112609,-2.2614503,1.637167,-1.1133182,-1.800649,1.2611458,3.5771587,-1.5825046,-2.967396,3.2857566,0.63839585,-0.60917044,-2.9258075
2.6774154,-2.891316,-2.0213685,1.0401007,0.95975035,1.7823584,-0.7791077,-2.5782113,-0.28432268,2.1394708,1.9938959,1.2808805,-0.50856566,2.101174,-0.9548295,1.0855262,1.6377847,1.043278,1.9677101,-1.1915452,-2.2815757,1.6261791,-1.0804969,-1.7681944,1.259119,3.5604045,-1.5625794,-2.925939,3.2851493,0.6104983,-0.5791012,-2.8965123
2.6906288,-2.9681287,-2.0729072,1.024109,0.95317364,1.7809578,-0.81889516,-2.6578903,-0.3049615,2.1647556,2.034306,1.2742095,-0.5282341,2.14535,-0.9467413,1.0560033,1.6549591,1.0173544,1.9428875,-1.1690022,-2.2765718,1.6741794,-1.1398424,-1.8225038,1.2826742,3.5858982,-1.5863228,-2.9791818,3.3284526,0.6239971,-0.68101037,-2.9280148
2.7149549,-3.011164,-2.1503785,1.0898527,0.93006074,1.7838453,-0.8590399,-2.6546519,-0.2879862,2.128024,2.0753548,1.2663635,-0.54179287,2.1399,-0.9467632,1.0326989,1.7119366,1.0103827,1.9179602,-1.2155699,-2.2756333,1.6848087,-1.1934702,-1.8678001,1.2833973,3.6293266,-1.6067142,-3.0425632,3.3309395,0.6559721,-0.7249266,-2.959679
2.7026577,-2.964579,-2.0934622,1.0489295,0.9434639,1.7791685,-0.83335,-2.634109,-0.29073626,2.1378655,2.037643,1.2715235,-0.5305295,2.1308365,-0.94572127,1.0483439,1.6750479,1.0169289,1.931138,-1.1927892,-2.271237,1.6685269,-1.1513478,-1.8297033,1.277818,3.5888295,-1.5906471,-3.0053437,3.319844,0.63516146,-0.68361676,-2.9312787
2.6891456,-3.0233498,-2.1472545,1.0911591,0.9173032,1.7673794,-0.8584574,-2.6613922,-0.29760754,2.137372,2.0848374,1.2565788,-0.54096717,2.1333058,-0.95443267,1.0200185,1.7104588,1.0025563,1.9274842,-1.2103183,-2.2682576,1.7035153,-1.1943958,-1.880105,1.2961258,3.6337223,-1.6188539,-3.0330462,3.3321137,0.6677127,-0.7386679,-2.9808083
2.6826282,-3.017005,-2.131599,1.0655701,0.92150605,1.7637882,-0.8489485,-2.6623454,-0.30575362,2.1476953,2.0738719,1.2599404,-0.5356704,2.137608,-0.95316374,1.0209091,1.6962445,1.0050448,1.9299704,-1.1945179,-2.2613616,1.7012247,-1.1835625,-1.8708693,1.2986935,3.6161416,-1.6156803,-3.0162609,3.3258376,0.6622678,-0.7422096,-2.966729
2.6898685,-2.987246,-2.1025112,1.0424654,0.9392107,1.7719984,-0.82727355,-2.6474981,-0.3028633,2.1540515,2.047423,1.2706246,-0.52814174,2.1378582,-0.94969714,1.0412005,1.6759167,1.016607,1.9361626,-1.1868086,-2.269149,1.6796566,-1.1539415,-1.8380344,1.2891495,3.5936172,-1.598489,-2.993575,3.3157203,0.64130867,-0.7057972,-2.9368553
2.6814742,-3.025322,-2.1213975,1.0423257,0.9392201,1.7733221,-0.82667065,-2.6866746,-0.31867504,2.1792986,2.067368,1.2715079,-0.53046465,2.1577954,-0.9526097,1.0369251,1.6795536,1.0132897,1.9431,-1.1786555,-2.277017,1.7014754,-1.1663778,-1.8578085,1.3069125,3.6134918,-1.6094637,-2.9909713,3.3296235,0.642957,-0.7325788,-2.9539561
2.6800132,-3.0206463,-2.1195045,1.0457388,0.93649375,1.7714907,-0.83154094,-2.6830451,-0.31813782,2.1714466,2.0666385,1.2689006,-0.5329977,2.1507068,-0.9516653,1.0332696,1.6798532,1.0093586,1.9432865,-1.1816021,-2.2763603,1.7045825,-1.1651638,-1.8611838,1.3079038,3.6115882,-1.6122398,-2.9942658,3.3312535,0.648021,-0.7317091,-2.9594712
2.6687217,-2.962661,-2.0585093,1.0081991,0.9473132,1.7653214,-0.8057724,-2.6491084,-0.31087255,2.1662574,2.015378,1.2708124,-0.52262163,2.141786,-0.9499127,1.0541552,1.6447124,1.019156,1.9533474,-1.1620973,-2.2655969,1.6719062,-1.1251416,-1.814951,1.2893255,3.559002,-1.5917736,-2.9577084,3.3140175,0.6247214,-0.6780056,-2.9193432
2.661614,-2.9316962,-2.0124817,0.9694146,0.95771694,1.7624973,-0.78775567,-2.6444361,-0.31489414,2.185377,1.9898205,1.277125,-0.5112358,2.1401412,-0.9474724,1.0670807,1.6146848,1.0203769,1.9635792,-1.1363512,-2.2621636,1.6678393,-1.0951757,-1.7911823,1.2930641,3.5297399,-1.5777795,-2.9351666,3.3122163,0.6042865,-0.6548742,-2.896866
2.6713946,-2.947026,-2.0237088,0.95901585,0.9711118,1.7760121,-0.7783036,-2.6605008,-0.32536823,2.1962993,1.9920142,1.2861769,-0.5128423,2.1599236,-0.9451067,1.0742311,1.6118457,1.0298219,1.962133,-1.128723,-2.271994,1.6596849,-1.0954701,-1.786206,1.2883241,3.5338864,-1.573311,-2.9228435,3.3101172,0.59761137,-0.6617178,-2.8846135
2.6571832,-2.9577503,-2.0387423,0.984193,0.9481746,1.7588942,-0.7961367,-2.6577008,-0.31616858,2.1815674,2.0023186,1.2719463,-0.51551354,2.1520305,-0.95125854,1.0591466,1.6302055,1.021333,1.9608043,-1.1421047,-2.256145,1.6711204,-1.1189225,-1.8085136,1.2933086,3.541822,-1.5881516,-2.9438133,3.3140845,0.61327183,-0.6764699,-2.907554
2.665576,-2.93568,-2.013332,0.9775182,0.9560231,1.762399,-0.7899009,-2.6398146,-0.31467313,2.177322,1.9955609,1.2693522,-0.5147166,2.1384375,-0.9502387,1.0648651,1.6188505,1.0210097,1.955766,-1.1315317,-2.2612214,1.66799,-1.0993066,-1.7926518,1.2854407,3.5355506,-1.5756887,-2.942267,3.3104014,0.611208,-0.6634615,-2.9019434
2.6762366,-2.9624934,-2.0386875,0.9771401,0.9699484,1.7800701,-0.78592503,-2.672763,-0.3244034,2.2012763,2.0111365,1.2833107,-0.51734316,2.159791,-0.9462153,1.072106,1.6216421,1.0241853,1.9618746,-1.1379097,-2.2834594,1.6752241,-1.104419,-1.799299,1.2957814,3.5577552,-1.5775945,-2.936926,3.322514,0.6017786,-0.6692559,-2.9041998
1.6809533,-2.5755525,-2.734841,2.311699,-0.23507765,1.0660875,-1.1612604,-1.4672983,0.32667917,0.6885084,1.8157902,0.3763916,-0.494191,2.206731,-0.844598,0.71377337,2.6370437,0.44522047,1.3275311,-1.8415003,-1.3756546,1.275651,-2.138225,-2.9654071,0.9948184,2.746952,-1.2273505,-2.4295805,2.089923,0.98040104,-1.8099442,-2.0400252
1.4239962,-2.5350945,-2.184996,1.9108814,-0.17923284,0.9514635,-0.8726429,-1.0935696,-0.06598251,0.7146226,1.5069455,0.52274233,-0.27472505,1.6002401,-0.8647901,0.5651185,2.18215,0.610731,1.5483286,-1.313661,-1.2916596,1.3855336,-1.5581224,-2.66092,1.2192485,2.297937,-1.2842709,-2.106445,2.0208764,1.0022328,-1.5547205,-2.052672
0.8759114,-3.0013463,-1.6368614,0.9675142,-0.27242476,0.77114695,-0.44442004,-1.1364247,-0.9969994,1.2115593,1.3045268,0.8992716,0.39549655,0.81343955,-1.5464926,0.05549997,1.5067161,1.1011169,2.3783906,-0.3371304,-1.0362425,2.1531558,-0.8677098,-2.6701267,1.9569817,2.2551417,-1.8863184,-2.0047622,2.4233313,1.0864127,-1.5160302,-2.849732
1.0715612,-2.480062,-1.4227564,0.93375987,-0.06897409,0.82736605,-0.30671087,-0.9877736,-0.78427154,1.135061,1.2155905,0.8629732,0.31689113,0.920056,-1.3722616,0.27275905,1.3335216,0.99069846,2.1808658,-0.34177884,-1.1633584,1.8231825,-0.8120076,-2.4055183,1.682889,2.1526883,-1.4688507,-1.7477535,2.2716315,0.76579446,-1.2653923,-2.3594842
1.4186337,-2.3224688,-2.484881,2.1074119,-0.44428235,0.77029645,-1.2716529,-1.1006871,0.2932329,0.29406446,1.5206943,0.17862394,-0.42801362,1.8474731,-0.7266797,0.5418235,2.493849,0.19982228,1.1240984,-1.7145405,-0.9420754,1.1361811,-2.1842859,-2.7576642,0.9876534,2.1755886,-1.0075922,-2.1271236,1.5345011,0.9529545,-1.5799644,-1.5764221
1.2311503,-1.794885,-2.4736059,2.1773868,-0.47407904,0.58347553,-1.6085409,-0.83809316,0.6296664,-0.37069565,1.4960017,-0.15974538,-0.69930017,1.9510027,-0.36365038,0.41446835,2.622049,-0.251728,0.5109798,-1.855315,-0.49105844,0.5264954,-2.5782983,-2.3499122,0.5150324,1.5709462,-0.550364,-1.9563694,0.75725794,0.79775476,-1.1509793,-0.75627655
1.4842308,-2.1276977,-2.2186732,1.7366266,-0.040938698,0.8619251,-1.1127943,-0.9797122,0.29234713,0.58072937,1.394139,0.5483926,-0.45949158,1.9006271,-0.58831024,0.5952925,1.999342,0.24378088,1.1138674,-1.4930223,-1.0692842,0.9519246,-1.8718716,-2.3108687,1.0170786,1.9183992,-0.7914287,-1.7146025,1.4618565,0.5957476,-1.1760833,-1.3967676
1.8433149,-1.787199,-2.4460018,2.3084648,0.04261124,1.0774019,-1.2000747,-1.1641548,0.7612769,0.4400754,1.4889461,0.13436644,-0.8322325,2.356515,-0.4867751,0.93429744,2.5012136,0.098233454,0.7005729,-1.8275429,-1.2428526,0.72802126,-2.1617088,-2.4855123,0.5187265,2.1410189,-0.5040014,-1.9410572,1.5544746,0.47995764,-1.4717836,-1.1925427
2.2626526,-2.1469455,-3.0103822,2.5543349,0.2651062,1.527442,-1.6822563,-2.0686471,1.0093776,0.34394297,1.9323145,0.066674195,-1.2615913,3.2544065,-0.3622395,1.036221,2.9489906,0.1710764,0.7484478,-2.0137253,-1.5641886,0.34406042,-2.562697,-2.572306,-0.018936122,2.6190267,-0.28329286,-2.690408,2.001279,0.4328084,-1.3640999,-1.4149212
2.3297496,-2.1479907,-2.817812,2.2887516,0.80026627,1.6303056,-1.0455691,-1.9388329,0.6093405,0.863073,1.99842,0.5152794,-1.0674937,3.2538426,-0.4902359,1.2074091,2.4176848,0.5514098,0.8758057,-1.5970951,-1.957872,0.2549166,-2.077051,-2.053654,0.09872349,2.796388,-0.2585916,-2.3320305,1.9528679,0.2313441,-0.83011216,-1.5797452
2.4175005,-2.0771997,-2.9952366,3.0207944,0.38999778,1.6254766,-1.5875676,-1.9183543,1.2820972,0.26866084,1.8829005,0.037755217,-1.348155,3.5009766,-0.18849356,1.3625537,2.8604982,0.25346655,0.72631675,-2.2433193,-1.8698733,0.16773832,-2.2910807,-2.4138007,-0.20039101,2.610754,0.16231601,-2.8259952,1.9914232,0.20785213,-0.7502464,-1.3825094
1.7165108,-2.175903,-2.4812286,2.1859272,0.04529333,1.1037614,-1.1174136,-1.2312844,0.46522173,0.6205512,1.5041745,0.37298512,-0.58737427,2.2127194,-0.7333576,0.80887526,2.5149007,0.2893191,0.99125946,-1.763882,-1.299236,0.92542946,-2.0415692,-2.5262918,0.72413844,2.3411689,-0.82899964,-2.1083572,1.7473536,0.6572541,-1.4524314,-1.5947987
2.152263,-1.7667061,-2.6332831,2.5692496,0.24241333,1.2016551,-1.1486597,-1.314944,0.8865943,0.46499854,1.6592028,0.17480533,-0.9429534,2.6396437,-0.36368144,1.2011063,2.6482635,0.17835371,0.6908999,-2.1457188,-1.6078202,0.5413425,-2.2197728,-2.4602678,0.39816087,2.4251544,-0.4003052,-2.1347244,1.6858908,0.44821483,-1.3373129,-1.1550245
2.161279,-1.8467486,-2.7532604,2.6254978,0.32165825,1.2404966,-1.2763374,-1.3227204,0.93521756,0.2844212,1.6859871,0.19864832,-0.95857966,2.7063324,-0.20927715,1.1678402,2.7258565,0.20003721,0.6549567,-2.3262262,-1.5959227,0.42944425,-2.2786562,-2.3651192,0.42336988,2.3527477,-0.37665558,-2.1717772,1.5416098,0.39139742,-1.0625199,-1.1123396
2.4211574,-2.411447,-3.041198,2.4763713,0.58785844,1.5655196,-1.5039334,-2.0865998,0.886292,0.85913193,2.0194495,0.42396706,-1.0389813,3.2565942,-0.43535537,1.2245266,2.7701623,0.29648727,0.8830007,-2.132356,-1.7057655,0.37767488,-2.4601793,-2.223615,0.25769487,2.9251506,-0.2646433,-2.7735646,2.233544,0.27192116,-1.0175446,-1.5845308
2.1975336,-2.4304025,-2.9470944,2.281534,0.49443778,1.4311711,-1.4880435,-2.0962732,0.72749543,0.9661058,1.9101932,0.45383674,-0.92580223,3.1723256,-0.628703,1.0478525,2.780592,0.28558296,0.9104679,-1.9951321,-1.4758762,0.55684733,-2.4306455,-2.259851,0.44651228,2.7974439,-0.46342295,-2.6292982,2.137391,0.3090176,-1.2066339,-1.6479814
2.2417278,-1.6469269,-2.8000426,2.554609,0.5360293,1.1879127,-1.534935,-1.5290926,1.1695651,0.5627941,1.6496528,0.14811453,-1.1106187,3.215641,-0.21833149,1.2622766,2.832704,-0.048819534,0.3113989,-2.2950666,-1.3392382,-0.11806742,-2.6023812,-1.9840778,0.053077854,2.2418365,0.10543849,-2.1597776,1.4373553,0.0994946,-0.98207027,-0.72331285
2.7018368,-1.6621792,-2.8556437,2.831359,0.79895437,1.5253707,-1.4703557,-1.7965418,1.3492959,0.56060886,1.7714279,0.07491113,-1.3166115,3.4902325,-0.041928116,1.642836,2.9496448,0.04976933,0.35583654,-2.4339294,-1.8032758,-0.121543586,-2.451928,-1.9850824,-0.14314647,2.4975994,0.2564661,-2.543854,1.8108364,0.006429347,-0.89667165,-0.8670389
2.6007342,-2.3969123,-2.797917,2.2781875,0.81678426,1.6487303,-1.2998996,-2.393389,0.681939,1.0943636,1.9592218,0.50244105,-1.0811961,3.3374069,-0.5604423,1.3256676,2.7025666,0.39640614,0.92046565,-1.938199,-1.8876911,0.6815208,-2.1199856,-2.1356869,0.45716673,2.9412658,-0.49524292,-2.802316,2.4319038,0.16215192,-1.0921093,-1.7449509
2.5084033,-2.587246,-2.7906268,2.1081994,0.79011947,1.584172,-1.3022478,-2.4742684,0.49745154,1.2183006,2.0490727,0.67297494,-0.96850336,3.2454686,-0.67631555,1.1918325,2.6364698,0.49050474,1.108185,-1.8520273,-1.8490448,0.80948895,-2.0949504,-2.1343033,0.6235951,3.0429165,-0.6714161,-2.8102415,2.5252137,0.19048624,-1.0329762,-1.9064792
2.6521547,-2.3772175,-2.7278838,2.1936889,0.8772033,1.631394,-1.2558519,-2.373756,0.6476983,1.1841111,2.0403988,0.6189199,-1.041774,3.3126793,-0.5304185,1.3379934,2.6291943,0.47383887,1.0256929,-1.9386057,-1.8992927,0.6155674,-2.067366,-2.0504632,0.44251838,2.9610817,-0.4962882,-2.7444656,2.4565132,0.11179386,-0.95981824,-1.7018048
3.0058877,-1.4738101,-2.7430062,2.8269532,1.1439471,1.6310413,-1.3378587,-1.9932152,1.3193126,0.5511743,1.8740727,0.16912305,-1.5285791,3.5583375,0.16070946,1.7648203,2.8577561,0.17457433,0.3248036,-2.550178,-1.960433,-0.2207268,-2.1761048,-1.7998194,-0.259225,2.528833,0.30130738,-2.5936866,1.9336914,-0.12083708,-0.6325151,-0.7896394
2.8171458,-1.5558652,-2.8706899,2.8398893,1.0246283,1.6384933,-1.3250004,-2.1463406,1.1657844,0.53385055,1.8362583,0.07660828,-1.5706314,3.6179783,-0.013590713,1.6301855,2.89078,0.14265558,0.32058915,-2.4939291,-1.9740883,0.032239396,-2.1641185,-2.0346208,-0.22626396,2.5526564,0.10902715,-2.692664,2.050159,0.017955074,-0.87873745,-1.0965059
2.188427,-2.3073242,-3.0807478,2.438109,0.41782838,1.3943044,-1.5629027,-2.1229513,0.84996414,0.8765527,1.9058847,0.3033088,-1.0341101,3.2902863,-0.62486815,1.0697528,2.9642715,0.18517803,0.81384975,-2.1043668,-1.509694,0.5447399,-2.5225089,-2.4427075,0.30149323,2.7619915,-0.44812712,-2.648091,2.068906,0.4138332,-1.4623688,-1.6308712
2.1461034,-2.2670195,-2.9179497,2.3259978,0.4871621,1.4397812,-1.4689913,-2.1372616,0.7316257,0.8956255,1.8225142,0.31795686,-0.9906169,3.2261634,-0.68369687,1.0210745,2.90731,0.1895211,0.8065416,-2.0269012,-1.4845046,0.6759739,-2.3783903,-2.3634536,0.36699152,2.6736102,-0.5444144,-2.609306,2.1098835,0.31787342,-1.414333,-1.6904533
2.323195,-2.154564,-2.8797288,2.4877324,0.6280043,1.4930592,-1.4863414,-2.0436301,0.8865434,0.737748,1.8679119,0.2680858,-1.0341136,3.2840238,-0.4496731,1.1896698,2.9310248,0.15252462,0.7187544,-2.17561,-1.609765,0.44345403,-2.4172032,-2.171691,0.27272424,2.6882603,-0.30980438,-2.6490338,2.0564313,0.15307577,-1.0536166,-1.4561085
2.4081266,-2.1644464,-2.9128916,2.4865203,0.65651745,1.4785881,-1.4806631,-1.9979908,0.9283803,0.7699764,1.893347,0.33435187,-1.0739623,3.2602253,-0.3693189,1.2537172,2.8366504,0.19589785,0.68568474,-2.1813283,-1.643316,0.295384,-2.4409413,-2.1077213,0.26376075,2.7303212,-0.2073396,-2.6321435,2.0313873,0.17629871,-0.97868556,-1.3529766
2.5090344,-2.0406804,-2.9227526,2.5290892,0.6579102,1.4906126,-1.4274063,-1.9031744,1.0543306,0.8214499,1.8620131,0.32987684,-1.1098224,3.3326416,-0.33587483,1.37113,2.813051,0.1865099,0.57432824,-2.2276428,-1.7477496,0.1339332,-2.4704862,-2.0511208,0.15216732,2.6791291,-0.03692742,-2.5004406,1.9174461,0.0955217,-0.9898942,-1.1366994
2.0290143,-2.7876086,-2.7334526,1.6948036,0.5229175,1.4648701,-1.2889843,-2.3805194,0.19732031,1.1985853,1.908145,0.8319529,-0.75462186,2.9161932,-0.9672475,0.74524313,2.5108657,0.477544,1.2076561,-1.49344,-1.4624714,1.1696255,-2.0664155,-2.2985315,0.9851618,2.8848658,-1.0428319,-2.5701833,2.3639262,0.43705854,-1.4151727,-2.1098392
2.8435986,-2.5944211,-2.3519409,2.1823573,0.9623321,1.9367396,-1.0729616,-2.524743,0.40375024,1.1374993,2.2846541,1.0023017,-0.9669921,2.860333,-0.6411238,1.3720558,1.9436783,0.8012537,1.3684288,-1.1254557,-2.2318103,0.9446211,-1.7335256,-2.2197382,0.6933662,3.5039058,-0.6817236,-3.084093,3.0763137,0.39812,-0.64749986,-2.4079177
2.8510551,-2.2795079,-2.0255034,2.0599325,1.1051818,1.959499,-0.8785545,-2.3175743,0.4043851,1.1138945,2.122293,1.025175,-0.91784555,2.7775967,-0.59152275,1.4617267,1.7426189,0.8441478,1.3399701,-0.950658,-2.229393,0.78481877,-1.4873195,-2.0009198,0.57943076,3.3043258,-0.5024506,-2.8551419,2.9602818,0.232901,-0.44203186,-2.1752937
2.0831304,-1.7400643,-1.9550197,1.2570999,1.0149881,1.8715395,-0.2983857,-1.9004517,-0.035481155,1.2855246,1.370403,1.003375,-0.8850814,2.8007932,-0.8201858,1.1341895,1.6060196,0.4879206,0.8248183,-0.955812,-1.8977623,0.8595867,-1.3136953,-1.6562393,0.620701,2.249701,-0.7417992,-1.8952078,2.2512488,-0.018102784,-0.8059007,-1.6185887
2.414286,-2.662288,-2.8773112,1.9333866,0.91824627,1.6747379,-1.0890946,-2.6747386,0.19692755,1.1678637,1.9973347,0.914873,-1.0239359,3.114425,-0.75457436,1.0254805,2.3713808,0.61964303,1.1179821,-1.7342052,-2.0358202,1.0452385,-1.8313452,-2.131969,0.7628377,3.1131344,-0.8840326,-2.8321652,2.6497276,0.31387597,-0.9440123,-2.2024722
2.201387,-3.1569874,-2.887272,1.6351717,0.6671177,1.5399312,-1.2281721,-2.7190068,-0.024300259,1.5331863,2.1234207,1.1038543,-0.6771753,2.9659572,-1.0762376,0.8140688,2.3859224,0.73065454,1.5572824,-1.5005661,-1.8092635,1.319659,-1.9552629,-2.3132095,1.0863049,3.3139687,-1.196164,-2.8949814,2.8080547,0.47342682,-1.212304,-2.5536714
2.1373038,-3.0710738,-3.1386266,1.9297044,0.3824129,1.5280776,-1.4108061,-2.4755123,0.3099514,1.4225359,2.1903114,0.84087753,-0.7093006,3.0876994,-0.9992064,0.8551043,2.6553078,0.58929265,1.4290093,-1.681865,-1.7086788,1.0730276,-2.3398786,-2.5463128,0.8553039,3.2634048,-0.9987503,-2.8139608,2.553512,0.59245104,-1.5305498,-2.3186276
2.484386,-2.96623,-3.161572,2.128651,0.63522446,1.6762358,-1.3598787,-2.479577,0.45990437,1.2010959,2.1775765,0.82596827,-0.9308631,3.15874,-0.718412,1.1142806,2.5501585,0.5831319,1.2405995,-1.871412,-2.0659566,0.8638522,-2.1977057,-2.3613122,0.6938466,3.3343544,-0.7208884,-2.952249,2.5852017,0.51854944,-1.1387503,-2.1609302
2.272728,-3.0631251,-2.6782403,1.3629539,0.84927213,1.6742795,-1.0033473,-2.607488,-0.18240058,1.5268606,1.981864,1.2343881,-0.5899053,2.7917266,-1.0314314,0.8545569,2.0844717,0.8161251,1.5789235,-1.2934251,-1.9667404,1.4132848,-1.6781012,-2.1431801,1.2527264,3.1615195,-1.2754008,-2.70504,2.7440097,0.41600218,-1.0664995,-2.5277438
2.4596243,-2.7026787,-2.549857,1.4348726,0.97396487,1.7463974,-0.92958343,-2.328667,0.016098315,1.3513305,1.8788115,1.1720505,-0.7259031,2.7870133,-0.7355819,1.0654374,2.049827,0.7564701,1.3368948,-1.3647995,-2.0405207,1.0775073,-1.6182228,-1.9438072,1.0774499,2.9278662,-0.99380845,-2.4685054,2.4710357,0.34637126,-0.98635083,-2.0452979
2.4229207,-2.8144329,-2.662466,1.584578,0.81696767,1.5979633,-1.185851,-2.361326,0.13693836,1.3084482,2.1020234,1.0384881,-0.73483384,2.8319733,-0.6941,0.99226964,2.2296925,0.6622364,1.3683199,-1.5284194,-1.9059145,1.0272278,-1.8819702,-2.0525882,1.0517831,3.0936818,-0.97473794,-2.6495185,2.5480433,0.38600487,-1.0341722,-2.0756218
2.4420228,-2.9106956,-2.6399827,1.4153615,0.97262543,1.7344252,-0.96022475,-2.5770202,-0.04859203,1.5438827,1.9786533,1.2686714,-0.7084156,2.8819451,-0.8954323,0.986625,2.0915012,0.8118312,1.4447817,-1.3369119,-2.0141292,1.1747025,-1.685921,-1.9978476,1.1108288,3.1278896,-1.0932384,-2.6459584,2.7096655,0.32619137,-1.0409063,-2.2693162
2.3922966,-2.5655918,-2.6724463,1.6685121,0.86075306,1.7504944,-0.9574496,-2.412579,0.19185433,1.3891313,1.8780066,1.0347303,-0.88007003,3.0364478,-0.81971514,1.0785033,2.2625608,0.61315906,1.1620286,-1.4683309,-1.9249122,0.9965868,-1.8480469,-2.108079,0.8061097,2.9342186,-0.8963348,-2.5130353,2.5144627,0.31727678,-1.2524554,-1.9904732
2.5827637,-2.3138938,-2.6155434,1.795982,1.0481747,1.8063253,-0.9913783,-2.322773,0.34958023,1.1914858,1.8952477,0.94480336,-1.0120922,3.156963,-0.54538155,1.2536265,2.2882104,0.6015563,1.0421536,-1.6639305,-2.007501,0.72227913,-1.7926483,-1.9575462,0.6652303,2.8298616,-0.6999892,-2.5021195,2.4380383,0.2068141,-0.9902884,-1.7740574
1.6160688,-2.3482876,-2.2366576,1.3854262,0.42412314,1.4074672,-1.0106825,-2.238404,-0.09109466,0.99099207,1.6498344,0.73902273,-0.5669546,2.6002629,-1.1252437,0.43680817,2.1485887,0.28467053,1.2226033,-1.1797132,-1.2909839,1.5092986,-1.8629599,-2.164101,0.9694028,2.4467368,-1.2592251,-2.085876,2.1789913,0.053126644,-1.1133726,-1.9828295
1.9448936,-2.0925407,-2.446403,1.7356727,0.78734934,1.3709387,-1.133446,-2.1585038,0.32365724,0.9880827,1.7219152,0.7474123,-0.86686337,3.042955,-0.80101836,0.7740796,2.2116437,0.30648598,1.0172443,-1.6010475,-1.4323379,0.8952428,-2.004125,-2.0102632,0.6375229,2.4275582,-0.7698118,-2.045833,2.082322,-0.14492577,-0.8329339,-1.6680332
1.9552978,-2.1641045,-2.4942636,1.8203945,0.6530498,1.4351972,-1.1504563,-2.2999756,0.32211077,1.1091406,1.8178438,0.6496361,-0.9414029,3.0983787,-0.8434377,0.8571785,2.368445,0.30679926,1.0501015,-1.5985196,-1.4923623,0.97945327,-2.017553,-2.15035,0.5739094,2.5736446,-0.8206875,-2.2077,2.19511,-0.011475669,-0.98086184,-1.7671312
1.9572504,-2.1989694,-2.2679582,1.4603953,0.7085017,1.6124609,-0.86440456,-2.3101306,0.09642097,1.3056471,1.7179083,0.87913895,-0.76721966,2.9600894,-0.97714454,0.871344,2.1271443,0.3624248,1.200697,-1.3125626,-1.648937,1.1909258,-1.7704273,-2.0445125,0.7989922,2.5284264,-0.9453308,-2.0209363,2.2573338,-0.15017298,-0.806106,-1.7872429
1.577215,-3.2602057,-2.5176036,1.1060994,0.26759404,1.3692605,-1.1827824,-2.7208848,-0.47976494,1.6960274,1.9353435,1.1451248,-0.28319645,2.6004522,-1.56433,0.2901281,2.2025776,0.665325,1.8789971,-1.0175682,-1.3141133,1.920091,-1.9099045,-2.4235241,1.3919604,3.0487638,-1.6696221,-2.5692847,2.7763908,0.37506098,-1.4282148,-2.813096
1.3422585,-3.2580733,-2.0918467,0.5006587,0.29223517,1.4207549,-0.8567274,-2.740953,-0.88952285,2.0573328,1.6801999,1.4111755,0.031979468,2.3104057,-1.8112829,0.18650441,1.8243911,0.73952615,2.1731162,-0.52240324,-1.2638104,2.2453895,-1.5187674,-2.2805858,1.6754497,2.8716266,-1.8556703,-2.2992692,2.8446715,0.26092964,-1.304127,-2.9406478
1.4016907,-3.079391,-1.9673898,0.33601633,0.32073417,1.4640592,-0.7460327,-2.4885209,-0.77301395,2.1287355,1.5391451,1.5782051,0.15600343,2.327456,-1.6845137,0.3066174,1.6656555,0.733176,2.2515855,-0.47225362,-1.2503237,2.1374185,-1.4500804,-2.208748,1.8160721,2.6130369,-1.6870582,-2.0350525,2.6371295,0.16338274,-1.139353,-2.6717768
1.6092584,-2.455398,-1.9334309,0.75634634,0.5851022,1.7162321,-0.5998187,-2.4085498,-0.4577468,1.7753079,1.5247099,1.2000837,-0.356435,2.6606832,-1.3414332,0.6662478,1.7322909,0.567109,1.6697598,-0.75097984,-1.5509751,1.5952818,-1.465002,-2.0459533,1.1278132,2.5290384,-1.3172098,-1.9154737,2.5750284,-0.099387445,-0.84901506,-2.172975
1.5842812,-2.5246656,-2.028451,0.87854874,0.60990417,1.5631926,-0.706144,-2.4668317,-0.45772114,1.6477534,1.5736951,1.1495197,-0.36448586,2.6612525,-1.3373309,0.5531718,1.78377,0.53997576,1.6411213,-0.8479985,-1.5163496,1.6376995,-1.489526,-2.0275111,1.1309636,2.5801485,-1.3511405,-2.0318773,2.5836978,-0.09361214,-0.84894884,-2.2771575
1.5361855,-2.815752,-2.2879806,0.96186763,0.38485065,1.4302132,-0.9852368,-2.4627926,-0.41360083,1.7477791,1.7556429,1.093985,-0.332991,2.6157677,-1.4661376,0.41990215,1.9499595,0.6173066,1.7680817,-0.8548867,-1.3233025,1.6492784,-1.8641653,-2.317876,1.1678879,2.7592475,-1.4731488,-2.1866183,2.565826,0.24922219,-1.3065153,-2.5079536
1.437629,-2.1107283,-2.1235716,1.2797225,0.4063356,1.3089892,-0.9803807,-2.0463443,-0.11343368,1.0507838,1.5838982,0.5897393,-0.5494608,2.5090919,-1.1566133,0.38186857,2.0860717,0.31302047,1.1489427,-1.0187249,-1.2725027,1.1232588,-1.9901873,-2.1592526,0.62489194,2.3161902,-1.1182015,-1.9320753,2.0071197,0.1965754,-1.1534121,-1.8488572
1.2512491,-1.4192047,-1.5024508,0.8575222,0.63081026,1.4882782,-0.34395215,-1.699309,-0.2151856,1.1290833,1.1712234,0.7420558,-0.45099434,2.4517374,-1.0113238,0.6199186,1.5326303,0.1877618,1.0790544,-0.69707924,-1.4555031,0.933877,-1.4720609,-1.7496223,0.55056965,1.8480148,-0.86926967,-1.3098277,1.7854316,-0.20347628,-0.55543053,-1.3579947
1.5801086,-1.8796263,-1.9782842,1.2405459,0.49349117,1.5807121,-0.6819944,-1.9812739,-0.02468594,1.126432,1.4832174,0.78110886,-0.6244793,2.6970093,-0.9801758,0.6810771,1.9022557,0.21978512,1.1185237,-1.0596168,-1.4584969,1.2136506,-1.7244225,-2.0712588,0.7902652,2.1762068,-1.0293639,-1.666888,2.0227885,-0.14455621,-0.87147313,-1.601173
1.4160309,-2.1769485,-2.3271565,1.518851,0.15342246,1.1997764,-1.1813958,-1.979368,0.14061007,0.98586667,1.6187636,0.6605336,-0.59467363,2.642296,-1.0100434,0.39391318,2.2462022,0.1256191,1.1382512,-1.2512696,-1.0758264,1.2570202,-2.1962035,-2.3418303,0.8759615,2.2618866,-1.1380867,-1.8456339,1.8657812,0.16012888,-1.2857383,-1.6977675
1.5817258,-3.836087,-2.3857741,1.312288,-0.36944366,1.5690817,-0.96271217,-2.6976156,-0.8052145,1.9596761,2.4926915,1.6876568,-0.0014454365,1.4125973,-1.9222103,0.16464788,2.716317,0.98907644,2.3391738,-1.1392334,-1.3467162,2.81321,-1.5999587,-2.731401,2.2706552,3.7875123,-2.6541238,-3.6050506,3.52258,1.3159926,-1.2956791,-3.9555316
1.5694962,-3.6711764,-2.2055447,1.2257534,-0.28887516,1.5877098,-0.8637894,-2.6430528,-0.814733,1.9793752,2.44002,1.7316996,0.012596464,1.3966802,-1.8997749,0.21236825,2.615437,1.0006145,2.3463383,-1.0608137,-1.3575835,2.7653646,-1.4936924,-2.5769901,2.2390325,3.708674,-2.5806708,-3.4690814,3.4946105,1.2028072,-1.1596769,-3.8356185
1.7821385,-3.6680539,-2.273716,1.2621765,-0.10905733,1.6884352,-0.8055313,-2.7601414,-0.7812834,2.2502327,2.5434837,1.6367311,0.0042816997,1.5988435,-1.8428749,0.4424766,2.4745197,1.0328481,2.4979503,-1.1419909,-1.6837791,2.8566923,-1.4688938,-2.5207114,2.247828,3.8884053,-2.5052724,-3.4146476,3.6659255,1.043554,-1.0245836,-3.9231334
1.8678461,-2.255445,-1.0882093,0.48431975,0.5055314,2.0027933,0.22443445,-2.0682034,-0.8243858,2.5227065,1.9058794,1.8268505,0.33411455,1.4389277,-1.7167833,1.0471768,1.4008005,1.2199919,2.703033,-0.4897956,-1.9003785,2.5032768,-0.5440135,-1.3739973,1.9803292,3.2238204,-1.651276,-2.2516966,3.363961,0.10324724,0.12045413,-2.8657281
1.8788077,-2.6677556,-1.4127977,0.7050739,0.34163278,1.8924605,-0.02080946,-2.2592568,-0.8306872,2.5186963,2.0828326,1.745408,0.28464913,1.4508549,-1.7816712,0.94517803,1.663765,1.2415531,2.7740102,-0.66755706,-1.8854002,2.6687787,-0.74389476,-1.7144234,2.130998,3.420198,-1.889877,-2.5751636,3.4767118,0.34963045,-0.18718788,-3.2282135
1.8479515,-3.430537,-2.0823913,1.1813171,0.019660836,1.7594068,-0.6293446,-2.6559467,-0.76007646,2.2916555,2.44464,1.6421764,0.026171833,1.614505,-1.7934482,0.60865563,2.2954617,1.0585606,2.5537724,-1.066186,-1.7935944,2.7924364,-1.3255539,-2.3179734,2.172749,3.802854,-2.3461094,-3.2149215,3.6377723,0.8721388,-0.81184626,-3.7379165
1.6681643,-3.6522026,-2.1592164,1.1656951,-0.15929767,1.6543156,-0.77604926,-2.6877284,-0.83819836,2.1287932,2.4776425,1.7572622,0.02591685,1.4567116,-1.9023848,0.31841192,2.53345,1.0580677,2.4344478,-1.0262679,-1.4862368,2.797373,-1.4125359,-2.5101562,2.2710035,3.758421,-2.5413105,-3.417403,3.5815501,1.1090906,-1.082237,-3.857677
1.5700558,-3.4616413,-1.9454956,1.0510935,-0.14445515,1.6121252,-0.6795736,-2.5423648,-0.8413313,2.1040256,2.3665636,1.765415,0.061047263,1.39087,-1.877764,0.3307659,2.375883,1.0422844,2.4331608,-0.9101078,-1.4289854,2.7393584,-1.2816156,-2.3505292,2.2115397,3.6045983,-2.4425406,-3.2382798,3.46758,1.0351536,-0.9492384,-3.7064044
2.0184808,-2.0403695,-1.0558873,0.41918984,0.7910541,2.1567576,0.30222082,-2.1937692,-0.8197015,2.6891582,1.8134397,1.7708712,0.3347916,1.6743538,-1.5824082,1.288401,1.2506418,1.249296,2.7516048,-0.5666493,-2.1589212,2.336263,-0.4654337,-1.2146757,1.9477177,3.1799598,-1.4498554,-2.0708237,3.4469898,-0.21040061,0.44771123,-2.7340117
2.051445,-2.029306,-0.99058676,0.31887895,0.855374,2.143371,0.37162465,-2.2430875,-0.8552224,2.7398236,1.776852,1.8001127,0.38821647,1.6457123,-1.6328424,1.3277966,1.1440154,1.3836509,2.808507,-0.43472165,-2.09477,2.324775,-0.36264682,-1.1968937,2.0408607,3.089132,-1.4233704,-2.0052857,3.445886,-0.27323487,0.43536776,-2.744936
1.8653425,-3.020393,-1.6865036,0.84491044,0.23228867,1.8491526,-0.28890896,-2.499976,-0.8293084,2.4545827,2.2774737,1.7651396,0.1705168,1.5157636,-1.8072609,0.7603246,1.9489139,1.1641392,2.6524456,-0.80684006,-1.8185527,2.7466214,-1.0104716,-1.9615858,2.180818,3.6126466,-2.1100533,-2.8781514,3.6018002,0.57640356,-0.47678518,-3.4635322
1.9580395,-3.612955,-2.303723,1.3303075,0.04858473,1.8163137,-0.7280806,-2.8377268,-0.7235246,2.2771308,2.5862336,1.6645362,-0.013627773,1.72194,-1.8089851,0.5809974,2.4922175,1.0828779,2.5058737,-1.1917179,-1.8902566,2.7999382,-1.4709733,-2.4474351,2.2357574,3.9772274,-2.4138424,-3.4279695,3.7567801,0.9149005,-0.91985875,-3.8367858
1.9623648,-3.2799401,-1.9394611,1.0412962,0.23541641,1.894583,-0.45062703,-2.714675,-0.7980131,2.3830614,2.4585643,1.7936566,0.070370235,1.6333748,-1.8166698,0.68408537,2.230184,1.1529458,2.55109,-0.949162,-1.8738922,2.751204,-1.2103904,-2.1400294,2.2295036,3.7985578,-2.241006,-3.154798,3.7276669,0.67883354,-0.6580955,-3.6151977
1.927487,-2.9121563,-1.6197093,0.86893356,0.2804659,1.890918,-0.1968125,-2.4368484,-0.7998511,2.4347684,2.218944,1.7569844,0.17675114,1.5360545,-1.7922716,0.8683953,1.9057999,1.1945542,2.6848032,-0.80205166,-1.8956435,2.6916847,-0.93232214,-1.8984817,2.1419551,3.5856926,-2.0394976,-2.8036501,3.5842774,0.49975997,-0.38719818,-3.3686447
1.9448688,-3.8402886,-2.5225637,1.3932655,-0.06470429,1.7551239,-0.8761506,-2.9330726,-0.7493399,2.21259,2.6549764,1.6271303,-0.044270374,1.6983497,-1.8355744,0.46631783,2.609981,1.0883977,2.479098,-1.2135309,-1.8002173,2.8649817,-1.6218208,-2.6799378,2.295114,4.042099,-2.5518873,-3.5870438,3.7786555,1.0935152,-1.1805338,-4.001235
1.846762,-3.8448951,-2.4584594,1.3517402,-0.14273879,1.729008,-0.88386166,-2.8629894,-0.788416,2.1767178,2.6308389,1.6980406,-0.036494482,1.5729158,-1.8794734,0.36161715,2.6784987,1.0541474,2.4213765,-1.190613,-1.6408243,2.859998,-1.6096777,-2.6911883,2.2967222,3.9894547,-2.6060874,-3.6180558,3.7338154,1.1685101,-1.2158616,-4.012407
1.7461612,-3.8455842,-2.464847,1.3514845,-0.21150884,1.6898575,-0.92579365,-2.831162,-0.8050439,2.174891,2.6330414,1.7102123,-0.008412063,1.5192347,-1.889826,0.2577444,2.7069635,0.9953481,2.3902168,-1.2013009,-1.5394487,2.8801258,-1.6552624,-2.715659,2.3059628,3.9766212,-2.640866,-3.615291,3.6849322,1.1894737,-1.229458,-4.023579
1.7586626,-3.8219845,-2.4473462,1.3673025,-0.19099253,1.6951921,-0.9167864,-2.8217614,-0.7996267,2.173814,2.6244926,1.7070175,-0.012213981,1.5215228,-1.8811302,0.27723804,2.7010007,1.0022113,2.3885977,-1.2002223,-1.5462507,2.8624053,-1.6539352,-2.702091,2.2964945,3.9770305,-2.6259017,-3.6071162,3.689375,1.1661756,-1.20567,-4.0106726
1.832174,-3.7183201,-2.3540149,1.3042606,-0.0821237,1.7500786,-0.81708735,-2.8473704,-0.79346573,2.2497318,2.629173,1.7260736,0.009574378,1.5610324,-1.8674467,0.38328314,2.6046853,1.0486783,2.4422119,-1.1512663,-1.6417534,2.8695638,-1.5777528,-2.5928376,2.3053303,3.9773726,-2.5475976,-3.5277488,3.7454314,1.0495876,-1.0944774,-3.9509513
1.9555813,-3.5887444,-2.255727,1.2563713,0.08727099,1.818773,-0.7018628,-2.8478847,-0.7713169,2.3182764,2.588408,1.6977686,0.008009618,1.6535546,-1.8191875,0.5582224,2.4634266,1.1109378,2.500457,-1.1095963,-1.8132055,2.8146691,-1.4701622,-2.4419236,2.268579,3.9626305,-2.4158368,-3.4128392,3.7861047,0.8889887,-0.9346734,-3.8494525
1.7881848,-3.7754607,-2.2999854,1.2685009,-0.17383032,1.7032707,-0.8122841,-2.7509294,-0.7994997,2.0854788,2.5098119,1.7403072,-0.0042882683,1.5046356,-1.9207497,0.3830871,2.6416886,1.1061566,2.4533408,-1.0995573,-1.5764401,2.801083,-1.4709296,-2.6204257,2.2887702,3.8511841,-2.5745997,-3.5460129,3.6566067,1.1720835,-1.1763165,-3.9135642
1.6260283,-3.9423962,-2.573565,1.4428955,-0.42530575,1.6002588,-1.0604607,-2.7449605,-0.78427386,1.9122902,2.5352318,1.662633,-0.026960611,1.4165319,-1.9249995,0.10043056,2.8590634,0.9540442,2.2648318,-1.2340325,-1.3311651,2.8180115,-1.7576002,-2.8650944,2.2666154,3.8881543,-2.701838,-3.7406063,3.546927,1.374622,-1.3920946,-4.0136194
1.5945421,-3.8545394,-2.4409597,1.3711092,-0.3835147,1.5792668,-1.0088341,-2.7079895,-0.8063468,1.9297342,2.4878163,1.6859534,-0.008306515,1.3814461,-1.9288517,0.11664591,2.7850945,0.98727477,2.2991872,-1.1545436,-1.2978014,2.7986038,-1.6774276,-2.7883098,2.2648165,3.821183,-2.6713343,-3.658842,3.5299459,1.3073905,-1.3202877,-3.9722672
1.4524935,-3.7624245,-2.302596,1.2846206,-0.46364087,1.4756218,-0.97525245,-2.5869112,-0.80996305,1.8385277,2.3915322,1.6639274,0.031459905,1.2828085,-1.9304934,0.080345586,2.6780849,0.97878045,2.3104835,-1.0437262,-1.1705091,2.785684,-1.5986518,-2.7437959,2.2392163,3.658315,-2.6376333,-3.5494523,3.4060454,1.3402631,-1.3000594,-3.8909717
1.5978559,-2.9971435,-1.6099497,0.8925742,-0.059663415,1.7100792,-0.410734,-2.3222156,-0.7646141,2.0696683,2.1856537,1.8102833,0.12137835,1.324305,-1.8044819,0.5285248,2.0964563,1.0134754,2.4023108,-0.74781066,-1.4805825,2.6238046,-1.1015303,-2.0324726,2.040085,3.4088287,-2.16886,-2.9231129,3.3398907,0.83094084,-0.6447194,-3.3032107
1.7175922,-2.9548714,-1.6388353,0.92212903,0.031622183,1.8016622,-0.33235288,-2.33519,-0.74962103,2.201879,2.2014146,1.7824345,0.13516936,1.4042434,-1.7825706,0.682998,2.038309,1.0477331,2.5008087,-0.8144244,-1.6573105,2.655634,-1.0673096,-1.9847515,2.0499601,3.4957168,-2.1160128,-2.892884,3.4227557,0.735597,-0.5384099,-3.31669
1.504022,-3.329298,-1.8730932,1.0842925,-0.23771608,1.5669166,-0.6403185,-2.4050987,-0.79451954,1.9776156,2.2476125,1.7293947,0.10535784,1.3091433,-1.8563198,0.37148848,2.3207965,1.0337732,2.4479957,-0.8640156,-1.3517541,2.6975951,-1.2877562,-2.3466675,2.1604269,3.5062013,-2.3838687,-3.1539736,3.3628604,1.0458813,-0.91419715,-3.5627925
1.5687971,-3.589199,-2.0930183,1.1560283,-0.2818474,1.547746,-0.75216764,-2.5312219,-0.8285839,2.0554442,2.3436508,1.6832016,0.08674411,1.3719089,-1.907264,0.35614473,2.4168832,1.0729964,2.5493224,-0.96298707,-1.4041545,2.8122888,-1.3608364,-2.5519397,2.2592766,3.6485825,-2.5151992,-3.3179436,3.4759762,1.1516613,-1.0854216,-3.8125148
1.8041286,-3.750671,-2.4233708,1.3837593,-0.15341112,1.7231476,-0.8739977,-2.8203647,-0.7754585,2.2075996,2.6126225,1.6985753,-0.0015438676,1.549987,-1.8574864,0.3512366,2.6421802,1.0142112,2.4274912,-1.2250023,-1.6203064,2.8705764,-1.6323416,-2.6550097,2.289172,3.996024,-2.5870214,-3.5690415,3.7150226,1.1037543,-1.1264019,-3.9816117
1.934866,-3.7807572,-2.5223026,1.4955275,-0.066283405,1.807997,-0.9154701,-2.9337108,-0.7043745,2.1615627,2.6965353,1.7097034,-0.07026929,1.6596296,-1.8137524,0.3874449,2.7657459,1.0057558,2.3277783,-1.2970339,-1.7398666,2.7929366,-1.7243496,-2.6501613,2.2631621,4.0905023,-2.5461888,-3.6862817,3.7849026,1.0682745,-1.1244965,-3.93288
1.8448658,-3.7560134,-2.4518816,1.4108709,-0.11650406,1.7603152,-0.90725535,-2.885966,-0.7451669,2.1821427,2.652514,1.7250078,-0.041521847,1.5886449,-1.8407952,0.33194703,2.7221928,0.984486,2.3397224,-1.2505711,-1.6394794,2.826427,-1.684304,-2.6365314,2.264468,4.0298653,-2.5697868,-3.638118,3.7435715,1.0860573,-1.1287667,-3.9504116
1.8986771,-3.8357291,-2.5602705,1.4502907,-0.10276256,1.7864332,-0.965504,-2.9577782,-0.73010653,2.1683874,2.7134078,1.7134628,-0.07989409,1.6518171,-1.8186295,0.31964803,2.781175,0.9689678,2.298861,-1.2896222,-1.692457,2.8171923,-1.7534069,-2.6776123,2.2657864,4.085389,-2.5914202,-3.7023518,3.7756572,1.1168168,-1.1897243,-3.968837
2.0287411,-3.5983481,-2.3881483,1.35557,0.10261643,1.8980728,-0.8050375,-2.9810784,-0.6850212,2.208284,2.6765838,1.7566124,-0.05275335,1.7678394,-1.7699665,0.5075628,2.629581,1.0213096,2.3308141,-1.212927,-1.8725979,2.7414737,-1.63064,-2.4398272,2.2420795,4.041404,-2.4100225,-3.5408409,3.8221135,0.87737876,-0.9576524,-3.746919
1.7954509,-3.7000866,-2.4389458,1.4391019,-0.1628824,1.7642323,-0.9033147,-2.8454146,-0.7206802,2.113376,2.62268,1.7452583,-0.033948172,1.5755193,-1.8323199,0.30503577,2.7597194,0.93937695,2.2788296,-1.2800369,-1.6000807,2.7946715,-1.7153645,-2.607921,2.233218,4.00001,-2.5617883,-3.6164596,3.690886,1.0872523,-1.1053503,-3.8653934
1.4651686,-3.8899512,-2.5387905,1.4392903,-0.5650894,1.4966403,-1.1049662,-2.65085,-0.78145397,1.7585251,2.4362059,1.6205807,0.0017931223,1.3080567,-1.9296391,-0.02104714,2.8498378,0.9091918,2.2083216,-1.2004058,-1.1459877,2.8003254,-1.7868773,-2.8913507,2.2412598,3.7644887,-2.709502,-3.714045,3.4104767,1.432648,-1.4184784,-3.9528282
1.5998987,-3.9262378,-2.6136327,1.4878076,-0.47577554,1.5925316,-1.0897135,-2.7712162,-0.7592538,1.9030983,2.5526764,1.6619747,-0.01883031,1.4105066,-1.9095504,0.059849598,2.8965435,0.9038602,2.2234023,-1.2918031,-1.318548,2.8397927,-1.8103794,-2.8823447,2.265736,3.912398,-2.7127142,-3.7840927,3.5386105,1.3957386,-1.3944771,-4.009285
1.8075991,-3.540235,-2.1996915,1.2371275,-0.12902915,1.7718092,-0.6931124,-2.719552,-0.7531382,2.1654415,2.4839234,1.760794,0.03332019,1.5428917,-1.8704815,0.48700413,2.5044637,1.0444443,2.468761,-1.1237066,-1.671895,2.8255901,-1.4393324,-2.4541926,2.230475,3.8494732,-2.4712598,-3.3830109,3.6535752,1.0229232,-0.9810173,-3.7657752
1.779084,-3.091333,-1.7777975,1.022972,0.02365976,1.7835424,-0.39374113,-2.406359,-0.7688499,2.2885532,2.250783,1.7198616,0.14254686,1.4245858,-1.8099811,0.7011665,2.085239,1.0995532,2.60755,-0.89496946,-1.6965058,2.7395265,-1.1291238,-2.1242898,2.1263323,3.623906,-2.1881275,-2.9856186,3.5176797,0.7477898,-0.6065154,-3.4961371
1.7247413,-3.5027378,-2.104729,1.2234367,-0.1811256,1.6399784,-0.66873986,-2.549579,-0.7743248,2.1671486,2.365107,1.6375726,0.08653812,1.4582899,-1.8722374,0.53294766,2.3367934,1.0967792,2.6432545,-1.0301193,-1.6057663,2.8389099,-1.3284255,-2.5104814,2.2297583,3.746884,-2.4277897,-3.2763362,3.5575805,1.0235475,-0.96518993,-3.8116555
1.7125858,-3.4775937,-2.0895634,1.1628631,-0.18378644,1.6822503,-0.6309695,-2.5754924,-0.79604465,2.195908,2.3895786,1.6969812,0.11322079,1.4618294,-1.89446,0.51185197,2.3456616,1.0844848,2.6264734,-1.0248902,-1.5997546,2.8729413,-1.3287108,-2.4603968,2.2588778,3.7468593,-2.4453728,-3.2375865,3.5653846,1.0053761,-0.9506882,-3.7671285
1.7166687,-3.8548844,-2.4405053,1.3437628,-0.30412188,1.6544602,-0.8957321,-2.7836072,-0.80506545,2.0942643,2.5595984,1.7000563,0.017509937,1.5011997,-1.9291462,0.3045303,2.6833658,1.0365928,2.476697,-1.1918386,-1.5302079,2.9112563,-1.5887327,-2.745523,2.3350945,3.9150796,-2.6672118,-3.58819,3.6546426,1.2561918,-1.2648336,-4.0097404
1.7851337,-3.9016833,-2.5362086,1.4413087,-0.27050918,1.6935203,-0.95244443,-2.8457522,-0.7780708,2.0839584,2.6152074,1.6844866,-0.03499826,1.5414984,-1.9001452,0.2984384,2.7702045,1.0208796,2.3976676,-1.2569823,-1.5679407,2.8786235,-1.6794752,-2.7835727,2.3091366,3.9925816,-2.6738274,-3.6838787,3.7020226,1.2568616,-1.2850292,-4.0450077
1.73778,-3.883892,-2.6087494,1.5063882,-0.32819822,1.7013441,-1.0374088,-2.854573,-0.7439057,2.0176208,2.596401,1.6881034,-0.06705687,1.5327884,-1.872575,0.18228644,2.8830304,0.90794766,2.248005,-1.3559985,-1.4952562,2.8307314,-1.8054116,-2.798011,2.2370088,4.015291,-2.6767135,-3.7624981,3.6452916,1.2589302,-1.2882465,-4.0004053
1.6615137,-3.885413,-2.596479,1.5017571,-0.3994944,1.6450489,-1.0582882,-2.8172278,-0.76084363,1.9818497,2.5630584,1.6758598,-0.031125437,1.4737058,-1.8942611,0.12550235,2.8830147,0.9035622,2.2575684,-1.3363997,-1.408221,2.8519661,-1.8101937,-2.8376327,2.2618299,3.9727097,-2.7024868,-3.756247,3.5995803,1.2970933,-1.3190136,-4.009043
1.814772,-3.6139,-2.3233051,1.2973697,-0.14330608,1.7893202,-0.779096,-2.8243167,-0.779163,2.2232647,2.5682974,1.773056,0.05391457,1.5379046,-1.8826029,0.39279473,2.6129727,1.0139536,2.4351292,-1.2008573,-1.6385854,2.8969998,-1.5747557,-2.5429525,2.3103912,3.9622192,-2.555355,-3.4832435,3.7300262,1.0033926,-1.0245447,-3.8681061
1.8736925,-3.365982,-2.1370883,1.1482363,0.01096875,1.8736236,-0.6221671,-2.774706,-0.776532,2.3014903,2.489676,1.8038266,0.09412689,1.588237,-1.83913,0.53353983,2.4142632,1.0362647,2.4657297,-1.1062346,-1.7449471,2.8341956,-1.4359596,-2.3168983,2.2526238,3.8780506,-2.387177,-3.2769177,3.7232604,0.7918299,-0.7946137,-3.6812673
1.7299144,-3.8884838,-2.5307038,1.4747201,-0.35290313,1.6328205,-0.97293806,-2.7841702,-0.7496432,2.011045,2.536938,1.6111896,-0.03710691,1.5432217,-1.9017937,0.32026577,2.7273858,0.9976589,2.442706,-1.2828791,-1.548014,2.8883476,-1.6538855,-2.8150916,2.2701802,3.941996,-2.6681638,-3.6636147,3.6509347,1.279741,-1.2861303,-4.060008
1.7660706,-3.9067833,-2.535664,1.4597747,-0.31708622,1.6481669,-0.97135544,-2.79809,-0.7652869,2.0435255,2.5579004,1.6146402,-0.054664206,1.5415561,-1.9001547,0.32919803,2.720139,1.0114951,2.4460146,-1.2655046,-1.5555623,2.889234,-1.653825,-2.822853,2.2724357,3.9628654,-2.6680076,-3.669065,3.6753159,1.2718147,-1.2946218,-4.0864944
1.791168,-3.5663934,-2.2106814,1.2564601,-0.14391342,1.7546623,-0.69279397,-2.703409,-0.8062229,2.2273324,2.477033,1.7412691,0.07237877,1.4889153,-1.9042263,0.47435546,2.4989934,1.0786059,2.5505328,-1.1234058,-1.6186924,2.8913,-1.4517181,-2.5230675,2.2995164,3.8877785,-2.5197325,-3.377013,3.6871483,0.99096906,-0.99241877,-3.8599637
1.797295,-3.4553916,-2.142427,1.2267722,-0.1022405,1.7739052,-0.6306313,-2.6327174,-0.7856053,2.2775178,2.4383092,1.6937851,0.08312795,1.5095894,-1.861214,0.5468167,2.3708982,1.0625644,2.5840352,-1.1147146,-1.6875641,2.882397,-1.3862345,-2.4255586,2.243917,3.852713,-2.4345589,-3.269509,3.649688,0.9071752,-0.86932355,-3.8014374
1.8025795,-3.8458912,-2.4620748,1.3807479,-0.26649368,1.6918344,-0.87437755,-2.809072,-0.7674118,2.136307,2.5577056,1.6346306,-0.015523577,1.5950884,-1.9048408,0.42003617,2.6143641,1.0397131,2.5607102,-1.2465099,-1.6781595,2.9424844,-1.5392783,-2.7311418,2.3066802,3.9596028,-2.6334393,-3.5715911,3.6972568,1.1930579,-1.2027895,-4.05166
1.9518154,-3.3981152,-2.1295202,1.2306387,0.021469649,1.8025501,-0.56499434,-2.6695197,-0.75774527,2.339775,2.436845,1.6418425,0.07121637,1.5684084,-1.8315052,0.6998808,2.2674408,1.1362484,2.6816206,-1.1060362,-1.8674681,2.864326,-1.304538,-2.3843207,2.2444735,3.8747768,-2.3393493,-3.2354636,3.707203,0.8089628,-0.7903374,-3.7945588
1.9915092,-2.995198,-1.8434801,1.0342907,0.25604263,1.9152552,-0.35316938,-2.5507615,-0.76353705,2.5073128,2.277269,1.6405166,0.15684792,1.5975548,-1.7286018,0.89925444,1.94016,1.1676844,2.7346945,-0.97891027,-1.9823469,2.7384067,-1.0928724,-2.0490541,2.1896567,3.6924477,-2.0701334,-2.8903098,3.6524072,0.4675497,-0.35855705,-3.5323746
1.9499229,-3.3055,-2.0956721,1.146683,0.11673184,1.8971936,-0.55315614,-2.707669,-0.77610576,2.3969998,2.4462335,1.6986027,0.08290953,1.619694,-1.7769613,0.69372207,2.2416127,1.0989292,2.5971048,-1.0923222,-1.8775069,2.8237243,-1.3400228,-2.2492082,2.2278981,3.8581138,-2.3002102,-3.1697845,3.730735,0.69830024,-0.66016454,-3.7032871
1.8948857,-3.91343,-2.5858383,1.4742765,-0.19051714,1.7644151,-0.95574856,-2.9220603,-0.75326455,2.1186175,2.6512012,1.6747894,-0.09258173,1.622304,-1.8720592,0.3568023,2.7903876,1.018947,2.3682225,-1.3122114,-1.6819141,2.862652,-1.6964058,-2.7517018,2.2837663,4.0665803,-2.6539307,-3.730468,3.77529,1.2032236,-1.2512871,-4.061861
2.0181828,-3.6060975,-2.3524704,1.3666642,0.064607084,1.8061329,-0.759875,-2.8599634,-0.7068752,2.3059788,2.553519,1.5742801,-0.046698652,1.7351465,-1.7620672,0.6488463,2.41604,1.0824152,2.5468857,-1.2029402,-1.9440492,2.8187537,-1.4929583,-2.4825473,2.2269285,3.9837615,-2.3906827,-3.4078484,3.781274,0.8738513,-0.9028183,-3.8947368
2.468802,-3.3193772,-2.3740916,1.2481544,0.820752,1.6274744,-0.9200082,-2.8480868,-0.38165802,2.2257729,2.3104157,1.1210018,-0.6017946,2.296926,-1.0162954,0.94324505,1.7141464,1.0064508,1.9740746,-1.0752103,-2.1366665,1.8679937,-1.4100965,-2.1051507,1.3941019,3.688544,-1.5671887,-3.083102,3.3272889,0.63917094,-0.9880768,-3.2438006
2.5025926,-3.3284192,-2.5980372,1.4702895,0.74495447,1.6585115,-1.067839,-2.7686265,-0.19601303,2.0508456,2.4423869,1.0889933,-0.65901196,2.4197874,-0.92869425,0.91725624,1.9276292,0.9268433,1.7994267,-1.2348218,-2.0669541,1.684305,-1.6602476,-2.1767573,1.285017,3.709205,-1.4767,-3.163826,3.2703233,0.6683379,-1.1052885,-3.1084466
2.2887828,-3.2955074,-2.3706608,1.17363,0.78789604,1.5654539,-0.8316622,-2.776931,-0.48002973,2.2650294,2.2938144,1.1130235,-0.5437623,2.2573533,-1.0594038,0.8409234,1.6921797,1.0204599,1.9586327,-0.9626322,-2.0016418,1.8557746,-1.4037548,-2.0964236,1.4723243,3.5526214,-1.6033766,-2.8601344,3.167438,0.66167116,-1.1066772,-3.1890152
2.3711581,-3.2712731,-2.6554193,1.5536867,0.6437417,1.6179491,-1.1310422,-2.6867783,-0.17828557,1.9022917,2.4869843,1.0648353,-0.68189055,2.4392047,-0.866815,0.78662205,2.048657,0.8212528,1.6831226,-1.2147274,-1.9121056,1.6284482,-1.8256336,-2.255717,1.2834544,3.6092849,-1.5009053,-3.0787818,3.1436114,0.7230433,-1.2588352,-2.993847
2.3490663,-3.1160922,-2.5775356,1.5644785,0.63930655,1.5624373,-1.1213839,-2.4588401,-0.09266205,1.825227,2.4066606,0.9737811,-0.6817578,2.318361,-0.7928007,0.8331749,1.962287,0.79927033,1.6405227,-1.3027704,-1.8812609,1.494874,-1.7829888,-2.132485,1.2198036,3.5071297,-1.446914,-3.009484,3.0318978,0.74107456,-1.102542,-2.867766
2.3906264,-3.1736896,-2.4479477,1.3834095,0.7350068,1.5618752,-0.9898983,-2.5526679,-0.21707344,1.9990314,2.2990892,1.0465534,-0.59503794,2.2622623,-0.87091005,0.8813006,1.7949413,0.8929893,1.8014675,-1.2244201,-2.019313,1.6666634,-1.5443065,-2.0816846,1.3443348,3.5462005,-1.5212424,-2.9768417,3.1141038,0.70468235,-1.0498397,-2.99897
2.4124064,-3.1675794,-2.3656106,1.2433624,0.85293055,1.6081648,-0.8693158,-2.6378665,-0.29708818,2.1799178,2.2610533,1.1618292,-0.5206741,2.297341,-0.9105326,0.93367577,1.6938301,1.003356,1.917586,-1.132591,-2.1183114,1.6854652,-1.3893648,-1.9899979,1.38674,3.5467846,-1.4596508,-2.8665352,3.1232893,0.5957076,-0.95060444,-2.9763453
2.349552,-3.0823061,-2.2237523,1.1492249,0.85613954,1.5610738,-0.75960803,-2.6034584,-0.3688101,2.2481647,2.196928,1.1331171,-0.51359856,2.1908984,-0.9664057,0.94359046,1.5766362,1.0348581,1.9622335,-1.0266283,-2.0595613,1.718619,-1.2844425,-1.9271291,1.4138803,3.4606242,-1.4670107,-2.8006177,3.0963955,0.5848523,-0.87769186,-3.0060802
2.374939,-3.0015478,-1.8684448,0.8929766,1.0163736,1.6522337,-0.50889575,-2.570956,-0.5723475,2.3909278,1.9701688,1.2093662,-0.4129108,2.0981593,-1.0599043,1.0803893,1.3442805,1.1137757,2.1359386,-0.74392545,-2.2328973,1.8354008,-0.8934563,-1.7324803,1.4402797,3.332531,-1.4507663,-2.7011833,3.1558807,0.44727176,-0.622371,-3.0261788
2.3373685,-3.3264031,-2.2835717,1.1190406,0.8887941,1.8507334,-0.73644245,-3.1601443,-0.6649722,2.182246,2.2608368,1.3095989,-0.6898337,2.4482021,-1.197446,0.922277,1.6859694,0.9615722,2.0453706,-0.79572505,-2.1178837,2.0677361,-1.421022,-2.0959823,1.5402601,3.6111321,-1.6601397,-2.9636912,3.5321681,0.47071892,-0.86680925,-3.4178054
2.324501,-3.143473,-2.1214797,1.0028131,0.98190486,1.8674701,-0.54716665,-3.05743,-0.73808146,2.2408395,2.149716,1.3246894,-0.633553,2.365828,-1.1958843,0.9896992,1.5399063,1.0075864,2.108315,-0.7231835,-2.128329,2.0173414,-1.2469043,-1.9761798,1.520664,3.490778,-1.5847269,-2.7575197,3.451048,0.39107904,-0.7445448,-3.3036227
2.2825603,-3.0090773,-1.9740992,0.9509306,1.0421557,1.8944763,-0.41390857,-2.9636903,-0.7789561,2.299272,2.0873325,1.3334124,-0.5775081,2.3081357,-1.1999075,1.048579,1.4243809,1.0579598,2.1775725,-0.6638772,-2.1287358,2.0000532,-1.1646097,-1.8610551,1.5130186,3.4568381,-1.53646,-2.6354918,3.4538612,0.29411045,-0.5729184,-3.2558258
2.4399278,-2.6326241,-1.6396834,0.8484607,1.2287188,1.9871384,-0.1663041,-2.644153,-0.663813,2.2395043,1.874416,1.3263949,-0.5231374,2.265403,-1.0976045,1.3083317,1.2260342,1.1209297,2.1080847,-0.56515217,-2.2805717,1.6903623,-0.8472514,-1.5621208,1.2879931,3.247853,-1.2028706,-2.4203348,3.2668266,0.15986235,-0.3125402,-2.8520927
2.3559723,-2.5543408,-1.4647019,0.66745335,1.2636913,1.8780874,-0.11471224,-2.5562496,-0.7384877,2.4364738,1.8147013,1.289702,-0.4536232,2.1061277,-1.0938509,1.2844824,1.0603206,1.133214,2.1812198,-0.4303953,-2.2277708,1.7434982,-0.6981522,-1.4400955,1.3553088,3.1610131,-1.2119135,-2.3024278,3.2288024,0.13703346,-0.2408864,-2.853588
2.3067145,-2.9116225,-1.9083048,0.9377359,1.0850002,1.7687775,-0.3388823,-2.7389855,-0.71787924,2.3668802,2.0472665,1.2325386,-0.5387612,2.1330585,-1.1631782,1.0475442,1.3985298,1.1118953,2.1166704,-0.68926704,-2.1126087,1.8667479,-1.0018051,-1.7566433,1.4874567,3.3280559,-1.4693036,-2.5407188,3.234509,0.33701044,-0.59678113,-3.135785
2.3820891,-2.757495,-1.7331126,0.97305,1.1481977,1.8484375,-0.24222045,-2.5460625,-0.61434907,2.2975914,1.9307035,1.1961699,-0.5450056,2.1170669,-1.107213,1.1852529,1.3011315,1.0231591,2.0657127,-0.66895694,-2.235224,1.8076996,-0.8933339,-1.590197,1.3168467,3.2549205,-1.3210546,-2.494265,3.1971638,0.210147,-0.33912393,-3.00029
2.349798,-2.448334,-1.3280504,0.78086835,1.2609967,1.8632351,0.06993179,-2.1587255,-0.656088,2.4465108,1.7215128,1.2530676,-0.3273446,1.8258873,-1.1314338,1.3019749,1.0518014,1.1916891,2.1035063,-0.4541575,-2.2298958,1.6731917,-0.51810896,-1.2709067,1.3266734,3.0962353,-1.1389508,-2.2751832,3.0422082,0.08322878,-0.05876001,-2.7654788
2.315028,-2.4593818,-1.3065531,0.72960174,1.2548168,1.8273809,0.07205822,-2.1685002,-0.69955504,2.4564013,1.7102188,1.2478477,-0.3091534,1.8173721,-1.1406693,1.2939761,1.0244788,1.210611,2.1642628,-0.42533875,-2.214883,1.6866009,-0.4757511,-1.2950246,1.3351703,3.0728638,-1.1679238,-2.226125,3.0233707,0.14181511,-0.10623579,-2.7661133
2.3639178,-2.6566257,-1.5959322,0.9083909,1.1871475,1.8163416,-0.10884781,-2.3368201,-0.6124765,2.427705,1.8540041,1.2208068,-0.40669903,1.9467318,-1.1089336,1.2268885,1.1942255,1.1962144,2.082485,-0.6018837,-2.2221322,1.6801379,-0.72075284,-1.4479746,1.3523866,3.2195728,-1.2341714,-2.4135506,3.0717678,0.19498014,-0.2535888,-2.870296
2.2711048,-2.3677604,-1.379269,0.6321629,1.355584,1.872427,0.12093897,-2.3183942,-0.77429616,2.498966,1.7372363,1.2549663,-0.38728836,1.9368465,-1.1021267,1.2761352,0.9986619,1.2024491,2.1042578,-0.3499132,-2.1190908,1.5632788,-0.5616642,-1.2714113,1.3260286,3.0007615,-1.1346558,-2.0091212,2.9675746,0.0971161,-0.17168112,-2.6842957
2.2691321,-3.0208075,-1.9756382,0.9165125,1.0841373,1.782315,-0.36582226,-2.8275096,-0.7529185,2.4816468,2.0979373,1.2481495,-0.53504264,2.155981,-1.1755737,1.0250648,1.4142888,1.1322869,2.1309218,-0.65907764,-2.0959935,1.9125144,-1.05235,-1.8135589,1.5529039,3.4225883,-1.5296605,-2.5332112,3.262281,0.36862296,-0.69704056,-3.1820266
2.290294,-2.586354,-1.5941547,0.6559237,1.2621673,1.9145486,-0.070154354,-2.6929717,-0.8559596,2.4355984,1.8938901,1.3571182,-0.46453637,2.1145883,-1.1609168,1.1751006,1.1532246,1.1494153,2.161842,-0.41179737,-2.0783465,1.7699022,-0.7915162,-1.5420078,1.4569792,3.1693766,-1.2948143,-2.229603,3.2361312,0.13257377,-0.40365106,-2.919893
2.2487426,-2.955562,-1.8646303,0.8687005,1.0546763,1.7872865,-0.28637913,-2.8059664,-0.8262857,2.4111068,2.0556438,1.2972399,-0.45703593,2.0793703,-1.2323948,1.0258409,1.3752348,1.1825197,2.222444,-0.6262768,-2.055732,1.987375,-0.971718,-1.8323433,1.6040504,3.3903458,-1.556783,-2.5422053,3.3366401,0.36042416,-0.6473567,-3.219686
2.2849126,-3.0184681,-1.7473767,1.008471,0.85082185,1.7356247,-0.43082628,-2.7262726,-0.72505695,2.3204212,2.201551,1.3158257,-0.34344786,1.8398377,-1.3221934,1.0189747,1.428116,1.1903313,2.3381867,-0.62287885,-1.9886391,2.2518003,-0.9870573,-2.0096014,1.7852997,3.5746408,-1.7008816,-2.8393989,3.5707848,0.46745858,-0.63358974,-3.467504
2.291164,-3.3674264,-2.1831622,1.2654904,0.67536056,1.6626139,-0.61913663,-2.8287406,-0.6760989,2.223529,2.3200598,1.2409203,-0.45849043,1.9189539,-1.3078977,0.87382334,1.73124,1.0746849,2.3142586,-0.94598806,-2.0798607,2.353871,-1.2051871,-2.3171484,1.7789015,3.72967,-1.8946493,-3.0959115,3.5353246,0.70455724,-0.9275133,-3.638549
2.2600694,-3.1136317,-1.9443775,1.0825346,0.82198316,1.7232134,-0.3593287,-2.7189183,-0.7701533,2.3076367,2.1692617,1.2845683,-0.39464873,1.8768308,-1.3294227,0.97863805,1.552059,1.146624,2.3663971,-0.82448137,-2.0794349,2.2806509,-0.9894514,-2.0830219,1.7451681,3.5482936,-1.7451172,-2.8463542,3.4567986,0.51751155,-0.7117549,-3.4826267
2.2784343,-3.4617238,-2.2997181,1.317686,0.6657325,1.7281317,-0.6203845,-2.9188988,-0.7025857,2.193261,2.3740299,1.2902901,-0.48653802,1.972648,-1.3224937,0.8314573,1.8245989,1.1030262,2.282445,-0.9567388,-2.033375,2.3628445,-1.3148657,-2.380879,1.8225441,3.7849636,-1.9377401,-3.158691,3.572691,0.7100439,-0.99427855,-3.6971917
2.1596484,-3.125529,-1.844299,1.0317551,0.7201603,1.6033175,-0.42536122,-2.7135677,-0.8041233,2.330354,2.1940732,1.2934515,-0.31092456,1.7258844,-1.3670238,0.87906486,1.5006258,1.1965392,2.4112582,-0.7120782,-1.9035385,2.3596656,-0.9746858,-2.1593866,1.8662093,3.56899,-1.838467,-2.868082,3.5094428,0.5929206,-0.8041587,-3.5755172
2.1144633,-2.920779,-1.6980568,0.9264984,0.75040644,1.7184998,-0.16761483,-2.6521947,-0.90639144,2.3381486,2.0778852,1.3905859,-0.216483,1.7038437,-1.4645146,0.9754143,1.4265807,1.2606995,2.5441196,-0.6622015,-1.8967148,2.4113717,-0.8507596,-2.0439498,1.8902314,3.4354115,-1.776062,-2.6896396,3.5000749,0.4209198,-0.6012524,-3.5154374
2.1861053,-2.8447175,-1.697897,0.912635,0.8266548,1.8235435,-0.098250106,-2.6475608,-0.873659,2.3048494,2.0325513,1.4017432,-0.23882452,1.8250774,-1.4438243,1.0808678,1.4047313,1.23536,2.527717,-0.6866593,-2.0194314,2.3424335,-0.8251365,-1.9637219,1.7938082,3.402903,-1.67187,-2.6326687,3.4723077,0.33944857,-0.4990755,-3.397223
2.225483,-3.2504096,-2.0406275,1.2157145,0.6680852,1.7448609,-0.47684798,-2.786876,-0.729756,2.2456603,2.2795749,1.3249123,-0.38053873,1.8647661,-1.3857511,0.9321777,1.7005104,1.1333605,2.4097028,-0.8675224,-2.002198,2.4224997,-1.1804323,-2.248301,1.8432633,3.696024,-1.8824241,-3.028873,3.5993855,0.58860064,-0.77446157,-3.669829
2.189299,-2.8802078,-1.6842067,0.9864918,0.83499825,1.7284949,-0.17390187,-2.522209,-0.801746,2.3449624,2.058806,1.3097557,-0.29753718,1.7149264,-1.3694637,1.0496008,1.4140579,1.1582989,2.4619334,-0.7197436,-2.034489,2.3077145,-0.80703896,-1.9402511,1.7533052,3.4248219,-1.6603721,-2.688094,3.4164886,0.40137357,-0.5072939,-3.4157157
2.1636932,-2.7427673,-1.4895893,0.88899696,0.81896573,1.689626,-0.15223512,-2.4128876,-0.7946262,2.3680084,1.9947046,1.324124,-0.20570818,1.6096112,-1.3817872,1.0782838,1.3050469,1.2084726,2.4831738,-0.5977933,-1.9595467,2.2821152,-0.72258675,-1.8517272,1.7543952,3.3710701,-1.616462,-2.6313531,3.4208903,0.3794462,-0.4292727,-3.339835
2.1542258,-2.4783413,-1.1999424,0.74389493,0.92916346,1.7321968,0.03259456,-2.1939108,-0.81539994,2.3587894,1.8721397,1.3373506,-0.13768461,1.4954138,-1.3766458,1.158952,1.102056,1.2475367,2.4671948,-0.40544575,-1.9104494,2.1670592,-0.50711906,-1.641209,1.6549346,3.2081037,-1.4298979,-2.4220304,3.3022766,0.24945131,-0.24132857,-3.1513019
2.300774,-2.8662658,-1.6169846,1.0380976,0.8746239,1.7902365,-0.24279566,-2.3998437,-0.6883773,2.2292578,2.0807872,1.2935705,-0.2980629,1.7158515,-1.3332529,1.0957737,1.411328,1.1938936,2.3409743,-0.63873184,-2.0257564,2.1692147,-0.82873976,-1.9116436,1.6074461,3.472159,-1.5413222,-2.7703931,3.3714237,0.41522485,-0.49400002,-3.317978
2.3695827,-2.8082032,-1.68354,0.9752861,0.9783288,1.9016056,-0.077511355,-2.5034413,-0.74701864,2.2258213,2.056859,1.3400688,-0.29013714,1.8595593,-1.3681784,1.1865642,1.3746265,1.2159259,2.4115644,-0.69876873,-2.1729484,2.180038,-0.73585117,-1.8817581,1.6088871,3.4184475,-1.4802824,-2.6529346,3.3525105,0.32637742,-0.46011764,-3.2396858
2.3458686,-2.7381191,-1.5726191,0.9359697,1.0041834,1.8631716,-0.0113621475,-2.4403636,-0.77354795,2.3011146,2.0052924,1.3832192,-0.22351305,1.7473905,-1.3779469,1.1719651,1.3350066,1.326333,2.4315875,-0.64068085,-2.1284547,2.1300268,-0.6302772,-1.7989724,1.6671765,3.386633,-1.4752182,-2.6314511,3.34096,0.28094092,-0.41142368,-3.2073503
2.3774881,-2.457449,-1.3389779,0.9885098,0.75597703,1.9618587,0.045472454,-2.3285346,-0.58530766,2.1121144,2.063813,1.5277096,-0.14684491,1.5748419,-1.5667388,1.3205509,1.3418058,1.1926543,2.640204,-0.60142744,-2.0867324,2.396898,-0.6147529,-1.8074138,1.9000864,3.4423974,-1.5384398,-2.627439,3.5644784,0.096081324,-0.15238617,-3.311639
2.1749656,-1.7361437,-0.47653586,0.5192839,1.0626419,1.8255188,0.49701852,-1.7329619,-0.7234489,2.2979321,1.6483463,1.4796605,0.090944186,1.1541545,-1.5325826,1.4387482,0.65191495,1.3325899,2.7256088,-0.13928044,-2.0661044,2.1017504,0.24763842,-1.1329495,1.736489,2.8936298,-1.0493667,-1.9721487,3.1481495,-0.21913919,0.40655527,-2.8330703
2.391828,-2.2981122,-1.3700831,0.9749606,0.8856672,1.9235904,-0.20872612,-2.361667,-0.5366576,1.8528408,2.0247767,1.3167104,-0.38138524,1.9595753,-1.3087134,1.3357494,1.1875576,0.98710334,2.2707772,-0.46044588,-2.098639,2.022378,-0.78517663,-1.8035488,1.5649126,3.1915622,-1.3420614,-2.467128,3.4214911,0.03990699,-0.1811674,-3.1028125
2.4767997,-2.5668664,-1.6224413,1.1399009,0.7583202,1.9003057,-0.32024336,-2.4937148,-0.50233567,1.9185028,2.1373897,1.3577461,-0.38666666,1.9550937,-1.3741238,1.3108132,1.4693173,0.9556211,2.321202,-0.6867863,-2.2446287,2.1660938,-0.89984,-1.939447,1.7494043,3.3842773,-1.5841558,-2.716209,3.5660255,0.20651965,-0.3015852,-3.2721646
2.2627978,-2.5185838,-1.2707258,0.87814313,0.7761811,1.7790295,0.037501026,-2.3523073,-0.70286787,2.3171906,2.0460339,1.4539422,-0.120319545,1.4760568,-1.5716015,1.2440703,1.2270603,1.2114332,2.7559457,-0.5707243,-2.090694,2.4474041,-0.41639915,-1.7760845,2.001349,3.3617318,-1.5774237,-2.5361297,3.518282,0.16740452,-0.18560371,-3.3858426
2.5943413,-2.844452,-1.9353161,1.4710735,0.72428197,1.9328076,-0.41862243,-2.567902,-0.33239242,1.7904822,2.2741034,1.3717887,-0.47985458,2.0195277,-1.3716961,1.2718861,1.7539272,0.97216684,2.3129876,-0.925604,-2.2965572,2.1581604,-1.1075958,-2.1360765,1.7269157,3.6471314,-1.6150637,-2.9717393,3.5895991,0.29710025,-0.44135803,-3.332827
2.7032514,-2.8714142,-2.152359,1.656517,0.73154885,2.040701,-0.44580764,-2.557284,-0.12254546,1.6473153,2.2814429,1.3230565,-0.64813817,2.206299,-1.2542756,1.3002723,1.8870156,0.7904669,2.0770257,-1.1206058,-2.4122124,2.0285506,-1.2512544,-2.0883632,1.5232648,3.658184,-1.4893335,-2.963821,3.4577732,0.25981057,-0.46591893,-3.1053572
2.2981174,-2.708591,-1.5161648,0.9570147,0.851477,1.8445528,-0.02116778,-2.5280683,-0.7371627,2.3347297,2.1277308,1.4530362,-0.22925277,1.6353096,-1.5151541,1.1678923,1.2918471,1.2007279,2.6612995,-0.62399304,-2.0949097,2.4329667,-0.6078931,-1.8827156,1.9337556,3.4675622,-1.6141956,-2.6111624,3.5427005,0.18743443,-0.32221645,-3.4556122
2.5112708,-3.140918,-1.918836,1.403521,0.54046994,1.7751204,-0.45880064,-2.641088,-0.45157656,2.0756812,2.413097,1.4768804,-0.3086851,1.6105509,-1.5594935,1.0710208,1.892297,1.1272477,2.5663452,-0.9160015,-2.1226244,2.462735,-1.0248053,-2.2785335,2.0595164,3.8463006,-1.8767046,-3.2058036,3.7445526,0.5509655,-0.6495983,-3.6631038
2.6273544,-3.3029656,-2.3540978,1.8075634,0.46958905,1.9105377,-0.6173921,-2.6854768,-0.23354582,1.7618096,2.452002,1.4072136,-0.51378095,1.9381021,-1.4368312,1.1073492,2.1639588,0.9361804,2.324205,-1.2297189,-2.3259597,2.3262792,-1.3981823,-2.4211278,1.8299329,3.9911633,-1.8592386,-3.3825684,3.7083607,0.60905945,-0.68925846,-3.5913582
2.3389761,-3.0962477,-1.9446052,1.5351477,0.48582497,1.7730606,-0.3493527,-2.498722,-0.47039396,1.9457458,2.2582204,1.3727599,-0.38207874,1.6770964,-1.5022854,1.0676763,1.7936634,1.0102441,2.6055486,-1.0491822,-2.1455524,2.5301483,-1.0176016,-2.3350601,1.9364636,3.752475,-1.8221012,-3.1196182,3.6195922,0.54094285,-0.5730784,-3.7216096
2.3314712,-2.8682957,-1.7635224,1.3212086,0.53755736,1.845871,-0.28537574,-2.5074322,-0.5480841,2.0320234,2.2143002,1.4354575,-0.27111953,1.6752281,-1.5373454,1.1503845,1.6875627,1.0872866,2.6056054,-0.8596672,-2.1216538,2.4874356,-0.9967682,-2.1701736,1.9155445,3.6822548,-1.7995617,-2.9826665,3.654374,0.39317182,-0.43286175,-3.5909023
2.7979267,-3.1890924,-2.542582,2.131479,0.4487419,1.8379672,-0.98252934,-2.6178043,0.08858453,1.412238,2.5769634,1.2387693,-0.7728333,2.0267017,-1.2090702,1.1053848,2.5069652,0.66756594,1.8697628,-1.4101098,-2.2892585,1.9516197,-1.7505739,-2.4580293,1.5416464,3.9418526,-1.6477277,-3.484433,3.5158591,0.6533717,-0.7394599,-3.2812362
2.5616345,-2.8032126,-1.9216076,1.4199047,0.84766084,2.00714,-0.39518976,-2.576138,-0.32972658,1.8296782,2.292606,1.3207797,-0.58098835,2.0977836,-1.2720841,1.232853,1.5986841,0.87449133,2.2121158,-0.84246576,-2.2963362,2.1019344,-1.1080375,-2.0048974,1.5350883,3.5984993,-1.4557835,-2.825686,3.503708,0.18447246,-0.37789017,-3.253964
2.108447,-2.5165598,-1.5510193,0.548175,0.6261915,1.9505154,-0.27065244,-2.6428773,-0.81625164,2.188015,1.6638687,1.5136635,-0.17927991,2.0838652,-1.4756132,1.0048575,1.3671949,0.97786915,2.299234,-0.79628164,-2.182793,2.0459304,-0.71697026,-1.6749201,1.5746609,2.8994145,-1.6417742,-2.0929358,3.132196,0.22269103,-0.24153852,-2.8373525
2.0475664,-2.32192,-1.4057627,0.56855327,0.6496165,1.9289474,-0.18548484,-2.460209,-0.76907027,2.154982,1.6364706,1.4406574,-0.19385497,1.9762151,-1.4026356,1.0386117,1.2833779,0.8754407,2.2952712,-0.7502209,-2.1658792,2.01636,-0.6709224,-1.565291,1.4524823,2.8156896,-1.5377868,-1.9625132,3.001776,0.17136797,-0.09291599,-2.7310236
2.080978,-2.401369,-1.47286,0.5610972,0.63913643,1.9404838,-0.23757403,-2.5546067,-0.77549374,2.126256,1.6416115,1.468995,-0.22517984,2.0458667,-1.4272473,1.0043013,1.3259605,0.89341813,2.255188,-0.7662506,-2.1728911,2.0024996,-0.69704485,-1.6109781,1.483459,2.8120334,-1.5789843,-2.0026844,3.0248315,0.19508146,-0.17843375,-2.7486103
2.104756,-2.2021897,-1.3072612,0.44081292,0.7368191,1.9685984,-0.11720984,-2.4702075,-0.8048031,2.1591897,1.5360518,1.480469,-0.18497607,2.0365057,-1.3932453,1.0993879,1.1809584,0.9494709,2.2550457,-0.70153743,-2.1833,1.8827426,-0.55135655,-1.4763763,1.4340998,2.6990077,-1.4726804,-1.830342,2.982473,0.096774556,-0.043030463,-2.6048312
2.0469666,-2.55542,-1.5587877,0.65889066,0.58645564,1.8340597,-0.26101908,-2.546568,-0.7865254,2.1661804,1.7179626,1.426246,-0.19236125,1.967749,-1.473942,0.9490204,1.3611295,0.960948,2.348474,-0.79325235,-2.106549,2.111909,-0.7229751,-1.743304,1.5606682,2.9118552,-1.6430833,-2.0980458,3.0401256,0.28282493,-0.28448534,-2.9180937
2.0918736,-2.5969474,-1.6336861,0.63729936,0.5916015,1.944875,-0.31457198,-2.6695209,-0.76701045,2.1284423,1.7107054,1.4942869,-0.23130989,2.118422,-1.4842272,0.955622,1.4582909,0.9233936,2.261413,-0.8276073,-2.1967895,2.0630584,-0.7929358,-1.7228706,1.5630355,2.9263883,-1.6655289,-2.1448967,3.093477,0.25958854,-0.3049159,-2.8624082
2.1314654,-2.490008,-1.5252616,0.4928519,0.6735095,1.9894254,-0.22758666,-2.6790123,-0.826803,2.2078366,1.624904,1.5515049,-0.17352754,2.1457539,-1.4784194,1.0423979,1.3491096,1.0110335,2.2971752,-0.7806187,-2.2164545,2.0055532,-0.6679447,-1.6412609,1.6023273,2.8606496,-1.6217264,-2.0541778,3.1410623,0.1692921,-0.22615369,-2.784651
2.055405,-2.2043793,-1.2179925,0.22204754,0.7898824,2.0443292,0.00053534505,-2.565317,-0.97389203,2.4487815,1.4750496,1.6377472,0.010936005,2.027875,-1.4583749,1.1539664,1.0956651,1.1088,2.4734426,-0.633319,-2.1682172,2.005635,-0.42067146,-1.4277762,1.6667471,2.725181,-1.5378937,-1.789531,3.1677778,-0.05143299,0.07753122,-2.690522
1.9968084,-2.4884455,-1.4585092,0.44795084,0.61744803,1.9254694,-0.2055398,-2.6160831,-0.91674566,2.3724296,1.6557515,1.550555,-0.062433053,1.9680252,-1.493947,0.97143,1.282861,1.0069482,2.4636557,-0.7253567,-2.0959764,2.1870277,-0.6578001,-1.6480801,1.6841955,2.8964076,-1.6829691,-2.0394912,3.1731486,0.14737709,-0.14721695,-2.925975
1.9885105,-2.8779027,-1.7967803,0.8544428,0.45388755,1.6529672,-0.50519884,-2.6230056,-0.73522586,2.1357932,1.8912655,1.3092144,-0.26321408,1.9224594,-1.4714909,0.76286376,1.4564502,0.9049047,2.3646512,-0.8384899,-2.0048614,2.2898345,-0.93056965,-1.9936863,1.6157963,3.0731018,-1.7696985,-2.368578,3.083083,0.45896283,-0.5369934,-3.192119
1.9883325,-2.8407722,-1.7672501,0.8078701,0.46678376,1.6774431,-0.47476572,-2.6215513,-0.770705,2.1501622,1.8720236,1.3353064,-0.24639902,1.9148934,-1.480447,0.76321614,1.4367936,0.91268474,2.3688068,-0.8222517,-1.9953988,2.289152,-0.9075695,-1.966198,1.6190487,3.0499382,-1.768837,-2.3298519,3.083264,0.43331593,-0.50926757,-3.174889
1.9965683,-3.0700617,-1.9380461,0.81322604,0.38314548,1.7033418,-0.5663386,-2.811172,-0.8285732,2.291194,1.9787649,1.4457967,-0.16855048,1.9742151,-1.5756344,0.73077583,1.5938156,1.0090042,2.4875937,-0.9144224,-2.044209,2.4472554,-0.990046,-2.0886955,1.8521696,3.2452393,-1.9535068,-2.5520241,3.3018203,0.49927515,-0.6177122,-3.3799157
2.011363,-3.0314517,-1.9503571,0.8906377,0.39537364,1.7016418,-0.5821287,-2.7418756,-0.7541232,2.1581912,1.9735867,1.3757422,-0.26227728,1.9933636,-1.5309131,0.7136444,1.5907205,0.9248924,2.3717258,-0.9153074,-2.046126,2.3523088,-1.0275105,-2.0673294,1.6984972,3.1894581,-1.8752493,-2.4943616,3.1716266,0.5125472,-0.61977255,-3.292028
2.026287,-3.005653,-1.93208,0.9429714,0.3925653,1.693758,-0.5664891,-2.6989546,-0.71330005,2.1225948,1.9670985,1.3456099,-0.27610818,1.9719063,-1.5132037,0.7568296,1.605224,0.9067534,2.354463,-0.9325754,-2.0597131,2.3352416,-1.0280311,-2.069936,1.6643339,3.2011719,-1.8500175,-2.515983,3.1718845,0.53276694,-0.60900027,-3.280236
2.011797,-2.867619,-1.7961899,0.7833042,0.4474246,1.757971,-0.47571355,-2.6987882,-0.7803807,2.1989665,1.8826206,1.4140173,-0.21953106,1.9689773,-1.5167288,0.8013377,1.5225973,0.9236535,2.3826337,-0.8671299,-2.0586061,2.3131943,-0.9285857,-1.9473482,1.6854359,3.107294,-1.8247211,-2.3881829,3.1842332,0.4277256,-0.492207,-3.1891809
2.057055,-2.5774524,-1.5607284,0.58156633,0.5868218,1.836598,-0.30665085,-2.6394627,-0.8200588,2.2654667,1.72407,1.4756324,-0.17275688,1.9998357,-1.4711249,0.95874864,1.3334916,0.9869863,2.395144,-0.7845915,-2.1178632,2.1602073,-0.7205664,-1.7314541,1.6580559,2.9395785,-1.6925602,-2.1535187,3.1646168,0.26001564,-0.28080902,-2.966808
2.046227,-2.7167373,-1.6889751,0.66530883,0.5142964,1.8107523,-0.40598464,-2.688412,-0.8027198,2.2332196,1.8051214,1.4610181,-0.19091068,2.007781,-1.4922369,0.88604546,1.4200112,0.96415603,2.3962111,-0.8360783,-2.1094608,2.2357848,-0.8256385,-1.8360713,1.6844009,3.027882,-1.7605549,-2.2774382,3.1920152,0.33589914,-0.37870747,-3.068963
2.0165634,-2.8415036,-1.7582175,0.6270343,0.49485707,1.8243088,-0.42678085,-2.7723742,-0.89277154,2.3653646,1.8370361,1.5301265,-0.07997706,2.0088024,-1.5569619,0.8484499,1.4627166,1.0625122,2.5073006,-0.85404885,-2.0906544,2.3377144,-0.8458284,-1.9052826,1.8312792,3.1273198,-1.8559048,-2.351061,3.30267,0.3319112,-0.40448982,-3.2016506
1.9622616,-2.9259396,-1.80588,0.75807464,0.43263286,1.7119048,-0.46648479,-2.7126565,-0.83046854,2.2796254,1.904707,1.4208945,-0.1559426,1.9352239,-1.5466096,0.7643026,1.4928119,0.98745364,2.48809,-0.84724665,-2.0168424,2.396299,-0.9049126,-2.0043132,1.7785438,3.130771,-1.8644593,-2.3977275,3.203298,0.42166394,-0.52001655,-3.270907
2.0048892,-2.4880946,-1.4982612,0.67582554,0.5735444,1.7309992,-0.32004458,-2.4622998,-0.7305427,2.0704837,1.7009023,1.3231099,-0.24618706,1.9033293,-1.3984131,0.90330094,1.2624471,0.8899399,2.2911367,-0.73011255,-2.0170288,2.071755,-0.73668325,-1.7272667,1.4643638,2.8159575,-1.5815239,-2.0651658,2.9463425,0.3073686,-0.29666132,-2.8600578
2.004143,-2.7143028,-1.6823546,0.8287303,0.4788838,1.6668787,-0.43675297,-2.5262637,-0.7092699,2.06327,1.8199905,1.2943751,-0.26878646,1.8882017,-1.4330862,0.8361262,1.383564,0.89319116,2.316318,-0.80827,-2.0021033,2.1926613,-0.8688496,-1.9033638,1.5290108,2.991877,-1.681963,-2.2834783,3.0394807,0.43616349,-0.44696197,-3.0688598
1.9974172,-2.9373035,-1.8460705,0.7840773,0.43682632,1.7134567,-0.52073395,-2.7295456,-0.8250297,2.2360213,1.8989519,1.4080117,-0.18911327,1.9544961,-1.5209682,0.759148,1.4831583,0.9758092,2.4284582,-0.85866624,-2.01522,2.3550458,-0.9520895,-2.0219808,1.7316326,3.1505075,-1.8494291,-2.4310722,3.2255466,0.44717208,-0.53252727,-3.279372
2.031688,-2.7943773,-1.7255694,0.68549716,0.5159288,1.7560608,-0.42086592,-2.6834517,-0.8466977,2.2595916,1.812445,1.4345906,-0.16202518,1.9633653,-1.5059645,0.84075433,1.3900297,1.0222278,2.4365382,-0.8241154,-2.045463,2.268352,-0.82849085,-1.9203789,1.7063738,3.0570462,-1.7754046,-2.2901354,3.1872096,0.36412874,-0.4336234,-3.1562326
1.9365022,-3.1486053,-2.0108056,0.96428776,0.29260623,1.6108959,-0.64516383,-2.733738,-0.77483946,2.1626918,2.0427775,1.3345811,-0.23048206,1.8921745,-1.550722,0.63715255,1.6291599,0.91215485,2.4280467,-0.91952676,-1.9514258,2.4968557,-1.1067501,-2.2033927,1.7678916,3.2755733,-1.9632502,-2.6414287,3.2342896,0.6052636,-0.7160694,-3.465283
1.8976986,-3.3399596,-2.1459162,1.0666864,0.22608349,1.5868843,-0.7170367,-2.794191,-0.77009016,2.1798084,2.1686122,1.3193662,-0.24348077,1.902055,-1.5820264,0.5575161,1.7487462,0.8906094,2.4619415,-0.9525582,-1.9438093,2.6135058,-1.2108752,-2.3322186,1.8409313,3.394009,-2.0575194,-2.7965672,3.2757688,0.6777712,-0.8290493,-3.621856
1.9307503,-3.0932434,-1.9479682,0.86809194,0.35051456,1.6735951,-0.59518003,-2.7672832,-0.8346976,2.3107648,2.025159,1.4042124,-0.16481017,1.9152906,-1.5540808,0.6761261,1.5861982,0.9571465,2.5018344,-0.8967986,-1.9911665,2.5115886,-1.0506502,-2.1193805,1.837179,3.288075,-1.9649311,-2.5849233,3.296203,0.5063473,-0.595686,-3.4618545
1.9478737,-2.889632,-1.7853476,0.747295,0.45062715,1.7338245,-0.46366698,-2.7121546,-0.8551804,2.3480647,1.8969352,1.4410503,-0.13425262,1.9358127,-1.526904,0.78062546,1.4571931,0.9933144,2.5067375,-0.83602124,-2.0264497,2.3920372,-0.9118296,-1.965422,1.7914236,3.157953,-1.8531902,-2.3876889,3.245128,0.3771018,-0.43224263,-3.2944188
1.9419273,-3.1094594,-1.9314651,0.8544761,0.3930281,1.6638753,-0.5556824,-2.7912493,-0.83888674,2.350851,2.0002482,1.407244,-0.16514842,1.9367402,-1.561089,0.70163906,1.5638765,1.0039327,2.5284126,-0.874246,-2.0056942,2.4910321,-0.9985493,-2.1302304,1.8684677,3.2678406,-1.9482868,-2.550248,3.2870514,0.4807295,-0.60971695,-3.455007
1.9632431,-2.938039,-1.8164644,0.76505405,0.46094054,1.712394,-0.49997917,-2.744594,-0.82956886,2.3098588,1.909384,1.4104946,-0.19053344,1.9614296,-1.5123069,0.7610415,1.4710629,0.95909387,2.4652572,-0.8294629,-2.022265,2.389261,-0.9380962,-1.9909534,1.7679724,3.1472695,-1.8557755,-2.4128144,3.232991,0.39952263,-0.4984046,-3.294129
2.0063064,-3.01268,-1.9191525,0.78568256,0.3976171,1.7752402,-0.5406699,-2.845318,-0.85675895,2.3520617,1.9640764,1.5126473,-0.09396377,2.0103235,-1.5759894,0.80750227,1.5999762,1.051872,2.5410888,-0.9315031,-2.099886,2.4562488,-0.9918578,-2.0516315,1.9192263,3.2979722,-1.952864,-2.5903866,3.4132602,0.44186306,-0.50363445,-3.3859038
1.9465649,-3.2017646,-2.0205984,0.847658,0.327292,1.7065694,-0.59249896,-2.8690875,-0.8773643,2.37699,2.0500095,1.4897442,-0.08895333,1.9581919,-1.6365767,0.67839205,1.6813354,1.0641854,2.5784168,-0.9372078,-2.024844,2.5594265,-1.0471709,-2.1801214,1.9822575,3.3557086,-2.0547125,-2.6583388,3.3819854,0.5229702,-0.6552712,-3.5265934
1.9189708,-3.5357926,-2.3094935,1.1238555,0.18274097,1.5684975,-0.82076776,-2.9129028,-0.7931812,2.241945,2.2543304,1.3541865,-0.19270103,1.9415772,-1.6326532,0.50680894,1.8696592,0.9827579,2.510766,-1.0259106,-1.9607874,2.6770973,-1.3017391,-2.4727757,1.974427,3.5512881,-2.1720614,-2.9759743,3.399751,0.7625483,-0.959016,-3.7699242
1.9585282,-3.2060814,-2.0352242,0.8200575,0.3478719,1.7465136,-0.6314365,-2.9337626,-0.8959525,2.3976414,2.0468981,1.5193965,-0.085771695,2.003904,-1.6158874,0.6891608,1.6900692,1.0480192,2.562655,-0.936271,-2.0426478,2.566813,-1.0887331,-2.159685,2.0021448,3.383084,-2.0660434,-2.71044,3.4674625,0.49836913,-0.6198368,-3.542989
2.028163,-2.822188,-1.7611145,0.6482093,0.53016394,1.8439376,-0.43073487,-2.7992852,-0.8652522,2.3433387,1.8165016,1.5241146,-0.1471436,2.0698097,-1.5238396,0.86444205,1.450745,1.0222595,2.4477074,-0.83691484,-2.1198733,2.2771087,-0.86525476,-1.8720081,1.7861049,3.1016896,-1.815088,-2.3318279,3.2861621,0.29908532,-0.37654835,-3.1674645
1.990743,-2.9287634,-1.8255892,0.7732379,0.45137447,1.7454808,-0.4697977,-2.7486765,-0.85298693,2.3648915,1.9124348,1.465604,-0.116139196,1.959527,-1.54524,0.81575507,1.4923322,1.0511249,2.5335011,-0.87714607,-2.071971,2.3903565,-0.905746,-1.9979881,1.8430113,3.2133355,-1.8740953,-2.4409187,3.2994378,0.3975087,-0.44814762,-3.324157
1.9489254,-2.7534478,-1.6495365,0.6766753,0.5206372,1.7128252,-0.3686547,-2.6238582,-0.8588861,2.366635,1.8137462,1.4195211,-0.11952267,1.8956379,-1.4982427,0.8355873,1.3291311,1.0364912,2.5184624,-0.77126116,-2.0084128,2.3084896,-0.7815988,-1.8766315,1.7495506,3.051134,-1.7651876,-2.2293565,3.1643167,0.3158674,-0.3553159,-3.1803968
1.9533246,-2.7093918,-1.6177603,0.65455997,0.56445825,1.7177086,-0.37210354,-2.6204574,-0.8611373,2.3742805,1.7841022,1.4072831,-0.13787158,1.912002,-1.460275,0.847511,1.2737242,1.0222123,2.486848,-0.73835474,-2.0034585,2.2635124,-0.78194726,-1.8336098,1.7082484,3.0271077,-1.7236181,-2.191958,3.164292,0.2822774,-0.31135386,-3.1496818
1.9504948,-3.2310207,-2.0956109,0.96134186,0.27304527,1.6743908,-0.69639385,-2.8597264,-0.80184335,2.2604296,2.0714393,1.4193867,-0.18696795,1.9778576,-1.5890532,0.65494984,1.7106705,0.9524439,2.4788284,-0.97413224,-2.042884,2.5433931,-1.1538996,-2.214413,1.8985907,3.3725114,-2.0424678,-2.7410026,3.3714242,0.5797014,-0.6900752,-3.5385432
1.9856926,-3.2943192,-2.1841462,1.0202802,0.25590682,1.6881536,-0.74247825,-2.8822713,-0.7769367,2.210673,2.1060147,1.4206406,-0.20836361,2.014663,-1.597196,0.6401583,1.7731946,0.957664,2.4443145,-1.0216959,-2.070984,2.52442,-1.2105994,-2.2577093,1.8833334,3.4244666,-2.0559878,-2.7992306,3.3726335,0.6235008,-0.7410566,-3.547572
1.906781,-3.3178802,-2.1798687,1.112542,0.17592748,1.6001978,-0.7480068,-2.7763436,-0.7346591,2.1251762,2.1512184,1.3264878,-0.24112885,1.9130799,-1.5888307,0.5754124,1.7751423,0.8795024,2.4355278,-1.0045698,-1.9798816,2.581719,-1.248544,-2.3236382,1.8227851,3.4026082,-2.0589728,-2.8102682,3.2803962,0.69444454,-0.803895,-3.591037
1.9229529,-3.3407722,-2.1947165,1.1596344,0.17342778,1.5841401,-0.7584941,-2.7721443,-0.7120172,2.1351268,2.1766346,1.3088411,-0.24886641,1.9024088,-1.5794296,0.5919272,1.791042,0.886117,2.4461274,-1.0224231,-1.9945009,2.586945,-1.2556648,-2.3488317,1.8309383,3.4458504,-2.0580833,-2.8536644,3.303545,0.7134476,-0.8132761,-3.6194673
1.9658442,-3.2306705,-2.0952005,1.0166347,0.2564221,1.6641445,-0.65963286,-2.7955697,-0.80643463,2.3047035,2.132903,1.4107447,-0.123537995,1.8939788,-1.6000131,0.6787211,1.7171776,1.0121152,2.5755057,-1.0067964,-2.0576406,2.6039705,-1.1248944,-2.26297,1.9461946,3.460526,-2.0535862,-2.7827725,3.3931344,0.6009277,-0.66644174,-3.6044793
1.9522526,-3.0656154,-1.9528853,0.8384968,0.31611973,1.7359807,-0.5543688,-2.7706246,-0.85595286,2.3337982,2.0116022,1.47523,-0.08978276,1.9205068,-1.6062975,0.7241472,1.6213322,1.012634,2.5639052,-0.9426675,-2.0665913,2.5334766,-1.0071343,-2.105136,1.9146116,3.3074944,-1.9995846,-2.5866096,3.3333156,0.48257533,-0.5496089,-3.443261
1.9525862,-3.0915685,-1.9927971,0.93563336,0.31781882,1.690892,-0.61127126,-2.7377496,-0.7774932,2.2169995,2.0118651,1.385596,-0.21004274,1.9456266,-1.5582088,0.6862433,1.6270802,0.91620195,2.4377968,-0.9423742,-2.0442023,2.45402,-1.0754573,-2.122337,1.7766545,3.2669501,-1.944897,-2.569426,3.229802,0.52537966,-0.60534465,-3.4035974
1.9278209,-3.1796355,-2.0241737,0.9970274,0.2962673,1.6141806,-0.64232886,-2.7327132,-0.7736099,2.257011,2.0760128,1.3354366,-0.21156117,1.8936399,-1.5522673,0.6519505,1.6255261,0.9295684,2.4910774,-0.93333423,-2.007244,2.5295818,-1.094188,-2.2066338,1.8237492,3.3322666,-1.9737873,-2.6465611,3.2535357,0.5718625,-0.6680543,-3.5144527
1.893083,-3.084378,-1.9070435,0.86120856,0.34022304,1.6295798,-0.5683134,-2.7192369,-0.8617133,2.383702,2.0233896,1.3889544,-0.10957708,1.8466234,-1.5656321,0.6677195,1.5260751,1.0088074,2.5755715,-0.86893576,-1.9711291,2.547919,-0.9943032,-2.1295438,1.8987694,3.2905,-1.9715462,-2.5499475,3.2892952,0.4891222,-0.5674238,-3.5021064
1.9234177,-3.124495,-1.959233,0.87009346,0.3239314,1.6523072,-0.59566057,-2.7737167,-0.85721767,2.3653953,2.0306325,1.4186004,-0.11284814,1.8868498,-1.5843607,0.6799308,1.5825412,1.0166851,2.5703743,-0.9102476,-2.0083604,2.5509114,-1.0195376,-2.1536818,1.9258149,3.3178077,-2.002743,-2.6058655,3.3324027,0.5110569,-0.5987565,-3.5128815
1.9365116,-3.2807794,-2.1128182,0.99670905,0.23037207,1.6360977,-0.68631124,-2.8224308,-0.8047638,2.2720668,2.1273658,1.3999559,-0.16091372,1.9092999,-1.6146519,0.63106513,1.7336686,0.97508603,2.5419319,-0.9874476,-2.0238662,2.6156595,-1.141424,-2.2769344,1.9386536,3.4157364,-2.0812063,-2.778743,3.3608334,0.62721,-0.74012816,-3.6017342
1.9240687,-3.3669555,-2.2247384,1.1389688,0.17820619,1.605559,-0.7726515,-2.797429,-0.71693987,2.118526,2.1772459,1.3202248,-0.26135284,1.9440161,-1.5913823,0.5653547,1.8084778,0.875819,2.4202383,-1.0238012,-2.0011206,2.5742662,-1.2722825,-2.3436894,1.8175328,3.4281094,-2.0662246,-2.8349574,3.2769787,0.7101677,-0.8356878,-3.598751
1.9191021,-3.3641047,-2.2059207,1.2003499,0.19426695,1.5664375,-0.782094,-2.7501767,-0.7018062,2.170802,2.2008393,1.2689205,-0.26088113,1.8960934,-1.5491095,0.5802219,1.776775,0.8716976,2.4373765,-1.0196989,-1.990628,2.585031,-1.2810594,-2.365171,1.8133307,3.4826806,-2.044127,-2.8649585,3.2971084,0.70828426,-0.8060091,-3.6543941
1.9182466,-3.3236651,-2.1127713,1.1449782,0.22692816,1.5303319,-0.7110812,-2.701121,-0.74434465,2.2874753,2.2064679,1.266667,-0.18403931,1.8106229,-1.5629653,0.594499,1.686779,0.9656931,2.5488532,-0.9651777,-1.9837201,2.6300044,-1.1472628,-2.3665323,1.8961405,3.4865196,-2.0274968,-2.8114402,3.2935238,0.6734578,-0.7723241,-3.6851108
2.5432973,-3.0956197,-2.440981,1.6097403,0.66676867,1.6973164,-0.92008084,-2.3790612,-0.17625523,1.8960797,2.347011,1.1023068,-0.5663007,1.9564928,-0.94770133,0.90886134,1.9917351,0.9333512,1.7613423,-1.3939989,-2.0003638,1.658375,-1.5784729,-2.1583683,1.3308976,3.7604718,-1.6971067,-3.1842952,3.1838794,0.81516063,-0.9210474,-3.0857477
2.4820163,-2.8775022,-2.0334594,1.2714182,0.8341986,1.7241926,-0.5406486,-2.3355832,-0.37361807,2.1711893,2.095801,1.24322,-0.3580427,1.8541492,-1.1136243,1.0651433,1.6825955,1.1511334,2.0727925,-1.2032253,-2.1167583,1.7443702,-1.0736673,-1.9142096,1.491867,3.5968125,-1.6829535,-2.907195,3.171114,0.6093843,-0.5914065,-3.0356421
2.47761,-3.0238986,-2.2020085,1.4214163,0.7240771,1.7027485,-0.6719775,-2.3875155,-0.34703365,2.0853996,2.2080324,1.1902049,-0.42409986,1.8499033,-1.1052735,0.9802435,1.8352768,1.084045,2.0210085,-1.291795,-2.0705037,1.8091644,-1.2467674,-2.084144,1.4986589,3.7094505,-1.770442,-3.050769,3.2194648,0.737476,-0.77056396,-3.1608834
2.4958603,-3.0308576,-2.2239933,1.465687,0.68281144,1.7245697,-0.71374905,-2.3679545,-0.34043056,2.0327926,2.2431202,1.1840175,-0.41086954,1.8160105,-1.1327641,0.95950234,1.9027021,1.0989685,2.005652,-1.3079225,-2.0380368,1.8175691,-1.2912427,-2.144085,1.5032457,3.7521946,-1.8133965,-3.122674,3.2411141,0.7777108,-0.79268426,-3.2084572
2.4615192,-2.9472008,-2.0932837,1.3618414,0.72340727,1.710639,-0.6267333,-2.3236132,-0.38141307,2.0834289,2.1744347,1.2044463,-0.36160517,1.7776216,-1.1610267,0.9837575,1.8153028,1.1433661,2.0528004,-1.2364398,-2.0286088,1.8184553,-1.166799,-2.0659027,1.5290699,3.675902,-1.7913826,-3.0333538,3.2112598,0.7273271,-0.7210499,-3.1758475
2.4585676,-3.0682938,-2.2995026,1.5084934,0.6362769,1.6649777,-0.77748984,-2.3510852,-0.3063866,1.9798377,2.282454,1.140646,-0.4645211,1.8125763,-1.08063,0.8912071,1.9509315,1.0277936,1.9203379,-1.3297135,-1.9656578,1.7944357,-1.391226,-2.1874883,1.4809058,3.732853,-1.8082955,-3.1316907,3.1925945,0.84139806,-0.90912867,-3.1922727
2.5077975,-3.037464,-2.3312402,1.5314314,0.6569088,1.6921518,-0.8250224,-2.3437514,-0.25351053,1.9450458,2.2936065,1.139,-0.48743868,1.852472,-1.0358435,0.9153414,1.9580911,1.0059117,1.8732154,-1.3632171,-1.9824972,1.728646,-1.442221,-2.1633308,1.4302378,3.7365146,-1.7737777,-3.1481175,3.1913261,0.82131845,-0.8737987,-3.136361
2.5232174,-3.0413907,-2.2727017,1.4863735,0.6826226,1.716965,-0.78833306,-2.3807664,-0.28959054,2.0010383,2.266896,1.1673864,-0.4601005,1.8525547,-1.0746288,0.9495772,1.9224885,1.0379436,1.9404688,-1.3385705,-2.037394,1.7807201,-1.3660787,-2.1411808,1.4554776,3.7617328,-1.7888178,-3.147172,3.244283,0.7940051,-0.822054,-3.1790872
2.5174782,-3.104815,-2.3736804,1.563355,0.633065,1.6931185,-0.86716115,-2.390863,-0.25532407,1.9415125,2.3177211,1.1323875,-0.5065664,1.8716261,-1.040426,0.90395117,1.9919176,0.9857696,1.8764362,-1.3742974,-2.0017984,1.7695408,-1.4819072,-2.2072022,1.432828,3.7827249,-1.8008105,-3.205216,3.238037,0.8504232,-0.9152193,-3.1904278
2.4223087,-3.0205054,-2.2730715,1.3234408,0.69340485,1.5727828,-0.91419286,-2.4056387,-0.20212796,2.0124626,2.2008011,1.0824107,-0.5458442,2.0813787,-0.9329964,0.90365887,1.7859427,0.94114,1.8268188,-1.256027,-1.9305111,1.6404612,-1.4863814,-2.0212922,1.3094918,3.5421538,-1.6573203,-3.0087361,3.1425934,0.7505265,-0.915016,-2.9915574
2.4165685,-3.0270793,-2.3078642,1.3297639,0.68100405,1.5655937,-0.9471949,-2.4025998,-0.18135533,1.9921162,2.215084,1.0702579,-0.5635333,2.1179388,-0.9156659,0.89203626,1.7942127,0.9312541,1.802146,-1.2550508,-1.9034796,1.6093327,-1.5324837,-2.0263107,1.2793074,3.523864,-1.6306826,-3.0078647,3.1234443,0.75189555,-0.94218236,-2.9644046
2.401481,-2.9847646,-2.2059586,1.2509573,0.72517556,1.5650184,-0.85679245,-2.4143727,-0.22728243,2.0665991,2.156916,1.1031592,-0.5200989,2.0868697,-0.947134,0.92145574,1.7217739,0.96826535,1.8661125,-1.2160194,-1.9363445,1.6386982,-1.4151644,-1.966795,1.3240011,3.4976413,-1.6404167,-2.9404178,3.1250412,0.70944244,-0.8642193,-2.964971
2.4193625,-2.8643029,-2.0046792,1.1030324,0.8252045,1.5994275,-0.7078376,-2.3871746,-0.27359298,2.1607413,2.03679,1.1651059,-0.44737616,2.0534172,-0.9846935,1.0098313,1.5889114,1.0363308,1.9471741,-1.1313915,-2.0027666,1.6320502,-1.2040292,-1.8173565,1.3400409,3.4297633,-1.5954487,-2.828038,3.1189132,0.6052388,-0.68282586,-2.9045994
2.4168782,-2.800029,-1.919956,1.0322752,0.87673444,1.6189741,-0.6383278,-2.3656857,-0.29370356,2.2072186,1.983292,1.2077981,-0.41044468,2.0392623,-0.9887823,1.0426973,1.5279602,1.0644367,1.9877144,-1.1020299,-2.037864,1.6188815,-1.1052808,-1.7447231,1.3502061,3.3927727,-1.5674214,-2.7493644,3.097492,0.5565217,-0.59207475,-2.8573153
2.448378,-2.796163,-1.8882809,1.0224562,0.9058983,1.6647565,-0.5985773,-2.3770936,-0.31955355,2.2291007,1.9549145,1.241041,-0.39286423,2.0173802,-1.0101529,1.0802848,1.5297443,1.0920498,2.040544,-1.1169622,-2.1056302,1.6479762,-1.028691,-1.7270702,1.3675598,3.4253764,-1.5900502,-2.7499607,3.1359973,0.54706466,-0.5339956,-2.8775396
2.4430947,-2.919948,-2.0871768,1.1606599,0.8114711,1.6223114,-0.7545675,-2.4212043,-0.27163804,2.137936,2.067129,1.1777072,-0.46233863,2.0567234,-0.9717253,0.99468386,1.6576532,1.0176764,1.9597238,-1.214711,-2.0463126,1.6672207,-1.23854,-1.8818533,1.363492,3.4965453,-1.6492563,-2.8777642,3.1539617,0.6476767,-0.719159,-2.946694
2.4225845,-3.025522,-2.2236915,1.2717924,0.7283723,1.584231,-0.86569405,-2.4434097,-0.24136035,2.0687268,2.1658168,1.1102746,-0.5217039,2.0801554,-0.9526262,0.92282647,1.7489159,0.96400326,1.8821722,-1.2414769,-1.9792776,1.6826435,-1.406408,-1.9940903,1.3400261,3.5497093,-1.6734394,-2.9752057,3.1622694,0.73041546,-0.87801754,-3.0109208
2.3872933,-3.07552,-2.3147595,1.3255972,0.66176695,1.5510352,-0.9549888,-2.4476507,-0.21192233,2.0190456,2.226921,1.0700363,-0.5605711,2.1112337,-0.9293829,0.86820793,1.8046057,0.91975623,1.8217033,-1.2432986,-1.9078776,1.6637018,-1.5316356,-2.057473,1.3165281,3.544784,-1.6663796,-3.0149546,3.1461976,0.7790114,-0.98254216,-3.0126526
2.3768153,-3.005007,-2.2046363,1.2217214,0.73550206,1.5581388,-0.8442942,-2.454367,-0.24967892,2.1089067,2.145173,1.1198648,-0.51124966,2.1093078,-0.9452721,0.9215657,1.7062054,0.97080344,1.8975556,-1.212333,-1.9562092,1.6563755,-1.3897159,-1.9615132,1.3515351,3.4878762,-1.6440322,-2.8993118,3.120595,0.701815,-0.8649213,-2.9616704
2.3850958,-2.8622277,-1.9660565,1.0260929,0.8721617,1.6079766,-0.64374155,-2.4361932,-0.3163589,2.2512956,1.9991118,1.2097214,-0.42701888,2.0742593,-0.98169154,1.0315813,1.5280477,1.0497587,2.013458,-1.1100824,-2.0589204,1.6473519,-1.1168594,-1.7654009,1.3750241,3.4036293,-1.5762781,-2.7166014,3.1035714,0.56807387,-0.62867916,-2.872151
2.3947587,-2.7147565,-1.7767899,0.90790623,0.9539574,1.646973,-0.5167111,-2.3555021,-0.33344656,2.3054585,1.8920329,1.262625,-0.3615904,2.0313528,-0.9991967,1.1085083,1.4078128,1.1032515,2.0602946,-1.0214093,-2.093592,1.602186,-0.94989955,-1.6174653,1.3630537,3.324498,-1.5075804,-2.6072874,3.0747514,0.46963042,-0.44608778,-2.77989
2.4478595,-2.7698553,-1.8467236,0.97475564,0.9360072,1.667305,-0.5833638,-2.3887553,-0.3112123,2.2635818,1.9265047,1.2520052,-0.38841408,2.0469177,-0.99173033,1.106254,1.4813292,1.0863024,2.045136,-1.0836884,-2.1180596,1.6273606,-1.009619,-1.6776756,1.3568151,3.3963208,-1.5491365,-2.7081041,3.133144,0.5027645,-0.4916088,-2.8309188
2.4500139,-2.9316313,-2.0925596,1.160759,0.82965153,1.6265234,-0.7553071,-2.4433656,-0.25853354,2.1602151,2.070331,1.1784725,-0.46915692,2.09442,-0.95645446,1.0137299,1.6441572,1.0143028,1.9522759,-1.2035226,-2.0615125,1.6493566,-1.2549458,-1.8603529,1.3484501,3.5010898,-1.619064,-2.8674412,3.1589637,0.6196798,-0.70849997,-2.9247408
2.4931006,-2.9066784,-1.9951999,1.2655318,0.78479457,1.7041543,-0.6188423,-2.34981,-0.36775225,2.1365986,2.1030145,1.231035,-0.38262945,1.8059059,-1.1432374,1.0343636,1.739199,1.1003633,2.0939229,-1.202365,-2.123495,1.8284099,-1.0523363,-1.9713304,1.5219705,3.6348312,-1.7516569,-3.0034192,3.2571747,0.67667675,-0.6356149,-3.1503584
2.5204792,-2.899572,-1.9908187,1.2764685,0.7891405,1.7240667,-0.6275643,-2.34586,-0.3614203,2.12143,2.0968008,1.2380636,-0.37606657,1.8046684,-1.1520836,1.0507205,1.7545407,1.1127083,2.0962656,-1.2034042,-2.1366386,1.8240277,-1.0511339,-1.9751542,1.517878,3.6481633,-1.7537777,-3.0341575,3.272152,0.67108,-0.6147231,-3.1548085
2.5450168,-2.9403324,-2.0507646,1.3244625,0.7674984,1.7313144,-0.6801175,-2.3714664,-0.3403743,2.0874476,2.1218493,1.2235072,-0.3984659,1.8269265,-1.1426637,1.0448983,1.8006012,1.09424,2.0737069,-1.2352049,-2.1406925,1.8271631,-1.1164957,-2.0209112,1.5082505,3.6855576,-1.7733701,-3.0956092,3.2989624,0.6980237,-0.65037143,-3.1767538
2.5497842,-2.9502444,-2.0625772,1.3369372,0.7662469,1.7371438,-0.6833781,-2.3746095,-0.33707088,2.0807931,2.1224577,1.2266182,-0.40637463,1.8304764,-1.1417825,1.049479,1.8133446,1.0892055,2.078095,-1.2483245,-2.154497,1.8266737,-1.1165015,-2.02494,1.5052998,3.6911263,-1.775884,-3.0995662,3.302058,0.7048307,-0.650504,-3.1788988
2.591123,-2.9895253,-2.180026,1.4088529,0.7522609,1.7443542,-0.77502024,-2.3921964,-0.27665237,2.0196166,2.1737785,1.1993854,-0.46340457,1.8860123,-1.0821238,1.0268118,1.870908,1.0370686,1.99305,-1.3203279,-2.1469872,1.7807548,-1.2468297,-2.0672421,1.4491973,3.7291713,-1.7665409,-3.1554027,3.2973359,0.73385346,-0.70981073,-3.159141
2.5773487,-3.0422902,-2.2068105,1.4253399,0.7396952,1.7364528,-0.77671796,-2.4228337,-0.2906364,2.0340083,2.1867173,1.1970118,-0.47295696,1.8966675,-1.0871124,1.0140346,1.885011,1.0310513,2.0115776,-1.3274283,-2.1656957,1.8139164,-1.2492783,-2.0888867,1.4530796,3.7534556,-1.7774643,-3.1586738,3.305915,0.75505733,-0.7443374,-3.1916766
2.592853,-3.0382447,-2.217139,1.4416592,0.7292594,1.743357,-0.8023952,-2.4165723,-0.27691275,2.008351,2.192631,1.1889083,-0.47748727,1.8950641,-1.0890223,1.0144172,1.9041154,1.0288239,1.9919412,-1.3345661,-2.1560462,1.8055404,-1.2771881,-2.102636,1.4446708,3.76333,-1.7836806,-3.1913567,3.317041,0.76412266,-0.7464131,-3.19992
2.5776691,-3.0258012,-2.1794443,1.425566,0.7302373,1.7436367,-0.7588994,-2.4146261,-0.30537152,2.0379863,2.183809,1.2077104,-0.44695535,1.8627113,-1.1209533,1.0230184,1.8896147,1.0550158,2.038508,-1.3129148,-2.1586602,1.8313916,-1.2262468,-2.1023378,1.4864147,3.761008,-1.7967037,-3.1750913,3.3233693,0.74958974,-0.7209101,-3.213653
2.5935347,-3.058227,-2.2621243,1.470903,0.71006185,1.7376049,-0.82951975,-2.4265819,-0.2696602,1.9952904,2.2257962,1.1830138,-0.4839982,1.8934424,-1.0822897,0.99195975,1.9321619,1.0184637,1.9782174,-1.3570497,-2.1401012,1.8061298,-1.3215418,-2.1395504,1.4517376,3.7860038,-1.7988523,-3.2169182,3.3201706,0.78340125,-0.77897215,-3.2099965
2.5675142,-3.0351665,-2.2092953,1.4233518,0.72583634,1.7287661,-0.77448153,-2.4206624,-0.2976225,2.0354333,2.197093,1.1937077,-0.46368456,1.881382,-1.0983222,1.0049694,1.8858246,1.0377136,2.0115778,-1.3256872,-2.1422265,1.8164368,-1.2575468,-2.1034877,1.4734684,3.7500985,-1.7951072,-3.1666915,3.3100276,0.7593246,-0.7519851,-3.1965783
2.5490165,-3.0338666,-2.2041202,1.4182563,0.7091751,1.7180121,-0.77160215,-2.4196026,-0.3121577,2.0375133,2.1985047,1.1974342,-0.4482595,1.8602371,-1.1131127,0.9936689,1.8925489,1.0463485,2.03585,-1.3276999,-2.1292315,1.833635,-1.2456814,-2.1240752,1.5058422,3.7457566,-1.821201,-3.1667266,3.312498,0.77484316,-0.76023424,-3.2103825
2.552061,-3.026309,-2.1886783,1.4265893,0.70282197,1.720402,-0.7598136,-2.4023519,-0.31614643,2.0312572,2.2029831,1.1922004,-0.43846196,1.8377832,-1.1318309,0.99451095,1.8973293,1.0580289,2.026526,-1.3052323,-2.1079414,1.8386863,-1.2487665,-2.131968,1.512202,3.7496746,-1.821605,-3.1847434,3.3150768,0.76798075,-0.7595038,-3.2243195
2.5430624,-3.0194936,-2.1687398,1.4060272,0.7140423,1.7181537,-0.74725354,-2.4046068,-0.3239485,2.0484335,2.1936378,1.195758,-0.43572617,1.8404487,-1.1290338,0.999077,1.8739593,1.0578121,2.039055,-1.2973328,-2.120689,1.8443582,-1.2241427,-2.1112628,1.5112813,3.742232,-1.8129978,-3.1584952,3.3124375,0.7609642,-0.7477231,-3.2214534
2.5535545,-3.015412,-2.1750503,1.404258,0.7355859,1.7246048,-0.7375713,-2.4033942,-0.31405118,2.0525546,2.1879818,1.1982946,-0.4490648,1.8615929,-1.111429,1.0089643,1.862915,1.0528486,2.023704,-1.3004726,-2.132831,1.8196367,-1.2234862,-2.0869296,1.4861925,3.7315536,-1.7878363,-3.142135,3.2978883,0.7423388,-0.7362572,-3.1930256
2.6500525,-2.9294019,-2.3807502,1.4723893,0.81938523,1.7092346,-0.9954054,-2.2987225,-0.060819436,1.8209088,2.2271068,1.1309966,-0.6494093,2.083528,-0.7926389,0.9832371,1.8833754,0.85730755,1.6914774,-1.4504006,-2.0833793,1.4747652,-1.5325463,-1.9892883,1.200277,3.5939095,-1.5619543,-3.089107,3.133678,0.69743586,-0.7790033,-2.8439503
2.6471622,-2.9091396,-2.4283798,1.5430532,0.7951402,1.6855891,-1.0516065,-2.2438245,0.002792263,1.7428964,2.27153,1.0969883,-0.69228995,2.0817268,-0.7376956,0.9631728,1.9245752,0.8035676,1.6030557,-1.4724156,-2.0326505,1.4027145,-1.6270634,-2.004821,1.1468394,3.5779176,-1.50249,-3.0914273,3.086463,0.7021369,-0.80826646,-2.7823005
2.6420228,-2.9805012,-2.4591446,1.5611063,0.76502615,1.6970947,-1.054023,-2.2956824,-0.034411095,1.7664219,2.281798,1.0938716,-0.6843716,2.078098,-0.7802615,0.9524566,1.9540468,0.8211848,1.6482,-1.4775318,-2.0565376,1.4753743,-1.6290445,-2.0589237,1.1850659,3.6344905,-1.5723305,-3.1505117,3.1388333,0.74895555,-0.8465384,-2.8732288
2.6367335,-2.973578,-2.423292,1.5379759,0.7666966,1.6916463,-1.0269644,-2.2920394,-0.053967994,1.7848651,2.2627807,1.0988972,-0.6661053,2.0557666,-0.8040973,0.95267904,1.9338585,0.8347637,1.6717415,-1.4532583,-2.0529609,1.5052385,-1.591357,-2.0574093,1.2115015,3.6296878,-1.5900079,-3.1488242,3.143335,0.7463296,-0.84130335,-2.8986537
2.643447,-3.022265,-2.447258,1.5534909,0.7567879,1.6964232,-1.0459958,-2.3317845,-0.0626137,1.7860101,2.2696397,1.0870961,-0.67669356,2.075444,-0.81118137,0.9527478,1.9479809,0.82877445,1.6796528,-1.451181,-2.074002,1.5383066,-1.608606,-2.081829,1.2161458,3.658242,-1.6084276,-3.1894355,3.1822553,0.7637473,-0.8686751,-2.9391067
2.6577384,-3.1018903,-2.5204444,1.6414105,0.7147249,1.7061222,-1.0775207,-2.350869,-0.06319131,1.7460899,2.3216045,1.0696275,-0.7078822,2.048465,-0.8249732,0.92686576,2.025519,0.7980082,1.6617572,-1.4730248,-2.0894368,1.5823019,-1.6626556,-2.162601,1.2260835,3.732922,-1.64062,-3.268311,3.2087822,0.8242363,-0.93340826,-3.010652
2.706096,-3.085316,-2.5456119,1.6748848,0.74416983,1.7335151,-1.0992265,-2.350406,-0.031071126,1.7120132,2.3341928,1.0764282,-0.72669894,2.0712104,-0.7996541,0.95154583,2.0402637,0.7919702,1.6339496,-1.5051987,-2.1212552,1.5373983,-1.6828833,-2.1489806,1.1876571,3.7478542,-1.6011282,-3.2808914,3.2097645,0.7997991,-0.8950818,-2.9775062
2.7028413,-3.0849879,-2.519814,1.6398588,0.7474886,1.7359432,-1.0854839,-2.367593,-0.055951394,1.7418283,2.3088717,1.0885394,-0.71226704,2.066508,-0.8230278,0.9603363,2.0202174,0.81470335,1.6775405,-1.4994749,-2.1326184,1.5691651,-1.6450428,-2.1457837,1.2171203,3.7411485,-1.6354166,-3.2847495,3.2352989,0.8039161,-0.88124573,-3.005849
2.671393,-3.1138844,-2.5296433,1.6452814,0.71177673,1.718079,-1.0876108,-2.3781288,-0.07879104,1.7591165,2.3209763,1.0867586,-0.6981013,2.0422027,-0.84171593,0.93749094,2.0400846,0.8170697,1.7044502,-1.5005679,-2.118239,1.607222,-1.650041,-2.1820092,1.2572557,3.7540207,-1.6807369,-3.2979908,3.2453208,0.84063894,-0.91741866,-3.0419276
2.6651368,-3.0658245,-2.4605315,1.5772467,0.7292728,1.7127616,-1.0547714,-2.3671565,-0.09802595,1.7974323,2.2878451,1.099693,-0.66681945,2.026015,-0.85942,0.9482837,1.9929568,0.84479666,1.7285341,-1.4664171,-2.1044636,1.6132431,-1.5920433,-2.1406717,1.2725985,3.7189968,-1.6818736,-3.2690063,3.2450027,0.8135316,-0.8844093,-3.0328712
2.6852183,-2.9911115,-2.4294057,1.533444,0.7892895,1.7212029,-1.046107,-2.3457708,-0.06761078,1.8025252,2.2683554,1.1192703,-0.66539365,2.063458,-0.81267655,0.97833854,1.9458084,0.84691066,1.7001228,-1.4740951,-2.1143498,1.5309737,-1.5711346,-2.0585725,1.2225101,3.6700466,-1.6066453,-3.1927028,3.2029195,0.74530625,-0.8162649,-2.9298978
2.71194,-2.9877548,-2.4382458,1.532662,0.8276845,1.7493131,-1.0162973,-2.3564677,-0.062307633,1.8157055,2.2599175,1.144096,-0.6646973,2.090108,-0.80501175,1.0060762,1.929629,0.86225414,1.703825,-1.4864107,-2.148882,1.5029027,-1.5480448,-2.0303645,1.2067289,3.6762397,-1.5787545,-3.1665244,3.1924098,0.71009713,-0.77561337,-2.8961713
2.722565,-2.97096,-2.4426177,1.5584934,0.8136889,1.7360563,-1.0603421,-2.3237762,-0.029593263,1.7603315,2.270084,1.1235076,-0.6886461,2.077144,-0.7844701,0.99050236,1.9550741,0.8261776,1.6580975,-1.4896312,-2.1211581,1.4836904,-1.5896022,-2.042745,1.180676,3.6652184,-1.5587549,-3.189204,3.1833425,0.71842146,-0.7916835,-2.8837523
2.7001767,-3.024505,-2.4767494,1.5935562,0.7736865,1.7245903,-1.073705,-2.340897,-0.044858158,1.7582531,2.2981973,1.1111683,-0.6936297,2.0572784,-0.80177575,0.95989096,1.9958893,0.8128308,1.6681006,-1.4934117,-2.1127586,1.5275247,-1.6173702,-2.0979702,1.2062156,3.7031503,-1.6002547,-3.222906,3.1970332,0.7662094,-0.8477634,-2.9401538
2.425858,-3.6647015,-3.0060854,2.4204524,-0.17067996,1.827754,-1.106226,-2.764503,-0.27640706,1.3031343,2.5678315,1.2740498,-0.5317591,1.8567407,-1.5892532,0.7835234,3.177604,0.67374516,1.9282093,-1.8557615,-2.239963,2.3279614,-2.0809064,-2.7863889,1.8978344,4.174426,-2.2352366,-3.9310856,3.5527816,1.2068279,-1.034687,-3.5898597
2.257772,-3.7635283,-2.8552842,2.1152139,-0.2626953,1.8137112,-1.0069255,-2.8024087,-0.48420557,1.4921172,2.495647,1.4243749,-0.33364993,1.6844324,-1.7528715,0.664786,3.0927749,0.8323862,2.1674933,-1.7077935,-2.0389302,2.5612206,-1.9159485,-2.804564,2.1503904,4.1459794,-2.4865148,-3.8951478,3.663365,1.2652851,-1.12831,-3.7726588
2.2330508,-3.8456154,-2.8237793,1.9973309,-0.21107712,1.8231575,-0.9850262,-2.848269,-0.57106,1.6360586,2.524489,1.4784654,-0.27834693,1.678593,-1.8228514,0.62616366,3.001504,0.9265107,2.2648275,-1.5880789,-2.0038958,2.6220603,-1.8403267,-2.8068514,2.2392073,4.1697826,-2.541894,-3.8814805,3.7515857,1.2280285,-1.1439835,-3.9001942
2.3294919,-3.6506188,-2.862102,2.1894462,-0.23292848,1.8132398,-1.0344274,-2.7898514,-0.4145093,1.4069846,2.491464,1.3923321,-0.40695897,1.701189,-1.6854427,0.71972114,3.1277783,0.77248305,2.074101,-1.772473,-2.084281,2.4579406,-1.9689834,-2.7578666,2.0606833,4.126189,-2.3690858,-3.8915095,3.606174,1.2283556,-1.0531037,-3.6506908
2.4975986,-3.4806511,-2.9810483,2.5404332,-0.19566844,1.7729832,-1.1065018,-2.6816344,-0.1457935,1.1223776,2.5090828,1.2052062,-0.6105093,1.833751,-1.4966782,0.89551294,3.2339025,0.57957894,1.8374182,-1.9604183,-2.2759013,2.2086568,-2.1118155,-2.7566395,1.7915722,4.094825,-2.1085181,-3.899795,3.447488,1.2133129,-0.96729696,-3.4126525
2.3914227,-3.7992027,-2.9658518,2.3304083,-0.19402155,1.8383644,-1.0707328,-2.8025584,-0.34015504,1.4254566,2.6034276,1.332655,-0.46317607,1.8283355,-1.67822,0.75928676,3.1224096,0.74780643,2.069055,-1.7445877,-2.2168543,2.4672527,-1.9952587,-2.8349774,2.0215898,4.2164583,-2.3486767,-3.9420753,3.6532993,1.2296722,-1.0899849,-3.7538025
2.4135978,-3.6598573,-2.8687823,2.2817788,-0.16358775,1.8597294,-1.0230442,-2.803936,-0.31644186,1.3938358,2.5643172,1.3462795,-0.47818536,1.8293569,-1.6442848,0.8351003,3.1406944,0.72781086,2.0618522,-1.7772961,-2.2423496,2.4354439,-1.9559801,-2.743074,2.008413,4.171953,-2.301316,-3.8575656,3.625463,1.1680379,-1.0064965,-3.6300766
2.3369994,-3.719645,-2.8502097,2.1900067,-0.17435601,1.8608443,-1.0023185,-2.8295074,-0.4077986,1.4698406,2.538752,1.3808037,-0.40875983,1.7978375,-1.6963307,0.761116,3.0965073,0.79545146,2.1243412,-1.7330935,-2.1775231,2.5063882,-1.9183073,-2.7522788,2.084247,4.1732955,-2.3885012,-3.867415,3.674132,1.1744041,-1.0388855,-3.7169824
2.2176623,-3.8291771,-2.897872,2.1482255,-0.28175846,1.8092477,-1.0574714,-2.8156006,-0.47866908,1.503898,2.524284,1.3965105,-0.33576697,1.7187475,-1.7502968,0.62431824,3.1074955,0.8260644,2.1514268,-1.7099797,-2.0280724,2.5846038,-1.9603367,-2.8556151,2.1402888,4.164244,-2.502402,-3.9236572,3.662716,1.2755027,-1.1616796,-3.8145576
2.4467752,-3.238442,-2.1367106,1.8970022,0.18450509,1.898233,-0.43433148,-2.454318,-0.28868908,1.9233433,2.4634712,1.3906044,-0.33389655,1.6792446,-1.624027,1.1449844,2.3259807,0.8030262,2.4961648,-1.2740679,-2.439668,2.4596062,-1.0961813,-2.380381,2.079599,3.9649348,-1.9126928,-3.2459598,3.6033816,0.73387843,-0.49623433,-3.6467667
2.4897366,-2.696198,-1.9001179,1.9607761,0.3211158,2.0041146,-0.15454622,-2.1079326,-0.14638838,1.77165,2.2829156,1.2778251,-0.38301486,1.7283485,-1.4894451,1.3524843,2.1930227,0.640308,2.211703,-1.2931466,-2.5028234,2.1697364,-0.9451105,-2.1146767,1.8062977,3.6970527,-1.5734022,-2.8603847,3.2679214,0.46967697,-0.18012068,-3.214917
2.5875614,-3.0743809,-2.3321366,2.285408,0.18509866,1.9279022,-0.49379882,-2.2982106,-0.052873444,1.5939229,2.4520562,1.2258731,-0.51426923,1.8359782,-1.4746153,1.2278132,2.5288038,0.57158816,2.1002426,-1.5252316,-2.5428448,2.1943004,-1.3227636,-2.3847034,1.7877941,3.9275444,-1.7293628,-3.25232,3.3536754,0.7184199,-0.4516038,-3.3731186
2.4590104,-3.3964229,-2.3854766,2.1139407,0.109587654,1.9167063,-0.54793644,-2.5174968,-0.2404226,1.7671261,2.5152361,1.3546084,-0.40100464,1.7649428,-1.6155517,1.0557588,2.5186467,0.7460683,2.3791382,-1.422973,-2.4222503,2.4656987,-1.3494139,-2.5303447,2.0025954,4.089541,-2.0156884,-3.4207973,3.6185977,0.8282879,-0.6407202,-3.7168298
2.422224,-3.3345768,-2.2818496,2.040004,0.13150144,1.9241409,-0.49514684,-2.4906611,-0.26480818,1.8464708,2.4890041,1.3619249,-0.35928,1.7143404,-1.6236204,1.0795158,2.4469502,0.78311896,2.4209907,-1.360406,-2.3910973,2.482394,-1.278319,-2.4782455,2.02678,4.06162,-2.0052605,-3.3573518,3.6325564,0.78758353,-0.58713686,-3.716098
2.5209284,-3.2206001,-2.4424324,2.3415194,0.16087732,1.9636253,-0.5691718,-2.4101603,-0.11076131,1.5765928,2.5171356,1.2165779,-0.48090225,1.8736641,-1.5186474,1.1700784,2.6144645,0.6662003,2.1420074,-1.5457668,-2.5216248,2.2964218,-1.46947,-2.4455566,1.8427212,4.0589004,-1.8722293,-3.3861809,3.5104835,0.7581738,-0.51205224,-3.5140853
2.500616,-3.267114,-2.5384498,2.3669517,0.06429829,1.9534113,-0.6427911,-2.4273365,-0.090181135,1.4966921,2.5232904,1.2319305,-0.47684985,1.8848104,-1.527856,1.1191657,2.690482,0.6592321,2.1331425,-1.63309,-2.4870906,2.3397927,-1.5578482,-2.5127661,1.8327103,4.081075,-1.9394233,-3.4669755,3.5110936,0.82230014,-0.587716,-3.537457
2.5081813,-3.2681108,-2.420479,2.1955402,0.105798624,1.9380686,-0.5426036,-2.4480796,-0.18060878,1.6034014,2.4767437,1.3199921,-0.38246006,1.8094149,-1.601054,1.1605799,2.597456,0.75444615,2.3170981,-1.5430158,-2.5102878,2.397087,-1.3902804,-2.4925067,1.9774601,4.0749674,-1.9629654,-3.429866,3.609642,0.80620325,-0.5669731,-3.5987372
2.249968,-3.2500718,-2.146958,1.7695673,0.10866104,1.9414914,-0.35414767,-2.482685,-0.462395,1.8912525,2.3568354,1.4570404,-0.13331047,1.6856896,-1.7616413,1.0749983,2.3669233,0.9838675,2.651096,-1.3140215,-2.2937896,2.643456,-1.1719388,-2.4336007,2.1731827,3.9974766,-2.134555,-3.281075,3.7467728,0.7122261,-0.5688197,-3.764754
2.3335614,-3.6081004,-2.459414,1.9834648,0.041641537,1.9123423,-0.64116514,-2.6692529,-0.4067046,1.8362758,2.5476613,1.4174036,-0.30725735,1.7795832,-1.732181,0.9400096,2.5712028,0.9069923,2.5194619,-1.396135,-2.3055234,2.6470678,-1.4394557,-2.6390014,2.160963,4.1720634,-2.2630486,-3.5549912,3.8143566,0.90934527,-0.7979835,-3.9403458
2.33114,-3.1378555,-2.0632043,1.7948078,0.19314876,1.9584758,-0.3036049,-2.4163687,-0.3630436,1.8850216,2.3784685,1.4437872,-0.22475219,1.6614186,-1.686375,1.1259179,2.2566414,0.90075815,2.5941315,-1.2554784,-2.3373513,2.54108,-1.072211,-2.3588471,2.096253,3.9712505,-1.9715278,-3.1755385,3.6780381,0.64491117,-0.44841433,-3.6972604
2.601143,-3.1045773,-2.3793154,2.2720242,0.15431198,1.9499546,-0.578428,-2.3482814,-0.011504531,1.5163132,2.4631531,1.2741282,-0.5431453,1.8261433,-1.4730948,1.1952713,2.5639606,0.565775,2.0658178,-1.5287532,-2.4883876,2.1983476,-1.4214278,-2.3772244,1.7736826,3.9669983,-1.7450168,-3.2952838,3.4180672,0.7426024,-0.4771863,-3.3847957
2.5400262,-3.152038,-2.385132,2.2275627,0.083175756,1.9527636,-0.5338195,-2.36167,-0.07044377,1.5424103,2.4529982,1.3051488,-0.42015046,1.807436,-1.5623457,1.1914529,2.579044,0.6747188,2.2243161,-1.5587575,-2.4837081,2.3382535,-1.3980881,-2.4437976,1.8660549,4.0261493,-1.8574413,-3.3667023,3.5153618,0.7683881,-0.5214728,-3.4945884
2.4079356,-3.558267,-2.546209,2.140057,-0.047957353,1.9263102,-0.6890295,-2.5791883,-0.2586723,1.6873114,2.5567288,1.3768969,-0.34361118,1.7770536,-1.6831795,0.978814,2.673062,0.805329,2.3872397,-1.5172886,-2.36382,2.5808296,-1.5049851,-2.6450865,2.0816019,4.171075,-2.2037616,-3.60089,3.7095325,0.9734994,-0.7849911,-3.8388145
2.524516,-3.3655922,-2.3446333,2.098194,0.13227619,1.9002216,-0.57907933,-2.4861965,-0.2042013,1.7878269,2.5447206,1.3370897,-0.4174207,1.7561228,-1.5863359,1.1134422,2.5006213,0.72696084,2.3560681,-1.4026864,-2.484964,2.3971503,-1.2815421,-2.475122,2.0186903,4.0506363,-1.9318151,-3.3976784,3.5763173,0.8369648,-0.5858825,-3.6438575
2.4994245,-3.5466247,-2.4815679,2.119964,0.1094921,1.8785492,-0.665975,-2.6077595,-0.2647011,1.8041737,2.5919619,1.3477013,-0.42496338,1.8039354,-1.6148106,1.0160375,2.5639393,0.76264673,2.3918881,-1.4356234,-2.4684873,2.4639344,-1.3894119,-2.5848675,2.04248,4.139833,-2.0522227,-3.5368476,3.6591084,0.90848386,-0.71934384,-3.7700856
2.4122012,-3.445935,-2.4392219,2.1532285,0.06601854,1.8948902,-0.59828264,-2.5052924,-0.25291353,1.7615284,2.5604062,1.3139551,-0.3813707,1.778442,-1.622665,0.9992775,2.5311608,0.7611064,2.4134793,-1.4706314,-2.4205916,2.5149364,-1.3888265,-2.5914083,1.9926888,4.12853,-2.0650363,-3.4843297,3.6239605,0.8716782,-0.6840564,-3.7993844
2.47582,-3.4964652,-2.5432403,2.2323608,0.07267558,1.9067295,-0.6525242,-2.5498261,-0.2347138,1.7003181,2.5803852,1.3078358,-0.42241973,1.8363403,-1.6069714,1.0091312,2.613976,0.7385823,2.351052,-1.5344582,-2.4859369,2.475843,-1.4686273,-2.6125398,1.9773169,4.1619554,-2.0679479,-3.5547576,3.6380818,0.89261943,-0.7059762,-3.7678287
2.4970837,-3.3633294,-2.6009598,2.4156582,0.08542352,1.9219711,-0.64955664,-2.4291255,-0.13133748,1.5599524,2.568869,1.196059,-0.5025171,1.919294,-1.5118588,1.0411638,2.6355321,0.6237802,2.1530213,-1.6460192,-2.5408885,2.3536406,-1.5507025,-2.5682168,1.7971201,4.112665,-1.9468844,-3.505919,3.4811416,0.84738123,-0.62958604,-3.618094
2.412525,-3.4514503,-2.4820395,2.194006,0.054563344,1.900754,-0.6107179,-2.5174942,-0.25797993,1.7218806,2.5378573,1.3091471,-0.3884987,1.8058207,-1.6182148,1.0033908,2.5654304,0.752859,2.3773065,-1.5059903,-2.4376354,2.515841,-1.4532824,-2.5980473,1.9740393,4.133172,-2.0886412,-3.5052955,3.635229,0.8719901,-0.6975647,-3.779305
2.4901445,-3.315438,-2.4057083,2.200432,0.12519379,1.9070317,-0.5316318,-2.454948,-0.21368912,1.7085298,2.497746,1.2916825,-0.39146146,1.8094556,-1.5871229,1.1247613,2.5330963,0.74498844,2.3558338,-1.506274,-2.5242112,2.422664,-1.3577064,-2.5132432,1.9651283,4.079199,-1.9676039,-3.427486,3.5951157,0.8017561,-0.58573073,-3.6524055
2.4294276,-3.4830775,-2.5215516,2.215117,0.043590713,1.8815296,-0.6316533,-2.5356998,-0.24248362,1.7095509,2.5503592,1.3133625,-0.37666926,1.8171539,-1.6260993,1.001557,2.5926452,0.77424014,2.411834,-1.5353504,-2.4523723,2.517927,-1.4636307,-2.6354709,1.9938059,4.160268,-2.0964599,-3.5509486,3.655845,0.88880235,-0.72366637,-3.7988129
2.4487517,-3.4093997,-2.4289527,2.129684,0.13395622,1.9041048,-0.54268235,-2.5252678,-0.28253332,1.7352712,2.5251443,1.3332597,-0.35852498,1.8188286,-1.6291288,1.0562294,2.5341508,0.8084873,2.456856,-1.4825487,-2.493134,2.473269,-1.3425322,-2.5621614,2.0223398,4.1167803,-2.0406196,-3.465239,3.6577878,0.8184403,-0.64205414,-3.7396045
2.4671094,-2.5829682,-2.0300243,2.159172,0.36373118,2.0082765,-0.11964114,-1.9961067,-0.12106035,1.5228764,2.2681448,1.1537559,-0.37777,1.8750103,-1.4081335,1.3498063,2.2396915,0.64126074,2.170217,-1.482878,-2.6083505,2.0833328,-1.0671029,-2.164579,1.6489033,3.7279193,-1.5326895,-2.9023318,3.220382,0.41000372,-0.15294291,-3.1203163
2.419009,-3.2910638,-2.3854418,2.1308868,0.1378958,1.9620879,-0.46796846,-2.4563558,-0.26774064,1.6621373,2.4673686,1.3350551,-0.34223622,1.8348167,-1.6294991,1.0872076,2.5318303,0.7857586,2.3995101,-1.5010092,-2.4687843,2.464457,-1.3627089,-2.5033042,1.9657948,4.0897207,-2.018229,-3.388002,3.6290412,0.7540703,-0.58689165,-3.6652024
2.436303,-3.1215854,-2.2994218,2.1952329,0.110048816,1.921228,-0.4252983,-2.2985926,-0.16905579,1.6154922,2.4357646,1.2685316,-0.36886945,1.7997544,-1.5703677,1.1588228,2.4641075,0.7074774,2.3317337,-1.5056803,-2.4751077,2.3892095,-1.3061059,-2.4544928,1.8832535,3.9844925,-1.8862765,-3.2854753,3.4792638,0.7254964,-0.50185525,-3.5487015
2.4378827,-3.5860183,-2.584455,2.2307498,-0.023069913,1.869243,-0.7174145,-2.5736935,-0.22961302,1.6656723,2.5875363,1.3313528,-0.38831425,1.8015649,-1.6587368,0.9769541,2.6743555,0.7778925,2.4066691,-1.5446727,-2.4046829,2.5529215,-1.5255059,-2.7081327,2.0463035,4.196098,-2.1592984,-3.6344998,3.692665,0.9770422,-0.80250615,-3.8646939
2.2956862,-3.5504582,-2.432227,1.9922463,0.034429476,1.8845682,-0.5928691,-2.6169467,-0.41379613,1.8052483,2.502644,1.4003203,-0.2542594,1.7699375,-1.7467171,0.9679057,2.5765395,0.93806094,2.5739503,-1.4231584,-2.3061922,2.6399503,-1.4095441,-2.648222,2.179923,4.1478243,-2.2550101,-3.5266232,3.7904294,0.88837206,-0.7742794,-3.9170632
2.142322,-3.7690277,-2.4690297,1.7319187,-0.09965863,1.8568627,-0.69178075,-2.7492876,-0.6126685,1.9230744,2.5249069,1.5038657,-0.1304647,1.7121798,-1.8684969,0.79777974,2.638702,1.0687097,2.65974,-1.3432153,-2.088634,2.8057308,-1.4003589,-2.7049189,2.4006279,4.103185,-2.5172184,-3.6063595,3.8508484,1.0437298,-0.97108305,-4.0584936
2.1611638,-3.7700486,-2.466457,1.7317302,-0.09390776,1.8497242,-0.6773895,-2.752071,-0.6127017,1.9138235,2.5160923,1.5114853,-0.11285947,1.7017666,-1.8838685,0.82347393,2.660375,1.0820954,2.6801066,-1.3337458,-2.10395,2.7898004,-1.3841165,-2.7129972,2.427738,4.0984397,-2.5092294,-3.6067371,3.8546367,1.0440071,-0.9736864,-4.039375
2.1033406,-3.7143676,-2.4132051,1.7184575,-0.12253489,1.8342505,-0.6340229,-2.6915076,-0.6125516,1.9225982,2.4850469,1.4909579,-0.064896904,1.6792217,-1.8879668,0.82059926,2.6152325,1.082969,2.71854,-1.3293537,-2.0802052,2.8268788,-1.3483702,-2.706778,2.4204116,4.0643387,-2.497304,-3.5627532,3.8207328,1.0196946,-0.9480802,-4.0398526
2.1623645,-3.7202568,-2.4515333,1.80086,-0.11199142,1.8814914,-0.64090097,-2.6920705,-0.576155,1.886152,2.5082138,1.4716741,-0.108136274,1.7061355,-1.8611052,0.8531586,2.659425,1.0407727,2.6501667,-1.3660898,-2.1480384,2.800249,-1.3832395,-2.6897218,2.3874278,4.0944576,-2.4797835,-3.585519,3.81434,1.0185856,-0.92165726,-4.009693
2.1333718,-3.8286834,-2.5469477,1.8132067,-0.17002925,1.796222,-0.75266105,-2.7447867,-0.5924581,1.8449306,2.5263915,1.4762948,-0.12934329,1.684943,-1.8795834,0.7609421,2.7170389,1.0401989,2.6304688,-1.3769715,-2.0665863,2.8061197,-1.4716591,-2.789486,2.4129214,4.103522,-2.546306,-3.691037,3.8303802,1.1280895,-1.0556185,-4.0794673
2.04594,-3.7495968,-2.406336,1.6319325,-0.13508052,1.8101715,-0.6747939,-2.7301104,-0.66676015,1.9679943,2.4882388,1.5219872,-0.06969652,1.6670597,-1.9016876,0.7479759,2.5883298,1.1029193,2.7195256,-1.2897232,-1.9785197,2.8568385,-1.36549,-2.7109122,2.4288735,4.047645,-2.5437794,-3.553659,3.8319004,1.0365744,-0.9948058,-4.0780554
2.1580436,-3.5864913,-2.2610207,1.6058991,-0.02053594,1.889563,-0.54603124,-2.6766267,-0.6208127,1.9870609,2.466041,1.5315163,-0.084296405,1.6621583,-1.867759,0.91738856,2.4929442,1.1123827,2.7393203,-1.2289555,-2.1090493,2.7754169,-1.2184222,-2.565054,2.4288568,4.022055,-2.3981802,-3.4324925,3.8449433,0.9144991,-0.80074674,-3.9662445
2.2409968,-3.74031,-2.4802248,1.8206342,-0.08751423,1.8453649,-0.7124803,-2.7187128,-0.52861226,1.8445724,2.546926,1.4759232,-0.17502072,1.6976582,-1.8405693,0.8792284,2.683319,1.0227221,2.6119466,-1.3629763,-2.1697023,2.7222335,-1.4058416,-2.7031784,2.3863177,4.112616,-2.427536,-3.6377404,3.8372035,1.0717026,-0.93839675,-3.9977593
2.2586315,-3.7319665,-2.5330238,1.8722467,-0.08462152,1.8710579,-0.69255537,-2.7133732,-0.50518894,1.819327,2.5381238,1.4775821,-0.17776202,1.7358221,-1.8341568,0.87709284,2.708885,1.0052769,2.6033602,-1.4325317,-2.2141385,2.7172592,-1.4341528,-2.7140172,2.3406725,4.144386,-2.4319577,-3.655595,3.8316302,1.0574834,-0.93862724,-3.989954
2.2982578,-3.6915398,-2.570319,1.98548,-0.12366615,1.8781354,-0.72409207,-2.6683903,-0.42707163,1.7092829,2.5462444,1.422255,-0.21466962,1.7360885,-1.7868,0.9099305,2.7775874,0.94924355,2.5070922,-1.5070832,-2.2551227,2.6707819,-1.4848193,-2.7081418,2.293254,4.139804,-2.3889675,-3.6850052,3.7689757,1.0856593,-0.91308033,-3.913623
2.1554265,-3.9050508,-2.680362,1.9216146,-0.2174224,1.8176565,-0.84290284,-2.7551875,-0.52940995,1.7795988,2.5845895,1.4521012,-0.17113253,1.7299292,-1.8547844,0.7169105,2.8145719,0.9968649,2.5587642,-1.4773166,-2.083768,2.788159,-1.5859575,-2.8551886,2.35613,4.1730065,-2.5703194,-3.7816682,3.8057544,1.1976125,-1.1119257,-4.0907907
2.1278346,-3.8733184,-2.595003,1.8413204,-0.19183874,1.7927325,-0.81348133,-2.747545,-0.54973334,1.8635337,2.570814,1.4600142,-0.15857771,1.7171415,-1.8541334,0.7239228,2.7009587,1.0177143,2.6332164,-1.3983859,-2.0600622,2.8191516,-1.5124166,-2.8357062,2.3553693,4.1477146,-2.545449,-3.7196693,3.8212059,1.1526878,-1.087672,-4.1290817
2.2391782,-3.8545966,-2.6031034,1.9237998,-0.13692363,1.8033625,-0.8254441,-2.7536588,-0.47511458,1.8286949,2.600985,1.4394408,-0.2384541,1.7466106,-1.8120348,0.79314744,2.691759,0.97882015,2.6036663,-1.4129345,-2.160605,2.7627234,-1.514972,-2.8273005,2.302629,4.188808,-2.459225,-3.7434483,3.8415036,1.1312292,-1.0422121,-4.1082525
2.3151932,-3.6196923,-2.4174192,1.8548416,0.014776027,1.8837979,-0.6161326,-2.6617713,-0.46337336,1.8491541,2.5274277,1.4584936,-0.20698686,1.7318819,-1.7930187,0.9762448,2.5858142,0.998683,2.6324852,-1.3659239,-2.2940676,2.6526933,-1.3177865,-2.6407688,2.312625,4.117977,-2.3019173,-3.5517159,3.8209648,0.96583426,-0.8115231,-3.9386413
-2.9732425,-1.356664,0.17564759,-0.9370669,-3.1077514,-2.5067039,-1.6252873,1.3923334,-1.5555575,-1.9146178,0.3916101,-0.66880876,0.71743155,-2.5907438,-1.936657,-3.4731293,0.5949615,-0.84670895,0.7903723,2.1211772,4.1156845,2.1583042,-1.6688896,-2.6786003,1.3508961,-1.5002512,-1.9690034,-0.4560747,-1.7578042,2.6516263,-2.4592905,-1.2184932
-3.0189953,-1.3527501,0.16596062,-0.9517733,-3.1650734,-2.5313,-1.6588389,1.4101467,-1.5783254,-1.9578531,0.39555597,-0.7079917,0.7117605,-2.6356952,-1.9447939,-3.5277457,0.62794805,-0.9004332,0.747676,2.1114922,4.1980863,2.1917906,-1.6998981,-2.7325377,1.3305318,-1.5374091,-1.9651684,-0.47770587,-1.789757,2.6574433,-2.506914,-1.2421713
-3.1273448,-1.1352671,0.32076615,-1.0233617,-3.1908634,-2.6699233,-1.6824255,1.5743573,-1.5558764,-2.1806855,0.32476828,-0.86970294,0.6788271,-2.7720346,-1.8682327,-3.5998483,0.5654478,-1.0241226,0.59705377,2.1894243,4.3536453,2.0753188,-1.6759361,-2.6639094,1.2169597,-1.7853119,-1.832555,-0.3729399,-2.0420198,2.6534133,-2.4762511,-1.0360893
-3.1278996,-1.1219846,0.28873956,-1.0289093,-3.1718671,-2.667892,-1.7018831,1.5597938,-1.5525575,-2.1783626,0.31897712,-0.8811945,0.67038214,-2.7695735,-1.8487623,-3.6040561,0.5662891,-1.0421016,0.5840193,2.1689358,4.361422,2.056164,-1.7048714,-2.666488,1.2033856,-1.7955685,-1.821887,-0.35480782,-2.073953,2.643228,-2.469788,-1.0152241
-3.0891485,-1.142033,0.28549346,-1.0356852,-3.14895,-2.6043699,-1.6471924,1.5255007,-1.5856712,-2.0582664,0.3078045,-0.82023704,0.74472904,-2.7343965,-1.883976,-3.5416324,0.536524,-0.9515637,0.68523544,2.1680386,4.279466,2.092771,-1.6439428,-2.6543233,1.2526668,-1.7401117,-1.8661236,-0.3400731,-2.0002322,2.6266413,-2.4283862,-1.0771396
-3.0857663,-1.0961158,0.33714706,-1.0370537,-3.1406913,-2.656185,-1.633373,1.5687943,-1.5788788,-2.088817,0.30603093,-0.81855834,0.76271915,-2.7518654,-1.8938175,-3.5235877,0.5463039,-0.9518641,0.69026387,2.184945,4.2635865,2.0492685,-1.6200184,-2.6304612,1.2541118,-1.7511708,-1.8544658,-0.35532862,-2.0070744,2.6388843,-2.415887,-1.0567014
-3.1007323,-0.99069786,0.35970703,-1.0467818,-3.1375465,-2.7092853,-1.6753018,1.6208493,-1.5298158,-2.2324572,0.2882103,-0.9192618,0.689889,-2.7940593,-1.8313503,-3.5616875,0.5574671,-1.0397426,0.5544182,2.173207,4.3251886,1.9698671,-1.6555207,-2.6152654,1.1476326,-1.8510727,-1.7558502,-0.33822396,-2.1151304,2.6068068,-2.3923695,-0.94924057
-3.099619,-1.0201114,0.3353452,-1.0490612,-3.1472235,-2.692662,-1.6887176,1.6025063,-1.5403267,-2.216273,0.2918896,-0.9070872,0.6820795,-2.7880452,-1.8401687,-3.584256,0.55968034,-1.0420883,0.55127406,2.1631536,4.337016,1.9994892,-1.6692505,-2.6306987,1.1522344,-1.8330891,-1.769427,-0.34131187,-2.0987487,2.594071,-2.4067883,-0.96792394
-3.0892005,-1.2420859,0.20743671,-0.9856494,-3.2004151,-2.6514142,-1.7016302,1.4994686,-1.5783665,-2.0624437,0.36914554,-0.78964394,0.7140175,-2.7300494,-1.9293693,-3.584383,0.6384517,-0.9796168,0.68785197,2.1280189,4.287219,2.131085,-1.7254817,-2.7308292,1.292518,-1.6594226,-1.9142284,-0.44235745,-1.9332025,2.6758657,-2.5145466,-1.1610581
-2.969791,-1.4875073,-0.0042087613,-0.885368,-3.1715865,-2.489333,-1.7065445,1.3115098,-1.5801404,-1.8789644,0.4664908,-0.6622573,0.6955058,-2.574017,-1.9754708,-3.51345,0.7554308,-0.9025586,0.78529847,2.0049043,4.143326,2.2369494,-1.8025709,-2.8271322,1.3876637,-1.4135153,-2.0409133,-0.5878665,-1.6883128,2.6985404,-2.5706744,-1.3691356
-2.9987926,-1.4317337,0.05052661,-0.9201787,-3.1759348,-2.4981112,-1.7105172,1.349972,-1.5756924,-1.9536664,0.44034642,-0.7059196,0.666318,-2.6047168,-1.9445047,-3.5484505,0.724959,-0.95235956,0.7101549,2.0266953,4.203388,2.212455,-1.7895979,-2.7960386,1.3307519,-1.4881597,-1.9957577,-0.5642396,-1.7490971,2.6733537,-2.5552986,-1.2987193
-3.0745807,-1.2908452,0.18905482,-0.96863043,-3.2027295,-2.6149998,-1.7155052,1.481891,-1.5602471,-2.0969508,0.3894648,-0.7985716,0.6473392,-2.7103732,-1.9116652,-3.602468,0.66012084,-1.019294,0.62912047,2.1030374,4.307184,2.139406,-1.7562068,-2.733869,1.276392,-1.6531355,-1.9233522,-0.4886937,-1.910053,2.6852431,-2.5389981,-1.1588271
-3.0213318,-1.3851384,0.114059135,-0.9224445,-3.1859863,-2.5665863,-1.7094917,1.4126184,-1.5557538,-2.0084758,0.42197195,-0.73391354,0.6597266,-2.6400218,-1.9407749,-3.5639992,0.6891025,-0.95275515,0.7011806,2.0757174,4.220611,2.170536,-1.7761587,-2.7566478,1.3338865,-1.5468832,-1.9789985,-0.5189895,-1.8091385,2.6990888,-2.5505695,-1.2359973
-2.8943212,-1.591332,-0.059390742,-0.8391196,-3.1253905,-2.3762572,-1.6855541,1.216787,-1.5666412,-1.8081185,0.49059647,-0.5880839,0.6770334,-2.470493,-1.9774427,-3.4691682,0.7638327,-0.8384449,0.8155383,1.9843967,4.0502725,2.2658114,-1.8048136,-2.8206525,1.4126618,-1.2960087,-2.07185,-0.6204134,-1.5647345,2.6651702,-2.5647345,-1.4129746
-2.9287465,-1.5483543,-0.0058353245,-0.85717297,-3.14395,-2.418307,-1.6793549,1.2651074,-1.5689536,-1.8522778,0.47380233,-0.625852,0.68025744,-2.5118203,-1.9729999,-3.4796422,0.7433206,-0.85382813,0.80233544,2.0148425,4.0872355,2.2542229,-1.7823467,-2.810503,1.3991382,-1.3547537,-2.0540707,-0.60274756,-1.6087682,2.6801536,-2.5644886,-1.3880165
-3.0720053,-1.2781212,0.20467131,-0.9650615,-3.1754422,-2.5877082,-1.6772448,1.4711977,-1.5491632,-2.0623734,0.36836442,-0.80248725,0.6793504,-2.6716151,-1.8957071,-3.5492764,0.60286546,-0.9526987,0.68200994,2.1372552,4.261609,2.1310246,-1.7169564,-2.700564,1.2832057,-1.6583513,-1.9168144,-0.42322508,-1.909642,2.678767,-2.5004063,-1.1454813
-3.124716,-1.1326993,0.27185124,-1.0214471,-3.159949,-2.6546988,-1.6864027,1.5420182,-1.550497,-2.1224968,0.31755462,-0.86975366,0.6978198,-2.7253108,-1.8505218,-3.5707123,0.5336944,-0.99685466,0.63966733,2.1664443,4.3133674,2.0612242,-1.697201,-2.6448417,1.2255595,-1.782613,-1.8495516,-0.32837337,-2.0528288,2.6478846,-2.4411938,-1.0303466
-3.102293,-1.1394831,0.28843555,-1.0319197,-3.1476736,-2.6460087,-1.6531727,1.5402987,-1.5797495,-2.046109,0.31324333,-0.8082471,0.7562373,-2.73273,-1.8860058,-3.5473373,0.5123596,-0.94834584,0.7120723,2.1733532,4.269879,2.0833123,-1.6474558,-2.6323795,1.2752697,-1.739598,-1.8856046,-0.3258839,-2.0122304,2.6481907,-2.4268596,-1.0661218
-2.2965758,-1.3154356,-0.15205601,-0.36594796,-2.9921508,-2.0972948,-1.6869352,1.1907496,-1.2033086,-2.001465,0.5669042,-0.8095697,0.32484725,-2.2907069,-1.7782631,-2.9787169,1.2414883,-0.9360053,0.44898146,1.455333,3.641292,1.967809,-1.9082454,-2.7765992,1.187574,-1.1791922,-1.7883383,-1.0142243,-1.3773434,2.5998092,-2.3026357,-1.2184289
-2.3586373,-1.3218042,-0.12323271,-0.40413016,-3.030094,-2.1362367,-1.6921289,1.2295892,-1.2339077,-2.008655,0.55354947,-0.81507856,0.34743506,-2.3340259,-1.8011425,-3.034925,1.2114949,-0.93570834,0.46538663,1.5106308,3.7047563,1.9929535,-1.9017496,-2.7909665,1.2012775,-1.2174982,-1.8078594,-0.98464364,-1.4059378,2.609237,-2.3329399,-1.2313303
-2.3118148,-1.3783615,-0.17411268,-0.3792054,-3.0026226,-2.0757852,-1.6817878,1.1777389,-1.2292659,-1.9689043,0.5728976,-0.7853933,0.34801355,-2.280069,-1.8003776,-2.9906597,1.235055,-0.9144534,0.48885196,1.4715064,3.6432056,2.0098386,-1.9085839,-2.798094,1.218983,-1.1539998,-1.8302319,-1.0344638,-1.3417112,2.6073685,-2.3266423,-1.2701102
-2.2446785,-1.44032,-0.24566188,-0.3250454,-2.990053,-1.9935716,-1.6792198,1.1038387,-1.2216055,-1.9147133,0.6113825,-0.7406062,0.34434122,-2.2073154,-1.8087136,-2.9494286,1.2832699,-0.8928893,0.51343,1.4148672,3.5559947,2.0496473,-1.9179888,-2.8224034,1.2428832,-1.0494114,-1.8555177,-1.0911837,-1.2373958,2.5997825,-2.3195374,-1.3395386
-2.2509303,-1.3733445,-0.21478152,-0.33404326,-2.9752498,-2.0193298,-1.687892,1.1392195,-1.1965183,-1.9511925,0.59580165,-0.77919334,0.3218649,-2.2214487,-1.776857,-2.9466178,1.2679887,-0.9213082,0.46681443,1.4126313,3.5826004,1.9938204,-1.9262631,-2.7925048,1.1989461,-1.1027262,-1.8096111,-1.0593444,-1.2992598,2.5888932,-2.2979455,-1.2684225
-2.2833283,-1.3571415,-0.19117823,-0.358486,-2.9929786,-2.0762007,-1.6946163,1.1765926,-1.2047783,-1.97465,0.5946101,-0.79598963,0.32539445,-2.2716913,-1.7955014,-2.9707875,1.2605188,-0.934243,0.46960154,1.4443334,3.6232154,1.9884202,-1.9284506,-2.8003643,1.2068624,-1.1513748,-1.8129508,-1.0470525,-1.3478553,2.6118047,-2.324042,-1.2594428
-2.284415,-1.3591629,-0.1785682,-0.35655144,-2.9895928,-2.0970795,-1.6936703,1.185653,-1.2113744,-1.9663559,0.5926075,-0.80058277,0.32941473,-2.2854779,-1.8070399,-2.9615314,1.2632477,-0.92407495,0.48703203,1.4449676,3.6214352,1.9796788,-1.9353329,-2.8091426,1.208001,-1.1578043,-1.8182967,-1.0630565,-1.3546399,2.614688,-2.3240905,-1.2574617
-2.2833467,-1.3563092,-0.18236896,-0.35428447,-2.9976685,-2.0943775,-1.6957347,1.1845065,-1.2122586,-1.9630497,0.59896487,-0.8025877,0.33069056,-2.2896686,-1.809766,-2.964778,1.2673059,-0.9273125,0.48304844,1.4422725,3.6274734,1.9872341,-1.9340429,-2.8189082,1.2036234,-1.1531842,-1.8155696,-1.0687792,-1.352226,2.6082528,-2.3224573,-1.2631845
-2.364965,-1.3139627,-0.11765406,-0.41383353,-3.0196922,-2.1501036,-1.6925213,1.2375871,-1.2362705,-2.0107949,0.55332816,-0.82158566,0.34704554,-2.346551,-1.799949,-3.0284472,1.208147,-0.9477118,0.4683916,1.5086979,3.7121072,1.9821148,-1.9143856,-2.7912796,1.1948502,-1.2352884,-1.8070858,-0.99454534,-1.429452,2.6114585,-2.3347912,-1.2154806
-2.3097658,-1.3684068,-0.17602184,-0.3736732,-3.01432,-2.0896163,-1.6916058,1.1939914,-1.2247773,-1.9620335,0.58442837,-0.78515387,0.34215763,-2.2882729,-1.806711,-2.996957,1.2396753,-0.934056,0.48389053,1.4656837,3.6493104,2.0122495,-1.9209728,-2.806292,1.2199557,-1.1503637,-1.8321117,-1.0426731,-1.341849,2.6179109,-2.341874,-1.2796657
-2.2465553,-1.3234545,-0.20188847,-0.3132567,-2.978871,-2.04798,-1.7009796,1.172579,-1.1762464,-1.9685526,0.59622,-0.80147636,0.30707318,-2.231074,-1.7607005,-2.9416502,1.2752419,-0.95763934,0.44052356,1.401438,3.5913062,1.9674938,-1.9424282,-2.7900445,1.1756773,-1.1213081,-1.7757995,-1.0530726,-1.3250848,2.5943258,-2.3034828,-1.2402058
-2.2872689,-1.3820568,-0.20818022,-0.34500545,-3.0126755,-2.0558035,-1.6921104,1.1632398,-1.2179852,-1.9470587,0.6041366,-0.77450967,0.34141836,-2.2612371,-1.8017871,-2.9787834,1.2660462,-0.934482,0.48383898,1.4432542,3.6230419,2.0245738,-1.9250103,-2.8220394,1.2193938,-1.1134403,-1.825029,-1.0592272,-1.3113202,2.6106448,-2.336066,-1.2964653
-2.3185756,-1.4644625,-0.21968906,-0.36703104,-3.0370176,-2.054802,-1.6827475,1.1356655,-1.2695981,-1.906367,0.6116007,-0.72381413,0.38011324,-2.270822,-1.8521945,-3.0126839,1.2631494,-0.8966881,0.55298525,1.4807113,3.624696,2.0910876,-1.9113986,-2.851073,1.2832215,-1.0765295,-1.8952729,-1.0704186,-1.2655663,2.63079,-2.372213,-1.3749597
-2.2833495,-1.381855,-0.19744742,-0.3416825,-3.0171044,-2.0718439,-1.6911237,1.1689751,-1.2224064,-1.9497131,0.6011761,-0.7765508,0.33985847,-2.2771823,-1.8157123,-2.9749959,1.2675568,-0.9273303,0.49914318,1.4472936,3.6167424,2.0269065,-1.927159,-2.8268063,1.2278798,-1.1201361,-1.8342192,-1.0632806,-1.313988,2.6187663,-2.341157,-1.2993176
-2.3090277,-1.3329948,-0.15509537,-0.38017783,-3.0156586,-2.1255786,-1.697472,1.2169734,-1.2122533,-1.9936733,0.58716595,-0.8138817,0.32724267,-2.3218844,-1.809914,-2.996387,1.237982,-0.9415852,0.47005925,1.4753897,3.6604486,1.98624,-1.921293,-2.8041317,1.2064565,-1.1904644,-1.8132454,-1.0287516,-1.383272,2.6286068,-2.3409295,-1.2526352
-2.332793,-1.3936751,-0.17833872,-0.3949863,-3.0412505,-2.1255212,-1.7002968,1.2043798,-1.2443584,-1.9501956,0.60777134,-0.77651155,0.35485962,-2.324407,-1.8466581,-3.0256035,1.2432392,-0.9287896,0.5090858,1.4942286,3.6756866,2.0335524,-1.9196064,-2.8344026,1.2489513,-1.1545036,-1.861723,-1.0466409,-1.3507465,2.6471589,-2.3772492,-1.3185823
-2.3340821,-1.3583689,-0.16457489,-0.3865661,-3.0319612,-2.1264732,-1.6994398,1.2087538,-1.2310538,-1.9759805,0.5949542,-0.79068756,0.34447828,-2.3221107,-1.8235896,-3.01824,1.2453725,-0.9437591,0.48436195,1.4888549,3.6783302,2.0117798,-1.9202302,-2.8162506,1.2289542,-1.176162,-1.8314764,-1.0267999,-1.3764961,2.6342566,-2.358872,-1.2764447
-2.266294,-1.4291763,-0.2403146,-0.3389513,-2.9919612,-2.0397797,-1.6923109,1.1271377,-1.2215178,-1.9232352,0.6234755,-0.74614984,0.3425716,-2.2329824,-1.8208373,-2.9617653,1.2898475,-0.9142246,0.51510364,1.4291079,3.578577,2.030736,-1.9353807,-2.824758,1.2499025,-1.0786186,-1.8576847,-1.0824904,-1.2787565,2.626425,-2.344725,-1.3284528
-2.2323363,-1.4594711,-0.2658174,-0.31964564,-2.998151,-2.0254822,-1.6970532,1.1201948,-1.2204741,-1.8821226,0.6509871,-0.72945607,0.33938676,-2.2210968,-1.8449596,-2.9447668,1.3155504,-0.90690315,0.53071344,1.4054506,3.553781,2.0468183,-1.9461157,-2.8515036,1.2654352,-1.0343157,-1.8792188,-1.1313736,-1.2364053,2.632872,-2.358045,-1.3742263
-2.2969313,-1.4226067,-0.2086043,-0.37351626,-3.0170183,-2.0777864,-1.692836,1.1687346,-1.2397646,-1.9245116,0.6131798,-0.7522496,0.3510736,-2.280549,-1.8386009,-2.993773,1.2617013,-0.92194283,0.51809293,1.4612019,3.6280198,2.0408432,-1.927646,-2.8319097,1.2558081,-1.1106504,-1.8713967,-1.0779517,-1.3055375,2.637607,-2.367388,-1.333667
-2.3095527,-1.3835704,-0.18191925,-0.37685475,-3.0096517,-2.1054246,-1.6921498,1.1934462,-1.2309688,-1.958662,0.59174246,-0.7771238,0.34548718,-2.2970338,-1.8211677,-2.994467,1.2506831,-0.9313653,0.50057524,1.4724121,3.6437862,2.010186,-1.9267718,-2.8128428,1.2372144,-1.1531149,-1.8447441,-1.0490025,-1.3470182,2.6364949,-2.3603072,-1.2879331
-2.3118124,-1.3786304,-0.1782677,-0.3769125,-3.0120006,-2.1146345,-1.6904223,1.1912487,-1.2304542,-1.9631615,0.592883,-0.77731454,0.3477803,-2.3029537,-1.8225181,-2.9959693,1.2516315,-0.92982614,0.4995838,1.4751312,3.645417,2.0092204,-1.9197543,-2.8114612,1.2384722,-1.152961,-1.8426892,-1.0457975,-1.3496358,2.638754,-2.3580508,-1.287667
-2.3360164,-1.4159667,-0.18239273,-0.39614993,-3.038002,-2.1047711,-1.6833588,1.1858925,-1.2575667,-1.9426368,0.5921523,-0.7549661,0.37072137,-2.3127537,-1.8414485,-3.0242972,1.2350427,-0.91879547,0.52324045,1.4970899,3.667235,2.056801,-1.9055296,-2.8271847,1.2639172,-1.1357007,-1.8770872,-1.0502526,-1.3253763,2.6412692,-2.3769639,-1.331008
-2.336322,-1.4438328,-0.19484892,-0.39247966,-3.0316114,-2.0944667,-1.6771166,1.1626832,-1.2704399,-1.9222244,0.5928055,-0.72753257,0.38491386,-2.296693,-1.846063,-3.0227227,1.2418445,-0.9105662,0.5434539,1.4943458,3.650045,2.0705752,-1.9010811,-2.8295536,1.2814234,-1.1065204,-1.8932111,-1.0567467,-1.2991232,2.6472797,-2.3841503,-1.3515396
-2.2711399,-1.4474846,-0.2305682,-0.34984168,-2.9975805,-2.0474665,-1.6791493,1.1215683,-1.241016,-1.9049565,0.6173926,-0.7231407,0.36005396,-2.2462316,-1.8325093,-2.9676094,1.2808526,-0.9042398,0.5318147,1.4376837,3.583508,2.0488584,-1.915753,-2.8276975,1.267437,-1.0609605,-1.876023,-1.0945518,-1.2629015,2.6315615,-2.3517528,-1.3488717
-2.2471588,-1.3773925,-0.20882197,-0.32973844,-2.9706922,-2.0463696,-1.6859343,1.1440175,-1.2015011,-1.9419864,0.6017806,-0.7735766,0.32717198,-2.2363572,-1.7902315,-2.9346433,1.280227,-0.9191481,0.4817072,1.4115982,3.5773015,1.984486,-1.9302502,-2.7987893,1.2093496,-1.1007311,-1.8154566,-1.0769058,-1.3060597,2.6043859,-2.307261,-1.2706445
-2.3284492,-1.4198723,-0.18819493,-0.3800358,-3.0255089,-2.0938194,-1.6828092,1.1665286,-1.2584736,-1.933293,0.5912131,-0.7459692,0.3746466,-2.2920246,-1.836704,-3.0124116,1.2520441,-0.9123262,0.52802813,1.4845142,3.644832,2.0500903,-1.9083815,-2.8270268,1.2603025,-1.117058,-1.8701156,-1.0524266,-1.3111217,2.6331518,-2.365295,-1.3270699
-2.3460243,-1.36159,-0.14879681,-0.39506692,-3.0276475,-2.122373,-1.6799335,1.2060401,-1.2482784,-1.9774193,0.5580061,-0.78535545,0.367488,-2.322687,-1.8145988,-3.0220952,1.2232649,-0.92611265,0.49612093,1.5020561,3.6823723,2.021204,-1.8989855,-2.804643,1.2266115,-1.1756201,-1.8370686,-1.0148942,-1.3638848,2.6194475,-2.3510375,-1.271292
-2.3082786,-1.3731079,-0.18232988,-0.37034783,-3.0003026,-2.0930672,-1.6851743,1.1761339,-1.2252204,-1.9668782,0.5863135,-0.7848345,0.34871873,-2.2865279,-1.8049467,-2.983357,1.2493427,-0.92285454,0.49231535,1.4665844,3.6388888,2.00216,-1.9176182,-2.8021293,1.2221456,-1.1495253,-1.8298336,-1.0409453,-1.3488222,2.618199,-2.333641,-1.2697382
-2.2695055,-1.38763,-0.2044384,-0.34336078,-2.9859233,-2.0540857,-1.6838471,1.1453165,-1.2179846,-1.9375598,0.59618723,-0.767041,0.3420815,-2.2485132,-1.8017555,-2.9575176,1.2714136,-0.9124446,0.49190646,1.429459,3.5972328,2.0031886,-1.9212793,-2.8048382,1.2191293,-1.1017259,-1.8302495,-1.0669401,-1.3053783,2.6031117,-2.3147948,-1.2844883
-2.2623353,-1.5415356,-0.30265132,-0.30308947,-3.0678015,-1.9962622,-1.704936,1.0950357,-1.270771,-1.8399525,0.66850513,-0.68865335,0.37879688,-2.2030222,-1.9085829,-3.0003684,1.3355732,-0.8953422,0.5984274,1.418658,3.5215402,2.183309,-1.9542549,-2.9269643,1.319278,-0.96042156,-1.9530423,-1.1849699,-1.120898,2.6216958,-2.4060402,-1.5104911
-2.213356,-1.5767229,-0.3431906,-0.2738264,-3.0482538,-1.9598882,-1.7026815,1.0545068,-1.262933,-1.8029461,0.6914092,-0.6591893,0.37301072,-2.165271,-1.9148543,-2.9628482,1.3658552,-0.88298655,0.6158269,1.3775429,3.4671586,2.1901612,-1.9628357,-2.93644,1.3359537,-0.9024803,-1.9713866,-1.226503,-1.0706174,2.626748,-2.4034555,-1.5436809
-2.1857615,-1.6326367,-0.3868296,-0.25324053,-3.035537,-1.9175053,-1.7000189,1.0155132,-1.2680017,-1.7616546,0.71458685,-0.62164176,0.3798724,-2.1238055,-1.9267704,-2.9440238,1.3904936,-0.8688345,0.64584523,1.3581102,3.4211044,2.2152247,-1.9717331,-2.9514146,1.3639443,-0.8421728,-2.0000284,-1.260616,-1.0134578,2.631023,-2.414742,-1.5905874
-2.217669,-1.606518,-0.3533513,-0.28396627,-3.044923,-1.9646349,-1.6988671,1.046222,-1.2764113,-1.7828236,0.69751894,-0.63536096,0.38956997,-2.163535,-1.9304203,-2.968927,1.3702824,-0.8715132,0.6365441,1.3886945,3.465395,2.1995978,-1.9591246,-2.940785,1.3592612,-0.8838008,-1.9931622,-1.2342775,-1.0563339,2.6366844,-2.4219735,-1.5660559
-2.2720237,-1.5491209,-0.2981632,-0.3207628,-3.0657444,-2.0201447,-1.698308,1.100779,-1.281498,-1.8328438,0.6575654,-0.671657,0.39750522,-2.215633,-1.9180937,-3.013517,1.3292015,-0.88677394,0.6066747,1.4354808,3.5346775,2.1791284,-1.9426998,-2.9194214,1.3344862,-0.9574758,-1.966816,-1.1754357,-1.1221119,2.63353,-2.4245133,-1.5158373
-2.2157016,-1.4897921,-0.3191869,-0.2611147,-3.0214355,-1.9717786,-1.6993234,1.0892135,-1.2184575,-1.8689296,0.66462815,-0.70855826,0.35193023,-2.160128,-1.8529164,-2.9493685,1.3485669,-0.92322665,0.55552614,1.3861706,3.4852493,2.1231754,-1.9671926,-2.8805444,1.2814412,-0.956141,-1.9001942,-1.1697093,-1.1282037,2.6083884,-2.3803325,-1.4474437
-2.1975534,-1.4572742,-0.31359115,-0.25193697,-3.012858,-1.9709036,-1.7051127,1.103447,-1.1936021,-1.8893429,0.6643709,-0.7359475,0.32877055,-2.1592193,-1.8338369,-2.9289079,1.3482811,-0.9347021,0.5297101,1.371026,3.4862742,2.0956328,-1.9738106,-2.870646,1.2567317,-0.9789572,-1.8721567,-1.1674097,-1.1510408,2.6026287,-2.364662,-1.4155972
-2.2472312,-1.5291463,-0.3034795,-0.2996841,-3.0563693,-2.017594,-1.7058084,1.1039057,-1.2587055,-1.8417419,0.66951907,-0.69166315,0.37605798,-2.2078512,-1.9079593,-2.9860005,1.3433263,-0.8951081,0.59373873,1.4111085,3.5189595,2.1587763,-1.9549439,-2.919332,1.3186111,-0.9639946,-1.946315,-1.1890749,-1.1313058,2.6308053,-2.4103405,-1.4987679
-2.246806,-1.5708921,-0.313187,-0.30460873,-3.063933,-2.0000293,-1.6960137,1.080298,-1.2828003,-1.811969,0.67630184,-0.6596457,0.3932306,-2.2061532,-1.927454,-2.9919136,1.346838,-0.87809485,0.61870563,1.4161754,3.5107453,2.1933353,-1.9418414,-2.9362187,1.3447145,-0.93003273,-1.9742815,-1.2076733,-1.0984633,2.6322196,-2.4191153,-1.5377915
-2.3276513,-1.5717306,-0.26037654,-0.3721214,-3.1059306,-2.061458,-1.6968437,1.1317637,-1.3256854,-1.8316395,0.6495885,-0.6665657,0.41980284,-2.278089,-1.9558674,-3.0654175,1.2946874,-0.87450695,0.6344315,1.4911268,3.5968957,2.2196789,-1.9218051,-2.9419105,1.3632685,-0.99488544,-1.9992567,-1.1630285,-1.151627,2.6466298,-2.4530444,-1.5422909
-2.311059,-1.5898546,-0.29177514,-0.35148242,-3.0888355,-2.0377276,-1.7004153,1.1097568,-1.3165118,-1.8178737,0.664841,-0.6592778,0.41701394,-2.2463171,-1.9492258,-3.0415208,1.3154662,-0.8758291,0.6475821,1.4690804,3.5656357,2.2178426,-1.9414418,-2.9434412,1.3678077,-0.97148263,-2.0053775,-1.180268,-1.1323814,2.6499813,-2.453569,-1.5497364
-2.2539928,-1.6143844,-0.33453304,-0.31410217,-3.0664673,-1.987952,-1.6984123,1.0651459,-1.2992843,-1.788462,0.68979865,-0.64084417,0.40533227,-2.1983418,-1.9452063,-2.9971938,1.3496445,-0.8661416,0.6507561,1.4208095,3.5041947,2.2197778,-1.9494598,-2.9518247,1.369269,-0.9115197,-2.0082629,-1.2238737,-1.0780723,2.6425712,-2.437933,-1.5742495
-2.2187397,-1.5898542,-0.34045118,-0.28584138,-3.0463624,-1.9698108,-1.7053137,1.062846,-1.2687426,-1.7947485,0.6966084,-0.6619351,0.37764758,-2.1728036,-1.9238602,-2.9637213,1.3611124,-0.8703753,0.62791777,1.3860663,3.4770985,2.1865373,-1.9645498,-2.9410472,1.3410392,-0.90954274,-1.9802071,-1.23356,-1.0784438,2.6311417,-2.4084466,-1.5480947
-2.2483976,-1.5547477,-0.31731987,-0.3051387,-3.050945,-1.9949176,-1.7057034,1.0909126,-1.2648919,-1.8270481,0.6807092,-0.68365395,0.3770206,-2.1951811,-1.9090183,-2.982039,1.3417053,-0.890731,0.60668755,1.4086199,3.5152202,2.1704152,-1.9618518,-2.924518,1.3244741,-0.95389557,-1.9600645,-1.2018162,-1.1223199,2.6283066,-2.4100227,-1.5108808
-2.2095513,-1.5508223,-0.34898716,-0.2543376,-3.0335279,-1.9392974,-1.6940444,1.0452249,-1.2440281,-1.827944,0.68494296,-0.6639033,0.3662957,-2.1453128,-1.8830261,-2.9531734,1.3723183,-0.9054216,0.58827823,1.377094,3.4588706,2.1728103,-1.9627851,-2.9123435,1.320149,-0.9034239,-1.939566,-1.1993574,-1.0775763,2.617083,-2.3927617,-1.5089959
-2.1581106,-1.5631316,-0.38419312,-0.21877512,-3.0156898,-1.9070837,-1.695651,1.0183355,-1.2240486,-1.8079172,0.70521253,-0.6583752,0.35527617,-2.1077151,-1.8792633,-2.9138045,1.4007032,-0.8956882,0.5896667,1.3370486,3.4083505,2.1659946,-1.9721439,-2.9195998,1.3170801,-0.8579217,-1.9379358,-1.2336143,-1.0360419,2.6137488,-2.3824954,-1.5275015
-2.2338104,-1.5441436,-0.31804407,-0.29908913,-3.056392,-2.0047922,-1.7027,1.0916728,-1.2607914,-1.8342197,0.676931,-0.68398327,0.38073212,-2.2016697,-1.914883,-2.9822514,1.3473406,-0.8872045,0.59920985,1.4090512,3.5053284,2.1716275,-1.9503667,-2.9264166,1.325404,-0.94412386,-1.9562409,-1.2025362,-1.1086464,2.629601,-2.4156275,-1.5196389
-2.2282891,-1.5335047,-0.3176093,-0.29107103,-3.0525064,-2.002999,-1.7101605,1.0962622,-1.2524803,-1.8345273,0.68326885,-0.6966355,0.37077835,-2.1954532,-1.9103715,-2.9743686,1.3517451,-0.8921491,0.5932755,1.397245,3.5004604,2.161186,-1.9628208,-2.9274936,1.3108648,-0.9478118,-1.9466581,-1.209828,-1.1136055,2.6217554,-2.4053292,-1.5099499
-2.2500346,-1.5328281,-0.30495778,-0.3058742,-3.0582404,-2.0414991,-1.7113924,1.1108644,-1.2650173,-1.8310635,0.6811268,-0.69389683,0.382513,-2.2244973,-1.9244099,-2.9842274,1.3509465,-0.8918036,0.6080019,1.4109194,3.524342,2.1576037,-1.9627898,-2.9320128,1.3228986,-0.9667187,-1.9562283,-1.2047507,-1.1406479,2.6365514,-2.42069,-1.5063778
-2.2646902,-1.5222006,-0.28468016,-0.3074091,-3.0662045,-2.0473187,-1.706012,1.1215318,-1.2695837,-1.841959,0.66255885,-0.6951828,0.3845217,-2.2338347,-1.9180279,-2.996306,1.3382819,-0.89348316,0.6022407,1.4245393,3.539362,2.1580248,-1.9523137,-2.9240441,1.3222315,-0.9812376,-1.9485571,-1.1826106,-1.1513445,2.636488,-2.4175065,-1.4934809
-2.2402008,-1.5320303,-0.3012727,-0.29659024,-3.0619836,-2.0160255,-1.7025445,1.0987098,-1.2628672,-1.8347261,0.672733,-0.6875643,0.3778219,-2.212685,-1.9146473,-2.984732,1.3453557,-0.88949764,0.5945262,1.4074608,3.5144112,2.167099,-1.9473892,-2.9275131,1.3195295,-0.9524598,-1.948172,-1.1996634,-1.1206338,2.6275628,-2.4064553,-1.5096587
-2.251695,-1.5068661,-0.28396815,-0.30701628,-3.0658278,-2.031727,-1.706001,1.1205916,-1.2585917,-1.8530915,0.6625103,-0.70619965,0.37243217,-2.2282064,-1.9086552,-2.992813,1.3346481,-0.8999349,0.5798667,1.4164276,3.5357087,2.154583,-1.9485137,-2.9196062,1.3047527,-0.9823723,-1.9347007,-1.1837959,-1.1486163,2.6226614,-2.4041767,-1.4850695
-2.29456,-1.5027174,-0.25207636,-0.3408412,-3.0866256,-2.0782056,-1.7052962,1.1534208,-1.2795502,-1.8627697,0.6479853,-0.70554817,0.38912687,-2.2710521,-1.9243572,-3.029941,1.3093449,-0.90142393,0.5883724,1.4563935,3.5824025,2.1632147,-1.9358227,-2.9205475,1.3186619,-1.0163028,-1.9454167,-1.1619852,-1.1796104,2.636165,-2.4274828,-1.4852625
-2.2656248,-1.5611386,-0.30007154,-0.3171411,-3.079742,-2.0407734,-1.7082055,1.1037722,-1.2885535,-1.8195286,0.6796659,-0.67108166,0.39457917,-2.2335734,-1.9472097,-3.009373,1.3469373,-0.8828192,0.62502724,1.4267008,3.5287712,2.1962402,-1.9489552,-2.9490368,1.3496618,-0.95433533,-1.9802778,-1.2090406,-1.119325,2.6412106,-2.4359057,-1.543259
-2.2301745,-1.5579166,-0.31865233,-0.2992178,-3.0553417,-2.0051112,-1.7120781,1.0926597,-1.2632688,-1.8150209,0.6908599,-0.6805386,0.3708899,-2.1995158,-1.9259933,-2.9754252,1.3524725,-0.88475835,0.61047155,1.395955,3.5018375,2.171891,-1.9650357,-2.936589,1.3296592,-0.9417599,-1.9672396,-1.2234192,-1.1099718,2.6329932,-2.4132552,-1.5287298
-2.2082543,-1.5504354,-0.33088258,-0.27988392,-3.0440536,-1.976654,-1.7059692,1.0724024,-1.251633,-1.8177046,0.6887771,-0.6793601,0.3640634,-2.177644,-1.908321,-2.957829,1.3575249,-0.8885439,0.5994067,1.3770651,3.476337,2.1686661,-1.96292,-2.9281993,1.3180994,-0.92290896,-1.9559826,-1.2240013,-1.0913411,2.624438,-2.3967319,-1.5230819
-2.2203054,-1.5900581,-0.34784976,-0.28152123,-3.0496109,-1.9628267,-1.7041916,1.057956,-1.2696838,-1.7936178,0.69239557,-0.6537602,0.382282,-2.1635761,-1.920743,-2.9711783,1.3620892,-0.87834567,0.624668,1.3846244,3.4712741,2.196419,-1.9635969,-2.9410346,1.3419635,-0.89666367,-1.9816128,-1.2306015,-1.0630795,2.6286762,-2.4145563,-1.556463
-2.2315207,-1.5268058,-0.31145263,-0.2971448,-3.049012,-2.0102699,-1.7112089,1.1070453,-1.2489557,-1.8358905,0.67833585,-0.6977833,0.36488533,-2.20246,-1.9053621,-2.9713104,1.3470304,-0.898911,0.5889704,1.3973677,3.513802,2.1483436,-1.9659889,-2.9190211,1.3105469,-0.9633309,-1.9443915,-1.2010477,-1.134306,2.6295528,-2.4070787,-1.494177
-2.2412903,-1.5194292,-0.3007663,-0.30480087,-3.060976,-2.025125,-1.7120574,1.1163172,-1.2528459,-1.8469394,0.676752,-0.70950395,0.368281,-2.2197747,-1.9130261,-2.9821258,1.3404572,-0.8953494,0.5891863,1.4072287,3.5240028,2.1556478,-1.9604695,-2.9263847,1.3073951,-0.9757432,-1.9443325,-1.2000207,-1.1401827,2.6276345,-2.4091153,-1.498178
-2.300465,-1.5439872,-0.28713718,-0.35559252,-3.0739956,-2.0515711,-1.7064683,1.1380266,-1.282949,-1.8496201,0.6635565,-0.6952104,0.39520323,-2.2523258,-1.9221256,-3.0249336,1.3060124,-0.896217,0.61006165,1.4613335,3.5829005,2.1733236,-1.9501688,-2.921568,1.3351275,-1.0089619,-1.9712651,-1.1688261,-1.1736733,2.64735,-2.4449174,-1.5025877
-2.0999303,-1.7013279,-0.46310133,-0.21246009,-3.0172973,-1.884495,-1.7120584,0.9337516,-1.2746358,-1.6964887,0.78630394,-0.5920495,0.3848024,-2.0869026,-1.9826782,-2.872871,1.481046,-0.835048,0.7039188,1.2822613,3.310836,2.260749,-1.9916966,-3.0126803,1.4024718,-0.74717844,-2.0483007,-1.3838655,-0.92355984,2.6267502,-2.4269578,-1.6824948
-2.1190152,-1.732692,-0.47679105,-0.22960308,-3.0169902,-1.8779888,-1.7040161,0.91993487,-1.2943281,-1.6866592,0.78501785,-0.5735966,0.4091701,-2.0867734,-1.9879707,-2.8878033,1.4693301,-0.8238441,0.7298144,1.3012812,3.3168495,2.2821286,-1.9853872,-3.015684,1.4223115,-0.7358333,-2.0751214,-1.3782398,-0.91094506,2.636743,-2.444512,-1.7067134
-2.011453,-1.7676121,-0.5410426,-0.15691295,-2.981294,-1.8027599,-1.701935,0.85822904,-1.2600656,-1.6427685,0.8293718,-0.55560064,0.38350797,-2.0144057,-1.9838642,-2.7983005,1.5308625,-0.8057904,0.7409172,1.2164261,3.208295,2.2859368,-1.9991839,-3.0335722,1.4265153,-0.6466699,-2.0737615,-1.4602968,-0.82682955,2.6243439,-2.4233837,-1.7443848
-2.007787,-1.7550987,-0.5340418,-0.16008362,-2.9886684,-1.8231742,-1.7108729,0.865574,-1.2608051,-1.6441902,0.83248866,-0.560834,0.37733963,-2.0264385,-2.000744,-2.8048797,1.5387689,-0.80814296,0.73165864,1.2171594,3.208886,2.2827578,-1.999346,-3.0400643,1.4266864,-0.6534651,-2.0692182,-1.4580702,-0.8342844,2.6217709,-2.4254572,-1.7470433
-2.1106381,-1.7342832,-0.479285,-0.22591393,-3.0185275,-1.8742701,-1.7088639,0.9154379,-1.2938877,-1.678599,0.7908019,-0.56599146,0.40292883,-2.0773752,-1.9964367,-2.8912952,1.4754695,-0.8256873,0.7226175,1.2967613,3.30681,2.2846284,-1.9882996,-3.018558,1.4240944,-0.72167236,-2.0755355,-1.3852578,-0.89658105,2.6295438,-2.441972,-1.717109
-2.1131759,-1.7209806,-0.45627874,-0.21073994,-3.031956,-1.8811967,-1.7009004,0.9231776,-1.2971069,-1.6868263,0.77786934,-0.57819104,0.40407047,-2.0967958,-1.9914213,-2.8845508,1.4757931,-0.82321894,0.72507256,1.2897372,3.3091094,2.2971241,-1.976711,-3.0283203,1.418545,-0.7333004,-2.065001,-1.3925272,-0.90187037,2.6253457,-2.4344647,-1.7073677
-2.0530536,-1.7456458,-0.49685448,-0.17368248,-3.0122037,-1.8355042,-1.7041979,0.89462614,-1.2749431,-1.6596467,0.8060155,-0.572571,0.386958,-2.0552514,-1.9877312,-2.8324552,1.5069834,-0.8132844,0.7321113,1.243475,3.2538211,2.2962117,-1.9891409,-3.0394769,1.418994,-0.6876316,-2.0652206,-1.4390576,-0.86007375,2.621148,-2.4242866,-1.7269074
-2.1400905,-1.6858561,-0.43849772,-0.24273238,-3.0363991,-1.9040474,-1.7117717,0.97376406,-1.2821319,-1.7160171,0.76545006,-0.60513604,0.39184192,-2.1139474,-1.974633,-2.907013,1.44152,-0.84978485,0.6937997,1.3185598,3.360725,2.2669678,-1.9856455,-3.0039945,1.3952838,-0.78489685,-2.0461116,-1.3550713,-0.9516219,2.6264234,-2.442906,-1.6686062
-2.211999,-1.7320511,-0.4265657,-0.29473907,-3.0636241,-1.936743,-1.7057877,0.9728894,-1.3380699,-1.7052934,0.74610144,-0.5682759,0.4404207,-2.1481998,-2.011564,-2.9791102,1.4138831,-0.8303717,0.73589385,1.3831849,3.405313,2.3127751,-1.9670355,-3.0164287,1.443999,-0.79314935,-2.0972028,-1.3171806,-0.9550067,2.6479402,-2.4843552,-1.7107608
-2.133253,-1.8327631,-0.5051712,-0.24566026,-3.0328927,-1.8379173,-1.6880152,0.8653725,-1.348532,-1.6284502,0.78840005,-0.4990159,0.45646483,-2.067007,-2.0306637,-2.9222322,1.4715002,-0.781219,0.7860649,1.3262374,3.2968872,2.3624713,-1.9580717,-3.0490842,1.4882014,-0.6599763,-2.1415434,-1.3967259,-0.8295318,2.6410458,-2.4761355,-1.8014234
-2.1031642,-1.8016752,-0.49944812,-0.22441173,-3.028216,-1.842033,-1.6953055,0.8758855,-1.3271625,-1.6355886,0.80142534,-0.52351844,0.42961806,-2.0694647,-2.0223243,-2.890102,1.4830189,-0.79513586,0.7691878,1.2951941,3.2801566,2.3443747,-1.9698893,-3.0493438,1.4656885,-0.6692133,-2.1190732,-1.4212492,-0.8394146,2.633965,-2.4579444,-1.7823486
-2.0094533,-1.82326,-0.55892926,-0.16871247,-2.9836242,-1.787523,-1.7082087,0.828516,-1.2902157,-1.594728,0.8442513,-0.51511705,0.39599693,-2.00075,-2.0183258,-2.810975,1.5370705,-0.78352076,0.7772343,1.2116628,3.1874175,2.318892,-2.0037735,-3.0537705,1.4585085,-0.6053276,-2.1203423,-1.4839967,-0.7862683,2.630264,-2.433551,-1.7990719
-2.0189896,-1.800182,-0.5484676,-0.16893911,-2.978106,-1.7944734,-1.6975216,0.8216671,-1.2877347,-1.6162857,0.82697356,-0.5182781,0.40190917,-2.0068564,-2.0061092,-2.8168411,1.5367234,-0.7875554,0.76175094,1.2195038,3.1956472,2.3052037,-1.9913839,-3.0378194,1.4505008,-0.61577,-2.106036,-1.456958,-0.80073893,2.628172,-2.4236767,-1.7745928
-2.074226,-1.7822459,-0.512149,-0.19636054,-3.0106106,-1.8469617,-1.697657,0.8660819,-1.3055975,-1.6351248,0.80860674,-0.52679944,0.41765413,-2.0560403,-2.0163398,-2.86169,1.5110192,-0.7996965,0.76080656,1.26773,3.2536952,2.3142695,-1.9811112,-3.0424552,1.4572258,-0.6580702,-2.1034513,-1.4253532,-0.8404729,2.6371098,-2.44687,-1.7652229
-2.0872989,-1.7760108,-0.5023519,-0.21448453,-3.0133567,-1.8529007,-1.6991556,0.8850152,-1.3059574,-1.6474098,0.80233526,-0.5391476,0.4179557,-2.0660918,-2.0096974,-2.8709595,1.4911268,-0.80317736,0.75633115,1.281812,3.275966,2.3107822,-1.980458,-3.0356908,1.4493878,-0.681234,-2.1008534,-1.4162846,-0.8582083,2.6360958,-2.4510484,-1.7537972
-2.040834,-1.7364537,-0.50234187,-0.18589869,-2.9970632,-1.8380959,-1.7127441,0.8955681,-1.267154,-1.657753,0.81571066,-0.5783967,0.37871802,-2.0493565,-1.9871422,-2.8220649,1.5109137,-0.8149282,0.72489476,1.2308462,3.2526588,2.273588,-2.002256,-3.029113,1.4067619,-0.6934576,-2.0647905,-1.445556,-0.8694874,2.616707,-2.4205036,-1.7163624
-2.0113213,-1.8017238,-0.55686367,-0.1596745,-2.987095,-1.778038,-1.7107195,0.845112,-1.2697045,-1.6146561,0.84320986,-0.53476274,0.3826819,-1.9922705,-1.999041,-2.8097816,1.5342087,-0.7978029,0.7504148,1.2156891,3.1985593,2.3034139,-2.0073712,-3.045613,1.4391234,-0.6170853,-2.0954497,-1.4721495,-0.7970946,2.6237218,-2.4248197,-1.7783989
-2.0416133,-1.802866,-0.5368204,-0.17732456,-2.9998832,-1.8022486,-1.6965389,0.8389782,-1.2952923,-1.6231661,0.82496786,-0.5193306,0.40511522,-2.0222325,-2.0117264,-2.8412497,1.5221515,-0.78988194,0.75847185,1.2480342,3.2200768,2.3191466,-1.9829079,-3.0452008,1.4573733,-0.6244016,-2.105362,-1.4434031,-0.8058283,2.6313424,-2.4310527,-1.7837117
-2.049556,-1.7793579,-0.51798517,-0.17652044,-3.0030894,-1.8084987,-1.6971031,0.857551,-1.2894127,-1.638005,0.8125204,-0.5373,0.3975057,-2.0310416,-1.9968275,-2.8417945,1.5096092,-0.8013077,0.74504614,1.2455204,3.2319999,2.3117454,-1.9848044,-3.0382032,1.4382279,-0.64669937,-2.0901792,-1.4392465,-0.82311505,2.6241388,-2.422522,-1.7593277
-2.0642438,-1.7911774,-0.5266016,-0.19342092,-3.0039706,-1.8146076,-1.7061447,0.8720465,-1.2921984,-1.6315016,0.81258154,-0.5340148,0.40216494,-2.029098,-2.0012417,-2.8543353,1.4991843,-0.80619466,0.7553636,1.2559245,3.2451668,2.3132038,-1.9979038,-3.0364776,1.4451776,-0.65477645,-2.1059983,-1.4330614,-0.82865316,2.6325092,-2.4435496,-1.7664877
-2.1330612,-1.692951,-0.44095564,-0.23639607,-3.0334764,-1.9168956,-1.7158115,0.9586204,-1.29096,-1.7030464,0.77509385,-0.59907967,0.3941926,-2.1192646,-1.9927543,-2.900862,1.4595019,-0.838462,0.71089834,1.305358,3.3422375,2.267784,-1.990831,-3.0155196,1.4035447,-0.7755445,-2.0575187,-1.367247,-0.9479087,2.6333537,-2.4397812,-1.6811845
-2.1443286,-1.6894636,-0.44225377,-0.24035048,-3.027406,-1.9050777,-1.7035078,0.9498765,-1.2879397,-1.7175808,0.7637661,-0.59224486,0.40105677,-2.1100435,-1.9754193,-2.9110606,1.4487075,-0.8423134,0.6979488,1.3217258,3.3514705,2.2618785,-1.9780285,-2.9985898,1.4021847,-0.77373236,-2.0489285,-1.342482,-0.947377,2.6337,-2.4349756,-1.6707523
-2.0638573,-1.7417023,-0.502318,-0.18954334,-3.004909,-1.8363247,-1.6985344,0.8939641,-1.2726082,-1.6675152,0.79918826,-0.5598514,0.39180696,-2.0497184,-1.9816854,-2.848329,1.4951648,-0.8216429,0.71997154,1.2628292,3.2665868,2.2827249,-1.9841292,-3.0199046,1.4212644,-0.6871079,-2.0657444,-1.4107518,-0.86500204,2.6282954,-2.4295783,-1.7218008
-2.0844607,-1.7126873,-0.47450858,-0.20827599,-3.012701,-1.8562212,-1.6990448,0.923713,-1.2716682,-1.6914562,0.7822595,-0.583478,0.38595212,-2.0798087,-1.9717621,-2.8540044,1.4761016,-0.8391172,0.70695496,1.2745552,3.299008,2.2769787,-1.9821857,-3.0090852,1.4068533,-0.73458254,-2.052976,-1.3942763,-0.90776527,2.6254158,-2.4316225,-1.6876217
-2.0301487,-1.7332306,-0.5297055,-0.14596948,-2.9794078,-1.7856271,-1.7049959,0.8679859,-1.2425137,-1.6691831,0.81265366,-0.5703522,0.3628962,-2.0010293,-1.9562538,-2.809257,1.5225252,-0.8405468,0.7039668,1.2213061,3.2168522,2.2694354,-2.010812,-3.0097597,1.4010289,-0.66759634,-2.0459776,-1.422123,-0.84833354,2.6140006,-2.4044008,-1.7049116
-2.0151687,-1.7142715,-0.5243198,-0.1335277,-2.9809,-1.7907133,-1.7058277,0.86922026,-1.2322476,-1.6779684,0.8159977,-0.5819997,0.35354114,-2.001976,-1.9543717,-2.8018472,1.5334485,-0.84001464,0.685439,1.2120116,3.211288,2.2578697,-2.0053222,-3.0132911,1.3886566,-0.6675434,-2.0257254,-1.4271406,-0.8489307,2.6061025,-2.3921993,-1.6965044
-2.091564,-1.6682749,-0.4493443,-0.22183295,-3.008638,-1.9040436,-1.7014687,0.93599,-1.269026,-1.7142098,0.76988494,-0.59796554,0.38740796,-2.1056576,-1.9747757,-2.8672886,1.476836,-0.84060735,0.6821742,1.281367,3.3179786,2.2415164,-1.9725506,-2.9973304,1.3901325,-0.7618638,-2.0307937,-1.3697197,-0.9412243,2.6245942,-2.4221497,-1.6592112
-2.1039746,-1.6772928,-0.4384893,-0.2154545,-3.025151,-1.9059289,-1.7038864,0.94243,-1.2802082,-1.7076817,0.76820624,-0.5968348,0.38907018,-2.111594,-1.9821346,-2.8809657,1.4695195,-0.83658123,0.6942175,1.2844611,3.317812,2.2637992,-1.9739025,-3.0122242,1.395222,-0.758671,-2.0399518,-1.3775537,-0.92873985,2.6241918,-2.4242346,-1.6761421
-2.0167685,-1.7980049,-0.54925716,-0.14789115,-2.9983158,-1.7903788,-1.7077634,0.8453309,-1.2763817,-1.6155388,0.8376583,-0.5340632,0.3883763,-2.003149,-2.0059025,-2.8145928,1.5400683,-0.7978225,0.7551564,1.2170895,3.194877,2.3165603,-2.0027316,-3.056353,1.4443833,-0.6139317,-2.0945067,-1.4740986,-0.7925075,2.6218667,-2.4279885,-1.7835261
-1.9412336,-1.7564121,-0.5836117,-0.07797394,-2.9491167,-1.7295616,-1.7013365,0.8095485,-1.2172037,-1.6255976,0.849734,-0.5490521,0.34732217,-1.9381306,-1.9570738,-2.739594,1.5847839,-0.8259026,0.70738614,1.1500531,3.1224606,2.2676754,-2.0194561,-3.0285442,1.399695,-0.57850975,-2.038731,-1.4890978,-0.7715434,2.5953991,-2.3831875,-1.7364025
