file_id,file_path,window_id,branch,rpm,amp_rms,amp_peak,shape_skew,shape_kurtosis,shape_crest,zcr,psd_centroid,psd_bandwidth,psd_entropy,psd_peak_ratio,env_rms,env_kurtosis,env_entropy,env_peak_ratio,psd_0_500,env_0_500,psd_500_1000,env_500_1000,psd_1000_2000,env_1000_2000,env_2000_4000,psd_4000_8000,order_0.5_2,order_2_4,order_4_8,order_8_16
A,数据集/数据集/目标域数据集/A.mat,0,target_32k,600.0,3.377364465617966,15.122929786072675,0.05838035357352132,3.090408115052291,4.481683487533809,0.28962949398767013,4098.985195449148,2702.6221084816657,0.8738395409665428,0.033874904002191814,1.4364862146550432,3.8098827675402416,0.8931252554876543,0.009365591796406645,0.01852229294151051,0.16497621163256193,0.021884435449673913,0.11471030436940621,0.26014244983877904,0.15178086134167995,0.23672581390307018,0.3483734443773046,0.007279319318197848,0.00677685397971397,0.018541322004350744,0.030812204441028376
A,数据集/数据集/目标域数据集/A.mat,1,target_32k,600.0,3.408165660984714,15.124999738629663,0.024333600846955385,3.145754138421027,4.439536272679258,0.29188793261307455,4140.659194761946,2716.144177841847,0.8750506032675684,0.027496783455542007,1.437296775155486,3.7325233141384584,0.8928984540443018,0.00878939713485693,0.019429315288995948,0.16091099916177126,0.018440296193253557,0.11431719231637363,0.26208570489959016,0.16407191008694816,0.23524002061032506,0.360988353447897,0.007936886542685692,0.008037313536123386,0.019253288216655316,0.029031908411444225
A,数据集/数据集/目标域数据集/A.mat,2,target_32k,600.0,3.4202004650566837,14.417176172237179,0.012761347912868908,3.2142939065023026,4.217558351549621,0.29237624366721604,4181.382448176055,2762.505454843321,0.8779109723229565,0.0346001986936376,1.4480780442459074,3.5175018099770488,0.8937180043484547,0.015017325881317828,0.02113088312824283,0.16259755010640656,0.02047288118303454,0.11646426433081565,0.2510966075380362,0.16435579166346434,0.22375754943893408,0.35874865152883123,0.007156389667903696,0.006791060574967102,0.03184305792726156,0.026267795885814942
A,数据集/数据集/目标域数据集/A.mat,3,target_32k,600.0,3.350764514837471,14.967460395961195,0.026176673530085112,3.255495383968382,4.4666453437090485,0.29225416590368064,4137.595634325863,2749.274652791399,0.8781178948442648,0.03391556192062191,1.454878544057998,3.560567622523453,0.894417827470647,0.011620389452146392,0.02032699032842134,0.16955666884934562,0.021752283815421918,0.11708470989939057,0.2554106057669494,0.15507210750868422,0.22905475577963216,0.3491533165436691,0.007486709408447779,0.008456202279220386,0.028728852507125938,0.029462651092110537
A,数据集/数据集/目标域数据集/A.mat,4,target_32k,600.0,3.3229631068293237,15.068614773863814,0.043663203259865946,3.2431825905616494,4.539717756447814,0.29127754379539766,4094.784758084782,2712.5928170048533,0.8768097773111306,0.03186479670899942,1.4352898894517396,3.875679786152866,0.8921592288414071,0.01041123414358414,0.02098651399475948,0.1743833811288383,0.021016235507665137,0.1112850717826342,0.2562392708560999,0.15584840333505845,0.22138780990784818,0.35078856094126293,0.006739421507853156,0.008901505574877176,0.02229372207331674,0.03384544533241207
A,数据集/数据集/目标域数据集/A.mat,5,target_32k,600.0,3.445716901548038,15.065794457397224,0.022148714411594533,3.155884317114155,4.38045019471984,0.28816456082524566,4030.9739744479252,2703.787801399495,0.8722309179087254,0.034022372774539046,1.4275368847557692,3.6873316036513355,0.8908061924706053,0.009696916783016376,0.01983219199406438,0.17188442899216577,0.02186163355408791,0.1148724507669561,0.2630694042093844,0.16567594037239966,0.21849416195671875,0.33504738827573427,0.0048658665580733175,0.005499197980269696,0.021098763123112606,0.03053077208634087
A,数据集/数据集/目标域数据集/A.mat,6,target_32k,600.0,3.471167368845019,15.627437458212192,0.018649808017720867,3.0992510297747633,4.508298338424993,0.2859061221998413,4064.957572692342,2709.1890893510626,0.8722607120235669,0.03042832645013226,1.4141392403501285,3.752957715988613,0.8912871056155451,0.009243261553676304,0.0175277065557076,0.16715835571593174,0.020050748596642076,0.11765351709213479,0.2658444386826972,0.16427190554192092,0.22599490592722105,0.33753852350718844,0.007926555927687366,0.004659637991030889,0.022776290041809033,0.025851830390963802
A,数据集/数据集/目标域数据集/A.mat,7,target_32k,600.0,3.467316730019081,15.628292018303279,0.018487804069950913,3.188921221636888,4.522022636847481,0.2906061160959531,4133.48588076565,2737.4164178254564,0.8720437235070958,0.03242892457708068,1.4230677065380206,4.132282374252964,0.8916368194580994,0.00975902584902174,0.020657825524841616,0.16395242338428528,0.016991982883980683,0.12218993554274066,0.2684356534923574,0.16421393709063806,0.2226882054140407,0.3543593370973438,0.00863879904322735,0.007007838006644732,0.02257559883768823,0.028345220678426174
A,数据集/数据集/目标域数据集/A.mat,8,target_32k,600.0,3.468132063122622,15.362392280135769,-0.011163527556071329,3.1788309916582196,4.439826176815701,0.2926203991942868,4181.742250359167,2713.132658555304,0.8742424641610049,0.029740017308878382,1.4252803217685432,3.939193014733672,0.8908755730007955,0.008443672569286074,0.020292016688226035,0.16362458031858812,0.015258626934760607,0.12259059444309277,0.24997727379193618,0.16265998178182983,0.2188650309322222,0.3632002226298559,0.006733127715755147,0.008443672569286074,0.019909262924242936,0.026812925997008703
A,数据集/数据集/目标域数据集/A.mat,9,target_32k,600.0,3.488897517190612,15.36780537958852,-0.053070471034262386,3.056315567858991,4.3991694705933675,0.28962949398767013,4172.662342599903,2743.5276077798612,0.8730704153114517,0.035012733130923464,1.4177485183492946,3.468906848726267,0.8962700354535362,0.00860299383134858,0.018816686351796535,0.15938598045330732,0.016897028859616123,0.10881503186218805,0.2512369578737189,0.159733068311732,0.2156159037558419,0.3539884816047852,0.005484871454874116,0.00860299383134858,0.020390771078597814,0.02450403993588953
A,数据集/数据集/目标域数据集/A.mat,10,target_32k,600.0,3.542777568554351,13.542699757000655,-0.031869956452380464,3.016953068052359,3.813676220915598,0.29536714887383264,4243.570442000968,2751.709875071794,0.8791252729223151,0.03008447128529842,1.4306794798488334,3.3068300358445613,0.8984103147758479,0.007449569648520991,0.01920752006601671,0.14377071606048294,0.017314088679985667,0.10990255454982477,0.24858886483295498,0.16240850466541798,0.23253638016356,0.3657111552620556,0.005452512672668658,0.007449569648520991,0.01733845912933109,0.02867327748358486
A,数据集/数据集/目标域数据集/A.mat,11,target_32k,600.0,3.463423029420789,13.545119505164326,-0.00025984275190395385,3.0636564984293457,3.910124583404344,0.29860220960752,4260.334804049224,2718.9324203964784,0.8833582813323392,0.027647510310459814,1.4287359423776316,3.4128337973842777,0.8928979507329029,0.007708457552311938,0.020955475429444044,0.15291380412667427,0.01728205228532052,0.11725640045730482,0.22847078764316595,0.16182607187558298,0.23502789747479816,0.37160716096711327,0.007076646602626195,0.007291867096904397,0.02207128616776723,0.028853696261713895
A,数据集/数据集/目标域数据集/A.mat,12,target_32k,600.0,3.4318490462490954,13.054325041005384,0.0006743894701576737,3.061377811059466,3.803116437266846,0.2937190990661051,4134.533320725271,2719.946278556806,0.8733356533056852,0.04041947247564103,1.4325720698105764,3.3231021008841126,0.8911037360355373,0.011688265279676218,0.020539310832429332,0.16967912207187588,0.015726378453541356,0.11164592862897614,0.2613788283483909,0.16376713430294898,0.22204916428590368,0.35586112441169426,0.011688265279676218,0.009127774319380003,0.022217075961236482,0.026205490542081215
A,数据集/数据集/目标域数据集/A.mat,13,target_32k,600.0,3.3787300674188816,13.021105239000939,0.040380932467085746,3.051414026250728,3.850215245192568,0.29439052676554966,4207.658726973718,2707.8737289696264,0.8817962227500628,0.02728703731888359,1.4272146412078615,3.3054666692683745,0.8930183185772832,0.011678950777597216,0.021276285860071888,0.1539277348812829,0.017955265205639687,0.11291568952540197,0.23625999428167527,0.16809227129874063,0.2312162042662628,0.3627042773055219,0.011678950777597216,0.00970516224708801,0.022716450972679325,0.02255080105657847
A,数据集/数据集/目标域数据集/A.mat,14,target_32k,600.0,3.405463170996018,15.071744738973168,0.023447915239723085,3.1318241377635694,4.426262951142823,0.29738143197216627,4273.59680020764,2724.1893610315487,0.8835836215466217,0.027695451209589054,1.4302174429205927,3.5011876435222256,0.8934711395013432,0.011085102657396378,0.0209544601690237,0.15178223202813348,0.017928673954065583,0.10273404625646002,0.22905333706405712,0.17760062657547304,0.22962845925726255,0.37432401970110857,0.005150795856778635,0.007932870553969565,0.027254487581839786,0.02828613476067769
A,数据集/数据集/目标域数据集/A.mat,15,target_32k,600.0,3.4692941537575925,16.0396146794123,0.019525687979988327,3.1760664234635057,4.619967968964575,0.29664896539095403,4233.544855723827,2721.5483622551865,0.8829280594881338,0.026775229615553037,1.4369906401587011,3.636406020701505,0.8951185161592572,0.00911741470511665,0.020367871553759187,0.15581393251306877,0.017555436462943618,0.09392486663552173,0.24509845194763716,0.17506652009849866,0.2380871923984297,0.37188982352863187,0.007440625361756331,0.008628544559496767,0.02167506983766892,0.028147415766363208
A,数据集/数据集/目标域数据集/A.mat,16,target_32k,600.0,3.445596368826449,16.02206073440247,0.019643723295460862,3.18640727063572,4.651077420124651,0.29408533235671125,4196.807179689573,2711.1527270325846,0.878674622711839,0.025809468700749422,1.438209540042253,3.7145845285879777,0.8902725947769444,0.012249484996107061,0.019085816035211794,0.1730094213889198,0.017802426837347438,0.10287490331516713,0.24949928974029636,0.15329514812142603,0.23945468756674212,0.36688116189364994,0.009784796435174188,0.010381811121843054,0.031545511756915307,0.029781987686476274
A,数据集/数据集/目标域数据集/A.mat,17,target_32k,600.0,3.4843640878315223,15.281095452061841,0.01407986309690566,3.1797825524845043,4.3852850330283895,0.28877494964292255,4169.793632234242,2721.142680518885,0.8703396675562928,0.032040499876824814,1.4415537422436078,3.7591610079111537,0.8892242588224755,0.013098303628978238,0.018093615555530865,0.18536472979797217,0.016769946146531694,0.1076536481956097,0.25505105792260724,0.15075873043019286,0.22900211406876592,0.35938951722743395,0.007728249376395335,0.009613590113088117,0.030420812158259,0.03240433608143191
A,数据集/数据集/目标域数据集/A.mat,18,target_32k,600.0,3.502211536240108,15.278643175730382,0.023505378611287917,3.0954890322616655,4.35865108484106,0.29207104925837757,4213.823020810837,2751.48826151238,0.8733107904548727,0.028964531657287552,1.4416451387025109,3.5951332006216443,0.8899427925950706,0.010428754848462953,0.017154341750488775,0.18374367038425238,0.01657426321040845,0.10474930026153317,0.25472483736483775,0.1536005068051479,0.22209858048097744,0.35773032406749083,0.00817818204621751,0.008635170006325917,0.027292201147146356,0.03840730533569185
A,数据集/数据集/目标域数据集/A.mat,19,target_32k,600.0,3.4623517940547264,14.241804294671663,0.02239899198465203,3.046895373253309,4.11154573192284,0.29567234328267106,4190.0572953602095,2745.779991344917,0.8748594895511032,0.03533357847561555,1.4375092368892186,3.3146450387677313,0.890819757496877,0.010838911205713696,0.01975341986433451,0.17523091621806397,0.01798062799355274,0.11430226650204403,0.25162830940622977,0.15654432523622044,0.21785609551590945,0.3535531206521995,0.008868653727511042,0.00760945117981463,0.026411797693351488,0.03894321740410068
A,数据集/数据集/目标域数据集/A.mat,20,target_32k,600.0,3.4732087980574273,15.063724772370513,0.011286331523414933,3.1636673926543195,4.340136700677869,0.29616065433681255,4226.74048904121,2705.3886118343216,0.8816146641294498,0.03271632072964841,1.4382385955951076,3.7033390966721447,0.890885058297861,0.011145391919550291,0.018661281983305144,0.17233997227163417,0.018935641711614565,0.11177173472542641,0.23181384916106484,0.1597929129867646,0.22497674935695414,0.3698589820237924,0.006768544876373214,0.007606735394900566,0.02755751879730726,0.03758741107993802
A,数据集/数据集/目标域数据集/A.mat,21,target_32k,600.0,3.451545485077078,15.994071874559692,-0.022846437411277988,3.211151128594059,4.62296210927851,0.2993957150704999,4322.765275978578,2719.2162101009967,0.8858994427606863,0.028890172263446135,1.4450481392617585,4.005929966708764,0.8898320199972181,0.013410218364886699,0.01905884937769724,0.17351003137739202,0.021333432532456675,0.11035984990794558,0.21767942523352157,0.15433496900136098,0.22714078078603184,0.39117990227271815,0.005771718919567241,0.008027607019160745,0.031902164341514425,0.03280007683560302
A,数据集/数据集/目标域数据集/A.mat,22,target_32k,600.0,3.4403202574187746,16.0002387962132,-0.03456318083553142,3.226069304770391,4.637852625969766,0.29616065433681255,4227.962620889473,2727.0585303659873,0.8819279243074808,0.03207079733065325,1.4515824072754182,4.03560136035143,0.8892097289365671,0.011759375776575003,0.022229600707351093,0.17139811647468306,0.019076213579378908,0.11693547878451716,0.23596702850254347,0.15377965767728188,0.22602712815315112,0.36956408904673455,0.006228393824178679,0.005725034534786332,0.02920486736145519,0.030274959962711394
A,数据集/数据集/目标域数据集/A.mat,23,target_32k,600.0,3.468026470402216,15.1556813960163,-0.01729183079290099,3.234272844480579,4.373067851018167,0.2949398767014588,4163.916069982359,2712.0779528888015,0.8760850093481913,0.024710286038695795,1.4424895850156323,3.9380370246597174,0.8903923519410332,0.009338797491062364,0.018897387623017233,0.17271163973546655,0.019036698010255527,0.10820030297074094,0.25661492550203246,0.16122132735279995,0.22692293813128653,0.36093195352631724,0.006179243847353116,0.005851413706465704,0.022852966108580026,0.03366382123220002
A,数据集/数据集/目标域数据集/A.mat,24,target_32k,600.0,3.3715630249957145,15.288897362362215,-0.015519017117479127,3.2031980170183796,4.533766120298215,0.29127754379539766,4075.575075692103,2735.6122506946044,0.8765308665225628,0.03132280431910375,1.4356756995412063,3.8486166287793666,0.8952081798196464,0.010248728877166402,0.021836429238115716,0.16752383183539238,0.021269526171992018,0.10056071624496646,0.2673315363582679,0.16140467090943017,0.22573490744325092,0.3515808734568909,0.006044457071534641,0.0068759522086008565,0.017813031587893154,0.030782957253987855
A,数据集/数据集/目标域数据集/A.mat,25,target_32k,600.0,3.37031268775498,16.00252017176427,-0.01372240550311587,3.2020141863137113,4.7477420488249695,0.2917048159677715,4220.422205904784,2760.71537376695,0.8823761189175192,0.030185847144445756,1.432223175764493,3.909106019288158,0.8939082558604502,0.00908246006894233,0.021731007273034224,0.16547284242123328,0.022189015795231644,0.10919103967841254,0.24611257726917618,0.16120965736846346,0.22392760709780818,0.37248507060398284,0.0066629965337306925,0.007974021839601105,0.02600877213286965,0.027031943002712073
A,数据集/数据集/目标域数据集/A.mat,26,target_32k,600.0,3.438465670365496,16.01314558049717,0.028394058825249383,3.203450463851119,4.65951715743623,0.29286455472135753,4270.494618754443,2717.8295711619385,0.8847079996257439,0.02279167810592151,1.4480467765020173,3.7437502857438987,0.8925978523509509,0.011627662744709407,0.0189510993143223,0.15544620661159078,0.020987278119027394,0.11066945278974145,0.22860758714175103,0.16695608353441976,0.23535785054427283,0.3777421894572106,0.007534195459815302,0.00843098057940778,0.02963114818660143,0.02177061543195562
A,数据集/数据集/目标域数据集/A.mat,27,target_32k,600.0,3.4838082682007703,15.748621293880856,0.04033940672342574,3.290300388403478,4.520469097330523,0.2923152047854483,4149.291256688449,2704.6911908076754,0.8781209214291353,0.031597280309303574,1.4654210371264498,3.9504417860901486,0.8886709738421479,0.01355772160204572,0.018250003465004157,0.16868403592953737,0.020249448121652865,0.1068426413602362,0.24744083544912293,0.17818263306933635,0.22972684522244913,0.35426781032997895,0.006444863239595927,0.006685588408895562,0.03381304745495034,0.031098541137983843
A,数据集/数据集/目标域数据集/A.mat,28,target_32k,600.0,3.41440442124917,15.765290001503859,0.020359095235863232,3.271619914094269,4.612681800474774,0.3016541536959043,4272.46153272186,2726.227059778007,0.8857401613650558,0.022153032254208588,1.44547069531467,4.138411790166396,0.8893367585395044,0.01104189993166554,0.01923497166988588,0.17409601981852377,0.020559329700344863,0.11619314155729639,0.2283913766402447,0.17262627491129195,0.21804006249478908,0.37348686958980226,0.00398744101213025,0.004220524327357908,0.02764544586104122,0.03797039134839724
A,数据集/数据集/目标域数据集/A.mat,29,target_32k,600.0,3.374175046408735,14.720173779313509,0.024337632415683857,3.1401984809689676,4.362013631862587,0.29536714887383264,4176.409158037142,2732.0950054252553,0.8811060094357851,0.02684766547216572,1.436897104663402,3.5865028179816747,0.8933323335814052,0.009486144018848756,0.020332365686491948,0.16946936327379847,0.020397839173142893,0.1085635634359295,0.25251079922571995,0.1673204108934592,0.22105576039621572,0.365757271565948,0.0038685871755346833,0.003933650636171474,0.02594612293431002,0.034628733194957524
B,数据集/数据集/目标域数据集/B.mat,0,target_32k,600.0,1.5144437445421048,9.326602669931576,-0.019345398672073348,4.4412807707988975,6.152167996986205,0.329121650491363,5190.517241761563,3269.3491571694476,0.9058396884542833,0.014232145276662054,1.5395149746837373,7.70037757958367,0.8727690473257202,0.047389983898755095,0.08646067445011912,0.27379841797851634,0.012128023448193826,0.0805458615317317,0.08936211682769993,0.1270206815166468,0.19283917988185034,0.41485843546876344,0.047389983898755095,0.026383719135049465,0.05449684589847726,0.038332056735640184
B,数据集/数据集/目标域数据集/B.mat,1,target_32k,600.0,1.5497658350399046,9.33141409547438,-0.04444830996042584,4.420614631854088,6.013942477994702,0.335347616431667,5303.533666225849,3183.5559995262724,0.9051688676634241,0.012186056580095868,1.5617293082708654,7.369103128026758,0.8572371118323244,0.05196645142755944,0.06791550199526775,0.30956693188693224,0.010306075153018507,0.07309096881371094,0.08709983940789638,0.12507239452180866,0.19531091444688423,0.4392532760180651,0.05196645142755944,0.03795914685437054,0.06074392013768026,0.04376904251013927
B,数据集/数据集/目标域数据集/B.mat,2,target_32k,600.0,1.5634086422841573,10.129192940132569,0.021551675981040526,4.733955905769915,6.477891427386078,0.3314411279985351,5248.972890791868,3228.481992957242,0.9058759068937154,0.01070059107848392,1.568510489861369,7.939562676032289,0.857156467663041,0.054492684418063785,0.06787718144950812,0.3113596880900961,0.011055611645695903,0.07108901254242649,0.10103453987388146,0.12731102212061082,0.18726608270707162,0.4170254995233476,0.054492684418063785,0.02970055497071571,0.0738578692879541,0.0416233187462167
B,数据集/数据集/目标域数据集/B.mat,3,target_32k,600.0,1.556112182912116,11.091432892519844,0.09488524283126824,5.011980046355966,7.1373733990841055,0.3317463224073735,5318.111177349155,3293.534534042002,0.9127999639711177,0.014696199417741241,1.5672498001119637,8.74630934291509,0.8551171190957997,0.060113480780991824,0.07154551585102485,0.32475713018434815,0.011383714501139572,0.07017233257251462,0.10162977296837099,0.12729114019112292,0.17628744324498907,0.3991035577892372,0.060113480780991824,0.02734689242884633,0.06776477512451955,0.048040328667929545
B,数据集/数据集/目标域数据集/B.mat,4,target_32k,600.0,1.4754383350417242,11.09789879702785,0.07365287475900927,4.452087130848482,7.530586163425362,0.33058658365378746,5183.359912202557,3318.6708118614943,0.9093815992759217,0.014169522418239676,1.5441740688444046,7.13879173583512,0.8715185190019743,0.04455944337746576,0.08038684943332022,0.29242803570498854,0.012763321859002303,0.07782850787023819,0.10665948110416756,0.12714563473588528,0.19319379710270637,0.3975935344292846,0.04455944337746576,0.0277703024121253,0.04755988641135966,0.051726477177275104
B,数据集/数据集/目标域数据集/B.mat,5,target_32k,600.0,1.5252684420988376,11.439023363898604,0.1349376679338088,5.22385248348235,7.505044035573758,0.33070866141732286,5333.246455581784,3264.3072459412465,0.9079850909380995,0.015199244645769643,1.5644725196834741,10.787804402250988,0.8504955234103649,0.06135550633377699,0.0710134955519853,0.3274452779259808,0.010861654807225191,0.08107486432765228,0.0887252184801838,0.11324995881065897,0.1840779221247658,0.40299746003977494,0.06135550633377699,0.036085780483972915,0.05949069458556775,0.053787770718311576
B,数据集/数据集/目标域数据集/B.mat,6,target_32k,600.0,1.479780188139093,11.414105445449897,0.09256786518291264,5.142251014794113,7.718181037632634,0.3380333272294452,5003.775313145252,3268.568258886719,0.9054345380882742,0.01616188658694878,1.5465456647368159,11.597485489638709,0.8907118825036673,0.04164296372064237,0.08118916466310763,0.21825351337723836,0.013114974075999942,0.084172829118031,0.10185619374475371,0.131457789251465,0.2151292653804165,0.38578714560212773,0.04164296372064237,0.026191554656580143,0.03692111742518731,0.028552939116267398
B,数据集/数据集/目标域数据集/B.mat,7,target_32k,600.0,1.3982303966350385,8.667758760648145,-0.007458233704772185,4.015538898192397,6.193046911127082,0.3352255386681316,5036.479933259571,3214.1782945700725,0.9091897757027758,0.011895617623112012,1.508036638662147,6.223502524312344,0.8848431452803803,0.045630020262104366,0.07724932117111186,0.22407002259940056,0.01262449860590182,0.08989934491719745,0.09670652054469103,0.13192341190366474,0.2071515082850469,0.4023518236783929,0.045630020262104366,0.03473906320724784,0.029105355513466317,0.034358939107284076
B,数据集/数据集/目标域数据集/B.mat,8,target_32k,600.0,1.4241321395427842,8.79945149542428,0.006632478398416486,4.459521755268151,6.171539013977841,0.33064762253555513,5114.403527219349,3204.8566048332054,0.9081576185821862,0.009190952001936998,1.5288997161870397,7.002515522512211,0.8708469380683065,0.04999861370627003,0.07279438070624508,0.2725001052382708,0.011990826236620943,0.0839417697905011,0.10250363805049756,0.13466158543745924,0.19441097622495196,0.4168522232248465,0.04999861370627003,0.03433881315635975,0.03767426487964596,0.05239379504487329
B,数据集/数据集/目标域数据集/B.mat,9,target_32k,600.0,1.405735955267403,8.787581920382182,0.008407207951519249,4.0286663211595375,6.24570169268533,0.33028138924494904,5042.112769738034,3275.479655676739,0.9070897493083943,0.010980467882940286,1.503406737652063,5.816146364835852,0.8857662801405475,0.03187770034565572,0.07823409050148082,0.25173676386400207,0.013720142898981777,0.07852913731783409,0.11451390777816856,0.13583028025284544,0.21001895024933148,0.39903826494337397,0.03187770034565572,0.02700598355950559,0.03873980032666274,0.04919525699962172
B,数据集/数据集/目标域数据集/B.mat,10,target_32k,600.0,1.3998616696808464,9.815674275580756,-0.0010101626885205138,3.8354667905966218,7.011386929278447,0.3264969785753525,4915.583833869428,3277.9832408328593,0.9020767216000773,0.011824867702204726,1.4877814743541704,5.735710424613937,0.8904571337216267,0.03235130725151887,0.08789479027895991,0.22879823041233027,0.01218856363391251,0.07135508135520796,0.11190902738610702,0.14311983750276577,0.21577801253920917,0.37375795803153306,0.03235130725151887,0.024736268964141845,0.043927386098619785,0.03963562291227545
B,数据集/数据集/目标域数据集/B.mat,11,target_32k,600.0,1.406631968812803,11.48865413322012,0.0691726408500254,4.594450564964628,8.169278805360205,0.3259476286394433,5027.137655091659,3313.0477652813993,0.9063145972605064,0.01314670576137851,1.5118842134460082,9.202238980662251,0.8859720425615465,0.02877741025852487,0.08601818223915136,0.24865206450193728,0.012512543088846128,0.07137238692124613,0.1096850245377733,0.1348636303632376,0.20341476261775218,0.38863041525786696,0.02877741025852487,0.022293904716695036,0.05055376640108785,0.05352721233306237
B,数据集/数据集/目标域数据集/B.mat,12,target_32k,600.0,1.4433725753195874,11.48335092715739,0.08828741760907911,4.631948236856791,7.961854806738757,0.3309528169443936,5163.828862761448,3250.492125976614,0.9038436183273432,0.009918088636260336,1.5198909709378403,8.64584249734224,0.8793140940036062,0.024698952196861985,0.0762415401669564,0.27191985959712434,0.01143658832814133,0.06939525674724221,0.10426698838269954,0.12340903758283767,0.20490465692292323,0.4178731737830851,0.023085880485005525,0.02329592546196668,0.05899643474394009,0.05680287595176692
B,数据集/数据集/目标域数据集/B.mat,13,target_32k,600.0,1.5947974824007751,13.438470758723787,0.034779980032198725,5.867505319872875,8.421844003335732,0.34139046572666787,5518.164096514746,3285.2878632835213,0.9096927140609221,0.009416592835809834,1.6209144770150692,11.020804803342267,0.8423031992302324,0.06794856835949618,0.06373664243328157,0.3304602548318679,0.009922477536657178,0.07590584826711741,0.09285560089717841,0.11885141670911875,0.19112003981165596,0.4323358958313247,0.06794856835949618,0.04405791760300743,0.053805954940413014,0.05253310126907452
B,数据集/数据集/目标域数据集/B.mat,14,target_32k,600.0,1.5752144152270617,13.448866986181578,-0.01143852503239566,5.7551801040549435,8.546050829965335,0.33669047183055606,5469.368449880792,3317.277345993869,0.9153835628302794,0.008092679892784439,1.5969573631190894,11.465040221853988,0.8459410905692365,0.06716713281537243,0.062268976685388264,0.31982202441046836,0.01023283982071341,0.08004883271010033,0.09486884062207376,0.12396242534355925,0.19351215146360431,0.41388229746070626,0.06716713281537243,0.04291374094917964,0.05318988660425697,0.04984329372404567
B,数据集/数据集/目标域数据集/B.mat,15,target_32k,600.0,1.4004398074160274,8.417683186730747,-0.0177897423277157,3.8153741628494693,5.997498034162183,0.32668009522065555,4883.081022102389,3247.626495295187,0.9065313476974569,0.013531267709603893,1.5006354991213369,5.6183282779933785,0.894644680142395,0.019959287825447123,0.07990987234495046,0.21990179883281444,0.014044441418587678,0.0825762902108791,0.11986443131385455,0.1412610396377761,0.21469561817133853,0.36874759757362735,0.016566415817524077,0.018473007590904447,0.05327490015847566,0.03460638555998297
B,数据集/数据集/目标域数据集/B.mat,16,target_32k,600.0,1.4010441905714413,10.381061913199266,-0.01641270297522875,4.3188058927575526,7.40707901552774,0.33290606116095955,5110.47930187308,3301.688176317427,0.9113136361852019,0.014184630612668742,1.530630205671939,7.704731619665358,0.8800907934239628,0.04623975441449661,0.07989893510232662,0.25434105174042293,0.013812620995769674,0.0815492180862701,0.10383836072366862,0.12833417010883635,0.2116862822365738,0.37209696836619127,0.04623975441449661,0.019664328291037286,0.04723255576001506,0.03763490090597712
B,数据集/数据集/目标域数据集/B.mat,17,target_32k,600.0,1.4239050309284804,10.38851716732391,-0.016796381039153013,4.1582421474441045,7.29471149603434,0.33455411096868704,5152.827811208398,3283.4200901523614,0.9137624424592463,0.011469405313035804,1.5198250253383516,7.054379360864773,0.882287378021546,0.04365218707879962,0.07306344410370907,0.2437861837299983,0.013121343052338103,0.08330834120592795,0.09698190762005067,0.12816789748315374,0.2216225311719061,0.3788220948794891,0.04365218707879962,0.019140164251110005,0.04352690985446956,0.033108465512199495
B,数据集/数据集/目标域数据集/B.mat,18,target_32k,600.0,1.4424449340275862,9.032725972505196,0.05740825977776285,4.103449012127971,6.266249731770734,0.33559177195873774,5178.604755148666,3281.5464601372273,0.9136729241240765,0.011306151633098074,1.5116030732043397,6.5482805364181385,0.8858614554572178,0.027777974958800904,0.06879643338242847,0.24691188829993804,0.0122046508587411,0.08405477361086418,0.09368348718304233,0.1271574418792442,0.21185999103951123,0.39211608672537435,0.027777974958800904,0.025492909144139455,0.04736454203365417,0.04006049624827928
B,数据集/数据集/目标域数据集/B.mat,19,target_32k,600.0,1.4639146067661195,9.657933216182016,0.05298171323634643,4.619161326459963,6.602089718755635,0.34078007690899104,5315.165650587778,3300.704904964766,0.9118604613272321,0.012085114840445827,1.5403665808625282,8.852984547263235,0.8621353727569397,0.038327568094260855,0.0700782605522902,0.3188430406522959,0.011387815237357964,0.07576150988100001,0.09030295722497418,0.11030662936664958,0.18590742032077495,0.40737987082173927,0.038327568094260855,0.03322035543886746,0.06172270516487742,0.06703433100451087
B,数据集/数据集/目标域数据集/B.mat,20,target_32k,600.0,1.4016249274284576,9.64849669656614,0.060054206112901264,4.46475325253237,6.880752009648036,0.34065799914545564,5245.465176728717,3296.449083193035,0.911602552311418,0.011441835279376148,1.5204811845606083,8.762899680523523,0.8683264723665417,0.035591304612052684,0.07343589327453173,0.3035917719536033,0.01163986842615797,0.07674683571508704,0.1078729313841986,0.11477700291871146,0.18519107961973527,0.4134886076162707,0.035591304612052684,0.025520899632142553,0.0624601274978035,0.06853642231380899
B,数据集/数据集/目标域数据集/B.mat,21,target_32k,600.0,1.3701470348231677,8.11343131329177,0.0679055405246891,3.8424471151847066,5.924391634478947,0.3318073612891412,4960.94981843983,3378.874613564883,0.9107725550055216,0.012130787048794825,1.4764532778997344,5.904963682051329,0.902762643767156,0.01938586841629024,0.0894787201994793,0.199454657326806,0.013810549755456404,0.08729457385021427,0.1274974841163266,0.1472341449785161,0.20791400012108774,0.37857687029800563,0.01938586841629024,0.013998649947372302,0.036955994152124534,0.0441998841674344
B,数据集/数据集/目标域数据集/B.mat,22,target_32k,600.0,1.4778268970823358,10.214281460136261,0.041857957258176134,4.832135512606026,6.908671330246392,0.3328450222791918,5244.811890775257,3289.8519959727714,0.9083756787788806,0.011092737493343056,1.5366951564568587,8.849563138417002,0.8698261433333786,0.03028123074471768,0.0780781217440792,0.27805873707946116,0.012637998557443984,0.07391570809919332,0.10247766661138227,0.1500628764152668,0.18684617330624967,0.39149439410069137,0.026431177879664335,0.02620866945942702,0.080640581653182,0.05036974094151062
B,数据集/数据集/目标域数据集/B.mat,23,target_32k,600.0,1.5660736434382068,10.204966897567287,0.059625499069469415,4.937945673948304,6.511625827537579,0.33894891045596043,5355.523047648774,3207.1286244641033,0.9097127587946838,0.010658476723562101,1.550161197434522,9.142690071191778,0.8648779607619422,0.031266976993782815,0.07178968634046608,0.29098695518708295,0.011611842013816655,0.08095783049028403,0.0927652699912427,0.14037834315480893,0.18620210842432564,0.421250589182758,0.031266976993782815,0.027239128250641176,0.07646575482584127,0.053874970150663594
B,数据集/数据集/目标域数据集/B.mat,24,target_32k,600.0,1.4706259452882093,10.177383090927794,0.011791099817643575,4.327195414336842,6.916299419114179,0.3359580052493438,5152.855199708031,3259.66154720632,0.9091385702361215,0.012338060848181858,1.52427016534232,8.028137742760478,0.8805645233470905,0.027716849792372704,0.07904506661760946,0.26263076030740506,0.01330221970072144,0.08457779176711368,0.10216151406142293,0.12810591738845145,0.2012551887952013,0.4087038635335752,0.027716849792372704,0.018474477061001644,0.05448736144108934,0.06543315811496977
B,数据集/数据集/目标域数据集/B.mat,25,target_32k,600.0,1.4383634548256519,9.2453117011087,-0.009738457575292,4.439506019791864,6.42114972242203,0.33119697247146435,5087.024168208203,3265.7630196304726,0.9092064888120808,0.009883037117485222,1.5287485806262342,7.164756961096774,0.8735733622567116,0.058145391036252,0.07223938166850256,0.26591047560557457,0.013126223591012742,0.08540249519639703,0.1018482114720526,0.11709912604813817,0.20133013918293236,0.3959788454428456,0.058145391036252,0.027531559928771054,0.04533974801184053,0.038849787790723594
B,数据集/数据集/目标域数据集/B.mat,26,target_32k,600.0,1.5382642701009874,10.298403515088372,0.027442387355497717,4.746824084399989,6.689265443871014,0.33766709393883904,5246.932376822632,3213.9298629048717,0.9086746119946731,0.010248486176994425,1.5387481019875464,8.588662282199394,0.8650904026724224,0.06251753354356425,0.06976813429861081,0.28587847188432214,0.011223409012910935,0.08324951854702013,0.09464652608415007,0.10795567722810195,0.2034914817493119,0.4323048391928617,0.06251753354356425,0.02510390538351578,0.043436643269514734,0.052462429308354146
B,数据集/数据集/目标域数据集/B.mat,27,target_32k,600.0,1.449098184680222,10.29290157142375,0.007449481539816463,4.3623339318252405,7.09869303135015,0.33461514985045476,5107.544302446998,3271.0985454272577,0.9078070803704031,0.00897638041325683,1.5091413421724715,8.555273150089759,0.8899623206072382,0.024854807092322313,0.07962080532183702,0.23579782655186077,0.013087065801446113,0.0833362487394306,0.110503935981025,0.12435470772380582,0.21528057661323474,0.4067000526702361,0.024854807092322313,0.016100666075717803,0.048880528179477516,0.05607655464715831
B,数据集/数据集/目标域数据集/B.mat,28,target_32k,600.0,1.4173336787430548,11.153407054180295,0.029705466636020247,5.7051273904976005,7.872278575518038,0.3273515229201001,4992.791785365181,3365.923010128873,0.9101216763027957,0.0102908590608489,1.543129721799415,14.980173828078014,0.8814883689405203,0.034753571028597066,0.08579672637211398,0.24746592898005276,0.015028565105110572,0.09044483767573445,0.11798376508466002,0.13785950594997434,0.2022577540096679,0.36125435011977125,0.034753571028597066,0.022921824925536134,0.06276845598210169,0.03744444660405619
B,数据集/数据集/目标域数据集/B.mat,29,target_32k,600.0,1.4827676493167867,11.164450083645203,0.06597542401420883,5.649840770922137,7.5353467877051585,0.33553073307697,5456.968152200903,3308.097681101346,0.9152693953626662,0.01161959309567849,1.5680866124990676,12.87643009416202,0.8534410641339749,0.0467621824490436,0.06789670814623297,0.3322634289522504,0.012022720145530357,0.08168711607178579,0.09686839297189863,0.11728988900755265,0.17977727214699682,0.42563758749243713,0.0467621824490436,0.036390183572693365,0.06256834014342796,0.044590621325625336
C,数据集/数据集/目标域数据集/C.mat,0,target_32k,600.0,31.36203130036321,329.4345925833849,-0.04947428578042576,28.242385636274488,10.50224480039543,0.40181895867667705,7843.120360543575,2511.024115013323,0.8661765484204292,0.013909268099649682,3.4849058039782888,27.323703056930267,0.6294976455672212,0.12852623266810725,0.001035757153205015,0.7004100841782613,0.0021303985841891874,0.09361633954741896,0.02979410102424166,0.05197351315567688,0.07096227118085086,0.5345297379509802,0.07497414835104388,0.03333884602244132,0.08295223048637466,0.2875365427313352
C,数据集/数据集/目标域数据集/C.mat,1,target_32k,600.0,31.561148687892963,347.34239546522514,0.17201931588508815,27.88188046403361,11.001996703206707,0.40310077519379844,7771.957520461681,2352.303682028504,0.8594076791880155,0.014541344848953766,3.527620000128238,25.262978731516846,0.6189163273013455,0.13537438728888054,0.0009341275737941941,0.7120787725906166,0.0019199167363557169,0.0895400472491341,0.026234991529059424,0.055848650126622254,0.07005506427314828,0.5583072511800934,0.06970813893415595,0.03356366881834123,0.0779208489550361,0.2990233510917931
C,数据集/数据集/目标域数据集/C.mat,2,target_32k,600.0,32.57122185652786,347.326908032543,0.3546255716406477,28.20034643201339,10.665354767619668,0.40090337545016175,7780.363209356907,2375.5474109042525,0.862795728424191,0.0143849411456367,3.623929975611223,24.955897060920805,0.6115359069033673,0.142003630301701,0.0006515450363664048,0.716945904780275,0.0018258786293175182,0.08786068369337156,0.0281686832014603,0.054377028998449026,0.07040348845788709,0.5421294548505443,0.088677598712991,0.03294844404377928,0.06236493753733869,0.3062404737153688
C,数据集/数据集/目标域数据集/C.mat,3,target_32k,600.0,34.00779476414485,341.7453501600751,0.343865623961704,29.416864743774322,10.054458398312992,0.4033449307208692,7797.750384629614,2221.266317566779,0.8567328213201877,0.012403850237713607,3.7643262843454557,27.116926872699377,0.6209368369508257,0.12265512688038048,0.001033452652580469,0.7127218749700027,0.0017814283101539464,0.08776665243920943,0.019624577408946308,0.06268436844698967,0.07471785917048641,0.5455710598156843,0.08573514333685969,0.040967531000768595,0.07226571726660797,0.28649940609158864
C,数据集/数据集/目标域数据集/C.mat,4,target_32k,600.0,33.993682178809145,341.719484221148,0.2789425706597581,28.88323705457275,10.05619217119806,0.40883843007996096,7825.471660073106,2330.120213301339,0.8587424758716437,0.013600374962709279,3.6623775239057026,28.01956671618669,0.6264584947389604,0.1365060590177114,0.0011190310403978972,0.6943828587293603,0.002077366166354957,0.0955883171812006,0.023279941026259045,0.06581052357286761,0.07641154898923633,0.5523971128828999,0.07120786095769095,0.0295527550414466,0.07076003022959816,0.29395703184785643
C,数据集/数据集/目标域数据集/C.mat,5,target_32k,600.0,31.087023767689065,329.30725111769357,-0.04934192793342268,29.53099701198292,10.59257517773794,0.4011475309772325,7630.142722906959,2401.6252180389697,0.8665316078258756,0.01535887947347948,3.439862544428546,28.58666117066518,0.6309426700110186,0.12898300915301394,0.0028256339858553367,0.6972720482247787,0.004075717100278439,0.08956649830598334,0.028389884487909536,0.05702267227507398,0.07957151984788499,0.5782707986012514,0.08174699363335666,0.03375025928286124,0.08098008692433037,0.28286873672275636
C,数据集/数据集/目标域数据集/C.mat,6,target_32k,600.0,30.76884792839776,337.88351882999444,-0.09255593661860902,29.30846768638737,10.98118505781783,0.40047610327778793,7641.285238138077,2419.6480489200007,0.8670679380295394,0.01701063873057061,3.425474836143785,27.622076593433277,0.6337465180688534,0.12408673101409504,0.0030133768829410205,0.6929015976440098,0.004116956082281127,0.0966842669868876,0.028279994269066622,0.05443367213051902,0.08179413821195743,0.583611444229426,0.07605701277791053,0.03463501816827512,0.08568425878695383,0.2801043591128298
C,数据集/数据集/目标域数据集/C.mat,7,target_32k,600.0,30.756789995756176,347.28338604381474,0.11733311946583996,31.015492345277274,11.293827951361353,0.40041506439602026,7663.318375295281,2379.4375804936994,0.860498999442564,0.015127128747109631,3.452312475276407,30.55477904484899,0.6295507555430496,0.13299595866026412,0.0012652854211602214,0.6876288245206021,0.0024605439028704693,0.10076550586171541,0.02993003049236849,0.05921103125524276,0.081026294343971,0.5806875550830253,0.07864230998128403,0.031102283390740778,0.08052294401937647,0.28990259639122484
C,数据集/数据集/目标域数据集/C.mat,8,target_32k,600.0,32.1277457588945,347.27223427330557,0.02268938408103542,27.422315677554817,10.812216007374898,0.3995605200512727,7681.96853349292,2352.528216413939,0.8569243531599449,0.017299684990063697,3.45114938619368,26.74300819950296,0.6245544066793499,0.13515592029151768,0.000810359025391088,0.6917820457809482,0.0019955388156285936,0.10263692148346569,0.029395276838130976,0.05709697364315131,0.07618279966937379,0.5825023570894879,0.0791903409542342,0.03508846781908882,0.06430446077384162,0.3074299640639696
C,数据集/数据集/目标域数据集/C.mat,9,target_32k,600.0,31.33732518122347,334.14112496422683,0.06758457401343078,26.919633703121036,10.658153335683753,0.397546236952939,7697.09457544261,2326.431753741034,0.8556442469907735,0.018619673008678315,3.412752005806442,25.362590077557094,0.6232799613968274,0.13635186973260568,0.0008420773993287631,0.6931297990565375,0.0018046970431962299,0.09862143215185712,0.0265793968956839,0.05841784248769922,0.0726681438120195,0.5657939053707097,0.07919832993959432,0.03315171682940737,0.06537004103115256,0.3037736155865188
C,数据集/数据集/目标域数据集/C.mat,10,target_32k,600.0,31.470027981541005,348.6727459807508,0.08947997834762876,28.855365419869823,11.082415097233676,0.39571507049990845,7706.87342623023,2374.2979784040394,0.8614672738757789,0.0139535163399415,3.4795442920855826,26.706908506109297,0.6215646703578439,0.13398233787399727,0.00043807690415569554,0.7009013367013612,0.0016572373257967522,0.091419233557405,0.03192710491522174,0.0628256939795022,0.07378957620368212,0.5338010150817917,0.08336148529629783,0.03478853918442277,0.0669402145731785,0.29582029509150753
C,数据集/数据集/目标域数据集/C.mat,11,target_32k,600.0,30.808803034037588,348.6813020697568,-0.10895920730563265,31.534853599068164,11.319033651480988,0.3918696209485442,7617.461261214048,2321.118055570195,0.8543090559211072,0.013395874011442552,3.4753707645262284,29.482053791998748,0.6256229691772379,0.1232704066241016,0.00073976141604914,0.7061943782952915,0.001671484964281682,0.08740361641960981,0.03123168416193422,0.06456982430395791,0.07426974482401451,0.5842977866348303,0.0829393099634261,0.03638354334750529,0.0698725316828093,0.2871988278755343
C,数据集/数据集/目标域数据集/C.mat,12,target_32k,600.0,31.69350006467706,342.1255240005032,0.03886307106276585,28.188695519230137,10.7990183293132,0.39138130989440273,7700.689866722502,2213.244963829251,0.8487255348466847,0.01157005881529596,3.6065128170749765,25.815090397184683,0.6243219273177714,0.13344276010185424,0.0005672705554227614,0.6962110673568,0.0014610572651046149,0.10028288443237299,0.02240182990941944,0.06946442496518657,0.07267965459608751,0.6007593725617012,0.07619917948554687,0.03161779452389275,0.05694249109196316,0.2973525019634364
C,数据集/数据集/目标域数据集/C.mat,13,target_32k,600.0,31.93638084462192,342.1264545272842,0.1347142674558933,26.409150600686008,10.714923211345225,0.39931636452420194,7730.635086810831,2455.9732118710454,0.8630788251106973,0.013171144472983362,3.5813668495411033,24.497605249615248,0.6276796935924743,0.1355904174948771,0.0008772600704401804,0.6912096780745476,0.0027763062673793314,0.08757198492708561,0.032512273775802826,0.05583954507290741,0.08318210987983599,0.5395233258222981,0.08659018207711913,0.03620198386282652,0.06268131897926045,0.30044052212629246
C,数据集/数据集/目标域数据集/C.mat,14,target_32k,600.0,32.94739628184134,339.8764223182217,0.01866080364494184,25.759586231926523,10.31643489694333,0.403772202893243,7691.401870036526,2309.832952667797,0.8613088005596483,0.014662286016344533,3.600580522402219,23.15295773728482,0.6189211371049396,0.13724783325590462,0.0012288567044541408,0.7150394253561358,0.002620051514443303,0.08425009602079735,0.028667039846618732,0.04897885552957908,0.07704324885232854,0.5580376400077609,0.07894034104496434,0.033733177202308756,0.06798913169788243,0.3034602913603211
C,数据集/数据集/目标域数据集/C.mat,15,target_32k,600.0,32.16455088209669,340.8345922751093,0.14131661190980138,28.334101023824005,10.597948637207574,0.40047610327778793,7726.366951648246,2383.4076886519338,0.8604855797853671,0.014268705696134167,3.560321839499875,25.018927621555072,0.619268240002928,0.1456607930109846,0.0007480204942144196,0.7030386788367464,0.001792556579005993,0.09675292879972,0.030944221767206653,0.05203554029347903,0.07409587349655013,0.5592343798612085,0.07529097069560527,0.027204504391905984,0.06156807131936002,0.3089154792082269
C,数据集/数据集/目标域数据集/C.mat,16,target_32k,600.0,31.007262505162558,340.8092348697876,0.05940272050242362,29.06307044554955,10.991716594267029,0.40053714215955566,7672.380466503006,2213.412037423328,0.8445952085294264,0.01295919898292263,3.4532534339905934,27.060672263509193,0.617012578910954,0.122431589195934,0.0008024074114763033,0.7130357120863192,0.0016781378750297463,0.09190468198231372,0.027575537124634304,0.06084307777285881,0.0732352484845699,0.5368814201036872,0.08515864767947881,0.03673339314816468,0.06404827104061832,0.28366139418894265
C,数据集/数据集/目标域数据集/C.mat,17,target_32k,600.0,31.310449926964164,349.40058408376626,-0.08340941153167102,27.805731987572496,11.154751234700134,0.39962155893304036,7798.461023630118,2366.376084443334,0.8561478321507353,0.012328074822784939,3.4276554465645077,26.852448466084798,0.6233165771454869,0.13084873098877997,0.0009665157635912915,0.6950683784320489,0.0019217133512647966,0.08941980339627684,0.0288307963336322,0.06428532074155183,0.08290797937525718,0.5245881188368858,0.07917422485746514,0.03130622768468842,0.06624962468906812,0.2928329029674084
C,数据集/数据集/目标域数据集/C.mat,18,target_32k,600.0,31.041649624750672,349.4348074661691,0.04800534246697573,29.383523300872444,11.25107590988341,0.40523713605566747,7582.8804751089065,2270.8280513792656,0.8522421765967385,0.011778853280590727,3.446475891765584,28.44955751028906,0.6298994591322471,0.12576042193400064,0.001123792456651985,0.6920767241756149,0.002168493832671348,0.10217716057247954,0.027715406906854312,0.07355316155732335,0.06826188556881681,0.5966374713060854,0.0768136011824301,0.03148975580601275,0.07342372094554937,0.2787192600800084
C,数据集/数据集/目标域数据集/C.mat,19,target_32k,600.0,31.161753601168556,331.34478880607406,0.14424016561366218,27.653577098167876,10.630837688546533,0.4095708966611732,7760.41784370168,2363.4207901514633,0.8516095433635253,0.013673840500656027,3.406233232783879,26.63111486785477,0.6250412797263787,0.13031248867649867,0.0010958695744558618,0.7053621772299179,0.002008947990338805,0.10737597726958162,0.026751597181633807,0.06176397805668038,0.05533375284758716,0.5839549454765872,0.06700856475170305,0.029846017245366483,0.07780386335446682,0.2869168627505619
C,数据集/数据集/目标域数据集/C.mat,20,target_32k,600.0,30.692385963793427,334.7289916986086,0.0303695203685666,27.77548634181725,10.905946132704559,0.401635842031374,7593.802638490154,2397.894868613283,0.8548897608119326,0.014034290397343135,3.3097886611840166,26.60812401274181,0.6219911657603188,0.13115196188918474,0.001186476029682978,0.7027274590374464,0.0024906091918661015,0.11313865710237532,0.032416105223931284,0.04781285845193026,0.06221400247355055,0.6016070404354865,0.07733974637205356,0.0273247153928337,0.06939219404040112,0.2941221577760463
C,数据集/数据集/目标域数据集/C.mat,21,target_32k,600.0,32.77291023445501,343.62060477591467,0.08142867638019669,26.68809034724896,10.484275908191313,0.4015748031496063,7689.5010805143975,2329.5414529578316,0.8558721877646108,0.013549301999634751,3.4471980601631995,24.8254704066875,0.6259125158351176,0.13479461493389158,0.000957379713696581,0.6997318297474465,0.0020420516859385317,0.09637733293212014,0.02699835549308625,0.05723145028506445,0.07541143771266316,0.5954738036274115,0.07324143677780266,0.034111988929432555,0.07007073617905793,0.29088099495102854
C,数据集/数据集/目标域数据集/C.mat,22,target_32k,600.0,31.31247188698488,344.6737962090047,0.1864081479907322,28.582844061927872,11.00787560448147,0.3987670145882927,7559.038060198522,2354.6865592894796,0.8521827170723099,0.014178238218943384,3.4200043440354775,27.281549878208253,0.6290564364879722,0.12609733964083353,0.0013334375369458652,0.693575836719803,0.002432519493911748,0.10033952449139819,0.03040998253535374,0.05849801059205586,0.06716669400041014,0.630097712518545,0.07909505107599266,0.03841354621433394,0.0751006633068176,0.28236352639403095
C,数据集/数据集/目标域数据集/C.mat,23,target_32k,600.0,30.62979977375759,344.6925891109214,-0.06657573394132821,29.14254755525572,11.255716465580994,0.39833974241591896,7691.684879363143,2410.451373811619,0.8524196279839461,0.015156968425186048,3.3471602662952646,27.884173436692986,0.6299968990325465,0.13850844222939376,0.0010754281705530038,0.6974875227568381,0.002223903146680293,0.09965046893630285,0.03149931454786106,0.059704337343866154,0.06309606006887465,0.586036951660176,0.06587563495939343,0.034131839939456586,0.07568460284585625,0.2922606308819237
C,数据集/数据集/目标域数据集/C.mat,24,target_32k,600.0,30.35941113838218,325.37364218626755,-0.12170056394590968,28.76216929131063,10.718292035780518,0.39827870353415123,7677.564876127934,2433.859670752889,0.8480622001682171,0.0156474008862231,3.3871232948450776,26.817859649023916,0.6296808371083683,0.13028521279951186,0.0012956090259143348,0.6918812910384785,0.0022650189425851798,0.1060773216859062,0.03316159089042782,0.05718748095216487,0.06107083706268727,0.605378747458813,0.07811688878309613,0.03480856822974893,0.08247039186416341,0.28481128256198607
C,数据集/数据集/目标域数据集/C.mat,25,target_32k,600.0,32.34346416971948,333.3234255945244,0.02082410226521541,25.944823135781544,10.304409715525134,0.40310077519379844,7882.561621641179,2317.4901652793847,0.8500053860065349,0.01566364312228839,3.572296171402929,22.22010593703779,0.6197137927854237,0.1397886814367085,0.0007438115187933779,0.7026739712675211,0.0015389993553763348,0.09147813277739288,0.0234403811154803,0.061104080431054406,0.07049032252494372,0.5527762230177536,0.07278268026226903,0.030560454614439684,0.06896726900258268,0.30402581655463573
C,数据集/数据集/目标域数据集/C.mat,26,target_32k,600.0,31.19920202964059,333.3162347823942,0.07446297508590359,26.90995540801729,10.679462719841773,0.4042605139473845,7913.0623511075555,2452.091823372317,0.8590451823791276,0.012211791163783592,3.4685858589916974,22.981286026710393,0.6248460400770366,0.14054662274922683,0.0004867952679742594,0.6888482160595982,0.00173720374502917,0.09313817106748906,0.029268959126569207,0.06198772181097469,0.07475809339390802,0.5241841537002204,0.07655257374533454,0.029233195162468962,0.06328866578648462,0.30135178750416997
C,数据集/数据集/目标域数据集/C.mat,27,target_32k,600.0,31.701173611745006,324.53151691230596,0.0638659760527636,27.789772743552145,10.233324849602267,0.4049929805285967,7871.894585563921,2244.5447268418498,0.8453727986600229,0.01191074589656735,3.558516275762976,25.147952911575224,0.6208877472397942,0.1313577273272728,0.0004356457629341217,0.7066631932482873,0.001399436455046878,0.10577206850272008,0.02323278648952619,0.05900110239144114,0.06210988198488106,0.517883568765441,0.07187035068562203,0.03154182544654122,0.07343217702011932,0.28427500077274437
C,数据集/数据集/目标域数据集/C.mat,28,target_32k,600.0,31.25542915962752,320.7777756849352,0.07464690347335505,28.003937078105707,10.265640500091374,0.4041994750656168,7945.803078379408,2387.3750079539805,0.8545383635959357,0.012853841688167271,3.452925501659118,26.60202246210573,0.6305961702873939,0.13771198925902595,0.0005128920962546748,0.6854279052342929,0.0014683976795935392,0.1109026831294786,0.025595148481309924,0.05869718408209598,0.0668915916188245,0.504240603465657,0.06427110371242419,0.02536470956768478,0.06876988240060737,0.29248124440318024
C,数据集/数据集/目标域数据集/C.mat,29,target_32k,600.0,28.545548979670414,311.4142438966283,-0.027541235153902423,27.992433789814637,10.906771073283409,0.39827870353415123,7696.3380702723,2435.2060893376915,0.8534129768088973,0.017514998929844962,3.20083609545484,26.970868754834584,0.6345517085271387,0.1343411903671834,0.0010149067354382115,0.6751897665831077,0.002008286577501891,0.11148553128564781,0.030922973688635086,0.06218896066248019,0.07547979733650237,0.5778699501543301,0.08045886810730601,0.027751673849469274,0.058310265508054474,0.28607499226436267
D,数据集/数据集/目标域数据集/D.mat,0,target_32k,600.0,8.165578972701146,33.16786163207038,0.04562153979137231,3.0408414549421874,4.078151746830426,0.3803332722944516,5908.226284308366,2061.3065324850522,0.8711535635912699,0.010429648905744552,1.4231521147407273,3.4199947114782607,0.8596108817937181,0.012799113901837317,0.006336038844971257,0.16126635651527677,0.0037773195917736287,0.14072853955821552,0.0358977163961679,0.22750210964965129,0.2612677385467792,0.7092776104733145,0.0031905636150264764,0.004194238484626085,0.024438339453610472,0.0408360731269661
D,数据集/数据集/目标域数据集/D.mat,1,target_32k,600.0,8.28628563735528,36.099417186771426,0.018562246624286644,3.069866647679756,4.360005151923616,0.379661844595007,5948.086859281915,2033.165357860175,0.8656220731861519,0.011810395755661682,1.4335088332869297,3.4790235586407467,0.8591629753535871,0.008504949303480485,0.006463021829292162,0.16491805136877055,0.003831459077739763,0.15253835843589533,0.03167161957991271,0.21066678653955162,0.2620826103558625,0.7206867607950979,0.004743939650993124,0.007757363901956115,0.021629794128781424,0.03379882590828902
D,数据集/数据集/目标域数据集/D.mat,2,target_32k,600.0,8.501756401827128,36.10021098858186,0.007247211558005845,3.008562994256801,4.246712688839628,0.38387352743697734,5970.020766484617,1976.628642083225,0.8609913030486643,0.009700585260865976,1.4266394876420445,3.295278761704579,0.8560813738263237,0.010180541797644091,0.005840977448849609,0.17141658492875814,0.0042601547409982995,0.14032920447447392,0.029191871797887535,0.22064946354459133,0.2749421701897059,0.7449498353680465,0.00593702733676439,0.007218604833589985,0.01925707282848584,0.03227836381378279
D,数据集/数据集/目标域数据集/D.mat,3,target_32k,600.0,8.466243038270942,32.79426818828763,0.021706930606449383,2.9634615987760125,3.8702138523459806,0.3853384605994018,5963.950226609264,1973.880363327509,0.8635174583583813,0.01094080290243989,1.419169754361054,3.0722571482557948,0.8531644017079067,0.009825755482435852,0.005074261967878454,0.1820530379146479,0.004333541161911329,0.1336464560910237,0.027917614862394757,0.22399511623878154,0.2763163375288702,0.7410077916392183,0.005362882640642115,0.0050660841238728185,0.0237767114023778,0.034408583603891714
D,数据集/数据集/目标域数据集/D.mat,4,target_32k,600.0,8.39477468108854,32.77622256203894,0.013036477640915166,3.018455287816905,3.903653507493861,0.3824696331563206,5962.766015331164,1991.2183962231993,0.8638406180904176,0.010139560570955065,1.4318523828956067,3.1370823358687523,0.8529240451026083,0.010288030863352197,0.004887216973887914,0.1930701101152964,0.003550068859507138,0.14696023124842175,0.03071548683789461,0.20846610030209334,0.266574375179539,0.7317250171698637,0.0072025451455778105,0.008357214194275176,0.024830541895518535,0.03529070976196087
D,数据集/数据集/目标域数据集/D.mat,5,target_32k,600.0,8.327683372371506,34.702011028201156,0.010316822637932623,3.012102159257453,4.16263417146665,0.3836904107916743,5993.588109499954,1986.9759087607251,0.8600897465001629,0.01192112038835181,1.4130846583976526,3.270461024393564,0.8543732302322614,0.011106928183939557,0.004978888078902492,0.18267269987878926,0.003297175568439136,0.1482849783151146,0.03500390788701193,0.21593550850577672,0.26403051069412187,0.7384779685614088,0.007540378607466137,0.008945885305816251,0.018643713466301982,0.0387937608489209
D,数据集/数据集/目标域数据集/D.mat,6,target_32k,600.0,8.355465707106239,34.70412784208971,0.014076675218993175,3.0231569314544036,4.149871481557305,0.38997741561374594,6021.262584790672,1967.0400007095109,0.8591826571603453,0.01203138832718689,1.4121956883010263,3.32768376510592,0.8519336784271476,0.011215793864431934,0.005280522395939159,0.18262734548861176,0.0036183589174962677,0.13643320360396474,0.03286702776169902,0.23112120130325442,0.2583225522196124,0.7402260678340383,0.007315855195097191,0.011215793864431934,0.021687384740331824,0.03370127156882669
D,数据集/数据集/目标域数据集/D.mat,7,target_32k,600.0,8.446448426245164,33.573022199826404,0.016372072264528543,3.053162749546824,3.9808053496002267,0.38802417139718,5975.251293404307,1996.0612026860604,0.8642046604771204,0.01080212527316459,1.4265092739885574,3.3608321469471134,0.8546091942829904,0.01114596816897654,0.005796934324595067,0.1825264429666539,0.0037092902146529834,0.13527494339517335,0.030001269111870437,0.2278950337583701,0.25924559580717127,0.7288154775992514,0.006035182242938084,0.009500722102662416,0.029334024403702943,0.02895394279806955
D,数据集/数据集/目标域数据集/D.mat,8,target_32k,600.0,8.451403869353326,37.80336249186663,0.01971145833522404,3.0892253287844547,4.475958745393613,0.38600988829884636,5990.00193077797,2009.2475471333287,0.8663056863564802,0.011933476901561895,1.438481844331439,3.389186833535562,0.8499338222949615,0.01378787058522474,0.005457460425553737,0.206971455160686,0.003636022364344563,0.14098599954996555,0.029592678627729834,0.2121127540942032,0.2510855928346886,0.7239388392339955,0.010811346953180338,0.01237197989366371,0.03271704271681827,0.02502931333047775
D,数据集/数据集/目标域数据集/D.mat,9,target_32k,600.0,8.312988424215066,37.77226628270964,0.013959559783544543,3.050582699185117,4.543416392714353,0.3843618384911188,5928.567113991193,1998.8027172872655,0.8656921310954232,0.009644696229184058,1.426444299669964,3.395100510155289,0.8530845830789868,0.013855433111240024,0.004076396530425488,0.19403809888549559,0.004029045866847866,0.1395065746722572,0.029722634191073485,0.20874335328555849,0.26126172734715497,0.7229103792345688,0.007588759610522912,0.011002837843057948,0.029649772971828026,0.024791271872310783
D,数据集/数据集/目标域数据集/D.mat,10,target_32k,600.0,8.329707553003885,30.968210322774027,-0.004773964554313159,3.057574068834334,3.7207476735096217,0.38240859427455287,5950.5299718656315,1971.5652575848874,0.8642261732544866,0.010691845967836722,1.4432958030690888,3.297080121110932,0.8506346423126502,0.01188400006727569,0.003855742260998682,0.2034554583005034,0.0038075850861036104,0.13567279461055268,0.02887474561266944,0.21911892166735725,0.25493877556042566,0.7326294914596269,0.006323239869461697,0.00821368562662055,0.03089055898521509,0.031514529721425794
D,数据集/数据集/目标域数据集/D.mat,11,target_32k,600.0,8.278713986992159,31.60179908684397,-0.017177960457472552,3.114910485676018,3.8149523588451717,0.38491118842702804,5995.687302380863,1957.5728060489246,0.863451588508649,0.010549275583494376,1.4540175849696033,3.29098254219504,0.8476161791652075,0.011395937777556396,0.004204203834648704,0.20878300726604235,0.003528552855506663,0.13450147315882058,0.028363231851904265,0.22869458804929166,0.24806337222346436,0.7397857337264307,0.006317478523562531,0.009193865563468885,0.023568453709795562,0.041352769994577786
D,数据集/数据集/目标域数据集/D.mat,12,target_32k,600.0,8.11353275353729,34.218475349502704,-0.0030861511189562833,3.081063125429749,4.211662706215023,0.3852774217176341,5946.344412136137,2032.1118373051534,0.8691729241915853,0.011031997909464866,1.4307444214882097,3.235286742371871,0.8536535571933402,0.011997107030024616,0.0056118843117683274,0.1991991157746239,0.0036114209897368608,0.1377535998875482,0.03615434300306322,0.22448731156625082,0.24314552800420772,0.7179318332935888,0.0075533457790851995,0.009720475293044248,0.025776377369632068,0.04100052705160939
D,数据集/数据集/目标域数据集/D.mat,13,target_32k,600.0,8.211632757188502,34.24934531422242,0.00923814072807369,3.1372650596943914,4.163334906933839,0.3836904107916743,5941.393397897565,2020.4596377618952,0.8667180384525094,0.010193416228889739,1.4368147294033151,3.43738462604228,0.8500625796900547,0.020271605216579038,0.005387083461189649,0.21212029540324925,0.00369366559072232,0.14944689084641638,0.03472831465788838,0.20077098369914392,0.2428903727533134,0.7209718150761482,0.00771090533188701,0.0069934756982854935,0.03468996578229179,0.04292553214830081
D,数据集/数据集/目标域数据集/D.mat,14,target_32k,600.0,8.227234723668088,34.07986822396605,0.019881630355626255,3.1035763154110163,4.140634158540037,0.3793566501861686,5962.29064489209,2001.233483564931,0.8658823806073991,0.010470442869153891,1.4212256479892558,3.5026570127608934,0.850485338737661,0.018312559617974872,0.004419324698880349,0.2078051420764017,0.0043047575799195405,0.14973803617152134,0.030658474534120378,0.1956612834692386,0.256646714886349,0.7320508090067551,0.006321399942023033,0.007064162460028432,0.03361614536427361,0.038950098375551384
D,数据集/数据集/目标域数据集/D.mat,15,target_32k,600.0,8.186989016281114,34.08547582724926,0.002488888290102622,3.0560512989877178,4.158481978273457,0.3826527498016236,5939.641299316588,2025.566564032847,0.8690695780811342,0.00966157940365991,1.4066642548168946,3.4151706648206894,0.8556498687257058,0.010993195731092425,0.0036707251340806764,0.1919314157368393,0.004401606723541598,0.13261102022903104,0.03210565553730286,0.20479803164517968,0.27048405016085336,0.7198799409534317,0.007495886336943642,0.009811762658576372,0.029994680859534682,0.03835687875292793
D,数据集/数据集/目标域数据集/D.mat,16,target_32k,600.0,8.244329745425231,33.239069797502566,-0.014224437053222716,3.0397953590984192,4.035201237060103,0.38399560520051274,5924.742113116591,1996.8750504711604,0.8658081395987998,0.00919530538110385,1.4058840901145424,3.3444912142335,0.8558336729552973,0.008233313070258926,0.003886297573387888,0.1793857166690148,0.0033828001866937026,0.1371192500884756,0.02976357807193391,0.22415543971332716,0.26594683491013177,0.7249593420511489,0.005871062441015784,0.007799819749773588,0.023114756580237747,0.03505556116151447
D,数据集/数据集/目标域数据集/D.mat,17,target_32k,600.0,8.290159699386294,33.513350892480034,0.015351212623765024,3.065866992205025,4.042141591527507,0.3811267777574315,5942.972961629506,2011.093225881601,0.8645185111918724,0.010204768190073302,1.4131045137324596,3.329898607459267,0.8542289782811286,0.010379855188117612,0.004722038587694857,0.185180929630603,0.0030104771454712016,0.1346126845467561,0.03150673438553352,0.21842963815578448,0.2682610693162536,0.721645855338529,0.004574906896972761,0.00575752418893281,0.027433899605392054,0.03720474157017984
D,数据集/数据集/目标域数据集/D.mat,18,target_32k,600.0,8.332725226233562,35.1102172294077,0.03284839497975375,3.1217354757373856,4.220019922764584,0.38118781663919915,5947.232934954819,1997.6303017096882,0.8632464901780155,0.00981807030027071,1.434730354919041,3.377593841657365,0.8533509379356438,0.010077085371416999,0.004759898455521737,0.17681447324765764,0.003289699736528815,0.14596925847902995,0.032770899463938366,0.21215304106215807,0.28153105206732004,0.7318232002166287,0.005482805176378775,0.0059959912069085805,0.023464817488453346,0.03643294425230389
D,数据集/数据集/目标域数据集/D.mat,19,target_32k,600.0,8.414202271566898,35.09478715667563,0.04129029179049415,3.1401685643261263,4.1762458429221425,0.3850332661905634,5976.263493362349,1952.582671372219,0.8606958758255899,0.011966372859192952,1.439979516931702,3.58380326198227,0.8490831501717577,0.010227484002043095,0.004699170369276333,0.18984953762532344,0.0035689523591510165,0.14303084340302075,0.029301224122862235,0.22989819643490345,0.2681720603633816,0.7478843422152981,0.008214295556905402,0.010227484002043095,0.018509408087032428,0.0332644896294008
D,数据集/数据集/目标域数据集/D.mat,20,target_32k,600.0,8.312116620820609,34.87725394626401,0.04631668495044859,3.1451054136501133,4.199034301545345,0.387047549288897,6008.270476568774,1961.7369854172528,0.8606723851041571,0.010260912213319033,1.4309605105310241,3.690296832571146,0.849124219173043,0.010656038150865896,0.004770007298424357,0.19932314633248668,0.0030267246646782653,0.1344725392309465,0.028770578099692863,0.2366024193893318,0.2537656267859999,0.7458083140875045,0.006659158034652565,0.00900646016811561,0.026386728950488183,0.03387103658144289
D,数据集/数据集/目标域数据集/D.mat,21,target_32k,600.0,8.180193611362514,33.83935070104675,0.002488960205471533,3.0676298220009492,4.121911687068001,0.38564365500824027,5961.645832819628,1978.8710501103392,0.8644826489351412,0.010393326399301078,1.4238363043143234,3.417547739699251,0.8495874245998734,0.012372242400718133,0.004730063677639446,0.20771676870884512,0.0033661337116559263,0.13336328547743548,0.028859011861824747,0.2218960737149686,0.25481533297560605,0.7318890658518158,0.00795514589272013,0.011125080080743407,0.03219314934471566,0.03715545026207726
D,数据集/数据集/目标域数据集/D.mat,22,target_32k,600.0,8.25605460659953,34.244301042897796,-0.005876948993574378,3.0541789542462965,4.132277504286964,0.3836904107916743,5953.206096747591,1984.2553367950234,0.8640253743268035,0.010171942994280522,1.4265897496526816,3.355606988328998,0.8516887412940399,0.010984393065081999,0.004422919681751644,0.20438178126907425,0.004079537195710995,0.1439375939278225,0.02858797647084469,0.2048993399824195,0.2556261684912614,0.7278153223062802,0.00643961721651432,0.009672229348230576,0.030100662794394894,0.032713914251121065
D,数据集/数据集/目标域数据集/D.mat,23,target_32k,600.0,8.311628170929424,35.15193251547315,0.018668886288803234,3.0654697770955353,4.227237157799044,0.3805774278215223,5953.2083392114555,2013.897720959192,0.8653863776989662,0.015181987516075555,1.4225947000811965,3.5895030265985954,0.854329960125918,0.010606586463315549,0.005002320222288351,0.1912743877301478,0.004036844451479704,0.14073659211475756,0.03162644660925632,0.21016801967115004,0.26460853062702255,0.7265132487410577,0.006515250133782935,0.009092461790205323,0.02479167100852574,0.03184298652362685
D,数据集/数据集/目标域数据集/D.mat,24,target_32k,600.0,8.217074973472569,35.1262694814778,0.01297065169935925,3.1020713446332997,4.273615469940362,0.3781358725508149,5978.747782634871,2031.1291392511382,0.8683459565427049,0.010254461711703773,1.4124985048131642,3.6655693383202292,0.8565939601068652,0.010512250309594033,0.0055447415218419106,0.1809852978728492,0.004467957115770293,0.14104335035514756,0.03390046196531223,0.2210470794132528,0.2642286313426116,0.7224933155762829,0.006744088539189147,0.010512250309594033,0.019037598909854868,0.032651996825216544
D,数据集/数据集/目标域数据集/D.mat,25,target_32k,600.0,8.108343593202939,33.69383977360145,-0.0004475192411223312,3.0493733109182837,4.15650724066844,0.37899041689556245,5954.276456604392,2011.631047387665,0.8661635857835502,0.011242176998912176,1.4150385813781823,3.4050982063712314,0.8575612097285745,0.008528818159902281,0.005615371204087748,0.16080886900487423,0.003938551917531537,0.14616869807943025,0.030771480806253786,0.23127457194398326,0.2672622744817704,0.7238885249715182,0.005393732138423981,0.007904854565344566,0.018314494425165688,0.028236222083817774
D,数据集/数据集/目标域数据集/D.mat,26,target_32k,600.0,8.083453679083233,32.56625613769049,0.006910411431022141,3.012939289057587,4.025109554821247,0.38082158334859306,5930.268055162871,2008.9098827258874,0.8666249672502974,0.01025580005867562,1.410266464939833,3.407754802307559,0.8558825389556709,0.010068833933988016,0.005938776595330407,0.17650886493252185,0.003404729835540032,0.13633286661908237,0.028829212748261304,0.2273688929386472,0.26883389710969324,0.7232360544824336,0.00729055947853122,0.010068833933988016,0.023698389240813557,0.026657858288334495
D,数据集/数据集/目标域数据集/D.mat,27,target_32k,600.0,8.210268924170947,34.14855532955058,0.009621569751937759,3.06917250103317,4.157012327356948,0.3820423609839468,5946.382318059644,2004.9693814039017,0.8663051057475174,0.011124547216141279,1.4095742021631577,3.543082925515387,0.8524733240263982,0.010612419280518339,0.006100383675559151,0.18531496562969235,0.003381272385616969,0.14708838192046392,0.028761331014172366,0.21466985919080084,0.26952795228713194,0.7274132855861745,0.004680182236915364,0.008671594045117947,0.025419962836528687,0.03200318958330834
D,数据集/数据集/目标域数据集/D.mat,28,target_32k,600.0,8.284520032873623,34.13074506708254,0.005689203675085967,3.091538242396989,4.113676867720631,0.37868522248672404,5960.994222153266,1992.0889605256818,0.8666442658162533,0.010581055617063748,1.429912186264366,3.4592902122884617,0.8511155849734691,0.011545990118408999,0.005809371590383408,0.18298307437007502,0.00389715309800466,0.15420782371543232,0.03091380491504763,0.21428344839781163,0.27000497583325056,0.7268069386950191,0.004987598349871925,0.007849930137525453,0.02892753696693789,0.03355956221164409
D,数据集/数据集/目标域数据集/D.mat,29,target_32k,600.0,8.284029267891952,33.70965287512221,0.01437824447270086,3.1147732317019505,4.076032971655653,0.38301898309222976,6001.520067711572,1990.5019593294273,0.8658662277529411,0.00993006918361529,1.434384134049697,3.455462649253579,0.8494814738921038,0.012749553854534587,0.005522435916947862,0.20534828976675992,0.004066192292091386,0.1463009732653246,0.03009346456891603,0.20706400446269502,0.26145759144902514,0.7311802267983258,0.01054975481424375,0.012749553854534587,0.03375593796901502,0.03484632838265537
E,数据集/数据集/目标域数据集/E.mat,0,target_32k,600.0,16.399177190979835,179.6571624529212,0.19101459311820584,41.703304674440474,10.95575607453245,0.2919489714948422,7796.147385125064,2870.939016873405,0.8705218329548209,0.016998889166007582,4.486706352723789,37.10431442686289,0.6135141962695859,0.11731784564629337,0.003513528686063104,0.7486360723777417,0.006640872161469973,0.06778609827683421,0.07310356556473775,0.04388158901415647,0.05927820236818552,0.2523431016167576,0.11731784564629337,0.07349166748941505,0.092549201448294,0.2552749896566768
E,数据集/数据集/目标域数据集/E.mat,1,target_32k,600.0,15.261828528765284,176.73190601884525,0.0295665696859291,40.086485386291194,11.576105317349642,0.290239882805347,7718.698288263193,2894.0519534515906,0.8819828024521565,0.013771223391136535,4.144894411114133,37.158202309553346,0.6402764210379718,0.11018159687043672,0.003398677526374865,0.7052951512433002,0.006418889457423109,0.07442536572698166,0.07014693336352862,0.06871592097943095,0.06255069192675383,0.2800896245743533,0.11018159687043672,0.05515332760128388,0.08718884046632218,0.251055136251998
E,数据集/数据集/目标域数据集/E.mat,2,target_32k,600.0,15.154860487445283,176.77073487657395,0.15572810301521645,42.128656586060266,11.66129705562284,0.2954281877556003,7695.549750199642,2981.804405001611,0.8830565318686054,0.013025288928715227,4.3178691278346975,39.29159289494875,0.6308349245188832,0.11616659354209395,0.006005960593774419,0.7169140840026481,0.005341776552395335,0.06645297282015883,0.07117681577088208,0.06587218175411153,0.05952260145234837,0.2672501426484258,0.11616659354209395,0.05497971283075967,0.06849415959422007,0.26329955938811733
E,数据集/数据集/目标域数据集/E.mat,3,target_32k,600.0,15.184019914242894,174.49973110819232,0.21835358784755268,41.326751391807726,11.489918060951515,0.29744247085393394,7592.689039228899,2898.3848178441604,0.8854210695131512,0.011846318610804468,4.342669688891766,39.53977087469009,0.633168159753926,0.10560072448800129,0.006459084211897406,0.7185778685833082,0.007701039736819582,0.07760094889715659,0.073142210856546,0.05808627432760281,0.06435980497118149,0.30015112113925424,0.10560072448800129,0.06094707961863896,0.07666612827626426,0.25826962608099296
E,数据集/数据集/目标域数据集/E.mat,4,target_32k,600.0,15.063049316145237,179.5736542919067,-0.5162700539035419,40.14761146988223,11.920901207622236,0.3034242812671672,7479.423215045115,2786.042364434173,0.8812735765627805,0.010903525773396299,4.449772263718282,37.85466642658759,0.6301471986109493,0.12121549097198224,0.0057196566699794565,0.7040554858599487,0.00761869203361799,0.08242367853239696,0.07173164560695433,0.06880221570714756,0.0714029210951197,0.3366376081746479,0.12121549097198224,0.049915663950378886,0.06955031947364056,0.25857330898678815
E,数据集/数据集/目标域数据集/E.mat,5,target_32k,600.0,16.075561002995624,179.58685461863453,-0.5142292309547966,37.78789650895706,11.168513545061508,0.3094671305621681,7757.9795601477035,2687.4864904672822,0.86542594647731,0.015324654467050142,4.738156390139679,33.247619997253736,0.6169491508307456,0.11609240541591549,0.00371021384996135,0.7266517575363275,0.004334379068436272,0.06737692208103557,0.06026338603031973,0.0680347873190233,0.0587673885816124,0.2963424269968277,0.11609240541591549,0.04858182616622639,0.06336180166919285,0.2859211437392756
E,数据集/数据集/目标域数据集/E.mat,6,target_32k,600.0,15.127585779290492,168.14128398062516,-0.15817130687088193,36.476575810535145,11.115347403743321,0.3037905145577733,7742.055832960728,2748.6446830496493,0.8672539927857638,0.01586117211450532,4.3732232135494815,31.608718350740144,0.6140793703957611,0.11448303026546444,0.0023541095150268884,0.7341469038440801,0.003893003843944183,0.06499426221253221,0.07180953425377355,0.06351205811249698,0.06063034083109533,0.26434934260267956,0.11448303026546444,0.056019406733869376,0.06589802460229875,0.28695687058056885
E,数据集/数据集/目标域数据集/E.mat,7,target_32k,600.0,15.876935350816245,179.4917812653037,-0.11418076169019944,41.1682004363847,11.305396236833621,0.3010437648782274,7730.46265274494,2559.7625013332836,0.8621787450930709,0.02080654404668606,4.56977761859314,36.8571544423732,0.6142688916275568,0.11251909322293151,0.002088949901414235,0.733991040292245,0.002998162725233923,0.07880722964284143,0.06072551194374561,0.06357715115689326,0.06399519541532073,0.3121363848159892,0.11251909322293151,0.050125325259403504,0.0702410193943093,0.2736283080950069
E,数据集/数据集/目标域数据集/E.mat,8,target_32k,600.0,16.880602897411098,179.51216612929903,0.13505630870239815,40.30818791556791,10.635413010699832,0.3054996032472685,7884.88584931542,2503.1701492031316,0.8585315071943127,0.020090061443445432,4.72095323769195,35.66695855235929,0.6147046061504757,0.10919035511922684,0.0018981089103284028,0.7387319876281158,0.0031467489882365893,0.07667783830319339,0.052396453614625804,0.059986346273576914,0.0632382438660947,0.3165874419430245,0.10919035511922684,0.04844874865886821,0.08162925398990928,0.2712708598052961
E,数据集/数据集/目标域数据集/E.mat,9,target_32k,600.0,16.1920255247761,179.13493468068629,0.10208262401071044,39.1250455918874,11.059045018271283,0.30446194225721784,7908.029481321141,2499.479357700608,0.853097127344021,0.016824249030751817,4.44882089223319,34.23876622293013,0.6063822863501893,0.11749649357133733,0.0021271690011807455,0.7496263762085941,0.002337485674496711,0.0640291597627189,0.055750554096820046,0.05460946850792338,0.07150818583550893,0.305963282238068,0.11749649357133733,0.05337958068760371,0.07010741459459746,0.273770026070286
E,数据集/数据集/目标域数据集/E.mat,10,target_32k,600.0,15.90716877019564,179.15383527238606,-0.19753802583249075,39.21725998035635,11.260289659597486,0.2989074040163584,7854.921164966482,2587.56636225856,0.8535921691616075,0.01822030906505949,4.294159736142453,33.37809512493685,0.6050349880245286,0.11449920031848346,0.002020246972825372,0.7488374056740204,0.0026167567289151253,0.05495511144168972,0.06398648924471188,0.053588189973327885,0.07041647148255484,0.2695952375214785,0.11449920031848346,0.05922369240666156,0.06603216256929173,0.28631831427663607
E,数据集/数据集/目标域数据集/E.mat,11,target_32k,600.0,14.779460823078024,175.97917491574572,-0.08673186728731394,43.56115668122315,11.909642276221803,0.29268143807605446,7721.701443771235,2700.6870668798365,0.8622629204247663,0.01861318365685254,4.065558865365349,40.25481125932094,0.6118299285742431,0.12380533977427757,0.0017280812660700117,0.7346490412919559,0.0021077428505869023,0.05845941848865626,0.07506976515086886,0.06075870780930562,0.0748212523446364,0.29842816772813635,0.12380533977427757,0.04906558235336922,0.058105462036395626,0.27940233412510374
E,数据集/数据集/目标域数据集/E.mat,12,target_32k,600.0,15.316933933246162,176.9080264576898,-0.19818639631416646,39.86474974708252,11.548064113330557,0.28267106146615395,7580.893270137836,2661.2022103216987,0.8642369074282101,0.015348005319425106,4.174909489980192,36.47975605918889,0.611992289268802,0.11992205934594274,0.0024885604085444343,0.7489279271664286,0.002650867183575964,0.058701935092398475,0.07936528211994986,0.05727266517883816,0.07129243980832467,0.30700561008838534,0.11992205934594274,0.06226895878716824,0.0835665304327403,0.26716178092391624
E,数据集/数据集/目标域数据集/E.mat,13,target_32k,600.0,15.94016595438033,179.7948396415022,0.16967856106381993,41.89032915343114,11.277903220467373,0.2866996276628212,7748.418222262179,2526.154715338333,0.8490419461264836,0.015065497052250309,4.417741276880973,34.20271798001709,0.5895493978769591,0.1155185334482192,0.002449277375941878,0.7848382357928356,0.002855447956283204,0.06330469514501778,0.0665446681044093,0.041378361365916015,0.0508018307945201,0.2651635697886251,0.1155185334482192,0.07043431264283892,0.08939574126555436,0.2685896485204128
E,数据集/数据集/目标域数据集/E.mat,14,target_32k,600.0,16.37778485857405,179.7729749098142,0.4128582120229629,39.90335018091569,10.977673832961107,0.2965268876274187,7737.018833778267,2507.896495131772,0.8562949976905799,0.012576094626307818,4.4914938260869315,33.30780645466804,0.6029560295112845,0.11884876242191236,0.0021246238534176295,0.7534220549423204,0.0031597536677799233,0.07430869686813253,0.059243884983938566,0.055202065631775876,0.05280184488758168,0.3135031652130886,0.11884876242191236,0.06038015342513701,0.0777285107349367,0.2686981455669108
E,数据集/数据集/目标域数据集/E.mat,15,target_32k,600.0,15.701770075993132,176.54802609611735,0.18340455112949444,41.82052334221116,11.24560377127192,0.2934139046572667,7840.4041641558515,2580.7148291209633,0.8540087667188682,0.013991378209153518,4.444423573783531,37.72841220051792,0.6067063435782168,0.12064003406651419,0.00215182044158808,0.7544948228864726,0.0027080159704998383,0.07349247097044301,0.0636622156996202,0.04837582728419282,0.057958300416669044,0.26149688905840685,0.12064003406651419,0.06756672087515567,0.07895721115521391,0.26541549070145504
E,数据集/数据集/目标域数据集/E.mat,16,target_32k,600.0,15.81159282372568,177.43666000225988,-0.19460147548857454,42.99323625908199,11.222786909000915,0.304828175547824,7877.268294002627,2639.8546930079788,0.8709698918131245,0.011494496671859051,4.490804009870164,39.567366292752226,0.6272290905605891,0.10123738361950899,0.0027356921874816804,0.7303701615361508,0.002706721509250835,0.0721880682385026,0.05798460267523658,0.05698973688150906,0.0686408789030207,0.28588514214733796,0.10123738361950899,0.06127268681872862,0.09245220207393184,0.25856589657377194
E,数据集/数据集/目标域数据集/E.mat,17,target_32k,600.0,15.62029485056798,179.47858571764633,-0.2916178611468277,43.69988090048093,11.488998519058555,0.29835805408044924,7505.349872456204,2901.3407987638043,0.8920480001549538,0.012568266738451411,4.374877748929702,39.350746344940404,0.6361891269741243,0.11695177602775876,0.003786170182667497,0.7082418295305043,0.006232994076309109,0.07639135441846617,0.08420550835529862,0.05485464359906856,0.07561361605714406,0.3319374495412642,0.11695177602775876,0.05255541735361644,0.09479448158074229,0.24254722816544239
E,数据集/数据集/目标域数据集/E.mat,18,target_32k,600.0,14.712508652809507,179.51728194272596,-0.306230655861515,44.46082381807911,12.201228711542308,0.29518403222852957,7607.827128614977,2760.373312352658,0.8752827094718698,0.015895841092283293,4.194498668871026,38.37244069205398,0.6259812869408008,0.112497778532116,0.0031314292461325915,0.7242000482156478,0.006600759490004533,0.07163207263452039,0.07443851030726914,0.05362689248703609,0.06961081291856293,0.3104269755494467,0.112497778532116,0.057240540179755356,0.0703079330553699,0.26035200519823054
E,数据集/数据集/目标域数据集/E.mat,19,target_32k,600.0,15.469898965906706,178.94054632514153,-0.28623293820423595,40.58440715294282,11.568888079225593,0.2978087041445401,7776.500858094185,2682.6987796679755,0.8705356349734147,0.01296788738165449,4.388975507965918,33.85606126738459,0.6074056966195783,0.12528107651405684,0.0023439678155925195,0.7414402164598712,0.003426236066836761,0.052134037990447656,0.06490013750757251,0.05251372777935235,0.07533728694179266,0.29897398485473575,0.12528107651405684,0.06834901399207713,0.0697454093430076,0.27832313866095726
E,数据集/数据集/目标域数据集/E.mat,20,target_32k,600.0,15.72535769753829,178.97060782854965,0.048357657832030526,41.63263422478924,11.382556969812867,0.29274247695782213,7693.273544234898,2709.0299524578077,0.878092645782208,0.011441557750133367,4.386973873434854,36.60302561847385,0.6261795284589109,0.12198630184093238,0.002617960123732436,0.7146361988763109,0.004156691762025895,0.06373906711200476,0.0644589129816938,0.060973485742947565,0.07846799285078974,0.35061217867443595,0.12198630184093238,0.049759704566572215,0.06868705810962814,0.2683863056982264
E,数据集/数据集/目标域数据集/E.mat,21,target_32k,600.0,14.89972901865563,178.92889837327047,0.13046370581738187,41.656452480259034,12.012701821360789,0.29579442104620646,7570.504878659208,2714.761896489527,0.8771171402223538,0.010591627204912028,4.117916531261133,38.777644520355736,0.6317484749885379,0.10619530722492286,0.0028971413359760896,0.7112070063821128,0.004671014932981601,0.08080875573130332,0.07585269674630774,0.06561136500082325,0.057925363595684225,0.36254416782143684,0.10619530722492286,0.04585503859087443,0.06625141294268404,0.27653449339647745
E,数据集/数据集/目标域数据集/E.mat,22,target_32k,600.0,15.03418193597417,179.19628711047878,0.023859079254232723,38.619311175048935,11.919067503065707,0.30354635903070254,7502.109350598563,2717.2017906325254,0.8710812114977655,0.010311531361361133,4.14497351335514,34.16904479509681,0.6205670367899846,0.11156642947076081,0.0029767987133644995,0.7398147021878111,0.004065112585034154,0.08190106421875402,0.08706045019590812,0.055130078374411515,0.04692936493972761,0.3323793645851766,0.11156642947076081,0.053720393292075175,0.07717226395691484,0.2696473778466871
E,数据集/数据集/目标域数据集/E.mat,23,target_32k,600.0,15.383513585514807,179.14172265448076,-0.21988860150796055,38.08434785503979,11.646410966854013,0.300738570469389,7797.3837039144,2709.658718461349,0.8683455410055135,0.012957584887443566,4.239319459683263,31.64233938291232,0.6172101521829669,0.11160721736766675,0.003210350074138197,0.7406876060529095,0.0060049339054467216,0.0742299938359006,0.06976826645230955,0.06028364140067566,0.05801429989711054,0.2646731640213416,0.11160721736766675,0.04983161257672267,0.0809128107476056,0.269950971965943
E,数据集/数据集/目标域数据集/E.mat,24,target_32k,600.0,15.734764885465678,175.79584452733425,-0.18719338801869112,40.187957503297184,11.173978676582163,0.28914118293352864,7803.847430332418,2761.355970241928,0.8685827885978746,0.013967188504122504,4.300676911124779,32.37450039376304,0.6034869901395962,0.12800848006800586,0.0026531165429958233,0.7521758669360099,0.005385144798159316,0.06605084391622974,0.0709207343537739,0.05290714196462563,0.05998741120838161,0.26070371683628424,0.12800848006800586,0.05425558221943712,0.07164538284167708,0.2835983875877788
E,数据集/数据集/目标域数据集/E.mat,25,target_32k,600.0,16.231079237605574,177.3494059875488,0.012713079592218603,40.43995083641313,10.92613051778249,0.2971983153268632,7713.649142872943,2863.7385512822793,0.8927646850295798,0.01213600909976522,4.381060188973633,33.87591498116653,0.6333135659955242,0.1192682066575706,0.004007275915041404,0.7144141942836175,0.003897744679207912,0.05696736711043817,0.06671115012671881,0.06387724574903382,0.07367639315391214,0.3081767465986954,0.1192682066575706,0.05764548180498234,0.08159028613712914,0.26070366000492246
E,数据集/数据集/目标域数据集/E.mat,26,target_32k,600.0,15.463131224450455,177.43386441512595,0.2581973747552058,43.826786279313644,11.473450303404542,0.2992125984251969,7769.791339691164,2825.9224031993517,0.8925414939537062,0.011959348132281365,4.293168676421372,37.8561446777513,0.6420906893071932,0.10688609909574258,0.004010221364544115,0.7023371964867892,0.004523038202232697,0.059200350496785396,0.06550947721190895,0.06880268463582095,0.08497829359299681,0.33031921727926983,0.10688609909574258,0.04981169148782814,0.09522753246002538,0.24466346571827835
E,数据集/数据集/目标域数据集/E.mat,27,target_32k,600.0,16.617455734339195,179.85026366486022,-0.2406289454876404,39.6258617856183,10.826005652465406,0.28962949398767013,7826.207037206409,2809.7698776382185,0.8803903423755325,0.012514797923616636,4.436025652572641,32.317170779018305,0.6272085186129465,0.12245412413423958,0.003726519055368735,0.7082109285269195,0.005304696534699105,0.06324155275165642,0.06536226802301622,0.06233669762876999,0.0757493310411623,0.25907493839786433,0.12245412413423958,0.05560670793538486,0.08186751863602397,0.25823436770146485
E,数据集/数据集/目标域数据集/E.mat,28,target_32k,600.0,16.42203904235747,179.8698939071851,-0.405972151371168,39.98614419175367,10.955813393995117,0.28975157175120553,7774.7990670478075,2784.8573099662294,0.8789978913691311,0.013735305624804493,4.399511686911222,32.850817180290704,0.6076727320004248,0.12506246350898012,0.002871060507347607,0.7444020528902305,0.0040142819561423786,0.05289581303850295,0.06700834314906552,0.05277762271305704,0.06900284543901976,0.27725320821523347,0.12506246350898012,0.06672260213041936,0.07670697595782064,0.265716045473433
E,数据集/数据集/目标域数据集/E.mat,29,target_32k,600.0,15.456001324816263,165.70954084689947,0.09499498665251005,39.289454814806454,10.721364777643894,0.29884636513459073,7772.986750270483,2644.162326419092,0.8699947130724432,0.012614708993720832,4.201503133711086,34.79210331259359,0.6125940293489389,0.11207241846617491,0.001806905708525553,0.7411804306903536,0.003136429505085383,0.061309544711968644,0.06388523195862915,0.06734611394450037,0.06554631037245406,0.3288501826855578,0.11207241846617491,0.057840969544687655,0.07235025556436177,0.2696225422388823
F,数据集/数据集/目标域数据集/F.mat,0,target_32k,600.0,5.734658462304579,23.250414653560718,0.01603873808309038,3.1252026453465755,4.0587490542131315,0.36409692974424707,5618.16343846483,2304.80107941046,0.870687114692085,0.010728409380795197,1.4392750686827185,3.478987430370453,0.8693081492073594,0.00989708510370028,0.006194851420291013,0.17754959337533205,0.008896299356263819,0.1273062365090082,0.06487521033402908,0.18264341615162297,0.24929652312841902,0.6356274789365104,0.004594048136983751,0.006557905642598596,0.021238057272208958,0.028559132675595428
F,数据集/数据集/目标域数据集/F.mat,1,target_32k,600.0,5.748802714791866,23.25979898811418,0.006394160459617421,3.0734809861251473,4.043651744144671,0.36629432948788376,5646.374778507581,2274.0157589687606,0.8725275117036402,0.00940083905920855,1.4237888037590927,3.340468677600405,0.8689486536603731,0.0094807824776439,0.005718614561809921,0.184274243420546,0.008207012977251738,0.12353765077184939,0.06731287991884112,0.17304947193301665,0.2636178928106202,0.6496477199611438,0.005048528762693666,0.006691313823019633,0.02424024643278055,0.025843865097043534
F,数据集/数据集/目标域数据集/F.mat,2,target_32k,600.0,5.68728151704262,21.732993023416466,0.016950008463926247,3.0475206133485484,3.8282188946588667,0.37252029542818776,5650.661845138792,2307.2463468055316,0.873788613311044,0.009106538740664654,1.4276873017347735,3.2213312053658925,0.8691939758213864,0.013296421510443256,0.006443856382942076,0.18978426903915885,0.007853418864979807,0.12521271940787723,0.07534913846502547,0.1646149859593132,0.24996973262556882,0.6396583598636473,0.005167104142446652,0.00625977755337205,0.032053057080800425,0.029083210989806183
F,数据集/数据集/目标域数据集/F.mat,3,target_32k,600.0,5.68813151928017,21.72833404783368,0.03237282456096618,3.08564608745361,3.8293509815491658,0.3683696514679851,5615.925886199739,2319.3528958783727,0.8738753065587168,0.010620994092757009,1.4312253568951574,3.346132299168434,0.8685769819076096,0.011735080272749504,0.006150151715601656,0.20026936418621138,0.007014313589377884,0.11812714163965878,0.07774801126899657,0.16825701874841417,0.24518770804893927,0.6348565988643147,0.004364219192761371,0.008924016837823179,0.03195369143968025,0.03414243301266617
F,数据集/数据集/目标域数据集/F.mat,4,target_32k,600.0,5.7273404379461885,21.77275362488287,0.04143889523923222,3.034801205675146,3.80936332693679,0.363730696453641,5573.789736877608,2343.965459311574,0.8738863861451898,0.009979976988154456,1.4245777874445877,3.2493492195694955,0.8748094032172965,0.011482758655007624,0.006410578972448748,0.17043456281630387,0.007335489842713644,0.11406453906309479,0.08046640496202233,0.17806921931147263,0.2531174828234389,0.6255344744220152,0.005925178679464676,0.010875389297470135,0.021373235411187953,0.03515624748296822
F,数据集/数据集/目标域数据集/F.mat,5,target_32k,600.0,5.7695399148540405,21.888741367344995,0.0065886842758358585,3.011240738470772,3.7827173300060264,0.3653787462613685,5591.456228515063,2326.1353071911262,0.8743406959828807,0.00920801288629215,1.4239432413584714,3.1990407891375745,0.8732273166490859,0.010457333431412448,0.006216980616300692,0.15786416153956787,0.008297682322213732,0.13147103437476343,0.0728316346011519,0.1867472341764631,0.23732918811888495,0.6299856498465528,0.006897697195176188,0.008215695227740297,0.02298731223102436,0.0317996954930734
F,数据集/数据集/目标域数据集/F.mat,6,target_32k,600.0,5.774847278288155,21.885107799224592,-0.004162927822860601,3.031088478455667,3.783489024239384,0.3659280961972777,5579.485119539743,2303.661956824443,0.873918517590889,0.009235451004492082,1.4108170273819478,3.2775828726516387,0.8714974702678979,0.009865992186865848,0.006707564278702569,0.17141436673520605,0.0073340490283394285,0.13022091006391967,0.07368423888848175,0.18768493127337096,0.2329080001424351,0.6379271297249031,0.006937146318518591,0.009339046982722686,0.02416808798386933,0.026435716649518097
F,数据集/数据集/目标域数据集/F.mat,7,target_32k,600.0,5.801987940570223,24.869575681436025,0.012777561879454218,3.1427222117482385,4.2912251278134415,0.367026796069096,5571.244236394236,2309.7627856798795,0.8718960422769702,0.010954721725042561,1.4347722239597123,3.4945339275267187,0.8693116682826513,0.010419033089369475,0.0072891468776416736,0.19042046846912972,0.006737111757875175,0.1316161224816243,0.07649337222558979,0.17104504302510073,0.22592042053219252,0.6364275291218209,0.008031534383163437,0.00966784948440905,0.025989374864893475,0.03473784916758254
F,数据集/数据集/目标域数据集/F.mat,8,target_32k,600.0,5.821506877060974,24.8600893581464,0.013328323696515137,3.20582436669391,4.279285615545268,0.3647683574436916,5530.398993548264,2346.2044362987344,0.8711321860425971,0.00963939748959389,1.4421922154217295,3.824321273642876,0.869886471768864,0.011880660247958624,0.006914042262933726,0.1892184162510073,0.00692993866774307,0.13304396042040537,0.08147298765236478,0.17158159675511048,0.21879744737117027,0.627794829299914,0.007178562429258966,0.007718316165383651,0.023524148302907805,0.03939718100843798
F,数据集/数据集/目标域数据集/F.mat,9,target_32k,600.0,5.8364713936308785,24.827675042450807,0.024408989521759496,3.0921803008949422,4.246113524374158,0.3636086186901056,5599.504965993805,2339.963617772769,0.87012735326232,0.009345587802421533,1.413652568318664,3.656238131489984,0.8710196033004085,0.01023845350317288,0.007065178447499161,0.17987411050184976,0.008484984128266843,0.13290831103599196,0.08042286125298818,0.17500949692524648,0.23110156971454046,0.6407749828437982,0.00672354907673725,0.00864651042034473,0.02206526887641727,0.03693019351219099
F,数据集/数据集/目标域数据集/F.mat,10,target_32k,600.0,5.79181348181391,22.78215585304843,0.004922669239320149,3.0543734358844907,3.935089735222674,0.36250991881828726,5560.297387552688,2354.4165936032064,0.873435488286563,0.010507716525095153,1.4141345013935946,3.3992592992660318,0.874287613351757,0.009303873122954146,0.006685683767355986,0.1667530783318923,0.008864009000618426,0.12645050346043632,0.08410264340777342,0.17697847895325206,0.24662368521185396,0.6252750677475976,0.007341638185369796,0.008421792298555194,0.022817670011912993,0.03092057501267824
F,数据集/数据集/目标域数据集/F.mat,11,target_32k,600.0,5.710778193784834,26.671240983104045,0.013277586447065651,3.1414194136669065,4.671783793112787,0.3646462796801563,5569.699971204293,2349.912275506279,0.8746626742023755,0.012447584563207718,1.4245045021754243,3.79614781415992,0.876208257536917,0.008714816467469641,0.00654646641235297,0.15278604169686463,0.00846816168518797,0.13536518555793303,0.07766984979665532,0.17650570579255528,0.2510258948372775,0.6212374006029912,0.004619742212338461,0.005718466024445105,0.021824876136669124,0.025495418189856577
F,数据集/数据集/目标域数据集/F.mat,12,target_32k,600.0,5.862850526365438,26.6766731720598,0.01536151044928666,3.0917272905345974,4.556993157243886,0.3704449734480864,5624.135122763713,2314.7312428845826,0.8677953192584645,0.012569875985249829,1.4213122694139433,3.775577692753431,0.873130280093869,0.010067585480081239,0.006263265023233117,0.1779526469256678,0.007822904811659273,0.12723397282491955,0.07113472225845553,0.1628117122715462,0.24657762997631993,0.6383280858507743,0.004410180963501655,0.008013871563429186,0.02508680178338263,0.026113313229093053
F,数据集/数据集/目标域数据集/F.mat,13,target_32k,600.0,5.827038284158047,24.687482059717684,0.002408969415332627,3.0686148215676528,4.2413163668205165,0.36989562351217725,5649.625700504296,2292.116323790783,0.868856446597594,0.011331854401355224,1.4152630678840832,3.664528683977892,0.87052399605908,0.008919533748347749,0.007022824907562198,0.18393345441228007,0.00789322797739557,0.13262392343766902,0.06562593806339559,0.1675729377675023,0.2370440490206391,0.6471116376705235,0.005649581534413583,0.008919533748347749,0.020058155450464795,0.030173535795412106
F,数据集/数据集/目标域数据集/F.mat,14,target_32k,600.0,5.673146759130222,24.675038190669152,0.017435966161795095,3.116501213922282,4.347660588210304,0.36782030153207596,5651.853021439697,2297.592761094012,0.8725253971825422,0.009637873674300983,1.4136838816883803,3.7448025509091276,0.8694831904866595,0.010234367998369909,0.006906300469367869,0.1752811528449379,0.00812702964392456,0.14985888406149842,0.06723042965445049,0.16666023802611077,0.23352184782304683,0.6461615671134392,0.006924541546745347,0.006658974594215512,0.02230337249196742,0.025004300863643483
F,数据集/数据集/目标域数据集/F.mat,15,target_32k,600.0,5.707216120409767,24.21696452442531,0.02242728081291842,3.0613301063915523,4.243509025554494,0.37129951779283404,5643.085199115659,2317.0393402334353,0.8712720487123767,0.01164977565683836,1.4102224801870118,3.6031133522158676,0.8733675979149971,0.00946105262678884,0.006333383016032304,0.1660790619267178,0.00853629923145523,0.14054705732270278,0.0730635637711867,0.1656559265790355,0.23785144178457487,0.6384278954669221,0.005366809793516993,0.006005759788259876,0.02566698433963667,0.02004926731607853
F,数据集/数据集/目标域数据集/F.mat,16,target_32k,600.0,5.721248875379833,23.675068933087804,-0.003769229643481815,3.0167251321481765,4.13246576231159,0.37258133430995544,5616.1723862605295,2320.0030402087323,0.8698736889855969,0.01032688908935083,1.408943611291991,3.3781544468188853,0.8740183140106711,0.008235679716887233,0.00626611247931938,0.16610512525149074,0.00831746242603178,0.13484444283061806,0.07100230511029125,0.17057902156615445,0.23381328876693477,0.63466604294559,0.004481985573907135,0.005866680161405849,0.021826370129987144,0.03300169517407373
F,数据集/数据集/目标域数据集/F.mat,17,target_32k,600.0,5.769986739209666,22.049218751368144,-0.02403903313913408,3.033790254692584,3.8111573815413187,0.36910211804919735,5640.839051917128,2318.7972266218094,0.8705068044918772,0.009956217199079888,1.4181384123512688,3.233775735597073,0.87211425094263,0.011947460317630495,0.006531109122526785,0.18068179448273947,0.007413674354228011,0.132899204028861,0.06682939769444753,0.16278819920743515,0.23292754615544906,0.6353072023457436,0.005427128840555913,0.00722163251899932,0.024447490116125088,0.03701740382615085
F,数据集/数据集/目标域数据集/F.mat,18,target_32k,600.0,5.744709892128332,23.11270985638463,-0.004803850447437055,3.095603305760231,4.018907623298915,0.36568394067020693,5620.615254729406,2305.3183708077668,0.8733570360894506,0.009530115101025225,1.4367042903898977,3.3408390083301542,0.8721626339951593,0.011555957848077749,0.006624283778925476,0.15686819864282542,0.007881115793609082,0.13814708111739316,0.06854776278962223,0.18872104607650264,0.24205046613813286,0.6334821093539139,0.005720395805288757,0.008744173681659447,0.027522216157833047,0.021940902195090567
F,数据集/数据集/目标域数据集/F.mat,19,target_32k,600.0,5.667099117735016,23.11610658919584,0.0036031514479506204,3.0939678650270364,4.079976851770158,0.3628151132271257,5580.353448977326,2285.0958414986644,0.873261339639675,0.00970117174107746,1.4472010995006335,3.3318282413500704,0.8693287001961333,0.010351752884669847,0.00672865957982166,0.17641237505981958,0.008063628219766547,0.12801832633922755,0.07259052185114204,0.18792036459466388,0.25009049790350685,0.6379910591283462,0.005439780551316756,0.007629025677212958,0.027566285882809304,0.02221662142339562
F,数据集/数据集/目标域数据集/F.mat,20,target_32k,600.0,5.762400864963848,22.641263838940635,-0.007005667361524704,3.0905256222687356,3.92554577721274,0.36556186290667153,5650.783927669809,2289.5543357596744,0.8732281526839463,0.013396289729821995,1.4570466773831179,3.223306631164699,0.8672765059862636,0.011946397206296299,0.006881346728369049,0.20407402168056582,0.007775959862233514,0.11319531452420253,0.07249987266176551,0.17999195283708894,0.24122972821976427,0.6442817299962854,0.005656496588517377,0.005130205134504543,0.02787820762635561,0.030160760602399084
F,数据集/数据集/目标域数据集/F.mat,21,target_32k,600.0,5.902806906490109,24.03607623330618,-0.015468224083154049,3.0765398446784227,4.07830580544753,0.36769822376854056,5660.0061319472115,2291.620182236066,0.8676237119431078,0.010997335148717825,1.4335746323332421,3.2163982116230545,0.8658238719846802,0.013896525275024038,0.005861321370133723,0.20406524569243759,0.007445341470918354,0.11673146388431618,0.07096689357190922,0.17403978327123384,0.23624581045744839,0.6433269309272404,0.006735152715911179,0.008889686264128786,0.02771407368484709,0.03469280513710596
F,数据集/数据集/目标域数据集/F.mat,22,target_32k,600.0,5.820706653992272,24.04707903192969,0.01912329666902924,3.058053786692912,4.127199015284232,0.36849172923152046,5624.477596377781,2304.8045141680977,0.8665528358333342,0.012106158133838469,1.4346818768684038,3.2615176725914754,0.8689880259409296,0.0105015648231725,0.0061273889394210055,0.18837144688040539,0.007729092101245718,0.12588812980897537,0.07203995783147965,0.17570842784044333,0.23127617712525747,0.6432144109676062,0.006414126477222592,0.0105015648231725,0.01934733452359679,0.029724660263815976
F,数据集/数据集/目标域数据集/F.mat,23,target_32k,600.0,5.8226526632162345,23.3368380433025,0.017386602722598607,3.082278594125858,4.000962168207877,0.3674540682414698,5610.367820016682,2308.158978328178,0.8695678552645321,0.011101458474670879,1.435430011828293,3.321435572628158,0.8713123152371479,0.01104216382731222,0.005864955437994277,0.17598600670990724,0.0072333171898227725,0.1324232648578876,0.07436594314893474,0.17421152741987625,0.23452254059711805,0.6378745861703695,0.005439592570667879,0.008933263133976984,0.02176177012115856,0.030296328775471556
F,数据集/数据集/目标域数据集/F.mat,24,target_32k,600.0,5.810799250407023,23.348119491235945,-0.0037670810370957356,3.081828784690684,4.012965030461294,0.36428004638955014,5610.343177309945,2307.573940279824,0.8689967686358276,0.012238755113406379,1.4243722088522288,3.340936870468163,0.8738416934425401,0.008877711363350322,0.006548288491979133,0.1577211794713241,0.007829381883610157,0.14129896948229778,0.07293857969447244,0.1712753217348968,0.24803059931147023,0.6384885220242843,0.004713440816883344,0.005972989406658444,0.018878460564478287,0.0334508371701378
F,数据集/数据集/目标域数据集/F.mat,25,target_32k,600.0,5.817892140616451,23.08361381322651,0.026582028319334997,3.0878507746285777,3.9756810535188887,0.3643410852713178,5600.170259629602,2329.630993011528,0.8686135337624733,0.011918338303967288,1.4348230791094527,3.472957858153651,0.87401826165116,0.009067039159405344,0.006126974555788533,0.1511666029380758,0.007894177559459745,0.14403201492360238,0.08461791053920194,0.17703420987671195,0.25376079121416356,0.6359865829824994,0.0039405601949922065,0.0070976243055679965,0.02150416052024173,0.026620269993946302
F,数据集/数据集/目标域数据集/F.mat,26,target_32k,600.0,5.850117175444382,23.081788928292838,0.008478254564728486,3.0937487893644384,3.9454696602492185,0.36647744613318683,5614.723662837615,2291.660916323413,0.8686455993748671,0.009677887489205282,1.4357944621391179,3.4738451945501985,0.8704868995757709,0.009192649964809051,0.006250382176004126,0.16911539345797671,0.007259152492824504,0.13883668213353934,0.08228442814884329,0.1789425415302647,0.24020299016851776,0.6482943824776823,0.004735882300532014,0.005617964189712912,0.023487536503276757,0.02414145890056637
F,数据集/数据集/目标域数据集/F.mat,27,target_32k,600.0,5.758977444391012,23.138667382580014,0.010912636919768721,3.1002357355299823,4.017119743168574,0.36336446316303483,5540.922528937983,2337.7777009330966,0.8728387158910966,0.009750329383350954,1.418930500429556,3.4462223415580615,0.8722461946340354,0.00772719172770952,0.00693315722082939,0.1709098221252066,0.007947718668149561,0.13812327293820278,0.08527246912774153,0.17744295968516452,0.2193010620331711,0.6253656879238185,0.0045371228663456,0.004524192891101947,0.021026794817429934,0.028889931444797904
F,数据集/数据集/目标域数据集/F.mat,28,target_32k,600.0,5.878268521659552,23.13144057120864,0.05381551422130932,3.0487601838581604,3.942871618181106,0.3616553744735396,5528.476712314858,2327.9248937363104,0.8675761356964966,0.01533346691529866,1.4207936372199288,3.368997792444408,0.871904970854838,0.010249544590779725,0.006284963544848123,0.16105599127745526,0.007087984050148933,0.13778895529323246,0.07928048187322141,0.1775068958061025,0.23415611880718867,0.6239745187326681,0.0042874274078350235,0.006445553870230914,0.027491001428665177,0.023220617909294014
F,数据集/数据集/目标域数据集/F.mat,29,target_32k,600.0,5.87406781249708,22.810929746820367,0.019162871947473514,2.996917911199784,3.8863481406621525,0.366843679423793,5605.328346449699,2286.251545756839,0.8655961586114141,0.011779746828946574,1.4281948986544302,3.2087006206209807,0.8707164972644954,0.01123794564521039,0.006059637251175195,0.1665979828292377,0.007604134909602567,0.14053991034997368,0.07430252573239329,0.17682815823032186,0.2339398584827906,0.6451770571936961,0.005974939378224805,0.007015234197378055,0.03170223561258337,0.02527173063436676
G,数据集/数据集/目标域数据集/G.mat,0,target_32k,600.0,1.636949492371011,9.365234663396183,-0.03839364553797009,4.203970445814138,5.723875691314262,0.3380333272294452,5190.972796223425,3405.707461037236,0.8975782042238062,0.02106957216298294,1.5347820053486552,6.491000138822058,0.8680611217046263,0.038377378473453495,0.11049965681048958,0.29860007945862327,0.01203190947504448,0.06467275983485897,0.08352686837597341,0.10652300772058365,0.20226087598689607,0.45645871113062236,0.038377378473453495,0.03407989701470719,0.07404038187156432,0.05853132851039966
G,数据集/数据集/目标域数据集/G.mat,1,target_32k,600.0,1.7268640449088979,9.09156371465899,-0.09646572395602201,4.573481294247389,5.276751024952541,0.34071903802722336,5281.286113027004,3392.594257731993,0.8927363550161495,0.021273634104563163,1.5516144071650573,7.139170301803756,0.8481079911979208,0.055795718998840504,0.11351107516451502,0.3504170966617803,0.010790949670565635,0.06053819535794716,0.07873954463320061,0.09867009809698546,0.18122554326593698,0.47018685120658343,0.055795718998840504,0.040507421128169296,0.06502481192919879,0.07407614581817122
G,数据集/数据集/目标域数据集/G.mat,2,target_32k,600.0,1.6763706412947992,9.095688927116399,-0.038614844585838394,4.3633040116703885,5.429773624270571,0.3320515168162119,4981.863974290251,3424.58596509943,0.8945524786428014,0.019498577127892693,1.5377757757781165,6.589011555274729,0.8811456933721757,0.03453215807025945,0.12745133376714599,0.284440103249542,0.012268465876749178,0.05696102215124959,0.09821726714354412,0.11545566724004343,0.19428553712737334,0.42810787190132454,0.03453215807025945,0.020795886446259647,0.0472905083994352,0.07369601502182227
G,数据集/数据集/目标域数据集/G.mat,3,target_32k,600.0,1.6071940285173407,8.785449894325296,0.0035451621730523374,3.9796581416695225,5.459924241065077,0.32796191173777695,5122.221895439309,3369.0589403420367,0.9010146014166706,0.014216122891622678,1.5314170667272422,5.4773326874876815,0.8716898325624776,0.03334901025324146,0.10638587513414112,0.29625655750655405,0.01274357574687368,0.0607132578236795,0.0924925984662229,0.1114610605591028,0.2044376415590874,0.43416622916503306,0.03334901025324146,0.024067388298673373,0.055388340315520264,0.07785211067982685
G,数据集/数据集/目标域数据集/G.mat,4,target_32k,600.0,1.5972612525874195,9.836940125612985,-0.07087625519225377,4.395289542118688,6.154452789564168,0.32698528962949397,5045.195676608929,3385.69568244999,0.8962937723799081,0.02235814130620026,1.5295295725306495,6.831476871901024,0.8639625127058366,0.03761350915962123,0.11548769900450746,0.3010607808679699,0.012647530565841199,0.06088504364132206,0.08976264930230828,0.11196842122518125,0.20651317815649411,0.42861792657606534,0.03761350915962123,0.02948688138255569,0.06994588501650055,0.06970826383233691
G,数据集/数据集/目标域数据集/G.mat,5,target_32k,600.0,1.5779414812467378,9.832793636283803,-0.07905142616614201,4.0715398466364885,6.232064331419686,0.32710736739302937,4924.81084826043,3362.102259899296,0.8951103022171117,0.021008766827559346,1.496854657469902,6.275572408613857,0.883278748272065,0.0360298880428969,0.11892995066069716,0.2555112393817645,0.01367260165581041,0.07093559010683682,0.09053867109945157,0.12648803155605454,0.2122126129026611,0.41673183053376367,0.0360298880428969,0.025272702112620175,0.049965283354394555,0.057406602735270595
G,数据集/数据集/目标域数据集/G.mat,6,target_32k,600.0,1.572311687739547,8.518023757051255,-0.02893079180721272,3.7667299015686297,5.417554663883302,0.33241775010681807,5025.0250762541,3328.418693599063,0.9018734808931499,0.020862959071277398,1.5272866064254578,4.864903895230271,0.8900085921322559,0.031423431884549574,0.1017860498154167,0.23577003196009624,0.012261181983628817,0.07359084802633772,0.09102329136360408,0.1271982540736322,0.21968721941672387,0.4210798508048649,0.031423431884549574,0.026723065775836267,0.044250740508295076,0.05168878977752885
G,数据集/数据集/目标域数据集/G.mat,7,target_32k,600.0,1.5350105962071479,7.530442680563948,0.005479600671485588,3.723545254533322,4.906213579226036,0.33760605505707136,5026.687071814436,3381.677325653146,0.9091617057978897,0.016770111943576693,1.5191928241688244,4.749449776721094,0.8911939987193219,0.025117912518086993,0.0944323622865154,0.23328776767130624,0.013840292695420128,0.07250744677155,0.09657520666647011,0.13662484241730893,0.2078326122415507,0.4033003516979048,0.02358609341807916,0.025117912518086993,0.049207072005815,0.049217480221893276
G,数据集/数据集/目标域数据集/G.mat,8,target_32k,600.0,1.5428222003708525,8.34005612871013,0.040571504640637954,3.779325033340967,5.40954872418205,0.3431605932979308,4929.256264626585,3379.852776426275,0.9035193595528659,0.015769031941795915,1.5101589713362153,5.111605979577871,0.8904954107352039,0.02995377098828416,0.10909082307051038,0.24186380351732648,0.013993869721066324,0.07407542803800037,0.10247784472700848,0.12687514458963142,0.21110752693171544,0.40735679259803187,0.02995377098828416,0.02580271061048789,0.048449387424279074,0.0455699451934066
G,数据集/数据集/目标域数据集/G.mat,9,target_32k,600.0,1.655477698520379,9.500954245791942,-0.0013808787388530329,4.154343889995316,5.744039493110574,0.341756699017274,5034.8182548058485,3309.165563823643,0.9000925579922214,0.01879359945148782,1.5405672988481727,5.861582365818168,0.8772098742470079,0.03662312796850967,0.11115661930925916,0.2648772048332899,0.012602585578737528,0.06480427167889025,0.08676670383931624,0.11840370693037985,0.22129946580562318,0.4377203988513889,0.03662312796850967,0.024847757354733685,0.05680963883377191,0.05975305798169467
G,数据集/数据集/目标域数据集/G.mat,10,target_32k,600.0,1.6900909888651106,10.556073019035853,-0.03537799652572836,4.947109570516715,6.231284192269014,0.33589696636757616,5350.055038695601,3477.720593342533,0.9089254079111889,0.019970513088023868,1.5744712982070288,8.850348244870963,0.850807291407335,0.06046031961433148,0.10156796907898369,0.33651150698570526,0.01617940736338913,0.054947913075633535,0.07660314592832848,0.10973474354003711,0.188705645328795,0.42760757433987906,0.06046031961433148,0.036991306095946135,0.05348763812214139,0.08032011984657786
G,数据集/数据集/目标域数据集/G.mat,11,target_32k,600.0,1.605145328615053,10.541471872831362,-0.030469156485593406,5.062697964812242,6.556921762736947,0.32967100042727215,5256.683395859877,3495.720220403057,0.9077525676104664,0.01649445656830291,1.5664439835515858,9.701571774794012,0.8465771727605291,0.0626924202807476,0.10571501332274257,0.3485310144452279,0.016446120694970114,0.053233027320509975,0.09281480398395399,0.11542645715883289,0.17696494770809146,0.4191891792438594,0.0626924202807476,0.04075786545129296,0.050719941042938366,0.07770355026556286
G,数据集/数据集/目标域数据集/G.mat,12,target_32k,600.0,1.5011734967304002,8.415487738937088,-0.0069578509433715465,4.024372025126392,5.606882818155495,0.3327229445156565,4942.694596881055,3460.720938499332,0.9007376832852141,0.02269192586412597,1.533260904197826,5.650867362311669,0.8873167485194808,0.023790849378311794,0.12986387683268333,0.2537089953572603,0.014183741353898192,0.06606855594418058,0.10045874228711608,0.12971945481215924,0.20462606722456916,0.4039672198347662,0.023790849378311794,0.01979865934656337,0.05043864904032541,0.056339015362373346
G,数据集/数据集/目标域数据集/G.mat,13,target_32k,600.0,1.525850247938353,8.668617771730244,0.007398469138828324,3.919233044235442,5.686532809310128,0.3370567051211622,5021.686336995034,3471.231302601501,0.907560698613471,0.018309083487348915,1.51946533454307,6.171736988033183,0.8895112625125682,0.028302604776951738,0.11649645444560042,0.25012104653563894,0.012264290961666119,0.07021623933849301,0.10501158674857895,0.12512968979812367,0.2074469890092133,0.4063268835122187,0.02305536213771714,0.016633236042692397,0.04227872803321676,0.0685180119274449
G,数据集/数据集/目标域数据集/G.mat,14,target_32k,600.0,1.6305722232693356,9.272911873251717,-0.014268038488590632,4.20697558364591,5.6901158480104845,0.3280229506195447,5034.371722699976,3425.147364745742,0.9047590144758662,0.020511511617886426,1.528180080664309,6.317485261158963,0.8823645169819304,0.04159009067492689,0.12201028616377352,0.25757373190847593,0.01096453908036369,0.07304549650922058,0.09237291067412227,0.11771915721778224,0.2161553467042315,0.4177770578590958,0.04159009067492689,0.02829203118974687,0.0414731909560759,0.05467704472453362
G,数据集/数据集/目标域数据集/G.mat,15,target_32k,600.0,1.6089220771150838,9.914985529675597,-0.04098286299416131,4.426322586410646,6.163795169395163,0.32008789598974546,4844.328270436609,3398.0072173967255,0.8965394319570803,0.020033377996179106,1.5483064594753004,6.671529152603496,0.8777143215914197,0.042913328167545534,0.1340672892407882,0.26028299689553547,0.011277856033430492,0.06527223679522469,0.09698175512651624,0.11831050812906149,0.22309951524586658,0.41075039374892336,0.042913328167545534,0.03230271889834966,0.05936932885113725,0.052106676119226855
G,数据集/数据集/目标域数据集/G.mat,16,target_32k,600.0,1.5290641673904555,9.90049166471214,-0.09086631573963726,4.136228191282857,6.479848079333518,0.325032045412928,4865.102199033166,3416.9178883420254,0.8971821659679623,0.014300810864499,1.5147947218892257,6.4249907731620395,0.8747678427472041,0.03836030498756783,0.12607083813860587,0.28219969907032083,0.014485090964701769,0.054720376342087484,0.1007434450748964,0.1113796606271796,0.21131226280414647,0.4149912564283694,0.035748626216570205,0.03836030498756783,0.06943998200656491,0.05420343093186047
G,数据集/数据集/目标域数据集/G.mat,17,target_32k,600.0,1.5598343574755524,8.664687468072518,-0.0867964416248665,3.8505336063265134,5.569266978587206,0.3249099676493927,4924.340876752584,3329.043073988489,0.892917200983935,0.01642041766186304,1.5036309497726594,5.169848721696092,0.872632519491443,0.03221316858821607,0.11907688347647923,0.2860096949240412,0.014550007286391305,0.060716676581919184,0.09553539761974628,0.10969295339854472,0.21327495429521695,0.44308902106114584,0.027592025675839783,0.03221316858821607,0.07024772381065815,0.057559720099687045
G,数据集/数据集/目标域数据集/G.mat,18,target_32k,600.0,1.6382531027856153,9.951617994865623,-0.04433983159576579,4.276826036024757,6.060789796966335,0.32399438442287737,4978.454554718525,3321.658736093412,0.8985917588212465,0.020818456810101797,1.535100030907168,6.940960259591594,0.8674925130766092,0.032418623129896976,0.12119810083378287,0.2861348805789793,0.012032751471763603,0.06991625962325007,0.08535357613638216,0.11889585115096944,0.2144074651693687,0.433052080054766,0.03163565546169068,0.027550866144549414,0.06292638968377189,0.0837284160005851
G,数据集/数据集/目标域数据集/G.mat,19,target_32k,600.0,1.6803492559582456,9.968959375777418,-0.005382743847782686,4.340620287630233,5.926125803924836,0.32918268937313067,4963.071042324212,3334.768352779752,0.888773258549602,0.022250033484750697,1.5533694972233827,6.769458271213337,0.8551289982373239,0.04213513441800794,0.13256375290125527,0.3133448056283604,0.011849757620101552,0.06542526329876394,0.08076347625453877,0.11483367218505952,0.19797727447502828,0.4396387228929659,0.04213513441800794,0.03383522434092931,0.07343284557022918,0.08368417905371435
G,数据集/数据集/目标域数据集/G.mat,20,target_32k,600.0,1.6459227971797998,9.293436466181271,-0.0008310861609683018,3.9819840164517872,5.638787394890448,0.33589696636757616,4951.529722429821,3311.980814670434,0.8888691334589117,0.017741347690833673,1.5428108005164969,5.392181427563858,0.866635668696066,0.03271647412654608,0.11750652548918313,0.29393045217627706,0.01295204256348954,0.06374490711902864,0.08475296882708697,0.11315760393556776,0.20659534175309457,0.4458095909018192,0.03271647412654608,0.028125247063859278,0.07235252008117102,0.07178940644346446
G,数据集/数据集/目标域数据集/G.mat,21,target_32k,600.0,1.549110453826749,8.84158293222901,-0.04478880163104915,4.090961838957026,5.70803572913332,0.33888787157419276,4998.060748779297,3424.8501449225296,0.9031600530759959,0.015141484297741344,1.5354399261019969,5.9787132161534515,0.8876980693294968,0.023354688221729644,0.11202132649682153,0.2595351140941316,0.013357435580203343,0.06300050297932445,0.09439787345115828,0.12050736092157172,0.21081464834545363,0.40403147220214847,0.02143709377569521,0.01616005045406647,0.0586510397605237,0.07117571907680884
G,数据集/数据集/目标域数据集/G.mat,22,target_32k,600.0,1.5763566999543246,9.59566341614138,-0.06882748281388934,4.384930354875417,6.080983317536476,0.3342489165598486,4918.156551610303,3433.165577769871,0.89828974780096,0.02272394951259763,1.5415965179701685,7.191138891529464,0.8764985913470348,0.035837467788094754,0.1220229555187689,0.28238434489911546,0.013736755520106328,0.06623192116246807,0.09922502699454323,0.10800308439557639,0.20481566525681963,0.40547608805518975,0.035837467788094754,0.031289398575636056,0.0635080062594476,0.045973674710972655
G,数据集/数据集/目标域数据集/G.mat,23,target_32k,600.0,1.617585874755741,9.948274268624345,-0.04975634181443079,4.158590128621871,6.151689345406897,0.3319294390526766,4967.5125866739645,3418.4003965864213,0.9010081334067797,0.021403834375955073,1.5261522147747553,6.386677605307324,0.8812422638419167,0.03941699874053583,0.12265746967385172,0.27006925710781055,0.012580490706241074,0.07010640722305035,0.09711867158016706,0.10854911389962842,0.1991202127222168,0.41078236850935496,0.03941699874053583,0.02895163726064012,0.05670876688755014,0.04677216292624063
G,数据集/数据集/目标域数据集/G.mat,24,target_32k,600.0,1.588097597720966,10.257734015656926,-0.04125469438606716,4.627192424371133,6.464289203661988,0.33406579991454555,5151.288119790849,3415.1504585170997,0.9101937350233333,0.01852144273662314,1.53031732492678,8.493035977755726,0.8662381491633531,0.04619353005970071,0.10048285960510052,0.2998088292797931,0.012603065513170936,0.0640173873228709,0.1020617978061909,0.11340826521884187,0.1951664657217596,0.4228921035648966,0.04619353005970071,0.028792418953260582,0.06131222197112769,0.07039863643524405
G,数据集/数据集/目标域数据集/G.mat,25,target_32k,600.0,1.624102112834182,10.457390227400891,-0.035698579799385,5.237417292065156,6.440797816653315,0.3432216321796985,5378.730818306076,3449.94487508238,0.9126470724037583,0.01247955593220162,1.5758135260904325,9.948008930393556,0.8468026228399493,0.05947261042651858,0.09119430016321316,0.34288658665674215,0.013274447270318821,0.06735342289377598,0.08974657851674119,0.1144537511000452,0.18259381680716913,0.43103096923471373,0.05947261042651858,0.02702262296239494,0.06948733634463337,0.08092940806424859
G,数据集/数据集/目标域数据集/G.mat,26,target_32k,600.0,1.622650851854308,10.457883769872568,-0.0365703182260623,4.614164398404639,6.446569814890367,0.3381554049929805,5243.724758727751,3420.6403417001684,0.9070338072195067,0.013829366252957396,1.55551885841494,8.397193954819322,0.8690345221423315,0.04330030086761618,0.09660844933917208,0.2979772814447147,0.013342866084290616,0.07594253289277811,0.09055646201627923,0.11703327310390184,0.20218406527304936,0.41989589189593396,0.04330030086761618,0.016909805271195136,0.05907218320255196,0.07000358464635625
G,数据集/数据集/目标域数据集/G.mat,27,target_32k,600.0,1.5680219881404007,10.09628217803466,-0.0200304940840868,3.9133309793481574,6.442017398834977,0.3294268449002014,4997.679361290314,3451.5196358295684,0.9013530265333294,0.021545566020301932,1.5062310931827942,6.224208761739678,0.8929046538546422,0.02397278810473832,0.11838287204678348,0.24209990599778738,0.012906066988862666,0.07251430912212653,0.09022185599404205,0.11608993022015941,0.22139627389192518,0.3960660747382398,0.02397278810473832,0.016249914727982213,0.04899821414518488,0.06222690437309677
G,数据集/数据集/目标域数据集/G.mat,28,target_32k,600.0,1.5589254971892565,7.810142375522126,-0.007124830454181714,3.85318133706497,5.014044939058474,0.3348593053775255,4914.980693245881,3372.904687403391,0.9007297319616935,0.02146400704106049,1.520109089136514,4.967913857327107,0.8870284898691343,0.02912716730033667,0.11331312975251169,0.24636166948694552,0.012367100768125259,0.06163126374105032,0.10126625375715127,0.11868648259492526,0.2269134024460445,0.4187661744737746,0.02912716730033667,0.01800652921648987,0.04498559578394873,0.06770959284114028
G,数据集/数据集/目标域数据集/G.mat,29,target_32k,600.0,1.6253415361431618,9.363894228724268,-0.04361708382799905,3.9938071711144856,5.762121962822781,0.33559177195873774,5054.738909817161,3362.5545643801106,0.9002691068821403,0.015768579522681434,1.5345280781371802,5.682668764375966,0.8807117830466941,0.031041996652465362,0.11157221329317887,0.2763582768037788,0.014319845090718075,0.061513179711350736,0.09048341787689397,0.11021092007034454,0.21074119865385846,0.4455218990412088,0.031041996652465362,0.020905199890819872,0.05364079279213848,0.056545233622384866
H,数据集/数据集/目标域数据集/H.mat,0,target_32k,600.0,10.890779004805164,58.85910271829986,-0.2400408177418109,4.650549793590907,5.395902484458801,0.3919916987120796,6637.9332716609315,3912.927281119138,0.910789586098995,0.026052804037034586,1.5473950214286611,7.727203589935705,0.8581060639383227,0.05291727412716817,0.007720398161854869,0.2632743592270669,0.02290477465612819,0.1303488771501668,0.17558791377984306,0.12196614531958512,0.14445471825643288,0.35727282077921424,0.005037943491107027,0.0037313317140065,0.06361062605052226,0.05476083476479971
H,数据集/数据集/目标域数据集/H.mat,1,target_32k,600.0,10.83451662953986,65.0705504168962,-0.27199844622660696,4.866133467921255,6.013494484194532,0.3872306659342001,6762.800609909944,3934.631087116306,0.9153066758408382,0.024401316053749202,1.5558468915007884,8.587114146272347,0.8520872490493242,0.05186765470231615,0.0073576239225571815,0.2749403724299233,0.022696756667127924,0.1330816244774436,0.16890150117097527,0.12103015752729163,0.1375149136034299,0.352742601980245,0.0032437890371881826,0.004473497955683338,0.06375218107657474,0.05955089261380569
H,数据集/数据集/目标域数据集/H.mat,2,target_32k,600.0,10.889632888507485,66.50441727391943,-0.23133104442629995,5.004007676774932,6.110930489974509,0.3864371604712202,6731.124866702302,3960.3350338812775,0.9133727627731238,0.030262802665914752,1.5527907863907293,9.040874123075046,0.8583862373307771,0.04828784825902213,0.006657986914157622,0.2684844441328549,0.021333670161416914,0.12888004149357923,0.1726433047671708,0.1260213976450319,0.14494940149536134,0.3489446847085161,0.003323763232433434,0.004943352391578264,0.06027368726194937,0.057248247464062096
H,数据集/数据集/目标域数据集/H.mat,3,target_32k,600.0,10.99459349866673,66.4896389086129,-0.27380072068925615,4.971598339971412,6.055004782640394,0.38698651040712934,6676.546183464207,3939.313970646684,0.9115366521531555,0.03223345902768496,1.5535135060289411,8.618572819435853,0.8563026813455895,0.05106417035102442,0.006021292755363552,0.2810155377026797,0.023544162570848955,0.11873271180572866,0.17433118419969898,0.12582943162530014,0.14937601665093692,0.3425561292793498,0.002902560221617828,0.003717264463143651,0.06361936153619495,0.05917088364387693
H,数据集/数据集/目标域数据集/H.mat,4,target_32k,600.0,10.910416906414046,64.46104677020021,-0.3337491425532446,5.096241659961181,5.918111607552887,0.3867423548800586,6720.03589057955,3961.965381640407,0.9157552669476335,0.028300401615577987,1.568356688602065,8.997070113818953,0.8531227525230703,0.051377749352111514,0.006324844510033954,0.28364967681688485,0.024932568345898305,0.12143062153796735,0.17230946992314786,0.12590622366652013,0.149768868272768,0.33763410590477966,0.003083547864332407,0.0038129038984524586,0.06400909386607466,0.056728968992947604
H,数据集/数据集/目标域数据集/H.mat,5,target_32k,600.0,10.838210055842431,67.40135087264316,-0.2789835979023307,4.949089362918278,6.225061444841307,0.38839040468778613,6673.279151040323,3910.8715580280564,0.9145822855081155,0.029231052455931127,1.549906847279191,8.587089133082857,0.8565302919653107,0.049393698611437685,0.00784949732817326,0.27073194091186503,0.023641353496882612,0.12321187205675697,0.16914486005808277,0.12353729309609954,0.15135426738974594,0.34952415326947334,0.003114136128432831,0.0024811493680096178,0.05998778933656588,0.06006120771050127
H,数据集/数据集/目标域数据集/H.mat,6,target_32k,600.0,10.690596801118733,67.42064371778802,-0.26089494818320774,4.825048336250275,6.309934801316912,0.3902215711408167,6632.717458212687,3898.4184118465214,0.91154935597007,0.03259462933603969,1.5454508128756423,8.002246089314927,0.8625468959556041,0.042386090112858085,0.008793646960120641,0.26290742816597307,0.021593479760714955,0.12078100750888535,0.17065355965895143,0.12451470493114658,0.15854468969570953,0.3540898073908006,0.0036510894604389692,0.003238183844163191,0.05650493483042678,0.05631404412944465
H,数据集/数据集/目标域数据集/H.mat,7,target_32k,600.0,10.637190574830816,66.89322551932706,-0.2847155639426159,4.937739255837535,6.294394981179197,0.39009949337728134,6675.861747355418,3910.489190219574,0.9147710712392754,0.02934893324449395,1.5506226656947535,7.995849358894152,0.8598271428782722,0.049348542914349244,0.008839712790913789,0.26853658365172395,0.022418312007416494,0.12062611962624054,0.16764864231954898,0.12003874176534292,0.16212998226122033,0.34687701537665244,0.0026522911545222147,0.003858364750200065,0.06306979105248595,0.05155877402155967
H,数据集/数据集/目标域数据集/H.mat,8,target_32k,600.0,10.818983000166368,69.90612004821526,-0.2532895604296525,4.960111720350824,6.469866950648242,0.38387352743697734,6581.390871504408,3849.711504773304,0.9119801793100817,0.02991902131062269,1.556517072215333,7.718672820908268,0.8674994993748757,0.04852063891862045,0.008476557659387537,0.2668447312214633,0.022716987951780735,0.11136745653237591,0.17346474045452778,0.1150741557826147,0.1611418993351552,0.3604842014171127,0.0044075064954355045,0.006274666440595783,0.0627935104209237,0.05508641815303074
H,数据集/数据集/目标域数据集/H.mat,9,target_32k,600.0,10.853696084355194,69.89626510873276,-0.23528393545088458,4.737147027302279,6.456233280463556,0.38271378868339134,6649.390355508224,3914.529836395095,0.9122327597817304,0.03141053907338273,1.5584257422945011,7.376269712673657,0.8657302505721621,0.04792984109938697,0.007811779756031474,0.26564405219317505,0.0229795544776248,0.11774221148069303,0.1736875752041891,0.11294977978284484,0.1553862876661219,0.3565535264726381,0.003481772796126387,0.004517116390468561,0.06039403862178198,0.05871945832169107
H,数据集/数据集/目标域数据集/H.mat,10,target_32k,600.0,10.802973170454406,69.65465559149624,-0.21120127096506175,4.8158953954203305,6.455127452538936,0.3828358664469267,6560.878549350501,3881.7956126603967,0.9116148885668145,0.030257322301231338,1.5582055961469452,8.04271473963742,0.8651523018343498,0.04936579315004774,0.007069189945686715,0.2600948037708615,0.022161897341016337,0.12200892194473494,0.17607267306162927,0.11452444280471903,0.16689525725672108,0.35182158390367807,0.005633881945356045,0.007475188622932343,0.06325698658242068,0.05650504122630695
H,数据集/数据集/目标域数据集/H.mat,11,target_32k,600.0,10.76378732469021,69.66032135478873,-0.2414832194969114,5.0364199047575315,6.464717036386604,0.38607092718061403,6625.478900355363,3946.0521362624013,0.9135736911897386,0.028735704420866162,1.557011827612334,8.380199841440497,0.862904675886668,0.049573527980161174,0.007140389605509765,0.2670521348266981,0.02207996893595921,0.12581287404606123,0.1763488532107889,0.11861160050091586,0.1587642944416156,0.33791455600440384,0.0068330519818415834,0.008151571189230359,0.06583625962348437,0.05396361296834338
H,数据集/数据集/目标域数据集/H.mat,12,target_32k,600.0,10.674028228205046,69.04884864011925,-0.28011557593084396,4.852906979756092,6.471922835530455,0.38393456631874506,6573.512897148729,3924.56166241385,0.9155836025244803,0.02692186832194918,1.5396540735382047,8.334929147619661,0.8611306066162617,0.0493085775142732,0.0071128168626777835,0.25651161721751553,0.02198553704353052,0.12894499272939378,0.17845446447828298,0.11808536187360616,0.16092909879913725,0.33692469718614876,0.004766877140108337,0.004646296526413744,0.061423605029702004,0.05262165266769559
H,数据集/数据集/目标域数据集/H.mat,13,target_32k,600.0,10.874234609399487,69.53516947559659,-0.3274591513570607,4.965355591111402,6.4112718910264235,0.3893670267960691,6656.046786899467,3939.026849813079,0.9128105281768579,0.02848246073002237,1.537511426818327,8.754571049529392,0.8603483324999197,0.048455368308448585,0.0069507537225143,0.2565848468898104,0.022001550086540644,0.13157903036468022,0.1784296985892674,0.12453911552999321,0.15176324406445302,0.342160504782565,0.004520434354495885,0.005297062091923722,0.05989100995906522,0.05081592650482177
H,数据集/数据集/目标域数据集/H.mat,14,target_32k,600.0,10.892465503025472,69.53789300637297,-0.3383739653307225,5.009719159708351,6.39958688181602,0.39132027101263506,6662.63406341519,3905.2547366218564,0.9131435759224361,0.02660403705437063,1.5616573273376937,8.617687925421249,0.855720233811785,0.05260957207264208,0.007487674520620969,0.26411524974037864,0.02268542927501145,0.12868581977616322,0.17436644235377022,0.1321983000299739,0.14799258014896957,0.34960533518062076,0.0052801869440431085,0.004729400964961947,0.0646607451875051,0.05299275288235208
H,数据集/数据集/目标域数据集/H.mat,15,target_32k,600.0,10.76754699635799,67.48115311112579,-0.26837213743293176,4.77149338728264,6.277142185898136,0.3859488494170787,6662.217182020262,3962.086634164138,0.913254052330146,0.02850652647453483,1.5512730238425765,8.156901196539451,0.8584890652433333,0.0488221281447234,0.007965184447902656,0.2725271171427369,0.02231844353941587,0.12243272692903195,0.1761251115285063,0.13161669251336866,0.1411105989560722,0.3465133342574621,0.0047000093448698165,0.006327016778805013,0.06462566827488267,0.055459391237459
H,数据集/数据集/目标域数据集/H.mat,16,target_32k,600.0,10.84818664859699,66.45098357302514,-0.2991281499077016,4.8267747431775065,6.139767863265863,0.3902826100225844,6662.830442549838,3915.9243563919476,0.9127624467498406,0.02829782683725418,1.52555623260047,8.196270299348418,0.8625447584123905,0.04724816469217368,0.008088667273866383,0.2590726885778081,0.023726446950705825,0.1283399158350183,0.17229566489994202,0.12537346254045562,0.15065998254854443,0.3493005425296559,0.002235833030760579,0.004903879350626163,0.06231664287358974,0.057730961454976276
H,数据集/数据集/目标域数据集/H.mat,17,target_32k,600.0,10.965377647878997,66.45582289406917,-0.2985199590934328,4.955593372822405,6.075229730247229,0.3885124824513215,6663.304196612767,3871.5516936453896,0.9131525025624498,0.027573815493707052,1.5502233151172382,8.549606248085164,0.8658086417294535,0.04490877199893235,0.008045827175159732,0.2546720309614382,0.023175547967600196,0.12485463444244352,0.16660606659105995,0.1315050857441955,0.15332019716686143,0.3621923053719649,0.0033256845222589676,0.003995528361748346,0.05844777825382473,0.05693926970413518
H,数据集/数据集/目标域数据集/H.mat,18,target_32k,600.0,10.835658575272262,67.33845081592257,-0.2558251825797368,4.865737604876033,6.220069130182207,0.38399560520051274,6596.810642703435,3880.4829624614367,0.9131387692915959,0.02841325623997799,1.5727414103516584,8.444600786609392,0.8698436397025926,0.03858333841200456,0.008413708337647536,0.2581422695516875,0.023738848507875363,0.11703827657638924,0.16957179625289084,0.12501640479268195,0.15417239510094363,0.35600813406998316,0.004786754498482979,0.005776570125303589,0.04973055373179408,0.056549150895221445
H,数据集/数据集/目标域数据集/H.mat,19,target_32k,600.0,10.831664425557832,68.28681994312447,-0.30022606229815213,4.992802145097107,6.31348569595931,0.3841176829640481,6668.772857912677,4001.073468884505,0.9132266136232521,0.03358347469488446,1.5771118634931016,8.724237499520472,0.8640391443201487,0.043095403814623595,0.007458104590050259,0.27218904514390574,0.025092354011463234,0.12260722113501168,0.17753376411440477,0.1212275573978729,0.1512559087181364,0.33237167711551685,0.005546520490221529,0.005780773921276267,0.05505944582512365,0.0568319102258172
H,数据集/数据集/目标域数据集/H.mat,20,target_32k,600.0,10.82103690258253,68.26935487386613,-0.26688851962458354,5.011786957454085,6.315487530903602,0.3842397607275835,6672.108012440828,3967.782892620683,0.9125421614961369,0.033249784653616304,1.5738220532186216,8.327013512379898,0.8574831961996225,0.05150623300659647,0.007358008169749334,0.27290271940548516,0.02441847428847059,0.12433381265413082,0.17705361064042288,0.117101173449515,0.15383433474231376,0.3433306780436885,0.0034548053146554684,0.0038688909913379907,0.06442938776526837,0.05935054815881483
H,数据集/数据集/目标域数据集/H.mat,21,target_32k,600.0,10.78515271357373,64.82421543400594,-0.21153275788981504,4.983079140541974,6.010202094701914,0.38570469389000794,6671.5207350035325,3923.343661925831,0.9146878170288136,0.02822099874143371,1.57628576772779,8.779419201921057,0.8580587755394825,0.05313597289760945,0.007413813543934754,0.2724144976795043,0.022612892283365483,0.11896215095949757,0.17068552877354495,0.11689430131169669,0.15792737495562117,0.35506172148311277,0.003674389877317618,0.007128317634111093,0.06670104201619055,0.059093821902837795
H,数据集/数据集/目标域数据集/H.mat,22,target_32k,600.0,10.924731253482452,64.78850205095117,-0.18189186138963226,4.8037531132599645,5.9239153026846445,0.38869559909662454,6712.821812503014,3930.0828634147983,0.9118343581181836,0.027293125830732515,1.5584851660269725,8.696201488011308,0.8608608376739203,0.04980318669078641,0.006562148680259862,0.2671758923990207,0.022131084088591175,0.12408778763176047,0.1670730363997399,0.11480360780203037,0.15472776055082843,0.35720473075752146,0.004040653155889746,0.006380439045641113,0.06262110215974621,0.05829493577551335
H,数据集/数据集/目标域数据集/H.mat,23,target_32k,600.0,10.796079384045301,68.14820761203605,-0.15522817176133646,4.652778162779868,6.303243873812677,0.38912287126899836,6605.147588605251,3868.0035873598504,0.9135219890090328,0.028400857082227,1.5391882882163157,8.518968473352743,0.8687815120098812,0.039505298375787354,0.006689730362425701,0.2509780214364398,0.022144302683605385,0.13034414205611813,0.17270621895227062,0.11807379277301867,0.1582590298969516,0.3539189684548837,0.003623727833023245,0.005504884994343,0.05413861817936105,0.050770838113617565
H,数据集/数据集/目标域数据集/H.mat,24,target_32k,600.0,10.80054989626326,68.15527708325298,-0.24268890376586044,4.850064555995558,6.318336561873448,0.38790209363364464,6703.945213940573,3941.8185506352443,0.9144830783304346,0.029719220338479114,1.5476318987957138,8.951141038384073,0.861342617419484,0.04306455578323608,0.0070603439637362195,0.2578356288216434,0.02289387560139109,0.13839168275106742,0.1724865354672451,0.12346508934264089,0.15218967909219386,0.3408192008880157,0.0031233854487258544,0.0048581457079665165,0.059751148186013334,0.050117142739669114
H,数据集/数据集/目标域数据集/H.mat,25,target_32k,600.0,10.988150461277897,69.48442659598656,-0.28911598560254337,5.003990097767915,6.340780331729901,0.38472807178172497,6650.019684140875,3919.4391136236386,0.9115775826084116,0.02817360682345011,1.5535929527668695,8.616632119343162,0.8609074809094921,0.04865849930938578,0.007280572473999978,0.2707575775472544,0.023150409069246727,0.11689507604298839,0.17091900079042488,0.12324905873503192,0.15707129516944265,0.34709212435473435,0.004455477123612089,0.004927035077902213,0.06369861448699494,0.05216502513014047
H,数据集/数据集/目标域数据集/H.mat,26,target_32k,600.0,10.98147663773297,69.47516156532126,-0.24242724483244943,4.9879097343480865,6.33946572640042,0.3857657327717756,6649.994986111094,3924.2213074367373,0.9102493474473183,0.03101887551409686,1.5635651616095092,9.068912708999616,0.8616194537801214,0.04435742588658105,0.007836813372761283,0.2679115024462283,0.022875363524430214,0.11535268823908043,0.17286470918807115,0.13327647984021362,0.15883107368087593,0.3525474680092272,0.005489689989909593,0.005225181459781334,0.05595278598658066,0.05188724020677447
H,数据集/数据集/目标域数据集/H.mat,27,target_32k,600.0,10.867500749207766,66.86766732391972,-0.2524706675717573,4.855528796957494,6.157661913654731,0.3841176829640481,6631.335069687287,3866.657813661642,0.9099124951677664,0.029146395585339435,1.5446047827680776,9.13560439537982,0.8583902131656131,0.04525759794173659,0.008472532306937309,0.26783044894517744,0.022975690149910195,0.11740918739270807,0.17332347486099905,0.12773083241316274,0.161097534305455,0.3632988422699107,0.004003745921618236,0.0032982267278556655,0.05570890455584168,0.06017611109229371
H,数据集/数据集/目标域数据集/H.mat,28,target_32k,600.0,11.008197529710259,64.53865588911603,-0.27800009506593154,4.74321014787456,5.860705068849608,0.37899041689556245,6621.897901893956,3869.6390071746646,0.9076374688041091,0.030178400889327456,1.5319067832131286,8.375665810966177,0.859403031956362,0.042915534674602906,0.007955743271117996,0.2677569272626275,0.02215718148629999,0.1263510964738062,0.1714499994609956,0.11738686212783636,0.159181707248904,0.3677768932842574,0.003846946938965055,0.004616108396440458,0.05614171926082965,0.056617344002493394
H,数据集/数据集/目标域数据集/H.mat,29,target_32k,600.0,10.959355791736819,61.11908628989277,-0.22331603722690618,4.535263042155606,5.579878096495991,0.3836293719099066,6564.7175505532305,3876.3255633081503,0.9069102376141546,0.03383554401447891,1.5357481910437598,7.752201315176586,0.862696012339304,0.04011466428570462,0.008262718869441698,0.2539822881967026,0.021414599296706985,0.13223842994934495,0.1741029806125771,0.12121516552036316,0.1573422500271073,0.35145649835179643,0.004369908736117359,0.005320188287335393,0.05277945971485787,0.05204835423118817
I,数据集/数据集/目标域数据集/I.mat,0,target_32k,600.0,29.76908569898344,287.9283858940843,0.030082470123601025,19.752087347193562,9.669143948176977,0.4007812976866264,7147.983127692649,2341.2767611868176,0.8624767333037954,0.012632315837501781,2.2426850540407908,28.941166644546378,0.6820002403325148,0.10338047904246418,0.0014321404755402469,0.616993133944526,0.0030996067577705524,0.1381919267554264,0.02877063786353192,0.08862231039413786,0.06906850069390749,0.7199243537447493,0.04779116367511146,0.026471798653591432,0.06261422890341409,0.23812900273457357
I,数据集/数据集/目标域数据集/I.mat,1,target_32k,600.0,28.97005275872094,296.78560642593374,-0.03430260808859714,22.526570862795165,10.237672117632657,0.39949948116950496,7139.743518290986,2339.575600575612,0.8619850672427217,0.00886443261593138,2.229227926386358,32.05441439747196,0.6988669038491673,0.09405810283223116,0.0012387837627465227,0.581163185079624,0.0028085258229362774,0.15970270683562238,0.025758742945807097,0.09784294929970203,0.0739598352058641,0.7115847375086921,0.04663062880250931,0.02685293440352319,0.05592217925415755,0.21085172518361373
I,数据集/数据集/目标域数据集/I.mat,2,target_32k,600.0,30.670698930393364,296.8012734892485,0.053746364327850515,22.60653175324537,9.671981367095844,0.3978514313617775,7166.919978427838,2314.8956895407887,0.8582697851187283,0.011088990807579885,2.3819630113572723,29.040835465882342,0.6786119611310625,0.10251466952887908,0.0010962481588810754,0.6200833132236179,0.0025466283964043768,0.145167430937953,0.027317795002723303,0.08852179803436185,0.06529575641758437,0.7238220930262081,0.04643380389091222,0.023215326857473708,0.07529365568301558,0.22894472324487922
I,数据集/数据集/目标域数据集/I.mat,3,target_32k,600.0,30.69800703224432,287.9751679144516,-0.09187148609534361,21.28448235430082,9.380530927661612,0.39388390404687784,6999.665932462094,2452.8102244037755,0.8740811977947291,0.009517625167631855,2.3851931158159387,28.2888353793546,0.7048340087691638,0.09980858823448992,0.004476994467826721,0.5606714738830784,0.005254896472171687,0.14827034589561022,0.031752534604496147,0.10639663396914562,0.07722368837186734,0.698260234996166,0.05178189534070802,0.017234966620159164,0.050464011826005656,0.21392850104973524
I,数据集/数据集/目标域数据集/I.mat,4,target_32k,600.0,30.12908287554061,287.91580878910037,-0.21926531325442664,21.202898856294325,9.559221466654535,0.3957761093816761,7013.537044880235,2430.021680165069,0.8767305436903347,0.01175087102922355,2.333570650665265,30.07160493332246,0.7029145471926823,0.09536592641505873,0.00439587723744458,0.5796100062488039,0.0050305559731428735,0.13188910347690436,0.0286913348161848,0.1000005964078102,0.07925135897660478,0.7060340175269151,0.05440920792938089,0.028620397226126543,0.06612780428336458,0.21759353156195582
I,数据集/数据集/目标域数据集/I.mat,5,target_32k,600.0,29.848873346470295,299.8371570040236,-0.018673994736978106,21.698700223105902,10.040677561431002,0.39833974241591896,7056.496863301137,2393.803495268986,0.8725545735003348,0.010934458877103807,2.293160763124944,31.32020775711334,0.6976933212710381,0.09417513801214648,0.0016824452537098004,0.5942000032154928,0.0033107236819807256,0.1418930709592269,0.033337051961215176,0.08764267239651306,0.08450124415272216,0.7019096811801789,0.042531781455526156,0.02541581994775761,0.070644957361994,0.21857180047399763
I,数据集/数据集/目标域数据集/I.mat,6,target_32k,600.0,28.98387631064574,299.8858135158323,-0.007826985656717755,23.311041174755324,10.3498543329428,0.39882805347006045,7133.943075918656,2335.6766473160174,0.868483589205759,0.009657002110924814,2.3012977854613026,32.25758758354075,0.693362062179285,0.08886447538291536,0.0017430226513797807,0.6018201939710187,0.003129589546006129,0.13715380389624454,0.02637870172170475,0.09171912521756088,0.0822839445785949,0.7066816896856242,0.04520794850945855,0.028553893318827663,0.07407369363362014,0.21290848619787647
I,数据集/数据集/目标域数据集/I.mat,7,target_32k,600.0,28.390400528986284,298.20018567771854,0.11611919243564457,22.806738757931814,10.503227924202806,0.3946163706280901,7078.049481642107,2420.7514344513534,0.873071333808632,0.010461003923759954,2.2834319502635867,30.680464822013427,0.6990718640573562,0.09549617170571209,0.0020710397501238413,0.5805089422302544,0.0039841843975593925,0.14656402933586754,0.030142777835037604,0.08919478691257689,0.08690919630558239,0.6915904312485939,0.05113358390573375,0.024464733004271405,0.0668140828951509,0.21380425892445656
I,数据集/数据集/目标域数据集/I.mat,8,target_32k,600.0,28.52699321099564,298.1351430351401,0.08617345435299005,20.800921690934818,10.455587595625243,0.39559299273637305,7028.343513225491,2357.8245554931555,0.8676969919155343,0.009715407973063622,2.2928234667854164,29.41469167930994,0.6870785501021734,0.10791759478908193,0.0024020421370210127,0.6040879650978304,0.003853012311585753,0.1231390787716615,0.028704938144816682,0.09752875143783467,0.08449418991267667,0.7080824011711164,0.05514043962078918,0.023639423280925307,0.07372234383457033,0.23440047781758852
I,数据集/数据集/目标域数据集/I.mat,9,target_32k,600.0,29.559720490565486,299.7765211796913,0.008931385596980009,20.71091231085239,10.140003648579656,0.3992553256424342,7186.150569320206,2444.2713760289625,0.8720344417050672,0.01193302150540578,2.338491146479702,27.519642751691425,0.6832425918949602,0.11083072298395455,0.001673847117634072,0.6084597617835861,0.003471417653310379,0.12873851014583534,0.028299169629596724,0.08819956857208439,0.0794516053632346,0.7000519337744922,0.0528359956924845,0.025605701578000573,0.07451975620089012,0.24419983446446
I,数据集/数据集/目标域数据集/I.mat,10,target_32k,600.0,28.59962679238449,299.7873289366548,0.16612907300176197,22.471027231258713,10.480687158144988,0.3972410425441006,7089.53007268996,2438.605492382512,0.8706944883905571,0.011045660038624207,2.2473059608650994,28.728514466281737,0.6973068784100641,0.09755243901667876,0.0016928547164393327,0.580798970082819,0.0035788310414317038,0.1502408323889349,0.028994235701667526,0.08863917815583507,0.07864086428683602,0.7114549647351478,0.049714768539331475,0.025866340353223695,0.06738698480919546,0.22518809263705494
I,数据集/数据集/目标域数据集/I.mat,11,target_32k,600.0,29.856120024128646,285.5807592014057,0.11501070618137425,21.21903754914967,9.570064738247614,0.3994384422877373,7114.861569422872,2343.6683824316565,0.8593447644338997,0.011809431684584355,2.268005956375452,28.425451333825585,0.6850443293483577,0.09703898568598134,0.0015828349245569269,0.6105741876748303,0.0031676072550681916,0.14394703987014854,0.026238954925387924,0.09294384327323162,0.06858893469764636,0.7242635163302357,0.044592631424196325,0.030117815633449164,0.06930219733116354,0.22737137287949977
I,数据集/数据集/目标域数据集/I.mat,12,target_32k,600.0,30.504210825893768,296.2585883787156,0.06297272388882272,21.46687786240808,9.717913002517104,0.3956540316181408,7110.683443893245,2330.8120572195016,0.8616152557037422,0.010772660577444979,2.3373561830314356,28.466379303671506,0.683975340350831,0.09762739061497999,0.0016172342457081905,0.6092405580191564,0.0028967655091155686,0.14302083775175464,0.024261630059410913,0.0950189086065277,0.06869817819090798,0.7131492999563454,0.05025262144571609,0.034983012205885414,0.06900323948009908,0.2271506718842806
I,数据集/数据集/目标域数据集/I.mat,13,target_32k,600.0,29.732541987648464,296.22472111271765,0.007956649309122975,21.235652491806384,9.965135189579694,0.394250137337484,7096.252069046645,2348.1647751859537,0.862913372759806,0.010887552076176846,2.2939314641213424,28.09613915001658,0.6891058827320812,0.10069931400386092,0.0016414043780412688,0.5778161475015611,0.003050896546984962,0.1621014679509286,0.02708432278199149,0.09824511017722794,0.06928159810982315,0.7176224477784345,0.05417284591714143,0.023060062115766534,0.05223092856208358,0.22057937919274
I,数据集/数据集/目标域数据集/I.mat,14,target_32k,600.0,28.118918666744086,296.25881953623366,-0.19164734783704626,19.92533891676725,10.536188687257775,0.40004883110541417,7040.892540688396,2452.571960740682,0.8711137301118674,0.009722590868016703,2.187167339113657,27.85450719727649,0.7092745541777401,0.0968014754998655,0.002487624611650776,0.5428663815560375,0.004047748832420414,0.158249896304425,0.03127129444491733,0.10204127190508143,0.0856872147426091,0.7017420752563103,0.06457309192599506,0.02001721749071265,0.03527902544174299,0.2085121429294444
I,数据集/数据集/目标域数据集/I.mat,15,target_32k,600.0,29.813227008521796,294.489461463207,-0.07385813090850929,19.645746947891848,9.87602342144637,0.4024293474943539,7141.5592519597,2369.026142490203,0.8685924022006689,0.009417613404718491,2.27178858643512,27.802150206008683,0.6918137989758102,0.09898299494882631,0.0020259073457399536,0.6065519165566057,0.0034127630495680832,0.12493493871279868,0.026434882529665107,0.08783849378116369,0.0824433686646229,0.7154301182448944,0.05539783840417829,0.029274587022658775,0.07293302627509918,0.2342600491615215
I,数据集/数据集/目标域数据集/I.mat,16,target_32k,600.0,29.81761807444338,294.5092507758955,0.06571541663258895,20.74741421137054,9.875071209142835,0.40047610327778793,7088.611695380072,2437.1886144369028,0.8769111771938755,0.010594144562126389,2.2898120533503623,28.2526152706705,0.6973425384228779,0.10447811742758854,0.0021895817497017025,0.585273086542325,0.003779013463186494,0.1404476574931669,0.029580931713038106,0.0910610880928522,0.08604045936892661,0.7057240511255813,0.04755945004410179,0.020792956986026283,0.057481058194688774,0.2340903674565393
I,数据集/数据集/目标域数据集/I.mat,17,target_32k,600.0,30.403038345350996,292.1413467623506,0.07302510469640835,22.50414166070485,9.613054811448816,0.3977293535982421,7116.432229901089,2331.209819113439,0.8691593182590847,0.012939701398501657,2.3885879033085433,31.413740660667084,0.6841844706616471,0.0981549653844998,0.0027472280384466695,0.6190656327725397,0.0028457451005626977,0.12874090113538858,0.022561597458762333,0.0829246012709844,0.08245141118447774,0.724434500472671,0.051207410398547995,0.027186019773537407,0.06658326442635754,0.23117198226873764
I,数据集/数据集/目标域数据集/I.mat,18,target_32k,600.0,30.153477392137038,298.8529859415708,-0.017524267227384618,22.38988882826737,9.908635303562606,0.39443325398278706,7140.667781823313,2401.889915638672,0.8694660394359188,0.012620119195168797,2.299074866546771,33.62854427809326,0.6857519552931706,0.10147711707314098,0.0027293948307415133,0.6106015006229311,0.0034040534425305315,0.13544918702180808,0.027824618531983068,0.07688439370688772,0.08555574008292499,0.7104744065129616,0.04646673026094788,0.023348085119036487,0.06861694324357741,0.2289932908556311
I,数据集/数据集/目标域数据集/I.mat,19,target_32k,600.0,28.15057905271661,298.8264710646036,-0.14284752948162052,21.824390828969477,10.614247425911998,0.3945553317463224,7043.993125978947,2431.386745097131,0.8738592838177947,0.012671748810621287,2.2342271053911764,31.34160926722315,0.6934300005750378,0.09582992107773924,0.001892247339167169,0.6059203716658935,0.0034438566123759034,0.11792457493115467,0.02957972645868919,0.09202298865390711,0.08844666351178262,0.6928328906851866,0.06342285156795888,0.02271055285855348,0.06327387780761609,0.21681616807564147
I,数据集/数据集/目标域数据集/I.mat,20,target_32k,600.0,29.371331177739204,286.1075743030882,-0.14482957414879166,21.0548762209286,9.740865541093791,0.3980955868888482,7193.038838514573,2454.539707494931,0.8766173404822876,0.012060804996293435,2.2953376655272786,29.52598610302761,0.6859807051744726,0.09646047397379294,0.001909683261999246,0.6187136444919528,0.0035410030800041696,0.12840020389520362,0.026950851318234464,0.07827791671925328,0.08332922083738023,0.688342987348927,0.056634210550579774,0.025652786489329973,0.0715955882175657,0.22331634492250407
I,数据集/数据集/目标域数据集/I.mat,21,target_32k,600.0,28.79771684483881,284.97591614549754,-0.05387443050948898,21.05323913644471,9.889520909869786,0.3980955868888482,7130.469982956256,2361.364682502081,0.868916664838954,0.010962158262831633,2.2205080020434558,31.93689863791673,0.6953817891019659,0.08689514913083861,0.0017579323315845801,0.5822441291732977,0.003470472617141945,0.1551931939421205,0.02623139245425726,0.09002266123135323,0.08607199580717415,0.7097410203800875,0.045763576154524574,0.027963464063030106,0.07950569633305857,0.2050899294207593
I,数据集/数据集/目标域数据集/I.mat,22,target_32k,600.0,29.993536032089068,298.4844118201537,0.22082075695935685,21.81705927365008,9.948418422649967,0.39821766465238356,7186.142214245947,2430.853298005645,0.869960601045606,0.009626147442177784,2.2774273048443012,29.952455730985392,0.6986461412108859,0.08548832641818625,0.0021266739525959066,0.5888879836348563,0.0038983482123336045,0.14758163244366662,0.02718389245636376,0.09411592495303363,0.07681783994369851,0.6975310156443564,0.039877956482965486,0.026989211854809507,0.08313487444463108,0.20002492574479327
I,数据集/数据集/目标域数据集/I.mat,23,target_32k,600.0,30.157573826525372,298.5695502038023,0.23317807110635572,23.18307866042964,9.897057590918495,0.3966916926081914,7190.59935469762,2494.0843870604463,0.8738954739070149,0.010521110283962935,2.3011197480206094,29.96978307542765,0.704385740434117,0.08320469918337739,0.002544993003741513,0.5889010424729845,0.004080048735014504,0.14457592145860482,0.02774977210501766,0.09397502889481389,0.07215251691573862,0.692422563281464,0.04284992576722754,0.025481656296780515,0.07327945503633176,0.1926418155724872
I,数据集/数据集/目标域数据集/I.mat,24,target_32k,600.0,30.49572291253361,295.1355582850512,0.00928435736829766,21.095213719196344,9.680012463193565,0.39620338155404994,7081.431837185727,2379.899007797394,0.8623072451230089,0.011006193165729518,2.313619989030031,27.00415083379491,0.6833931327556916,0.10214871685157789,0.002213479874648377,0.6198855368154189,0.0032011034817251665,0.1401744671446607,0.029846691350602722,0.08388099453114499,0.06496578586183521,0.7322333759447679,0.041385654581506545,0.022756502110734107,0.07764090035225579,0.23079144204695962
I,数据集/数据集/目标域数据集/I.mat,25,target_32k,600.0,29.077229677442347,293.0216786438455,-0.06308139972526164,20.42334879574484,10.074457848007663,0.397546236952939,7042.867246355134,2375.7208991284347,0.8633243010432708,0.010120018809228607,2.201135638729753,28.33490412581971,0.6992009540146559,0.09708495216197706,0.0018982190177313208,0.5754047554173354,0.0029579270427721317,0.16087170791508248,0.028923022225844718,0.09328328406112736,0.07565596667418345,0.7196522831375173,0.044725098146556834,0.021737311993837688,0.07017160636638411,0.21833550656544926
I,数据集/数据集/目标域数据集/I.mat,26,target_32k,600.0,30.490804428502997,285.827836860938,-0.05643380193494165,19.130996635874492,9.36936181623536,0.39760727583470673,7125.1510885536545,2284.326051734886,0.8586942893625635,0.012056128200319259,2.3049286499682844,25.14901170929002,0.67748495029413,0.10588845507394225,0.0013706820108837566,0.6220020392654648,0.002600195400745076,0.14144504179975342,0.02410555936672901,0.08521138338370164,0.0665678560518329,0.7320026615880607,0.04450609144179932,0.028221768501466522,0.08288484351392818,0.236734517381868
I,数据集/数据集/目标域数据集/I.mat,27,target_32k,600.0,30.557160253191594,285.8157822805114,-0.02928950286338372,18.32305762220346,9.356093846802231,0.3967527314899591,7052.784039021404,2431.539653394395,0.873451810889162,0.008946124675240079,2.3219275621917,23.346137145176865,0.6937228074644879,0.1148568032349637,0.0018466565477985523,0.5774717483882514,0.003549503342956857,0.1511317253681434,0.029235877216275578,0.0941455658570334,0.08078912158522521,0.7053449415847076,0.04275769367865755,0.016701561635784665,0.060518157675507986,0.24294134458635536
I,数据集/数据集/目标域数据集/I.mat,28,target_32k,600.0,29.80513505751397,295.5157552058136,-0.1729570918260118,18.910758716241332,9.918834220557066,0.4020631142037478,7134.964407784158,2396.7917209119587,0.8729590913706018,0.009260074577044745,2.2858738400347627,23.79579140457367,0.693785855615829,0.09939207337167112,0.0021808359769138587,0.5874259259878256,0.0032854538449880273,0.13750986598935333,0.02466787740683498,0.0908658028236746,0.08445934442276203,0.7139241536349179,0.05728826414071424,0.02952119427601651,0.07048807613472904,0.22535952000903028
I,数据集/数据集/目标域数据集/I.mat,29,target_32k,600.0,29.907636714471675,295.48078349996786,-0.2671359462198099,20.464133437680346,9.886596504556646,0.4012696087407679,7154.432926586233,2465.581011600102,0.8749104397917453,0.009416855397007493,2.281619129079964,27.20409283887352,0.6973340290227132,0.10109102895759704,0.00221984035252927,0.5884111660294793,0.003902407491146668,0.13438824319893156,0.029858158399702503,0.09000567791761407,0.08455247817418371,0.6992486273504636,0.05170984763860056,0.027966373660089753,0.06822542817815078,0.22522538489439464
J,数据集/数据集/目标域数据集/J.mat,0,target_32k,600.0,31.35350952557623,432.4530098767186,0.45520357684686874,39.58175301022111,13.795364548553044,0.40560336934627356,8089.1766373258015,2579.886223463308,0.8711027016573409,0.016773201766864067,3.3645292821647366,38.17663941596058,0.652042731548961,0.10734016892233322,0.0010843055974493038,0.6855737006445608,0.0024443153772131273,0.12018123954094001,0.018701948909105447,0.05910714017755213,0.04985825662104419,0.5585675148761693,0.050910929693989734,0.028548336009715358,0.07495949724653765,0.25395780492464776
J,数据集/数据集/目标域数据集/J.mat,1,target_32k,600.0,30.8038684159789,399.4092975287177,0.12490444790260707,35.795951024990956,12.96412907303311,0.4062747970457181,8051.741135767367,2555.2524942565037,0.8688690898283481,0.016777601419926763,3.3176578896085465,33.59451955884305,0.6443835684689129,0.12185286885583872,0.0012038078505487329,0.6929838326866687,0.002442396347197031,0.11526623184827604,0.018804249615545998,0.05006139568759153,0.056472251845300074,0.5627092895001948,0.056212023587956045,0.018511543532612675,0.06056412153480263,0.2649480286147379
J,数据集/数据集/目标域数据集/J.mat,2,target_32k,600.0,30.63892283510152,396.4613923027478,0.048659792710191475,33.38803374263663,12.937748268836536,0.41121894646890067,8114.610772884105,2601.5802289148382,0.8767169151318724,0.011743864212233408,3.2505381402171154,33.159638650696564,0.651885981402411,0.11315044666198656,0.0013400995354969766,0.6942152011730193,0.002843754112659445,0.11288754516020447,0.01888020349764144,0.051814583382798,0.05310780134073749,0.5348061852746893,0.05073841940851613,0.019712179861897217,0.06753452260092782,0.25404748757889173
J,数据集/数据集/目标域数据集/J.mat,3,target_32k,600.0,29.23412735763096,360.9486101319212,0.3017200997896998,33.902384052882404,12.352806251196832,0.4085942745528902,8039.27666724057,2672.1467236077897,0.8785023809497591,0.015512171019686497,3.1446320441188718,33.324804521542355,0.6638845117207256,0.1180709405384571,0.0019639183796777977,0.6558170032739361,0.003341300807748908,0.12033690028583313,0.0221619860000963,0.06097364015955968,0.06229359909118269,0.5126701447939612,0.056419862368535655,0.02426926108026123,0.05328883987940466,0.2540043234909979
J,数据集/数据集/目标域数据集/J.mat,4,target_32k,600.0,30.774292157369295,360.91868227643505,0.25282665945850763,32.08410849032511,11.730526861220833,0.41182933528657756,8165.1715124275115,2670.0023248463935,0.8817603636569482,0.014443604584418155,3.2532592275903016,30.887993447866595,0.6541050649260765,0.12730450310093938,0.0013915881709286573,0.6706161362534522,0.0029032014486038886,0.11370575706828166,0.020176338485206353,0.0578285919521321,0.059066624348240844,0.5057372836623563,0.04995937336254903,0.017829033986317955,0.05279214777937069,0.2691140516902488
J,数据集/数据集/目标域数据集/J.mat,5,target_32k,600.0,29.242892080598853,375.967372827245,0.12202487266180465,37.21769619008794,12.858437728227287,0.4069462247451627,8150.070760925284,2702.270932925808,0.8792276700653762,0.012251376611086417,3.1227485860485737,35.88957114280227,0.655012234401703,0.11880817140986122,0.0013482932029020482,0.6748987782926645,0.0031567048029921153,0.11465451300624072,0.02203475542446573,0.05879849234191136,0.05030750551271715,0.4912287421348007,0.05147517432244131,0.020650125701778817,0.06479174900167582,0.2646713245707932
J,数据集/数据集/目标域数据集/J.mat,6,target_32k,600.0,30.498842354536585,404.7876210534263,0.16439998358258817,39.01985915305561,13.277356270746898,0.40450466947445524,8076.833875311204,2556.53494226303,0.8741532250968552,0.012902207656476837,3.229675212991679,36.14575266089076,0.6505994077923,0.11531160724422254,0.000998917910288885,0.6832373407981197,0.0024474184321444025,0.119226790731438,0.020169507551517345,0.0529559585417549,0.05248942503869072,0.5475772153510005,0.04958876782762598,0.024721356558420355,0.07760091830349419,0.2553053657620145
J,数据集/数据集/目标域数据集/J.mat,7,target_32k,600.0,30.69222206278214,404.80276001097917,0.25972312919145246,38.45800129176642,13.195734593580372,0.40621375816395044,7998.199634847418,2625.207610735729,0.8788527956945965,0.013629646880606822,3.3093378782004854,37.588014886940506,0.6560910521414478,0.11800335375767824,0.0012002191335895895,0.6670559675095006,0.002952151644406409,0.12219289851017115,0.022210063976734733,0.06208434722446543,0.05499152078081014,0.5360364636732093,0.05730365073632825,0.01975205815790297,0.06450775667749223,0.2550965169186284
J,数据集/数据集/目标域数据集/J.mat,8,target_32k,600.0,29.906487353080685,419.5251178788781,0.3507590870124812,40.21520929998143,14.0322393166247,0.40749557468107184,7961.142003215476,2491.95174474801,0.8708912546212618,0.012541281537616366,3.22097039233131,39.45852657247126,0.6503697193476708,0.1121331146891543,0.0013467588280303988,0.6820295821267485,0.002449028776789505,0.12648447005470312,0.018052679204923087,0.061600540627276996,0.05044345307273132,0.557424702386714,0.053206611742636765,0.023043843282806266,0.06612280364459662,0.2544501808082655
J,数据集/数据集/目标域数据集/J.mat,9,target_32k,600.0,30.080529695914986,419.5525741192093,0.24493616933493037,42.98478064642173,13.950660571540569,0.4039553195385461,7949.618677618127,2511.1695508357234,0.8695835510549824,0.012387494551811077,3.2356666620309618,42.268282707693935,0.6527496742072978,0.10973168228725824,0.0012640604208180926,0.6730618211215021,0.0027568353068171065,0.13958109922711606,0.02127335871992538,0.06298809376718115,0.046867972557609286,0.557535752426235,0.05064552172420676,0.028028023010341265,0.05774944694434224,0.256368682692932
J,数据集/数据集/目标域数据集/J.mat,10,target_32k,600.0,29.944308659922612,386.94370300682317,0.06732853055314161,40.62541276028387,12.920923717895906,0.4095708966611732,7954.288458302745,2438.2883049386005,0.8652554653655377,0.014431254082877303,3.2917088295387336,40.21501108309412,0.6506530011928202,0.10375571397853285,0.0008131282492588874,0.6880849780190886,0.00228992962681931,0.12464958563681924,0.020211181864814957,0.06200409792365137,0.04791807142063674,0.5460837612658291,0.051897479246543504,0.02625597930930149,0.06423751513324741,0.2538471939304111
J,数据集/数据集/目标域数据集/J.mat,11,target_32k,600.0,31.3842272070699,407.0352937575585,0.17718583144508032,36.38470859201826,12.969451818463721,0.41274491851309286,8114.538215141513,2532.1424026079203,0.8713801896232547,0.01459470803939802,3.370900252410689,37.196581823589646,0.6582222602577767,0.11181757616117452,0.0010782333707462183,0.6655386446062049,0.0021741948805684445,0.1295446555158848,0.018658232107379984,0.06322687897433221,0.056711237431827856,0.5325438100430574,0.04869366611813018,0.02226372413414953,0.06721596732550815,0.2516698171482938
J,数据集/数据集/目标域数据集/J.mat,12,target_32k,600.0,30.46119202636524,407.0954884388562,0.1971422691098419,36.52101108506183,13.364810306915004,0.40835011902581947,7963.226771857854,2505.170115913177,0.8684444317714846,0.015892001104640785,3.294277786060616,39.075124961136844,0.6543746974340469,0.11226601022233033,0.001311915572534624,0.6687546784288144,0.0026815780762761924,0.13305824062255575,0.020689366169650267,0.07108654656091382,0.05064256175573044,0.5595315183756058,0.05311320726561609,0.02392932144749325,0.06651325459920025,0.250926442490503
J,数据集/数据集/目标域数据集/J.mat,13,target_32k,600.0,29.956030992256768,354.74762929411906,0.08605507654542516,33.466778207327465,11.839358506203789,0.4120734908136483,8112.155156023323,2583.8996598624217,0.8767615795942874,0.015797005889459828,3.2367353781216015,33.99004199005819,0.6436249835214759,0.12210756899411156,0.0008992014601996716,0.6870887076692911,0.002492885032362989,0.12267020783547641,0.020467493386115997,0.05600704378971069,0.049485579731133,0.5390270457116381,0.054853460839901995,0.01833306154463941,0.05943349709501084,0.26796449838557196
J,数据集/数据集/目标域数据集/J.mat,14,target_32k,600.0,29.080887302434917,384.44860620797874,0.2715430579297165,38.49705951895906,13.223226445920522,0.4031618140755661,8046.556028046578,2639.2584160319993,0.8860290014079522,0.009782259518403008,3.1761810734835025,39.52339292170282,0.6529687771702037,0.11426180495005046,0.0010354270416775152,0.6801927660105725,0.002329387412294434,0.1180430219864477,0.020813996899130778,0.058970229364001626,0.04881184611606915,0.5416014275395354,0.05755049309821197,0.021770116166938528,0.07718685520498961,0.25501173363098484
J,数据集/数据集/目标域数据集/J.mat,15,target_32k,600.0,29.909578213261156,409.98246530016934,0.3897332141087013,38.112886129071306,13.708227059074277,0.40389428065677835,7965.2663718922895,2594.448487882901,0.8782219582328865,0.010781945278389713,3.173325100668281,38.43659840943268,0.6468119614871203,0.1146310984304278,0.0008817894079696593,0.6894333948663777,0.002379737379136229,0.12082199345456013,0.02136185785943009,0.058536383458883706,0.047449460430762945,0.5340765264688069,0.05420346424599953,0.027306795642535995,0.07071137841065332,0.259869476983722
J,数据集/数据集/目标域数据集/J.mat,16,target_32k,600.0,28.482851921667873,409.97175888762246,0.24433022476887975,36.68743150721956,14.393379568825889,0.4076786913263749,8048.074802444499,2741.5834358962074,0.8875171530995467,0.010350235225985688,3.0801585383970873,38.29386933804917,0.6470415737494551,0.12003358901458286,0.0009871741472582576,0.6909332755260825,0.0026829122439017126,0.11113649905443468,0.021841238792498146,0.05115708616130392,0.05357647526010363,0.5149520792565381,0.0576359177974388,0.02273372563190535,0.06283442595575046,0.2615695826035081
J,数据集/数据集/目标域数据集/J.mat,17,target_32k,600.0,30.003858251691526,349.1725110395535,0.12933621257779696,32.842181230887185,11.632811757334022,0.4112799853506684,8144.396071521692,2621.402311331996,0.8678252102866921,0.017985331454744312,3.2075483515452228,32.92970423534399,0.6473393957850916,0.12746751659790645,0.0009199788768285987,0.6645372976236887,0.0022798867980378373,0.1358773500889923,0.019097779525263366,0.05410329607010358,0.05291789158007099,0.5418041931453002,0.05427922393571007,0.020851338485404887,0.05098910345041684,0.26976163810351844
J,数据集/数据集/目标域数据集/J.mat,18,target_32k,600.0,30.51343950214481,352.4534330292399,0.22381164642158968,33.32958931086656,11.554735408754619,0.407068302508698,8016.080005311274,2611.8578569145184,0.8722429337105414,0.01243426228200778,3.31960332090715,31.732732489598046,0.6504814075271576,0.11997196330901724,0.0011710117706391274,0.6789710552949584,0.002931449409993005,0.12097103909027514,0.02084630526571659,0.06405521501903687,0.050195212499116876,0.5595186926952402,0.05398268726135146,0.025019418842678495,0.06665286582156378,0.26547798587050464
J,数据集/数据集/目标域数据集/J.mat,19,target_32k,600.0,29.834195080516928,367.39470421120103,0.32380900501342347,35.99722387034794,12.314876229755278,0.4073734969175365,8091.853966607242,2655.609330768696,0.8774520842746855,0.011522655874538205,3.264362644377826,32.25191827974307,0.6482550568517349,0.1297142551855472,0.0012690827378745086,0.67500519867347,0.0026606357757225354,0.11729717727183206,0.02012144203864294,0.06645272869922601,0.0510219631321803,0.5323110500496206,0.04958671437960803,0.015766774070575664,0.05647365007302156,0.2721140888986602
J,数据集/数据集/目标域数据集/J.mat,20,target_32k,600.0,29.866090848100722,367.4157806469971,0.24330555174896873,38.396075329674204,12.30317465771448,0.41140206311420374,8115.995564340493,2698.1594608771566,0.8809404790066443,0.013377051165857324,3.2318330657279577,35.9130561589005,0.6548275048354822,0.11385825509999663,0.0017516085426942565,0.6779421799606672,0.002879336849999579,0.12187239238680182,0.021755440005455602,0.05922885107357282,0.0490835456498913,0.5291251800152055,0.05220733560941146,0.02138689529200832,0.0672743967086645,0.25242990476055743
J,数据集/数据集/目标域数据集/J.mat,21,target_32k,600.0,28.841750932154405,369.1840826469112,-0.00791501799024326,38.230493165584164,12.802351309933862,0.4072514191540011,8075.082818521176,2513.611615881062,0.8719218665239858,0.013751212793307465,3.1478517987508714,39.25805694306295,0.6520672661634173,0.10168274532633052,0.000839185776862052,0.6865321712202891,0.0018889159376166526,0.1197564206330492,0.01846798454837803,0.05986041556895881,0.05256274949501216,0.5379433754919649,0.05863750003671458,0.02888920465784312,0.06662531937335617,0.24517139028086
J,数据集/数据集/目标域数据集/J.mat,22,target_32k,600.0,30.607967617059845,369.17488212255637,0.04626479872807539,33.917781751361915,12.063017504253704,0.40609168040041504,8042.50368312572,2488.008835879954,0.8701651783955137,0.013794170662746044,3.3105327798726534,35.89749151981372,0.6480738788093137,0.11696084572264787,0.0008802899187561922,0.6843865519443115,0.002128706355313456,0.1264658536739924,0.018332909162469373,0.05796138487126168,0.05166071204591481,0.5540843013257905,0.05014444021622905,0.020261105293018198,0.06813310588298731,0.25679384104956887
J,数据集/数据集/目标域数据集/J.mat,23,target_32k,600.0,29.508517100809854,363.7304229752572,0.3257593369640065,35.514499040573746,12.324548510669944,0.4058475248733443,8124.768300034564,2620.6149929092508,0.8780603729589023,0.011438814062221055,3.3085365182577298,36.6726521514684,0.6477765747675907,0.11742444199880066,0.0009721203961667227,0.66369118583272,0.001995950251130412,0.1409289861800106,0.019810305942661588,0.05742316156167319,0.048579553281974046,0.516522384624248,0.06057293929406919,0.018289892397861888,0.05485282011001061,0.25448582644636536
J,数据集/数据集/目标域数据集/J.mat,24,target_32k,600.0,30.09893200361668,389.35679122039915,0.33824061203014566,39.661244591215016,12.933942353119557,0.4073734969175365,8037.888786658498,2528.979063522675,0.8696622132730145,0.011834341587095678,3.2444520665147536,39.36070173894279,0.6429563494097573,0.11386797351869535,0.0009464586793988213,0.6893970716443489,0.0021574730852457467,0.129644094375856,0.019495915812639042,0.052750613801227614,0.045524107867140846,0.5508558920409289,0.05290516630049048,0.023121288056856384,0.06539208150892298,0.2527165650685692
J,数据集/数据集/目标域数据集/J.mat,25,target_32k,600.0,30.429858605950034,408.22013045576807,0.5213906332612249,43.664239495093476,13.416761068630155,0.4071903802722334,8018.74013615873,2631.471733074126,0.8738970467696305,0.013826843383886723,3.241554286911695,41.76334457427622,0.6547806101479872,0.1101384541264962,0.0016163810221999384,0.6842515719937947,0.0027862551733105097,0.11850261209381237,0.020298648728005974,0.050447226079185344,0.05110305423211597,0.550674936540308,0.05604832893040937,0.019468578380891943,0.06917726160192834,0.24838827313328143
J,数据集/数据集/目标域数据集/J.mat,26,target_32k,600.0,30.395646015617952,408.1341560219082,0.4442770994328734,39.25794078862787,13.430707141459429,0.4084721967893548,8069.655298606837,2674.227068143502,0.8783142124315909,0.013857070303224044,3.2415244953646334,35.7584670107691,0.6582317905286261,0.11638805531202057,0.0017917686366546442,0.6737052092833093,0.0032764572975991905,0.11974732763803198,0.022197786095305098,0.05075448638459645,0.054079316095377146,0.5453309670910077,0.052056501595389174,0.020734292315400464,0.0685927751481469,0.2620845491812629
J,数据集/数据集/目标域数据集/J.mat,27,target_32k,600.0,29.419791942596333,394.10134351138373,0.2957207615178618,37.319226195913544,13.394766762168869,0.40664103033632426,7993.865652070587,2640.8669355913503,0.8809162878030208,0.012281512801967277,3.1394058388371806,36.76609303917587,0.6551973969688275,0.11296927958564386,0.0014120094329701574,0.6702171534570611,0.0027440697241013627,0.12279499492327735,0.0217270498298292,0.057024934132397086,0.053282982132516955,0.5585924093183151,0.05850829073865983,0.024121966902233737,0.06023634090703319,0.2582631966398435
J,数据集/数据集/目标域数据集/J.mat,28,target_32k,600.0,29.49819957849611,378.24645135990613,0.44764740703138467,36.484450036193884,12.822725310367419,0.4064579136910212,8156.004069771603,2599.6540029374546,0.8742876319042658,0.015149862778874942,3.168955658268404,34.74950573949488,0.6542816238525984,0.12230515425953226,0.0009597717719681658,0.6624735820155522,0.0021397362240961944,0.1306497466930777,0.019258562214140316,0.06577895768351628,0.052715876452102614,0.5205595429159723,0.048977902977026436,0.015114010819286677,0.05092850494256836,0.25548087528471175
J,数据集/数据集/目标域数据集/J.mat,29,target_32k,600.0,29.290752472473375,368.1308425988002,0.4160321809463214,36.66116864882214,12.569041581333265,0.4062747970457181,8035.538353775266,2615.331180362388,0.8752355262424159,0.013372627565920439,3.2327482400540073,35.68037913170485,0.653926461480898,0.1103229331597786,0.0009366270151560186,0.6879002522653765,0.0023846046340501663,0.1192628046281418,0.0195153307900537,0.04815973649019263,0.05660352582341936,0.5573207169884616,0.050746224990599866,0.02476096626447655,0.06628583461220817,0.24516459532173956
K,数据集/数据集/目标域数据集/K.mat,0,target_32k,600.0,10.336416566749389,54.74555084185475,-0.04196502434984095,3.5514284985059197,5.289532059832136,0.3430995544161631,5168.789377727186,3660.3053547409822,0.8652453018824895,0.053330533764601465,1.4997552123687157,4.941724739778404,0.8726733124201419,0.05073924931832976,0.019222764546311152,0.23784160977630056,0.04911634485982081,0.10815124110359439,0.26502907294477973,0.12542624332331873,0.15896647486406462,0.34011901220596175,0.004521826519637966,0.007165180962553658,0.06610560978464079,0.048321111839658516
K,数据集/数据集/目标域数据集/K.mat,1,target_32k,600.0,10.410724911695633,51.29711362932767,-0.05702175306299645,3.6058068503080953,4.916235481444433,0.3374229384117683,5095.143389236094,3611.5992768881824,0.8589647424413481,0.057444938770366126,1.4916417876509587,5.3464992544409675,0.86928837993451,0.0513224051472503,0.01810995799035394,0.24909141872233215,0.04843507760751444,0.11489728569737674,0.2751265679234353,0.11477471783643202,0.15558242447603104,0.34238648205786987,0.006607330729306754,0.010852810402438448,0.06676826565398147,0.054323043856028666
K,数据集/数据集/目标域数据集/K.mat,2,target_32k,600.0,10.43549554401722,51.06638923188275,-0.06592784418453598,3.512214093574586,4.906039521256357,0.34120734908136485,5058.148260929385,3609.2090487765995,0.8535397879940387,0.061519683959464375,1.4839549185213994,4.859057732647614,0.8709608033321372,0.0523610396309389,0.018676224046758023,0.24131425602803763,0.04794619820114253,0.11736117673565065,0.27948358733065526,0.11548139666033312,0.15240884908475757,0.3450473684870262,0.009537616921444897,0.011929510324594444,0.06491085245827212,0.046158938820933505
K,数据集/数据集/目标域数据集/K.mat,3,target_32k,600.0,10.266690603646493,45.550236379635614,-0.040851249336767786,3.4136854414723588,4.439686537462803,0.3461514985045474,5082.3961295532445,3669.3963271314974,0.8623812653014817,0.052848857634009046,1.4662386841096866,4.293613854504538,0.8772522055230262,0.04975830433391097,0.019705075610086484,0.21753508927427087,0.05005505724239758,0.11706936276651457,0.2742349632253983,0.12834097748185921,0.16124285536198105,0.3306450535379831,0.004942647786500574,0.004776962888539913,0.05904603878168601,0.045858800857696586
K,数据集/数据集/目标域数据集/K.mat,4,target_32k,600.0,10.2752496765313,58.20512577516781,-0.012325008273462154,3.620538818686966,5.661567350151535,0.34578526521394126,5201.946064789529,3691.55511246524,0.8677677251559361,0.04970977262841139,1.4733532197749846,5.119546040375145,0.8805233732526184,0.04556178840144314,0.020391629967252016,0.21732916218559617,0.04995558894951206,0.11343877740453255,0.26572303542938425,0.13088682332731846,0.16618429178568353,0.338741771439021,0.004770363241420601,0.008309394317450407,0.05628725096062868,0.043617523339166964
K,数据集/数据集/目标域数据集/K.mat,5,target_32k,600.0,10.35784675355244,58.23080745070383,-0.009643837637993622,3.663907521843461,5.618586700981279,0.3421229323078801,5142.135530106858,3656.2154084724625,0.860821956841253,0.055567916141358906,1.480515260281224,5.4198504817130875,0.8734168005167671,0.048343555674307044,0.020730427201608316,0.22863799612117244,0.050666795296300714,0.12475471854983004,0.27097830354054026,0.11935107434656073,0.16568108133009798,0.34294383509385673,0.005296616249201026,0.007391024005939891,0.060179137065848966,0.04971003688786981
K,数据集/数据集/目标域数据集/K.mat,6,target_32k,600.0,10.25586639915553,56.213366395547084,0.008417058299392256,3.481924681177118,5.4747966546873235,0.33766709393883904,5117.736865075176,3639.917316404392,0.8591540386088935,0.05395834839627871,1.4711987871777779,4.704812908349411,0.8763127373937224,0.044384146167706494,0.01950826453704959,0.2240770899807562,0.05047757702716634,0.13021193184681168,0.27483818896058665,0.11470085814368568,0.16429028574456234,0.3456048760814508,0.007184949052154737,0.0092114554707496,0.05764042406051916,0.049805629128609454
K,数据集/数据集/目标域数据集/K.mat,7,target_32k,600.0,10.199377405830012,53.6876799626448,-0.03314680602119702,3.41064607531783,5.258777201616301,0.3410242324360618,5055.177130950029,3608.801863016355,0.855645417904807,0.0541000659358518,1.4794764617644998,4.3108256170006145,0.8775608088689505,0.04505716061682244,0.01937287561098097,0.21552179042914654,0.05158516074475543,0.13583029276952702,0.28089988468481125,0.11683763769442443,0.16457178666164204,0.34758305940967876,0.004960456595863306,0.006184646830664649,0.05753654418140737,0.04372702303004348
K,数据集/数据集/目标域数据集/K.mat,8,target_32k,600.0,10.268252764331217,55.014669859210066,-0.059863116515405324,3.5468845320286144,5.359710130673512,0.3409631935542941,5126.140996268242,3619.958423580607,0.8607587552224538,0.05119431271406361,1.4814500282388758,5.028162275000231,0.8743594294007416,0.04414047519844638,0.018079257349534937,0.22964337660075193,0.04919086350887523,0.12966538946745396,0.2760438397521227,0.12263913039971842,0.16191095268283415,0.34739343274984386,0.00524961334724629,0.006846148431167072,0.05376510405540761,0.04602560114055989
K,数据集/数据集/目标域数据集/K.mat,9,target_32k,600.0,10.307698172309836,55.0420478186838,-0.041411385449253,3.679262995443609,5.347651063217643,0.34071903802722336,5125.458347691877,3636.1637719048213,0.8620165189634386,0.050608547199700954,1.4942860448959194,5.332332767451653,0.8724932353360183,0.048309572819830074,0.019096026068807084,0.24007390039015922,0.04954023853890801,0.11778674908324481,0.2704009335189938,0.12541213661467493,0.1581068687775936,0.3407654610324203,0.006862013001559289,0.00913865961737333,0.061581592269245845,0.049095883046983806
K,数据集/数据集/目标域数据集/K.mat,10,target_32k,600.0,10.394906471455288,53.990645084886005,-0.03612085954797997,3.5626454079326315,5.194189982314986,0.33937618262833424,5062.16351732785,3590.2837059112417,0.8576263338875268,0.0561577087858532,1.500243899698127,4.772332453412493,0.8771176363448472,0.04270747290362988,0.019120749521957272,0.2283812162584801,0.04811047651385425,0.11618566493724282,0.278630516175546,0.12875000827024038,0.15898517073675253,0.34125304119723154,0.007657954030539086,0.010249459098265107,0.056334928833231254,0.04214329719909974
K,数据集/数据集/目标域数据集/K.mat,11,target_32k,600.0,10.323324833699703,53.96513463816487,-0.032881968360290566,3.368598327218663,5.235445100120722,0.3377281328206067,5064.357282772461,3620.4351756610886,0.8576715680678705,0.05897973058268681,1.4830522810860796,4.410938684501987,0.876322568377702,0.04309937346826285,0.020186383007646913,0.2334257383217929,0.05057206261666306,0.11609746165788375,0.27973776549219664,0.12253631329446103,0.15898831338545708,0.33668875299764117,0.006877940027221235,0.008107910633953679,0.05630415894061552,0.042793957131983744
K,数据集/数据集/目标域数据集/K.mat,12,target_32k,600.0,10.286731158120666,49.922307620337925,-0.019992362721852647,3.391755625883071,4.838443414727129,0.33675151071232373,5045.015448079769,3606.956940228116,0.8581514808793529,0.05558628132638922,1.4787658822573315,4.487804223872919,0.8742568116099396,0.05051188194601549,0.02006720332605616,0.2335423029811576,0.05018772628318428,0.11072154531247512,0.27839499199546275,0.12175486332151607,0.15457566969999198,0.3406617914815311,0.005299315134374691,0.007288663033519335,0.06696749756735003,0.046691665621928266
K,数据集/数据集/目标域数据集/K.mat,13,target_32k,600.0,10.389262128006287,49.92712473124779,-0.001038171710076478,3.4033199073903226,4.800974491141659,0.3340047610327779,4992.182691635804,3604.00136948323,0.8533302264752529,0.05927619360702072,1.4708882538398909,4.388496011243185,0.876641708963332,0.04774557972288548,0.019776959908264204,0.22497470554880997,0.048372477246223275,0.11697540370119194,0.28413287942654425,0.1284090160527613,0.15939365773991157,0.3360341063762208,0.005386283351141434,0.00745876974281505,0.05974239405919233,0.044088954805132134
K,数据集/数据集/目标域数据集/K.mat,14,target_32k,600.0,10.340765958493567,59.75726650392591,-0.020636194387946435,3.484079539039586,5.781323054955294,0.33449307208691936,5022.919522445639,3600.7512257605717,0.8577928198223977,0.05517354851876804,1.4846617566949316,4.8725065460589425,0.8761012011220412,0.046706641051622214,0.019464208398410565,0.229755035028495,0.0501966063858834,0.11463558113478106,0.27571793531331795,0.1339508553461458,0.15692948774119064,0.3423905034452365,0.008530963963201731,0.010107627754447663,0.057861779761524276,0.04186848886501055
K,数据集/数据集/目标域数据集/K.mat,15,target_32k,600.0,10.248250360084231,59.79022352103836,-0.021890229628765835,3.5442068470777466,5.837000771593126,0.3356528108405054,5128.670270422738,3640.6945708427384,0.8655657636391275,0.05099352835030842,1.4950873848301311,5.130529086101145,0.8811133467297312,0.04244902882141373,0.01996791836532675,0.22280212200213487,0.05113678224830009,0.11989298336454506,0.2638302352432622,0.13150819761569946,0.15780296523974013,0.3420990518495917,0.00783719743919255,0.010044315077384989,0.05541433940888321,0.04088260118623232
K,数据集/数据集/目标域数据集/K.mat,16,target_32k,600.0,10.252586428063994,57.930238831483344,-0.014910978479816496,3.536226181566216,5.6483476081926955,0.3357138497222731,5211.445379273366,3667.5573924055516,0.866621194330817,0.0437490398989137,1.4797528836355096,5.139128754224144,0.8814178523355863,0.03989149086375332,0.018645520471977112,0.21308803615275873,0.04868231055032965,0.12490148183700532,0.25843518564533213,0.1294801189516769,0.16128324273868938,0.3454472809923451,0.006044943868329708,0.009552538402705455,0.053137852163340396,0.04056818113759152
K,数据集/数据集/目标域数据集/K.mat,17,target_32k,600.0,10.306697772582604,57.92559080493307,-0.001178874231117618,3.596042461622786,5.612690900628959,0.341756699017274,5263.547127759847,3675.2614992500294,0.8664463421140165,0.04191973277278053,1.472343500410173,5.399081045768216,0.8807575167832614,0.03777016741025514,0.017993123242899926,0.21423631603766427,0.049012439163905894,0.12459856869245775,0.26033282758574305,0.13904227694893984,0.15129911621868805,0.3532411158179056,0.0062123698139664825,0.009070437840560443,0.050076568411535294,0.03583986607314306
K,数据集/数据集/目标域数据集/K.mat,18,target_32k,600.0,10.196703020180436,54.45871417779666,-0.009770227182294438,3.5804928835052015,5.342626769485381,0.3474333150216688,5224.995325477272,3688.2783608162677,0.8672230648997756,0.04404408456608766,1.4814867674735583,5.188322143099625,0.8823046154965557,0.03825395567865291,0.019508241805278815,0.21993751021470428,0.05095920674080024,0.11786020505904037,0.2629492677974481,0.13441077418917788,0.15536087893859785,0.3451079474405328,0.006315117617896805,0.009272664010770005,0.052309738771507165,0.03814737131373221
K,数据集/数据集/目标域数据集/K.mat,19,target_32k,600.0,10.133350355318075,55.95901191529267,-0.057047228037908744,3.5761930730604634,5.536113137409152,0.34200085454434476,5227.757319342476,3718.3250324089963,0.8653236024444207,0.047521060808412,1.4756492406946606,5.085991287756678,0.8806415428793515,0.0414348324339067,0.020376061971033477,0.22309322734330514,0.050985158912609053,0.11936700427428831,0.2671749730429632,0.12606317421009752,0.16034603757191523,0.3402493966655842,0.0047938160393565035,0.009462785609100117,0.05619260973820752,0.043923262839157755
K,数据集/数据集/目标域数据集/K.mat,20,target_32k,600.0,10.241683789100804,58.15337726060195,-0.04797358230492522,3.495353856772031,5.689450824850954,0.3377281328206067,5127.618992806377,3678.335532343146,0.8607281532908457,0.05186095826316869,1.4666607269884429,4.846550655745079,0.8758283606961385,0.043207829356036474,0.02089425016575914,0.21869406522679682,0.05301979823819393,0.13315256437975478,0.27625304958772806,0.12604447286428222,0.1596445418815003,0.3367856337368559,0.006242195127665519,0.008805776785188553,0.05588959735571254,0.04429003809169004
K,数据集/数据集/目标域数据集/K.mat,21,target_32k,600.0,10.279553067608541,61.69449015019402,-0.034871287315525044,3.5242983041162455,6.0066427144300585,0.3391930659830312,5100.450156446471,3653.5533988892666,0.8629927350508521,0.050359704359870285,1.4753886289315932,4.947793084089357,0.8761168012213624,0.041287676188047684,0.01973454929810787,0.22885587476837152,0.051600457070265775,0.126592656639939,0.27389649941464883,0.1236947432088108,0.16159929475984763,0.3336324099010734,0.009035066390796783,0.012706021432101602,0.052785414527055256,0.03998193248284709
K,数据集/数据集/目标域数据集/K.mat,22,target_32k,600.0,10.196659688714432,61.71391264863471,-0.06736002307742944,3.5913322793231157,6.0609917642795414,0.33900994933772816,5110.4346887372485,3677.832687782572,0.8631414578381843,0.04840851297014826,1.4728895279099334,5.017457554833781,0.8775224570026475,0.04443067417623607,0.020645589121461416,0.22777790717177718,0.050901519872681864,0.11195039978792905,0.27436705797135935,0.12573845963040328,0.16182997054658754,0.33061023770163345,0.006104567038826597,0.00844854931809106,0.055812296965014656,0.041890698835890895
K,数据集/数据集/目标域数据集/K.mat,23,target_32k,600.0,10.227803707362266,57.181011643264945,-0.05615791153352167,3.559745582607149,5.595422675703509,0.3404748825001526,5167.9099566175955,3673.56436922854,0.8630825467662139,0.04834146330219119,1.4848308489197608,4.7871235898823885,0.8770215356214021,0.044523176450459216,0.019878033056556266,0.21897895796763736,0.050635130712818464,0.12223277588549666,0.2716443860003974,0.12907267568268727,0.16255427960994553,0.34149702610373656,0.005573473479414276,0.006556844691693708,0.05667108796516847,0.041755176761970596
K,数据集/数据集/目标域数据集/K.mat,24,target_32k,600.0,10.240561410564725,50.97005837833166,-0.024525149996332686,3.4811626844915717,4.979372325922471,0.33888787157419276,5193.051964920154,3727.472268511942,0.8656663466242412,0.04892583847725687,1.4918538677122064,4.6473833468096135,0.8744209243656356,0.049673191754081907,0.02082485122127257,0.22077450155017503,0.05145286819775108,0.13479248647561998,0.27299509681175665,0.12487992693841396,0.1550096297299715,0.3307924238127004,0.0032848738102334092,0.004447614628182974,0.0612366356323767,0.04788720390167698
K,数据集/数据集/目标域数据集/K.mat,25,target_32k,600.0,10.29791878259731,55.62728181956515,-0.001362368832518322,3.5892520523108704,5.396796269707292,0.3378502105841421,5196.337665701411,3711.2154832237215,0.8691687902873488,0.045844613405918486,1.4818784128772553,4.999712286859702,0.877643957934496,0.049178408956813545,0.02156898319767822,0.2296401973428659,0.04914746097326235,0.12037709200433105,0.27111835353764524,0.12249518555486769,0.15738391828721904,0.3341645942902479,0.004541412207135687,0.007133558419655277,0.06070482005037555,0.04724748429263032
K,数据集/数据集/目标域数据集/K.mat,26,target_32k,600.0,10.351728469301216,55.645049591482866,0.012509626365701462,3.640532809188045,5.380623854634032,0.34328267106146615,5234.955049189438,3704.309441378709,0.872174807635802,0.04200562553890045,1.4902262287114643,5.214924728865751,0.8845758035405441,0.03944704182844889,0.020886166191424936,0.2200208801485318,0.050767131116432516,0.11164044705143149,0.2603648534489097,0.126696618158274,0.16506440665493236,0.3425638518188263,0.005095299986021058,0.007893013221360413,0.05050990172621071,0.03933592010221499
K,数据集/数据集/目标域数据集/K.mat,27,target_32k,600.0,10.304734606517844,52.19742934275547,0.01618623436941858,3.5055577520336034,5.050480825025157,0.34468656534212294,5178.192844395725,3646.723768972547,0.8645058664947971,0.04698101350823879,1.473014119767799,4.885331905710736,0.8864198632840401,0.03599565340903151,0.019846042114530463,0.21093320650967634,0.04987318372915371,0.11929679603940399,0.26801349283845133,0.12625766468665173,0.16880028705946196,0.3463081918554447,0.005990842002603539,0.008844855693590335,0.04646607772993824,0.0379886069288131
K,数据集/数据集/目标域数据集/K.mat,28,target_32k,600.0,10.390634558516076,64.03348397953566,0.0224768001215051,3.5136899322799686,6.161909354249247,0.3456631874504059,5122.918769654602,3641.955968763738,0.860479208231157,0.0507955556990745,1.4628471150888231,5.1571598114088895,0.8834784316897442,0.03839474763691084,0.020778451809874417,0.2215435039698284,0.05010158752677053,0.1238767850702261,0.2766480431305637,0.12046974258089613,0.16672745753321655,0.3413026104424289,0.009093465942531246,0.010390008946823877,0.049322491374714235,0.0384415158333354
K,数据集/数据集/目标域数据集/K.mat,29,target_32k,600.0,10.450987915961312,64.04239679215192,0.008777257411892017,3.570004107391033,6.133496700704381,0.34688396508575964,5162.9864262856945,3664.1972630977107,0.8595733829130894,0.051610141261028544,1.4800369178958304,5.342264360440815,0.8786587940510359,0.04362958467044511,0.01997700991727127,0.22478143908818704,0.048835992151366386,0.12669041314579513,0.2745806378732691,0.11436179446172068,0.15997962373402969,0.34678048182895915,0.00610513386944426,0.008609680354487644,0.05598667531808592,0.044419478868184356
L,数据集/数据集/目标域数据集/L.mat,0,target_32k,600.0,1.8510371348908379,9.801406378604053,0.0009559149594096923,3.9371363844340954,5.289952793468059,0.37660990050662274,5925.408937021347,2918.472146091812,0.8872453104818206,0.012216616641333368,1.496001234224386,6.9402929045829165,0.8636044884875828,0.03976769881556894,0.039144893281011416,0.28310621475554154,0.00566489324310405,0.09164102686115815,0.06609625974893422,0.12458855466302529,0.18795044448067896,0.5576966533263299,0.027817513774172076,0.03976769881556894,0.05703494906592717,0.04825549683147254
L,数据集/数据集/目标域数据集/L.mat,1,target_32k,600.0,1.8469780407471508,9.80614098140665,0.009130000630885645,3.8761886949003608,5.325410201669516,0.3789293780137948,5838.6136055462175,2857.657995084161,0.876606910697463,0.016728077741372412,1.5032199200692427,6.753508657520525,0.8768797680471636,0.02510989274271888,0.042294869437682646,0.2621601275836015,0.00497980702400386,0.09624002238508421,0.07196727975146008,0.11646276705139871,0.19669347615607014,0.5820204126319772,0.01656898372164856,0.02510989274271888,0.04670868775901436,0.0452562587497501
L,数据集/数据集/目标域数据集/L.mat,2,target_32k,600.0,1.7654517390616298,8.452669689259096,0.04093942091929732,3.325030651680487,4.801206205540543,0.3771592504425319,5719.661193923894,2902.7741640451927,0.8835937439979643,0.016279716283720953,1.4620493019390335,3.92278760071451,0.886567820894965,0.020380744815047053,0.04398205325214069,0.2293918919379858,0.0051291899459166785,0.10419683574400487,0.08135005691809348,0.12066851272407253,0.2054505976562126,0.5697743404543764,0.020380744815047053,0.01874741198533752,0.038445494119317435,0.0396263871811565
L,数据集/数据集/目标域数据集/L.mat,3,target_32k,600.0,1.7692074482721372,8.653089889610131,0.007146922569263137,3.4038078276168298,4.893910265769254,0.3697125068668742,5583.862173680162,2939.233574746459,0.8894655397694663,0.012852425339660904,1.4499382042541427,4.1241280977525046,0.8846636270163426,0.03093833829718717,0.04801395772930364,0.22408597373023556,0.005229447921744569,0.09610903351475368,0.08241076896025051,0.11659498272719952,0.22117565410607953,0.5420177147242755,0.03093833829718717,0.02245598772802758,0.03787699229361266,0.041978383085623315
L,数据集/数据集/目标域数据集/L.mat,4,target_32k,600.0,1.7727542088207262,9.661028268042056,-0.05287279150893131,3.585698468353092,5.461084879349275,0.36458524079838855,5605.497831190833,2990.1012750235486,0.8906924360820783,0.011208916283088455,1.476767267490799,4.54346396778152,0.8788666866966991,0.02800740907715557,0.05233681056187108,0.25144051629644487,0.00483934798185491,0.09372168304770569,0.07897871521590197,0.11086850847570857,0.21317189316436827,0.526484215972927,0.02800740907715557,0.023178636499083662,0.04001236466980219,0.05548993513276863
L,数据集/数据集/目标域数据集/L.mat,5,target_32k,600.0,1.7892012407949356,9.839466080172295,0.012434654288262539,3.8211374610203372,5.491977233438143,0.37441250076298604,5695.141343155868,3014.671824902969,0.8860413819831273,0.0103202199524808,1.4924884458155228,5.730433832051648,0.8875552014747483,0.019003457527955233,0.05662615506607288,0.23043837261756775,0.005044534493715513,0.10213789043007813,0.07797386296766588,0.11686725868776447,0.20977090481089655,0.5418859391854307,0.01824984176009769,0.019003457527955233,0.04089499730453495,0.05095722190796367
L,数据集/数据集/目标域数据集/L.mat,6,target_32k,600.0,1.8219145221010309,9.860738049315088,0.07994422602998255,3.782068684544521,5.41783080905514,0.3819813221021791,5837.718878471094,2924.427678004228,0.8808868218374494,0.012318683081056735,1.4931345525811346,5.716008765128533,0.8799897975344526,0.021370301439831103,0.04965594513615202,0.24747688913540863,0.005492139797321753,0.10581423569164863,0.07193806042981168,0.12368554441011982,0.19486588692047235,0.5678144656435697,0.021370301439831103,0.019391068517326044,0.049918321023082184,0.04303559349209398
L,数据集/数据集/目标域数据集/L.mat,7,target_32k,600.0,1.8903964421320212,9.462151798455606,0.042838589504534105,3.450916370155486,5.009252981190162,0.38088262223036073,5897.0367195057715,2824.999086410848,0.8756545396614647,0.012228732297871935,1.4869714200464763,4.400401345295199,0.8807730687241884,0.021124000678482052,0.043417250860309085,0.23827572427815139,0.00490130822471038,0.10735913670618641,0.06372196056850761,0.12499592585975769,0.20734304905528475,0.5961574419891781,0.017529904024752543,0.021124000678482052,0.04406087542429316,0.041376469093607336
L,数据集/数据集/目标域数据集/L.mat,8,target_32k,600.0,1.8438130089737454,8.521162645886085,-0.0006181876335368948,3.37744630507791,4.620346358321372,0.3797839223585424,5876.911153375399,2815.395041419859,0.8722406274150862,0.017574767317431437,1.4717859264674646,4.0479853861359665,0.8788596325904102,0.01721070955975516,0.043898057854057995,0.24331191506242267,0.0047883515236314175,0.10704799878988082,0.06533350108663877,0.12944086050119688,0.21007417903109216,0.6062840719766195,0.01721070955975516,0.014622990338329074,0.04396181500132982,0.0501531323610538
L,数据集/数据集/目标域数据集/L.mat,9,target_32k,600.0,1.78886847653105,9.858943744332512,0.004182821332584121,3.5132457528791896,5.512622572167401,0.3741683452359153,5802.770830896405,2881.595043609296,0.8775214843197519,0.014948426803035306,1.4771730458352557,4.599618874288794,0.882055873096145,0.016893058009086085,0.046480397982998856,0.2360210901750866,0.005028435773803144,0.10570295351832239,0.07102488716303193,0.12337446751701449,0.21260700258494572,0.574562343500826,0.012056526637837104,0.014257017848941787,0.04701832985222113,0.049398011131397856
L,数据集/数据集/目标域数据集/L.mat,10,target_32k,600.0,1.8488827098814637,9.875429749954794,0.017453816475421706,3.5400860167792296,5.346177910118129,0.3745345785265214,5808.495698575752,2886.5506747669906,0.8838636636233833,0.01311157640358066,1.467049867667817,4.873350111335026,0.8845992700359967,0.016138215464333486,0.039253422356763414,0.2238274288624071,0.005076512213027908,0.10800903452191297,0.07368016617234266,0.125660598749008,0.21152963962160495,0.5621486438669396,0.013972871425207619,0.016138215464333486,0.03609049624178731,0.04677272825352097
L,数据集/数据集/目标域数据集/L.mat,11,target_32k,600.0,1.8820964579602832,9.606025015819554,0.01851655856648533,3.664378733031041,5.1108227542709495,0.3706280900933895,5730.014657717363,2854.052987847977,0.8864429481794349,0.009717908870029318,1.4778601002798628,5.02941562061815,0.8775206891288334,0.032601718980086604,0.037465462228554826,0.24176671628336413,0.005114617287807276,0.10620348836105946,0.07279289472236287,0.12935952110442084,0.20173979968680134,0.5601222318523161,0.032601718980086604,0.017478303410182534,0.03912595888324925,0.0388986889537266
L,数据集/数据集/目标域数据集/L.mat,12,target_32k,600.0,1.905182292839079,9.221286326054852,0.040349651029016595,3.641773748337377,4.8471624627526335,0.3754501617530367,5798.824093099152,2846.2437281953517,0.8757919207513183,0.016394659377361672,1.4884885629543687,4.783096734707924,0.8726744821475841,0.029381260336943653,0.04190173134371886,0.2669706076684878,0.004662723719331014,0.09999168580525589,0.07027019164999346,0.11099389227284995,0.20435306343611384,0.5764779496918594,0.029381260336943653,0.01362066573738683,0.04476856469715275,0.052065143516161934
L,数据集/数据集/目标域数据集/L.mat,13,target_32k,600.0,1.8659092074674104,9.997748507242854,0.015980655625073614,3.6441572342084796,5.357355889195692,0.3757553561618751,5896.628966161719,2931.027992803949,0.8829355506449575,0.02101726551271783,1.4728110080179129,4.8926604529206745,0.8732933370679121,0.0204516587577048,0.04434747654098608,0.26518102983186476,0.004128883518888754,0.09745342779931751,0.07176557037553923,0.11920932320795284,0.21105595818229705,0.5631299307252187,0.015208549969415201,0.012232013776106283,0.05164251408817235,0.06411205581555136
L,数据集/数据集/目标域数据集/L.mat,14,target_32k,600.0,1.7918263073038263,9.99437784437401,0.026890720425202564,3.7441990860723426,5.578746376274741,0.36659952389672223,5774.455708761957,3009.4701951235174,0.8938478195201295,0.012314151698860614,1.4871053631030997,5.228068976224066,0.8845388497054284,0.02030354907503498,0.04353985748621537,0.23293610665263856,0.00484494497343402,0.10306458203821882,0.07560314663211713,0.1270124094232248,0.2169370661982894,0.5246009435044977,0.02030354907503498,0.016677641689127398,0.04021371896904411,0.04250478780640341
L,数据集/数据集/目标域数据集/L.mat,15,target_32k,600.0,1.8073102287991858,8.669178258927637,0.05543894135727264,3.83098301645528,4.807702946748888,0.3713605566746017,5729.963872592525,2955.234749421457,0.8831602648688747,0.014131356569981489,1.5092005459255844,5.261024307302623,0.8835270707185606,0.03143514388206828,0.04606685745902068,0.23460337280828514,0.005026044763614487,0.09349158910159965,0.07397108379767947,0.11936609186223805,0.2265942583701799,0.5462844528547651,0.03143514388206828,0.01878254996170685,0.036559962167646017,0.0438614602848825
L,数据集/数据集/目标域数据集/L.mat,16,target_32k,600.0,1.8132578882491006,8.655027206425288,0.02227248683521295,3.6988202259263683,4.767972618889738,0.376365744979552,5753.030177961052,2947.7627338923958,0.8859963417927431,0.013275989089595428,1.5130657639595557,4.887519024144555,0.8850797330936158,0.031271388658924607,0.048253001622376196,0.22792324834943445,0.004193955866877457,0.09162922667376117,0.08070231386160516,0.12557610165727387,0.22237678317308962,0.5534321969485881,0.031271388658924607,0.01978224566275634,0.03666694657417382,0.031469950111027795
L,数据集/数据集/目标域数据集/L.mat,17,target_32k,600.0,1.8597230233897684,10.291657822482533,-0.0029331328863155433,3.648278127668346,5.530979860844602,0.37789171702374413,5850.549123756462,2965.4919428567428,0.8888653984361266,0.013419926722190811,1.5105999212724728,5.159903811782864,0.885151755155984,0.024372579096235077,0.04846290343584625,0.23787774636977058,0.004643083881249743,0.08683205596022467,0.07579814040451338,0.12329304340510802,0.21396083926662887,0.5629994322901488,0.024372579096235077,0.01979088870677086,0.03115957611981406,0.04501619693021455
L,数据集/数据集/目标域数据集/L.mat,18,target_32k,600.0,1.916026496439276,10.282411713677456,-0.0029740752084385243,3.724661060209648,5.368191325496734,0.3811267777574315,5936.888362995122,2920.7362882681286,0.887741133471673,0.012309945235284043,1.5095591459082633,5.323926973454407,0.8801648923491966,0.02358086919187331,0.04294223696695019,0.25004913968650877,0.004903904617934225,0.08692882055174864,0.0655269427344818,0.13069582967164875,0.2172575790636164,0.5703274057493466,0.02358086919187331,0.014633641233691867,0.02690404794947014,0.0640457806012181
L,数据集/数据集/目标域数据集/L.mat,19,target_32k,600.0,1.8982793603600798,9.530592917462005,0.04307770310362275,3.7567804507021174,5.025534066800044,0.38130989440273455,5909.2067234845435,2871.378190264605,0.8806688770029145,0.013494710818790617,1.4933999045653836,5.22674934480803,0.8664434212969886,0.03019179326819526,0.038083789658362434,0.28594188874763665,0.004435865825282422,0.08662956139585819,0.06611864531022169,0.1239582408528936,0.2018243113671963,0.5784589727908738,0.024537835391100937,0.03019179326819526,0.05162089897778336,0.058027751853069194
L,数据集/数据集/目标域数据集/L.mat,20,target_32k,600.0,1.9296348013427438,9.826448043679482,0.049990276783068076,3.6790208138886857,5.107393809460602,0.3814930110480376,5896.211726350631,2883.787983716423,0.8822752829045784,0.012765886331327695,1.4848360265848,5.025445369240756,0.8636826609250206,0.03228563981415378,0.04249392227566962,0.2928447877332193,0.0043848989274644715,0.08763269226501237,0.06804410046617126,0.11937208623409291,0.19233203887957287,0.585988612789412,0.026278615193536987,0.03228563981415378,0.06614986132517812,0.04937254516936548
L,数据集/数据集/目标域数据集/L.mat,21,target_32k,600.0,1.8470163999820128,9.808679281775124,-0.015281517117797596,3.583996605245623,5.319421863131436,0.3780137947872795,5804.446571354504,2912.116103958475,0.8822412569706859,0.014631983619556038,1.4725400340158499,4.7146251105797665,0.8784303453022096,0.030229346619947323,0.04644506333976579,0.2578718823343815,0.005628962503281124,0.08835987782698672,0.07382005877987459,0.1172463730245162,0.2057121391741025,0.577739353717924,0.030229346619947323,0.01778598845893297,0.04930093507939199,0.048817946610576174
L,数据集/数据集/目标域数据集/L.mat,22,target_32k,600.0,1.7349540438355189,7.981203956461937,0.00020688924245360768,3.4137796013192396,4.6077343631087695,0.375389122871269,5794.006160194922,2974.720278759392,0.8809037960690714,0.013715810032385065,1.4489741747628693,4.494081666388543,0.8849379288801674,0.02377528004121436,0.05053422726641699,0.23607808442417186,0.005476651508564408,0.10760523179610514,0.0751470088810844,0.11085055417097382,0.1998719793547297,0.5605412697086557,0.02377528004121436,0.02207163696791184,0.04215050122509247,0.04496297767724052
L,数据集/数据集/目标域数据集/L.mat,23,target_32k,600.0,1.7387963469826795,8.368272153737573,0.01719893990853698,3.2846442056181733,4.811344793323136,0.37001770127571265,5649.096737163741,3061.732993587264,0.8914639631761897,0.01170472626359632,1.4466835405435772,4.013926274542054,0.8933688463537043,0.024081800851601335,0.05588880747165159,0.21268140602441213,0.005497784818524912,0.09602188991135552,0.07726081199790476,0.12199579744723157,0.2054577199564721,0.5238492560359168,0.015418895506261254,0.024081800851601335,0.04221593130069627,0.037129125787652206
L,数据集/数据集/目标域数据集/L.mat,24,target_32k,600.0,1.8091746869542806,9.253037663216038,-0.020948104157418785,3.5588734065087557,5.1133576293926835,0.37490081181712753,5773.251494864001,2985.9550216350617,0.8867929320186065,0.010925960688446425,1.4739918382862995,4.793142381766739,0.8843970850473586,0.018239064887209378,0.04879568454049248,0.2534738558910479,0.005674472590050744,0.08303170101443164,0.07336799097366946,0.11801638367112885,0.2009838964907354,0.5588357233296274,0.015736745604719483,0.017374217161347637,0.04711013517898219,0.05670134416921842
L,数据集/数据集/目标域数据集/L.mat,25,target_32k,600.0,1.8868255465652348,9.261817172652082,0.0029306650079988575,3.4774056506018063,4.911931796211109,0.3807605444668254,5887.34158784356,2846.497360579448,0.8778525157967245,0.014129911888326848,1.4653453427298084,4.481660546886991,0.8774583498800044,0.01643085657400994,0.046549037500511994,0.26533985931172965,0.005046503067143027,0.09415980105197048,0.06618251133794388,0.11339919019898806,0.20226041862109564,0.5918723181733242,0.01643085657400994,0.015432520713275045,0.04505202911258457,0.05381471993014011
L,数据集/数据集/目标域数据集/L.mat,26,target_32k,600.0,1.8793595152991418,8.41864615841696,-0.008245414114046376,3.2576462805266537,4.483259933350113,0.3761826283342489,5849.133435608319,2846.7679196980525,0.872546914804288,0.014335833338424751,1.4481866643788752,3.84361581005688,0.881130082962836,0.015698406089468805,0.048947312448058784,0.24976803785008975,0.004882955255706716,0.10194389034532175,0.06776968696574424,0.11190538950532124,0.19863152426866196,0.5954463494236008,0.009712162559085333,0.012423980774886115,0.04487724812621004,0.05072794375552402
L,数据集/数据集/目标域数据集/L.mat,27,target_32k,600.0,1.8221807221894668,8.977912835943739,-0.029916934796308754,3.4014453190591882,4.920506260025444,0.3780748336690472,5865.939173194682,2905.337094358819,0.8812219586616412,0.013225338176869146,1.4706276352819414,4.563109196019572,0.8843216728862687,0.01861576538256347,0.04512920478280547,0.23546614196079607,0.005122392126320694,0.1036076105728536,0.07302235434448015,0.11650262024417607,0.20528355298193982,0.5829032127690744,0.016694449557541086,0.01861576538256347,0.04247254310526704,0.04623191022422987
L,数据集/数据集/目标域数据集/L.mat,28,target_32k,600.0,1.7856704907102487,9.702605238531337,0.0025560808785553266,3.4699523746369008,5.4293041740157015,0.37642678386131967,5836.376616268129,2880.50444337852,0.8852025375116561,0.012419976990329493,1.4733581722505162,4.869385512089557,0.8809469446047448,0.02149525109175996,0.037695602291553686,0.23779588293794984,0.004946734408224367,0.09842317520867522,0.07666592486926985,0.12979015069943298,0.20972621528423832,0.574875266313458,0.02149525109175996,0.021125388147421487,0.03932487745809713,0.051358370752431236
L,数据集/数据集/目标域数据集/L.mat,29,target_32k,600.0,1.8485668440081275,9.701409496478227,0.003935806031774369,3.824475533825888,5.249402103446668,0.3770371726789965,5843.683153935801,2884.091329177469,0.8830386220208692,0.015054449050312693,1.4746997885179016,6.135572243995682,0.8662171917618938,0.0380160982163778,0.03562598243188117,0.28271766881488214,0.00520887674487049,0.09652961762018139,0.07893730245358822,0.12059776992939843,0.1940055383821215,0.572742142337458,0.0380160982163778,0.03191638770813704,0.04669744850620792,0.05032023404389163
M,数据集/数据集/目标域数据集/M.mat,0,target_32k,600.0,10.067560121472665,54.324866428261856,-0.10131077929688755,3.4283120220506174,5.405442997542092,0.32405542330464504,4622.454179706366,3209.6153181788413,0.8586453409320611,0.03220167660688058,1.467453889516509,4.553458086574164,0.866121726594711,0.04470300243776889,0.02074072196556593,0.2236104378500547,0.06369227577898075,0.12770320690794815,0.2627931002311469,0.13673981275617203,0.16891341815581845,0.3735174760038652,0.004742225363349213,0.00998788480264154,0.06097547949461686,0.03676327358700219
M,数据集/数据集/目标域数据集/M.mat,1,target_32k,600.0,9.984771741635054,46.9985931450451,-0.058101253760103076,3.3444407357001773,4.701792130360357,0.33186840017090885,4652.511329408874,3206.7415052639594,0.8585212535865672,0.03361801875121058,1.4600353390833982,4.268971205186184,0.8660233943550083,0.046023817826354285,0.020277572372498717,0.2364288912345408,0.06552616282454055,0.11714940204394976,0.26048068619470127,0.13237100045976383,0.17316091587384894,0.37366552245352674,0.0050949002620310725,0.007469283895628998,0.062047410525920575,0.045612248508809815
M,数据集/数据集/目标域数据集/M.mat,2,target_32k,600.0,9.959208875578058,43.44540953323857,-0.05588890207972151,3.4427928488106607,4.350140022020762,0.33321125556979797,4680.397169792292,3235.652244751278,0.8598271856321332,0.032979864008886126,1.4819021564893617,4.133014640629279,0.8627527067697262,0.05400008520379436,0.020146470716006157,0.23567339242547378,0.06478774637805154,0.11398630104306727,0.25863572485789654,0.12965152380205874,0.16898679750207557,0.37287397092710733,0.003491109916495658,0.005185320596763084,0.06807034520281781,0.047535732221589994
M,数据集/数据集/目标域数据集/M.mat,3,target_32k,600.0,10.006064342778279,43.42934115861905,-0.09804017275415496,3.4113162570455238,4.319679347995774,0.32851126167368616,4595.549561185683,3216.4996987416725,0.8525561298101202,0.0323708552160515,1.4884582626621101,3.910438444247705,0.859262478051921,0.05551406872326101,0.020254204008129727,0.23172843644562668,0.06460900639250722,0.1256514239427895,0.27091962313067175,0.12740005902043855,0.16511642190447248,0.36984186243073053,0.0025736868026514097,0.0040440415281464805,0.06810346585429382,0.04569818712974615
M,数据集/数据集/目标域数据集/M.mat,4,target_32k,600.0,9.944218053874133,40.873610517131844,-0.0930786448597983,3.275406307105677,4.091326881287862,0.322712567905756,4515.77189115471,3213.9514508670654,0.8516131155017812,0.03862289001678756,1.470105796858587,3.53777020385764,0.8676207816490109,0.04980385922305147,0.020015297372279302,0.20713053074715038,0.0670417543879239,0.1293053856329087,0.27412059510064507,0.14004485593302535,0.17530426672057328,0.3546850089778153,0.0017704562426847756,0.00315426997481855,0.060039419240602715,0.041449204754011044
M,数据集/数据集/目标域数据集/M.mat,5,target_32k,600.0,9.94444825024347,40.86839145902043,-0.06304524871093328,3.2787441572089007,4.112580302376434,0.32185802356100834,4499.115104981116,3204.162304544203,0.8548005967306491,0.037519657040602,1.4621617536066946,3.6017593849100202,0.869843171541972,0.046597517353881096,0.02083663149093883,0.21049427330379322,0.06846798354706672,0.1262843981526134,0.2714583129479458,0.13814829909360252,0.17351629734457208,0.35143791312083267,0.0022608336539973054,0.0028368264340958736,0.05679700974700056,0.03950358086502364
M,数据集/数据集/目标域数据集/M.mat,6,target_32k,600.0,10.070089530319182,40.779333647694685,-0.05743580791762364,3.3246310388290152,4.070907248399727,0.32637490081181714,4617.432358121573,3185.8725146365387,0.8568324112813248,0.0331582531390497,1.4620456947394722,3.9025386271429308,0.8711329470145662,0.04085746666446587,0.019886141456787725,0.21400540724559539,0.06470722748167411,0.12603173142772126,0.26066785563726474,0.12751199800046809,0.17747901863149287,0.3775779732912312,0.0032007896661657383,0.0036730948257491206,0.05411202964485301,0.04085433449639668
M,数据集/数据集/目标域数据集/M.mat,7,target_32k,600.0,10.083920998916213,41.2165331190637,-0.05682510562141043,3.2757415580682463,4.062388499718376,0.3216749069157053,4592.742359619701,3178.588336649429,0.8550008636450446,0.037260415800677384,1.4614440196562974,3.6990608037655814,0.8700832633847276,0.04710817882651238,0.020400225798416015,0.22208074219740803,0.063073502655752,0.12046649545343209,0.2623326793624469,0.12135336026130772,0.1763300594857134,0.3758994555045037,0.004993498198629518,0.006235647204910453,0.06131767223657744,0.0470033487332426
M,数据集/数据集/目标域数据集/M.mat,8,target_32k,600.0,10.09089696811362,41.23807344903943,-0.07456632640282831,3.1999291189478427,4.069097995136812,0.31795153512787644,4472.067939867237,3141.12608736595,0.8477785268863328,0.03904072167288379,1.4644345735905493,3.4600040966612706,0.8666087435072575,0.0499597099461613,0.019991725813564388,0.22454124057819344,0.061595997251808136,0.12136419093924866,0.2765070188433027,0.11713967435334498,0.1707494491174287,0.3613796480935277,0.004544253549674614,0.005348625367292295,0.06236697720699149,0.045231114977006326
M,数据集/数据集/目标域数据集/M.mat,9,target_32k,600.0,10.016093883821558,41.37334610345732,-0.11235602404305832,3.2747639237477153,4.148773467741597,0.32008789598974546,4500.237984937039,3154.325691495475,0.8500845965735471,0.03683064611604606,1.473995599835116,3.6986584226410586,0.8639644680891906,0.05091788007011227,0.021404415438326795,0.22170114147249034,0.06389815347977587,0.11629156713913773,0.2749088950814112,0.1271210960927347,0.17200841321636887,0.36152260974622574,0.0027272553474582857,0.0030307299842364556,0.06493505021097207,0.047023756353957474
M,数据集/数据集/目标域数据集/M.mat,10,target_32k,600.0,10.057380381775582,44.129214768405944,-0.08503504053790335,3.3627957708725242,4.3761046624654325,0.3214307513886346,4555.758414766977,3156.1537862390787,0.8545690646612559,0.03643637324177107,1.4828359447815083,3.884639861483183,0.8614221005772484,0.05488103194071062,0.019301064613969937,0.23032944052422247,0.06499816740998758,0.1158134912032985,0.2624707078006803,0.1340674651523893,0.1698328005674627,0.37027943915432676,0.002225849566674624,0.0031757540950018127,0.06767365205043813,0.050398052381882844
M,数据集/数据集/目标域数据集/M.mat,11,target_32k,600.0,10.129912582805593,44.11635744075093,-0.022688645861470663,3.3362319206330584,4.347182573819347,0.32460477324055426,4568.172229835308,3177.9928076872184,0.8565903033628885,0.03538544870815332,1.4640279633704862,3.8616282066319467,0.8635510526358328,0.045560545921410844,0.018919007135913997,0.22726538274513242,0.06614008093341749,0.13119627037552012,0.26271682007668395,0.12553020272844398,0.16973086584871977,0.36653623155731013,0.0029613959001074477,0.0036730271753693654,0.05634217793186768,0.046541126867136295
M,数据集/数据集/目标域数据集/M.mat,12,target_32k,600.0,10.113819299948116,42.96986963185265,-0.0485842003759753,3.319932056317533,4.227467561716247,0.32527620093999876,4591.35870872193,3183.729165673859,0.8525842582561126,0.033420946447128314,1.4606608654498578,3.8056072143542123,0.8693315721239685,0.040084933393846264,0.019234380672806854,0.2114443154793593,0.06512176866906597,0.13007129299721684,0.2604564357731695,0.13123587530488748,0.17687423834236224,0.36908462231096817,0.0032742683419461614,0.0038881078417083493,0.05164925823475946,0.040248380142108624
M,数据集/数据集/目标域数据集/M.mat,13,target_32k,600.0,10.003084749257205,42.97671058081171,-0.07427240127348798,3.3295466626951598,4.281055817974174,0.32698528962949397,4629.032708563921,3226.700102759439,0.8590346184795736,0.03253770105556587,1.4761604500967567,3.887658908382071,0.8672937946194185,0.04801571094193402,0.020890088458186157,0.22083336865668457,0.0638190799015664,0.12568001499651524,0.26252610263896314,0.13439525643073,0.17524713254397975,0.3682214535090033,0.003195723856837649,0.0039689189904473674,0.059646115244060834,0.042194783137615606
M,数据集/数据集/目标域数据集/M.mat,14,target_32k,600.0,9.841520274847753,41.3790800644022,-0.045620035115961986,3.3489945257616855,4.209656752259468,0.3299151559543429,4590.472550164653,3233.22052956756,0.8625482959819516,0.032618997070427064,1.4868410255727686,3.8618350057504562,0.8675257408421253,0.049658126881866105,0.02319797959502895,0.2187791119315396,0.06424851081439699,0.12685658987054763,0.26380815953762377,0.13444436316456823,0.1686866919478258,0.3603460402279466,0.00337864660655704,0.0046204428574605745,0.061894225901590494,0.039948919460046244
M,数据集/数据集/目标域数据集/M.mat,15,target_32k,600.0,9.94542785459632,41.35457714938483,-0.039469785388931616,3.2980362449041603,4.159771701282823,0.32747360068363546,4570.11199566716,3221.41589182655,0.8540056033178628,0.040458516302298686,1.476855322386677,3.7216447548336875,0.8692479099078816,0.04560719505761166,0.020872869045093494,0.2140681491392031,0.06383614657352789,0.12921653926348284,0.2741717065670759,0.12582292403494388,0.17396257479480906,0.35690028573347793,0.0046194022322733775,0.006306090516345329,0.05797755016327857,0.03472276154389719
M,数据集/数据集/目标域数据集/M.mat,16,target_32k,600.0,9.97250874306091,43.45492168819021,-0.05323364605985417,3.271864650229284,4.347860841976731,0.32320087895989746,4516.331955120638,3188.4769118067843,0.8546684268988314,0.03647988455065701,1.4700498796069918,3.6313736299267103,0.8660747293919767,0.052423999093299554,0.020416360331723542,0.22163576750725822,0.06678197069485364,0.13098425596235302,0.2759300999058114,0.11756303943225417,0.17578123866266496,0.35959319884497093,0.004297468487234577,0.005038406086742391,0.06401021546326074,0.03911271746303719
M,数据集/数据集/目标域数据集/M.mat,17,target_32k,600.0,10.018720720999188,44.48731538913844,-0.048017237299860925,3.3222909033555212,4.430480962030095,0.3225904901422206,4464.8784243174305,3152.4980053066233,0.858592826357269,0.03403824712443292,1.4756442478480836,3.6607122883420122,0.8614221325111826,0.05543385179215896,0.019615885385158353,0.23200893077120774,0.06704600956114146,0.1316177633960787,0.2719069609998998,0.12794766953689518,0.1732844504961291,0.35884040350022156,0.00586138414987717,0.004583391502454284,0.06728154891428294,0.04148698624419966
M,数据集/数据集/目标域数据集/M.mat,18,target_32k,600.0,9.937218501446806,44.457979339149446,-0.0662643827776897,3.33008356149107,4.469358911912793,0.32405542330464504,4504.787052538253,3172.879460945012,0.858421718667836,0.03479947566847123,1.4778122010730943,3.822467798966726,0.8655204807849176,0.05006960488306882,0.020711038606443057,0.22430812738305514,0.06498937564639319,0.12884813249126742,0.2707657862243315,0.1289464465514561,0.17771033926890156,0.35871904874534116,0.0058126784388068025,0.005962111681881559,0.06140441874250347,0.04150732754045032
M,数据集/数据集/目标域数据集/M.mat,19,target_32k,600.0,9.885902717651906,45.1469543562156,-0.0803506202187858,3.3487190011667876,4.576463412369165,0.3286333394372215,4574.156437032696,3189.020872569613,0.8555855219749557,0.03400281130788075,1.4775237677661899,4.060822155341701,0.8673196851553479,0.048434484904281816,0.02029042640696032,0.22245042274245555,0.0618513861160642,0.12713947627548008,0.2685160730727424,0.12852412481423298,0.1723415003437098,0.36603884046074026,0.005905687516305264,0.0036817105807007418,0.057030889188944583,0.042983417293299866
M,数据集/数据集/目标域数据集/M.mat,20,target_32k,600.0,9.980953115744523,45.16843042081714,-0.07337345282115061,3.263346205936817,4.539001929888231,0.32356711225050355,4584.897569566249,3191.2018924921535,0.8562999586785792,0.03506806252291485,1.45751983162176,3.8474836748060564,0.8656852972183352,0.04655067172064674,0.020369205986392698,0.23022790049134817,0.05995388003475565,0.12826553418566616,0.26587655172067276,0.12920145977332376,0.1680196617186428,0.3739607783433637,0.006329660156987781,0.002873106879289477,0.054724156793911675,0.04520623902685816
M,数据集/数据集/目标域数据集/M.mat,21,target_32k,600.0,9.953798575848577,44.39823755193444,-0.08884496041654198,3.306368083546382,4.480588878503454,0.3220411402063114,4544.32523322582,3169.720502741599,0.8544124717727617,0.03503053635404931,1.4576398164787563,3.773909707993499,0.8659753734940083,0.04690200294979759,0.019274250720160573,0.22443960141915098,0.060955655465863214,0.1257562532138927,0.26874586843360104,0.13198500091492957,0.17180391332423378,0.3657159193932643,0.004274627613975583,0.004270165853781793,0.05800976069162842,0.03967235495192829
M,数据集/数据集/目标域数据集/M.mat,22,target_32k,600.0,10.062028904369837,44.421395337073264,-0.07675314685185648,3.3391266984342165,4.429023105313164,0.3249099676493927,4530.923948351172,3181.5600528519544,0.8567134417118717,0.03521211914874202,1.470821909465212,3.7947892842399473,0.8679594365136746,0.046438161837412215,0.02085470224881876,0.22337365471558326,0.06387643644655387,0.1238667698322127,0.2661431267822252,0.13458345070213482,0.17722942843108536,0.3588206527796803,0.006460725162301693,0.007182942223062726,0.05990960821355945,0.042185165884678556
M,数据集/数据集/目标域数据集/M.mat,23,target_32k,600.0,10.084794977382817,46.904834883231736,-0.061973832018517916,3.2405373946639946,4.6616415676954945,0.32136971250686686,4487.250854374771,3162.4527106779083,0.8578043250361085,0.035750068670817016,1.456986323796932,3.7072771405964975,0.8749774296480193,0.043227971005798234,0.022693500124870786,0.20370927977685527,0.06773062236472822,0.12150842024010054,0.25707774057517246,0.13897779138213487,0.18481766924840348,0.3651803069513922,0.0058387147800225865,0.004943908141582225,0.053454444938424314,0.04247032702075592
M,数据集/数据集/目标域数据集/M.mat,24,target_32k,600.0,9.916722108322041,46.90680022985404,-0.05152060316298416,3.2129725343926623,4.738631789378,0.3206372459256546,4480.031554303621,3184.748884451238,0.8571224865992741,0.03441174261918231,1.4430501768860828,3.7862576382475983,0.8722313321561527,0.0454821299129124,0.023164551273043146,0.20610075531008806,0.06684728881423535,0.12408496286101511,0.26133253982060695,0.13641904566267152,0.18017956010239133,0.35985740833854707,0.004164486944531841,0.005461547254882207,0.054686023863248494,0.04102692310526971
M,数据集/数据集/目标域数据集/M.mat,25,target_32k,600.0,9.82693769211634,44.135201110686175,-0.04193253593121699,3.1945350074950802,4.479115388542894,0.32100347921626077,4406.353638675552,3149.0700292901993,0.8554743974329652,0.03426634379544458,1.455396260361465,3.6442307502904456,0.8694672974243868,0.049903856509862794,0.02472743665729905,0.2218503861648112,0.06516438517855054,0.11293608698782721,0.270389406808168,0.12674841470016654,0.17957631182627679,0.3547654090204381,0.004999064807957405,0.003890656964877344,0.06032223168910489,0.038384695261538766
M,数据集/数据集/目标域数据集/M.mat,26,target_32k,600.0,9.904633464580643,42.61750477926605,-0.0497720216798745,3.236304198866207,4.287379766033012,0.3212476347433315,4496.4152628874,3164.995371250592,0.8551139644876594,0.03734557133299524,1.4567930147904173,3.6942597591331983,0.8714849441574797,0.04331321253946707,0.02383216324635821,0.22041603209911637,0.06212047980998105,0.11535448224568887,0.2590727112443527,0.1272895694971881,0.17978270805567168,0.3655495620951004,0.005114100588359329,0.004796510522081783,0.05660454538513701,0.036540115506726624
M,数据集/数据集/目标域数据集/M.mat,27,target_32k,600.0,9.977408986131252,45.33192468809481,-0.038233614199992175,3.2784602079003506,4.534528763601469,0.3216749069157053,4461.579651464571,3153.5781239384883,0.8527264030267897,0.03422295493572412,1.4665701432053,3.7162895576463595,0.8648496443666378,0.0514969298950036,0.02514530537820024,0.22141699520851255,0.06380760521795278,0.12844108503948476,0.26443881457420665,0.1328924683182732,0.17916944672229013,0.36619297978691573,0.0022751937440479916,0.004767158397900037,0.0667816706782167,0.03996329716435902
M,数据集/数据集/目标域数据集/M.mat,28,target_32k,600.0,9.992354839554253,47.99721871775891,-0.03468484940370242,3.2712375825622484,4.791643660413025,0.31978270158090705,4465.5694649543575,3149.2431807427783,0.8562565519230015,0.03654429489309435,1.4636063116935716,3.7321344690413856,0.8660929756324617,0.051768338613876315,0.024471245915486797,0.20853069532260546,0.06272578887714106,0.1275014632084221,0.26759874386574006,0.14523879831579495,0.18537977240825715,0.36348991055058943,0.001973876316326216,0.00345142837118571,0.06256444601820821,0.039912896867857005
M,数据集/数据集/目标域数据集/M.mat,29,target_32k,600.0,9.863059812947489,48.00140998522795,-0.05998236234788603,3.2247020990198942,4.850180070846278,0.31728010742843193,4432.859402960363,3176.0191846502703,0.8509803324645109,0.03939782745003606,1.4507055398995687,3.7008388101734004,0.8720414455322635,0.0455403831057644,0.025283121948783974,0.2032772561988516,0.0650793149914077,0.12449971082811422,0.2806337161321186,0.1447477733541941,0.18208541612605414,0.3502456380194399,0.0025612465610173807,0.003438511876530669,0.05370496739861681,0.038625700374001815
N,数据集/数据集/目标域数据集/N.mat,0,target_32k,600.0,9.176082090334774,137.99565834693627,-0.2780879655489939,34.972398590997635,15.036853738361886,0.3994384422877373,9164.21474216305,4228.478079285018,0.9197073449536924,0.016624939864670393,1.9813134683576836,64.76598556021978,0.7511404890544192,0.07693059533338142,0.0029877299395797995,0.5020718066259956,0.0030180212905740467,0.1350158071040988,0.07308402171925706,0.11637588649147462,0.09641382498134177,0.18566163203004638,0.03470594161531704,0.0191021505849908,0.12100620629776448,0.120771559621162
N,数据集/数据集/目标域数据集/N.mat,1,target_32k,600.0,8.631647420362773,130.12123534490075,-0.2761857750797312,25.52687627656278,15.07620718878115,0.40889946896172863,8759.45888330007,4250.7915705737405,0.9265821809349304,0.018684468025302645,1.836049728096257,54.31770431453537,0.793941204633304,0.05544796707925418,0.0032945884062968024,0.39677983051083954,0.0034807749642166573,0.15850450438527836,0.0774766484084636,0.14207922772856502,0.12321424056252925,0.2176629147588445,0.01771254562432717,0.01486029642113304,0.08870687769888873,0.09291879386107126
N,数据集/数据集/目标域数据集/N.mat,2,target_32k,600.0,9.303309418509038,150.20196352173082,-0.07853541941435704,26.56658405485884,16.141123226296784,0.4142098516755173,8742.061986719746,4198.5440427053045,0.9267077763409682,0.017579647414332,1.932498505384437,53.67660949691688,0.7746079684552483,0.06706563657026407,0.0027008495432705036,0.44487573584168777,0.0037326577894887547,0.14549662488340842,0.07682078587814341,0.1132976581009003,0.10561822030745636,0.20614084041844372,0.0335947888550451,0.020314485726569645,0.10808519180016973,0.11317287919462027
N,数据集/数据集/目标域数据集/N.mat,3,target_32k,600.0,9.108582747752372,150.2114542886955,-0.013491143635285432,26.05330077875279,16.48183280303468,0.41268387963132513,8578.534885556368,4268.950952002502,0.9191386457410337,0.019588025410154516,1.9215303296700301,55.079030007378265,0.787848384286134,0.06286914125197735,0.0032648475866535677,0.41531196944428,0.004064888704816395,0.1401248493897631,0.08658432316661609,0.14281730787069538,0.10772142638441813,0.20722428668676157,0.02525853925753845,0.022373989939699968,0.10636074877647736,0.11412075653946638
N,数据集/数据集/目标域数据集/N.mat,4,target_32k,600.0,9.458614044598797,152.63461594142063,-0.275716214345391,39.49023982019289,16.140457507434537,0.41170725752304216,9196.84539821364,4123.684146623384,0.924022636103706,0.015463978006858909,2.0151089768965904,72.15779582380505,0.7550113283102894,0.07292068724675121,0.0027114835392120446,0.488955042726059,0.0030500010769501044,0.1402325096032471,0.06624495897101795,0.12019717363854025,0.1103318179521339,0.19306497029829142,0.02573380013527849,0.014847706583659826,0.12759150072008485,0.11572686354393182
N,数据集/数据集/目标域数据集/N.mat,5,target_32k,600.0,9.68596592690946,152.63686011026613,-0.19542483570233105,37.43660387683923,15.761366303368819,0.4125618018677898,9255.295149072594,4033.168867103411,0.9212767566382132,0.014907554999718789,2.028547346016789,67.6549759007553,0.7522064204631548,0.07230777587971346,0.0026760718746947627,0.4885365316576781,0.0029382892214210895,0.1470255886254647,0.06056270429571111,0.11409015300454617,0.11260990286182161,0.19506834837986448,0.030663721237908913,0.016189716530048606,0.12438266664187822,0.11448788304116055
N,数据集/数据集/目标域数据集/N.mat,6,target_32k,600.0,8.630822735050389,112.61580511192982,-0.2129251754569195,19.887397575386338,13.052613385075318,0.41231764634071905,8815.455457133905,4244.619573299024,0.9199953214991557,0.020467060361196245,1.83940565586494,42.147971378943154,0.7928043129298937,0.057632612766533135,0.0033177558503627983,0.39689923778086483,0.0035622877389316137,0.15601633539432694,0.0725636943660218,0.1516853847466487,0.12010769773199204,0.20946808569183248,0.014654797674366468,0.02143710747420894,0.09855560234136045,0.09616121896086913
N,数据集/数据集/目标域数据集/N.mat,7,target_32k,600.0,10.06753073510543,149.59992187110564,-0.04291377165043802,36.14078773742214,14.858628463669023,0.4153695904291033,9377.474112952965,4098.974766972186,0.9171458427147591,0.015585096269308865,2.1437949756660717,62.42596022430168,0.7460233973650863,0.08273404445305954,0.0027532009800495948,0.5112275469409822,0.004644016493895662,0.12363239089765272,0.057182348945874185,0.11072961215631062,0.09670145184390483,0.1773545954018192,0.02995184167059416,0.020375317055738647,0.13382385507310157,0.1219343340618625
N,数据集/数据集/目标域数据集/N.mat,8,target_32k,600.0,9.81511359718672,149.5972577548931,-0.013573638145622605,36.12498118184967,15.24037060150206,0.41573582371970946,9116.252774914188,4108.345878089972,0.9208440867749951,0.016645544072622826,2.0852540457365567,67.74154674087858,0.7544322854285233,0.08156776398513432,0.003037723021632894,0.48838258114646554,0.004742717950706764,0.12222282257560033,0.06015562987605005,0.1115709043074824,0.10715999818622898,0.1918052642299741,0.028385430822073,0.014239004604661425,0.12313632402313025,0.11705875152344933
N,数据集/数据集/目标域数据集/N.mat,9,target_32k,600.0,8.220859327433914,136.40295817278883,-0.3357438645516949,19.335334996989967,16.58725164585862,0.41121894646890067,8361.719463017458,4237.6590964184325,0.9266229353196814,0.02052388318800197,1.763213872522309,47.644227455105906,0.8083811481840792,0.051934779219421946,0.0038004175583388946,0.3532121527867053,0.003970485539241263,0.15253000075901577,0.08321937411385373,0.15107939007422214,0.1373477511912748,0.23756917538192823,0.01397415754598961,0.008643943477492888,0.0760050673549233,0.09026491387360036
N,数据集/数据集/目标域数据集/N.mat,10,target_32k,600.0,9.424978482667736,136.40505517268815,0.010113059196100243,30.383698441355218,14.465555100828077,0.40999816883354695,9021.450147824267,4020.5265977760705,0.9245525809376169,0.015868317465541956,1.957872976684633,59.00535604248001,0.7589466135241332,0.07094005823313143,0.0027020545260215733,0.4696949304641617,0.0029519609251163377,0.1458651410271533,0.06409759300585124,0.10749433142428795,0.12713072467382527,0.19377217957775714,0.027151710786748863,0.016387325105609703,0.11035457741768503,0.11960896197094081
N,数据集/数据集/目标域数据集/N.mat,11,target_32k,600.0,9.352498646513244,134.06555291846402,0.06713031384059799,29.651459643886,14.341369120646805,0.409021546725264,8974.377294850588,4006.9169765404695,0.9247184598281577,0.014647545916444387,1.9483211548243646,58.20576819656882,0.7612695903235063,0.07136537509755438,0.0026832042739798447,0.47017184423928005,0.0030054493207218357,0.13843090851103043,0.06654133930791102,0.11130130045459553,0.1327122567351735,0.18803079696456812,0.025740356169868125,0.018106639403165297,0.11213368726709254,0.11889396006715311
N,数据集/数据集/目标域数据集/N.mat,12,target_32k,600.0,8.940995453179772,121.93113221275061,-0.2393451543308541,25.064507803374717,13.638948073427947,0.41140206311420374,8643.931309500915,4266.22267003769,0.927213324205876,0.01853810332581776,1.8902089480679025,51.5259307940998,0.8021696998841593,0.055560614576749254,0.003767881759261069,0.3935485702799099,0.003634849217222516,0.15171696562437129,0.08075878662158315,0.13408645289813992,0.13437736032474498,0.2159957194902697,0.015876617971486304,0.01591419607612567,0.09067848880267579,0.08750510722353133
N,数据集/数据集/目标域数据集/N.mat,13,target_32k,600.0,9.666663975818144,149.34718487746122,-0.06599438414087895,28.64940587449898,15.446056536837657,0.4181773789904169,9320.811670898105,4177.554480006478,0.9253029793443305,0.015821339869795087,2.026741428002179,51.220197827193964,0.7753390338617211,0.05850708730657626,0.0028033663606389543,0.44813503423971707,0.00295621558588734,0.15534140853497647,0.0641312207151585,0.12605351364250095,0.11407175230604566,0.1915422640186276,0.02050131282159531,0.01999357635678674,0.10004784666856104,0.09361094303163998
N,数据集/数据集/目标域数据集/N.mat,14,target_32k,600.0,9.2159058101274,149.34968674665,0.05709438384601421,26.931250900071717,16.20728213798891,0.4167734847097601,9106.117049676554,4175.649846319217,0.9273669935284287,0.015501631010881343,1.9468451456056544,50.785542916817974,0.7835809059239516,0.061256192616792014,0.002878988972203758,0.4153819313038422,0.003487599820683626,0.14589764117817533,0.06804559680886596,0.1403880345685278,0.1271078698736466,0.19488575897797275,0.021779129901070126,0.01359978654270518,0.09492614739679432,0.09064193696766576
N,数据集/数据集/目标域数据集/N.mat,15,target_32k,600.0,8.263646635029252,111.93914176821616,-0.11754180692957582,19.732264312079224,13.545277618689374,0.4139656961484466,8697.507700795017,4300.887195290949,0.924362452602479,0.017250374082073854,1.7953419907346146,42.93448026750171,0.8057168697625932,0.054538831816803,0.00323588169181319,0.367615302820313,0.004144564724411316,0.14762276471055885,0.08231292863017374,0.16820304315245888,0.12753539834677163,0.2108531614621576,0.014484232347038127,0.010964093758667,0.08290006620122622,0.0865338162172787
N,数据集/数据集/目标域数据集/N.mat,16,target_32k,600.0,9.112772629934476,152.2346670110298,-0.19279811488640694,33.663047106815824,16.702943933784322,0.41500335713849723,8995.570465153669,4061.5695967570928,0.927538299576074,0.013957550367530732,1.9513975731677775,68.25028097047253,0.7659457255397851,0.064116248915455,0.002663566029700538,0.4395431530920257,0.0034056397076816522,0.1704051152460285,0.06825330639671791,0.1319887997364081,0.10946990840605511,0.1964086056198584,0.028365716020388933,0.016223611298747404,0.10059624711994002,0.10339750268671039
N,数据集/数据集/目标域数据集/N.mat,17,target_32k,600.0,9.295228004965695,152.2367519408026,-0.11145110148083463,33.52054565469699,16.37098850515638,0.4125007629860221,8893.155475280972,4025.801823173623,0.9290480634031091,0.015782571282111496,1.967361711395424,66.35966795426442,0.7677535153166487,0.06361295107305878,0.002699869933823878,0.4316288067783469,0.0030175822244115904,0.16335309937698625,0.0647156317823736,0.13186733313020213,0.12214960525381753,0.1960993576881276,0.03123757902857739,0.015715992392309027,0.09856691235651742,0.10305491511492983
N,数据集/数据集/目标域数据集/N.mat,18,target_32k,600.0,8.441169023731533,127.35207094713441,-0.2369326813237817,20.137785369157648,15.085253678054471,0.4116462186412745,8323.474190334931,4186.844710750466,0.9313823453628178,0.019937976479685694,1.8198902693910615,46.55229231041413,0.8095631507930652,0.056355828659760486,0.0038408063970454434,0.36690920493023477,0.004464744666985236,0.12814894146496947,0.08171086120472842,0.15148061386369122,0.145547746373902,0.2176902355727391,0.020727508025349346,0.014680427806560425,0.08706286213523014,0.09297027924051098
N,数据集/数据集/目标域数据集/N.mat,19,target_32k,600.0,10.427605116236624,174.52723119407244,0.22406408987576606,48.594956462789625,16.73226884831838,0.41762802905450774,9382.435262875448,4087.3879464107536,0.9193584678683322,0.013480232250670507,2.204031982800568,77.47274040670263,0.7458054038376313,0.0706778933602365,0.0037457918126440276,0.5106141314718385,0.004252414489298377,0.14514017966692352,0.059218413187368084,0.11167071442529738,0.08514032679421746,0.19044887068869873,0.032059845316741,0.01721621284758107,0.10968558978605768,0.11267659257226945
N,数据集/数据集/目标域数据集/N.mat,20,target_32k,600.0,10.34825639836035,174.53637090771963,0.2415922172371082,49.493481577611846,16.861961690426043,0.4147592016114265,9442.654595573344,4044.4267290817047,0.9184503497169489,0.010636327615641046,2.1527031306600657,80.3191582366013,0.7456156491374858,0.07077910372577115,0.0035672860775619944,0.5038403591279915,0.003661295748385778,0.14545469620136064,0.05675366189440773,0.11683346021736576,0.09082688664302874,0.1966596073610267,0.031489029306750925,0.015308534663038184,0.10765051204565212,0.11043943549768914
N,数据集/数据集/目标域数据集/N.mat,21,target_32k,600.0,9.146030769914837,129.8821927724686,-0.33602400079147615,27.18118958038145,14.200834441837928,0.40999816883354695,8406.4660606111,4181.679789910378,0.9321761220350883,0.019094162587377884,1.9264793318759588,56.375192785412544,0.8026934448400828,0.057869860507468014,0.0036959913795675836,0.38116420951023805,0.003767825851798028,0.14442743332994293,0.08109990218881347,0.14052168800853024,0.13961594284031845,0.22960431281915147,0.0205073255014646,0.01611712647242046,0.08779254932620963,0.0822920491176161
N,数据集/数据集/目标域数据集/N.mat,22,target_32k,600.0,10.156041170294504,165.79289661124142,-0.4456355896407286,35.3525803294855,16.32523161871708,0.41482024049319416,9363.386608593806,3935.428510159309,0.9207476288405043,0.015230163390502796,2.1327230144217895,60.552673199971224,0.7400786653588133,0.07256389427620508,0.002169457970753055,0.5131007878441532,0.0025463628505558826,0.14936871260542428,0.0552867683088861,0.0970167041194339,0.09728661661402471,0.17731409340362844,0.028162596197261885,0.02232851202419527,0.11833448986475475,0.1199235820377615
N,数据集/数据集/目标域数据集/N.mat,23,target_32k,600.0,9.40942087879916,165.78381698867827,-0.5354915555358155,33.05427320972395,17.615621791461404,0.41359946285784044,9071.355322549241,4053.040458039159,0.9262743655696188,0.015820064902986573,1.9695594432354984,67.17531179937497,0.7513885588030825,0.07476310226246526,0.002602460666184215,0.47370412909343723,0.0030138144183061016,0.15511618408853078,0.06536228965307232,0.11508690828909222,0.09787400981336603,0.19299189806288206,0.02303623552783817,0.014305634722197593,0.1090298049421119,0.11698370455459754
N,数据集/数据集/目标域数据集/N.mat,24,target_32k,600.0,8.603693780124084,112.381286682255,-0.27083567452648144,19.798687845111974,13.063021220928661,0.4075566135628395,8937.392272982292,4273.5995322085155,0.9140932973311323,0.019044645783416348,1.823882451539868,42.36674487348929,0.7909304532859036,0.04922470410911326,0.0034045977630330986,0.4099892915472272,0.0035312438259496397,0.17113405092474546,0.07683531215149324,0.14284767648033783,0.11060112573535305,0.19097818423064722,0.009513993643316851,0.021812641464502906,0.09024447753562465,0.09527508584410264
N,数据集/数据集/目标域数据集/N.mat,25,target_32k,600.0,9.731833940781373,160.34253977945448,0.12097560859438926,33.959435067633606,16.479097128907107,0.414270890557285,9471.211838366216,4050.104976296462,0.9218747557998324,0.014206540953014143,2.0273895883952515,60.30306114755134,0.7574497035229235,0.06475306176465496,0.0026279327309987675,0.48506503595837963,0.0038983913601470742,0.1479469688571477,0.059248627808809344,0.12744374733190134,0.09601318969849984,0.17689353475770445,0.024239860702304442,0.018563957283233953,0.10679822496318768,0.11640007406124518
N,数据集/数据集/目标域数据集/N.mat,26,target_32k,600.0,9.206169118759716,160.34654064734204,0.03150787762200266,36.62712258924462,17.422700068573345,0.4158579014832448,8938.168022334849,4142.249122091212,0.9330055313319906,0.014591645224988833,1.9570503551613487,71.68987319425828,0.7690321252195432,0.06939136640276805,0.002855290838636199,0.45536794266831104,0.004586082766220287,0.1245394790872222,0.06824025910252836,0.13454277887509666,0.11202653411187154,0.21206701726274405,0.030509578495082887,0.01131962740759143,0.10230204315040718,0.10858889263495056
N,数据集/数据集/目标域数据集/N.mat,27,target_32k,600.0,8.47125167841244,154.8300348934464,-0.5041658741519348,30.921140463420482,18.275371146118033,0.40999816883354695,8418.879405378473,4175.2591224444295,0.936674169499384,0.017485783684087593,1.8041549269405606,70.32952800536519,0.8084936724797813,0.04900049178755797,0.003991645255836584,0.3958447486684179,0.004434921299668731,0.1297606267213938,0.07642809295171762,0.1372633233204896,0.12467725654999007,0.25619180860802365,0.014941188288050628,0.020394922234894027,0.08798515576702833,0.08822796649872804
N,数据集/数据集/目标域数据集/N.mat,28,target_32k,600.0,9.311025831172508,154.80892266079314,-0.4960401468132738,32.45837451827861,16.62614484963158,0.4151254349020326,8745.266469900855,4139.426662569257,0.9364626832896784,0.014904045290940542,1.9288977869310273,64.08982524502643,0.7831296980047644,0.056983157736639534,0.003941421430472069,0.4454718839538871,0.004242805882217998,0.13517658454461695,0.07045867131437483,0.11920420290411571,0.11168989702811816,0.2375975318656575,0.02111453622153358,0.020325466818020502,0.09942559621167239,0.10209893346246465
N,数据集/数据集/目标域数据集/N.mat,29,target_32k,600.0,9.163619011554491,148.4165432430076,-0.2994228586806052,30.85833588465103,16.192996870779726,0.4151254349020326,8739.748154797162,4308.194238772406,0.9320756706485888,0.016938651929774975,1.9214582319518265,62.71346145773534,0.7926010343156841,0.05637262360395198,0.003755836017690162,0.43563431333713654,0.004744030061138786,0.13359349090134442,0.08151102600208243,0.11993864448808361,0.11394092511040148,0.21965665598774783,0.020107999927855932,0.015095615119147332,0.09080584617636943,0.09785479692466333
O,数据集/数据集/目标域数据集/O.mat,0,target_32k,600.0,1.5643408702298298,10.343862163700898,0.04285128047321856,4.891307808245177,6.616538261226574,0.33687358847585913,5232.301948392165,3684.6929292798163,0.9017105662078313,0.025553642033301988,1.5654282073821117,9.649511116059125,0.8720655885357222,0.04623778606081831,0.1420117711319116,0.3098810626834112,0.014006590557699478,0.05427477833141828,0.09312159611869915,0.11247951092467186,0.1785081456106635,0.3921039108289949,0.04623778606081831,0.04163726486028229,0.05553494549914927,0.05145385350467539
O,数据集/数据集/目标域数据集/O.mat,1,target_32k,600.0,1.4862834683251747,9.250474193742944,0.12711320753267952,4.246941638303146,6.23356884142436,0.33852163828358667,5019.598644839405,3597.263343853127,0.8962478317363074,0.022948193952702502,1.5398624788040085,6.763837494984175,0.8876319753963156,0.03957760937616811,0.1477132971065111,0.25662712619814665,0.014250791619282345,0.05740058616435534,0.10189159810899047,0.11125857018191355,0.19597210706936483,0.4004243441128588,0.03957760937616811,0.020086695853843085,0.04611769689524697,0.07271419833734938
O,数据集/数据集/目标域数据集/O.mat,2,target_32k,600.0,1.475282090438178,9.24706889008246,0.1000048927849004,4.2888155164191515,6.27677631393023,0.3443203320515168,5050.938010086519,3608.25104724436,0.9025253839443242,0.021821402024662487,1.5335713763486645,6.859428224727116,0.8919104384319929,0.03776174121194335,0.13986633580557886,0.24848527354670372,0.016473959210963826,0.0644919507357913,0.09631435187877799,0.11205492801458189,0.19005005969019192,0.3921478716888337,0.03776174121194335,0.018328587905047145,0.04168107662549876,0.0689605239587359
O,数据集/数据集/目标域数据集/O.mat,3,target_32k,600.0,1.4074081875378484,7.724396574700706,-0.05331574512447466,3.68401422897708,5.493164197704923,0.3438320209973753,4942.24934470144,3672.521128586431,0.9073734892931767,0.023700856484316385,1.4922294150595519,5.016848066392734,0.9109121477988991,0.020370902007428682,0.15043108396146174,0.20767445987005462,0.01734504101679505,0.06582995986813302,0.10301225824511107,0.12205140048896104,0.19971476182601977,0.36318527264275186,0.017367904293909147,0.012536586746840791,0.048547654505976146,0.05132895834127967
O,数据集/数据集/目标域数据集/O.mat,4,target_32k,600.0,1.4165743996763966,7.551025599859784,-0.07567187616773632,3.684685621360919,5.336477861099651,0.33241775010681807,4742.685535036151,3742.6331392244165,0.8983256636552153,0.026326343842058637,1.4939177154511611,5.033140200638455,0.9135083869467646,0.022707933279215085,0.17570875420522303,0.20820498025861137,0.015396310293161916,0.05450107521166676,0.11756454422209796,0.1246113044337941,0.20428072814209525,0.3350611361881175,0.022707933279215085,0.013253784943425207,0.04493529175259772,0.04526425761770012
O,数据集/数据集/目标域数据集/O.mat,5,target_32k,600.0,1.4462218568189826,7.42748546516179,-0.004871676105760733,3.7088544440424243,5.132429270052932,0.3359580052493438,4845.317803559294,3785.3934899800247,0.9019670209888125,0.029098938449540472,1.4958899383039777,5.01255237317847,0.9147446713736762,0.02310441175362732,0.17622131273726635,0.20520386403047478,0.01449897521848723,0.05552464973335561,0.10900926743073328,0.11904481452193752,0.21053664902376312,0.33107553096946374,0.02310441175362732,0.01699300856634622,0.04407306379010985,0.037622675331645365
O,数据集/数据集/目标域数据集/O.mat,6,target_32k,600.0,1.5076119812753848,7.607366187065357,0.021990172302027756,3.8712862743873635,5.046400512225615,0.34468656534212294,4979.990869824593,3720.998544557003,0.9069220270862978,0.025300190862925915,1.5264577971653706,5.249172575095507,0.9003588236083238,0.026995091698261052,0.1537712243807216,0.2402541432221098,0.016366853130440482,0.060263122937529,0.11033253882632647,0.11248788039556075,0.199367778623517,0.35435844833283775,0.0192402727701073,0.017555945200976343,0.05495916236423083,0.05986051810405461
O,数据集/数据集/目标域数据集/O.mat,7,target_32k,600.0,1.5016505148078703,8.378398284775704,-0.010180314149490399,3.900217943495169,5.582850931310702,0.34248916559848624,5019.280109097275,3661.9231380618276,0.9037312968267343,0.021130592154106505,1.5180216384083116,5.34028854291867,0.8909189104821866,0.028481884428654954,0.15325382597590506,0.2573941606773432,0.014248995517244624,0.055760232226504135,0.09933251093727968,0.1062771848792735,0.20037768996120575,0.37165616938268653,0.024648877570112238,0.02466229532070006,0.056873551226417934,0.0677723377099203
O,数据集/数据集/目标域数据集/O.mat,8,target_32k,600.0,1.4440716026371578,8.3773089829804,0.02810183775432726,3.791600873365016,5.791328604861265,0.3435268265885369,4946.124593727569,3705.340216994454,0.9049828728207325,0.021339066158184764,1.5041086100135308,5.371428607038368,0.9090903080068999,0.025005847077865077,0.1489431130467246,0.21592397512828215,0.015627752624546267,0.06213064002004471,0.1096553766471413,0.11436334293089645,0.19940453871514038,0.3496725905247871,0.025005847077865077,0.0201082333105736,0.04032138801948215,0.04967939932645664
O,数据集/数据集/目标域数据集/O.mat,9,target_32k,600.0,1.4296937899363786,8.023310790140801,0.011374806856393105,3.6535887302422454,5.611069626340533,0.34297747665262773,5009.304094460694,3658.5115256932845,0.9136017775198544,0.01846615276680217,1.4864096507183924,5.019328363987665,0.9111833940197326,0.027132004538241928,0.13620081484231827,0.20418947110045116,0.016745613115232306,0.07134447774877672,0.10753987202661469,0.12463132933447531,0.19747791322830321,0.35434288905757527,0.027132004538241928,0.018404890690481124,0.030533420745429647,0.04493898708021491
O,数据集/数据集/目标域数据集/O.mat,10,target_32k,600.0,1.4533562441047834,7.464102462464072,-0.01643209332465495,3.6699916381629136,5.14482028695336,0.3309528169443936,4879.975566728474,3693.450713597916,0.903537297185834,0.03062873201207776,1.483406892912092,4.89062913976161,0.9159353580151285,0.018575475856682136,0.15307374871128418,0.20099133831363447,0.01719793218017481,0.06308889728413282,0.1166394220301789,0.1193552482977243,0.19872163288780534,0.351732981092357,0.014929430007282364,0.012376556243844325,0.03205525084908281,0.04925105843439667
O,数据集/数据集/目标域数据集/O.mat,11,target_32k,600.0,1.4289268928123497,7.4626615918648795,0.03121321924543109,3.7125969744004066,5.217677475564291,0.32668009522065555,4818.362664047324,3748.2922384601734,0.9020042361360968,0.029790492780877784,1.4933244343730288,4.987226153013682,0.9144894407552078,0.01680585519867426,0.17105622556900077,0.21194626124108024,0.01701462373216838,0.05642945299953389,0.11308693161798244,0.1233529880710088,0.18969986013832987,0.3404332434195352,0.013785064829774752,0.012316101279444448,0.04362418239911756,0.053034148316859674
O,数据集/数据集/目标域数据集/O.mat,12,target_32k,600.0,1.4386479648007473,7.313387375272927,0.029711253791930143,3.6005334738010393,5.072540834358101,0.33852163828358667,4934.305927875415,3748.5187805764067,0.9081532709110915,0.023926316903199733,1.481319542569192,4.648162782952528,0.9176090043835995,0.022010532105272814,0.15488564089172185,0.1989878895060211,0.017745187940064275,0.05893482899378799,0.114878054227995,0.1240299755160692,0.19138855461677512,0.34551222560487777,0.016717935372479887,0.011641741067637124,0.035196826822677205,0.048909590498323226
O,数据集/数据集/目标域数据集/O.mat,13,target_32k,600.0,1.4466660253948371,7.304255743560355,0.043276240461669675,3.69043412004855,5.037715388461841,0.34297747665262773,5004.047583034417,3683.341083904427,0.9100008705801457,0.020494945157316754,1.4990594347674921,4.794534073365732,0.9162015728890244,0.02325257408237135,0.1450762413524062,0.19596364456858276,0.01666916075404543,0.06437649009324826,0.10706615868770288,0.1286720165935472,0.1950711378091072,0.36467554361335847,0.02325257408237135,0.015731530968182212,0.02490262784184799,0.04589318801607076
O,数据集/数据集/目标域数据集/O.mat,14,target_32k,600.0,1.4598331018657025,7.4550863632198325,0.01253037662712859,3.937364623922042,5.109284645100679,0.3380333272294452,5064.758077029126,3568.0217957165223,0.9043572648986521,0.015929178163911862,1.5193128731722796,5.443151115518579,0.8926495240139949,0.029477511712193573,0.13373212688939806,0.259403466542977,0.013167231474931776,0.0652560693130794,0.10774610319669495,0.11678367164287005,0.18616308078069596,0.3939608749179051,0.029477511712193573,0.021838148223196553,0.0542584070745065,0.05877020819659302
O,数据集/数据集/目标域数据集/O.mat,15,target_32k,600.0,1.4542945366379278,7.438852611666428,0.016947480802558833,4.028819355499885,5.115421373869618,0.3444424098150522,5092.623717845337,3559.807166839371,0.9060954077272975,0.01955461720592993,1.5106698633019597,5.942511894262954,0.8914353792194869,0.030238883121295024,0.12534803985648915,0.2567909897329073,0.01553742863632698,0.06111158909368214,0.10570711784115273,0.11852291763997197,0.19215820361914562,0.3913458669487151,0.022131817175111063,0.02140308861485516,0.06578219986709376,0.0592218056172501
O,数据集/数据集/目标域数据集/O.mat,16,target_32k,600.0,1.4261353653801923,7.466943085693712,0.021989991396140825,3.8436654468665634,5.231869389580184,0.3388268326924251,4947.95945917588,3628.7527446401714,0.9066910308362919,0.029544807475854147,1.4871267932072982,5.921710216660699,0.9066571243943612,0.022934207710328603,0.14064022536077597,0.21444701998904697,0.01572185627296682,0.07055776620764412,0.10818436432352618,0.1227200830986527,0.20086488223434623,0.3594545886625413,0.022934207710328603,0.02242049480044796,0.04267946189596756,0.04825838160025229
O,数据集/数据集/目标域数据集/O.mat,17,target_32k,600.0,1.44145322245355,7.472691769140317,0.020084505418551512,3.7473831226948042,5.170376360040476,0.34151254349020327,5109.458014902639,3579.8869377691917,0.9137629385476036,0.024507309864743178,1.4946458091228185,5.543009103649003,0.8982227255611444,0.03285254694368074,0.11871590654095578,0.23981994215814664,0.01673861088989847,0.07311630756320749,0.10336456950159002,0.11321610363542138,0.1901319120201152,0.3818718597657435,0.03285254694368074,0.022882738770867633,0.03835164057566248,0.05714087933263407
O,数据集/数据集/目标域数据集/O.mat,18,target_32k,600.0,1.4182585798393001,7.291652049876277,0.07298566676166572,3.7981526245000903,5.154602176701237,0.3509125312824269,5184.932801073779,3622.21038085265,0.9115411332507729,0.018864104439180452,1.4989392851442631,5.328473196827653,0.9014827665933403,0.03019295489116456,0.12432626575287997,0.24023967795877776,0.017390993003728202,0.06213125581573488,0.09565636216922188,0.11165512150266044,0.18854247075755054,0.3976760095885029,0.03019295489116456,0.016149138911482334,0.04576159015761253,0.05681787983408166
O,数据集/数据集/目标域数据集/O.mat,19,target_32k,600.0,1.4189789743924053,7.292171757664295,0.032066117113634454,3.77116282228226,5.141866791790396,0.34761643166697187,5154.046100152312,3655.4338028387556,0.9083007726315276,0.016444007329126268,1.4932567768789409,4.782169382672513,0.9021966732971609,0.02658644280441756,0.12202893313612935,0.2414696963671956,0.014840206314337905,0.06141536502845542,0.11461412769353996,0.11338325035121505,0.19271189200604658,0.3903313893088118,0.02658644280441756,0.018161377887629566,0.046028462312948444,0.04964606899545063
O,数据集/数据集/目标域数据集/O.mat,20,target_32k,600.0,1.5136776581009033,8.210841233852035,0.035555235494684895,4.149578452993676,5.421765910120453,0.3455411096868705,5219.425744165417,3626.923947915582,0.9134547979320946,0.019123430068744438,1.5472458921341903,6.1209606053415335,0.8924523606098783,0.03079288775769469,0.11667811490898035,0.2537078519352259,0.015581742941990932,0.05707312494489051,0.10395457045592939,0.11388547759459404,0.19255113346269634,0.3817368093998992,0.03079288775769469,0.026973708466586612,0.061088677086901626,0.05274805220967137
O,数据集/数据集/目标域数据集/O.mat,21,target_32k,600.0,1.531904719250433,8.209932296070752,0.011750497186475074,4.097812450386655,5.35883245532092,0.3431605932979308,5117.718412784659,3590.1832949362756,0.9057877827404809,0.016776516651119584,1.5338060177424397,6.132691687092097,0.8933538269471829,0.033230443220765765,0.12767678402805072,0.24723214392232243,0.016242045151913583,0.06279903234584046,0.09897177127897477,0.11076868930253264,0.19281873397388755,0.38634777981739493,0.033230443220765765,0.026209735386007644,0.049100413047004667,0.059509115893561886
O,数据集/数据集/目标域数据集/O.mat,22,target_32k,600.0,1.4430265703781817,7.3049960325577326,-0.021903148101115773,3.7275477077687156,5.062192353059442,0.3373618995300006,4827.285660237286,3698.71835814328,0.9006140368014821,0.030060548750562018,1.4777493873653844,4.995333544787029,0.9056841434837809,0.03700173929765416,0.16407639603023094,0.2241066932827079,0.0174286257373302,0.05906507133727965,0.1060594140405249,0.11836568809157522,0.20882375985395973,0.3420003564948653,0.03700173929765416,0.02579434324404084,0.02851394821662258,0.04431583547840087
O,数据集/数据集/目标域数据集/O.mat,23,target_32k,600.0,1.4399435577306492,7.291867960432254,0.049873591717257464,3.649399748937678,5.0571499759864125,0.33455411096868704,4957.051261625953,3598.825474940193,0.908865407393413,0.022082446731561105,1.48780907409239,4.701359765159283,0.9083874793119423,0.03336113719312843,0.12777325008363968,0.20897572085674995,0.015168694967887553,0.06719931888058389,0.11811247397435483,0.11733694281967243,0.21252641662083202,0.3619015884511023,0.03336113719312843,0.022110676881176804,0.029270581767667277,0.04213880042181022
O,数据集/数据集/目标域数据集/O.mat,24,target_32k,600.0,1.4403091574793252,6.746392743033328,0.04613639481556174,3.5649704518195655,4.676413519130865,0.33498138314106085,4819.6245706411955,3617.036316285126,0.9022212980357356,0.029587806944206752,1.4889433109061077,4.385727199556137,0.9143045605693182,0.025090182277608352,0.15299783211673917,0.2026949967052243,0.01677090904264885,0.06592370679711398,0.10790207486886615,0.10450000951364032,0.214109786705691,0.36472116979445673,0.025090182277608352,0.012197890831996657,0.03781296775714907,0.04211329160032043
O,数据集/数据集/目标域数据集/O.mat,25,target_32k,600.0,1.4350209652870585,7.403239344921207,0.05615225854458683,3.8151365395266845,5.166430498487179,0.33839956052005127,4961.327985534023,3621.2699034705656,0.9069548456153563,0.018110775354643047,1.510078213486589,5.066813585699542,0.9058052606609394,0.024877434050906744,0.13903527390478618,0.22881909953908813,0.016156933254808555,0.05798515230888102,0.110899349790883,0.10913356685566494,0.21033827702446728,0.38289591237170867,0.024877434050906744,0.013980538185721933,0.04007337970065992,0.059945978230712
O,数据集/数据集/目标域数据集/O.mat,26,target_32k,600.0,1.4529118463964243,7.389654131398409,0.05420151652397333,3.812467563001758,5.094307389994633,0.34139046572666787,5069.225100099061,3621.4524096240903,0.9082252736710893,0.02185074236457919,1.5150367416014667,5.036038293866475,0.9031733707258439,0.028081679376688304,0.13581105310564942,0.23134804522696084,0.01661651832721027,0.06289791119194588,0.10136194336716749,0.12292226972357104,0.20202496119482816,0.38396604557765923,0.028081679376688304,0.01857994442936372,0.033771868784080436,0.05088051593048527
O,数据集/数据集/目标域数据集/O.mat,27,target_32k,600.0,1.474964102950793,6.852892043587842,0.0072427275374495345,3.5884090868221477,4.649975208068595,0.33949826039186964,4882.152276197918,3659.951354282171,0.9044796218391729,0.022144542820141968,1.4973008014080558,4.503543393929014,0.9105881336618473,0.020307540584394213,0.15633987824291884,0.2192055612739451,0.016946608249294445,0.06530949144182849,0.10915246902958861,0.10995129580138116,0.20347616917769173,0.3560875049255623,0.020307540584394213,0.012007858864734756,0.03681203981460288,0.04841826403280751
O,数据集/数据集/目标域数据集/O.mat,28,target_32k,600.0,1.4797859657328174,7.7145581749239565,0.020643088097399592,3.7033397485638795,5.213310265069963,0.33626319965818224,4749.663793510607,3666.713491523052,0.8959674870956215,0.03041969927467851,1.4980419747690663,4.709124646809018,0.9071914401423019,0.028527172620720027,0.17546263415650912,0.22004983719158794,0.01469651239103495,0.06745231971690561,0.11016748783106782,0.10650944409355577,0.20199095141919102,0.3546139591372084,0.028527172620720027,0.018823085340308195,0.0328141656377824,0.04988187468926198
O,数据集/数据集/目标域数据集/O.mat,29,target_32k,600.0,1.4737715632714914,7.701995896870728,-0.027711834043604732,3.68469696323857,5.222790384771595,0.3366294329487884,4872.005019853819,3682.147144229962,0.8971672593153608,0.02985067055017507,1.4939092382777825,4.652750372018418,0.9103991418920298,0.02824687911729197,0.16900000719184397,0.2070570152201977,0.013772822889152367,0.06806920722948599,0.10175690661145405,0.1131048155270433,0.2054611714507455,0.36485887842020537,0.02824687911729197,0.022141512040828933,0.03099257234526306,0.047169425244010056
P,数据集/数据集/目标域数据集/P.mat,0,target_32k,600.0,8.566587791075039,35.46794819223813,0.016827890812444072,3.1332978886594742,4.138780783250821,0.3718488677287432,5785.861733804155,1982.3921563705492,0.8673255746817448,0.010042104603245883,1.4340005136683793,3.4128880712698373,0.8496066362067741,0.011735750332914118,0.007109145535345266,0.18758318685804135,0.0041113067001071315,0.13811835867645272,0.029262917040563614,0.2334487929064699,0.27052553169942944,0.7356255716367258,0.0031163093991843334,0.008281013983523074,0.028139197432254095,0.03487741218420868
P,数据集/数据集/目标域数据集/P.mat,1,target_32k,600.0,8.501112848072854,35.472913145830454,0.03055701997214775,3.129616230690032,4.176769597563005,0.37068912897515716,5783.372748189573,1975.651910925284,0.867691579871435,0.011255347624205625,1.4438039407947625,3.3601697513163877,0.8494916383781317,0.011183713595589598,0.006817897445507783,0.19107992205992289,0.0037988933025002837,0.1291894111747177,0.031163536981424923,0.23336829335416945,0.2723211395213315,0.7341090243198128,0.005306771405069899,0.009380804215039713,0.02436576657049183,0.04369948052461584
P,数据集/数据集/目标域数据集/P.mat,2,target_32k,600.0,8.334986561964284,34.533541286089296,0.009849573038407609,3.1400718008451904,4.147304218691372,0.36946835133980344,5739.793550587035,1978.9512905641946,0.867434062946626,0.012560938152581603,1.4603311396164895,3.3761862564274456,0.8515203130986729,0.011813243537186229,0.007701451198104247,0.18576575112238025,0.003543357998410509,0.13185857250796232,0.031235148812293317,0.23349120181826502,0.27002500339627367,0.730612986984893,0.0059458513052906455,0.007988402181501878,0.026472633690014246,0.04354243719956155
P,数据集/数据集/目标域数据集/P.mat,3,target_32k,600.0,8.422091845731918,35.10611160163361,0.0009535942786690744,3.063929962773694,4.16246883325825,0.37209302325581395,5755.421946526094,1991.3869640061848,0.8668109893671628,0.011598769572702831,1.4299139364518654,3.2676440730145258,0.853849641077118,0.012150233004656152,0.00675155102179277,0.1727649939695177,0.004043210165766229,0.14405425012966866,0.031219726344225075,0.22947099387338663,0.26835703834325314,0.7271943667094442,0.00341132711727093,0.00458990952678613,0.030284346359488585,0.029506983045526625
P,数据集/数据集/目标域数据集/P.mat,4,target_32k,600.0,8.552737853020535,35.09750315191049,-0.0031728412064026285,3.060915205134331,4.1011271766101824,0.3758774339254105,5809.801987188715,1940.6834353916117,0.8591838479310127,0.014075078581312604,1.414985238394254,3.346201068539577,0.8492435410474455,0.014186093653845417,0.005677553881572152,0.19195393203951372,0.0037922610382002033,0.13803238883921012,0.030102177478463825,0.24083841014354387,0.24927398756449767,0.7409360889620844,0.007767050396286395,0.007898661848749045,0.03128746536663276,0.03020872324547236
P,数据集/数据集/目标域数据集/P.mat,5,target_32k,600.0,8.492597840953989,33.41121919557076,0.0022385428851420448,3.0628064907443813,3.9394500439548032,0.37392418970884456,5804.030575739493,1950.354792988522,0.866351430578503,0.010783665826784326,1.4249165634549408,3.381806494642466,0.8529932878404324,0.013032661799381862,0.005066048897551182,0.18020148579715214,0.0035931016814165296,0.12804977455484898,0.029752753735153775,0.24102594875212205,0.2710106799727561,0.7372917816642623,0.008159082492366625,0.008515270369145522,0.026921342488717928,0.028374519087727017
P,数据集/数据集/目标域数据集/P.mat,6,target_32k,600.0,8.519749606638005,32.48904991627364,0.018440881946065486,3.0227804651128545,3.8238155066797583,0.37343587865470307,5787.903431478561,1979.935690495728,0.8675686067123296,0.010740152113783933,1.426249321852801,3.329624718472631,0.8543983866642274,0.011245478563980244,0.0053272482462232915,0.17452040736975674,0.004187822195082385,0.13719677464995758,0.031724027016929925,0.2147524389768939,0.2906597912908149,0.7368257134665772,0.005201653210478964,0.007645924431447962,0.026370358720327693,0.031498475138071885
P,数据集/数据集/目标域数据集/P.mat,7,target_32k,600.0,8.515833239915045,36.943560044762684,0.004120255156676095,3.0749667811844588,4.338990608430424,0.3752670451077336,5848.139781782396,1932.1889308591624,0.8603929232744257,0.01251256129729391,1.4214801770821266,3.362973751090285,0.8474705817185074,0.014262849359400946,0.006127508371729171,0.20006436865137822,0.004238341601246696,0.1329975315050481,0.029667733962614837,0.21855326633050468,0.2770280798766161,0.7522822116697407,0.0067671424919839695,0.010749732418544447,0.029709426517037462,0.03655356240036234
P,数据集/数据集/目标域数据集/P.mat,8,target_32k,600.0,8.391835796511558,36.947077814263146,-0.004983842518099328,3.0956019047361245,4.401200896547248,0.3726423731917231,5815.046861279503,1940.299482574881,0.865624736752915,0.012941565691470015,1.4212663700369899,3.3415414417348037,0.8475122290625924,0.013169367976134374,0.005911084206859345,0.20816551596663405,0.0048437569554162,0.12542664250233113,0.030009486666644877,0.22687757205860562,0.2696952213626771,0.7365722879994889,0.005075736265187405,0.008978249080375164,0.03216005379250949,0.03475930724566472
P,数据集/数据集/目标域数据集/P.mat,9,target_32k,600.0,8.480057119062538,34.83610379069342,0.021292463334541996,3.1180568936479034,4.105412870525529,0.37569431728010744,5789.203091282295,1945.4997445443328,0.863301450777695,0.012656963728853967,1.4433113194470208,3.266055460001572,0.8476701738903177,0.012006940652665589,0.005377419149629565,0.20628719871216675,0.004703217958875247,0.13382487167006876,0.03162663395890745,0.21991819197837814,0.27115396282369586,0.7361542194111602,0.004547541927145714,0.009378764713569701,0.031055647230654505,0.03756384081125249
P,数据集/数据集/目标域数据集/P.mat,10,target_32k,600.0,8.490901241915225,35.00504318789711,0.009307310370912892,3.1844622339472486,4.120251945591308,0.3780137947872795,5798.109585570384,1952.0703344927226,0.8624780795604471,0.010891058418608875,1.4520277712787661,3.43988555590261,0.8500554736104025,0.013583646381453577,0.005178930747433741,0.18567526522954148,0.004460182589901322,0.13809831716632762,0.030147016662486287,0.22069104950702945,0.28386716626768904,0.7399863495683021,0.005231665733736553,0.008138192600939705,0.03198775217182678,0.03557606523365837
P,数据集/数据集/目标域数据集/P.mat,11,target_32k,600.0,8.447886219996143,34.987823708402665,-0.007051743997253255,3.1912074409654405,4.141710658723889,0.37288652871879385,5775.9034925389005,1968.080514795944,0.8661654577214393,0.0122173342608228,1.4472289368042017,3.478925313143198,0.8486999653693742,0.01638993870479676,0.0059742839508173376,0.19457035297505956,0.004044494047334132,0.13652741190092874,0.03268347286268021,0.22663707468129207,0.2686716171804734,0.7372281954143834,0.011127974688901985,0.011172902687906355,0.030557607630243917,0.0342467074980358
P,数据集/数据集/目标域数据集/P.mat,12,target_32k,600.0,8.44567484825703,33.613720659986676,0.029068872566874772,3.129520914746019,3.9709703015436215,0.3724592565464201,5780.275752548858,1961.4703159459891,0.8659152031725735,0.013380166579012812,1.4499902646981218,3.310742838128859,0.8470292693681664,0.015232757399628198,0.006189972145614481,0.19606210141485553,0.00458582441598435,0.13292538597931233,0.031197152988436474,0.24408392331103143,0.2561529122135357,0.7379872613547384,0.015232757399628198,0.01391421623433199,0.018911064504452697,0.044596068418134245
P,数据集/数据集/目标域数据集/P.mat,13,target_32k,600.0,8.420456850640248,33.23238731790372,0.036394619955391,3.0462843080338278,3.9572410383843533,0.3713605566746017,5789.381927150837,1938.1338954624127,0.8636206881636922,0.010271606827366967,1.428528813851073,3.1868766170594807,0.8476561606186307,0.011715249275766285,0.005294585626510649,0.19265648492141418,0.004326648745142093,0.12963529153706782,0.028766855144851427,0.241428703015046,0.26982225544195526,0.7393714489177979,0.010300772483775188,0.011555266140379689,0.018816771878836777,0.041729275055155404
P,数据集/数据集/目标域数据集/P.mat,14,target_32k,600.0,8.409136380063655,31.778440139444047,0.018716146542026968,3.084976999791349,3.778867312535057,0.37099432338399563,5812.989862892731,1933.2177792380849,0.8641747493455734,0.00959075097208687,1.4202973477751741,3.291704266521433,0.8453990479534843,0.015676351270958448,0.005510403034598029,0.20417461870359688,0.003360604523569645,0.1415009036034033,0.02782013908732518,0.2248405127852975,0.26356071859148095,0.7426030654675634,0.0089440487964117,0.015676351270958448,0.02975030542601657,0.03282439477227977
P,数据集/数据集/目标域数据集/P.mat,15,target_32k,600.0,8.510862318096843,36.34367736754006,0.044613497127499555,3.131795836458882,4.264948411922595,0.3736800341817738,5827.941342793416,1955.714587508977,0.8657850885283404,0.009984923298014425,1.4330513291842697,3.508439567487265,0.8465048205088634,0.014158448210570865,0.006711516238208947,0.20795809604315943,0.0036660208623359217,0.141286285812419,0.028499308978212845,0.21803402549109618,0.25959918417984085,0.7391529195455427,0.006933482334217087,0.013771682173234039,0.03842520662597175,0.03745884902603214
P,数据集/数据集/目标域数据集/P.mat,16,target_32k,600.0,8.58495322315148,36.38081478023046,0.02034754902779591,3.097331136247686,4.2355874863320215,0.3714215955563694,5766.029816612321,1954.4807570626012,0.8644841650810812,0.010565294275687821,1.4319625467728483,3.494286804872517,0.8509631326099483,0.013108988107249295,0.006533288566214855,0.19183262277411425,0.003727171010965757,0.12808474957642757,0.0289231641958695,0.23098036257541898,0.2735000550959849,0.7364265968073599,0.005109321026224529,0.007854331878647116,0.03090867024972403,0.036689323128333645
P,数据集/数据集/目标域数据集/P.mat,17,target_32k,600.0,8.473920233543165,32.90097106736463,-0.012892437544089714,3.0608408269471066,3.8812446136427945,0.3724592565464201,5771.789152307302,1950.885172130366,0.8609162775691999,0.012301331720395131,1.422656128386537,3.423751021283599,0.8512187883702016,0.01217374699263141,0.005488411076327494,0.20203211305148872,0.003909005965171373,0.11632460566010717,0.032673777250504986,0.22509662849289153,0.27985146314219966,0.7435432143111249,0.005928318844299191,0.008265763527123752,0.030521764944795565,0.03641420667301747
P,数据集/数据集/目标域数据集/P.mat,18,target_32k,600.0,8.43291980424689,34.878651724118065,-3.835132418936436e-05,3.08181302064606,4.1413052362780585,0.37270341207349084,5758.755437388804,1947.0060537463385,0.8627781233750653,0.011884389878894449,1.419297416188125,3.507936045795144,0.8497352519588396,0.013145391825177712,0.005504541800257504,0.202846354429311,0.00413513035836648,0.1288330996412944,0.03186967486522958,0.21749819085093594,0.27434389845384766,0.7394928577411733,0.00576537181514736,0.006089835938835532,0.031665952523440656,0.03677814262758441
P,数据集/数据集/目标域数据集/P.mat,19,target_32k,600.0,8.470071090467572,36.337108273758965,0.01335290363787941,3.1357497689904714,4.291838292534692,0.3713605566746017,5747.9465617220085,1940.510302443681,0.8650074290372856,0.01080141554671881,1.4379833508303763,3.572658497665829,0.8499429293747203,0.009684414550364433,0.005899692385475648,0.18578682105261354,0.004430709585299581,0.13378739495266923,0.029685240691658076,0.23748614459533846,0.27280616629414395,0.7383436044369768,0.0048465364785219905,0.008519095494337041,0.026004950670939105,0.02972694862976564
P,数据集/数据集/目标域数据集/P.mat,20,target_32k,600.0,8.485083909084274,36.34811100810239,0.03694955613867337,3.1127535068355696,4.278921257488134,0.37099432338399563,5767.921576329559,1965.9640413182656,0.8647395106888744,0.011449543614624004,1.4454816181609795,3.436360331512175,0.8509118509671816,0.010246510621415308,0.006948081691689865,0.18081227763257757,0.004132809890324008,0.12252885184813934,0.03176650684715754,0.2552125307002539,0.2657375346584372,0.7323741574289803,0.005875392536601823,0.009563202342284959,0.026898756476491162,0.02998161497760188
P,数据集/数据集/目标域数据集/P.mat,21,target_32k,600.0,8.437408928909669,34.848254490373435,0.03159593975269111,3.068620419895112,4.1273066361310065,0.3753280839895013,5788.124033969682,1983.750144661097,0.8687584217651791,0.010166629387442883,1.4237106101588335,3.3910020724000796,0.8539670513168156,0.010751919596745792,0.00679067938051649,0.17916673128982147,0.004331282549353457,0.1198590048104369,0.029850566723062844,0.24207906494013687,0.27574534769731873,0.7311015827188487,0.009763038144845245,0.010751919596745792,0.025121156940804548,0.03332763913946732
P,数据集/数据集/目标域数据集/P.mat,22,target_32k,600.0,8.355685466200006,34.87231183006532,0.01795013824741885,3.0354475444777416,4.174211627772709,0.3751449673441983,5809.846185054393,1967.9910893916733,0.865743405396509,0.012348196586076585,1.4072733351952174,3.323919836663283,0.8544670802344492,0.010372895185118835,0.006228555484712495,0.1905979753736052,0.003782880349902421,0.12129902931126081,0.028189792448725107,0.2261906851293716,0.27400962417166647,0.7362947298049864,0.0073410904216090036,0.010372895185118835,0.021022704237072334,0.02833775569301919
P,数据集/数据集/目标域数据集/P.mat,23,target_32k,600.0,8.263828951436968,36.51014088916262,0.03375866199955612,3.0261564454033003,4.423467937448668,0.37032289568455107,5770.126167141674,1938.5265290369034,0.8663649310333857,0.011837238678449893,1.4168461470027318,3.3236830449273738,0.8528817356550035,0.01137134838016414,0.007041921175638321,0.17589186099785817,0.004170849555468877,0.12295664018624364,0.027673984254202758,0.242989399369038,0.28246318410538257,0.739732721814628,0.007046584573441779,0.007996516664653074,0.01894917413004247,0.03038001551498295
P,数据集/数据集/目标域数据集/P.mat,24,target_32k,600.0,8.285697624449933,36.5059852180895,0.03012967690232269,3.0411520362943536,4.415448755670246,0.37020081792101567,5745.147062716509,1965.3636265652558,0.8672099631290118,0.01134462646059947,1.4168332476146355,3.3922687511856067,0.8540778528296733,0.009615535622580043,0.008457738000346661,0.17293757619587652,0.0041015963838494695,0.13895519398005837,0.028851188697644484,0.23784647358161556,0.2717323452212008,0.7362957850087237,0.00874274028097371,0.006606413228992128,0.01742448499773173,0.029851806836286843
P,数据集/数据集/目标域数据集/P.mat,25,target_32k,600.0,8.318578055813934,32.2003712135703,0.0031311739621527938,2.983098580026692,3.8635422600496216,0.36812549594091437,5706.527546477733,2007.8635521184133,0.867223716428085,0.010654402926930241,1.4158881078219427,3.1816073062870522,0.8571328726345848,0.008903333026047027,0.00867006189011964,0.18858802449407053,0.004154176189948831,0.1278537593087578,0.029252952764729473,0.2178005519428246,0.2709784687538326,0.7227712578722407,0.00875166950703379,0.008673031727653997,0.017878431531236156,0.035450629814658095
P,数据集/数据集/目标域数据集/P.mat,26,target_32k,600.0,8.412931453128287,32.05252759317728,0.004911627567800041,3.032353489210659,3.807576095189958,0.3677592626503082,5685.464063332438,1998.9824714519268,0.8666188680318506,0.014337358927086239,1.431811259058406,3.2060171910061928,0.8551609671202626,0.009792117180557044,0.006737829554920105,0.1840396761362832,0.0040830781585267815,0.1225274601628752,0.029808079597824028,0.22267007060310604,0.28430810580964344,0.7134615505183446,0.006646956156695642,0.009684749840061105,0.02689637169242546,0.033684250169094876
P,数据集/数据集/目标域数据集/P.mat,27,target_32k,600.0,8.46834206522857,32.06797336349133,0.029477920714254396,3.068589888800237,3.7821073304596657,0.37221510101934935,5774.867379580322,1968.165328346382,0.8693645458960618,0.011533827720107748,1.4278888020528908,3.232300967038054,0.8499938834490256,0.012388386553786646,0.006068455348214471,0.17996321506065743,0.003745010069984363,0.13356669316332448,0.031523160371996505,0.24637754816816684,0.27115945270019515,0.7317562155351012,0.0054154299545417384,0.006894861939217887,0.031942757222071946,0.0297379678725515
P,数据集/数据集/目标域数据集/P.mat,28,target_32k,600.0,8.468061193219143,31.565256858273695,0.03155439891545896,3.071320691745407,3.72147469606236,0.37239821766465236,5769.262960169648,1982.2171113134216,0.8687678692511469,0.012322733270973458,1.4208273196823895,3.2981001492411286,0.8527613682782224,0.014744058426592353,0.005996054641891922,0.18588168237469296,0.004553813470501546,0.12422726337878705,0.03360075208343694,0.2366326122389856,0.272428922655629,0.7311143135190006,0.004601446827232537,0.005131885949270471,0.03459998063407641,0.035878609803605736
P,数据集/数据集/目标域数据集/P.mat,29,target_32k,600.0,8.491843879286431,32.53989005114163,0.017986620075037672,3.05301886534632,3.8310478684628495,0.3678813404138436,5703.941906925356,1967.3801639526278,0.866397495004291,0.013377358706469193,1.4234208781318505,3.264317265177379,0.8517499055289414,0.01306972094971124,0.005883228936678434,0.18816583931942332,0.004201507657864997,0.1248105392417662,0.033193325269307766,0.23105791310135074,0.279686823916499,0.7277529533611407,0.007574716020636143,0.006170877755218973,0.03113301376342444,0.03256057508991039
