file_id,true_label,held_out_load,rpm,prob_N,prob_B,prob_IR,prob_OR,predicted_label,confidence,fault_size,fault_position,seed,model,feature_group
B007_0,B,0,1796.0,0.0090772211109342,0.5701201395302853,0.0150731218051953,0.405729517553585,B,0.5701201395302853,0007,,2025,logistic_regression,Diagnostic26
B014_0,B,0,1797.0,0.0021702653378484,0.9373985776655374,0.0275571936976739,0.0328739632989403,B,0.9373985776655374,0014,,2025,logistic_regression,Diagnostic26
B021_0,B,0,1797.0,0.0035360225227521,0.270339157301562,0.6744533885178092,0.0516714316578766,IR,0.6744533885178092,0021,,2025,logistic_regression,Diagnostic26
IR007_0,IR,0,1796.0,0.0094174139841237,0.0436892779183964,0.924365863782058,0.0225274443154216,IR,0.924365863782058,0007,,2025,logistic_regression,Diagnostic26
IR014_0,IR,0,1796.0,0.0029011262466839,0.142485653807492,0.1960254992606463,0.6585877206851777,OR,0.6585877206851777,0014,,2025,logistic_regression,Diagnostic26
IR021_0,IR,0,1796.0,0.000825262501202,0.0187631084247581,0.9417488580847112,0.0386627709893285,IR,0.9417488580847112,0021,,2025,logistic_regression,Diagnostic26
OR007@6_0,OR,0,1796.0,5.8128895897727305e-05,1.6670494187461337e-05,0.0043280006548293,0.9955971999550854,OR,0.9955971999550854,0007,Centered,2025,logistic_regression,Diagnostic26
OR014@6_0,OR,0,1796.0,0.0040809730215073,0.696897575000312,0.0065539740381061,0.2924674779400746,B,0.696897575000312,0014,Centered,2025,logistic_regression,Diagnostic26
OR021@6_0,OR,0,1796.0,0.0006348720452843,0.0035031768515378,0.0302791894814476,0.9655827616217302,OR,0.9655827616217302,0021,Centered,2025,logistic_regression,Diagnostic26
OR007@12_0,OR,0,1796.0,0.001238116722204,0.0198495031340136,0.0074647309713023,0.97144764917248,OR,0.97144764917248,0007,Opposite,2025,logistic_regression,Diagnostic26
OR021@12_0,OR,0,1796.0,0.000309050324455,0.0003488661255338,0.1326948608990451,0.8666472226509658,OR,0.8666472226509658,0021,Opposite,2025,logistic_regression,Diagnostic26
OR007@3_0,OR,0,1797.0,0.0008003379584297,0.0038584830619783,0.0114809793233077,0.9838601996562842,OR,0.9838601996562842,0007,Orthogonal,2025,logistic_regression,Diagnostic26
OR021@3_0,OR,0,1796.0,0.0041544791017915,0.0429817825271494,0.0285901591730195,0.9242735791980394,OR,0.9242735791980394,0021,Orthogonal,2025,logistic_regression,Diagnostic26
N_0,N,0,1796.0,0.9856180938755484,0.00025180524817,0.0120414555644706,0.0020886453118109,N,0.9856180938755484,,,2025,logistic_regression,Diagnostic26
B007_0,B,0,1796.0,0.0257136709368426,0.657730991332129,0.0343559219427784,0.2821994157882501,B,0.657730991332129,0007,,2025,rbf_svm,Diagnostic26
B014_0,B,0,1797.0,0.0363119569183498,0.5123900331063822,0.1499799604233643,0.3013180495519039,B,0.5123900331063822,0014,,2025,rbf_svm,Diagnostic26
B021_0,B,0,1797.0,0.0321603866766674,0.2640731494913457,0.5100060555881104,0.1937604082438766,IR,0.5100060555881104,0021,,2025,rbf_svm,Diagnostic26
IR007_0,IR,0,1796.0,0.0331746590889165,0.0506464729806621,0.854750514223935,0.0614283537064863,IR,0.854750514223935,0007,,2025,rbf_svm,Diagnostic26
IR014_0,IR,0,1796.0,0.0187412155307753,0.1073745488611916,0.2077518166632752,0.6661324189447578,OR,0.6661324189447578,0014,,2025,rbf_svm,Diagnostic26
IR021_0,IR,0,1796.0,0.0292987272297622,0.0493915332247014,0.8684966989670537,0.0528130405784823,IR,0.8684966989670537,0021,,2025,rbf_svm,Diagnostic26
OR007@6_0,OR,0,1796.0,0.0229921084620493,0.0427441053320947,0.0499550416806273,0.8843087445252283,OR,0.8843087445252283,0007,Centered,2025,rbf_svm,Diagnostic26
OR014@6_0,OR,0,1796.0,0.0234708740680868,0.6015965681905735,0.0328163670644841,0.3421161906768556,B,0.6015965681905735,0014,Centered,2025,rbf_svm,Diagnostic26
OR021@6_0,OR,0,1796.0,0.0179562651494097,0.0291086095579207,0.0637230568662842,0.8892120684263852,OR,0.8892120684263852,0021,Centered,2025,rbf_svm,Diagnostic26
OR007@12_0,OR,0,1796.0,0.0156781894854771,0.1178925537401855,0.0342859248265666,0.8321433319477706,OR,0.8321433319477706,0007,Opposite,2025,rbf_svm,Diagnostic26
OR021@12_0,OR,0,1796.0,0.0209738251279481,0.0342830917945639,0.0494449779331882,0.8952981051442999,OR,0.8952981051442999,0021,Opposite,2025,rbf_svm,Diagnostic26
OR007@3_0,OR,0,1797.0,0.0158717000602723,0.0359025705302691,0.0276310603680754,0.9205946690413832,OR,0.9205946690413832,0007,Orthogonal,2025,rbf_svm,Diagnostic26
OR021@3_0,OR,0,1796.0,0.0221542751991606,0.0663124946574972,0.0462851226436433,0.8652481074996988,OR,0.8652481074996988,0021,Orthogonal,2025,rbf_svm,Diagnostic26
N_0,N,0,1796.0,0.130471763126283,0.249747515472076,0.3291808121312702,0.2905999092703705,IR,0.3291808121312702,,,2025,rbf_svm,Diagnostic26
B007_0,B,0,1796.0,0.0602544755613809,0.4418031017362857,0.0407680093776641,0.4571744133246693,OR,0.4571744133246693,0007,,2025,random_forest,Diagnostic26
B014_0,B,0,1797.0,0.0295295770882065,0.6850303774017966,0.1069350585050073,0.1785049870049891,B,0.6850303774017966,0014,,2025,random_forest,Diagnostic26
B021_0,B,0,1797.0,0.0221770562770562,0.5581244196340742,0.2158111322678459,0.2038873918210234,B,0.5581244196340742,0021,,2025,random_forest,Diagnostic26
IR007_0,IR,0,1796.0,0.023571505376344,0.019656862745098,0.5356260849997563,0.4211455468788014,IR,0.5356260849997563,0007,,2025,random_forest,Diagnostic26
IR014_0,IR,0,1796.0,0.0268366594748741,0.3016635506650212,0.1259618693134822,0.5455379205466225,OR,0.5455379205466225,0014,,2025,random_forest,Diagnostic26
IR021_0,IR,0,1796.0,0.0069646464646464,0.078025,0.6605102941176467,0.2545000594177063,IR,0.6605102941176467,0021,,2025,random_forest,Diagnostic26
OR007@6_0,OR,0,1796.0,0.0197373883439511,0.0082,0.0495457305502846,0.9225168811057646,OR,0.9225168811057646,0007,Centered,2025,random_forest,Diagnostic26
OR014@6_0,OR,0,1796.0,0.0123060606060606,0.7910211390910875,0.0130086956521739,0.1836641046506774,B,0.7910211390910875,0014,Centered,2025,random_forest,Diagnostic26
OR021@6_0,OR,0,1796.0,0.007285873192436,0.0282185897435897,0.1581124474934722,0.8063830895705023,OR,0.8063830895705023,0021,Centered,2025,random_forest,Diagnostic26
OR007@12_0,OR,0,1796.0,0.0162142857142857,0.2543286565736055,0.1624854732863045,0.5669715844258049,OR,0.5669715844258049,0007,Opposite,2025,random_forest,Diagnostic26
OR021@12_0,OR,0,1796.0,0.0133326164874551,0.003876923076923,0.2000677662201532,0.7827226942154691,OR,0.7827226942154691,0021,Opposite,2025,random_forest,Diagnostic26
OR007@3_0,OR,0,1797.0,0.0065666666666666,0.0112363636363636,0.1000598059061681,0.8821371637908021,OR,0.8821371637908021,0007,Orthogonal,2025,random_forest,Diagnostic26
OR021@3_0,OR,0,1796.0,0.0208130638179025,0.034179283887468,0.1367817694474489,0.8082258828471816,OR,0.8082258828471816,0021,Orthogonal,2025,random_forest,Diagnostic26
N_0,N,0,1796.0,0.5994420702877465,0.1286795121545121,0.1300265147981617,0.1418519027595798,N,0.5994420702877465,,,2025,random_forest,Diagnostic26
B007_0,B,0,1796.0,0.0041379905,0.5181233,0.00341582,0.47432286,B,0.5181233,0007,,2025,mlp,Diagnostic26
B014_0,B,0,1797.0,0.00054621155,0.9966909,0.0011870086,0.0015758389,B,0.9966909,0014,,2025,mlp,Diagnostic26
B021_0,B,0,1797.0,0.005798316,0.6480326,0.30406904,0.04210005,B,0.6480326,0021,,2025,mlp,Diagnostic26
IR007_0,IR,0,1796.0,0.0016704211,0.002194474,0.9949452,0.0011898943,IR,0.9949452,0007,,2025,mlp,Diagnostic26
IR014_0,IR,0,1796.0,0.0055936663,0.040129483,0.018440014,0.93583685,OR,0.93583685,0014,,2025,mlp,Diagnostic26
IR021_0,IR,0,1796.0,0.0050480454,0.03749177,0.9502762,0.0071840333,IR,0.9502762,0021,,2025,mlp,Diagnostic26
N_0,N,0,1796.0,0.9314525,0.0023399214,0.06156279,0.0046447143,N,0.9314525,,,2025,mlp,Diagnostic26
OR007@12_0,OR,0,1796.0,0.0011415465,0.001248563,0.0011859727,0.99642396,OR,0.99642396,0007,Opposite,2025,mlp,Diagnostic26
OR007@3_0,OR,0,1797.0,0.001175556,0.0008679633,0.0012050939,0.99675137,OR,0.99675137,0007,Orthogonal,2025,mlp,Diagnostic26
OR007@6_0,OR,0,1796.0,0.0009873757,0.0007557503,0.0011879794,0.9970689,OR,0.9970689,0007,Centered,2025,mlp,Diagnostic26
OR014@6_0,OR,0,1796.0,0.003373199,0.7777708,0.0028269186,0.21602908,B,0.7777708,0014,Centered,2025,mlp,Diagnostic26
OR021@12_0,OR,0,1796.0,0.0021153875,0.0012520741,0.0020038742,0.9946286,OR,0.9946286,0021,Opposite,2025,mlp,Diagnostic26
OR021@3_0,OR,0,1796.0,0.0040972997,0.0080897715,0.0032952626,0.98451763,OR,0.98451763,0021,Orthogonal,2025,mlp,Diagnostic26
OR021@6_0,OR,0,1796.0,0.0013297108,0.0011143166,0.00072948483,0.9968265,OR,0.9968265,0021,Centered,2025,mlp,Diagnostic26
B007_1,B,1,1772.0,0.0037352745309952,0.9055835609934056,0.0187487429127744,0.0719324215628246,B,0.9055835609934056,0007,,2025,logistic_regression,Diagnostic26
B014_1,B,1,1772.0,0.0015977917508635,0.9240802697921472,0.0012010150340593,0.0731209234229299,B,0.9240802697921472,0014,,2025,logistic_regression,Diagnostic26
B021_1,B,1,1774.0,0.0005009179015181,0.4475176773723639,0.0077298601758727,0.5442515445502452,OR,0.5442515445502452,0021,,2025,logistic_regression,Diagnostic26
IR007_1,IR,1,1772.0,0.0019671839429471,0.0080918720667833,0.9859604910259409,0.0039804529643285,IR,0.9859604910259409,0007,,2025,logistic_regression,Diagnostic26
IR014_1,IR,1,1772.0,0.000523502178149,0.0137252625270936,0.9039015758408678,0.0818496594538896,IR,0.9039015758408678,0014,,2025,logistic_regression,Diagnostic26
IR021_1,IR,1,1774.0,0.0014594051819114,0.0514365884466857,0.8383224065502048,0.1087815998211977,IR,0.8383224065502048,0021,,2025,logistic_regression,Diagnostic26
OR007@6_1,OR,1,1774.0,0.000221461995732,0.0001264191777978,0.0171706204843144,0.9824814983421556,OR,0.9824814983421556,0007,Centered,2025,logistic_regression,Diagnostic26
OR014@6_1,OR,1,1772.0,0.0070419866146479,0.7768188928258658,0.0288670885671055,0.1872720319923806,B,0.7768188928258658,0014,Centered,2025,logistic_regression,Diagnostic26
OR021@6_1,OR,1,1771.0,0.0004575447754517,0.0021111572030992,0.0229935144785514,0.9744377835428976,OR,0.9744377835428976,0021,Centered,2025,logistic_regression,Diagnostic26
OR007@12_1,OR,1,1772.0,0.0016625492960849,0.014507001358854,0.2105246359883924,0.7733058133566685,OR,0.7733058133566685,0007,Opposite,2025,logistic_regression,Diagnostic26
OR021@12_1,OR,1,1771.0,0.0002859112557599,0.0004666869985799,0.0791691275357367,0.9200782742099234,OR,0.9200782742099234,0021,Opposite,2025,logistic_regression,Diagnostic26
OR007@3_1,OR,1,1773.0,0.0013825023447448,0.0042520358206204,0.0520141921236723,0.9423512697109624,OR,0.9423512697109624,0007,Orthogonal,2025,logistic_regression,Diagnostic26
OR021@3_1,OR,1,1770.0,0.001432899443595,0.0216763260202492,0.0551568812715899,0.9217338932645656,OR,0.9217338932645656,0021,Orthogonal,2025,logistic_regression,Diagnostic26
N_1_(1772rpm),N,1,1772.0,0.9907123385206236,0.0042443469618916,0.000993637920367,0.0040496765971175,N,0.9907123385206236,,,2025,logistic_regression,Diagnostic26
B007_1,B,1,1772.0,0.0276137831183552,0.7298516333894391,0.0514724616379687,0.1910621218542366,B,0.7298516333894391,0007,,2025,rbf_svm,Diagnostic26
B014_1,B,1,1772.0,0.0391700631083044,0.6212910563856546,0.0592212363946118,0.2803176441114288,B,0.6212910563856546,0014,,2025,rbf_svm,Diagnostic26
B021_1,B,1,1774.0,0.0336257253641552,0.5391393626594514,0.0973471815758441,0.3298877304005491,B,0.5391393626594514,0021,,2025,rbf_svm,Diagnostic26
IR007_1,IR,1,1772.0,0.0315533013828579,0.0303355832632715,0.908474631309412,0.0296364840444585,IR,0.908474631309412,0007,,2025,rbf_svm,Diagnostic26
IR014_1,IR,1,1772.0,0.0262515185999851,0.0221938553577082,0.7210906812729072,0.2304639447693995,IR,0.7210906812729072,0014,,2025,rbf_svm,Diagnostic26
IR021_1,IR,1,1774.0,0.0248828899895064,0.0521144216315112,0.8233861178120766,0.099616570566906,IR,0.8233861178120766,0021,,2025,rbf_svm,Diagnostic26
OR007@6_1,OR,1,1774.0,0.0205803861630387,0.0162155594479457,0.0576337836220368,0.9055702707669784,OR,0.9055702707669784,0007,Centered,2025,rbf_svm,Diagnostic26
OR014@6_1,OR,1,1772.0,0.0287892264279511,0.6258375592276423,0.0648338386774872,0.2805393756669193,B,0.6258375592276423,0014,Centered,2025,rbf_svm,Diagnostic26
OR021@6_1,OR,1,1771.0,0.0197316427953962,0.0220471486886531,0.0469351310029531,0.9112860775129974,OR,0.9112860775129974,0021,Centered,2025,rbf_svm,Diagnostic26
OR007@12_1,OR,1,1772.0,0.0161075840148801,0.0268216744798194,0.2160985246229081,0.7409722168823922,OR,0.7409722168823922,0007,Opposite,2025,rbf_svm,Diagnostic26
OR021@12_1,OR,1,1771.0,0.0203954006586969,0.0174344934331827,0.0619649002936733,0.9002052056144471,OR,0.9002052056144471,0021,Opposite,2025,rbf_svm,Diagnostic26
OR007@3_1,OR,1,1773.0,0.0172200140464658,0.0294379204531872,0.0692751910947092,0.8840668744056381,OR,0.8840668744056381,0007,Orthogonal,2025,rbf_svm,Diagnostic26
OR021@3_1,OR,1,1770.0,0.0153948884636929,0.0277946157292104,0.0605747665684188,0.8962357292386774,OR,0.8962357292386774,0021,Orthogonal,2025,rbf_svm,Diagnostic26
N_1_(1772rpm),N,1,1772.0,0.6260703566524946,0.1263656155022358,0.1341178194260789,0.1134462084191909,N,0.6260703566524946,,,2025,rbf_svm,Diagnostic26
B007_1,B,1,1772.0,0.016,0.532,0.09,0.362,B,0.532,0007,,2025,random_forest,Diagnostic26
B014_1,B,1,1772.0,0.014,0.736,0.03,0.22,B,0.736,0014,,2025,random_forest,Diagnostic26
B021_1,B,1,1774.0,0.002,0.552,0.174,0.272,B,0.552,0021,,2025,random_forest,Diagnostic26
IR007_1,IR,1,1772.0,0.018,0.008,0.748,0.226,IR,0.748,0007,,2025,random_forest,Diagnostic26
IR014_1,IR,1,1772.0,0.002,0.01,0.686,0.302,IR,0.686,0014,,2025,random_forest,Diagnostic26
IR021_1,IR,1,1774.0,0.002,0.038,0.74,0.22,IR,0.74,0021,,2025,random_forest,Diagnostic26
OR007@6_1,OR,1,1774.0,0.002,0.0,0.056,0.942,OR,0.942,0007,Centered,2025,random_forest,Diagnostic26
OR014@6_1,OR,1,1772.0,0.018,0.358,0.078,0.546,OR,0.546,0014,Centered,2025,random_forest,Diagnostic26
OR021@6_1,OR,1,1771.0,0.002,0.004,0.056,0.938,OR,0.938,0021,Centered,2025,random_forest,Diagnostic26
OR007@12_1,OR,1,1772.0,0.0,0.002,0.178,0.82,OR,0.82,0007,Opposite,2025,random_forest,Diagnostic26
OR021@12_1,OR,1,1771.0,0.0,0.0,0.106,0.894,OR,0.894,0021,Opposite,2025,random_forest,Diagnostic26
OR007@3_1,OR,1,1773.0,0.0,0.004,0.058,0.938,OR,0.938,0007,Orthogonal,2025,random_forest,Diagnostic26
OR021@3_1,OR,1,1770.0,0.0,0.006,0.14,0.854,OR,0.854,0021,Orthogonal,2025,random_forest,Diagnostic26
N_1_(1772rpm),N,1,1772.0,0.778,0.064,0.056,0.102,N,0.778,,,2025,random_forest,Diagnostic26
B007_1,B,1,1772.0,0.00582723,0.6979982,0.0256252,0.27054933,B,0.6979982,0007,,2025,mlp,Diagnostic26
B014_1,B,1,1772.0,0.0051574023,0.92100555,0.052585483,0.021251632,B,0.92100555,0014,,2025,mlp,Diagnostic26
B021_1,B,1,1774.0,0.008361155,0.66393185,0.29202852,0.03567845,B,0.66393185,0021,,2025,mlp,Diagnostic26
IR007_1,IR,1,1772.0,0.01208401,0.023634648,0.9586423,0.0056390762,IR,0.9586423,0007,,2025,mlp,Diagnostic26
IR014_1,IR,1,1772.0,0.008421985,0.1526363,0.8295736,0.009368108,IR,0.8295736,0014,,2025,mlp,Diagnostic26
IR021_1,IR,1,1774.0,0.012514132,0.18297304,0.79054433,0.013968537,IR,0.79054433,0021,,2025,mlp,Diagnostic26
N_1_(1772rpm),N,1,1772.0,0.9885193,0.0022359442,0.004962451,0.004282345,N,0.9885193,,,2025,mlp,Diagnostic26
OR007@12_1,OR,1,1772.0,0.013657422,0.021170348,0.15906279,0.8061094,OR,0.8061094,0007,Opposite,2025,mlp,Diagnostic26
OR007@3_1,OR,1,1773.0,0.005827894,0.0056148516,0.010507966,0.9780493,OR,0.9780493,0007,Orthogonal,2025,mlp,Diagnostic26
OR007@6_1,OR,1,1774.0,0.0059480523,0.004206667,0.0077275336,0.9821178,OR,0.9821178,0007,Centered,2025,mlp,Diagnostic26
OR014@6_1,OR,1,1772.0,0.006671773,0.62092716,0.028968517,0.3434326,B,0.62092716,0014,Centered,2025,mlp,Diagnostic26
OR021@12_1,OR,1,1771.0,0.011861987,0.0052391984,0.015035371,0.96786344,OR,0.96786344,0021,Opposite,2025,mlp,Diagnostic26
OR021@3_1,OR,1,1770.0,0.007221894,0.006483086,0.0095327785,0.97676224,OR,0.97676224,0021,Orthogonal,2025,mlp,Diagnostic26
OR021@6_1,OR,1,1771.0,0.009319432,0.004345247,0.0079773795,0.9783579,OR,0.9783579,0021,Centered,2025,mlp,Diagnostic26
B007_2,B,2,1747.0,0.0028369006335245,0.6955373616727526,0.0088153339629613,0.2928104037307613,B,0.6955373616727526,0007,,2025,logistic_regression,Diagnostic26
B014_2,B,2,1748.0,7.727262747468277e-05,0.9985390118030976,5.046237907032517e-06,0.0013786693315206,B,0.9985390118030976,0014,,2025,logistic_regression,Diagnostic26
B021_2,B,2,1754.0,8.126905332667183e-07,0.9996728405878824,2.752641231348974e-06,0.0003235940803528,B,0.9996728405878824,0021,,2025,logistic_regression,Diagnostic26
IR007_2,IR,2,1748.0,0.0010601055845102,0.0020393876128685,0.9936282212473504,0.0032722855552708,IR,0.9936282212473504,0007,,2025,logistic_regression,Diagnostic26
IR014_2,IR,2,1751.0,8.517627349859622e-05,0.0003655241063122,0.9227144153888104,0.0768348842313786,IR,0.9227144153888104,0014,,2025,logistic_regression,Diagnostic26
IR021_2,IR,2,1752.0,6.456312361661743e-05,9.646171992197182e-05,0.986252281631478,0.0135866935249834,IR,0.986252281631478,0021,,2025,logistic_regression,Diagnostic26
OR007@6_2,OR,2,1750.0,5.852747224647918e-06,1.744120597542229e-07,0.0015059198892512,0.9984880529514644,OR,0.9984880529514644,0007,Centered,2025,logistic_regression,Diagnostic26
OR014@6_2,OR,2,1749.0,1.919078025592212e-06,0.9999034522196908,1.9222289911396605e-07,9.443647938439014e-05,B,0.9999034522196908,0014,Centered,2025,logistic_regression,Diagnostic26
OR021@6_2,OR,2,1747.0,9.109268532386453e-05,0.000548042506444,0.0008558852973345,0.9985049795108976,OR,0.9985049795108976,0021,Centered,2025,logistic_regression,Diagnostic26
OR007@12_2,OR,2,1749.0,0.0001929343692125,0.0002994556690396,0.0930750251595798,0.906432584802168,OR,0.906432584802168,0007,Opposite,2025,logistic_regression,Diagnostic26
OR021@12_2,OR,2,1746.0,1.140271574851422e-05,6.780799650291354e-07,0.0032571009897749,0.9967308182145116,OR,0.9967308182145116,0021,Opposite,2025,logistic_regression,Diagnostic26
OR007@3_2,OR,2,1750.0,6.671852169148753e-05,2.863255129978008e-05,0.0091760953747658,0.9907285535522428,OR,0.9907285535522428,0007,Orthogonal,2025,logistic_regression,Diagnostic26
OR021@3_2,OR,2,1746.0,0.0002222690687081,0.0013035112632459,0.0120269454105352,0.9864472742575106,OR,0.9864472742575106,0021,Orthogonal,2025,logistic_regression,Diagnostic26
N_2_(1750rpm),N,2,1750.0,0.9989063724411552,2.197562251160177e-05,2.961456909502539e-06,0.0010686904794237,N,0.9989063724411552,,,2025,logistic_regression,Diagnostic26
B007_2,B,2,1747.0,0.0269816019507594,0.6379971897406621,0.0657006260788759,0.2693205822297024,B,0.6379971897406621,0007,,2025,rbf_svm,Diagnostic26
B014_2,B,2,1748.0,0.0733700723525195,0.5488306035790251,0.2344346777371969,0.1433646463312584,B,0.5488306035790251,0014,,2025,rbf_svm,Diagnostic26
B021_2,B,2,1754.0,0.0445073400867727,0.7018736139966901,0.1178958477167311,0.1357231981998057,B,0.7018736139966901,0021,,2025,rbf_svm,Diagnostic26
IR007_2,IR,2,1748.0,0.0328531462541103,0.035219660256655,0.9093077235064012,0.0226194699828335,IR,0.9093077235064012,0007,,2025,rbf_svm,Diagnostic26
IR014_2,IR,2,1751.0,0.0246307498212066,0.0175449846844994,0.7711508785764264,0.1866733869178673,IR,0.7711508785764264,0014,,2025,rbf_svm,Diagnostic26
IR021_2,IR,2,1752.0,0.0286189905463968,0.0303100540601156,0.9201398280833416,0.0209311273101459,IR,0.9201398280833416,0021,,2025,rbf_svm,Diagnostic26
OR007@6_2,OR,2,1750.0,0.0178528708024087,0.0188086833857961,0.0328737598299131,0.930464685981882,OR,0.930464685981882,0007,Centered,2025,rbf_svm,Diagnostic26
OR014@6_2,OR,2,1749.0,0.0395303123988513,0.719789793036039,0.0564893050924649,0.1841905894726447,B,0.719789793036039,0014,Centered,2025,rbf_svm,Diagnostic26
OR021@6_2,OR,2,1747.0,0.0244799569304569,0.0333590790212059,0.036887417916262,0.9052735461320748,OR,0.9052735461320748,0021,Centered,2025,rbf_svm,Diagnostic26
OR007@12_2,OR,2,1749.0,0.0124826810693278,0.0202988930886285,0.1918801654049745,0.7753382604370691,OR,0.7753382604370691,0007,Opposite,2025,rbf_svm,Diagnostic26
OR021@12_2,OR,2,1746.0,0.0175126142193323,0.0202774460991127,0.0382258875755323,0.9239840521060224,OR,0.9239840521060224,0021,Opposite,2025,rbf_svm,Diagnostic26
OR007@3_2,OR,2,1750.0,0.0149938275118636,0.0217710042555179,0.0545731981742282,0.9086619700583902,OR,0.9086619700583902,0007,Orthogonal,2025,rbf_svm,Diagnostic26
OR021@3_2,OR,2,1746.0,0.0130702610992848,0.0273080266211534,0.0629533094579301,0.8966684028216313,OR,0.8966684028216313,0021,Orthogonal,2025,rbf_svm,Diagnostic26
N_2_(1750rpm),N,2,1750.0,0.778573417065445,0.083928729705838,0.0962899195161466,0.0412079337125706,N,0.778573417065445,,,2025,rbf_svm,Diagnostic26
B007_2,B,2,1747.0,0.0413118592135833,0.5435758977091016,0.0615277903469079,0.3535844527304067,B,0.5435758977091016,0007,,2025,random_forest,Diagnostic26
B014_2,B,2,1748.0,0.0360761904761904,0.6657840762980853,0.1489268141444612,0.1492129190812626,B,0.6657840762980853,0014,,2025,random_forest,Diagnostic26
B021_2,B,2,1754.0,0.0105809523809523,0.8171333745230801,0.1239420479302832,0.048343625165684,B,0.8171333745230801,0021,,2025,random_forest,Diagnostic26
IR007_2,IR,2,1748.0,0.0436648898430845,0.0086035087719298,0.8102192866215308,0.1375123147634543,IR,0.8102192866215308,0007,,2025,random_forest,Diagnostic26
IR014_2,IR,2,1751.0,0.0047518975332068,0.008958422459893,0.4910372880639779,0.4952523919429221,OR,0.4952523919429221,0014,,2025,random_forest,Diagnostic26
IR021_2,IR,2,1752.0,0.0473978494623655,0.0244470588235294,0.5494414902933871,0.3787136014207172,IR,0.5494414902933871,0021,,2025,random_forest,Diagnostic26
OR007@6_2,OR,2,1750.0,0.0119854349951124,0.0038,0.1821801131605836,0.8020344518443046,OR,0.8020344518443046,0007,Centered,2025,random_forest,Diagnostic26
OR014@6_2,OR,2,1749.0,0.0146259906759906,0.774749514232806,0.030885524551701,0.1797389705395015,B,0.774749514232806,0014,Centered,2025,random_forest,Diagnostic26
OR021@6_2,OR,2,1747.0,0.017894321775631,0.0744576942922918,0.0965514620736632,0.8110965218584145,OR,0.8110965218584145,0021,Centered,2025,random_forest,Diagnostic26
OR007@12_2,OR,2,1749.0,0.0011666666666666,0.0026985294117647,0.144712181471779,0.85142262244979,OR,0.85142262244979,0007,Opposite,2025,random_forest,Diagnostic26
OR021@12_2,OR,2,1746.0,0.004213725490196,0.003675,0.0763709276018099,0.9157403469079944,OR,0.9157403469079944,0021,Opposite,2025,random_forest,Diagnostic26
OR007@3_2,OR,2,1750.0,0.0228111925708699,0.0028,0.1368120136130722,0.837576793816058,OR,0.837576793816058,0007,Orthogonal,2025,random_forest,Diagnostic26
OR021@3_2,OR,2,1746.0,0.0058722222222222,0.0225004524886877,0.0960994343891402,0.8755278908999501,OR,0.8755278908999501,0021,Orthogonal,2025,random_forest,Diagnostic26
N_2_(1750rpm),N,2,1750.0,0.7895714750868155,0.0458363619776807,0.0824669600581515,0.082125202877352,N,0.7895714750868155,,,2025,random_forest,Diagnostic26
B007_2,B,2,1747.0,0.0006615954,0.91755205,0.00072584936,0.081060514,B,0.91755205,0007,,2025,mlp,Diagnostic26
B014_2,B,2,1748.0,0.00053683564,0.99506,0.0027840058,0.0016191248,B,0.99506,0014,,2025,mlp,Diagnostic26
B021_2,B,2,1754.0,0.00022596131,0.9946156,0.0041235485,0.0010348534,B,0.9946156,0021,,2025,mlp,Diagnostic26
IR007_2,IR,2,1748.0,0.00019479173,0.0011258724,0.99852765,0.00015163701,IR,0.99852765,0007,,2025,mlp,Diagnostic26
IR014_2,IR,2,1751.0,0.000495676,0.0114059,0.9876552,0.00044317683,IR,0.9876552,0014,,2025,mlp,Diagnostic26
IR021_2,IR,2,1752.0,0.00090509874,0.0008813306,0.99719685,0.0010166994,IR,0.99719685,0021,,2025,mlp,Diagnostic26
N_2_(1750rpm),N,2,1750.0,0.9991691,0.0001738769,0.00050896674,0.0001480678,N,0.9991691,,,2025,mlp,Diagnostic26
OR007@12_2,OR,2,1749.0,0.00059796,0.0002156514,0.0019551427,0.9972312,OR,0.9972312,0007,Opposite,2025,mlp,Diagnostic26
OR007@3_2,OR,2,1750.0,0.0002677992,0.00013740992,0.00036143692,0.99923337,OR,0.99923337,0007,Orthogonal,2025,mlp,Diagnostic26
OR007@6_2,OR,2,1750.0,0.00025395426,0.00014717285,0.0003060862,0.9992928,OR,0.9992928,0007,Centered,2025,mlp,Diagnostic26
OR014@6_2,OR,2,1749.0,0.0010719728,0.12840724,0.14193706,0.72858375,OR,0.72858375,0014,Centered,2025,mlp,Diagnostic26
OR021@12_2,OR,2,1746.0,0.0002773742,0.0002629604,0.00034487754,0.9991148,OR,0.9991148,0021,Opposite,2025,mlp,Diagnostic26
OR021@3_2,OR,2,1746.0,0.00033658315,0.000249636,0.00028134757,0.99913245,OR,0.99913245,0021,Orthogonal,2025,mlp,Diagnostic26
OR021@6_2,OR,2,1747.0,0.0003094965,0.00019192454,0.00027816225,0.99922043,OR,0.99922043,0021,Centered,2025,mlp,Diagnostic26
B007_3,B,3,1721.0,0.0015093678715171,0.9826619794601816,0.0031340003653056,0.0126946523029954,B,0.9826619794601816,0007,,2025,logistic_regression,Diagnostic26
B014_3,B,3,1725.0,0.0003816285200702,0.9768945388204472,0.0001292342526544,0.0225945984068282,B,0.9768945388204472,0014,,2025,logistic_regression,Diagnostic26
B021_3,B,3,1729.0,2.4727279309715106e-07,0.9999631761508782,3.1589779198051496e-08,3.654498654947701e-05,B,0.9999631761508782,0021,,2025,logistic_regression,Diagnostic26
IR007_3,IR,3,1721.0,0.0079559771758706,0.0273905384752036,0.9550521780675032,0.0096013062814224,IR,0.9550521780675032,0007,,2025,logistic_regression,Diagnostic26
IR014_3,IR,3,1726.0,0.7975845666524897,0.2023933401014615,2.209324604878719e-05,6.360796376785609e-28,N,0.7975845666524897,0014,,2025,logistic_regression,Diagnostic26
IR021_3,IR,3,1727.0,0.0010017282903424,0.0148449284100779,0.9582235272427034,0.0259298160568761,IR,0.9582235272427034,0021,,2025,logistic_regression,Diagnostic26
OR007@6_3,OR,3,1725.0,0.000245584483896,0.0003812073958129,0.0097388896656908,0.9896343184546,OR,0.9896343184546,0007,Centered,2025,logistic_regression,Diagnostic26
OR014@6_3,OR,3,1723.0,0.010077821604888,0.749431361720306,0.0900931546698177,0.1503976620049881,B,0.749431361720306,0014,Centered,2025,logistic_regression,Diagnostic26
OR021@6_3,OR,3,1719.0,0.0005505550601809,0.0030704526821856,0.0100885268704449,0.9862904653871885,OR,0.9862904653871885,0021,Centered,2025,logistic_regression,Diagnostic26
OR007@12_3,OR,3,1723.0,0.0018952157967731,0.0297144736835986,0.1766206704905973,0.7917696400290309,OR,0.7917696400290309,0007,Opposite,2025,logistic_regression,Diagnostic26
OR021@12_3,OR,3,1718.0,0.000296307169593,0.000363135846518,0.0493851704784555,0.9499553865054332,OR,0.9499553865054332,0021,Opposite,2025,logistic_regression,Diagnostic26
OR007@3_3,OR,3,1724.0,0.0008161187954761,0.0039382132635994,0.0127496946320846,0.9824959733088398,OR,0.9824959733088398,0007,Orthogonal,2025,logistic_regression,Diagnostic26
OR021@3_3,OR,3,1719.0,0.0027525864862971,0.020458864156707,0.0941811828696676,0.8826073664873282,OR,0.8826073664873282,0021,Orthogonal,2025,logistic_regression,Diagnostic26
N_3,N,3,1725.0,0.9932285868655236,0.0021262415814436,0.0001627804261749,0.0044823911268577,N,0.9932285868655236,,,2025,logistic_regression,Diagnostic26
B007_3,B,3,1721.0,0.0321476854220871,0.7355529768730935,0.0276847595531925,0.2046145781516269,B,0.7355529768730935,0007,,2025,rbf_svm,Diagnostic26
B014_3,B,3,1725.0,0.0441642531369006,0.6581554840939133,0.0398284712699915,0.2578517914991945,B,0.6581554840939133,0014,,2025,rbf_svm,Diagnostic26
B021_3,B,3,1729.0,0.1284734352295557,0.4073565244089025,0.1360672466976452,0.3281027936638964,B,0.4073565244089025,0021,,2025,rbf_svm,Diagnostic26
IR007_3,IR,3,1721.0,0.051711000280673,0.08483463483965,0.7989738890097122,0.0644804758699645,IR,0.7989738890097122,0007,,2025,rbf_svm,Diagnostic26
IR014_3,IR,3,1726.0,0.1559280326959544,0.3105061665637619,0.1700427378644237,0.36352306287586,OR,0.36352306287586,0014,,2025,rbf_svm,Diagnostic26
IR021_3,IR,3,1727.0,0.0408614319462516,0.0719937922729936,0.840249431183462,0.0468953445972929,IR,0.840249431183462,0021,,2025,rbf_svm,Diagnostic26
OR007@6_3,OR,3,1725.0,0.0208761631086782,0.0403298516145378,0.0325492143530428,0.9062447709237412,OR,0.9062447709237412,0007,Centered,2025,rbf_svm,Diagnostic26
OR014@6_3,OR,3,1723.0,0.0299912193349146,0.5504616636258354,0.1077623434116895,0.3117847736275605,B,0.5504616636258354,0014,Centered,2025,rbf_svm,Diagnostic26
OR021@6_3,OR,3,1719.0,0.024632574783916,0.0516540988670381,0.033015345092683,0.8906979812563627,OR,0.8906979812563627,0021,Centered,2025,rbf_svm,Diagnostic26
OR007@12_3,OR,3,1723.0,0.0152229309122904,0.0433039026305727,0.2188532300547652,0.7226199364023713,OR,0.7226199364023713,0007,Opposite,2025,rbf_svm,Diagnostic26
OR021@12_3,OR,3,1718.0,0.0206490207701533,0.0339523889132693,0.0558036268518079,0.8895949634647694,OR,0.8895949634647694,0021,Opposite,2025,rbf_svm,Diagnostic26
OR007@3_3,OR,3,1724.0,0.0179331883188456,0.0524664103043943,0.0273640496025875,0.9022363517741724,OR,0.9022363517741724,0007,Orthogonal,2025,rbf_svm,Diagnostic26
OR021@3_3,OR,3,1719.0,0.0188998495837127,0.0452157745494013,0.051679961218882,0.8842044146480037,OR,0.8842044146480037,0021,Orthogonal,2025,rbf_svm,Diagnostic26
N_3,N,3,1725.0,0.8395173561235092,0.0383519576159934,0.0269492719834544,0.0951814142770431,N,0.8395173561235092,,,2025,rbf_svm,Diagnostic26
B007_3,B,3,1721.0,0.0901488555505796,0.6252488688052229,0.0786931132592897,0.205909162384907,B,0.6252488688052229,0007,,2025,random_forest,Diagnostic26
B014_3,B,3,1725.0,0.0239717209690893,0.766999050421689,0.0433139840551605,0.1657152445540602,B,0.766999050421689,0014,,2025,random_forest,Diagnostic26
B021_3,B,3,1729.0,0.0170571428571428,0.7102159283216891,0.0846348739495798,0.1880920548715877,B,0.7102159283216891,0021,,2025,random_forest,Diagnostic26
IR007_3,IR,3,1721.0,0.0662350066600066,0.1225926696787249,0.6823299972413449,0.1288423264199231,IR,0.6823299972413449,0007,,2025,random_forest,Diagnostic26
IR014_3,IR,3,1726.0,0.1005185519794215,0.4953136494837328,0.1110393899888588,0.2931284085479865,B,0.4953136494837328,0014,,2025,random_forest,Diagnostic26
IR021_3,IR,3,1727.0,0.0349809523809523,0.0840604585312386,0.5440667125713158,0.3368918765164931,IR,0.5440667125713158,0021,,2025,random_forest,Diagnostic26
OR007@6_3,OR,3,1725.0,0.0233737060041407,0.0052705882352941,0.1867731282144966,0.7845825775460691,OR,0.7845825775460691,0007,Centered,2025,random_forest,Diagnostic26
OR014@6_3,OR,3,1723.0,0.1420493284493284,0.3422700915946382,0.1920293068397927,0.3236512731162405,B,0.3422700915946382,0014,Centered,2025,random_forest,Diagnostic26
OR021@6_3,OR,3,1719.0,0.0180346053198788,0.0816189344968756,0.0762468475376352,0.8240996126456105,OR,0.8240996126456105,0021,Centered,2025,random_forest,Diagnostic26
OR007@12_3,OR,3,1723.0,0.0064642857142857,0.1122187679967092,0.1694687643390396,0.7118481819499658,OR,0.7118481819499658,0007,Opposite,2025,random_forest,Diagnostic26
OR021@12_3,OR,3,1718.0,0.00175,0.0211524509803921,0.1463541875049615,0.8307433615146466,OR,0.8307433615146466,0021,Opposite,2025,random_forest,Diagnostic26
OR007@3_3,OR,3,1724.0,0.0068,0.0153043740573152,0.1186366302708374,0.8592589956718476,OR,0.8592589956718476,0007,Orthogonal,2025,random_forest,Diagnostic26
OR021@3_3,OR,3,1719.0,0.0055257575757575,0.0711102727443334,0.225907634659066,0.6974563350208434,OR,0.6974563350208434,0021,Orthogonal,2025,random_forest,Diagnostic26
N_3,N,3,1725.0,0.8303203880101886,0.0609495277168651,0.048101219669009,0.0606288646039369,N,0.8303203880101886,,,2025,random_forest,Diagnostic26
B007_3,B,3,1721.0,0.0026898852,0.95053446,0.0023474176,0.044428222,B,0.95053446,0007,,2025,mlp,Diagnostic26
B014_3,B,3,1725.0,0.0035091336,0.98385286,0.0035137583,0.009124264,B,0.98385286,0014,,2025,mlp,Diagnostic26
B021_3,B,3,1729.0,0.009688777,0.80404466,0.11985959,0.06640699,B,0.80404466,0021,,2025,mlp,Diagnostic26
IR007_3,IR,3,1721.0,0.0019777974,0.006434412,0.98771715,0.003870627,IR,0.98771715,0007,,2025,mlp,Diagnostic26
IR014_3,IR,3,1726.0,0.13565375,0.039499052,0.57377845,0.25106877,IR,0.57377845,0014,,2025,mlp,Diagnostic26
IR021_3,IR,3,1727.0,0.0060404455,0.0018192731,0.9844389,0.0077013522,IR,0.9844389,0021,,2025,mlp,Diagnostic26
N_3,N,3,1725.0,0.9970718,0.0013069531,0.00055561087,0.0010656319,N,0.9970718,,,2025,mlp,Diagnostic26
OR007@12_3,OR,3,1723.0,0.0014253191,0.0028753101,0.0066603706,0.989039,OR,0.989039,0007,Opposite,2025,mlp,Diagnostic26
OR007@3_3,OR,3,1724.0,0.001420559,0.0012060528,0.0028986095,0.99447477,OR,0.99447477,0007,Orthogonal,2025,mlp,Diagnostic26
OR007@6_3,OR,3,1725.0,0.00214373,0.0011518373,0.0037287683,0.99297565,OR,0.99297565,0007,Centered,2025,mlp,Diagnostic26
OR014@6_3,OR,3,1723.0,0.004471103,0.77349126,0.0042962846,0.21774137,B,0.77349126,0014,Centered,2025,mlp,Diagnostic26
OR021@12_3,OR,3,1718.0,0.0029772236,0.00093003205,0.008288338,0.9878044,OR,0.9878044,0021,Opposite,2025,mlp,Diagnostic26
OR021@3_3,OR,3,1719.0,0.001408764,0.0027543318,0.0026123915,0.99322456,OR,0.99322456,0021,Orthogonal,2025,mlp,Diagnostic26
OR021@6_3,OR,3,1719.0,0.001594686,0.0011033353,0.0026276303,0.9946743,OR,0.9946743,0021,Centered,2025,mlp,Diagnostic26
B007_0,B,0,1796.0,0.0418643200972835,0.5071223763449911,0.0988818719715513,0.3521314315861741,B,0.5071223763449911,0007,,2026,logistic_regression,Diagnostic26
B014_0,B,0,1797.0,0.0135071654200029,0.8168041487355553,0.0881082976438126,0.0815803882006289,B,0.8168041487355553,0014,,2026,logistic_regression,Diagnostic26
B021_0,B,0,1797.0,0.0181769290091385,0.319469960037186,0.5198278418190048,0.1425252691346706,IR,0.5198278418190048,0021,,2026,logistic_regression,Diagnostic26
IR007_0,IR,0,1796.0,0.0426288604471646,0.0830743685303335,0.7353190544132822,0.1389777166092194,IR,0.7353190544132822,0007,,2026,logistic_regression,Diagnostic26
IR014_0,IR,0,1796.0,0.0138355795173764,0.1924472243004411,0.2794364713816243,0.514280724800558,OR,0.514280724800558,0014,,2026,logistic_regression,Diagnostic26
IR021_0,IR,0,1796.0,0.0095100454818534,0.0885918460881003,0.7101297172904775,0.1917683911395688,IR,0.7101297172904775,0021,,2026,logistic_regression,Diagnostic26
OR007@6_0,OR,0,1796.0,0.0026342890628598,0.0037086950776688,0.0587859508216807,0.9348710650377904,OR,0.9348710650377904,0007,Centered,2026,logistic_regression,Diagnostic26
OR014@6_0,OR,0,1796.0,0.0214000664020453,0.7382436975451668,0.0549065069474765,0.1854497291053112,B,0.7382436975451668,0014,Centered,2026,logistic_regression,Diagnostic26
OR021@6_0,OR,0,1796.0,0.0066702179041234,0.0365546328229051,0.1143269078863787,0.8424482413865927,OR,0.8424482413865927,0021,Centered,2026,logistic_regression,Diagnostic26
OR007@12_0,OR,0,1796.0,0.018339249899072,0.1899908946422911,0.1051335104794748,0.6865363449791619,OR,0.6865363449791619,0007,Opposite,2026,logistic_regression,Diagnostic26
OR021@12_0,OR,0,1796.0,0.0037076932213595,0.0090545381751936,0.2439373883859478,0.7433003802174989,OR,0.7433003802174989,0021,Opposite,2026,logistic_regression,Diagnostic26
OR007@3_0,OR,0,1797.0,0.0133119598247108,0.0575979248551773,0.125988048584706,0.8031020667354056,OR,0.8031020667354056,0007,Orthogonal,2026,logistic_regression,Diagnostic26
OR021@3_0,OR,0,1796.0,0.0274930559562749,0.1283309932823075,0.1794509038603468,0.6647250469010707,OR,0.6647250469010707,0021,Orthogonal,2026,logistic_regression,Diagnostic26
N_0,N,0,1796.0,0.9404113445300653,0.0146503179694659,0.0371040445631423,0.0078342929373264,N,0.9404113445300653,,,2026,logistic_regression,Diagnostic26
B007_0,B,0,1796.0,0.0265005250837567,0.6250729472195055,0.0382496436626484,0.3101768840340894,B,0.6250729472195055,0007,,2026,rbf_svm,Diagnostic26
B014_0,B,0,1797.0,0.0375516085668819,0.486459635326185,0.1590191504577298,0.3169696056492032,B,0.486459635326185,0014,,2026,rbf_svm,Diagnostic26
B021_0,B,0,1797.0,0.0342580269413056,0.2656367910195773,0.5005367422529174,0.1995684397861993,IR,0.5005367422529174,0021,,2026,rbf_svm,Diagnostic26
IR007_0,IR,0,1796.0,0.0348704019675377,0.0596558069201265,0.8390622458982622,0.0664115452140736,IR,0.8390622458982622,0007,,2026,rbf_svm,Diagnostic26
IR014_0,IR,0,1796.0,0.0196045661426075,0.1109285064822767,0.2183507764957745,0.651116150879341,OR,0.651116150879341,0014,,2026,rbf_svm,Diagnostic26
IR021_0,IR,0,1796.0,0.0309290081450837,0.0588363617999553,0.8525516926342049,0.0576829374207562,IR,0.8525516926342049,0021,,2026,rbf_svm,Diagnostic26
OR007@6_0,OR,0,1796.0,0.0238704283244801,0.0455999371033771,0.0573185225982665,0.8732111119738761,OR,0.8732111119738761,0007,Centered,2026,rbf_svm,Diagnostic26
OR014@6_0,OR,0,1796.0,0.0242103348911092,0.5696331586865339,0.0370480226080121,0.3691084838143447,B,0.5696331586865339,0014,Centered,2026,rbf_svm,Diagnostic26
OR021@6_0,OR,0,1796.0,0.0188298316765295,0.0323387017640481,0.0725703682956496,0.8762610982637732,OR,0.8762610982637732,0021,Centered,2026,rbf_svm,Diagnostic26
OR007@12_0,OR,0,1796.0,0.016257725387072,0.1175541283926298,0.0363564631016179,0.8298316831186803,OR,0.8298316831186803,0007,Opposite,2026,rbf_svm,Diagnostic26
OR021@12_0,OR,0,1796.0,0.0218156130577343,0.0365997254037011,0.0572226924560493,0.8843619690825153,OR,0.8843619690825153,0021,Opposite,2026,rbf_svm,Diagnostic26
OR007@3_0,OR,0,1797.0,0.0165292667310661,0.0387916831884433,0.0321701132934504,0.91250893678704,OR,0.91250893678704,0007,Orthogonal,2026,rbf_svm,Diagnostic26
OR021@3_0,OR,0,1796.0,0.0224121217728588,0.0697443152015509,0.0519099959612383,0.8559335670643519,OR,0.8559335670643519,0021,Orthogonal,2026,rbf_svm,Diagnostic26
N_0,N,0,1796.0,0.1306352659653507,0.2478348819950322,0.3289739186451456,0.2925559333944711,IR,0.3289739186451456,,,2026,rbf_svm,Diagnostic26
B007_0,B,0,1796.0,0.016,0.436,0.036,0.512,OR,0.512,0007,,2026,random_forest,Diagnostic26
B014_0,B,0,1797.0,0.01,0.63,0.104,0.256,B,0.63,0014,,2026,random_forest,Diagnostic26
B021_0,B,0,1797.0,0.002,0.466,0.214,0.318,B,0.466,0021,,2026,random_forest,Diagnostic26
IR007_0,IR,0,1796.0,0.008,0.034,0.588,0.37,IR,0.588,0007,,2026,random_forest,Diagnostic26
IR014_0,IR,0,1796.0,0.002,0.194,0.144,0.66,OR,0.66,0014,,2026,random_forest,Diagnostic26
IR021_0,IR,0,1796.0,0.004,0.074,0.542,0.38,IR,0.542,0021,,2026,random_forest,Diagnostic26
OR007@6_0,OR,0,1796.0,0.002,0.002,0.08,0.916,OR,0.916,0007,Centered,2026,random_forest,Diagnostic26
OR014@6_0,OR,0,1796.0,0.002,0.746,0.02,0.232,B,0.746,0014,Centered,2026,random_forest,Diagnostic26
OR021@6_0,OR,0,1796.0,0.004,0.04,0.104,0.852,OR,0.852,0021,Centered,2026,random_forest,Diagnostic26
OR007@12_0,OR,0,1796.0,0.002,0.264,0.142,0.592,OR,0.592,0007,Opposite,2026,random_forest,Diagnostic26
OR021@12_0,OR,0,1796.0,0.002,0.004,0.14,0.854,OR,0.854,0021,Opposite,2026,random_forest,Diagnostic26
OR007@3_0,OR,0,1797.0,0.0,0.016,0.098,0.886,OR,0.886,0007,Orthogonal,2026,random_forest,Diagnostic26
OR021@3_0,OR,0,1796.0,0.008,0.076,0.112,0.804,OR,0.804,0021,Orthogonal,2026,random_forest,Diagnostic26
N_0,N,0,1796.0,0.614,0.132,0.072,0.182,N,0.614,,,2026,random_forest,Diagnostic26
B007_0,B,0,1796.0,0.008332198,0.5955656,0.006865041,0.38923717,B,0.5955656,0007,,2026,mlp,Diagnostic26
B014_0,B,0,1797.0,0.009087338,0.9819134,0.006456396,0.0025429155,B,0.9819134,0014,,2026,mlp,Diagnostic26
B021_0,B,0,1797.0,0.017489644,0.7224498,0.24132146,0.018739134,B,0.7224498,0021,,2026,mlp,Diagnostic26
IR007_0,IR,0,1796.0,0.0049522817,0.005021526,0.9810651,0.008961149,IR,0.9810651,0007,,2026,mlp,Diagnostic26
IR014_0,IR,0,1796.0,0.008916328,0.17158163,0.07648693,0.74301517,OR,0.74301517,0014,,2026,mlp,Diagnostic26
IR021_0,IR,0,1796.0,0.022040935,0.814027,0.15444244,0.009489594,B,0.814027,0021,,2026,mlp,Diagnostic26
N_0,N,0,1796.0,0.9567942,0.0065740687,0.029694425,0.006937325,N,0.9567942,,,2026,mlp,Diagnostic26
OR007@12_0,OR,0,1796.0,0.0006954527,0.0033916729,0.005043029,0.9908698,OR,0.9908698,0007,Opposite,2026,mlp,Diagnostic26
OR007@3_0,OR,0,1797.0,0.00072189636,0.002328935,0.0060508,0.9908984,OR,0.9908984,0007,Orthogonal,2026,mlp,Diagnostic26
OR007@6_0,OR,0,1796.0,0.0015704178,0.0019968974,0.015919076,0.98051363,OR,0.98051363,0007,Centered,2026,mlp,Diagnostic26
OR014@6_0,OR,0,1796.0,0.0077664107,0.8029898,0.005730577,0.18351321,B,0.8029898,0014,Centered,2026,mlp,Diagnostic26
OR021@12_0,OR,0,1796.0,0.0015359459,0.0025399635,0.05361052,0.9423136,OR,0.9423136,0021,Opposite,2026,mlp,Diagnostic26
OR021@3_0,OR,0,1796.0,0.000981083,0.004260081,0.014562703,0.9801961,OR,0.9801961,0021,Orthogonal,2026,mlp,Diagnostic26
OR021@6_0,OR,0,1796.0,0.00056217506,0.0017251896,0.010737955,0.98697466,OR,0.98697466,0021,Centered,2026,mlp,Diagnostic26
B007_1,B,1,1772.0,0.0037352745309952,0.9055835609934056,0.0187487429127744,0.0719324215628246,B,0.9055835609934056,0007,,2026,logistic_regression,Diagnostic26
B014_1,B,1,1772.0,0.0015977917508635,0.9240802697921472,0.0012010150340593,0.0731209234229299,B,0.9240802697921472,0014,,2026,logistic_regression,Diagnostic26
B021_1,B,1,1774.0,0.0005009179015181,0.4475176773723639,0.0077298601758727,0.5442515445502452,OR,0.5442515445502452,0021,,2026,logistic_regression,Diagnostic26
IR007_1,IR,1,1772.0,0.0019671839429471,0.0080918720667833,0.9859604910259409,0.0039804529643285,IR,0.9859604910259409,0007,,2026,logistic_regression,Diagnostic26
IR014_1,IR,1,1772.0,0.000523502178149,0.0137252625270936,0.9039015758408678,0.0818496594538896,IR,0.9039015758408678,0014,,2026,logistic_regression,Diagnostic26
IR021_1,IR,1,1774.0,0.0014594051819114,0.0514365884466857,0.8383224065502048,0.1087815998211977,IR,0.8383224065502048,0021,,2026,logistic_regression,Diagnostic26
OR007@6_1,OR,1,1774.0,0.000221461995732,0.0001264191777978,0.0171706204843144,0.9824814983421556,OR,0.9824814983421556,0007,Centered,2026,logistic_regression,Diagnostic26
OR014@6_1,OR,1,1772.0,0.0070419866146479,0.7768188928258658,0.0288670885671055,0.1872720319923806,B,0.7768188928258658,0014,Centered,2026,logistic_regression,Diagnostic26
OR021@6_1,OR,1,1771.0,0.0004575447754517,0.0021111572030992,0.0229935144785514,0.9744377835428976,OR,0.9744377835428976,0021,Centered,2026,logistic_regression,Diagnostic26
OR007@12_1,OR,1,1772.0,0.0016625492960849,0.014507001358854,0.2105246359883924,0.7733058133566685,OR,0.7733058133566685,0007,Opposite,2026,logistic_regression,Diagnostic26
OR021@12_1,OR,1,1771.0,0.0002859112557599,0.0004666869985799,0.0791691275357367,0.9200782742099234,OR,0.9200782742099234,0021,Opposite,2026,logistic_regression,Diagnostic26
OR007@3_1,OR,1,1773.0,0.0013825023447448,0.0042520358206204,0.0520141921236723,0.9423512697109624,OR,0.9423512697109624,0007,Orthogonal,2026,logistic_regression,Diagnostic26
OR021@3_1,OR,1,1770.0,0.001432899443595,0.0216763260202492,0.0551568812715899,0.9217338932645656,OR,0.9217338932645656,0021,Orthogonal,2026,logistic_regression,Diagnostic26
N_1_(1772rpm),N,1,1772.0,0.9907123385206236,0.0042443469618916,0.000993637920367,0.0040496765971175,N,0.9907123385206236,,,2026,logistic_regression,Diagnostic26
B007_1,B,1,1772.0,0.0211873103468114,0.8047887487587292,0.0369891445436539,0.1370347963508055,B,0.8047887487587292,0007,,2026,rbf_svm,Diagnostic26
B014_1,B,1,1772.0,0.0326956999063931,0.6370931242734154,0.0854983797300445,0.244712796090147,B,0.6370931242734154,0014,,2026,rbf_svm,Diagnostic26
B021_1,B,1,1774.0,0.0450470445675744,0.4688618182246378,0.1149992092459934,0.3710919279617944,B,0.4688618182246378,0021,,2026,rbf_svm,Diagnostic26
IR007_1,IR,1,1772.0,0.0265497532846724,0.0289723084964857,0.9105291630182548,0.0339487752005869,IR,0.9105291630182548,0007,,2026,rbf_svm,Diagnostic26
IR014_1,IR,1,1772.0,0.032334374379209,0.0231617388076316,0.8496801912632564,0.0948236955499028,IR,0.8496801912632564,0014,,2026,rbf_svm,Diagnostic26
IR021_1,IR,1,1774.0,0.0259777317393975,0.0496591437649191,0.8246218293132261,0.0997412951824569,IR,0.8246218293132261,0021,,2026,rbf_svm,Diagnostic26
OR007@6_1,OR,1,1774.0,0.0679487447966872,0.0398825524144737,0.0953853617973291,0.7967833409915102,OR,0.7967833409915102,0007,Centered,2026,rbf_svm,Diagnostic26
OR014@6_1,OR,1,1772.0,0.0253914250675705,0.7221869926108231,0.0464833743560263,0.2059382079655801,B,0.7221869926108231,0014,Centered,2026,rbf_svm,Diagnostic26
OR021@6_1,OR,1,1771.0,0.0694439410100611,0.0415090543025664,0.1047908022565796,0.784256202430793,OR,0.784256202430793,0021,Centered,2026,rbf_svm,Diagnostic26
OR007@12_1,OR,1,1772.0,0.0502113726555564,0.0350745355841329,0.377538497059982,0.5371755947003287,OR,0.5371755947003287,0007,Opposite,2026,rbf_svm,Diagnostic26
OR021@12_1,OR,1,1771.0,0.0682970188095553,0.0409501437748038,0.0864996713406348,0.8042531660750061,OR,0.8042531660750061,0021,Opposite,2026,rbf_svm,Diagnostic26
OR007@3_1,OR,1,1773.0,0.0590259242122092,0.0459817776503205,0.1000609663520157,0.7949313317854546,OR,0.7949313317854546,0007,Orthogonal,2026,rbf_svm,Diagnostic26
OR021@3_1,OR,1,1770.0,0.0619012304215729,0.048912741584264,0.0959810707729222,0.7932049572212408,OR,0.7932049572212408,0021,Orthogonal,2026,rbf_svm,Diagnostic26
N_1_(1772rpm),N,1,1772.0,0.1444473360033632,0.1979615466341945,0.2172117992995046,0.4403793180629377,OR,0.4403793180629377,,,2026,rbf_svm,Diagnostic26
B007_1,B,1,1772.0,0.012,0.51,0.104,0.374,B,0.51,0007,,2026,random_forest,Diagnostic26
B014_1,B,1,1772.0,0.026,0.72,0.034,0.22,B,0.72,0014,,2026,random_forest,Diagnostic26
B021_1,B,1,1774.0,0.0,0.538,0.178,0.284,B,0.538,0021,,2026,random_forest,Diagnostic26
IR007_1,IR,1,1772.0,0.012,0.008,0.8,0.18,IR,0.8,0007,,2026,random_forest,Diagnostic26
IR014_1,IR,1,1772.0,0.0,0.008,0.668,0.324,IR,0.668,0014,,2026,random_forest,Diagnostic26
IR021_1,IR,1,1774.0,0.002,0.042,0.744,0.212,IR,0.744,0021,,2026,random_forest,Diagnostic26
OR007@6_1,OR,1,1774.0,0.002,0.002,0.054,0.942,OR,0.942,0007,Centered,2026,random_forest,Diagnostic26
OR014@6_1,OR,1,1772.0,0.014,0.348,0.1,0.538,OR,0.538,0014,Centered,2026,random_forest,Diagnostic26
OR021@6_1,OR,1,1771.0,0.0,0.002,0.06,0.938,OR,0.938,0021,Centered,2026,random_forest,Diagnostic26
OR007@12_1,OR,1,1772.0,0.002,0.0,0.14,0.858,OR,0.858,0007,Opposite,2026,random_forest,Diagnostic26
OR021@12_1,OR,1,1771.0,0.0,0.002,0.12,0.878,OR,0.878,0021,Opposite,2026,random_forest,Diagnostic26
OR007@3_1,OR,1,1773.0,0.0,0.004,0.056,0.94,OR,0.94,0007,Orthogonal,2026,random_forest,Diagnostic26
OR021@3_1,OR,1,1770.0,0.0,0.006,0.146,0.848,OR,0.848,0021,Orthogonal,2026,random_forest,Diagnostic26
N_1_(1772rpm),N,1,1772.0,0.8,0.078,0.038,0.084,N,0.8,,,2026,random_forest,Diagnostic26
B007_1,B,1,1772.0,0.0072605116,0.677988,0.0048123435,0.30993915,B,0.677988,0007,,2026,mlp,Diagnostic26
B014_1,B,1,1772.0,0.008718145,0.93178844,0.008176816,0.05131657,B,0.93178844,0014,,2026,mlp,Diagnostic26
B021_1,B,1,1774.0,0.0047272905,0.84022456,0.14497976,0.010068371,B,0.84022456,0021,,2026,mlp,Diagnostic26
IR007_1,IR,1,1772.0,0.0014952703,0.0020230308,0.9951866,0.0012950768,IR,0.9951866,0007,,2026,mlp,Diagnostic26
IR014_1,IR,1,1772.0,0.003643431,0.0923261,0.89960337,0.0044271327,IR,0.89960337,0014,,2026,mlp,Diagnostic26
IR021_1,IR,1,1774.0,0.004432004,0.107518144,0.88293594,0.005113918,IR,0.88293594,0021,,2026,mlp,Diagnostic26
N_1_(1772rpm),N,1,1772.0,0.9949099,0.002807941,0.0012664371,0.0010157432,N,0.9949099,,,2026,mlp,Diagnostic26
OR007@12_1,OR,1,1772.0,0.003067476,0.0015250222,0.08496181,0.9104457,OR,0.9104457,0007,Opposite,2026,mlp,Diagnostic26
OR007@3_1,OR,1,1773.0,0.0020735788,0.0009392859,0.010535563,0.98645157,OR,0.98645157,0007,Orthogonal,2026,mlp,Diagnostic26
OR007@6_1,OR,1,1774.0,0.0010637294,0.0007139437,0.0032883019,0.994934,OR,0.994934,0007,Centered,2026,mlp,Diagnostic26
OR014@6_1,OR,1,1772.0,0.007199817,0.19584356,0.0065223775,0.79043424,OR,0.79043424,0014,Centered,2026,mlp,Diagnostic26
OR021@12_1,OR,1,1771.0,0.0015122165,0.0010685506,0.0037377041,0.9936815,OR,0.9936815,0021,Opposite,2026,mlp,Diagnostic26
OR021@3_1,OR,1,1770.0,0.0009564133,0.0015316402,0.0021530706,0.9953589,OR,0.9953589,0021,Orthogonal,2026,mlp,Diagnostic26
OR021@6_1,OR,1,1771.0,0.0013362567,0.0008044647,0.0044803345,0.993379,OR,0.993379,0021,Centered,2026,mlp,Diagnostic26
B007_2,B,2,1747.0,0.035966641668771,0.5905225732684636,0.1506005095338492,0.2229102755289161,B,0.5905225732684636,0007,,2026,logistic_regression,Diagnostic26
B014_2,B,2,1748.0,0.0063843563028001,0.936098041053071,0.0109196952165605,0.0465979074275683,B,0.936098041053071,0014,,2026,logistic_regression,Diagnostic26
B021_2,B,2,1754.0,0.0014329710193652,0.920600899442847,0.0262616095983265,0.0517045199394613,B,0.920600899442847,0021,,2026,logistic_regression,Diagnostic26
IR007_2,IR,2,1748.0,0.0340434141874614,0.053501551773655,0.796486988669326,0.1159680453695574,IR,0.796486988669326,0007,,2026,logistic_regression,Diagnostic26
IR014_2,IR,2,1751.0,0.005642296775308,0.0447610339316367,0.5793135591917086,0.3702831101013465,IR,0.5793135591917086,0014,,2026,logistic_regression,Diagnostic26
IR021_2,IR,2,1752.0,0.0100156316819961,0.0457006198228972,0.7006766548959543,0.2436070935991523,IR,0.7006766548959543,0021,,2026,logistic_regression,Diagnostic26
OR007@6_2,OR,2,1750.0,0.0041580131883441,0.0064615101104298,0.0822430814378995,0.9071373952633264,OR,0.9071373952633264,0007,Centered,2026,logistic_regression,Diagnostic26
OR014@6_2,OR,2,1749.0,0.0026734710620794,0.9729186777622564,0.004467127603029,0.0199407235726352,B,0.9729186777622564,0014,Centered,2026,logistic_regression,Diagnostic26
OR021@6_2,OR,2,1747.0,0.0046182862977705,0.0244569748074792,0.0545063268977998,0.9164184119969504,OR,0.9164184119969504,0021,Centered,2026,logistic_regression,Diagnostic26
OR007@12_2,OR,2,1749.0,0.0103709889195527,0.057699509281063,0.30308811975735,0.6288413820420342,OR,0.6288413820420342,0007,Opposite,2026,logistic_regression,Diagnostic26
OR021@12_2,OR,2,1746.0,0.0041974633567564,0.0109785438135864,0.1489415578084453,0.8358824350212117,OR,0.8358824350212117,0021,Opposite,2026,logistic_regression,Diagnostic26
OR007@3_2,OR,2,1750.0,0.0111597556128609,0.0307630479560728,0.1915294691331974,0.7665477272978687,OR,0.7665477272978687,0007,Orthogonal,2026,logistic_regression,Diagnostic26
OR021@3_2,OR,2,1746.0,0.0127058820146035,0.0714736413269476,0.2385018972038557,0.6773185794545931,OR,0.6773185794545931,0021,Orthogonal,2026,logistic_regression,Diagnostic26
N_2_(1750rpm),N,2,1750.0,0.9599826856116588,0.0113074641625699,0.0075616399748213,0.0211482102509499,N,0.9599826856116588,,,2026,logistic_regression,Diagnostic26
B007_2,B,2,1747.0,0.0223532836491011,0.7041639881345797,0.0530783519524852,0.2204043762638339,B,0.7041639881345797,0007,,2026,rbf_svm,Diagnostic26
B014_2,B,2,1748.0,0.0644214310485242,0.6050743250485066,0.1907848667848468,0.1397193771181223,B,0.6050743250485066,0014,,2026,rbf_svm,Diagnostic26
B021_2,B,2,1754.0,0.0330836804668876,0.7586186145637588,0.0849704878383249,0.1233272171310285,B,0.7586186145637588,0021,,2026,rbf_svm,Diagnostic26
IR007_2,IR,2,1748.0,0.0264381473383541,0.0291304281434634,0.910864253977656,0.0335671705405263,IR,0.910864253977656,0007,,2026,rbf_svm,Diagnostic26
IR014_2,IR,2,1751.0,0.0197000804148086,0.0175847154335767,0.7036149300372319,0.2591002741143829,IR,0.7036149300372319,0014,,2026,rbf_svm,Diagnostic26
IR021_2,IR,2,1752.0,0.022897502274475,0.025481360356248,0.91577831120713,0.0358428261621468,IR,0.91577831120713,0021,,2026,rbf_svm,Diagnostic26
OR007@6_2,OR,2,1750.0,0.0189916410604545,0.0231453396142636,0.0467553076664229,0.9111077116588588,OR,0.9111077116588588,0007,Centered,2026,rbf_svm,Diagnostic26
OR014@6_2,OR,2,1749.0,0.0325024227126169,0.7785369295092711,0.0402383596684777,0.1487222881096344,B,0.7785369295092711,0014,Centered,2026,rbf_svm,Diagnostic26
OR021@6_2,OR,2,1747.0,0.02532764089506,0.0396746779527112,0.0502625048734687,0.8847351762787599,OR,0.8847351762787599,0021,Centered,2026,rbf_svm,Diagnostic26
OR007@12_2,OR,2,1749.0,0.0128626072246572,0.0234617745056501,0.1986897833311026,0.7649858349385901,OR,0.7649858349385901,0007,Opposite,2026,rbf_svm,Diagnostic26
OR021@12_2,OR,2,1746.0,0.0187037192579198,0.0249817614252945,0.052971380482958,0.9033431388338276,OR,0.9033431388338276,0021,Opposite,2026,rbf_svm,Diagnostic26
OR007@3_2,OR,2,1750.0,0.015771349140838,0.0258150295726723,0.0717164245253682,0.8866971967611212,OR,0.8866971967611212,0007,Orthogonal,2026,rbf_svm,Diagnostic26
OR021@3_2,OR,2,1746.0,0.013934219444391,0.0324441151304703,0.080815095618028,0.8728065698071106,OR,0.8728065698071106,0021,Orthogonal,2026,rbf_svm,Diagnostic26
N_2_(1750rpm),N,2,1750.0,0.85636596718126,0.0363935075533336,0.0401196444928873,0.0671208807725191,N,0.85636596718126,,,2026,rbf_svm,Diagnostic26
B007_2,B,2,1747.0,0.02,0.534,0.02,0.426,B,0.534,0007,,2026,random_forest,Diagnostic26
B014_2,B,2,1748.0,0.028,0.76,0.068,0.144,B,0.76,0014,,2026,random_forest,Diagnostic26
B021_2,B,2,1754.0,0.0,0.792,0.134,0.074,B,0.792,0021,,2026,random_forest,Diagnostic26
IR007_2,IR,2,1748.0,0.04,0.02,0.752,0.188,IR,0.752,0007,,2026,random_forest,Diagnostic26
IR014_2,IR,2,1751.0,0.0,0.006,0.51,0.484,IR,0.51,0014,,2026,random_forest,Diagnostic26
IR021_2,IR,2,1752.0,0.018,0.014,0.652,0.316,IR,0.652,0021,,2026,random_forest,Diagnostic26
OR007@6_2,OR,2,1750.0,0.008,0.002,0.102,0.888,OR,0.888,0007,Centered,2026,random_forest,Diagnostic26
OR014@6_2,OR,2,1749.0,0.002,0.64,0.046,0.312,B,0.64,0014,Centered,2026,random_forest,Diagnostic26
OR021@6_2,OR,2,1747.0,0.004,0.052,0.046,0.898,OR,0.898,0021,Centered,2026,random_forest,Diagnostic26
OR007@12_2,OR,2,1749.0,0.0,0.002,0.148,0.85,OR,0.85,0007,Opposite,2026,random_forest,Diagnostic26
OR021@12_2,OR,2,1746.0,0.002,0.012,0.072,0.914,OR,0.914,0021,Opposite,2026,random_forest,Diagnostic26
OR007@3_2,OR,2,1750.0,0.028,0.01,0.144,0.818,OR,0.818,0007,Orthogonal,2026,random_forest,Diagnostic26
OR021@3_2,OR,2,1746.0,0.002,0.028,0.108,0.862,OR,0.862,0021,Orthogonal,2026,random_forest,Diagnostic26
N_2_(1750rpm),N,2,1750.0,0.764,0.056,0.074,0.106,N,0.764,,,2026,random_forest,Diagnostic26
B007_2,B,2,1747.0,0.001568581,0.908452,0.00038731282,0.089592166,B,0.908452,0007,,2026,mlp,Diagnostic26
B014_2,B,2,1748.0,0.0008423208,0.9930988,0.0032208953,0.0028379995,B,0.9930988,0014,,2026,mlp,Diagnostic26
B021_2,B,2,1754.0,0.0007567719,0.9844838,0.012911092,0.0018483439,B,0.9844838,0021,,2026,mlp,Diagnostic26
IR007_2,IR,2,1748.0,0.0007155052,0.00048166708,0.99865884,0.00014398072,IR,0.99865884,0007,,2026,mlp,Diagnostic26
IR014_2,IR,2,1751.0,0.00047209582,0.0005118876,0.9986514,0.00036467798,IR,0.9986514,0014,,2026,mlp,Diagnostic26
IR021_2,IR,2,1752.0,0.0039278315,0.0009002196,0.9760207,0.019151289,IR,0.9760207,0021,,2026,mlp,Diagnostic26
N_2_(1750rpm),N,2,1750.0,0.9984368,0.0008539772,0.00038924845,0.00032001018,N,0.9984368,,,2026,mlp,Diagnostic26
OR007@12_2,OR,2,1749.0,0.0006719539,0.00067992794,0.0030983998,0.99554974,OR,0.99554974,0007,Opposite,2026,mlp,Diagnostic26
OR007@3_2,OR,2,1750.0,0.00046526655,0.00029376955,0.000741277,0.9984997,OR,0.9984997,0007,Orthogonal,2026,mlp,Diagnostic26
OR007@6_2,OR,2,1750.0,0.000425439,0.0001956763,0.00046421302,0.99891466,OR,0.99891466,0007,Centered,2026,mlp,Diagnostic26
OR014@6_2,OR,2,1749.0,0.0031108647,0.09993021,0.12577227,0.7711867,OR,0.7711867,0014,Centered,2026,mlp,Diagnostic26
OR021@12_2,OR,2,1746.0,0.0004996594,0.00026265072,0.000545293,0.9986924,OR,0.9986924,0021,Opposite,2026,mlp,Diagnostic26
OR021@3_2,OR,2,1746.0,0.00057534623,0.00033890337,0.0001812923,0.9989044,OR,0.9989044,0021,Orthogonal,2026,mlp,Diagnostic26
OR021@6_2,OR,2,1747.0,0.0006339581,0.00022513696,0.0004007151,0.9987402,OR,0.9987402,0021,Centered,2026,mlp,Diagnostic26
B007_3,B,3,1721.0,0.0218810138942128,0.8100207687606756,0.0652568932281876,0.1028413241169238,B,0.8100207687606756,0007,,2026,logistic_regression,Diagnostic26
B014_3,B,3,1725.0,0.0048757349441865,0.9299591095391734,0.0049813497623387,0.0601838057543011,B,0.9299591095391734,0014,,2026,logistic_regression,Diagnostic26
B021_3,B,3,1729.0,0.0001372623130841,0.9935282269450604,0.0001782062049798,0.0061563045368756,B,0.9935282269450604,0021,,2026,logistic_regression,Diagnostic26
IR007_3,IR,3,1721.0,0.0423829064870585,0.0890275235778199,0.8018862466640237,0.0667033232710977,IR,0.8018862466640237,0007,,2026,logistic_regression,Diagnostic26
IR014_3,IR,3,1726.0,0.9750636922252172,0.0249361147513919,1.930233734203601e-07,1.7534340254332104e-14,N,0.9750636922252172,0014,,2026,logistic_regression,Diagnostic26
IR021_3,IR,3,1727.0,0.0096134533735558,0.0790147794535269,0.7784587816108561,0.1329129855620611,IR,0.7784587816108561,0021,,2026,logistic_regression,Diagnostic26
OR007@6_3,OR,3,1725.0,0.0052822405334116,0.0133176368605419,0.0927098012236937,0.8886903213823528,OR,0.8886903213823528,0007,Centered,2026,logistic_regression,Diagnostic26
OR014@6_3,OR,3,1723.0,0.0350856086570522,0.5430022958733307,0.2245474763596138,0.1973646191100031,B,0.5430022958733307,0014,Centered,2026,logistic_regression,Diagnostic26
OR021@6_3,OR,3,1719.0,0.0066052438896743,0.0358196489203568,0.0678251704881257,0.8897499367018432,OR,0.8897499367018432,0021,Centered,2026,logistic_regression,Diagnostic26
OR007@12_3,OR,3,1723.0,0.0113827145302433,0.0958387303942177,0.3393879068069189,0.5533906482686201,OR,0.5533906482686201,0007,Opposite,2026,logistic_regression,Diagnostic26
OR021@12_3,OR,3,1718.0,0.0051954236054828,0.0164750597319797,0.2058810946280902,0.7724484220344472,OR,0.7724484220344472,0021,Opposite,2026,logistic_regression,Diagnostic26
OR007@3_3,OR,3,1724.0,0.0117871032225367,0.0472555283456743,0.1305236587756599,0.8104337096561289,OR,0.8104337096561289,0007,Orthogonal,2026,logistic_regression,Diagnostic26
OR021@3_3,OR,3,1719.0,0.016603318478259,0.0749434667165192,0.2875086359116698,0.6209445788935518,OR,0.6209445788935518,0021,Orthogonal,2026,logistic_regression,Diagnostic26
N_3,N,3,1725.0,0.9632802019340876,0.0129880462424292,0.0054787760582765,0.0182529757652067,N,0.9632802019340876,,,2026,logistic_regression,Diagnostic26
B007_3,B,3,1721.0,0.0325241005966988,0.8004985917869061,0.0226833015540829,0.144294006062312,B,0.8004985917869061,0007,,2026,rbf_svm,Diagnostic26
B014_3,B,3,1725.0,0.0406851961103565,0.7220825433370192,0.0342787651039289,0.2029534954486954,B,0.7220825433370192,0014,,2026,rbf_svm,Diagnostic26
B021_3,B,3,1729.0,0.0970411231382694,0.4661510537467249,0.1307402047023844,0.3060676184126212,B,0.4661510537467249,0021,,2026,rbf_svm,Diagnostic26
IR007_3,IR,3,1721.0,0.0467563452101,0.1073390964632605,0.777060374216454,0.0688441841101856,IR,0.777060374216454,0007,,2026,rbf_svm,Diagnostic26
IR014_3,IR,3,1726.0,0.1138716252760537,0.3625203389660092,0.1694590116650683,0.3541490240928687,B,0.3625203389660092,0014,,2026,rbf_svm,Diagnostic26
IR021_3,IR,3,1727.0,0.0387506896189736,0.0904343826884429,0.8199542044807789,0.0508607232118043,IR,0.8199542044807789,0021,,2026,rbf_svm,Diagnostic26
OR007@6_3,OR,3,1725.0,0.0182160688213267,0.0238085931392549,0.0308300399081571,0.9271452981312612,OR,0.9271452981312612,0007,Centered,2026,rbf_svm,Diagnostic26
OR014@6_3,OR,3,1723.0,0.0298963767885083,0.6063113827140795,0.0912567242525792,0.2725355162448328,B,0.6063113827140795,0014,Centered,2026,rbf_svm,Diagnostic26
OR021@6_3,OR,3,1719.0,0.021333700363726,0.0329656485639983,0.0292904913161267,0.9164101597561488,OR,0.9164101597561488,0021,Centered,2026,rbf_svm,Diagnostic26
OR007@12_3,OR,3,1723.0,0.0149160087999715,0.0314860688192245,0.2179160755802496,0.7356818468005539,OR,0.7356818468005539,0007,Opposite,2026,rbf_svm,Diagnostic26
OR021@12_3,OR,3,1718.0,0.0184734275260007,0.0186228992260746,0.0545672644285296,0.9083364088193951,OR,0.9083364088193951,0021,Opposite,2026,rbf_svm,Diagnostic26
OR007@3_3,OR,3,1724.0,0.0162891502596768,0.0330796780175183,0.0241195171785465,0.9265116545442588,OR,0.9265116545442588,0007,Orthogonal,2026,rbf_svm,Diagnostic26
OR021@3_3,OR,3,1719.0,0.0173869783814934,0.0283002050573759,0.0486511015311646,0.9056617150299658,OR,0.9056617150299658,0021,Orthogonal,2026,rbf_svm,Diagnostic26
N_3,N,3,1725.0,0.7106849507314836,0.1169549401391621,0.0679618670440717,0.1043982420852826,N,0.7106849507314836,,,2026,rbf_svm,Diagnostic26
B007_3,B,3,1721.0,0.054,0.702,0.036,0.208,B,0.702,0007,,2026,random_forest,Diagnostic26
B014_3,B,3,1725.0,0.014,0.776,0.024,0.186,B,0.776,0014,,2026,random_forest,Diagnostic26
B021_3,B,3,1729.0,0.01,0.73,0.09,0.17,B,0.73,0021,,2026,random_forest,Diagnostic26
IR007_3,IR,3,1721.0,0.044,0.082,0.73,0.144,IR,0.73,0007,,2026,random_forest,Diagnostic26
IR014_3,IR,3,1726.0,0.064,0.44,0.118,0.378,B,0.44,0014,,2026,random_forest,Diagnostic26
IR021_3,IR,3,1727.0,0.008,0.048,0.598,0.346,IR,0.598,0021,,2026,random_forest,Diagnostic26
OR007@6_3,OR,3,1725.0,0.002,0.0,0.112,0.886,OR,0.886,0007,Centered,2026,random_forest,Diagnostic26
OR014@6_3,OR,3,1723.0,0.078,0.354,0.198,0.37,OR,0.37,0014,Centered,2026,random_forest,Diagnostic26
OR021@6_3,OR,3,1719.0,0.01,0.056,0.042,0.892,OR,0.892,0021,Centered,2026,random_forest,Diagnostic26
OR007@12_3,OR,3,1723.0,0.008,0.134,0.136,0.722,OR,0.722,0007,Opposite,2026,random_forest,Diagnostic26
OR021@12_3,OR,3,1718.0,0.002,0.006,0.12,0.872,OR,0.872,0021,Opposite,2026,random_forest,Diagnostic26
OR007@3_3,OR,3,1724.0,0.006,0.008,0.106,0.88,OR,0.88,0007,Orthogonal,2026,random_forest,Diagnostic26
OR021@3_3,OR,3,1719.0,0.004,0.052,0.174,0.77,OR,0.77,0021,Orthogonal,2026,random_forest,Diagnostic26
N_3,N,3,1725.0,0.848,0.068,0.04,0.044,N,0.848,,,2026,random_forest,Diagnostic26
B007_3,B,3,1721.0,0.0045185448,0.92354953,0.0034318794,0.068500094,B,0.92354953,0007,,2026,mlp,Diagnostic26
B014_3,B,3,1725.0,0.0050940225,0.9709164,0.0034627097,0.020526847,B,0.9709164,0014,,2026,mlp,Diagnostic26
B021_3,B,3,1729.0,0.009763061,0.787135,0.16818352,0.034918405,B,0.787135,0021,,2026,mlp,Diagnostic26
IR007_3,IR,3,1721.0,0.0021019732,0.011543666,0.9842571,0.002097336,IR,0.9842571,0007,,2026,mlp,Diagnostic26
IR014_3,IR,3,1726.0,0.1418158,0.014393719,0.81582075,0.027969744,IR,0.81582075,0014,,2026,mlp,Diagnostic26
IR021_3,IR,3,1727.0,0.0024309135,0.005864606,0.98845404,0.003250397,IR,0.98845404,0021,,2026,mlp,Diagnostic26
N_3,N,3,1725.0,0.99327976,0.002764544,0.001310212,0.0026454427,N,0.99327976,,,2026,mlp,Diagnostic26
OR007@12_3,OR,3,1723.0,0.0021120629,0.002629735,0.0080099,0.9872483,OR,0.9872483,0007,Opposite,2026,mlp,Diagnostic26
OR007@3_3,OR,3,1724.0,0.0022407253,0.0013608666,0.0021313329,0.99426705,OR,0.99426705,0007,Orthogonal,2026,mlp,Diagnostic26
OR007@6_3,OR,3,1725.0,0.0023890776,0.0013066762,0.002070474,0.9942337,OR,0.9942337,0007,Centered,2026,mlp,Diagnostic26
OR014@6_3,OR,3,1723.0,0.008637307,0.76128227,0.003621595,0.22645883,B,0.76128227,0014,Centered,2026,mlp,Diagnostic26
OR021@12_3,OR,3,1718.0,0.0028731117,0.001550076,0.007927531,0.98764926,OR,0.98764926,0021,Opposite,2026,mlp,Diagnostic26
OR021@3_3,OR,3,1719.0,0.0023005016,0.0014472626,0.0030502423,0.99320203,OR,0.99320203,0021,Orthogonal,2026,mlp,Diagnostic26
OR021@6_3,OR,3,1719.0,0.0029999143,0.0014532494,0.0022502034,0.9932966,OR,0.9932966,0021,Centered,2026,mlp,Diagnostic26
B007_0,B,0,1796.0,0.0418643200972835,0.5071223763449911,0.0988818719715513,0.3521314315861741,B,0.5071223763449911,0007,,2027,logistic_regression,Diagnostic26
B014_0,B,0,1797.0,0.0135071654200029,0.8168041487355553,0.0881082976438126,0.0815803882006289,B,0.8168041487355553,0014,,2027,logistic_regression,Diagnostic26
B021_0,B,0,1797.0,0.0181769290091385,0.319469960037186,0.5198278418190048,0.1425252691346706,IR,0.5198278418190048,0021,,2027,logistic_regression,Diagnostic26
IR007_0,IR,0,1796.0,0.0426288604471646,0.0830743685303335,0.7353190544132822,0.1389777166092194,IR,0.7353190544132822,0007,,2027,logistic_regression,Diagnostic26
IR014_0,IR,0,1796.0,0.0138355795173764,0.1924472243004411,0.2794364713816243,0.514280724800558,OR,0.514280724800558,0014,,2027,logistic_regression,Diagnostic26
IR021_0,IR,0,1796.0,0.0095100454818534,0.0885918460881003,0.7101297172904775,0.1917683911395688,IR,0.7101297172904775,0021,,2027,logistic_regression,Diagnostic26
OR007@6_0,OR,0,1796.0,0.0026342890628598,0.0037086950776688,0.0587859508216807,0.9348710650377904,OR,0.9348710650377904,0007,Centered,2027,logistic_regression,Diagnostic26
OR014@6_0,OR,0,1796.0,0.0214000664020453,0.7382436975451668,0.0549065069474765,0.1854497291053112,B,0.7382436975451668,0014,Centered,2027,logistic_regression,Diagnostic26
OR021@6_0,OR,0,1796.0,0.0066702179041234,0.0365546328229051,0.1143269078863787,0.8424482413865927,OR,0.8424482413865927,0021,Centered,2027,logistic_regression,Diagnostic26
OR007@12_0,OR,0,1796.0,0.018339249899072,0.1899908946422911,0.1051335104794748,0.6865363449791619,OR,0.6865363449791619,0007,Opposite,2027,logistic_regression,Diagnostic26
OR021@12_0,OR,0,1796.0,0.0037076932213595,0.0090545381751936,0.2439373883859478,0.7433003802174989,OR,0.7433003802174989,0021,Opposite,2027,logistic_regression,Diagnostic26
OR007@3_0,OR,0,1797.0,0.0133119598247108,0.0575979248551773,0.125988048584706,0.8031020667354056,OR,0.8031020667354056,0007,Orthogonal,2027,logistic_regression,Diagnostic26
OR021@3_0,OR,0,1796.0,0.0274930559562749,0.1283309932823075,0.1794509038603468,0.6647250469010707,OR,0.6647250469010707,0021,Orthogonal,2027,logistic_regression,Diagnostic26
N_0,N,0,1796.0,0.9404113445300653,0.0146503179694659,0.0371040445631423,0.0078342929373264,N,0.9404113445300653,,,2027,logistic_regression,Diagnostic26
B007_0,B,0,1796.0,0.0248245110147971,0.6334374086908487,0.0431009774845637,0.2986371028097902,B,0.6334374086908487,0007,,2027,rbf_svm,Diagnostic26
B014_0,B,0,1797.0,0.0372804406925908,0.5015547422717467,0.165277951419586,0.2958868656160763,B,0.5015547422717467,0014,,2027,rbf_svm,Diagnostic26
B021_0,B,0,1797.0,0.0305711294407056,0.2726470042481008,0.4800627967687654,0.2167190695424279,IR,0.4800627967687654,0021,,2027,rbf_svm,Diagnostic26
IR007_0,IR,0,1796.0,0.0317644891485822,0.0617823671844756,0.8138537037140452,0.0925994399528966,IR,0.8138537037140452,0007,,2027,rbf_svm,Diagnostic26
IR014_0,IR,0,1796.0,0.0197221679523531,0.1201643108985693,0.2725238533210562,0.5875896678280207,OR,0.5875896678280207,0014,,2027,rbf_svm,Diagnostic26
IR021_0,IR,0,1796.0,0.0272663999945709,0.0592069513692498,0.829008711091997,0.0845179375441821,IR,0.829008711091997,0021,,2027,rbf_svm,Diagnostic26
OR007@6_0,OR,0,1796.0,0.0249150472076113,0.0513006235471822,0.1027828908647253,0.8210014383804811,OR,0.8210014383804811,0007,Centered,2027,rbf_svm,Diagnostic26
OR014@6_0,OR,0,1796.0,0.0228469318568116,0.5788647778579167,0.0446658963514844,0.3536223939337871,B,0.5788647778579167,0014,Centered,2027,rbf_svm,Diagnostic26
OR021@6_0,OR,0,1796.0,0.0200732120372019,0.038797311498639,0.126039201167278,0.8150902752968812,OR,0.8150902752968812,0021,Centered,2027,rbf_svm,Diagnostic26
OR007@12_0,OR,0,1796.0,0.0163543406779604,0.128154190125817,0.0571334196598039,0.7983580495364185,OR,0.7983580495364185,0007,Opposite,2027,rbf_svm,Diagnostic26
OR021@12_0,OR,0,1796.0,0.0225914546571164,0.040352053045887,0.1051546778998549,0.8319018143971417,OR,0.8319018143971417,0021,Opposite,2027,rbf_svm,Diagnostic26
OR007@3_0,OR,0,1797.0,0.0168116083519956,0.0454841287280214,0.06339367338154,0.8743105895384427,OR,0.8743105895384427,0007,Orthogonal,2027,rbf_svm,Diagnostic26
OR021@3_0,OR,0,1796.0,0.0222039480205601,0.0776057136230985,0.0902489721485513,0.8099413662077901,OR,0.8099413662077901,0021,Orthogonal,2027,rbf_svm,Diagnostic26
N_0,N,0,1796.0,0.1414300248448129,0.2515120597386265,0.3222290514264292,0.2848288639901316,IR,0.3222290514264292,,,2027,rbf_svm,Diagnostic26
B007_0,B,0,1796.0,0.0593881763231608,0.4109316356687634,0.0647071047049947,0.4649730833030812,OR,0.4649730833030812,0007,,2027,random_forest,Diagnostic26
B014_0,B,0,1797.0,0.0304408369408369,0.6418004952253737,0.1274258660253612,0.2003328018084275,B,0.6418004952253737,0014,,2027,random_forest,Diagnostic26
B021_0,B,0,1797.0,0.0253309523809523,0.4432389503269296,0.229472297570265,0.3019577997218529,B,0.4432389503269296,0021,,2027,random_forest,Diagnostic26
IR007_0,IR,0,1796.0,0.0246754736303123,0.0313116935068341,0.5710848750632845,0.3729279577995687,IR,0.5710848750632845,0007,,2027,random_forest,Diagnostic26
IR014_0,IR,0,1796.0,0.0110111111111111,0.2169329903349219,0.1445854581125042,0.627470440441463,OR,0.627470440441463,0014,,2027,random_forest,Diagnostic26
IR021_0,IR,0,1796.0,0.0091437275985663,0.0916686713518555,0.5023942042320194,0.3967933968175587,IR,0.5023942042320194,0021,,2027,random_forest,Diagnostic26
OR007@6_0,OR,0,1796.0,0.0185348484848484,0.0097839009287925,0.0999422018683404,0.8717390487180191,OR,0.8717390487180191,0007,Centered,2027,random_forest,Diagnostic26
OR014@6_0,OR,0,1796.0,0.0215420634920634,0.7325553348130306,0.0360032428355957,0.2098993588593096,B,0.7325553348130306,0014,Centered,2027,random_forest,Diagnostic26
OR021@6_0,OR,0,1796.0,0.00725,0.0492090958605664,0.1489778532539918,0.7945630508854422,OR,0.7945630508854422,0021,Centered,2027,random_forest,Diagnostic26
OR007@12_0,OR,0,1796.0,0.0058275659824046,0.3027347099202327,0.1496798744822614,0.5417578496151015,OR,0.5417578496151015,0007,Opposite,2027,random_forest,Diagnostic26
OR021@12_0,OR,0,1796.0,0.0050555555555555,0.0032,0.2102611910964853,0.7814832533479599,OR,0.7814832533479599,0021,Opposite,2027,random_forest,Diagnostic26
OR007@3_0,OR,0,1797.0,0.0096049976163991,0.0238024784039489,0.1142228115108267,0.8523697124688254,OR,0.8523697124688254,0007,Orthogonal,2027,random_forest,Diagnostic26
OR021@3_0,OR,0,1796.0,0.0205220104268491,0.0714281518046224,0.1203614904153479,0.7876883473531809,OR,0.7876883473531809,0021,Orthogonal,2027,random_forest,Diagnostic26
N_0,N,0,1796.0,0.5534600676502246,0.1769101640630649,0.1345608876201531,0.1350688806665574,N,0.5534600676502246,,,2027,random_forest,Diagnostic26
B007_0,B,0,1796.0,0.024806527,0.4861911,0.013770742,0.47523165,B,0.4861911,0007,,2027,mlp,Diagnostic26
B014_0,B,0,1797.0,0.015314457,0.9429726,0.027040826,0.014672125,B,0.9429726,0014,,2027,mlp,Diagnostic26
B021_0,B,0,1797.0,0.011164563,0.6994088,0.26381415,0.025612453,B,0.6994088,0021,,2027,mlp,Diagnostic26
IR007_0,IR,0,1796.0,0.004701001,0.021625312,0.9496454,0.02402834,IR,0.9496454,0007,,2027,mlp,Diagnostic26
IR014_0,IR,0,1796.0,0.025135078,0.20605221,0.03100772,0.737805,OR,0.737805,0014,,2027,mlp,Diagnostic26
IR021_0,IR,0,1796.0,0.022976022,0.620609,0.3039987,0.052416258,B,0.620609,0021,,2027,mlp,Diagnostic26
N_0,N,0,1796.0,0.8707041,0.047244597,0.06327634,0.018774908,N,0.8707041,,,2027,mlp,Diagnostic26
OR007@12_0,OR,0,1796.0,0.008073848,0.020038549,0.005035441,0.9668522,OR,0.9668522,0007,Opposite,2027,mlp,Diagnostic26
OR007@3_0,OR,0,1797.0,0.007366238,0.0076749227,0.004453078,0.9805057,OR,0.9805057,0007,Orthogonal,2027,mlp,Diagnostic26
OR007@6_0,OR,0,1796.0,0.01009102,0.0057230513,0.011350277,0.97283566,OR,0.97283566,0007,Centered,2027,mlp,Diagnostic26
OR014@6_0,OR,0,1796.0,0.024194274,0.81080496,0.013385034,0.15161572,B,0.81080496,0014,Centered,2027,mlp,Diagnostic26
OR021@12_0,OR,0,1796.0,0.0095138885,0.005382674,0.035079252,0.9500242,OR,0.9500242,0021,Opposite,2027,mlp,Diagnostic26
OR021@3_0,OR,0,1796.0,0.0075173443,0.0055908463,0.006323572,0.98056823,OR,0.98056823,0021,Orthogonal,2027,mlp,Diagnostic26
OR021@6_0,OR,0,1796.0,0.008329855,0.0037118269,0.006509949,0.98144835,OR,0.98144835,0021,Centered,2027,mlp,Diagnostic26
B007_1,B,1,1772.0,0.0261033506983701,0.6635198258107651,0.1057563307257761,0.2046204927650886,B,0.6635198258107651,0007,,2027,logistic_regression,Diagnostic26
B014_1,B,1,1772.0,0.0105138653036011,0.8897034495859995,0.0195171502019741,0.080265534908425,B,0.8897034495859995,0014,,2027,logistic_regression,Diagnostic26
B021_1,B,1,1774.0,0.0043491083675191,0.763989385979931,0.0637497102149424,0.1679117954376074,B,0.763989385979931,0021,,2027,logistic_regression,Diagnostic26
IR007_1,IR,1,1772.0,0.0226446754152261,0.0614484243025459,0.8544325311049006,0.0614743691773272,IR,0.8544325311049006,0007,,2027,logistic_regression,Diagnostic26
IR014_1,IR,1,1772.0,0.0057210955655583,0.0682527585788638,0.6373766856336095,0.2886494602219684,IR,0.6373766856336095,0014,,2027,logistic_regression,Diagnostic26
IR021_1,IR,1,1774.0,0.009899589186846,0.1185335270722254,0.6417061008297571,0.2298607829111713,IR,0.6417061008297571,0021,,2027,logistic_regression,Diagnostic26
OR007@6_1,OR,1,1774.0,0.0047283312436733,0.0070962875268555,0.0971595530946173,0.8910158281348539,OR,0.8910158281348539,0007,Centered,2027,logistic_regression,Diagnostic26
OR014@6_1,OR,1,1772.0,0.0334294929533867,0.566381638197374,0.1327961729173049,0.2673926959319344,B,0.566381638197374,0014,Centered,2027,logistic_regression,Diagnostic26
OR021@6_1,OR,1,1771.0,0.0053996447472112,0.0257891833448875,0.0859898309779405,0.8828213409299607,OR,0.8828213409299607,0021,Centered,2027,logistic_regression,Diagnostic26
OR007@12_1,OR,1,1772.0,0.0117958137578644,0.0845934141938075,0.3409388371215769,0.562671934926751,OR,0.562671934926751,0007,Opposite,2027,logistic_regression,Diagnostic26
OR021@12_1,OR,1,1771.0,0.0040496869042951,0.0117308476569316,0.2173462428488982,0.766873222589875,OR,0.766873222589875,0021,Opposite,2027,logistic_regression,Diagnostic26
OR007@3_1,OR,1,1773.0,0.0145606793350476,0.0525442064394302,0.1958169638708369,0.7370781503546852,OR,0.7370781503546852,0007,Orthogonal,2027,logistic_regression,Diagnostic26
OR021@3_1,OR,1,1770.0,0.0119662251591541,0.0870872699613002,0.2257461657184087,0.6752003391611369,OR,0.6752003391611369,0021,Orthogonal,2027,logistic_regression,Diagnostic26
N_1_(1772rpm),N,1,1772.0,0.9407087178139376,0.0256749288231777,0.0144982569064323,0.0191180964564523,N,0.9407087178139376,,,2027,logistic_regression,Diagnostic26
B007_1,B,1,1772.0,0.0255410346530497,0.7190683568819419,0.0515637139865265,0.2038268944784819,B,0.7190683568819419,0007,,2027,rbf_svm,Diagnostic26
B014_1,B,1,1772.0,0.0375441675106041,0.6155110941590743,0.0608788929072916,0.28606584542303,B,0.6155110941590743,0014,,2027,rbf_svm,Diagnostic26
B021_1,B,1,1774.0,0.0326558800433467,0.5408702610896013,0.0976466993230347,0.3288271595440173,B,0.5408702610896013,0021,,2027,rbf_svm,Diagnostic26
IR007_1,IR,1,1772.0,0.0310918457385251,0.0308341249671372,0.9023906678351508,0.0356833614591869,IR,0.9023906678351508,0007,,2027,rbf_svm,Diagnostic26
IR014_1,IR,1,1772.0,0.0258213882496146,0.0243825387171051,0.7093898890883051,0.2404061839449748,IR,0.7093898890883051,0014,,2027,rbf_svm,Diagnostic26
IR021_1,IR,1,1774.0,0.0242301868392189,0.0539284719051388,0.8097755529276912,0.1120657883279509,IR,0.8097755529276912,0021,,2027,rbf_svm,Diagnostic26
OR007@6_1,OR,1,1774.0,0.0207672843565072,0.0204584805225322,0.075548523480694,0.8832257116402663,OR,0.8832257116402663,0007,Centered,2027,rbf_svm,Diagnostic26
OR014@6_1,OR,1,1772.0,0.0268202368313036,0.619729306362928,0.0652609124837166,0.2881895443220518,B,0.619729306362928,0014,Centered,2027,rbf_svm,Diagnostic26
OR021@6_1,OR,1,1771.0,0.0202912320271013,0.0276370096127434,0.0627566729394896,0.8893150854206653,OR,0.8893150854206653,0021,Centered,2027,rbf_svm,Diagnostic26
OR007@12_1,OR,1,1772.0,0.0165773483451367,0.0323553163397342,0.2419116811341907,0.7091556541809385,OR,0.7091556541809385,0007,Opposite,2027,rbf_svm,Diagnostic26
OR021@12_1,OR,1,1771.0,0.0205880215481405,0.0227998737207167,0.0798805316252795,0.876731573105863,OR,0.876731573105863,0021,Opposite,2027,rbf_svm,Diagnostic26
OR007@3_1,OR,1,1773.0,0.0176546365991339,0.0370819748027044,0.0884210460953311,0.8568423425028304,OR,0.8568423425028304,0007,Orthogonal,2027,rbf_svm,Diagnostic26
OR021@3_1,OR,1,1770.0,0.0157821298807417,0.035034075686668,0.0785879863521361,0.8705958080804542,OR,0.8705958080804542,0021,Orthogonal,2027,rbf_svm,Diagnostic26
N_1_(1772rpm),N,1,1772.0,0.6273251409764383,0.1293718213287193,0.1291186213823446,0.1141844163124976,N,0.6273251409764383,,,2027,rbf_svm,Diagnostic26
B007_1,B,1,1772.0,0.022,0.472,0.102,0.404,B,0.472,0007,,2027,random_forest,Diagnostic26
B014_1,B,1,1772.0,0.012,0.76,0.032,0.196,B,0.76,0014,,2027,random_forest,Diagnostic26
B021_1,B,1,1774.0,0.0,0.592,0.112,0.296,B,0.592,0021,,2027,random_forest,Diagnostic26
IR007_1,IR,1,1772.0,0.03,0.018,0.75,0.202,IR,0.75,0007,,2027,random_forest,Diagnostic26
IR014_1,IR,1,1772.0,0.0,0.022,0.592,0.386,IR,0.592,0014,,2027,random_forest,Diagnostic26
IR021_1,IR,1,1774.0,0.002,0.056,0.654,0.288,IR,0.654,0021,,2027,random_forest,Diagnostic26
OR007@6_1,OR,1,1774.0,0.0,0.0,0.068,0.932,OR,0.932,0007,Centered,2027,random_forest,Diagnostic26
OR014@6_1,OR,1,1772.0,0.014,0.348,0.1,0.538,OR,0.538,0014,Centered,2027,random_forest,Diagnostic26
OR021@6_1,OR,1,1771.0,0.002,0.014,0.052,0.932,OR,0.932,0021,Centered,2027,random_forest,Diagnostic26
OR007@12_1,OR,1,1772.0,0.0,0.016,0.174,0.81,OR,0.81,0007,Opposite,2027,random_forest,Diagnostic26
OR021@12_1,OR,1,1771.0,0.002,0.002,0.148,0.848,OR,0.848,0021,Opposite,2027,random_forest,Diagnostic26
OR007@3_1,OR,1,1773.0,0.002,0.006,0.078,0.914,OR,0.914,0007,Orthogonal,2027,random_forest,Diagnostic26
OR021@3_1,OR,1,1770.0,0.0,0.03,0.112,0.858,OR,0.858,0021,Orthogonal,2027,random_forest,Diagnostic26
N_1_(1772rpm),N,1,1772.0,0.788,0.076,0.044,0.092,N,0.788,,,2027,random_forest,Diagnostic26
B007_1,B,1,1772.0,0.019282406,0.67118293,0.04534068,0.26419398,B,0.67118293,0007,,2027,mlp,Diagnostic26
B014_1,B,1,1772.0,0.030407656,0.77198166,0.13993609,0.057674598,B,0.77198166,0014,,2027,mlp,Diagnostic26
B021_1,B,1,1774.0,0.021085184,0.41064152,0.49708304,0.07119022,IR,0.49708304,0021,,2027,mlp,Diagnostic26
IR007_1,IR,1,1772.0,0.032148115,0.038652312,0.9133584,0.015841192,IR,0.9133584,0007,,2027,mlp,Diagnostic26
IR014_1,IR,1,1772.0,0.019851988,0.08634502,0.85594666,0.037856344,IR,0.85594666,0014,,2027,mlp,Diagnostic26
IR021_1,IR,1,1774.0,0.019402673,0.09239992,0.83749276,0.050704684,IR,0.83749276,0021,,2027,mlp,Diagnostic26
N_1_(1772rpm),N,1,1772.0,0.9718734,0.01071049,0.010677528,0.0067385924,N,0.9718734,,,2027,mlp,Diagnostic26
OR007@12_1,OR,1,1772.0,0.01735564,0.07323755,0.3915541,0.5178527,OR,0.5178527,0007,Opposite,2027,mlp,Diagnostic26
OR007@3_1,OR,1,1773.0,0.009584567,0.018356597,0.035248455,0.9368104,OR,0.9368104,0007,Orthogonal,2027,mlp,Diagnostic26
OR007@6_1,OR,1,1774.0,0.013284943,0.018068252,0.04022944,0.9284173,OR,0.9284173,0007,Centered,2027,mlp,Diagnostic26
OR014@6_1,OR,1,1772.0,0.020166319,0.6269201,0.048779868,0.30413368,B,0.6269201,0014,Centered,2027,mlp,Diagnostic26
OR021@12_1,OR,1,1771.0,0.018169245,0.027201857,0.109764196,0.8448647,OR,0.8448647,0021,Opposite,2027,mlp,Diagnostic26
OR021@3_1,OR,1,1770.0,0.010567671,0.027460974,0.06789187,0.8940795,OR,0.8940795,0021,Orthogonal,2027,mlp,Diagnostic26
OR021@6_1,OR,1,1771.0,0.013381901,0.020616325,0.0444757,0.9215261,OR,0.9215261,0021,Centered,2027,mlp,Diagnostic26
B007_2,B,2,1747.0,0.035966641668771,0.5905225732684636,0.1506005095338492,0.2229102755289161,B,0.5905225732684636,0007,,2027,logistic_regression,Diagnostic26
B014_2,B,2,1748.0,0.0063843563028001,0.936098041053071,0.0109196952165605,0.0465979074275683,B,0.936098041053071,0014,,2027,logistic_regression,Diagnostic26
B021_2,B,2,1754.0,0.0014329710193652,0.920600899442847,0.0262616095983265,0.0517045199394613,B,0.920600899442847,0021,,2027,logistic_regression,Diagnostic26
IR007_2,IR,2,1748.0,0.0340434141874614,0.053501551773655,0.796486988669326,0.1159680453695574,IR,0.796486988669326,0007,,2027,logistic_regression,Diagnostic26
IR014_2,IR,2,1751.0,0.005642296775308,0.0447610339316367,0.5793135591917086,0.3702831101013465,IR,0.5793135591917086,0014,,2027,logistic_regression,Diagnostic26
IR021_2,IR,2,1752.0,0.0100156316819961,0.0457006198228972,0.7006766548959543,0.2436070935991523,IR,0.7006766548959543,0021,,2027,logistic_regression,Diagnostic26
OR007@6_2,OR,2,1750.0,0.0041580131883441,0.0064615101104298,0.0822430814378995,0.9071373952633264,OR,0.9071373952633264,0007,Centered,2027,logistic_regression,Diagnostic26
OR014@6_2,OR,2,1749.0,0.0026734710620794,0.9729186777622564,0.004467127603029,0.0199407235726352,B,0.9729186777622564,0014,Centered,2027,logistic_regression,Diagnostic26
OR021@6_2,OR,2,1747.0,0.0046182862977705,0.0244569748074792,0.0545063268977998,0.9164184119969504,OR,0.9164184119969504,0021,Centered,2027,logistic_regression,Diagnostic26
OR007@12_2,OR,2,1749.0,0.0103709889195527,0.057699509281063,0.30308811975735,0.6288413820420342,OR,0.6288413820420342,0007,Opposite,2027,logistic_regression,Diagnostic26
OR021@12_2,OR,2,1746.0,0.0041974633567564,0.0109785438135864,0.1489415578084453,0.8358824350212117,OR,0.8358824350212117,0021,Opposite,2027,logistic_regression,Diagnostic26
OR007@3_2,OR,2,1750.0,0.0111597556128609,0.0307630479560728,0.1915294691331974,0.7665477272978687,OR,0.7665477272978687,0007,Orthogonal,2027,logistic_regression,Diagnostic26
OR021@3_2,OR,2,1746.0,0.0127058820146035,0.0714736413269476,0.2385018972038557,0.6773185794545931,OR,0.6773185794545931,0021,Orthogonal,2027,logistic_regression,Diagnostic26
N_2_(1750rpm),N,2,1750.0,0.9599826856116588,0.0113074641625699,0.0075616399748213,0.0211482102509499,N,0.9599826856116588,,,2027,logistic_regression,Diagnostic26
B007_2,B,2,1747.0,0.0172127590341019,0.7230416801406846,0.0263699887098978,0.2333755721153154,B,0.7230416801406846,0007,,2027,rbf_svm,Diagnostic26
B014_2,B,2,1748.0,0.0928062634690555,0.548414174916435,0.1712052390289211,0.1875743225855884,B,0.548414174916435,0014,,2027,rbf_svm,Diagnostic26
B021_2,B,2,1754.0,0.0469115856581398,0.7196478059877341,0.0849197783841888,0.1485208299699374,B,0.7196478059877341,0021,,2027,rbf_svm,Diagnostic26
IR007_2,IR,2,1748.0,0.0259675538617962,0.0387893031659945,0.8887793153693043,0.046463827602905,IR,0.8887793153693043,0007,,2027,rbf_svm,Diagnostic26
IR014_2,IR,2,1751.0,0.0211001788249966,0.0252112552363138,0.8365104014616802,0.1171781644770093,IR,0.8365104014616802,0014,,2027,rbf_svm,Diagnostic26
IR021_2,IR,2,1752.0,0.023844025686089,0.0325099801441251,0.8958915601024829,0.0477544340673027,IR,0.8958915601024829,0021,,2027,rbf_svm,Diagnostic26
OR007@6_2,OR,2,1750.0,0.0219958874601619,0.0311051909716373,0.048691298788721,0.8982076227794796,OR,0.8982076227794796,0007,Centered,2027,rbf_svm,Diagnostic26
OR014@6_2,OR,2,1749.0,0.0573802177573475,0.5793858073128513,0.0873285043045273,0.2759054706252738,B,0.5793858073128513,0014,Centered,2027,rbf_svm,Diagnostic26
OR021@6_2,OR,2,1747.0,0.0309784560484294,0.0555918925286269,0.0566437677463022,0.8567858836766411,OR,0.8567858836766411,0021,Centered,2027,rbf_svm,Diagnostic26
OR007@12_2,OR,2,1749.0,0.01201503449298,0.0240978922194571,0.3024103970767887,0.6614766762107742,OR,0.6614766762107742,0007,Opposite,2027,rbf_svm,Diagnostic26
OR021@12_2,OR,2,1746.0,0.0199045243021136,0.0309080960544036,0.0512965046441698,0.8978908749993131,OR,0.8978908749993131,0021,Opposite,2027,rbf_svm,Diagnostic26
OR007@3_2,OR,2,1750.0,0.0174566516756633,0.03389372790401,0.0650744929026595,0.883575127517667,OR,0.883575127517667,0007,Orthogonal,2027,rbf_svm,Diagnostic26
OR021@3_2,OR,2,1746.0,0.0135777566974884,0.0369573273620587,0.0553494592761855,0.8941154566642675,OR,0.8941154566642675,0021,Orthogonal,2027,rbf_svm,Diagnostic26
N_2_(1750rpm),N,2,1750.0,0.9527231814120708,0.0087397900778537,0.0106876471204465,0.0278493813896285,N,0.9527231814120708,,,2027,rbf_svm,Diagnostic26
B007_2,B,2,1747.0,0.0347073041337747,0.5205249929819955,0.0757068072708165,0.3690608956134132,B,0.5205249929819955,0007,,2027,random_forest,Diagnostic26
B014_2,B,2,1748.0,0.0494872421695951,0.6750960088717757,0.1660229711722746,0.109393777786354,B,0.6750960088717757,0014,,2027,random_forest,Diagnostic26
B021_2,B,2,1754.0,0.0015,0.8101904426864919,0.1384078431372549,0.0499017141762531,B,0.8101904426864919,0021,,2027,random_forest,Diagnostic26
IR007_2,IR,2,1748.0,0.036222592924317,0.0148225113122171,0.792950684119801,0.1560042116436638,IR,0.792950684119801,0007,,2027,random_forest,Diagnostic26
IR014_2,IR,2,1751.0,0.0045970588235294,0.0271435897435897,0.5120437110630199,0.4562156403698609,IR,0.5120437110630199,0014,,2027,random_forest,Diagnostic26
IR021_2,IR,2,1752.0,0.0227483575248281,0.0272242604059167,0.541364775129672,0.4086626069395829,IR,0.541364775129672,0021,,2027,random_forest,Diagnostic26
OR007@6_2,OR,2,1750.0,0.0106348484848484,0.002275,0.1412520004763039,0.8458381510388482,OR,0.8458381510388482,0007,Centered,2027,random_forest,Diagnostic26
OR014@6_2,OR,2,1749.0,0.0134308929632459,0.7378477182282871,0.0489800958845076,0.1997412929239587,B,0.7378477182282871,0014,Centered,2027,random_forest,Diagnostic26
OR021@6_2,OR,2,1747.0,0.0165530303030303,0.0694585588324719,0.0808709401709402,0.8331174706935578,OR,0.8331174706935578,0021,Centered,2027,random_forest,Diagnostic26
OR007@12_2,OR,2,1749.0,0.0,0.0068804318488529,0.1386870663650076,0.8544325017861399,OR,0.8544325017861399,0007,Opposite,2027,random_forest,Diagnostic26
OR021@12_2,OR,2,1746.0,0.0084455436720142,0.0061754524886877,0.0787061626991934,0.906672841140105,OR,0.906672841140105,0021,Opposite,2027,random_forest,Diagnostic26
OR007@3_2,OR,2,1750.0,0.0278076648841354,0.0049470588235294,0.1371936671429705,0.8300516091493648,OR,0.8300516091493648,0007,Orthogonal,2027,random_forest,Diagnostic26
OR021@3_2,OR,2,1746.0,0.0166510992275698,0.0188137651821862,0.1131801383869866,0.851354997203258,OR,0.851354997203258,0021,Orthogonal,2027,random_forest,Diagnostic26
N_2_(1750rpm),N,2,1750.0,0.8429336777348357,0.0380903666068277,0.0465740689623042,0.0724018866960321,N,0.8429336777348357,,,2027,random_forest,Diagnostic26
B007_2,B,2,1747.0,0.0013266423,0.8396851,0.0013791788,0.1576091,B,0.8396851,0007,,2027,mlp,Diagnostic26
B014_2,B,2,1748.0,0.0038200791,0.971113,0.017824335,0.0072425976,B,0.971113,0014,,2027,mlp,Diagnostic26
B021_2,B,2,1754.0,0.0011580216,0.9827238,0.010885254,0.0052329106,B,0.9827238,0021,,2027,mlp,Diagnostic26
IR007_2,IR,2,1748.0,0.0010065143,0.0038564273,0.9943223,0.00081478053,IR,0.9943223,0007,,2027,mlp,Diagnostic26
IR014_2,IR,2,1751.0,0.000984278,0.009513508,0.988461,0.001041239,IR,0.988461,0014,,2027,mlp,Diagnostic26
IR021_2,IR,2,1752.0,0.0028079287,0.0024021983,0.990766,0.0040239007,IR,0.990766,0021,,2027,mlp,Diagnostic26
N_2_(1750rpm),N,2,1750.0,0.9979929,0.00062184804,0.00091713987,0.00046813276,N,0.9979929,,,2027,mlp,Diagnostic26
OR007@12_2,OR,2,1749.0,0.000674285,0.00039456558,0.024391444,0.9745397,OR,0.9745397,0007,Opposite,2027,mlp,Diagnostic26
OR007@3_2,OR,2,1750.0,0.0002181293,0.00023862832,0.0019290723,0.9976142,OR,0.9976142,0007,Orthogonal,2027,mlp,Diagnostic26
OR007@6_2,OR,2,1750.0,0.00029984393,0.00024016912,0.0022127978,0.9972472,OR,0.9972472,0007,Centered,2027,mlp,Diagnostic26
OR014@6_2,OR,2,1749.0,0.002984618,0.27132982,0.08487009,0.64081544,OR,0.64081544,0014,Centered,2027,mlp,Diagnostic26
OR021@12_2,OR,2,1746.0,0.00063392846,0.00050263543,0.0058497773,0.9930137,OR,0.9930137,0021,Opposite,2027,mlp,Diagnostic26
OR021@3_2,OR,2,1746.0,0.0002198754,0.0003928085,0.00077853317,0.99860877,OR,0.99860877,0021,Orthogonal,2027,mlp,Diagnostic26
OR021@6_2,OR,2,1747.0,0.0005502329,0.000301256,0.0011228325,0.9980257,OR,0.9980257,0021,Centered,2027,mlp,Diagnostic26
B007_3,B,3,1721.0,0.0218810138942128,0.8100207687606756,0.0652568932281876,0.1028413241169238,B,0.8100207687606756,0007,,2027,logistic_regression,Diagnostic26
B014_3,B,3,1725.0,0.0048757349441865,0.9299591095391734,0.0049813497623387,0.0601838057543011,B,0.9299591095391734,0014,,2027,logistic_regression,Diagnostic26
B021_3,B,3,1729.0,0.0001372623130841,0.9935282269450604,0.0001782062049798,0.0061563045368756,B,0.9935282269450604,0021,,2027,logistic_regression,Diagnostic26
IR007_3,IR,3,1721.0,0.0423829064870585,0.0890275235778199,0.8018862466640237,0.0667033232710977,IR,0.8018862466640237,0007,,2027,logistic_regression,Diagnostic26
IR014_3,IR,3,1726.0,0.9750636922252172,0.0249361147513919,1.930233734203601e-07,1.7534340254332104e-14,N,0.9750636922252172,0014,,2027,logistic_regression,Diagnostic26
IR021_3,IR,3,1727.0,0.0096134533735558,0.0790147794535269,0.7784587816108561,0.1329129855620611,IR,0.7784587816108561,0021,,2027,logistic_regression,Diagnostic26
OR007@6_3,OR,3,1725.0,0.0052822405334116,0.0133176368605419,0.0927098012236937,0.8886903213823528,OR,0.8886903213823528,0007,Centered,2027,logistic_regression,Diagnostic26
OR014@6_3,OR,3,1723.0,0.0350856086570522,0.5430022958733307,0.2245474763596138,0.1973646191100031,B,0.5430022958733307,0014,Centered,2027,logistic_regression,Diagnostic26
OR021@6_3,OR,3,1719.0,0.0066052438896743,0.0358196489203568,0.0678251704881257,0.8897499367018432,OR,0.8897499367018432,0021,Centered,2027,logistic_regression,Diagnostic26
OR007@12_3,OR,3,1723.0,0.0113827145302433,0.0958387303942177,0.3393879068069189,0.5533906482686201,OR,0.5533906482686201,0007,Opposite,2027,logistic_regression,Diagnostic26
OR021@12_3,OR,3,1718.0,0.0051954236054828,0.0164750597319797,0.2058810946280902,0.7724484220344472,OR,0.7724484220344472,0021,Opposite,2027,logistic_regression,Diagnostic26
OR007@3_3,OR,3,1724.0,0.0117871032225367,0.0472555283456743,0.1305236587756599,0.8104337096561289,OR,0.8104337096561289,0007,Orthogonal,2027,logistic_regression,Diagnostic26
OR021@3_3,OR,3,1719.0,0.016603318478259,0.0749434667165192,0.2875086359116698,0.6209445788935518,OR,0.6209445788935518,0021,Orthogonal,2027,logistic_regression,Diagnostic26
N_3,N,3,1725.0,0.9632802019340876,0.0129880462424292,0.0054787760582765,0.0182529757652067,N,0.9632802019340876,,,2027,logistic_regression,Diagnostic26
B007_3,B,3,1721.0,0.0336881963466687,0.7901836630670565,0.0281450407058703,0.1479830998804048,B,0.7901836630670565,0007,,2027,rbf_svm,Diagnostic26
B014_3,B,3,1725.0,0.0422935269746316,0.7161616828878751,0.040557705459838,0.2009870846776551,B,0.7161616828878751,0014,,2027,rbf_svm,Diagnostic26
B021_3,B,3,1729.0,0.1006928888285931,0.4550694924989744,0.1468181714457525,0.2974194472266799,B,0.4550694924989744,0021,,2027,rbf_svm,Diagnostic26
IR007_3,IR,3,1721.0,0.0480184267680163,0.0916693667252934,0.7971998295642938,0.0631123769423965,IR,0.7971998295642938,0007,,2027,rbf_svm,Diagnostic26
IR014_3,IR,3,1726.0,0.118129945263496,0.3538342662621739,0.1834131817113032,0.3446226067630267,B,0.3538342662621739,0014,,2027,rbf_svm,Diagnostic26
IR021_3,IR,3,1727.0,0.0401031773120672,0.0771685110274034,0.8364879717106574,0.0462403399498715,IR,0.8364879717106574,0021,,2027,rbf_svm,Diagnostic26
OR007@6_3,OR,3,1725.0,0.0193307328708248,0.0338429397517839,0.0248313815004239,0.9219949458769672,OR,0.9219949458769672,0007,Centered,2027,rbf_svm,Diagnostic26
OR014@6_3,OR,3,1723.0,0.0310196847132348,0.598315745373241,0.1053342615085419,0.265330308404982,B,0.598315745373241,0014,Centered,2027,rbf_svm,Diagnostic26
OR021@6_3,OR,3,1719.0,0.0223304507520706,0.0446333451426413,0.0259952578675308,0.9070409462377574,OR,0.9070409462377574,0021,Centered,2027,rbf_svm,Diagnostic26
OR007@12_3,OR,3,1723.0,0.015337404128443,0.0388150798480991,0.1904472346990149,0.7554002813244424,OR,0.7554002813244424,0007,Opposite,2027,rbf_svm,Diagnostic26
OR021@12_3,OR,3,1718.0,0.0191712563070031,0.0279853813080507,0.0436912455447179,0.9091521168402282,OR,0.9091521168402282,0021,Opposite,2027,rbf_svm,Diagnostic26
OR007@3_3,OR,3,1724.0,0.0173077210742366,0.0449692990325615,0.02122263715155,0.9165003427416514,OR,0.9165003427416514,0007,Orthogonal,2027,rbf_svm,Diagnostic26
OR021@3_3,OR,3,1719.0,0.0183749112185804,0.0387936373426165,0.040408893378835,0.9024225580599676,OR,0.9024225580599676,0021,Orthogonal,2027,rbf_svm,Diagnostic26
N_3,N,3,1725.0,0.7124811424897336,0.1152676020411972,0.069929092167014,0.1023221633020547,N,0.7124811424897336,,,2027,rbf_svm,Diagnostic26
B007_3,B,3,1721.0,0.054,0.694,0.06,0.192,B,0.694,0007,,2027,random_forest,Diagnostic26
B014_3,B,3,1725.0,0.016,0.746,0.03,0.208,B,0.746,0014,,2027,random_forest,Diagnostic26
B021_3,B,3,1729.0,0.012,0.714,0.068,0.206,B,0.714,0021,,2027,random_forest,Diagnostic26
IR007_3,IR,3,1721.0,0.044,0.104,0.742,0.11,IR,0.742,0007,,2027,random_forest,Diagnostic26
IR014_3,IR,3,1726.0,0.076,0.454,0.102,0.368,B,0.454,0014,,2027,random_forest,Diagnostic26
IR021_3,IR,3,1727.0,0.028,0.038,0.56,0.374,IR,0.56,0021,,2027,random_forest,Diagnostic26
OR007@6_3,OR,3,1725.0,0.012,0.004,0.12,0.864,OR,0.864,0007,Centered,2027,random_forest,Diagnostic26
OR014@6_3,OR,3,1723.0,0.09,0.296,0.238,0.376,OR,0.376,0014,Centered,2027,random_forest,Diagnostic26
OR021@6_3,OR,3,1719.0,0.006,0.05,0.044,0.9,OR,0.9,0021,Centered,2027,random_forest,Diagnostic26
OR007@12_3,OR,3,1723.0,0.002,0.116,0.172,0.71,OR,0.71,0007,Opposite,2027,random_forest,Diagnostic26
OR021@12_3,OR,3,1718.0,0.002,0.014,0.12,0.864,OR,0.864,0021,Opposite,2027,random_forest,Diagnostic26
OR007@3_3,OR,3,1724.0,0.006,0.02,0.09,0.884,OR,0.884,0007,Orthogonal,2027,random_forest,Diagnostic26
OR021@3_3,OR,3,1719.0,0.008,0.06,0.212,0.72,OR,0.72,0021,Orthogonal,2027,random_forest,Diagnostic26
N_3,N,3,1725.0,0.868,0.046,0.03,0.056,N,0.868,,,2027,random_forest,Diagnostic26
B007_3,B,3,1721.0,0.0020519067,0.99070567,0.0019736427,0.005268769,B,0.99070567,0007,,2027,mlp,Diagnostic26
B014_3,B,3,1725.0,0.0013649411,0.99499375,0.0012896293,0.0023516498,B,0.99499375,0014,,2027,mlp,Diagnostic26
B021_3,B,3,1729.0,0.004537602,0.8755995,0.11174906,0.008113855,B,0.8755995,0021,,2027,mlp,Diagnostic26
IR007_3,IR,3,1721.0,0.00087887206,0.010902003,0.98762405,0.00059512205,IR,0.98762405,0007,,2027,mlp,Diagnostic26
IR014_3,IR,3,1726.0,0.029788181,0.024179982,0.78140247,0.16462938,IR,0.78140247,0014,,2027,mlp,Diagnostic26
IR021_3,IR,3,1727.0,0.0010453745,0.0038871816,0.99374104,0.0013263831,IR,0.99374104,0021,,2027,mlp,Diagnostic26
N_3,N,3,1725.0,0.99696064,0.001405616,0.00074884016,0.0008849013,N,0.99696064,,,2027,mlp,Diagnostic26
OR007@12_3,OR,3,1723.0,0.0014240099,0.0008858718,0.0136077255,0.9840824,OR,0.9840824,0007,Opposite,2027,mlp,Diagnostic26
OR007@3_3,OR,3,1724.0,0.0008104989,0.00025196653,0.0010273595,0.99791014,OR,0.99791014,0007,Orthogonal,2027,mlp,Diagnostic26
OR007@6_3,OR,3,1725.0,0.00069424964,0.00019981246,0.0009174122,0.99818856,OR,0.99818856,0007,Centered,2027,mlp,Diagnostic26
OR014@6_3,OR,3,1723.0,0.004038075,0.8439078,0.0018194288,0.15023477,B,0.8439078,0014,Centered,2027,mlp,Diagnostic26
OR021@12_3,OR,3,1718.0,0.00083845557,0.00034926223,0.0018841438,0.99692816,OR,0.99692816,0021,Opposite,2027,mlp,Diagnostic26
OR021@3_3,OR,3,1719.0,0.0011857273,0.00034765483,0.0010513362,0.99741524,OR,0.99741524,0021,Orthogonal,2027,mlp,Diagnostic26
OR021@6_3,OR,3,1719.0,0.00073334883,0.00023975562,0.0010462451,0.99798065,OR,0.99798065,0021,Centered,2027,mlp,Diagnostic26
B007_0,B,0,1796.0,0.0418643200972835,0.5071223763449911,0.0988818719715513,0.3521314315861741,B,0.5071223763449911,0007,,2028,logistic_regression,Diagnostic26
B014_0,B,0,1797.0,0.0135071654200029,0.8168041487355553,0.0881082976438126,0.0815803882006289,B,0.8168041487355553,0014,,2028,logistic_regression,Diagnostic26
B021_0,B,0,1797.0,0.0181769290091385,0.319469960037186,0.5198278418190048,0.1425252691346706,IR,0.5198278418190048,0021,,2028,logistic_regression,Diagnostic26
IR007_0,IR,0,1796.0,0.0426288604471646,0.0830743685303335,0.7353190544132822,0.1389777166092194,IR,0.7353190544132822,0007,,2028,logistic_regression,Diagnostic26
IR014_0,IR,0,1796.0,0.0138355795173764,0.1924472243004411,0.2794364713816243,0.514280724800558,OR,0.514280724800558,0014,,2028,logistic_regression,Diagnostic26
IR021_0,IR,0,1796.0,0.0095100454818534,0.0885918460881003,0.7101297172904775,0.1917683911395688,IR,0.7101297172904775,0021,,2028,logistic_regression,Diagnostic26
OR007@6_0,OR,0,1796.0,0.0026342890628598,0.0037086950776688,0.0587859508216807,0.9348710650377904,OR,0.9348710650377904,0007,Centered,2028,logistic_regression,Diagnostic26
OR014@6_0,OR,0,1796.0,0.0214000664020453,0.7382436975451668,0.0549065069474765,0.1854497291053112,B,0.7382436975451668,0014,Centered,2028,logistic_regression,Diagnostic26
OR021@6_0,OR,0,1796.0,0.0066702179041234,0.0365546328229051,0.1143269078863787,0.8424482413865927,OR,0.8424482413865927,0021,Centered,2028,logistic_regression,Diagnostic26
OR007@12_0,OR,0,1796.0,0.018339249899072,0.1899908946422911,0.1051335104794748,0.6865363449791619,OR,0.6865363449791619,0007,Opposite,2028,logistic_regression,Diagnostic26
OR021@12_0,OR,0,1796.0,0.0037076932213595,0.0090545381751936,0.2439373883859478,0.7433003802174989,OR,0.7433003802174989,0021,Opposite,2028,logistic_regression,Diagnostic26
OR007@3_0,OR,0,1797.0,0.0133119598247108,0.0575979248551773,0.125988048584706,0.8031020667354056,OR,0.8031020667354056,0007,Orthogonal,2028,logistic_regression,Diagnostic26
OR021@3_0,OR,0,1796.0,0.0274930559562749,0.1283309932823075,0.1794509038603468,0.6647250469010707,OR,0.6647250469010707,0021,Orthogonal,2028,logistic_regression,Diagnostic26
N_0,N,0,1796.0,0.9404113445300653,0.0146503179694659,0.0371040445631423,0.0078342929373264,N,0.9404113445300653,,,2028,logistic_regression,Diagnostic26
B007_0,B,0,1796.0,0.027110130380777,0.6381851383143612,0.039117306091133,0.2955874252137286,B,0.6381851383143612,0007,,2028,rbf_svm,Diagnostic26
B014_0,B,0,1797.0,0.0380089260424498,0.4930081762164099,0.155607573445067,0.3133753242960728,B,0.4930081762164099,0014,,2028,rbf_svm,Diagnostic26
B021_0,B,0,1797.0,0.0347728094188354,0.2652279582810795,0.4923712191240436,0.2076280131760416,IR,0.4923712191240436,0021,,2028,rbf_svm,Diagnostic26
IR007_0,IR,0,1796.0,0.0355890902394253,0.0621172859389563,0.8318562254406576,0.0704373983809608,IR,0.8318562254406576,0007,,2028,rbf_svm,Diagnostic26
IR014_0,IR,0,1796.0,0.0194220567465473,0.102794722532044,0.2098257486170594,0.667957472104349,OR,0.667957472104349,0014,,2028,rbf_svm,Diagnostic26
IR021_0,IR,0,1796.0,0.0315668902656756,0.060718159379909,0.8468309379137686,0.060884012440647,IR,0.8468309379137686,0021,,2028,rbf_svm,Diagnostic26
OR007@6_0,OR,0,1796.0,0.0234786858732612,0.0387351175767876,0.054370488901943,0.8834157076480078,OR,0.8834157076480078,0007,Centered,2028,rbf_svm,Diagnostic26
OR014@6_0,OR,0,1796.0,0.0246551714454949,0.5791786042796386,0.0374808180462344,0.358685406228632,B,0.5791786042796386,0014,Centered,2028,rbf_svm,Diagnostic26
OR021@6_0,OR,0,1796.0,0.0186147622041367,0.0271453903486053,0.0692481341348628,0.884991713312395,OR,0.884991713312395,0021,Centered,2028,rbf_svm,Diagnostic26
OR007@12_0,OR,0,1796.0,0.0159301233388285,0.10341696857308,0.0330498234023921,0.8476030846856993,OR,0.8476030846856993,0007,Opposite,2028,rbf_svm,Diagnostic26
OR021@12_0,OR,0,1796.0,0.0214414044832956,0.0306180035659144,0.054579599385312,0.8933609925654777,OR,0.8933609925654777,0021,Opposite,2028,rbf_svm,Diagnostic26
OR007@3_0,OR,0,1797.0,0.0162303152704493,0.0318902259030066,0.0299324283624275,0.9219470304641164,OR,0.9219470304641164,0007,Orthogonal,2028,rbf_svm,Diagnostic26
OR021@3_0,OR,0,1796.0,0.0219365890889648,0.0606232773968195,0.0484849073902395,0.8689552261239758,OR,0.8689552261239758,0021,Orthogonal,2028,rbf_svm,Diagnostic26
N_0,N,0,1796.0,0.1341222823796988,0.2461542952261154,0.3192545549950329,0.3004688673991526,IR,0.3192545549950329,,,2028,rbf_svm,Diagnostic26
B007_0,B,0,1796.0,0.028,0.422,0.032,0.518,OR,0.518,0007,,2028,random_forest,Diagnostic26
B014_0,B,0,1797.0,0.016,0.67,0.086,0.228,B,0.67,0014,,2028,random_forest,Diagnostic26
B021_0,B,0,1797.0,0.006,0.516,0.204,0.274,B,0.516,0021,,2028,random_forest,Diagnostic26
IR007_0,IR,0,1796.0,0.02,0.03,0.608,0.342,IR,0.608,0007,,2028,random_forest,Diagnostic26
IR014_0,IR,0,1796.0,0.006,0.188,0.086,0.72,OR,0.72,0014,,2028,random_forest,Diagnostic26
IR021_0,IR,0,1796.0,0.002,0.072,0.5,0.426,IR,0.5,0021,,2028,random_forest,Diagnostic26
OR007@6_0,OR,0,1796.0,0.0,0.002,0.062,0.936,OR,0.936,0007,Centered,2028,random_forest,Diagnostic26
OR014@6_0,OR,0,1796.0,0.002,0.77,0.02,0.208,B,0.77,0014,Centered,2028,random_forest,Diagnostic26
OR021@6_0,OR,0,1796.0,0.006,0.034,0.106,0.854,OR,0.854,0021,Centered,2028,random_forest,Diagnostic26
OR007@12_0,OR,0,1796.0,0.004,0.254,0.144,0.598,OR,0.598,0007,Opposite,2028,random_forest,Diagnostic26
OR021@12_0,OR,0,1796.0,0.0,0.006,0.14,0.854,OR,0.854,0021,Opposite,2028,random_forest,Diagnostic26
OR007@3_0,OR,0,1797.0,0.002,0.01,0.094,0.894,OR,0.894,0007,Orthogonal,2028,random_forest,Diagnostic26
OR021@3_0,OR,0,1796.0,0.004,0.058,0.098,0.84,OR,0.84,0021,Orthogonal,2028,random_forest,Diagnostic26
N_0,N,0,1796.0,0.594,0.118,0.102,0.186,N,0.594,,,2028,random_forest,Diagnostic26
B007_0,B,0,1796.0,0.013954217,0.68039495,0.027859014,0.2777919,B,0.68039495,0007,,2028,mlp,Diagnostic26
B014_0,B,0,1797.0,0.009355189,0.84786433,0.06767487,0.07510562,B,0.84786433,0014,,2028,mlp,Diagnostic26
B021_0,B,0,1797.0,0.023509618,0.6527299,0.21062069,0.11313975,B,0.6527299,0021,,2028,mlp,Diagnostic26
IR007_0,IR,0,1796.0,0.049115505,0.044020057,0.76248944,0.144375,IR,0.76248944,0007,,2028,mlp,Diagnostic26
IR014_0,IR,0,1796.0,0.021409243,0.41227412,0.07110463,0.49521202,OR,0.49521202,0014,,2028,mlp,Diagnostic26
IR021_0,IR,0,1796.0,0.024144202,0.34977463,0.28487888,0.3412023,B,0.34977463,0021,,2028,mlp,Diagnostic26
N_0,N,0,1796.0,0.90133405,0.015821915,0.055020407,0.027823677,N,0.90133405,,,2028,mlp,Diagnostic26
OR007@12_0,OR,0,1796.0,0.019058233,0.12587388,0.05090596,0.8041619,OR,0.8041619,0007,Opposite,2028,mlp,Diagnostic26
OR007@3_0,OR,0,1797.0,0.02599279,0.026083147,0.052017376,0.8959067,OR,0.8959067,0007,Orthogonal,2028,mlp,Diagnostic26
OR007@6_0,OR,0,1796.0,0.03104276,0.021662492,0.09612517,0.8511696,OR,0.8511696,0007,Centered,2028,mlp,Diagnostic26
OR014@6_0,OR,0,1796.0,0.012526324,0.73823625,0.028664127,0.22057329,B,0.73823625,0014,Centered,2028,mlp,Diagnostic26
OR021@12_0,OR,0,1796.0,0.024033895,0.04870276,0.15720928,0.7700541,OR,0.7700541,0021,Opposite,2028,mlp,Diagnostic26
OR021@3_0,OR,0,1796.0,0.02619282,0.070228636,0.15106833,0.75251025,OR,0.75251025,0021,Orthogonal,2028,mlp,Diagnostic26
OR021@6_0,OR,0,1796.0,0.02197378,0.04475751,0.0678085,0.8654602,OR,0.8654602,0021,Centered,2028,mlp,Diagnostic26
B007_1,B,1,1772.0,0.0261033506983701,0.6635198258107651,0.1057563307257761,0.2046204927650886,B,0.6635198258107651,0007,,2028,logistic_regression,Diagnostic26
B014_1,B,1,1772.0,0.0105138653036011,0.8897034495859995,0.0195171502019741,0.080265534908425,B,0.8897034495859995,0014,,2028,logistic_regression,Diagnostic26
B021_1,B,1,1774.0,0.0043491083675191,0.763989385979931,0.0637497102149424,0.1679117954376074,B,0.763989385979931,0021,,2028,logistic_regression,Diagnostic26
IR007_1,IR,1,1772.0,0.0226446754152261,0.0614484243025459,0.8544325311049006,0.0614743691773272,IR,0.8544325311049006,0007,,2028,logistic_regression,Diagnostic26
IR014_1,IR,1,1772.0,0.0057210955655583,0.0682527585788638,0.6373766856336095,0.2886494602219684,IR,0.6373766856336095,0014,,2028,logistic_regression,Diagnostic26
IR021_1,IR,1,1774.0,0.009899589186846,0.1185335270722254,0.6417061008297571,0.2298607829111713,IR,0.6417061008297571,0021,,2028,logistic_regression,Diagnostic26
OR007@6_1,OR,1,1774.0,0.0047283312436733,0.0070962875268555,0.0971595530946173,0.8910158281348539,OR,0.8910158281348539,0007,Centered,2028,logistic_regression,Diagnostic26
OR014@6_1,OR,1,1772.0,0.0334294929533867,0.566381638197374,0.1327961729173049,0.2673926959319344,B,0.566381638197374,0014,Centered,2028,logistic_regression,Diagnostic26
OR021@6_1,OR,1,1771.0,0.0053996447472112,0.0257891833448875,0.0859898309779405,0.8828213409299607,OR,0.8828213409299607,0021,Centered,2028,logistic_regression,Diagnostic26
OR007@12_1,OR,1,1772.0,0.0117958137578644,0.0845934141938075,0.3409388371215769,0.562671934926751,OR,0.562671934926751,0007,Opposite,2028,logistic_regression,Diagnostic26
OR021@12_1,OR,1,1771.0,0.0040496869042951,0.0117308476569316,0.2173462428488982,0.766873222589875,OR,0.766873222589875,0021,Opposite,2028,logistic_regression,Diagnostic26
OR007@3_1,OR,1,1773.0,0.0145606793350476,0.0525442064394302,0.1958169638708369,0.7370781503546852,OR,0.7370781503546852,0007,Orthogonal,2028,logistic_regression,Diagnostic26
OR021@3_1,OR,1,1770.0,0.0119662251591541,0.0870872699613002,0.2257461657184087,0.6752003391611369,OR,0.6752003391611369,0021,Orthogonal,2028,logistic_regression,Diagnostic26
N_1_(1772rpm),N,1,1772.0,0.9407087178139376,0.0256749288231777,0.0144982569064323,0.0191180964564523,N,0.9407087178139376,,,2028,logistic_regression,Diagnostic26
B007_1,B,1,1772.0,0.0306872037904989,0.829494477848792,0.0368549644767667,0.1029633538839419,B,0.829494477848792,0007,,2028,rbf_svm,Diagnostic26
B014_1,B,1,1772.0,0.0578682738704678,0.6545322645195789,0.0886865105450052,0.1989129510649478,B,0.6545322645195789,0014,,2028,rbf_svm,Diagnostic26
B021_1,B,1,1774.0,0.0563547649122487,0.4856813483808547,0.1179356235044242,0.3400282632024722,B,0.4856813483808547,0021,,2028,rbf_svm,Diagnostic26
IR007_1,IR,1,1772.0,0.0373866317654586,0.0382801760700772,0.9018650957087212,0.0224680964557432,IR,0.9018650957087212,0007,,2028,rbf_svm,Diagnostic26
IR014_1,IR,1,1772.0,0.0335184024614919,0.0290293086461649,0.8886715624298187,0.0487807264625241,IR,0.8886715624298187,0014,,2028,rbf_svm,Diagnostic26
IR021_1,IR,1,1774.0,0.0286980475077849,0.0601598929203883,0.8539902262339643,0.0571518333378626,IR,0.8539902262339643,0021,,2028,rbf_svm,Diagnostic26
OR007@6_1,OR,1,1774.0,0.0198051605763888,0.0269063371527773,0.0554523483232796,0.8978361539475539,OR,0.8978361539475539,0007,Centered,2028,rbf_svm,Diagnostic26
OR014@6_1,OR,1,1772.0,0.0312692684194636,0.75745023732995,0.0447209676238532,0.166559526626733,B,0.75745023732995,0014,Centered,2028,rbf_svm,Diagnostic26
OR021@6_1,OR,1,1771.0,0.01814981777836,0.028000534738863,0.0623458208457472,0.8915038266370299,OR,0.8915038266370299,0021,Centered,2028,rbf_svm,Diagnostic26
OR007@12_1,OR,1,1772.0,0.0173803674776874,0.0302328267903277,0.3894577592832984,0.5629290464486865,OR,0.5629290464486865,0007,Opposite,2028,rbf_svm,Diagnostic26
OR021@12_1,OR,1,1771.0,0.0182307574052973,0.0271861233302935,0.0470323831385424,0.9075507361258666,OR,0.9075507361258666,0021,Opposite,2028,rbf_svm,Diagnostic26
OR007@3_1,OR,1,1773.0,0.0151517077469451,0.0323305022802479,0.0575356676652261,0.8949821223075808,OR,0.8949821223075808,0007,Orthogonal,2028,rbf_svm,Diagnostic26
OR021@3_1,OR,1,1770.0,0.0127315667113667,0.0342937730173507,0.0517825354050714,0.9011921248662108,OR,0.9011921248662108,0021,Orthogonal,2028,rbf_svm,Diagnostic26
N_1_(1772rpm),N,1,1772.0,0.6844700031546577,0.1242877400414689,0.1465326319588721,0.0447096248450013,N,0.6844700031546577,,,2028,rbf_svm,Diagnostic26
B007_1,B,1,1772.0,0.0305271859216744,0.5626665289130915,0.1184264941199152,0.2883797910453182,B,0.5626665289130915,0007,,2028,random_forest,Diagnostic26
B014_1,B,1,1772.0,0.032747920500552,0.773738134555789,0.0559974803587402,0.1375164645849186,B,0.773738134555789,0014,,2028,random_forest,Diagnostic26
B021_1,B,1,1774.0,0.0079617817666204,0.6327786178728122,0.1688593034502598,0.1904002969103072,B,0.6327786178728122,0021,,2028,random_forest,Diagnostic26
IR007_1,IR,1,1772.0,0.0195678932178932,0.012476923076923,0.7905969390172944,0.1773582446878885,IR,0.7905969390172944,0007,,2028,random_forest,Diagnostic26
IR014_1,IR,1,1772.0,0.0050441176470588,0.0147655172413793,0.6720184903331958,0.3081718747783657,IR,0.6720184903331958,0014,,2028,random_forest,Diagnostic26
IR021_1,IR,1,1774.0,0.0068970588235294,0.0449993030634004,0.7543614013437538,0.1937422367693158,IR,0.7543614013437538,0021,,2028,random_forest,Diagnostic26
OR007@6_1,OR,1,1774.0,0.0099313131313131,0.0,0.08936279537456,0.9007058914941272,OR,0.9007058914941272,0007,Centered,2028,random_forest,Diagnostic26
OR014@6_1,OR,1,1772.0,0.0419305115232759,0.3936258399011689,0.1396611124496171,0.4247825361259386,OR,0.4247825361259386,0014,Centered,2028,random_forest,Diagnostic26
OR021@6_1,OR,1,1771.0,0.0054090909090909,0.0158935897435897,0.0905917169431875,0.8881056024041322,OR,0.8881056024041322,0021,Centered,2028,random_forest,Diagnostic26
OR007@12_1,OR,1,1772.0,0.0012727272727272,0.006,0.1894505039078569,0.8032767688194163,OR,0.8032767688194163,0007,Opposite,2028,random_forest,Diagnostic26
OR021@12_1,OR,1,1771.0,0.0105117052881758,0.000875,0.1444457139265963,0.8441675807852284,OR,0.8441675807852284,0021,Opposite,2028,random_forest,Diagnostic26
OR007@3_1,OR,1,1773.0,0.0095055555555555,0.0014,0.0722265962795374,0.9168678481649072,OR,0.9168678481649072,0007,Orthogonal,2028,random_forest,Diagnostic26
OR021@3_1,OR,1,1770.0,0.0015,0.0088666666666666,0.1588015164928848,0.8308318168404488,OR,0.8308318168404488,0021,Orthogonal,2028,random_forest,Diagnostic26
N_1_(1772rpm),N,1,1772.0,0.7390514718845087,0.0732666737640403,0.0686032149223325,0.1190786394291182,N,0.7390514718845087,,,2028,random_forest,Diagnostic26
B007_1,B,1,1772.0,0.002482149,0.7677741,0.0023291546,0.2274146,B,0.7677741,0007,,2028,mlp,Diagnostic26
B014_1,B,1,1772.0,0.004495467,0.8147892,0.021931339,0.15878402,B,0.8147892,0014,,2028,mlp,Diagnostic26
B021_1,B,1,1774.0,0.0014876677,0.92463845,0.070596516,0.003277303,B,0.92463845,0021,,2028,mlp,Diagnostic26
IR007_1,IR,1,1772.0,8.423384e-05,4.4868688e-05,0.99982876,4.2179072e-05,IR,0.99982876,0007,,2028,mlp,Diagnostic26
IR014_1,IR,1,1772.0,0.00027237023,0.0043979296,0.99518245,0.00014724614,IR,0.99518245,0014,,2028,mlp,Diagnostic26
IR021_1,IR,1,1774.0,0.0012330172,0.04090135,0.9574009,0.0004647129,IR,0.9574009,0021,,2028,mlp,Diagnostic26
N_1_(1772rpm),N,1,1772.0,0.99887305,0.00041160427,0.00024033421,0.0004749694,N,0.99887305,,,2028,mlp,Diagnostic26
OR007@12_1,OR,1,1772.0,0.0005543893,0.00013996901,0.0053463173,0.9939593,OR,0.9939593,0007,Opposite,2028,mlp,Diagnostic26
OR007@3_1,OR,1,1773.0,0.00030539304,6.218053e-05,0.00072639115,0.9989061,OR,0.9989061,0007,Orthogonal,2028,mlp,Diagnostic26
OR007@6_1,OR,1,1774.0,0.00023322357,5.9349062e-05,0.0004198729,0.99928755,OR,0.99928755,0007,Centered,2028,mlp,Diagnostic26
OR014@6_1,OR,1,1772.0,0.0028514662,0.09895346,0.0027307144,0.89546436,OR,0.89546436,0014,Centered,2028,mlp,Diagnostic26
OR021@12_1,OR,1,1771.0,0.00030075162,6.9250505e-05,0.00054665294,0.9990834,OR,0.9990834,0021,Opposite,2028,mlp,Diagnostic26
OR021@3_1,OR,1,1770.0,0.00019840251,0.00015270434,0.00022112629,0.9994278,OR,0.9994278,0021,Orthogonal,2028,mlp,Diagnostic26
OR021@6_1,OR,1,1771.0,0.00033504405,5.58081e-05,0.0002967078,0.99931246,OR,0.99931246,0021,Centered,2028,mlp,Diagnostic26
B007_2,B,2,1747.0,0.0089149358463098,0.7071785430307425,0.039138212375156,0.2447683087477915,B,0.7071785430307425,0007,,2028,logistic_regression,Diagnostic26
B014_2,B,2,1748.0,0.0006215128308366,0.9809546062023224,0.0004279190733823,0.0179959618934587,B,0.9809546062023224,0014,,2028,logistic_regression,Diagnostic26
B021_2,B,2,1754.0,4.53016881659873e-05,0.9850054240511692,0.0008767101739731,0.0140725640866916,B,0.9850054240511692,0021,,2028,logistic_regression,Diagnostic26
IR007_2,IR,2,1748.0,0.0062403479867171,0.0132782341785858,0.9537280735985646,0.0267533442361323,IR,0.9537280735985646,0007,,2028,logistic_regression,Diagnostic26
IR014_2,IR,2,1751.0,0.0005624394534996,0.0070032885845328,0.8166350952812969,0.1757991766806707,IR,0.8166350952812969,0014,,2028,logistic_regression,Diagnostic26
IR021_2,IR,2,1752.0,0.0010140727961172,0.0061645797239391,0.910064969195835,0.0827563782841086,IR,0.910064969195835,0021,,2028,logistic_regression,Diagnostic26
OR007@6_2,OR,2,1750.0,0.0001661899618626,9.844107401457228e-05,0.0124170656247195,0.9873183033394032,OR,0.9873183033394032,0007,Centered,2028,logistic_regression,Diagnostic26
OR014@6_2,OR,2,1749.0,0.000100495579057,0.9957437967787642,6.735784513431095e-05,0.0040883497970444,B,0.9957437967787642,0014,Centered,2028,logistic_regression,Diagnostic26
OR021@6_2,OR,2,1747.0,0.0003238477294705,0.0023944139905632,0.0069763382620157,0.9903054000179504,OR,0.9903054000179504,0021,Centered,2028,logistic_regression,Diagnostic26
OR007@12_2,OR,2,1749.0,0.0012363983022318,0.0067208412902907,0.1989827370472831,0.7930600233601943,OR,0.7930600233601943,0007,Opposite,2028,logistic_regression,Diagnostic26
OR021@12_2,OR,2,1746.0,0.000207415956034,0.000242297876404,0.0313959356712996,0.9681543504962622,OR,0.9681543504962622,0021,Opposite,2028,logistic_regression,Diagnostic26
OR007@3_2,OR,2,1750.0,0.0008804983922063,0.0017457322796819,0.0507686587722627,0.946605110555849,OR,0.946605110555849,0007,Orthogonal,2028,logistic_regression,Diagnostic26
OR021@3_2,OR,2,1746.0,0.0015006471873219,0.014345816456594,0.0659003386846457,0.9182531976714384,OR,0.9182531976714384,0021,Orthogonal,2028,logistic_regression,Diagnostic26
N_2_(1750rpm),N,2,1750.0,0.99307438124404,0.0009039044077188,0.0002462922103924,0.0057754221378486,N,0.99307438124404,,,2028,logistic_regression,Diagnostic26
B007_2,B,2,1747.0,0.026105468080277,0.6905110108753987,0.0476571855322095,0.2357263355121145,B,0.6905110108753987,0007,,2028,rbf_svm,Diagnostic26
B014_2,B,2,1748.0,0.06458676322755,0.6188021887672924,0.179586737330404,0.1370243106747538,B,0.6188021887672924,0014,,2028,rbf_svm,Diagnostic26
B021_2,B,2,1754.0,0.0383301871315095,0.7536815233810719,0.085361785268522,0.1226265042188963,B,0.7536815233810719,0021,,2028,rbf_svm,Diagnostic26
IR007_2,IR,2,1748.0,0.0330911365429797,0.0423293182942586,0.8988269531641176,0.025752591998644,IR,0.8988269531641176,0007,,2028,rbf_svm,Diagnostic26
IR014_2,IR,2,1751.0,0.0251302198713256,0.0198742767216377,0.7484298598266811,0.2065656435803556,IR,0.7484298598266811,0014,,2028,rbf_svm,Diagnostic26
IR021_2,IR,2,1752.0,0.0293984893450219,0.0372441499134023,0.9084070258173448,0.0249503349242309,IR,0.9084070258173448,0021,,2028,rbf_svm,Diagnostic26
OR007@6_2,OR,2,1750.0,0.0187471999244219,0.0195735705045063,0.0327432251959261,0.9289360043751452,OR,0.9289360043751452,0007,Centered,2028,rbf_svm,Diagnostic26
OR014@6_2,OR,2,1749.0,0.0364156283427463,0.7645584312786787,0.0411970460762019,0.157828894302373,B,0.7645584312786787,0014,Centered,2028,rbf_svm,Diagnostic26
OR021@6_2,OR,2,1747.0,0.0245085267368502,0.0347917097737133,0.0369527444182222,0.903747019071214,OR,0.903747019071214,0021,Centered,2028,rbf_svm,Diagnostic26
OR007@12_2,OR,2,1749.0,0.0139574240014227,0.0211267592287806,0.1821004917110819,0.7828153250587143,OR,0.7828153250587143,0007,Opposite,2028,rbf_svm,Diagnostic26
OR021@12_2,OR,2,1746.0,0.0188270873819981,0.0203748115686559,0.0378236131994667,0.9229744878498792,OR,0.9229744878498792,0021,Opposite,2028,rbf_svm,Diagnostic26
OR007@3_2,OR,2,1750.0,0.016359348002812,0.0223685626094183,0.0535097543561489,0.9077623350316206,OR,0.9077623350316206,0007,Orthogonal,2028,rbf_svm,Diagnostic26
OR021@3_2,OR,2,1746.0,0.0146289686802162,0.0284031070620545,0.06152649763435,0.8954414266233794,OR,0.8954414266233794,0021,Orthogonal,2028,rbf_svm,Diagnostic26
N_2_(1750rpm),N,2,1750.0,0.7601148063552434,0.0812152023342422,0.0817097925347708,0.0769601987757437,N,0.7601148063552434,,,2028,rbf_svm,Diagnostic26
B007_2,B,2,1747.0,0.0525315686000695,0.5406494678469476,0.0809641668757037,0.3258547966772787,B,0.5406494678469476,0007,,2028,random_forest,Diagnostic26
B014_2,B,2,1748.0,0.036546224046224,0.7290869848687794,0.1091750544662309,0.1251917366187652,B,0.7290869848687794,0014,,2028,random_forest,Diagnostic26
B021_2,B,2,1754.0,0.0024333333333333,0.7738117297426637,0.1596703326629797,0.0640846042610233,B,0.7738117297426637,0021,,2028,random_forest,Diagnostic26
IR007_2,IR,2,1748.0,0.0548863675657512,0.0263337858220211,0.7036869725348086,0.215092874077418,IR,0.7036869725348086,0007,,2028,random_forest,Diagnostic26
IR014_2,IR,2,1751.0,0.0033666666666666,0.0360829748510983,0.5045403729331377,0.4560099855490971,IR,0.5045403729331377,0014,,2028,random_forest,Diagnostic26
IR021_2,IR,2,1752.0,0.0324075163398692,0.0379092760180995,0.5642954510914769,0.3653877565505538,IR,0.5642954510914769,0021,,2028,random_forest,Diagnostic26
OR007@6_2,OR,2,1750.0,0.0106905982905982,0.0050298387096774,0.146717022656871,0.8375625403428539,OR,0.8375625403428539,0007,Centered,2028,random_forest,Diagnostic26
OR014@6_2,OR,2,1749.0,0.0089211139737455,0.7104549357565734,0.0600436208548235,0.2205803294148571,B,0.7104549357565734,0014,Centered,2028,random_forest,Diagnostic26
OR021@6_2,OR,2,1747.0,0.0132044161808867,0.0739795740964188,0.0650184081903113,0.8477976015323833,OR,0.8477976015323833,0021,Centered,2028,random_forest,Diagnostic26
OR007@12_2,OR,2,1749.0,0.0018666666666666,0.0194425716440422,0.164681571703796,0.8140091899854953,OR,0.8140091899854953,0007,Opposite,2028,random_forest,Diagnostic26
OR021@12_2,OR,2,1746.0,0.0035561497326203,0.0222920978424814,0.0983901617937558,0.8757615906311428,OR,0.8757615906311428,0021,Opposite,2028,random_forest,Diagnostic26
OR007@3_2,OR,2,1750.0,0.0418925946719783,0.0055952026468155,0.1829241846258944,0.7695880180553122,OR,0.7695880180553122,0007,Orthogonal,2028,random_forest,Diagnostic26
OR021@3_2,OR,2,1746.0,0.006721505376344,0.0299332202111613,0.1546675964649894,0.8086776779475056,OR,0.8086776779475056,0021,Orthogonal,2028,random_forest,Diagnostic26
N_2_(1750rpm),N,2,1750.0,0.7993813890328747,0.0466720329562834,0.0745140471838934,0.0794325308269484,N,0.7993813890328747,,,2028,random_forest,Diagnostic26
B007_2,B,2,1747.0,0.0019915113,0.8296536,0.0012428894,0.16711201,B,0.8296536,0007,,2028,mlp,Diagnostic26
B014_2,B,2,1748.0,0.0018671073,0.9837895,0.005988903,0.008354489,B,0.9837895,0014,,2028,mlp,Diagnostic26
B021_2,B,2,1754.0,0.001203749,0.9568027,0.033590842,0.008402709,B,0.9568027,0021,,2028,mlp,Diagnostic26
IR007_2,IR,2,1748.0,0.0017725087,0.001646126,0.99584717,0.0007342166,IR,0.99584717,0007,,2028,mlp,Diagnostic26
IR014_2,IR,2,1751.0,0.0023563763,0.021531032,0.97322893,0.002883644,IR,0.97322893,0014,,2028,mlp,Diagnostic26
IR021_2,IR,2,1752.0,0.006312509,0.00851754,0.98046017,0.0047098203,IR,0.98046017,0021,,2028,mlp,Diagnostic26
N_2_(1750rpm),N,2,1750.0,0.996041,0.0008357287,0.002255811,0.00086747826,N,0.996041,,,2028,mlp,Diagnostic26
OR007@12_2,OR,2,1749.0,0.0023072348,0.0018041612,0.013072944,0.9828157,OR,0.9828157,0007,Opposite,2028,mlp,Diagnostic26
OR007@3_2,OR,2,1750.0,0.0016814332,0.001522314,0.0045521944,0.99224406,OR,0.99224406,0007,Orthogonal,2028,mlp,Diagnostic26
OR007@6_2,OR,2,1750.0,0.0011891897,0.0012318053,0.0020460587,0.99553293,OR,0.99553293,0007,Centered,2028,mlp,Diagnostic26
OR014@6_2,OR,2,1749.0,0.0059762793,0.24988067,0.056505192,0.68763787,OR,0.68763787,0014,Centered,2028,mlp,Diagnostic26
OR021@12_2,OR,2,1746.0,0.0016684689,0.0016721044,0.008200789,0.98845863,OR,0.98845863,0021,Opposite,2028,mlp,Diagnostic26
OR021@3_2,OR,2,1746.0,0.0008898681,0.002111046,0.002155277,0.99484384,OR,0.99484384,0021,Orthogonal,2028,mlp,Diagnostic26
OR021@6_2,OR,2,1747.0,0.0012981578,0.0019706697,0.0034548796,0.9932763,OR,0.9932763,0021,Centered,2028,mlp,Diagnostic26
B007_3,B,3,1721.0,4.878781842337573e-05,0.9996654396466398,4.85392233262835e-05,0.0002372333116106,B,0.9996654396466398,0007,,2028,logistic_regression,Diagnostic26
B014_3,B,3,1725.0,2.2499835705969317e-05,0.9983266209517332,1.6013972994658523e-06,0.0016492778152613,B,0.9983266209517332,0014,,2028,logistic_regression,Diagnostic26
B021_3,B,3,1729.0,7.430144117936118e-11,0.9999999978598052,3.288716790859309e-13,2.0655644761035973e-09,B,0.9999999978598052,0021,,2028,logistic_regression,Diagnostic26
IR007_3,IR,3,1721.0,0.001364409931407,0.0046979894798159,0.993212498495811,0.0007251020929659,IR,0.993212498495811,0007,,2028,logistic_regression,Diagnostic26
IR014_3,IR,3,1726.0,0.1011301632450178,0.2403712113496787,0.6584986254053034,1.0563373502558255e-44,IR,0.6584986254053034,0014,,2028,logistic_regression,Diagnostic26
IR021_3,IR,3,1727.0,0.000149158658059,0.0010446219344863,0.9958633481570532,0.0029428712504012,IR,0.9958633481570532,0021,,2028,logistic_regression,Diagnostic26
OR007@6_3,OR,3,1725.0,1.1959628205362384e-05,1.225649132749288e-06,0.0006126482455321,0.9993741664771298,OR,0.9993741664771298,0007,Centered,2028,logistic_regression,Diagnostic26
OR014@6_3,OR,3,1723.0,0.0043107930648568,0.8483483200718912,0.0338079708996783,0.1135329159635736,B,0.8483483200718912,0014,Centered,2028,logistic_regression,Diagnostic26
OR021@6_3,OR,3,1719.0,6.158897941812396e-05,5.177853197324077e-05,0.0011578596859441,0.9987287728026646,OR,0.9987287728026646,0021,Centered,2028,logistic_regression,Diagnostic26
OR007@12_3,OR,3,1723.0,0.0005048129825326,0.0063006369258723,0.0635850659210167,0.9296094841705784,OR,0.9296094841705784,0007,Opposite,2028,logistic_regression,Diagnostic26
OR021@12_3,OR,3,1718.0,2.1371429304248867e-05,1.206673028223192e-06,0.0070401216124156,0.9929373002852518,OR,0.9929373002852518,0021,Opposite,2028,logistic_regression,Diagnostic26
OR007@3_3,OR,3,1724.0,5.955692381070783e-05,9.46864284567754e-05,0.0006273059885703,0.999218450659162,OR,0.999218450659162,0007,Orthogonal,2028,logistic_regression,Diagnostic26
OR021@3_3,OR,3,1719.0,0.0007013532534549,0.0040979552236914,0.0234509000462178,0.9717497914766356,OR,0.9717497914766356,0021,Orthogonal,2028,logistic_regression,Diagnostic26
N_3,N,3,1725.0,0.9989309104237356,0.0002122626047063,2.7413895437285623e-06,0.0008540855820141,N,0.9989309104237356,,,2028,logistic_regression,Diagnostic26
B007_3,B,3,1721.0,0.03251780080359,0.8037413371372429,0.0247312054195261,0.1390096566396409,B,0.8037413371372429,0007,,2028,rbf_svm,Diagnostic26
B014_3,B,3,1725.0,0.040699402723672,0.7277370539945077,0.0367801083756017,0.1947834349062183,B,0.7277370539945077,0014,,2028,rbf_svm,Diagnostic26
B021_3,B,3,1729.0,0.0996839959592309,0.4707054242612134,0.1349389866749249,0.2946715931046308,B,0.4707054242612134,0021,,2028,rbf_svm,Diagnostic26
IR007_3,IR,3,1721.0,0.0472197154843174,0.1094771861410288,0.7678841374953262,0.0754189608793274,IR,0.7678841374953262,0007,,2028,rbf_svm,Diagnostic26
IR014_3,IR,3,1726.0,0.1175687791749685,0.3667573070153955,0.1735787250919879,0.3420951887176482,B,0.3667573070153955,0014,,2028,rbf_svm,Diagnostic26
IR021_3,IR,3,1727.0,0.0388907423540709,0.0924574304439651,0.8119404527824757,0.0567113744194878,IR,0.8119404527824757,0021,,2028,rbf_svm,Diagnostic26
OR007@6_3,OR,3,1725.0,0.0183498150258724,0.0263716808395898,0.0373545062000191,0.9179239979345186,OR,0.9179239979345186,0007,Centered,2028,rbf_svm,Diagnostic26
OR014@6_3,OR,3,1723.0,0.0300209118558904,0.6132821648048203,0.0956321345345105,0.2610647888047787,B,0.6132821648048203,0014,Centered,2028,rbf_svm,Diagnostic26
OR021@6_3,OR,3,1719.0,0.0215806987576663,0.036405483178228,0.0350733807466869,0.9069404373174184,OR,0.9069404373174184,0021,Centered,2028,rbf_svm,Diagnostic26
OR007@12_3,OR,3,1723.0,0.0150188891946882,0.0341058954254559,0.2305679405960981,0.7203072747837574,OR,0.7203072747837574,0007,Opposite,2028,rbf_svm,Diagnostic26
OR021@12_3,OR,3,1718.0,0.0185434102019215,0.0206710624465592,0.0641570174215625,0.8966285099299565,OR,0.8966285099299565,0021,Opposite,2028,rbf_svm,Diagnostic26
OR007@3_3,OR,3,1724.0,0.0163093854000281,0.0366365408073681,0.0292558392046358,0.9177982345879682,OR,0.9177982345879682,0007,Orthogonal,2028,rbf_svm,Diagnostic26
OR021@3_3,OR,3,1719.0,0.0174061510893915,0.031266543532239,0.0574953903381009,0.8938319150402682,OR,0.8938319150402682,0021,Orthogonal,2028,rbf_svm,Diagnostic26
N_3,N,3,1725.0,0.7316185780752535,0.1050162273104929,0.0627086020845531,0.1006565925297002,N,0.7316185780752535,,,2028,rbf_svm,Diagnostic26
B007_3,B,3,1721.0,0.091745274930858,0.6586635087321839,0.087407692833689,0.1621835235032681,B,0.6586635087321839,0007,,2028,random_forest,Diagnostic26
B014_3,B,3,1725.0,0.0357720890025237,0.7744927134142231,0.0373715856612915,0.1523636119219607,B,0.7744927134142231,0014,,2028,random_forest,Diagnostic26
B021_3,B,3,1729.0,0.0142994208494208,0.7418844951669351,0.0940868109325414,0.1497292730511017,B,0.7418844951669351,0021,,2028,random_forest,Diagnostic26
IR007_3,IR,3,1721.0,0.0826619273702143,0.0892567816958791,0.7076962612387183,0.1203850296951879,IR,0.7076962612387183,0007,,2028,random_forest,Diagnostic26
IR014_3,IR,3,1726.0,0.0661549764049764,0.5125380521995654,0.094367367820309,0.326939603575149,B,0.5125380521995654,0014,,2028,random_forest,Diagnostic26
IR021_3,IR,3,1727.0,0.0277961538461538,0.0620773809523809,0.5823072463349619,0.327819218866503,IR,0.5823072463349619,0021,,2028,random_forest,Diagnostic26
OR007@6_3,OR,3,1725.0,0.0132813131313131,0.0066516129032258,0.1993214637169613,0.7807456102485005,OR,0.7807456102485005,0007,Centered,2028,random_forest,Diagnostic26
OR014@6_3,OR,3,1723.0,0.1087423207227555,0.3150722257962317,0.2360844685358917,0.3401009849451213,OR,0.3401009849451213,0014,Centered,2028,random_forest,Diagnostic26
OR021@6_3,OR,3,1719.0,0.0140198412698412,0.0867494343891402,0.0702845250100943,0.8289461993309246,OR,0.8289461993309246,0021,Centered,2028,random_forest,Diagnostic26
OR007@12_3,OR,3,1723.0,0.0038351351351351,0.112717432978154,0.1416424006622298,0.7418050312244814,OR,0.7418050312244814,0007,Opposite,2028,random_forest,Diagnostic26
OR021@12_3,OR,3,1718.0,0.0091166666666666,0.0152412698412698,0.1381399644473174,0.8375020990447464,OR,0.8375020990447464,0021,Opposite,2028,random_forest,Diagnostic26
OR007@3_3,OR,3,1724.0,0.0110503293807641,0.0355537279450467,0.1229509743522634,0.830444968321926,OR,0.830444968321926,0007,Orthogonal,2028,random_forest,Diagnostic26
OR021@3_3,OR,3,1719.0,0.0047518018018018,0.0678063527975292,0.2585216630606723,0.6689201823399971,OR,0.6689201823399971,0021,Orthogonal,2028,random_forest,Diagnostic26
N_3,N,3,1725.0,0.8201205641497076,0.0696178956496151,0.0477137717168551,0.0625477684838219,N,0.8201205641497076,,,2028,random_forest,Diagnostic26
B007_3,B,3,1721.0,0.04196826,0.723581,0.037534524,0.19691618,B,0.723581,0007,,2028,mlp,Diagnostic26
B014_3,B,3,1725.0,0.02226813,0.825699,0.05687513,0.09515779,B,0.825699,0014,,2028,mlp,Diagnostic26
B021_3,B,3,1729.0,0.022585515,0.45850247,0.381467,0.13744503,B,0.45850247,0021,,2028,mlp,Diagnostic26
IR007_3,IR,3,1721.0,0.04139785,0.07617069,0.82311183,0.059319694,IR,0.82311183,0007,,2028,mlp,Diagnostic26
IR014_3,IR,3,1726.0,0.11424468,0.24734282,0.4594521,0.17896041,IR,0.4594521,0014,,2028,mlp,Diagnostic26
IR021_3,IR,3,1727.0,0.019796884,0.172308,0.66085297,0.14704214,IR,0.66085297,0021,,2028,mlp,Diagnostic26
N_3,N,3,1725.0,0.9594135,0.012935086,0.013711244,0.013940169,N,0.9594135,,,2028,mlp,Diagnostic26
OR007@12_3,OR,3,1723.0,0.018577209,0.34870976,0.1547638,0.47794923,OR,0.47794923,0007,Opposite,2028,mlp,Diagnostic26
OR007@3_3,OR,3,1724.0,0.012881187,0.044832077,0.062179413,0.88010734,OR,0.88010734,0007,Orthogonal,2028,mlp,Diagnostic26
OR007@6_3,OR,3,1725.0,0.018632699,0.031697948,0.06806978,0.88159955,OR,0.88159955,0007,Centered,2028,mlp,Diagnostic26
OR014@6_3,OR,3,1723.0,0.03601637,0.73489743,0.030834315,0.19825192,B,0.73489743,0014,Centered,2028,mlp,Diagnostic26
OR021@12_3,OR,3,1718.0,0.020931898,0.05668646,0.27038535,0.65199625,OR,0.65199625,0021,Opposite,2028,mlp,Diagnostic26
OR021@3_3,OR,3,1719.0,0.04220257,0.038405746,0.15078159,0.76861006,OR,0.76861006,0021,Orthogonal,2028,mlp,Diagnostic26
OR021@6_3,OR,3,1719.0,0.026378253,0.038474083,0.1081605,0.82698715,OR,0.82698715,0021,Centered,2028,mlp,Diagnostic26
B007_0,B,0,1796.0,0.0418643200972835,0.5071223763449911,0.0988818719715513,0.3521314315861741,B,0.5071223763449911,0007,,2029,logistic_regression,Diagnostic26
B014_0,B,0,1797.0,0.0135071654200029,0.8168041487355553,0.0881082976438126,0.0815803882006289,B,0.8168041487355553,0014,,2029,logistic_regression,Diagnostic26
B021_0,B,0,1797.0,0.0181769290091385,0.319469960037186,0.5198278418190048,0.1425252691346706,IR,0.5198278418190048,0021,,2029,logistic_regression,Diagnostic26
IR007_0,IR,0,1796.0,0.0426288604471646,0.0830743685303335,0.7353190544132822,0.1389777166092194,IR,0.7353190544132822,0007,,2029,logistic_regression,Diagnostic26
IR014_0,IR,0,1796.0,0.0138355795173764,0.1924472243004411,0.2794364713816243,0.514280724800558,OR,0.514280724800558,0014,,2029,logistic_regression,Diagnostic26
IR021_0,IR,0,1796.0,0.0095100454818534,0.0885918460881003,0.7101297172904775,0.1917683911395688,IR,0.7101297172904775,0021,,2029,logistic_regression,Diagnostic26
OR007@6_0,OR,0,1796.0,0.0026342890628598,0.0037086950776688,0.0587859508216807,0.9348710650377904,OR,0.9348710650377904,0007,Centered,2029,logistic_regression,Diagnostic26
OR014@6_0,OR,0,1796.0,0.0214000664020453,0.7382436975451668,0.0549065069474765,0.1854497291053112,B,0.7382436975451668,0014,Centered,2029,logistic_regression,Diagnostic26
OR021@6_0,OR,0,1796.0,0.0066702179041234,0.0365546328229051,0.1143269078863787,0.8424482413865927,OR,0.8424482413865927,0021,Centered,2029,logistic_regression,Diagnostic26
OR007@12_0,OR,0,1796.0,0.018339249899072,0.1899908946422911,0.1051335104794748,0.6865363449791619,OR,0.6865363449791619,0007,Opposite,2029,logistic_regression,Diagnostic26
OR021@12_0,OR,0,1796.0,0.0037076932213595,0.0090545381751936,0.2439373883859478,0.7433003802174989,OR,0.7433003802174989,0021,Opposite,2029,logistic_regression,Diagnostic26
OR007@3_0,OR,0,1797.0,0.0133119598247108,0.0575979248551773,0.125988048584706,0.8031020667354056,OR,0.8031020667354056,0007,Orthogonal,2029,logistic_regression,Diagnostic26
OR021@3_0,OR,0,1796.0,0.0274930559562749,0.1283309932823075,0.1794509038603468,0.6647250469010707,OR,0.6647250469010707,0021,Orthogonal,2029,logistic_regression,Diagnostic26
N_0,N,0,1796.0,0.9404113445300653,0.0146503179694659,0.0371040445631423,0.0078342929373264,N,0.9404113445300653,,,2029,logistic_regression,Diagnostic26
B007_0,B,0,1796.0,0.0262195300356895,0.5204231321541829,0.0657327884251234,0.3876245493850044,B,0.5204231321541829,0007,,2029,rbf_svm,Diagnostic26
B014_0,B,0,1797.0,0.0339412071385197,0.5110773027593718,0.1592230157804131,0.2957584743216958,B,0.5110773027593718,0014,,2029,rbf_svm,Diagnostic26
B021_0,B,0,1797.0,0.028202061033502,0.2870774649327769,0.4829758986988306,0.2017445753348906,IR,0.4829758986988306,0021,,2029,rbf_svm,Diagnostic26
IR007_0,IR,0,1796.0,0.034109712408418,0.0635286868225724,0.8073525275546116,0.0950090732143976,IR,0.8073525275546116,0007,,2029,rbf_svm,Diagnostic26
IR014_0,IR,0,1796.0,0.0197941770703813,0.1781807967832443,0.3007271524154768,0.5012978737308974,OR,0.5012978737308974,0014,,2029,rbf_svm,Diagnostic26
IR021_0,IR,0,1796.0,0.0241176431995799,0.0621900370363966,0.7981879666956049,0.1155043530684186,IR,0.7981879666956049,0021,,2029,rbf_svm,Diagnostic26
OR007@6_0,OR,0,1796.0,0.0262949850376527,0.0704412670136586,0.142334137722153,0.7609296102265357,OR,0.7609296102265357,0007,Centered,2029,rbf_svm,Diagnostic26
OR014@6_0,OR,0,1796.0,0.0232473730193097,0.555912405632532,0.0542499058949144,0.3665903154532436,B,0.555912405632532,0014,Centered,2029,rbf_svm,Diagnostic26
OR021@6_0,OR,0,1796.0,0.0228740409628186,0.0833190660403806,0.1878755199376301,0.7059313730591702,OR,0.7059313730591702,0021,Centered,2029,rbf_svm,Diagnostic26
OR007@12_0,OR,0,1796.0,0.0186057243236923,0.2370779846662302,0.0957105833330512,0.6486057076770264,OR,0.6486057076770264,0007,Opposite,2029,rbf_svm,Diagnostic26
OR021@12_0,OR,0,1796.0,0.025625060230973,0.065079463526732,0.1861721969932978,0.723123279248997,OR,0.723123279248997,0021,Opposite,2029,rbf_svm,Diagnostic26
OR007@3_0,OR,0,1797.0,0.0202758360745765,0.1112312901404962,0.1135391934286246,0.7549536803563027,OR,0.7549536803563027,0007,Orthogonal,2029,rbf_svm,Diagnostic26
OR021@3_0,OR,0,1796.0,0.0263229782502716,0.141894413288411,0.1463950323384924,0.6853875761228246,OR,0.6853875761228246,0021,Orthogonal,2029,rbf_svm,Diagnostic26
N_0,N,0,1796.0,0.2758576268088557,0.2217564312407706,0.317433699976283,0.1849522419740905,IR,0.317433699976283,,,2029,rbf_svm,Diagnostic26
B007_0,B,0,1796.0,0.0616270236780084,0.4626735378284006,0.062433861528932,0.4132655769646589,B,0.4626735378284006,0007,,2029,random_forest,Diagnostic26
B014_0,B,0,1797.0,0.0353538608289648,0.6530991254193509,0.1134231623611408,0.198123851390543,B,0.6530991254193509,0014,,2029,random_forest,Diagnostic26
B021_0,B,0,1797.0,0.0150283538819774,0.4778796262371605,0.2307007294019431,0.2763912904789186,B,0.4778796262371605,0021,,2029,random_forest,Diagnostic26
IR007_0,IR,0,1796.0,0.0493899267399267,0.0319136711585628,0.5774475690632276,0.3412488330382828,IR,0.5774475690632276,0007,,2029,random_forest,Diagnostic26
IR014_0,IR,0,1796.0,0.0161712917350848,0.2626305899718061,0.1296499265698182,0.5915481917232911,OR,0.5915481917232911,0014,,2029,random_forest,Diagnostic26
IR021_0,IR,0,1796.0,0.0067126177024482,0.1083116080835395,0.526434253256829,0.3585415209571831,IR,0.526434253256829,0021,,2029,random_forest,Diagnostic26
OR007@6_0,OR,0,1796.0,0.0147710777728019,0.0128644501278772,0.1165454509897605,0.8558190211095608,OR,0.8558190211095608,0007,Centered,2029,random_forest,Diagnostic26
OR014@6_0,OR,0,1796.0,0.0259733979282366,0.7268553671372298,0.0364413058109927,0.2107299291235402,B,0.7268553671372298,0014,Centered,2029,random_forest,Diagnostic26
OR021@6_0,OR,0,1796.0,0.0177324589722894,0.0363844397759103,0.1433754347974286,0.802507666454372,OR,0.802507666454372,0021,Centered,2029,random_forest,Diagnostic26
OR007@12_0,OR,0,1796.0,0.0167542060090447,0.2789256303099677,0.1631508910358722,0.5411692726451159,OR,0.5411692726451159,0007,Opposite,2029,random_forest,Diagnostic26
OR021@12_0,OR,0,1796.0,0.0117070393374741,0.001,0.2146696359808959,0.7726233246816305,OR,0.7726233246816305,0021,Opposite,2029,random_forest,Diagnostic26
OR007@3_0,OR,0,1797.0,0.00175,0.0172224358974358,0.1034336910789663,0.8775938730235979,OR,0.8775938730235979,0007,Orthogonal,2029,random_forest,Diagnostic26
OR021@3_0,OR,0,1796.0,0.0209935700834005,0.0578581374126837,0.1756407682121871,0.7455075242917288,OR,0.7455075242917288,0021,Orthogonal,2029,random_forest,Diagnostic26
N_0,N,0,1796.0,0.618886377611076,0.1470135064746422,0.0900925526338497,0.1440075632804321,N,0.618886377611076,,,2029,random_forest,Diagnostic26
B007_0,B,0,1796.0,0.011759059,0.7128781,0.025219066,0.25014374,B,0.7128781,0007,,2029,mlp,Diagnostic26
B014_0,B,0,1797.0,0.014181186,0.8507534,0.061879005,0.07318639,B,0.8507534,0014,,2029,mlp,Diagnostic26
B021_0,B,0,1797.0,0.027922302,0.5760411,0.3007581,0.09527848,B,0.5760411,0021,,2029,mlp,Diagnostic26
IR007_0,IR,0,1796.0,0.026181757,0.07746383,0.83833367,0.05802074,IR,0.83833367,0007,,2029,mlp,Diagnostic26
IR014_0,IR,0,1796.0,0.026671853,0.5115052,0.082125485,0.3796975,B,0.5115052,0014,,2029,mlp,Diagnostic26
IR021_0,IR,0,1796.0,0.034459528,0.48519787,0.33075085,0.14959177,B,0.48519787,0021,,2029,mlp,Diagnostic26
N_0,N,0,1796.0,0.9002764,0.015222137,0.0451852,0.0393162,N,0.9002764,,,2029,mlp,Diagnostic26
OR007@12_0,OR,0,1796.0,0.023169808,0.10219617,0.03455811,0.8400759,OR,0.8400759,0007,Opposite,2029,mlp,Diagnostic26
OR007@3_0,OR,0,1797.0,0.021607354,0.04624601,0.036841318,0.89530534,OR,0.89530534,0007,Orthogonal,2029,mlp,Diagnostic26
OR007@6_0,OR,0,1796.0,0.031903636,0.031513955,0.08192446,0.85465795,OR,0.85465795,0007,Centered,2029,mlp,Diagnostic26
OR014@6_0,OR,0,1796.0,0.012666074,0.74650395,0.033836126,0.20699386,B,0.74650395,0014,Centered,2029,mlp,Diagnostic26
OR021@12_0,OR,0,1796.0,0.03552754,0.039102275,0.112308174,0.81306195,OR,0.81306195,0021,Opposite,2029,mlp,Diagnostic26
OR021@3_0,OR,0,1796.0,0.028495494,0.15980758,0.09639127,0.7153056,OR,0.7153056,0021,Orthogonal,2029,mlp,Diagnostic26
OR021@6_0,OR,0,1796.0,0.03893128,0.0418021,0.0771771,0.84208953,OR,0.84208953,0021,Centered,2029,mlp,Diagnostic26
B007_1,B,1,1772.0,0.0037352745309952,0.9055835609934056,0.0187487429127744,0.0719324215628246,B,0.9055835609934056,0007,,2029,logistic_regression,Diagnostic26
B014_1,B,1,1772.0,0.0015977917508635,0.9240802697921472,0.0012010150340593,0.0731209234229299,B,0.9240802697921472,0014,,2029,logistic_regression,Diagnostic26
B021_1,B,1,1774.0,0.0005009179015181,0.4475176773723639,0.0077298601758727,0.5442515445502452,OR,0.5442515445502452,0021,,2029,logistic_regression,Diagnostic26
IR007_1,IR,1,1772.0,0.0019671839429471,0.0080918720667833,0.9859604910259409,0.0039804529643285,IR,0.9859604910259409,0007,,2029,logistic_regression,Diagnostic26
IR014_1,IR,1,1772.0,0.000523502178149,0.0137252625270936,0.9039015758408678,0.0818496594538896,IR,0.9039015758408678,0014,,2029,logistic_regression,Diagnostic26
IR021_1,IR,1,1774.0,0.0014594051819114,0.0514365884466857,0.8383224065502048,0.1087815998211977,IR,0.8383224065502048,0021,,2029,logistic_regression,Diagnostic26
OR007@6_1,OR,1,1774.0,0.000221461995732,0.0001264191777978,0.0171706204843144,0.9824814983421556,OR,0.9824814983421556,0007,Centered,2029,logistic_regression,Diagnostic26
OR014@6_1,OR,1,1772.0,0.0070419866146479,0.7768188928258658,0.0288670885671055,0.1872720319923806,B,0.7768188928258658,0014,Centered,2029,logistic_regression,Diagnostic26
OR021@6_1,OR,1,1771.0,0.0004575447754517,0.0021111572030992,0.0229935144785514,0.9744377835428976,OR,0.9744377835428976,0021,Centered,2029,logistic_regression,Diagnostic26
OR007@12_1,OR,1,1772.0,0.0016625492960849,0.014507001358854,0.2105246359883924,0.7733058133566685,OR,0.7733058133566685,0007,Opposite,2029,logistic_regression,Diagnostic26
OR021@12_1,OR,1,1771.0,0.0002859112557599,0.0004666869985799,0.0791691275357367,0.9200782742099234,OR,0.9200782742099234,0021,Opposite,2029,logistic_regression,Diagnostic26
OR007@3_1,OR,1,1773.0,0.0013825023447448,0.0042520358206204,0.0520141921236723,0.9423512697109624,OR,0.9423512697109624,0007,Orthogonal,2029,logistic_regression,Diagnostic26
OR021@3_1,OR,1,1770.0,0.001432899443595,0.0216763260202492,0.0551568812715899,0.9217338932645656,OR,0.9217338932645656,0021,Orthogonal,2029,logistic_regression,Diagnostic26
N_1_(1772rpm),N,1,1772.0,0.9907123385206236,0.0042443469618916,0.000993637920367,0.0040496765971175,N,0.9907123385206236,,,2029,logistic_regression,Diagnostic26
B007_1,B,1,1772.0,0.0279051389508317,0.7263494827586932,0.0521221211982873,0.1936232570921877,B,0.7263494827586932,0007,,2029,rbf_svm,Diagnostic26
B014_1,B,1,1772.0,0.038979099356405,0.6259520052331091,0.0583713555910882,0.2766975398193974,B,0.6259520052331091,0014,,2029,rbf_svm,Diagnostic26
B021_1,B,1,1774.0,0.0333574432772038,0.5474574969554403,0.0973222549629287,0.3218628048044273,B,0.5474574969554403,0021,,2029,rbf_svm,Diagnostic26
IR007_1,IR,1,1772.0,0.0315514855512774,0.0292669358357907,0.915217297088376,0.0239642815245556,IR,0.915217297088376,0007,,2029,rbf_svm,Diagnostic26
IR014_1,IR,1,1772.0,0.026647688301945,0.0237443910439517,0.7384540404171818,0.2111538802369213,IR,0.7384540404171818,0014,,2029,rbf_svm,Diagnostic26
IR021_1,IR,1,1774.0,0.025180804573474,0.0505626404718828,0.8401788367036749,0.084077718250968,IR,0.8401788367036749,0021,,2029,rbf_svm,Diagnostic26
OR007@6_1,OR,1,1774.0,0.0200546533759891,0.021322337680935,0.0466420233264281,0.9119809856166474,OR,0.9119809856166474,0007,Centered,2029,rbf_svm,Diagnostic26
OR014@6_1,OR,1,1772.0,0.0291793226129083,0.6289783299031158,0.0650495444563743,0.2767928030276019,B,0.6289783299031158,0014,Centered,2029,rbf_svm,Diagnostic26
OR021@6_1,OR,1,1771.0,0.0196949026177513,0.0284041000074542,0.0376710925466094,0.914229904828185,OR,0.914229904828185,0021,Centered,2029,rbf_svm,Diagnostic26
OR007@12_1,OR,1,1772.0,0.0158737718848069,0.0330771520005425,0.1992611263640383,0.7517879497506122,OR,0.7517879497506122,0007,Opposite,2029,rbf_svm,Diagnostic26
OR021@12_1,OR,1,1771.0,0.0201429885421455,0.0232526428205699,0.0502964755626652,0.9063078930746192,OR,0.9063078930746192,0021,Opposite,2029,rbf_svm,Diagnostic26
OR007@3_1,OR,1,1773.0,0.0169994292735378,0.0368125666698498,0.0579645726545231,0.8882234314020889,OR,0.8882234314020889,0007,Orthogonal,2029,rbf_svm,Diagnostic26
OR021@3_1,OR,1,1770.0,0.0153651905263975,0.0349106148869625,0.0507655587367916,0.8989586358498484,OR,0.8989586358498484,0021,Orthogonal,2029,rbf_svm,Diagnostic26
N_1_(1772rpm),N,1,1772.0,0.622453547085339,0.1269112226413304,0.1366016920141462,0.1140335382591843,N,0.622453547085339,,,2029,rbf_svm,Diagnostic26
B007_1,B,1,1772.0,0.0294021469569856,0.5560961923949413,0.1209140785684903,0.2935875820795824,B,0.5560961923949413,0007,,2029,random_forest,Diagnostic26
B014_1,B,1,1772.0,0.0260604395604395,0.7932483558048657,0.0458169306184012,0.134874274016293,B,0.7932483558048657,0014,,2029,random_forest,Diagnostic26
B021_1,B,1,1774.0,0.0048653846153846,0.6445789972251356,0.1900450645215351,0.1605105536379442,B,0.6445789972251356,0021,,2029,random_forest,Diagnostic26
IR007_1,IR,1,1772.0,0.0226343258891646,0.0176901960784313,0.7878938828881423,0.1717815951442611,IR,0.7878938828881423,0007,,2029,random_forest,Diagnostic26
IR014_1,IR,1,1772.0,0.0067277777777777,0.0265705128205128,0.6753713254421051,0.291330383959604,IR,0.6753713254421051,0014,,2029,random_forest,Diagnostic26
IR021_1,IR,1,1774.0,0.0084777777777777,0.048034278002699,0.7543350301659122,0.1891529140536106,IR,0.7543350301659122,0021,,2029,random_forest,Diagnostic26
OR007@6_1,OR,1,1774.0,0.0071424242424242,0.0035,0.0589710407239819,0.930386535033594,OR,0.930386535033594,0007,Centered,2029,random_forest,Diagnostic26
OR014@6_1,OR,1,1772.0,0.0326659684012419,0.4091419310258979,0.123941363964254,0.4342507366086063,OR,0.4342507366086063,0014,Centered,2029,random_forest,Diagnostic26
OR021@6_1,OR,1,1771.0,0.0073666666666666,0.0079535087719298,0.0769601432880844,0.9077196812733196,OR,0.9077196812733196,0021,Centered,2029,random_forest,Diagnostic26
OR007@12_1,OR,1,1772.0,0.0,0.0044,0.1795448925612609,0.8160551074387395,OR,0.8160551074387395,0007,Opposite,2029,random_forest,Diagnostic26
OR021@12_1,OR,1,1771.0,0.0050555555555555,0.0014,0.1355690045248869,0.8579754399195577,OR,0.8579754399195577,0021,Opposite,2029,random_forest,Diagnostic26
OR007@3_1,OR,1,1773.0,0.0099628205128205,0.0064,0.0755153614617237,0.908121818025456,OR,0.908121818025456,0007,Orthogonal,2029,random_forest,Diagnostic26
OR021@3_1,OR,1,1770.0,0.0,0.0119239819004524,0.1879092885872298,0.8001667295123183,OR,0.8001667295123183,0021,Orthogonal,2029,random_forest,Diagnostic26
N_1_(1772rpm),N,1,1772.0,0.774901813023795,0.0964872831153666,0.0513591756540672,0.0772517282067709,N,0.774901813023795,,,2029,random_forest,Diagnostic26
B007_1,B,1,1772.0,0.012700406,0.7063241,0.006715982,0.2742595,B,0.7063241,0007,,2029,mlp,Diagnostic26
B014_1,B,1,1772.0,0.01753111,0.9412662,0.013738946,0.027463708,B,0.9412662,0014,,2029,mlp,Diagnostic26
B021_1,B,1,1774.0,0.00791595,0.69911987,0.2615637,0.031400524,B,0.69911987,0021,,2029,mlp,Diagnostic26
IR007_1,IR,1,1772.0,0.004535231,0.010649949,0.9815639,0.003250902,IR,0.9815639,0007,,2029,mlp,Diagnostic26
IR014_1,IR,1,1772.0,0.004499302,0.04643325,0.94227755,0.0067898766,IR,0.94227755,0014,,2029,mlp,Diagnostic26
IR021_1,IR,1,1774.0,0.004796211,0.2520077,0.72596884,0.017227227,IR,0.72596884,0021,,2029,mlp,Diagnostic26
N_1_(1772rpm),N,1,1772.0,0.99176466,0.0019761254,0.0021674158,0.004091784,N,0.99176466,,,2029,mlp,Diagnostic26
OR007@12_1,OR,1,1772.0,0.016388537,0.008577945,0.0454701,0.9295634,OR,0.9295634,0007,Opposite,2029,mlp,Diagnostic26
OR007@3_1,OR,1,1773.0,0.00872803,0.0055715702,0.0073691015,0.97833127,OR,0.97833127,0007,Orthogonal,2029,mlp,Diagnostic26
OR007@6_1,OR,1,1774.0,0.009183139,0.0037493042,0.007871252,0.97919625,OR,0.97919625,0007,Centered,2029,mlp,Diagnostic26
OR014@6_1,OR,1,1772.0,0.01813485,0.5771852,0.0084503805,0.39622954,B,0.5771852,0014,Centered,2029,mlp,Diagnostic26
OR021@12_1,OR,1,1771.0,0.012804779,0.005179281,0.011308705,0.97070724,OR,0.97070724,0021,Opposite,2029,mlp,Diagnostic26
OR021@3_1,OR,1,1770.0,0.012476159,0.0050010225,0.004391561,0.97813123,OR,0.97813123,0021,Orthogonal,2029,mlp,Diagnostic26
OR021@6_1,OR,1,1771.0,0.013222181,0.005458583,0.009990077,0.97132915,OR,0.97132915,0021,Centered,2029,mlp,Diagnostic26
B007_2,B,2,1747.0,0.0028369006335245,0.6955373616727526,0.0088153339629613,0.2928104037307613,B,0.6955373616727526,0007,,2029,logistic_regression,Diagnostic26
B014_2,B,2,1748.0,7.727262747468277e-05,0.9985390118030976,5.046237907032517e-06,0.0013786693315206,B,0.9985390118030976,0014,,2029,logistic_regression,Diagnostic26
B021_2,B,2,1754.0,8.126905332667183e-07,0.9996728405878824,2.752641231348974e-06,0.0003235940803528,B,0.9996728405878824,0021,,2029,logistic_regression,Diagnostic26
IR007_2,IR,2,1748.0,0.0010601055845102,0.0020393876128685,0.9936282212473504,0.0032722855552708,IR,0.9936282212473504,0007,,2029,logistic_regression,Diagnostic26
IR014_2,IR,2,1751.0,8.517627349859622e-05,0.0003655241063122,0.9227144153888104,0.0768348842313786,IR,0.9227144153888104,0014,,2029,logistic_regression,Diagnostic26
IR021_2,IR,2,1752.0,6.456312361661743e-05,9.646171992197182e-05,0.986252281631478,0.0135866935249834,IR,0.986252281631478,0021,,2029,logistic_regression,Diagnostic26
OR007@6_2,OR,2,1750.0,5.852747224647918e-06,1.744120597542229e-07,0.0015059198892512,0.9984880529514644,OR,0.9984880529514644,0007,Centered,2029,logistic_regression,Diagnostic26
OR014@6_2,OR,2,1749.0,1.919078025592212e-06,0.9999034522196908,1.9222289911396605e-07,9.443647938439014e-05,B,0.9999034522196908,0014,Centered,2029,logistic_regression,Diagnostic26
OR021@6_2,OR,2,1747.0,9.109268532386453e-05,0.000548042506444,0.0008558852973345,0.9985049795108976,OR,0.9985049795108976,0021,Centered,2029,logistic_regression,Diagnostic26
OR007@12_2,OR,2,1749.0,0.0001929343692125,0.0002994556690396,0.0930750251595798,0.906432584802168,OR,0.906432584802168,0007,Opposite,2029,logistic_regression,Diagnostic26
OR021@12_2,OR,2,1746.0,1.140271574851422e-05,6.780799650291354e-07,0.0032571009897749,0.9967308182145116,OR,0.9967308182145116,0021,Opposite,2029,logistic_regression,Diagnostic26
OR007@3_2,OR,2,1750.0,6.671852169148753e-05,2.863255129978008e-05,0.0091760953747658,0.9907285535522428,OR,0.9907285535522428,0007,Orthogonal,2029,logistic_regression,Diagnostic26
OR021@3_2,OR,2,1746.0,0.0002222690687081,0.0013035112632459,0.0120269454105352,0.9864472742575106,OR,0.9864472742575106,0021,Orthogonal,2029,logistic_regression,Diagnostic26
N_2_(1750rpm),N,2,1750.0,0.9989063724411552,2.197562251160177e-05,2.961456909502539e-06,0.0010686904794237,N,0.9989063724411552,,,2029,logistic_regression,Diagnostic26
B007_2,B,2,1747.0,0.0266882793494684,0.6609686358280497,0.0489834564544471,0.2633596283680347,B,0.6609686358280497,0007,,2029,rbf_svm,Diagnostic26
B014_2,B,2,1748.0,0.0638580170971123,0.5824682868467532,0.1738713821700509,0.1798023138860831,B,0.5824682868467532,0014,,2029,rbf_svm,Diagnostic26
B021_2,B,2,1754.0,0.039670298202087,0.7061212687216906,0.0883620621102694,0.1658463709659529,B,0.7061212687216906,0021,,2029,rbf_svm,Diagnostic26
IR007_2,IR,2,1748.0,0.032180153978949,0.0380634614588708,0.8720037454446313,0.0577526391175485,IR,0.8720037454446313,0007,,2029,rbf_svm,Diagnostic26
IR014_2,IR,2,1751.0,0.0225430949475649,0.0265723476632637,0.6078050352268214,0.3430795221623501,IR,0.6078050352268214,0014,,2029,rbf_svm,Diagnostic26
IR021_2,IR,2,1752.0,0.027909770546318,0.0341128782891975,0.875003544805685,0.0629738063587991,IR,0.875003544805685,0021,,2029,rbf_svm,Diagnostic26
OR007@6_2,OR,2,1750.0,0.0199596635614783,0.0321742049917057,0.0464353218218165,0.9014308096249996,OR,0.9014308096249996,0007,Centered,2029,rbf_svm,Diagnostic26
OR014@6_2,OR,2,1749.0,0.0374243611603596,0.7306103503542549,0.040193752791548,0.1917715356938371,B,0.7306103503542549,0014,Centered,2029,rbf_svm,Diagnostic26
OR021@6_2,OR,2,1747.0,0.026354254382086,0.0514517987992819,0.0509969294010617,0.8711970174175703,OR,0.8711970174175703,0021,Centered,2029,rbf_svm,Diagnostic26
OR007@12_2,OR,2,1749.0,0.0142942014447563,0.0325484763647372,0.1694027311001949,0.7837545910903116,OR,0.7837545910903116,0007,Opposite,2029,rbf_svm,Diagnostic26
OR021@12_2,OR,2,1746.0,0.019762991753523,0.0341940828853165,0.0518257722056999,0.8942171531554605,OR,0.8942171531554605,0021,Opposite,2029,rbf_svm,Diagnostic26
OR007@3_2,OR,2,1750.0,0.017162482830461,0.0353804089014642,0.0682879337406981,0.8791691745273763,OR,0.8791691745273763,0007,Orthogonal,2029,rbf_svm,Diagnostic26
OR021@3_2,OR,2,1746.0,0.0155514626006344,0.0431273611975188,0.0763784013820604,0.8649427748197862,OR,0.8649427748197862,0021,Orthogonal,2029,rbf_svm,Diagnostic26
N_2_(1750rpm),N,2,1750.0,0.7361881158630871,0.0933960334708013,0.0870650654518357,0.0833507852142757,N,0.7361881158630871,,,2029,rbf_svm,Diagnostic26
B007_2,B,2,1747.0,0.0415410085799243,0.5282042592071067,0.0631290807776101,0.3671256514353586,B,0.5282042592071067,0007,,2029,random_forest,Diagnostic26
B014_2,B,2,1748.0,0.0359253968253968,0.6717537356285,0.160154826546003,0.1321660410000999,B,0.6717537356285,0014,,2029,random_forest,Diagnostic26
B021_2,B,2,1754.0,0.0049642857142857,0.8175771750717533,0.1202205128205128,0.0572380263934477,B,0.8175771750717533,0021,,2029,random_forest,Diagnostic26
IR007_2,IR,2,1748.0,0.0300997313031795,0.0060833333333333,0.8041457121310057,0.1596712232324807,IR,0.8041457121310057,0007,,2029,random_forest,Diagnostic26
IR014_2,IR,2,1751.0,0.0090666666666666,0.0078368421052631,0.5216187782805425,0.4614777129475275,IR,0.5216187782805425,0014,,2029,random_forest,Diagnostic26
IR021_2,IR,2,1752.0,0.0341210852082768,0.024776923076923,0.585363797777175,0.3557381939376249,IR,0.585363797777175,0021,,2029,random_forest,Diagnostic26
OR007@6_2,OR,2,1750.0,0.0035760869565217,0.0047371794871794,0.17585580693816,0.815830926618139,OR,0.815830926618139,0007,Centered,2029,random_forest,Diagnostic26
OR014@6_2,OR,2,1749.0,0.0081386172650878,0.7822964416844144,0.03925814479638,0.1703067962541168,B,0.7822964416844144,0014,Centered,2029,random_forest,Diagnostic26
OR021@6_2,OR,2,1747.0,0.0133492831541218,0.0673214028414863,0.0646607965655424,0.8546685174388499,OR,0.8546685174388499,0021,Centered,2029,random_forest,Diagnostic26
OR007@12_2,OR,2,1749.0,0.0018666666666666,0.003476923076923,0.1335076923076923,0.8611487179487181,OR,0.8611487179487181,0007,Opposite,2029,random_forest,Diagnostic26
OR021@12_2,OR,2,1746.0,0.0026727272727272,0.0055368421052631,0.0941391402714932,0.8976512903505169,OR,0.8976512903505169,0021,Opposite,2029,random_forest,Diagnostic26
OR007@3_2,OR,2,1750.0,0.0130329952670723,0.001076923076923,0.1692162895927602,0.8166737920632446,OR,0.8166737920632446,0007,Orthogonal,2029,random_forest,Diagnostic26
OR021@3_2,OR,2,1746.0,0.0035,0.017351923076923,0.1275209276018099,0.8516271493212674,OR,0.8516271493212674,0021,Orthogonal,2029,random_forest,Diagnostic26
N_2_(1750rpm),N,2,1750.0,0.7925722092076266,0.0499224596448262,0.0672342105080245,0.0902711206395225,N,0.7925722092076266,,,2029,random_forest,Diagnostic26
B007_2,B,2,1747.0,0.000946707,0.9768143,0.00027478332,0.021964174,B,0.9768143,0007,,2029,mlp,Diagnostic26
B014_2,B,2,1748.0,0.0009331886,0.9957571,0.0012645648,0.0020451644,B,0.9957571,0014,,2029,mlp,Diagnostic26
B021_2,B,2,1754.0,0.000966581,0.9863225,0.010859147,0.0018517274,B,0.9863225,0021,,2029,mlp,Diagnostic26
IR007_2,IR,2,1748.0,7.8391444e-05,0.00020943666,0.9996597,5.2438114e-05,IR,0.9996597,0007,,2029,mlp,Diagnostic26
IR014_2,IR,2,1751.0,0.00016327319,0.0025400205,0.997137,0.00015970357,IR,0.997137,0014,,2029,mlp,Diagnostic26
IR021_2,IR,2,1752.0,0.00012947414,0.0004550708,0.99931186,0.000103648716,IR,0.99931186,0021,,2029,mlp,Diagnostic26
N_2_(1750rpm),N,2,1750.0,0.99927926,0.0004751917,8.690489e-05,0.00015861538,N,0.99927926,,,2029,mlp,Diagnostic26
OR007@12_2,OR,2,1749.0,0.00026589577,0.00023108478,0.005974229,0.9935288,OR,0.9935288,0007,Opposite,2029,mlp,Diagnostic26
OR007@3_2,OR,2,1750.0,0.0002129266,0.00012857102,0.0007439572,0.99891454,OR,0.99891454,0007,Orthogonal,2029,mlp,Diagnostic26
OR007@6_2,OR,2,1750.0,7.236299e-05,9.770442e-05,0.00013755732,0.9996924,OR,0.9996924,0007,Centered,2029,mlp,Diagnostic26
OR014@6_2,OR,2,1749.0,0.002607548,0.15652564,0.130069,0.7107978,OR,0.7107978,0014,Centered,2029,mlp,Diagnostic26
OR021@12_2,OR,2,1746.0,0.00021225683,0.00014124696,0.00034275738,0.99930376,OR,0.99930376,0021,Opposite,2029,mlp,Diagnostic26
OR021@3_2,OR,2,1746.0,0.00016062926,0.00064114126,0.00012064193,0.9990776,OR,0.9990776,0021,Orthogonal,2029,mlp,Diagnostic26
OR021@6_2,OR,2,1747.0,0.0003502795,0.00019950207,0.00012921738,0.999321,OR,0.999321,0021,Centered,2029,mlp,Diagnostic26
B007_3,B,3,1721.0,0.0218810138942128,0.8100207687606756,0.0652568932281876,0.1028413241169238,B,0.8100207687606756,0007,,2029,logistic_regression,Diagnostic26
B014_3,B,3,1725.0,0.0048757349441865,0.9299591095391734,0.0049813497623387,0.0601838057543011,B,0.9299591095391734,0014,,2029,logistic_regression,Diagnostic26
B021_3,B,3,1729.0,0.0001372623130841,0.9935282269450604,0.0001782062049798,0.0061563045368756,B,0.9935282269450604,0021,,2029,logistic_regression,Diagnostic26
IR007_3,IR,3,1721.0,0.0423829064870585,0.0890275235778199,0.8018862466640237,0.0667033232710977,IR,0.8018862466640237,0007,,2029,logistic_regression,Diagnostic26
IR014_3,IR,3,1726.0,0.9750636922252172,0.0249361147513919,1.930233734203601e-07,1.7534340254332104e-14,N,0.9750636922252172,0014,,2029,logistic_regression,Diagnostic26
IR021_3,IR,3,1727.0,0.0096134533735558,0.0790147794535269,0.7784587816108561,0.1329129855620611,IR,0.7784587816108561,0021,,2029,logistic_regression,Diagnostic26
OR007@6_3,OR,3,1725.0,0.0052822405334116,0.0133176368605419,0.0927098012236937,0.8886903213823528,OR,0.8886903213823528,0007,Centered,2029,logistic_regression,Diagnostic26
OR014@6_3,OR,3,1723.0,0.0350856086570522,0.5430022958733307,0.2245474763596138,0.1973646191100031,B,0.5430022958733307,0014,Centered,2029,logistic_regression,Diagnostic26
OR021@6_3,OR,3,1719.0,0.0066052438896743,0.0358196489203568,0.0678251704881257,0.8897499367018432,OR,0.8897499367018432,0021,Centered,2029,logistic_regression,Diagnostic26
OR007@12_3,OR,3,1723.0,0.0113827145302433,0.0958387303942177,0.3393879068069189,0.5533906482686201,OR,0.5533906482686201,0007,Opposite,2029,logistic_regression,Diagnostic26
OR021@12_3,OR,3,1718.0,0.0051954236054828,0.0164750597319797,0.2058810946280902,0.7724484220344472,OR,0.7724484220344472,0021,Opposite,2029,logistic_regression,Diagnostic26
OR007@3_3,OR,3,1724.0,0.0117871032225367,0.0472555283456743,0.1305236587756599,0.8104337096561289,OR,0.8104337096561289,0007,Orthogonal,2029,logistic_regression,Diagnostic26
OR021@3_3,OR,3,1719.0,0.016603318478259,0.0749434667165192,0.2875086359116698,0.6209445788935518,OR,0.6209445788935518,0021,Orthogonal,2029,logistic_regression,Diagnostic26
N_3,N,3,1725.0,0.9632802019340876,0.0129880462424292,0.0054787760582765,0.0182529757652067,N,0.9632802019340876,,,2029,logistic_regression,Diagnostic26
B007_3,B,3,1721.0,0.0342467644442323,0.8281729779121482,0.02137338748224,0.1162068701613795,B,0.8281729779121482,0007,,2029,rbf_svm,Diagnostic26
B014_3,B,3,1725.0,0.041392235272062,0.7609632635682434,0.0311559367063261,0.1664885644533683,B,0.7609632635682434,0014,,2029,rbf_svm,Diagnostic26
B021_3,B,3,1729.0,0.1001863749794482,0.5030474980849051,0.1244279367530945,0.2723381901825522,B,0.5030474980849051,0021,,2029,rbf_svm,Diagnostic26
IR007_3,IR,3,1721.0,0.049385852430772,0.1152339823517438,0.7741801851798044,0.0611999800376802,IR,0.7741801851798044,0007,,2029,rbf_svm,Diagnostic26
IR014_3,IR,3,1726.0,0.1180394974592514,0.3953495337497952,0.1611071610516248,0.3255038077393285,B,0.3953495337497952,0014,,2029,rbf_svm,Diagnostic26
IR021_3,IR,3,1727.0,0.0411193948316682,0.0974084143850083,0.8152671290698988,0.046205061713424,IR,0.8152671290698988,0021,,2029,rbf_svm,Diagnostic26
OR007@6_3,OR,3,1725.0,0.0192478313070106,0.0296255923741243,0.0204053564358443,0.9307212198830206,OR,0.9307212198830206,0007,Centered,2029,rbf_svm,Diagnostic26
OR014@6_3,OR,3,1723.0,0.0316618682181824,0.6504493432272912,0.0847158083269635,0.2331729802275629,B,0.6504493432272912,0014,Centered,2029,rbf_svm,Diagnostic26
OR021@6_3,OR,3,1719.0,0.0221678449443843,0.0410758139367112,0.0224633233460131,0.9142930177728912,OR,0.9142930177728912,0021,Centered,2029,rbf_svm,Diagnostic26
OR007@12_3,OR,3,1723.0,0.0151456281611206,0.0372903035250216,0.1782796851883395,0.7692843831255178,OR,0.7692843831255178,0007,Opposite,2029,rbf_svm,Diagnostic26
OR021@12_3,OR,3,1718.0,0.0191055331830467,0.0239500077184434,0.0365983133408993,0.9203461457576104,OR,0.9203461457576104,0021,Opposite,2029,rbf_svm,Diagnostic26
OR007@3_3,OR,3,1724.0,0.0172668763773634,0.0412041201340241,0.0181792942251119,0.9233497092635004,OR,0.9233497092635004,0007,Orthogonal,2029,rbf_svm,Diagnostic26
OR021@3_3,OR,3,1719.0,0.0183742993216559,0.0347690366569054,0.034048012420282,0.9128086516011568,OR,0.9128086516011568,0021,Orthogonal,2029,rbf_svm,Diagnostic26
N_3,N,3,1725.0,0.7164346777264641,0.1211703671086578,0.0649096640464884,0.0974852911183896,N,0.7164346777264641,,,2029,rbf_svm,Diagnostic26
B007_3,B,3,1721.0,0.054,0.634,0.064,0.248,B,0.634,0007,,2029,random_forest,Diagnostic26
B014_3,B,3,1725.0,0.018,0.772,0.04,0.17,B,0.772,0014,,2029,random_forest,Diagnostic26
B021_3,B,3,1729.0,0.008,0.748,0.066,0.178,B,0.748,0021,,2029,random_forest,Diagnostic26
IR007_3,IR,3,1721.0,0.056,0.084,0.75,0.11,IR,0.75,0007,,2029,random_forest,Diagnostic26
IR014_3,IR,3,1726.0,0.064,0.474,0.082,0.38,B,0.474,0014,,2029,random_forest,Diagnostic26
IR021_3,IR,3,1727.0,0.022,0.052,0.616,0.31,IR,0.616,0021,,2029,random_forest,Diagnostic26
OR007@6_3,OR,3,1725.0,0.004,0.006,0.118,0.872,OR,0.872,0007,Centered,2029,random_forest,Diagnostic26
OR014@6_3,OR,3,1723.0,0.096,0.35,0.194,0.36,OR,0.36,0014,Centered,2029,random_forest,Diagnostic26
OR021@6_3,OR,3,1719.0,0.01,0.088,0.03,0.872,OR,0.872,0021,Centered,2029,random_forest,Diagnostic26
OR007@12_3,OR,3,1723.0,0.006,0.088,0.16,0.746,OR,0.746,0007,Opposite,2029,random_forest,Diagnostic26
OR021@12_3,OR,3,1718.0,0.004,0.012,0.12,0.864,OR,0.864,0021,Opposite,2029,random_forest,Diagnostic26
OR007@3_3,OR,3,1724.0,0.002,0.018,0.088,0.892,OR,0.892,0007,Orthogonal,2029,random_forest,Diagnostic26
OR021@3_3,OR,3,1719.0,0.004,0.04,0.206,0.75,OR,0.75,0021,Orthogonal,2029,random_forest,Diagnostic26
N_3,N,3,1725.0,0.862,0.046,0.042,0.05,N,0.862,,,2029,random_forest,Diagnostic26
B007_3,B,3,1721.0,0.008819324,0.7616614,0.011559626,0.21795964,B,0.7616614,0007,,2029,mlp,Diagnostic26
B014_3,B,3,1725.0,0.0058400272,0.96026033,0.017341375,0.016558317,B,0.96026033,0014,,2029,mlp,Diagnostic26
B021_3,B,3,1729.0,0.009243426,0.56204075,0.39135146,0.037364356,B,0.56204075,0021,,2029,mlp,Diagnostic26
IR007_3,IR,3,1721.0,0.0052384287,0.026140515,0.9563054,0.012315675,IR,0.9563054,0007,,2029,mlp,Diagnostic26
IR014_3,IR,3,1726.0,0.1436594,0.18545838,0.55368847,0.117193736,IR,0.55368847,0014,,2029,mlp,Diagnostic26
IR021_3,IR,3,1727.0,0.017812265,0.06651695,0.8973742,0.01829656,IR,0.8973742,0021,,2029,mlp,Diagnostic26
N_3,N,3,1725.0,0.99473137,0.0012709296,0.0016078376,0.0023898433,N,0.99473137,,,2029,mlp,Diagnostic26
OR007@12_3,OR,3,1723.0,0.0068849693,0.011579653,0.04444149,0.93709385,OR,0.93709385,0007,Opposite,2029,mlp,Diagnostic26
OR007@3_3,OR,3,1724.0,0.00952768,0.006543183,0.015314968,0.96861416,OR,0.96861416,0007,Orthogonal,2029,mlp,Diagnostic26
OR007@6_3,OR,3,1725.0,0.012513673,0.004895914,0.015895814,0.96669465,OR,0.96669465,0007,Centered,2029,mlp,Diagnostic26
OR014@6_3,OR,3,1723.0,0.01204818,0.784327,0.010575221,0.1930496,B,0.784327,0014,Centered,2029,mlp,Diagnostic26
OR021@12_3,OR,3,1718.0,0.008981107,0.0057668174,0.031220675,0.9540314,OR,0.9540314,0021,Opposite,2029,mlp,Diagnostic26
OR021@3_3,OR,3,1719.0,0.01088053,0.008155662,0.022074062,0.9588898,OR,0.9588898,0021,Orthogonal,2029,mlp,Diagnostic26
OR021@6_3,OR,3,1719.0,0.012240864,0.00518059,0.01983488,0.9627437,OR,0.9627437,0021,Centered,2029,mlp,Diagnostic26
