validation_scheme,outer_fold,model,stage,candidate,inner_fold,dropout,weight_decay,epoch,train_loss,val_macro_f1,val_balanced_accuracy
lolo,1,mlp,inner_tuning,0,1,0.1,0.0001,1,1.1665677428245544,0.8617216117216118,0.8809523809523809
lolo,1,mlp,inner_tuning,0,1,0.1,0.0001,2,0.7725063988140651,0.8617216117216118,0.8809523809523809
lolo,1,mlp,inner_tuning,0,1,0.1,0.0001,3,0.5010628700256348,0.8617216117216118,0.8809523809523809
lolo,1,mlp,inner_tuning,0,1,0.1,0.0001,4,0.3516172170639038,0.8617216117216118,0.8809523809523809
lolo,1,mlp,inner_tuning,0,1,0.1,0.0001,5,0.23196852845805033,0.9142857142857143,0.9166666666666666
lolo,1,mlp,inner_tuning,0,1,0.1,0.0001,6,0.16311451154095785,1.0,1.0
lolo,1,mlp,inner_tuning,0,1,0.1,0.0001,7,0.10019345954060555,1.0,1.0
lolo,1,mlp,inner_tuning,0,1,0.1,0.0001,8,0.07439822863255229,1.0,1.0
lolo,1,mlp,inner_tuning,0,1,0.1,0.0001,9,0.04431917837687901,1.0,1.0
lolo,1,mlp,inner_tuning,0,1,0.1,0.0001,10,0.034864043816924095,1.0,1.0
lolo,1,mlp,inner_tuning,0,1,0.1,0.0001,11,0.03345949136252914,0.9333333333333333,0.9166666666666666
lolo,1,mlp,inner_tuning,0,1,0.1,0.0001,12,0.018045905312257155,1.0,1.0
lolo,1,mlp,inner_tuning,0,1,0.1,0.0001,13,0.01585368293204478,1.0,1.0
lolo,1,mlp,inner_tuning,0,1,0.1,0.0001,14,0.012843009616647447,1.0,1.0
lolo,1,mlp,inner_tuning,0,1,0.1,0.0001,15,0.010881663832281317,1.0,1.0
lolo,1,mlp,inner_tuning,0,1,0.1,0.0001,16,0.008702097460627556,1.0,1.0
lolo,1,mlp,inner_tuning,0,1,0.1,0.0001,17,0.007264701583023582,1.0,1.0
lolo,1,mlp,inner_tuning,0,1,0.1,0.0001,18,0.005207386832418186,1.0,1.0
lolo,1,mlp,inner_tuning,0,1,0.1,0.0001,19,0.007206080414886985,1.0,1.0
lolo,1,mlp,inner_tuning,0,1,0.1,0.0001,20,0.005667965692867126,1.0,1.0
lolo,1,mlp,inner_tuning,0,1,0.1,0.0001,21,0.005877927610916751,1.0,1.0
lolo,1,mlp,inner_tuning,0,2,0.1,0.0001,1,1.143641574042184,0.8785714285714287,0.8809523809523809
lolo,1,mlp,inner_tuning,0,2,0.1,0.0001,2,0.7594003592218671,0.8785714285714287,0.8809523809523809
lolo,1,mlp,inner_tuning,0,2,0.1,0.0001,3,0.5495511421135494,0.945054945054945,0.9642857142857143
lolo,1,mlp,inner_tuning,0,2,0.1,0.0001,4,0.37829446366855074,0.945054945054945,0.9642857142857143
lolo,1,mlp,inner_tuning,0,2,0.1,0.0001,5,0.23591669542448862,0.945054945054945,0.9642857142857143
lolo,1,mlp,inner_tuning,0,2,0.1,0.0001,6,0.1766704661505563,0.8682692307692308,0.8809523809523809
lolo,1,mlp,inner_tuning,0,2,0.1,0.0001,7,0.1335853295666831,0.8682692307692308,0.8809523809523809
lolo,1,mlp,inner_tuning,0,2,0.1,0.0001,8,0.09111700047339712,0.8682692307692308,0.8809523809523809
lolo,1,mlp,inner_tuning,0,2,0.1,0.0001,9,0.06231537940246718,0.8682692307692308,0.8809523809523809
lolo,1,mlp,inner_tuning,0,2,0.1,0.0001,10,0.07592880672642163,0.8682692307692308,0.8809523809523809
lolo,1,mlp,inner_tuning,0,2,0.1,0.0001,11,0.0493982769548893,0.8682692307692308,0.8809523809523809
lolo,1,mlp,inner_tuning,0,2,0.1,0.0001,12,0.03573177435568401,0.8682692307692308,0.8809523809523809
lolo,1,mlp,inner_tuning,0,2,0.1,0.0001,13,0.025661622839314596,0.8682692307692308,0.8809523809523809
lolo,1,mlp,inner_tuning,0,2,0.1,0.0001,14,0.025698332648192133,0.8682692307692308,0.8809523809523809
lolo,1,mlp,inner_tuning,0,2,0.1,0.0001,15,0.019151560696108,0.8682692307692308,0.8809523809523809
lolo,1,mlp,inner_tuning,0,2,0.1,0.0001,16,0.013977599729384695,0.8682692307692308,0.8809523809523809
lolo,1,mlp,inner_tuning,0,2,0.1,0.0001,17,0.01226872019469738,0.8682692307692308,0.8809523809523809
lolo,1,mlp,inner_tuning,0,2,0.1,0.0001,18,0.012321069703570433,0.8682692307692308,0.8809523809523809
lolo,1,mlp,inner_tuning,0,3,0.1,0.0001,1,1.1332394225256783,0.7410714285714286,0.7619047619047619
lolo,1,mlp,inner_tuning,0,3,0.1,0.0001,2,0.7439234171594892,0.945054945054945,0.9642857142857143
lolo,1,mlp,inner_tuning,0,3,0.1,0.0001,3,0.540906378201076,0.945054945054945,0.9642857142857143
lolo,1,mlp,inner_tuning,0,3,0.1,0.0001,4,0.4106948035103934,0.8617216117216118,0.8809523809523809
lolo,1,mlp,inner_tuning,0,3,0.1,0.0001,5,0.29557982300009045,0.8617216117216118,0.8809523809523809
lolo,1,mlp,inner_tuning,0,3,0.1,0.0001,6,0.20546552538871765,0.8617216117216118,0.8809523809523809
lolo,1,mlp,inner_tuning,0,3,0.1,0.0001,7,0.12894946762493678,0.945054945054945,0.9642857142857143
lolo,1,mlp,inner_tuning,0,3,0.1,0.0001,8,0.12449909853083747,0.945054945054945,0.9642857142857143
lolo,1,mlp,inner_tuning,0,3,0.1,0.0001,9,0.0882042550614902,0.945054945054945,0.9642857142857143
lolo,1,mlp,inner_tuning,0,3,0.1,0.0001,10,0.0853238297360284,0.945054945054945,0.9642857142857143
lolo,1,mlp,inner_tuning,0,3,0.1,0.0001,11,0.03996464450444494,0.945054945054945,0.9642857142857143
lolo,1,mlp,inner_tuning,0,3,0.1,0.0001,12,0.042085474357008934,0.945054945054945,0.9642857142857143
lolo,1,mlp,inner_tuning,0,3,0.1,0.0001,13,0.036704483575054576,1.0,1.0
lolo,1,mlp,inner_tuning,0,3,0.1,0.0001,14,0.039274929889610836,1.0,1.0
lolo,1,mlp,inner_tuning,0,3,0.1,0.0001,15,0.02098047879657575,1.0,1.0
lolo,1,mlp,inner_tuning,0,3,0.1,0.0001,16,0.024941536730953624,1.0,1.0
lolo,1,mlp,inner_tuning,0,3,0.1,0.0001,17,0.014351420703211002,1.0,1.0
lolo,1,mlp,inner_tuning,0,3,0.1,0.0001,18,0.028466362905289446,1.0,1.0
lolo,1,mlp,inner_tuning,0,3,0.1,0.0001,19,0.024433035403490067,1.0,1.0
lolo,1,mlp,inner_tuning,0,3,0.1,0.0001,20,0.01495386247656175,1.0,1.0
lolo,1,mlp,inner_tuning,0,3,0.1,0.0001,21,0.008667731657624245,1.0,1.0
lolo,1,mlp,inner_tuning,0,3,0.1,0.0001,22,0.006928175554743835,1.0,1.0
lolo,1,mlp,inner_tuning,0,3,0.1,0.0001,23,0.0046638741290995055,1.0,1.0
lolo,1,mlp,inner_tuning,0,3,0.1,0.0001,24,0.01077729117657457,1.0,1.0
lolo,1,mlp,inner_tuning,0,3,0.1,0.0001,25,0.012518516608646937,1.0,1.0
lolo,1,mlp,inner_tuning,0,3,0.1,0.0001,26,0.004964471595095736,1.0,1.0
lolo,1,mlp,inner_tuning,0,3,0.1,0.0001,27,0.008661372387515647,1.0,1.0
lolo,1,mlp,inner_tuning,0,3,0.1,0.0001,28,0.008349280571565032,1.0,1.0
lolo,1,mlp,inner_tuning,1,1,0.2,0.001,1,1.2448161670139857,0.6673076923076923,0.6785714285714286
lolo,1,mlp,inner_tuning,1,1,0.2,0.001,2,0.8751480664525714,0.7518315018315018,0.7619047619047619
lolo,1,mlp,inner_tuning,1,1,0.2,0.001,3,0.6382714509963989,0.8154761904761905,0.8452380952380952
lolo,1,mlp,inner_tuning,1,1,0.2,0.001,4,0.4472229778766632,0.8958333333333334,0.9285714285714286
lolo,1,mlp,inner_tuning,1,1,0.2,0.001,5,0.2957879581621715,0.8958333333333334,0.9285714285714286
lolo,1,mlp,inner_tuning,1,1,0.2,0.001,6,0.21179941935198648,0.8958333333333334,0.9285714285714286
lolo,1,mlp,inner_tuning,1,1,0.2,0.001,7,0.16365929586546762,0.945054945054945,0.9642857142857143
lolo,1,mlp,inner_tuning,1,1,0.2,0.001,8,0.07491914023246084,0.8958333333333334,0.9285714285714286
lolo,1,mlp,inner_tuning,1,1,0.2,0.001,9,0.07670273897903306,0.8958333333333334,0.9285714285714286
lolo,1,mlp,inner_tuning,1,1,0.2,0.001,10,0.060624604778630395,0.945054945054945,0.9642857142857143
lolo,1,mlp,inner_tuning,1,1,0.2,0.001,11,0.03593740665486881,0.8809523809523809,0.8809523809523809
lolo,1,mlp,inner_tuning,1,1,0.2,0.001,12,0.03071943111717701,0.8809523809523809,0.8809523809523809
lolo,1,mlp,inner_tuning,1,1,0.2,0.001,13,0.02739258230264698,0.945054945054945,0.9642857142857143
lolo,1,mlp,inner_tuning,1,1,0.2,0.001,14,0.017982023768126965,0.945054945054945,0.9642857142857143
lolo,1,mlp,inner_tuning,1,1,0.2,0.001,15,0.013290478980966977,0.945054945054945,0.9642857142857143
lolo,1,mlp,inner_tuning,1,1,0.2,0.001,16,0.01093394063147051,0.945054945054945,0.9642857142857143
lolo,1,mlp,inner_tuning,1,1,0.2,0.001,17,0.013479279354214668,0.945054945054945,0.9642857142857143
lolo,1,mlp,inner_tuning,1,1,0.2,0.001,18,0.011410770206046956,0.945054945054945,0.9642857142857143
lolo,1,mlp,inner_tuning,1,1,0.2,0.001,19,0.008383150212466717,0.945054945054945,0.9642857142857143
lolo,1,mlp,inner_tuning,1,1,0.2,0.001,20,0.007940122258982487,0.945054945054945,0.9642857142857143
lolo,1,mlp,inner_tuning,1,1,0.2,0.001,21,0.008593162521719933,0.8809523809523809,0.8809523809523809
lolo,1,mlp,inner_tuning,1,1,0.2,0.001,22,0.0102367663889059,0.945054945054945,0.9642857142857143
lolo,1,mlp,inner_tuning,1,2,0.2,0.001,1,1.171971585069384,0.6944444444444444,0.6666666666666666
lolo,1,mlp,inner_tuning,1,2,0.2,0.001,2,0.7898434911455426,0.7808823529411764,0.75
lolo,1,mlp,inner_tuning,1,2,0.2,0.001,3,0.5753401304994311,0.7724358974358974,0.7976190476190476
lolo,1,mlp,inner_tuning,1,2,0.2,0.001,4,0.4208631047180721,0.7724358974358974,0.7976190476190476
lolo,1,mlp,inner_tuning,1,2,0.2,0.001,5,0.3511899581977299,0.8125,0.8333333333333333
lolo,1,mlp,inner_tuning,1,2,0.2,0.001,6,0.25259936281612944,1.0,1.0
lolo,1,mlp,inner_tuning,1,2,0.2,0.001,7,0.21564526430198125,1.0,1.0
lolo,1,mlp,inner_tuning,1,2,0.2,0.001,8,0.17840939440897532,1.0,1.0
lolo,1,mlp,inner_tuning,1,2,0.2,0.001,9,0.12522614481193678,1.0,1.0
lolo,1,mlp,inner_tuning,1,2,0.2,0.001,10,0.12664115961108888,1.0,1.0
lolo,1,mlp,inner_tuning,1,2,0.2,0.001,11,0.11280392961842674,1.0,1.0
lolo,1,mlp,inner_tuning,1,2,0.2,0.001,12,0.08937011073742594,1.0,1.0
lolo,1,mlp,inner_tuning,1,2,0.2,0.001,13,0.07324695640376636,1.0,1.0
lolo,1,mlp,inner_tuning,1,2,0.2,0.001,14,0.091566515820367,1.0,1.0
lolo,1,mlp,inner_tuning,1,2,0.2,0.001,15,0.055322068610361645,1.0,1.0
lolo,1,mlp,inner_tuning,1,2,0.2,0.001,16,0.0482925863138267,1.0,1.0
lolo,1,mlp,inner_tuning,1,2,0.2,0.001,17,0.059333279196705134,1.0,1.0
lolo,1,mlp,inner_tuning,1,2,0.2,0.001,18,0.03684420857046332,1.0,1.0
lolo,1,mlp,inner_tuning,1,2,0.2,0.001,19,0.045966517446296554,1.0,1.0
lolo,1,mlp,inner_tuning,1,2,0.2,0.001,20,0.027590660245290825,1.0,1.0
lolo,1,mlp,inner_tuning,1,2,0.2,0.001,21,0.022729116758065566,1.0,1.0
lolo,1,mlp,inner_tuning,1,3,0.2,0.001,1,1.1536306142807007,0.8617216117216118,0.8809523809523809
lolo,1,mlp,inner_tuning,1,3,0.2,0.001,2,0.8250884328569684,0.8125,0.8452380952380952
lolo,1,mlp,inner_tuning,1,3,0.2,0.001,3,0.5603525383131844,0.8617216117216118,0.8809523809523809
lolo,1,mlp,inner_tuning,1,3,0.2,0.001,4,0.4089714969907488,0.8617216117216118,0.8809523809523809
lolo,1,mlp,inner_tuning,1,3,0.2,0.001,5,0.26913382751601084,0.8617216117216118,0.8809523809523809
lolo,1,mlp,inner_tuning,1,3,0.2,0.001,6,0.21720132657459804,0.7902930402930404,0.7976190476190476
lolo,1,mlp,inner_tuning,1,3,0.2,0.001,7,0.16425774565764836,0.7142857142857143,0.7142857142857143
lolo,1,mlp,inner_tuning,1,3,0.2,0.001,8,0.14239814664636338,0.8682692307692308,0.8809523809523809
lolo,1,mlp,inner_tuning,1,3,0.2,0.001,9,0.12420401083571571,0.8682692307692308,0.8809523809523809
lolo,1,mlp,inner_tuning,1,3,0.2,0.001,10,0.07326621588851724,0.8071428571428572,0.7976190476190476
lolo,1,mlp,inner_tuning,1,3,0.2,0.001,11,0.06936682734106268,0.8682692307692308,0.8809523809523809
lolo,1,mlp,inner_tuning,1,3,0.2,0.001,12,0.08215661719441414,0.8682692307692308,0.8809523809523809
lolo,1,mlp,inner_tuning,1,3,0.2,0.001,13,0.06492421137435096,0.8682692307692308,0.8809523809523809
lolo,1,mlp,inner_tuning,1,3,0.2,0.001,14,0.06363330568586077,0.8682692307692308,0.8809523809523809
lolo,1,mlp,inner_tuning,1,3,0.2,0.001,15,0.05138552002608776,0.8682692307692308,0.8809523809523809
lolo,1,mlp,inner_tuning,1,3,0.2,0.001,16,0.046767182648181915,0.8682692307692308,0.8809523809523809
lolo,1,mlp,inner_tuning,1,3,0.2,0.001,17,0.05712835384266717,0.8682692307692308,0.8809523809523809
lolo,1,mlp,inner_tuning,1,3,0.2,0.001,18,0.0340599034513746,0.9142857142857144,0.9166666666666666
lolo,1,mlp,inner_tuning,1,3,0.2,0.001,19,0.031419403584940095,0.8682692307692308,0.8809523809523809
lolo,1,mlp,inner_tuning,1,3,0.2,0.001,20,0.0326095690418567,0.8682692307692308,0.8809523809523809
lolo,1,mlp,inner_tuning,1,3,0.2,0.001,21,0.03771224484911987,0.9142857142857144,0.9166666666666666
lolo,1,mlp,inner_tuning,1,3,0.2,0.001,22,0.028628108889928887,0.9142857142857144,0.9166666666666666
lolo,1,mlp,inner_tuning,1,3,0.2,0.001,23,0.019706982986203263,0.8682692307692308,0.8809523809523809
lolo,1,mlp,inner_tuning,1,3,0.2,0.001,24,0.032959438527801206,0.9142857142857144,0.9166666666666666
lolo,1,mlp,inner_tuning,1,3,0.2,0.001,25,0.023443020614130155,0.9142857142857144,0.9166666666666666
lolo,1,mlp,inner_tuning,1,3,0.2,0.001,26,0.0174973807297647,0.9142857142857144,0.9166666666666666
lolo,1,mlp,inner_tuning,1,3,0.2,0.001,27,0.013810645323246717,0.9142857142857144,0.9166666666666666
lolo,1,mlp,inner_tuning,1,3,0.2,0.001,28,0.009077126625925303,0.9142857142857144,0.9166666666666666
lolo,1,mlp,inner_tuning,1,3,0.2,0.001,29,0.007607349294370839,0.9142857142857144,0.9166666666666666
lolo,1,mlp,inner_tuning,1,3,0.2,0.001,30,0.011331611678802542,0.9142857142857144,0.9166666666666666
lolo,1,mlp,inner_tuning,1,3,0.2,0.001,31,0.009823693561234645,0.9142857142857144,0.9166666666666666
lolo,1,mlp,inner_tuning,1,3,0.2,0.001,32,0.008362945268994995,0.9142857142857144,0.9166666666666666
lolo,1,mlp,inner_tuning,1,3,0.2,0.001,33,0.0036151802965572904,0.9142857142857144,0.9166666666666666
lolo,1,mlp,outer_fit,-1,-1,0.1,0.0001,1,1.0438549637794494,,
lolo,1,mlp,outer_fit,-1,-1,0.1,0.0001,2,0.5956286162137985,,
lolo,1,mlp,outer_fit,-1,-1,0.1,0.0001,3,0.37954852879047396,,
lolo,1,mlp,outer_fit,-1,-1,0.1,0.0001,4,0.22141977548599243,,
lolo,1,mlp,outer_fit,-1,-1,0.1,0.0001,5,0.14933742731809616,,
lolo,1,mlp,outer_fit,-1,-1,0.1,0.0001,6,0.10702658742666245,,
lolo,2,mlp,inner_tuning,0,1,0.1,0.0001,1,1.1577793870653426,0.7892857142857144,0.7976190476190476
lolo,2,mlp,inner_tuning,0,1,0.1,0.0001,2,0.7897389871733529,0.8682692307692308,0.8809523809523809
lolo,2,mlp,inner_tuning,0,1,0.1,0.0001,3,0.5529358727591378,0.945054945054945,0.9642857142857143
lolo,2,mlp,inner_tuning,0,1,0.1,0.0001,4,0.41412519557135447,0.945054945054945,0.9642857142857143
lolo,2,mlp,inner_tuning,0,1,0.1,0.0001,5,0.2778012092624392,0.945054945054945,0.9642857142857143
lolo,2,mlp,inner_tuning,0,1,0.1,0.0001,6,0.24144987549100602,0.8682692307692308,0.8809523809523809
lolo,2,mlp,inner_tuning,0,1,0.1,0.0001,7,0.16501681293760026,0.945054945054945,0.9642857142857143
lolo,2,mlp,inner_tuning,0,1,0.1,0.0001,8,0.10435859113931656,0.8682692307692308,0.8809523809523809
lolo,2,mlp,inner_tuning,0,1,0.1,0.0001,9,0.060010261833667755,0.8682692307692308,0.8809523809523809
lolo,2,mlp,inner_tuning,0,1,0.1,0.0001,10,0.048488044046929905,0.8682692307692308,0.8809523809523809
lolo,2,mlp,inner_tuning,0,1,0.1,0.0001,11,0.028963653902922357,0.8682692307692308,0.8809523809523809
lolo,2,mlp,inner_tuning,0,1,0.1,0.0001,12,0.022318410021918162,0.8682692307692308,0.8809523809523809
lolo,2,mlp,inner_tuning,0,1,0.1,0.0001,13,0.023030116089752743,0.8682692307692308,0.8809523809523809
lolo,2,mlp,inner_tuning,0,1,0.1,0.0001,14,0.018768074523125376,0.8682692307692308,0.8809523809523809
lolo,2,mlp,inner_tuning,0,1,0.1,0.0001,15,0.014490897634199687,0.8682692307692308,0.8809523809523809
lolo,2,mlp,inner_tuning,0,1,0.1,0.0001,16,0.016316054921065058,0.8682692307692308,0.8809523809523809
lolo,2,mlp,inner_tuning,0,1,0.1,0.0001,17,0.012703226014439548,0.8682692307692308,0.8809523809523809
lolo,2,mlp,inner_tuning,0,1,0.1,0.0001,18,0.011629839959953512,0.7767857142857143,0.7976190476190476
lolo,2,mlp,inner_tuning,0,2,0.1,0.0001,1,1.1742900780269079,0.7976190476190476,0.7976190476190476
lolo,2,mlp,inner_tuning,0,2,0.1,0.0001,2,0.8028550658907209,0.7976190476190476,0.7976190476190476
lolo,2,mlp,inner_tuning,0,2,0.1,0.0001,3,0.6495295763015747,0.7976190476190476,0.7976190476190476
lolo,2,mlp,inner_tuning,0,2,0.1,0.0001,4,0.46700049723897663,0.7976190476190476,0.7976190476190476
lolo,2,mlp,inner_tuning,0,2,0.1,0.0001,5,0.33660086563655306,0.8785714285714287,0.8809523809523809
lolo,2,mlp,inner_tuning,0,2,0.1,0.0001,6,0.3192932882479259,0.8785714285714287,0.8809523809523809
lolo,2,mlp,inner_tuning,0,2,0.1,0.0001,7,0.21438634182725633,0.8785714285714287,0.8809523809523809
lolo,2,mlp,inner_tuning,0,2,0.1,0.0001,8,0.18440316404615129,0.8785714285714287,0.8809523809523809
lolo,2,mlp,inner_tuning,0,2,0.1,0.0001,9,0.11593876246895109,0.8785714285714287,0.8809523809523809
lolo,2,mlp,inner_tuning,0,2,0.1,0.0001,10,0.08473486080765724,0.8785714285714287,0.8809523809523809
lolo,2,mlp,inner_tuning,0,2,0.1,0.0001,11,0.08630529205713953,0.8785714285714287,0.8809523809523809
lolo,2,mlp,inner_tuning,0,2,0.1,0.0001,12,0.0981041177042893,0.9333333333333333,0.9166666666666666
lolo,2,mlp,inner_tuning,0,2,0.1,0.0001,13,0.06014980721686568,0.9333333333333333,0.9166666666666666
lolo,2,mlp,inner_tuning,0,2,0.1,0.0001,14,0.05999442163322653,0.9333333333333333,0.9166666666666666
lolo,2,mlp,inner_tuning,0,2,0.1,0.0001,15,0.0373671455308795,0.8785714285714287,0.8809523809523809
lolo,2,mlp,inner_tuning,0,2,0.1,0.0001,16,0.030921746577535356,0.9333333333333333,0.9166666666666666
lolo,2,mlp,inner_tuning,0,2,0.1,0.0001,17,0.01993803699899997,0.9333333333333333,0.9166666666666666
lolo,2,mlp,inner_tuning,0,2,0.1,0.0001,18,0.027821244804986885,0.9333333333333333,0.9166666666666666
lolo,2,mlp,inner_tuning,0,2,0.1,0.0001,19,0.01811753891940628,0.9333333333333333,0.9166666666666666
lolo,2,mlp,inner_tuning,0,2,0.1,0.0001,20,0.011929833396737064,0.9333333333333333,0.9166666666666666
lolo,2,mlp,inner_tuning,0,2,0.1,0.0001,21,0.009827975848955768,0.9333333333333333,0.9166666666666666
lolo,2,mlp,inner_tuning,0,2,0.1,0.0001,22,0.009205386508256197,0.9333333333333333,0.9166666666666666
lolo,2,mlp,inner_tuning,0,2,0.1,0.0001,23,0.008789009015475,0.9333333333333333,0.9166666666666666
lolo,2,mlp,inner_tuning,0,2,0.1,0.0001,24,0.01048190429407571,0.9333333333333333,0.9166666666666666
lolo,2,mlp,inner_tuning,0,2,0.1,0.0001,25,0.008314310306949275,0.9333333333333333,0.9166666666666666
lolo,2,mlp,inner_tuning,0,2,0.1,0.0001,26,0.0056260201215211835,0.8785714285714287,0.8809523809523809
lolo,2,mlp,inner_tuning,0,2,0.1,0.0001,27,0.009078335449365633,0.9333333333333333,0.9166666666666666
lolo,2,mlp,inner_tuning,0,3,0.1,0.0001,1,1.17226870570864,0.8166666666666667,0.7976190476190476
lolo,2,mlp,inner_tuning,0,3,0.1,0.0001,2,0.7512540348938533,0.8617216117216118,0.8809523809523809
lolo,2,mlp,inner_tuning,0,3,0.1,0.0001,3,0.6174425312450954,0.8617216117216118,0.8809523809523809
lolo,2,mlp,inner_tuning,0,3,0.1,0.0001,4,0.49555460044315885,0.8617216117216118,0.8809523809523809
lolo,2,mlp,inner_tuning,0,3,0.1,0.0001,5,0.368861409170287,0.8617216117216118,0.8809523809523809
lolo,2,mlp,inner_tuning,0,3,0.1,0.0001,6,0.2770463281444141,0.945054945054945,0.9642857142857143
lolo,2,mlp,inner_tuning,0,3,0.1,0.0001,7,0.1774976657969611,0.945054945054945,0.9642857142857143
lolo,2,mlp,inner_tuning,0,3,0.1,0.0001,8,0.17918524252516882,0.945054945054945,0.9642857142857143
lolo,2,mlp,inner_tuning,0,3,0.1,0.0001,9,0.13046654420239584,0.945054945054945,0.9642857142857143
lolo,2,mlp,inner_tuning,0,3,0.1,0.0001,10,0.0895051969481366,0.8682692307692308,0.8809523809523809
lolo,2,mlp,inner_tuning,0,3,0.1,0.0001,11,0.08353598522288459,0.945054945054945,0.9642857142857143
lolo,2,mlp,inner_tuning,0,3,0.1,0.0001,12,0.05283513026578086,0.945054945054945,0.9642857142857143
lolo,2,mlp,inner_tuning,0,3,0.1,0.0001,13,0.04858236773205655,0.945054945054945,0.9642857142857143
lolo,2,mlp,inner_tuning,0,3,0.1,0.0001,14,0.030926039974604334,0.945054945054945,0.9642857142857143
lolo,2,mlp,inner_tuning,0,3,0.1,0.0001,15,0.026132924748318537,1.0,1.0
lolo,2,mlp,inner_tuning,0,3,0.1,0.0001,16,0.028392717325394706,0.945054945054945,0.9642857142857143
lolo,2,mlp,inner_tuning,0,3,0.1,0.0001,17,0.01918268602873598,0.945054945054945,0.9642857142857143
lolo,2,mlp,inner_tuning,0,3,0.1,0.0001,18,0.02321502792515925,0.945054945054945,0.9642857142857143
lolo,2,mlp,inner_tuning,0,3,0.1,0.0001,19,0.012604789991330887,0.945054945054945,0.9642857142857143
lolo,2,mlp,inner_tuning,0,3,0.1,0.0001,20,0.02070252490895135,0.886904761904762,0.9285714285714286
lolo,2,mlp,inner_tuning,0,3,0.1,0.0001,21,0.010370558393853051,0.886904761904762,0.9285714285714286
lolo,2,mlp,inner_tuning,0,3,0.1,0.0001,22,0.007969377529142159,0.945054945054945,0.9642857142857143
lolo,2,mlp,inner_tuning,0,3,0.1,0.0001,23,0.006639524595811963,0.945054945054945,0.9642857142857143
lolo,2,mlp,inner_tuning,0,3,0.1,0.0001,24,0.034445537719875574,0.886904761904762,0.9285714285714286
lolo,2,mlp,inner_tuning,0,3,0.1,0.0001,25,0.04240245588256845,0.886904761904762,0.9285714285714286
lolo,2,mlp,inner_tuning,0,3,0.1,0.0001,26,0.03468786732160619,0.945054945054945,0.9642857142857143
lolo,2,mlp,inner_tuning,0,3,0.1,0.0001,27,0.014502777052777154,1.0,1.0
lolo,2,mlp,inner_tuning,0,3,0.1,0.0001,28,0.012641512655786105,0.945054945054945,0.9642857142857143
lolo,2,mlp,inner_tuning,0,3,0.1,0.0001,29,0.007579614408314228,0.945054945054945,0.9642857142857143
lolo,2,mlp,inner_tuning,0,3,0.1,0.0001,30,0.00824159017897078,0.945054945054945,0.9642857142857143
lolo,2,mlp,inner_tuning,1,1,0.2,0.001,1,1.1409688677106584,0.8582251082251082,0.875
lolo,2,mlp,inner_tuning,1,1,0.2,0.001,2,0.8067833440644401,0.8647727272727272,0.875
lolo,2,mlp,inner_tuning,1,1,0.2,0.001,3,0.6060735370431628,0.8647727272727272,0.875
lolo,2,mlp,inner_tuning,1,1,0.2,0.001,4,0.4071101631437029,0.7867965367965368,0.7916666666666666
lolo,2,mlp,inner_tuning,1,1,0.2,0.001,5,0.3178716812814985,0.7867965367965368,0.7916666666666666
lolo,2,mlp,inner_tuning,1,1,0.2,0.001,6,0.24357400834560394,0.7916666666666666,0.7916666666666666
lolo,2,mlp,inner_tuning,1,1,0.2,0.001,7,0.21462646339620864,0.8726190476190477,0.875
lolo,2,mlp,inner_tuning,1,1,0.2,0.001,8,0.13518790368522918,0.8726190476190477,0.875
lolo,2,mlp,inner_tuning,1,1,0.2,0.001,9,0.10916653914111,0.8726190476190477,0.875
lolo,2,mlp,inner_tuning,1,1,0.2,0.001,10,0.09875899233988353,0.8726190476190477,0.875
lolo,2,mlp,inner_tuning,1,1,0.2,0.001,11,0.06704829101051603,0.8726190476190477,0.875
lolo,2,mlp,inner_tuning,1,1,0.2,0.001,12,0.048531810620001385,0.8726190476190477,0.875
lolo,2,mlp,inner_tuning,1,1,0.2,0.001,13,0.03112999935235296,0.8726190476190477,0.875
lolo,2,mlp,inner_tuning,1,1,0.2,0.001,14,0.026538367316659008,0.7559523809523809,0.75
lolo,2,mlp,inner_tuning,1,1,0.2,0.001,15,0.019463077586676394,0.6845238095238095,0.6666666666666666
lolo,2,mlp,inner_tuning,1,1,0.2,0.001,16,0.018996705966336385,0.6845238095238095,0.6666666666666666
lolo,2,mlp,inner_tuning,1,1,0.2,0.001,17,0.03682758645819766,0.7559523809523809,0.75
lolo,2,mlp,inner_tuning,1,1,0.2,0.001,18,0.02701752952166966,0.7559523809523809,0.75
lolo,2,mlp,inner_tuning,1,1,0.2,0.001,19,0.0204515946097672,0.7559523809523809,0.75
lolo,2,mlp,inner_tuning,1,1,0.2,0.001,20,0.01169945006924016,0.7559523809523809,0.75
lolo,2,mlp,inner_tuning,1,1,0.2,0.001,21,0.010762732742088181,0.7559523809523809,0.75
lolo,2,mlp,inner_tuning,1,1,0.2,0.001,22,0.007886537749852453,0.7559523809523809,0.75
lolo,2,mlp,inner_tuning,1,2,0.2,0.001,1,1.143760051046099,0.5451680672268908,0.736111111111111
lolo,2,mlp,inner_tuning,1,2,0.2,0.001,2,0.8134932688304356,0.5520833333333333,0.736111111111111
lolo,2,mlp,inner_tuning,1,2,0.2,0.001,3,0.5989269188472203,0.5520833333333333,0.736111111111111
lolo,2,mlp,inner_tuning,1,2,0.2,0.001,4,0.5182911327907017,0.6330357142857143,0.8472222222222222
lolo,2,mlp,inner_tuning,1,2,0.2,0.001,5,0.3855430143220084,0.6976190476190476,0.9583333333333334
lolo,2,mlp,inner_tuning,1,2,0.2,0.001,6,0.3001658831323896,0.6976190476190476,0.9583333333333334
lolo,2,mlp,inner_tuning,1,2,0.2,0.001,7,0.19731147480862482,0.6976190476190476,0.9583333333333334
lolo,2,mlp,inner_tuning,1,2,0.2,0.001,8,0.18704282492399216,0.6976190476190476,0.9583333333333334
lolo,2,mlp,inner_tuning,1,2,0.2,0.001,9,0.17029200387852533,0.6976190476190476,0.9583333333333334
lolo,2,mlp,inner_tuning,1,2,0.2,0.001,10,0.16964048785822733,0.6976190476190476,0.9583333333333334
lolo,2,mlp,inner_tuning,1,2,0.2,0.001,11,0.13279892397778376,0.6976190476190476,0.9583333333333334
lolo,2,mlp,inner_tuning,1,2,0.2,0.001,12,0.10285518797380584,0.6976190476190476,0.9583333333333334
lolo,2,mlp,inner_tuning,1,2,0.2,0.001,13,0.06367573541189943,0.6976190476190476,0.9583333333333334
lolo,2,mlp,inner_tuning,1,2,0.2,0.001,14,0.07228950943265643,0.6976190476190476,0.9583333333333334
lolo,2,mlp,inner_tuning,1,2,0.2,0.001,15,0.07450335153511592,0.6976190476190476,0.9583333333333334
lolo,2,mlp,inner_tuning,1,2,0.2,0.001,16,0.02803277876228094,0.6976190476190476,0.9583333333333334
lolo,2,mlp,inner_tuning,1,2,0.2,0.001,17,0.06259169802069664,0.75,1.0
lolo,2,mlp,inner_tuning,1,2,0.2,0.001,18,0.0636162848344871,0.6976190476190476,0.9583333333333334
lolo,2,mlp,inner_tuning,1,2,0.2,0.001,19,0.0447880569845438,0.6976190476190476,0.9583333333333334
lolo,2,mlp,inner_tuning,1,2,0.2,0.001,20,0.03443713539413044,0.75,1.0
lolo,2,mlp,inner_tuning,1,2,0.2,0.001,21,0.030726288445293903,0.6976190476190476,0.9583333333333334
lolo,2,mlp,inner_tuning,1,2,0.2,0.001,22,0.027436462497072562,0.6976190476190476,0.9583333333333334
lolo,2,mlp,inner_tuning,1,2,0.2,0.001,23,0.01548447965511254,0.6976190476190476,0.9583333333333334
lolo,2,mlp,inner_tuning,1,2,0.2,0.001,24,0.016336680256894658,0.6976190476190476,0.9583333333333334
lolo,2,mlp,inner_tuning,1,2,0.2,0.001,25,0.013869344256818295,0.6976190476190476,0.9583333333333334
lolo,2,mlp,inner_tuning,1,2,0.2,0.001,26,0.013295910321176052,0.6976190476190476,0.9583333333333334
lolo,2,mlp,inner_tuning,1,2,0.2,0.001,27,0.01735541962885431,0.75,1.0
lolo,2,mlp,inner_tuning,1,2,0.2,0.001,28,0.00779509700701705,0.6976190476190476,0.9583333333333334
lolo,2,mlp,inner_tuning,1,2,0.2,0.001,29,0.011521271064079233,0.6976190476190476,0.9583333333333334
lolo,2,mlp,inner_tuning,1,2,0.2,0.001,30,0.01503363810479641,0.75,1.0
lolo,2,mlp,inner_tuning,1,2,0.2,0.001,31,0.009290922416507133,0.6976190476190476,0.9583333333333334
lolo,2,mlp,inner_tuning,1,2,0.2,0.001,32,0.004370161066097873,0.6976190476190476,0.9583333333333334
lolo,2,mlp,inner_tuning,1,3,0.2,0.001,1,1.2711823185284932,0.575,0.6309523809523809
lolo,2,mlp,inner_tuning,1,3,0.2,0.001,2,0.8908555308977762,0.7976190476190476,0.7976190476190476
lolo,2,mlp,inner_tuning,1,3,0.2,0.001,3,0.7380654116471609,0.7902930402930404,0.7976190476190476
lolo,2,mlp,inner_tuning,1,3,0.2,0.001,4,0.5426055938005447,0.7902930402930404,0.7976190476190476
lolo,2,mlp,inner_tuning,1,3,0.2,0.001,5,0.41874342163403827,0.7902930402930404,0.7976190476190476
lolo,2,mlp,inner_tuning,1,3,0.2,0.001,6,0.30909772713979083,0.7902930402930404,0.7976190476190476
lolo,2,mlp,inner_tuning,1,3,0.2,0.001,7,0.23204669853051504,0.7902930402930404,0.7976190476190476
lolo,2,mlp,inner_tuning,1,3,0.2,0.001,8,0.20600193242232004,0.8682692307692308,0.8809523809523809
lolo,2,mlp,inner_tuning,1,3,0.2,0.001,9,0.1853224585453669,0.8682692307692308,0.8809523809523809
lolo,2,mlp,inner_tuning,1,3,0.2,0.001,10,0.15845321863889694,0.8682692307692308,0.8809523809523809
lolo,2,mlp,inner_tuning,1,3,0.2,0.001,11,0.1218902977804343,0.8682692307692308,0.8809523809523809
lolo,2,mlp,inner_tuning,1,3,0.2,0.001,12,0.10683172444502513,0.8682692307692308,0.8809523809523809
lolo,2,mlp,inner_tuning,1,3,0.2,0.001,13,0.1119346742828687,0.8682692307692308,0.8809523809523809
lolo,2,mlp,inner_tuning,1,3,0.2,0.001,14,0.0707796240846316,0.8682692307692308,0.8809523809523809
lolo,2,mlp,inner_tuning,1,3,0.2,0.001,15,0.05426508684953054,0.8682692307692308,0.8809523809523809
lolo,2,mlp,inner_tuning,1,3,0.2,0.001,16,0.05898279448350271,0.8682692307692308,0.8809523809523809
lolo,2,mlp,inner_tuning,1,3,0.2,0.001,17,0.043847269068161644,0.8682692307692308,0.8809523809523809
lolo,2,mlp,inner_tuning,1,3,0.2,0.001,18,0.039474737054357924,0.8682692307692308,0.8809523809523809
lolo,2,mlp,inner_tuning,1,3,0.2,0.001,19,0.028414317096273106,0.8682692307692308,0.8809523809523809
lolo,2,mlp,inner_tuning,1,3,0.2,0.001,20,0.02583965767795841,0.8682692307692308,0.8809523809523809
lolo,2,mlp,inner_tuning,1,3,0.2,0.001,21,0.022894153061012428,0.8682692307692308,0.8809523809523809
lolo,2,mlp,inner_tuning,1,3,0.2,0.001,22,0.013337889375785986,0.8682692307692308,0.8809523809523809
lolo,2,mlp,inner_tuning,1,3,0.2,0.001,23,0.011406256274009744,0.8682692307692308,0.8809523809523809
lolo,2,mlp,outer_fit,-1,-1,0.1,0.0001,1,1.0970077514648438,,
lolo,2,mlp,outer_fit,-1,-1,0.1,0.0001,2,0.6865618824958801,,
lolo,2,mlp,outer_fit,-1,-1,0.1,0.0001,3,0.47203979790210726,,
lolo,2,mlp,outer_fit,-1,-1,0.1,0.0001,4,0.3298639491200447,,
lolo,2,mlp,outer_fit,-1,-1,0.1,0.0001,5,0.19427416175603868,,
lolo,2,mlp,outer_fit,-1,-1,0.1,0.0001,6,0.11481581404805183,,
lolo,2,mlp,outer_fit,-1,-1,0.1,0.0001,7,0.10032749474048615,,
lolo,2,mlp,outer_fit,-1,-1,0.1,0.0001,8,0.07673336826264858,,
lolo,2,mlp,outer_fit,-1,-1,0.1,0.0001,9,0.03371790926903486,,
lolo,2,mlp,outer_fit,-1,-1,0.1,0.0001,10,0.031573675014078616,,
lolo,2,mlp,outer_fit,-1,-1,0.1,0.0001,11,0.03209980856627226,,
lolo,2,mlp,outer_fit,-1,-1,0.1,0.0001,12,0.019438895862549543,,
lolo,3,mlp,inner_tuning,0,1,0.1,0.0001,1,1.2009308253015791,0.8041666666666667,0.8333333333333333
lolo,3,mlp,inner_tuning,0,1,0.1,0.0001,2,0.833312451839447,0.8726190476190477,0.875
lolo,3,mlp,inner_tuning,0,1,0.1,0.0001,3,0.6052853081907544,0.8726190476190477,0.875
lolo,3,mlp,inner_tuning,0,1,0.1,0.0001,4,0.4264243500573294,0.8726190476190477,0.875
lolo,3,mlp,inner_tuning,0,1,0.1,0.0001,5,0.3427882620266506,0.8647727272727272,0.875
lolo,3,mlp,inner_tuning,0,1,0.1,0.0001,6,0.21679922086851938,0.7708333333333334,0.7916666666666666
lolo,3,mlp,inner_tuning,0,1,0.1,0.0001,7,0.1545220443180629,0.8726190476190477,0.875
lolo,3,mlp,inner_tuning,0,1,0.1,0.0001,8,0.13168951549700328,0.8726190476190477,0.875
lolo,3,mlp,inner_tuning,0,1,0.1,0.0001,9,0.1153409576841763,0.7708333333333334,0.7916666666666666
lolo,3,mlp,inner_tuning,0,1,0.1,0.0001,10,0.08511639705726079,0.8726190476190477,0.875
lolo,3,mlp,inner_tuning,0,1,0.1,0.0001,11,0.09559381008148193,0.8726190476190477,0.875
lolo,3,mlp,inner_tuning,0,1,0.1,0.0001,12,0.05623480092201914,0.8726190476190477,0.875
lolo,3,mlp,inner_tuning,0,1,0.1,0.0001,13,0.05500020778604916,0.8726190476190477,0.875
lolo,3,mlp,inner_tuning,0,1,0.1,0.0001,14,0.05343220968331609,0.7559523809523809,0.75
lolo,3,mlp,inner_tuning,0,1,0.1,0.0001,15,0.047672037833503315,0.6923076923076923,0.6666666666666666
lolo,3,mlp,inner_tuning,0,1,0.1,0.0001,16,0.030096464790403843,0.7559523809523809,0.75
lolo,3,mlp,inner_tuning,0,1,0.1,0.0001,17,0.02993775105902127,0.7559523809523809,0.75
lolo,3,mlp,inner_tuning,0,2,0.1,0.0001,1,1.1574080330984933,0.8336038961038961,0.8928571428571428
lolo,3,mlp,inner_tuning,0,2,0.1,0.0001,2,0.7992570655686515,0.8125,0.8452380952380952
lolo,3,mlp,inner_tuning,0,2,0.1,0.0001,3,0.6089015773364476,0.945054945054945,0.9642857142857143
lolo,3,mlp,inner_tuning,0,2,0.1,0.0001,4,0.47946611046791077,0.8682692307692308,0.8809523809523809
lolo,3,mlp,inner_tuning,0,2,0.1,0.0001,5,0.32269682203020367,0.8682692307692308,0.8809523809523809
lolo,3,mlp,inner_tuning,0,2,0.1,0.0001,6,0.24936114145176752,0.945054945054945,0.9642857142857143
lolo,3,mlp,inner_tuning,0,2,0.1,0.0001,7,0.16738682985305786,0.945054945054945,0.9642857142857143
lolo,3,mlp,inner_tuning,0,2,0.1,0.0001,8,0.22600217163562775,0.8785714285714287,0.8809523809523809
lolo,3,mlp,inner_tuning,0,2,0.1,0.0001,9,0.15945532492228917,0.8785714285714287,0.8809523809523809
lolo,3,mlp,inner_tuning,0,2,0.1,0.0001,10,0.09778090193867683,0.7767857142857143,0.7976190476190476
lolo,3,mlp,inner_tuning,0,2,0.1,0.0001,11,0.1073802922453199,0.7767857142857143,0.7976190476190476
lolo,3,mlp,inner_tuning,0,2,0.1,0.0001,12,0.08732419886759349,0.7767857142857143,0.7976190476190476
lolo,3,mlp,inner_tuning,0,2,0.1,0.0001,13,0.07163040386512876,0.8785714285714287,0.8809523809523809
lolo,3,mlp,inner_tuning,0,2,0.1,0.0001,14,0.06226099921124322,0.7767857142857143,0.7976190476190476
lolo,3,mlp,inner_tuning,0,2,0.1,0.0001,15,0.05447291423167501,0.7767857142857143,0.7976190476190476
lolo,3,mlp,inner_tuning,0,2,0.1,0.0001,16,0.04000401556757944,0.945054945054945,0.9642857142857143
lolo,3,mlp,inner_tuning,0,2,0.1,0.0001,17,0.03694372331457479,1.0,1.0
lolo,3,mlp,inner_tuning,0,2,0.1,0.0001,18,0.026643773141716207,0.945054945054945,0.9642857142857143
lolo,3,mlp,inner_tuning,0,2,0.1,0.0001,19,0.0314010702007051,0.7767857142857143,0.7976190476190476
lolo,3,mlp,inner_tuning,0,2,0.1,0.0001,20,0.016180174907536378,0.8226190476190476,0.8333333333333333
lolo,3,mlp,inner_tuning,0,2,0.1,0.0001,21,0.01805722207895347,0.8682692307692308,0.8809523809523809
lolo,3,mlp,inner_tuning,0,2,0.1,0.0001,22,0.01385744142213038,0.8682692307692308,0.8809523809523809
lolo,3,mlp,inner_tuning,0,2,0.1,0.0001,23,0.010156740600775396,0.9142857142857144,0.9166666666666666
lolo,3,mlp,inner_tuning,0,2,0.1,0.0001,24,0.011258854996412992,0.9142857142857144,0.9166666666666666
lolo,3,mlp,inner_tuning,0,2,0.1,0.0001,25,0.008760219073987432,1.0,1.0
lolo,3,mlp,inner_tuning,0,2,0.1,0.0001,26,0.008882112202367612,1.0,1.0
lolo,3,mlp,inner_tuning,0,2,0.1,0.0001,27,0.004267958558297583,0.945054945054945,0.9642857142857143
lolo,3,mlp,inner_tuning,0,2,0.1,0.0001,28,0.007148606486485473,1.0,1.0
lolo,3,mlp,inner_tuning,0,2,0.1,0.0001,29,0.005290348415396043,1.0,1.0
lolo,3,mlp,inner_tuning,0,2,0.1,0.0001,30,0.008938247604029519,0.8682692307692308,0.8809523809523809
lolo,3,mlp,inner_tuning,0,2,0.1,0.0001,31,0.004657865601724812,0.8682692307692308,0.8809523809523809
lolo,3,mlp,inner_tuning,0,2,0.1,0.0001,32,0.007273947853328926,0.8682692307692308,0.8809523809523809
lolo,3,mlp,inner_tuning,0,3,0.1,0.0001,1,1.0934903195926122,0.5095238095238095,0.6944444444444443
lolo,3,mlp,inner_tuning,0,3,0.1,0.0001,2,0.6665168574878148,0.5520833333333333,0.736111111111111
lolo,3,mlp,inner_tuning,0,3,0.1,0.0001,3,0.4732102709157126,0.5520833333333333,0.736111111111111
lolo,3,mlp,inner_tuning,0,3,0.1,0.0001,4,0.3737624394042151,0.6142857142857143,0.8472222222222222
lolo,3,mlp,inner_tuning,0,3,0.1,0.0001,5,0.31189514696598053,0.6142857142857143,0.8472222222222222
lolo,3,mlp,inner_tuning,0,3,0.1,0.0001,6,0.21048612679753984,0.6142857142857143,0.8472222222222222
lolo,3,mlp,inner_tuning,0,3,0.1,0.0001,7,0.15011673952851975,0.6142857142857143,0.8472222222222222
lolo,3,mlp,inner_tuning,0,3,0.1,0.0001,8,0.17615135226930892,0.6142857142857143,0.8472222222222222
lolo,3,mlp,inner_tuning,0,3,0.1,0.0001,9,0.10823113684143339,0.6142857142857143,0.8472222222222222
lolo,3,mlp,inner_tuning,0,3,0.1,0.0001,10,0.11220004835299083,0.6142857142857143,0.8472222222222222
lolo,3,mlp,inner_tuning,0,3,0.1,0.0001,11,0.07915484878633704,0.6142857142857143,0.8472222222222222
lolo,3,mlp,inner_tuning,0,3,0.1,0.0001,12,0.09874649718403816,0.6142857142857143,0.8472222222222222
lolo,3,mlp,inner_tuning,0,3,0.1,0.0001,13,0.046627730530287535,0.6976190476190476,0.9583333333333334
lolo,3,mlp,inner_tuning,0,3,0.1,0.0001,14,0.09578360084976469,0.6976190476190476,0.9583333333333334
lolo,3,mlp,inner_tuning,0,3,0.1,0.0001,15,0.08313841479165214,0.6142857142857143,0.8472222222222222
lolo,3,mlp,inner_tuning,0,3,0.1,0.0001,16,0.08785837489579405,0.6142857142857143,0.8472222222222222
lolo,3,mlp,inner_tuning,0,3,0.1,0.0001,17,0.08349411508866719,0.6142857142857143,0.8472222222222222
lolo,3,mlp,inner_tuning,0,3,0.1,0.0001,18,0.05685705558529922,0.6142857142857143,0.8472222222222222
lolo,3,mlp,inner_tuning,0,3,0.1,0.0001,19,0.05324691853352955,0.6142857142857143,0.8472222222222222
lolo,3,mlp,inner_tuning,0,3,0.1,0.0001,20,0.058914776359285624,0.6976190476190476,0.9583333333333334
lolo,3,mlp,inner_tuning,0,3,0.1,0.0001,21,0.03445187171122858,0.6976190476190476,0.9583333333333334
lolo,3,mlp,inner_tuning,0,3,0.1,0.0001,22,0.039569436971630366,0.6976190476190476,0.9583333333333334
lolo,3,mlp,inner_tuning,0,3,0.1,0.0001,23,0.018606271594762802,0.6976190476190476,0.9583333333333334
lolo,3,mlp,inner_tuning,0,3,0.1,0.0001,24,0.019357324112206697,0.6976190476190476,0.9583333333333334
lolo,3,mlp,inner_tuning,0,3,0.1,0.0001,25,0.02419219964316913,0.6976190476190476,0.9583333333333334
lolo,3,mlp,inner_tuning,0,3,0.1,0.0001,26,0.020207397307136228,0.75,1.0
lolo,3,mlp,inner_tuning,0,3,0.1,0.0001,27,0.02677874087489077,0.6976190476190476,0.9583333333333334
lolo,3,mlp,inner_tuning,0,3,0.1,0.0001,28,0.021131751127541065,0.6142857142857143,0.8472222222222222
lolo,3,mlp,inner_tuning,0,3,0.1,0.0001,29,0.02303374764908637,0.6142857142857143,0.8472222222222222
lolo,3,mlp,inner_tuning,0,3,0.1,0.0001,30,0.011200816952623427,0.6142857142857143,0.8472222222222222
lolo,3,mlp,inner_tuning,0,3,0.1,0.0001,31,0.020543452485331466,0.6142857142857143,0.8472222222222222
lolo,3,mlp,inner_tuning,0,3,0.1,0.0001,32,0.010545945327196802,0.6142857142857143,0.8472222222222222
lolo,3,mlp,inner_tuning,0,3,0.1,0.0001,33,0.013744912842022521,0.6142857142857143,0.8472222222222222
lolo,3,mlp,inner_tuning,0,3,0.1,0.0001,34,0.013833292394078203,0.6976190476190476,0.9583333333333334
lolo,3,mlp,inner_tuning,0,3,0.1,0.0001,35,0.007341351227036544,0.6976190476190476,0.9583333333333334
lolo,3,mlp,inner_tuning,0,3,0.1,0.0001,36,0.014718515233003668,0.75,1.0
lolo,3,mlp,inner_tuning,0,3,0.1,0.0001,37,0.01691477998558964,0.6976190476190476,0.9583333333333334
lolo,3,mlp,inner_tuning,0,3,0.1,0.0001,38,0.013714616727416537,0.6428571428571428,0.9166666666666666
lolo,3,mlp,inner_tuning,0,3,0.1,0.0001,39,0.00551135595222669,0.6428571428571428,0.9166666666666666
lolo,3,mlp,inner_tuning,0,3,0.1,0.0001,40,0.0047139950662053055,0.6428571428571428,0.9166666666666666
lolo,3,mlp,inner_tuning,0,3,0.1,0.0001,41,0.008293226594105363,0.6976190476190476,0.9583333333333334
lolo,3,mlp,inner_tuning,1,1,0.2,0.001,1,1.1450812476021903,0.6673076923076923,0.7410714285714286
lolo,3,mlp,inner_tuning,1,1,0.2,0.001,2,0.840467095375061,0.7976190476190476,0.8392857142857143
lolo,3,mlp,inner_tuning,1,1,0.2,0.001,3,0.6360803161348615,0.8617216117216118,0.9017857142857143
lolo,3,mlp,inner_tuning,1,1,0.2,0.001,4,0.4679293547357832,0.9307692307692308,0.9642857142857143
lolo,3,mlp,inner_tuning,1,1,0.2,0.001,5,0.36476936297757284,0.9307692307692308,0.9642857142857143
lolo,3,mlp,inner_tuning,1,1,0.2,0.001,6,0.27169466444424223,0.9307692307692308,0.9642857142857143
lolo,3,mlp,inner_tuning,1,1,0.2,0.001,7,0.18615754055125372,0.9307692307692308,0.9642857142857143
lolo,3,mlp,inner_tuning,1,1,0.2,0.001,8,0.15839276143482753,0.9307692307692308,0.9642857142857143
lolo,3,mlp,inner_tuning,1,1,0.2,0.001,9,0.1440144936953272,0.9307692307692308,0.9642857142857143
lolo,3,mlp,inner_tuning,1,1,0.2,0.001,10,0.11824602953025273,0.9307692307692308,0.9642857142857143
lolo,3,mlp,inner_tuning,1,1,0.2,0.001,11,0.12250089113201414,0.9307692307692308,0.9642857142857143
lolo,3,mlp,inner_tuning,1,1,0.2,0.001,12,0.09159278284226145,0.9307692307692308,0.9642857142857143
lolo,3,mlp,inner_tuning,1,1,0.2,0.001,13,0.0811092664620706,0.9307692307692308,0.9642857142857143
lolo,3,mlp,inner_tuning,1,1,0.2,0.001,14,0.09509432475481715,1.0,1.0
lolo,3,mlp,inner_tuning,1,1,0.2,0.001,15,0.07614165757383619,1.0,1.0
lolo,3,mlp,inner_tuning,1,1,0.2,0.001,16,0.06189594471028873,0.9307692307692308,0.9642857142857143
lolo,3,mlp,inner_tuning,1,1,0.2,0.001,17,0.05820740134056125,0.8617216117216118,0.9017857142857143
lolo,3,mlp,inner_tuning,1,1,0.2,0.001,18,0.03212046370442424,0.9307692307692308,0.9642857142857143
lolo,3,mlp,inner_tuning,1,1,0.2,0.001,19,0.03926853622709002,1.0,1.0
lolo,3,mlp,inner_tuning,1,1,0.2,0.001,20,0.027826315191175257,0.9307692307692308,0.9642857142857143
lolo,3,mlp,inner_tuning,1,1,0.2,0.001,21,0.017677797935903072,0.9307692307692308,0.9642857142857143
lolo,3,mlp,inner_tuning,1,1,0.2,0.001,22,0.026474932075611184,0.9307692307692308,0.9642857142857143
lolo,3,mlp,inner_tuning,1,1,0.2,0.001,23,0.02830281208402344,0.9307692307692308,0.9642857142857143
lolo,3,mlp,inner_tuning,1,1,0.2,0.001,24,0.028863285801240375,0.9307692307692308,0.9642857142857143
lolo,3,mlp,inner_tuning,1,1,0.2,0.001,25,0.015066478800560747,0.7902930402930404,0.8392857142857143
lolo,3,mlp,inner_tuning,1,1,0.2,0.001,26,0.012063181759523494,0.9307692307692308,0.9642857142857143
lolo,3,mlp,inner_tuning,1,1,0.2,0.001,27,0.01645952316799334,0.9307692307692308,0.9642857142857143
lolo,3,mlp,inner_tuning,1,1,0.2,0.001,28,0.020846755110791752,0.8617216117216118,0.9017857142857143
lolo,3,mlp,inner_tuning,1,1,0.2,0.001,29,0.014744414914665478,0.7902930402930404,0.8392857142857143
lolo,3,mlp,inner_tuning,1,2,0.2,0.001,1,1.1746786151613509,0.6642857142857143,0.7142857142857143
lolo,3,mlp,inner_tuning,1,2,0.2,0.001,2,0.8203003747122628,0.6642857142857143,0.7142857142857143
lolo,3,mlp,inner_tuning,1,2,0.2,0.001,3,0.6246039952550616,0.8474358974358975,0.8392857142857143
lolo,3,mlp,inner_tuning,1,2,0.2,0.001,4,0.4197991575513567,0.7724358974358974,0.7767857142857143
lolo,3,mlp,inner_tuning,1,2,0.2,0.001,5,0.31485239948545185,0.7767857142857143,0.7767857142857143
lolo,3,mlp,inner_tuning,1,2,0.2,0.001,6,0.20971498319080897,0.7767857142857143,0.7767857142857143
lolo,3,mlp,inner_tuning,1,2,0.2,0.001,7,0.16340120988232748,0.7767857142857143,0.7767857142857143
lolo,3,mlp,inner_tuning,1,2,0.2,0.001,8,0.15711560526064464,0.7767857142857143,0.7767857142857143
lolo,3,mlp,inner_tuning,1,2,0.2,0.001,9,0.16189403512648173,0.7767857142857143,0.7767857142857143
lolo,3,mlp,inner_tuning,1,2,0.2,0.001,10,0.08459369252835001,0.7767857142857143,0.7767857142857143
lolo,3,mlp,inner_tuning,1,2,0.2,0.001,11,0.07985613974077362,0.7724358974358974,0.7767857142857143
lolo,3,mlp,inner_tuning,1,2,0.2,0.001,12,0.05996046481387956,0.7724358974358974,0.7767857142857143
lolo,3,mlp,inner_tuning,1,2,0.2,0.001,13,0.0508105954421418,0.7724358974358974,0.7767857142857143
lolo,3,mlp,inner_tuning,1,2,0.2,0.001,14,0.06045258045196533,0.7724358974358974,0.7767857142857143
lolo,3,mlp,inner_tuning,1,2,0.2,0.001,15,0.03934724469270025,0.7724358974358974,0.7767857142857143
lolo,3,mlp,inner_tuning,1,2,0.2,0.001,16,0.03542518815291779,0.7724358974358974,0.7767857142857143
lolo,3,mlp,inner_tuning,1,2,0.2,0.001,17,0.022443943390888826,0.7724358974358974,0.7767857142857143
lolo,3,mlp,inner_tuning,1,2,0.2,0.001,18,0.02663906630394714,0.7724358974358974,0.7767857142857143
lolo,3,mlp,inner_tuning,1,3,0.2,0.001,1,1.1756298045317333,0.7166666666666666,0.7142857142857143
lolo,3,mlp,inner_tuning,1,3,0.2,0.001,2,0.8879805306593577,0.7166666666666666,0.7142857142857143
lolo,3,mlp,inner_tuning,1,3,0.2,0.001,3,0.6556328435738882,0.7976190476190476,0.7976190476190476
lolo,3,mlp,inner_tuning,1,3,0.2,0.001,4,0.5145457039276758,0.7976190476190476,0.7976190476190476
lolo,3,mlp,inner_tuning,1,3,0.2,0.001,5,0.3441587934891383,0.8785714285714287,0.8809523809523809
lolo,3,mlp,inner_tuning,1,3,0.2,0.001,6,0.303733470539252,0.8785714285714287,0.8809523809523809
lolo,3,mlp,inner_tuning,1,3,0.2,0.001,7,0.25159931431214017,0.8785714285714287,0.8809523809523809
lolo,3,mlp,inner_tuning,1,3,0.2,0.001,8,0.18556326627731323,0.8682692307692308,0.8809523809523809
lolo,3,mlp,inner_tuning,1,3,0.2,0.001,9,0.16344211374719939,0.8682692307692308,0.8809523809523809
lolo,3,mlp,inner_tuning,1,3,0.2,0.001,10,0.12121662373344104,0.8682692307692308,0.8809523809523809
lolo,3,mlp,inner_tuning,1,3,0.2,0.001,11,0.15805707375208536,0.8785714285714287,0.8809523809523809
lolo,3,mlp,inner_tuning,1,3,0.2,0.001,12,0.13958547015984854,0.8785714285714287,0.8809523809523809
lolo,3,mlp,inner_tuning,1,3,0.2,0.001,13,0.10199788585305214,0.8785714285714287,0.8809523809523809
lolo,3,mlp,inner_tuning,1,3,0.2,0.001,14,0.11485052357117335,0.8682692307692308,0.8809523809523809
lolo,3,mlp,inner_tuning,1,3,0.2,0.001,15,0.10193814958135287,0.8682692307692308,0.8809523809523809
lolo,3,mlp,inner_tuning,1,3,0.2,0.001,16,0.09062713632980983,0.8682692307692308,0.8809523809523809
lolo,3,mlp,inner_tuning,1,3,0.2,0.001,17,0.0775943739960591,0.8785714285714287,0.8809523809523809
lolo,3,mlp,inner_tuning,1,3,0.2,0.001,18,0.06603727675974369,0.8785714285714287,0.8809523809523809
lolo,3,mlp,inner_tuning,1,3,0.2,0.001,19,0.06676820417245229,0.8785714285714287,0.8809523809523809
lolo,3,mlp,inner_tuning,1,3,0.2,0.001,20,0.05733786119769017,0.8682692307692308,0.8809523809523809
lolo,3,mlp,outer_fit,-1,-1,0.2,0.001,1,1.0434330821037292,,
lolo,3,mlp,outer_fit,-1,-1,0.2,0.001,2,0.6710831701755524,,
lolo,3,mlp,outer_fit,-1,-1,0.2,0.001,3,0.4145785689353943,,
lolo,3,mlp,outer_fit,-1,-1,0.2,0.001,4,0.28413639664649964,,
lolo,3,mlp,outer_fit,-1,-1,0.2,0.001,5,0.23985735028982164,,
lolo,4,mlp,inner_tuning,0,1,0.1,0.0001,1,1.1121046798569816,0.9415584415584416,0.9583333333333334
lolo,4,mlp,inner_tuning,0,1,0.1,0.0001,2,0.7631242275238037,0.9415584415584416,0.9583333333333334
lolo,4,mlp,inner_tuning,0,1,0.1,0.0001,3,0.5247956131185804,0.8726190476190477,0.875
lolo,4,mlp,inner_tuning,0,1,0.1,0.0001,4,0.371830695441791,0.8726190476190477,0.875
lolo,4,mlp,inner_tuning,0,1,0.1,0.0001,5,0.25853954681328367,0.8726190476190477,0.875
lolo,4,mlp,inner_tuning,0,1,0.1,0.0001,6,0.20728816304888045,0.8726190476190477,0.875
lolo,4,mlp,inner_tuning,0,1,0.1,0.0001,7,0.13993740401097707,0.8726190476190477,0.875
lolo,4,mlp,inner_tuning,0,1,0.1,0.0001,8,0.10100186403308596,0.8726190476190477,0.875
lolo,4,mlp,inner_tuning,0,1,0.1,0.0001,9,0.07655306666025094,0.8726190476190477,0.875
lolo,4,mlp,inner_tuning,0,1,0.1,0.0001,10,0.06552652855004583,0.8726190476190477,0.875
lolo,4,mlp,inner_tuning,0,1,0.1,0.0001,11,0.062065688627106805,0.8726190476190477,0.875
lolo,4,mlp,inner_tuning,0,1,0.1,0.0001,12,0.05465004859226091,0.8726190476190477,0.875
lolo,4,mlp,inner_tuning,0,1,0.1,0.0001,13,0.04212137045604842,0.8726190476190477,0.875
lolo,4,mlp,inner_tuning,0,1,0.1,0.0001,14,0.027105947956442833,0.8726190476190477,0.875
lolo,4,mlp,inner_tuning,0,1,0.1,0.0001,15,0.025484025478363037,0.8726190476190477,0.875
lolo,4,mlp,inner_tuning,0,1,0.1,0.0001,16,0.030281879806092808,0.8726190476190477,0.875
lolo,4,mlp,inner_tuning,0,2,0.1,0.0001,1,1.1214304906981332,0.4423076923076923,0.6527777777777778
lolo,4,mlp,inner_tuning,0,2,0.1,0.0001,2,0.7664653403418404,0.6142857142857143,0.8472222222222222
lolo,4,mlp,inner_tuning,0,2,0.1,0.0001,3,0.5618973842688969,0.6976190476190476,0.9583333333333334
lolo,4,mlp,inner_tuning,0,2,0.1,0.0001,4,0.4245831881250654,0.6976190476190476,0.9583333333333334
lolo,4,mlp,inner_tuning,0,2,0.1,0.0001,5,0.3157648422888347,0.6976190476190476,0.9583333333333334
lolo,4,mlp,inner_tuning,0,2,0.1,0.0001,6,0.2004666988338743,0.6976190476190476,0.9583333333333334
lolo,4,mlp,inner_tuning,0,2,0.1,0.0001,7,0.1870063841342926,0.6976190476190476,0.9583333333333334
lolo,4,mlp,inner_tuning,0,2,0.1,0.0001,8,0.15875956096819469,0.6976190476190476,0.9583333333333334
lolo,4,mlp,inner_tuning,0,2,0.1,0.0001,9,0.14178120557750976,0.6976190476190476,0.9583333333333334
lolo,4,mlp,inner_tuning,0,2,0.1,0.0001,10,0.10253862398011344,0.6976190476190476,0.9583333333333334
lolo,4,mlp,inner_tuning,0,2,0.1,0.0001,11,0.10716613861066955,0.75,1.0
lolo,4,mlp,inner_tuning,0,2,0.1,0.0001,12,0.0703495762177876,0.75,1.0
lolo,4,mlp,inner_tuning,0,2,0.1,0.0001,13,0.05820254422724247,0.75,1.0
lolo,4,mlp,inner_tuning,0,2,0.1,0.0001,14,0.03533899384949889,0.75,1.0
lolo,4,mlp,inner_tuning,0,2,0.1,0.0001,15,0.04187817099903311,0.75,1.0
lolo,4,mlp,inner_tuning,0,2,0.1,0.0001,16,0.025015975681266615,0.75,1.0
lolo,4,mlp,inner_tuning,0,2,0.1,0.0001,17,0.018500133816684996,0.75,1.0
lolo,4,mlp,inner_tuning,0,2,0.1,0.0001,18,0.013944334949233703,0.75,1.0
lolo,4,mlp,inner_tuning,0,2,0.1,0.0001,19,0.014289848706019776,0.75,1.0
lolo,4,mlp,inner_tuning,0,2,0.1,0.0001,20,0.014407481798636062,0.75,1.0
lolo,4,mlp,inner_tuning,0,2,0.1,0.0001,21,0.010367192128407103,0.75,1.0
lolo,4,mlp,inner_tuning,0,2,0.1,0.0001,22,0.008364163738276278,0.75,1.0
lolo,4,mlp,inner_tuning,0,2,0.1,0.0001,23,0.007460751038576875,0.75,1.0
lolo,4,mlp,inner_tuning,0,2,0.1,0.0001,24,0.008520266273990273,0.75,1.0
lolo,4,mlp,inner_tuning,0,2,0.1,0.0001,25,0.006592007520209465,0.6852941176470588,0.8888888888888888
lolo,4,mlp,inner_tuning,0,2,0.1,0.0001,26,0.004761972763974752,0.75,1.0
lolo,4,mlp,inner_tuning,0,3,0.1,0.0001,1,1.1416120358875819,0.6833333333333332,0.6785714285714286
lolo,4,mlp,inner_tuning,0,3,0.1,0.0001,2,0.7269819634301322,0.7410714285714286,0.7619047619047619
lolo,4,mlp,inner_tuning,0,3,0.1,0.0001,3,0.5271801437650409,0.7428571428571429,0.7619047619047619
lolo,4,mlp,inner_tuning,0,3,0.1,0.0001,4,0.4297054090670177,0.8232600732600732,0.8452380952380952
lolo,4,mlp,inner_tuning,0,3,0.1,0.0001,5,0.27885844984224867,0.886904761904762,0.9285714285714286
lolo,4,mlp,inner_tuning,0,3,0.1,0.0001,6,0.24624188457216536,0.886904761904762,0.9285714285714286
lolo,4,mlp,inner_tuning,0,3,0.1,0.0001,7,0.14803054290158407,0.886904761904762,0.9285714285714286
lolo,4,mlp,inner_tuning,0,3,0.1,0.0001,8,0.14115741276847465,0.886904761904762,0.9285714285714286
lolo,4,mlp,inner_tuning,0,3,0.1,0.0001,9,0.14695015829056501,0.886904761904762,0.9285714285714286
lolo,4,mlp,inner_tuning,0,3,0.1,0.0001,10,0.09851302233125482,0.8232600732600732,0.8452380952380952
lolo,4,mlp,inner_tuning,0,3,0.1,0.0001,11,0.096197887722935,0.886904761904762,0.9285714285714286
lolo,4,mlp,inner_tuning,0,3,0.1,0.0001,12,0.08271189805652414,0.886904761904762,0.9285714285714286
lolo,4,mlp,inner_tuning,0,3,0.1,0.0001,13,0.06970312260091305,0.8232600732600732,0.8452380952380952
lolo,4,mlp,inner_tuning,0,3,0.1,0.0001,14,0.0693490696804864,0.8232600732600732,0.8452380952380952
lolo,4,mlp,inner_tuning,0,3,0.1,0.0001,15,0.07638990772621972,0.7083333333333333,0.726190476190476
lolo,4,mlp,inner_tuning,0,3,0.1,0.0001,16,0.1922164601939065,0.7738095238095238,0.8095238095238095
lolo,4,mlp,inner_tuning,0,3,0.1,0.0001,17,0.16947882249951363,0.638095238095238,0.6904761904761904
lolo,4,mlp,inner_tuning,0,3,0.1,0.0001,18,0.09541368817112275,0.8484848484848484,0.8928571428571428
lolo,4,mlp,inner_tuning,0,3,0.1,0.0001,19,0.057426215282508304,0.780952380952381,0.8571428571428571
lolo,4,mlp,inner_tuning,0,3,0.1,0.0001,20,0.033391494170895646,0.780952380952381,0.8571428571428571
lolo,4,mlp,inner_tuning,1,1,0.2,0.001,1,1.1785451344081335,0.6944444444444444,0.7083333333333333
lolo,4,mlp,inner_tuning,1,1,0.2,0.001,2,0.751211268561227,0.8582251082251082,0.875
lolo,4,mlp,inner_tuning,1,1,0.2,0.001,3,0.6447285754340035,0.8647727272727272,0.875
lolo,4,mlp,inner_tuning,1,1,0.2,0.001,4,0.5511857909815652,0.9415584415584416,0.9583333333333334
lolo,4,mlp,inner_tuning,1,1,0.2,0.001,5,0.3995972956929888,0.9415584415584416,0.9583333333333334
lolo,4,mlp,inner_tuning,1,1,0.2,0.001,6,0.3591720994029726,0.9415584415584416,0.9583333333333334
lolo,4,mlp,inner_tuning,1,1,0.2,0.001,7,0.3234934742961611,0.9415584415584416,0.9583333333333334
lolo,4,mlp,inner_tuning,1,1,0.2,0.001,8,0.2518357975142343,0.9415584415584416,0.9583333333333334
lolo,4,mlp,inner_tuning,1,1,0.2,0.001,9,0.15595094380634172,0.9307692307692308,0.9166666666666666
lolo,4,mlp,inner_tuning,1,1,0.2,0.001,10,0.15723168424197606,0.9307692307692308,0.9166666666666666
lolo,4,mlp,inner_tuning,1,1,0.2,0.001,11,0.12357837813241142,0.9415584415584416,0.9583333333333334
lolo,4,mlp,inner_tuning,1,1,0.2,0.001,12,0.11631105148366519,0.9415584415584416,0.9583333333333334
lolo,4,mlp,inner_tuning,1,1,0.2,0.001,13,0.10222695980753217,0.9415584415584416,0.9583333333333334
lolo,4,mlp,inner_tuning,1,1,0.2,0.001,14,0.1122644447854587,0.9307692307692308,0.9166666666666666
lolo,4,mlp,inner_tuning,1,1,0.2,0.001,15,0.06996124204514283,0.9415584415584416,0.9583333333333334
lolo,4,mlp,inner_tuning,1,1,0.2,0.001,16,0.07613572451685156,0.9415584415584416,0.9583333333333334
lolo,4,mlp,inner_tuning,1,1,0.2,0.001,17,0.0698168511901583,0.9415584415584416,0.9583333333333334
lolo,4,mlp,inner_tuning,1,1,0.2,0.001,18,0.09253193491271564,0.9415584415584416,0.9583333333333334
lolo,4,mlp,inner_tuning,1,1,0.2,0.001,19,0.10195658409169742,0.9415584415584416,0.9583333333333334
lolo,4,mlp,inner_tuning,1,2,0.2,0.001,1,1.2340426445007324,0.6641414141414141,0.738095238095238
lolo,4,mlp,inner_tuning,1,2,0.2,0.001,2,0.8768749833106995,0.8125,0.8452380952380952
lolo,4,mlp,inner_tuning,1,2,0.2,0.001,3,0.6881677607695261,0.7976190476190476,0.7976190476190476
lolo,4,mlp,inner_tuning,1,2,0.2,0.001,4,0.5516035755475363,0.8785714285714287,0.8809523809523809
lolo,4,mlp,inner_tuning,1,2,0.2,0.001,5,0.39820340772469837,0.8785714285714287,0.8809523809523809
lolo,4,mlp,inner_tuning,1,2,0.2,0.001,6,0.3527553230524063,0.7976190476190476,0.7976190476190476
lolo,4,mlp,inner_tuning,1,2,0.2,0.001,7,0.27513355761766434,0.8785714285714287,0.8809523809523809
lolo,4,mlp,inner_tuning,1,2,0.2,0.001,8,0.245876374344031,0.8785714285714287,0.8809523809523809
lolo,4,mlp,inner_tuning,1,2,0.2,0.001,9,0.17707627018292746,0.8785714285714287,0.8809523809523809
lolo,4,mlp,inner_tuning,1,2,0.2,0.001,10,0.17925671860575676,0.9333333333333333,0.9166666666666666
lolo,4,mlp,inner_tuning,1,2,0.2,0.001,11,0.13869429007172585,0.9333333333333333,0.9166666666666666
lolo,4,mlp,inner_tuning,1,2,0.2,0.001,12,0.14483760545651117,0.9333333333333333,0.9166666666666666
lolo,4,mlp,inner_tuning,1,2,0.2,0.001,13,0.10587605647742748,0.8785714285714287,0.8809523809523809
lolo,4,mlp,inner_tuning,1,2,0.2,0.001,14,0.07383811908463637,0.8785714285714287,0.8809523809523809
lolo,4,mlp,inner_tuning,1,2,0.2,0.001,15,0.08249956617752711,0.9333333333333333,0.9166666666666666
lolo,4,mlp,inner_tuning,1,2,0.2,0.001,16,0.0571854275961717,0.9333333333333333,0.9166666666666666
lolo,4,mlp,inner_tuning,1,2,0.2,0.001,17,0.05957641638815403,0.9333333333333333,0.9166666666666666
lolo,4,mlp,inner_tuning,1,2,0.2,0.001,18,0.043634929383794464,1.0,1.0
lolo,4,mlp,inner_tuning,1,2,0.2,0.001,19,0.0698619286219279,1.0,1.0
lolo,4,mlp,inner_tuning,1,2,0.2,0.001,20,0.04603662031392256,0.9333333333333333,0.9166666666666666
lolo,4,mlp,inner_tuning,1,2,0.2,0.001,21,0.049219804195066295,1.0,1.0
lolo,4,mlp,inner_tuning,1,2,0.2,0.001,22,0.03230809234082699,1.0,1.0
lolo,4,mlp,inner_tuning,1,2,0.2,0.001,23,0.02839987709497412,1.0,1.0
lolo,4,mlp,inner_tuning,1,2,0.2,0.001,24,0.017807324261715014,1.0,1.0
lolo,4,mlp,inner_tuning,1,2,0.2,0.001,25,0.018923257167140644,1.0,1.0
lolo,4,mlp,inner_tuning,1,2,0.2,0.001,26,0.0260359652650853,1.0,1.0
lolo,4,mlp,inner_tuning,1,2,0.2,0.001,27,0.0215097867573301,1.0,1.0
lolo,4,mlp,inner_tuning,1,2,0.2,0.001,28,0.02512009224543969,1.0,1.0
lolo,4,mlp,inner_tuning,1,2,0.2,0.001,29,0.020447468385100365,1.0,1.0
lolo,4,mlp,inner_tuning,1,2,0.2,0.001,30,0.011316381550083557,1.0,1.0
lolo,4,mlp,inner_tuning,1,2,0.2,0.001,31,0.010401531433065733,1.0,1.0
lolo,4,mlp,inner_tuning,1,2,0.2,0.001,32,0.008377059906100234,1.0,1.0
lolo,4,mlp,inner_tuning,1,2,0.2,0.001,33,0.01616625173483044,1.0,1.0
lolo,4,mlp,inner_tuning,1,3,0.2,0.001,1,1.1817312921796526,0.47619047619047616,0.7222222222222222
lolo,4,mlp,inner_tuning,1,3,0.2,0.001,2,0.7990149259567261,0.5520833333333333,0.736111111111111
lolo,4,mlp,inner_tuning,1,3,0.2,0.001,3,0.5887554543358939,0.5520833333333333,0.736111111111111
lolo,4,mlp,inner_tuning,1,3,0.2,0.001,4,0.39119772400174824,0.5428571428571429,0.736111111111111
lolo,4,mlp,inner_tuning,1,3,0.2,0.001,5,0.2814742944070271,0.5428571428571429,0.736111111111111
lolo,4,mlp,inner_tuning,1,3,0.2,0.001,6,0.2150281880583082,0.6208333333333333,0.8472222222222222
lolo,4,mlp,inner_tuning,1,3,0.2,0.001,7,0.14305243960448674,0.6208333333333333,0.8472222222222222
lolo,4,mlp,inner_tuning,1,3,0.2,0.001,8,0.11125673672982625,0.6330357142857143,0.8472222222222222
lolo,4,mlp,inner_tuning,1,3,0.2,0.001,9,0.10097400099039078,0.6330357142857143,0.8472222222222222
lolo,4,mlp,inner_tuning,1,3,0.2,0.001,10,0.06294910929032735,0.6330357142857143,0.8472222222222222
lolo,4,mlp,inner_tuning,1,3,0.2,0.001,11,0.07871081680059433,0.6330357142857143,0.8472222222222222
lolo,4,mlp,inner_tuning,1,3,0.2,0.001,12,0.04772131384483406,0.6330357142857143,0.8472222222222222
lolo,4,mlp,inner_tuning,1,3,0.2,0.001,13,0.05042598423148904,0.6330357142857143,0.8472222222222222
lolo,4,mlp,inner_tuning,1,3,0.2,0.001,14,0.056744130195251534,0.6330357142857143,0.8472222222222222
lolo,4,mlp,inner_tuning,1,3,0.2,0.001,15,0.04083253602896418,0.6330357142857143,0.8472222222222222
lolo,4,mlp,inner_tuning,1,3,0.2,0.001,16,0.025662137062421868,0.6330357142857143,0.8472222222222222
lolo,4,mlp,inner_tuning,1,3,0.2,0.001,17,0.021398107654282024,0.5875,0.8055555555555555
lolo,4,mlp,inner_tuning,1,3,0.2,0.001,18,0.015495109637933118,0.5875,0.8055555555555555
lolo,4,mlp,inner_tuning,1,3,0.2,0.001,19,0.010504370156143392,0.5875,0.8055555555555555
lolo,4,mlp,inner_tuning,1,3,0.2,0.001,20,0.012818154413253069,0.5875,0.8055555555555555
lolo,4,mlp,inner_tuning,1,3,0.2,0.001,21,0.01556979538872838,0.5875,0.8055555555555555
lolo,4,mlp,inner_tuning,1,3,0.2,0.001,22,0.010802846601498979,0.6330357142857143,0.8472222222222222
lolo,4,mlp,inner_tuning,1,3,0.2,0.001,23,0.009580824657210283,0.5875,0.8055555555555555
lolo,4,mlp,outer_fit,-1,-1,0.1,0.0001,1,1.067760282754898,,
lolo,4,mlp,outer_fit,-1,-1,0.1,0.0001,2,0.6484226882457733,,
lolo,4,mlp,outer_fit,-1,-1,0.1,0.0001,3,0.4478310465812683,,
lolo,4,mlp,outer_fit,-1,-1,0.1,0.0001,4,0.2619700312614441,,
lolo,4,mlp,outer_fit,-1,-1,0.1,0.0001,5,0.16885496824979782,,
group_cv,1,mlp,inner_tuning,0,1,0.1,0.0001,1,1.1701923268181937,0.7902930402930404,0.7976190476190476
group_cv,1,mlp,inner_tuning,0,1,0.1,0.0001,2,0.7830825533185687,0.8682692307692308,0.8809523809523809
group_cv,1,mlp,inner_tuning,0,1,0.1,0.0001,3,0.500665579523359,0.8682692307692308,0.8809523809523809
group_cv,1,mlp,inner_tuning,0,1,0.1,0.0001,4,0.37067889741488863,0.8682692307692308,0.8809523809523809
group_cv,1,mlp,inner_tuning,0,1,0.1,0.0001,5,0.23850296650614058,0.8785714285714287,0.8809523809523809
group_cv,1,mlp,inner_tuning,0,1,0.1,0.0001,6,0.1557731426187924,0.8785714285714287,0.8809523809523809
group_cv,1,mlp,inner_tuning,0,1,0.1,0.0001,7,0.10415323717253548,0.8785714285714287,0.8809523809523809
group_cv,1,mlp,inner_tuning,0,1,0.1,0.0001,8,0.06714741034167153,0.8785714285714287,0.8809523809523809
group_cv,1,mlp,inner_tuning,0,1,0.1,0.0001,9,0.05157725353326116,0.8785714285714287,0.8809523809523809
group_cv,1,mlp,inner_tuning,0,1,0.1,0.0001,10,0.03545894846320152,0.8785714285714287,0.8809523809523809
group_cv,1,mlp,inner_tuning,0,1,0.1,0.0001,11,0.03192063287964889,0.8785714285714287,0.8809523809523809
group_cv,1,mlp,inner_tuning,0,1,0.1,0.0001,12,0.016357777507177422,0.8785714285714287,0.8809523809523809
group_cv,1,mlp,inner_tuning,0,1,0.1,0.0001,13,0.017638697688068663,0.7976190476190476,0.7976190476190476
group_cv,1,mlp,inner_tuning,0,1,0.1,0.0001,14,0.011921662837266922,0.7976190476190476,0.7976190476190476
group_cv,1,mlp,inner_tuning,0,1,0.1,0.0001,15,0.01335293852857181,0.7976190476190476,0.7976190476190476
group_cv,1,mlp,inner_tuning,0,1,0.1,0.0001,16,0.012520788303975548,0.7976190476190476,0.7976190476190476
group_cv,1,mlp,inner_tuning,0,1,0.1,0.0001,17,0.006614771338977984,0.7976190476190476,0.7976190476190476
group_cv,1,mlp,inner_tuning,0,1,0.1,0.0001,18,0.006276196401034083,0.7976190476190476,0.7976190476190476
group_cv,1,mlp,inner_tuning,0,1,0.1,0.0001,19,0.006548108399978706,0.7976190476190476,0.7976190476190476
group_cv,1,mlp,inner_tuning,0,1,0.1,0.0001,20,0.006144976276638252,0.8785714285714287,0.8809523809523809
group_cv,1,mlp,inner_tuning,0,2,0.1,0.0001,1,1.141107542174203,0.8785714285714287,0.8809523809523809
group_cv,1,mlp,inner_tuning,0,2,0.1,0.0001,2,0.7459637182099479,0.8785714285714287,0.8809523809523809
group_cv,1,mlp,inner_tuning,0,2,0.1,0.0001,3,0.5762960995946612,0.8785714285714287,0.8809523809523809
group_cv,1,mlp,inner_tuning,0,2,0.1,0.0001,4,0.40360519715717863,0.945054945054945,0.9642857142857143
group_cv,1,mlp,inner_tuning,0,2,0.1,0.0001,5,0.26784977316856384,0.945054945054945,0.9642857142857143
group_cv,1,mlp,inner_tuning,0,2,0.1,0.0001,6,0.21005124705178396,0.945054945054945,0.9642857142857143
group_cv,1,mlp,inner_tuning,0,2,0.1,0.0001,7,0.15534106642007828,0.945054945054945,0.9642857142857143
group_cv,1,mlp,inner_tuning,0,2,0.1,0.0001,8,0.1402572723371642,0.8682692307692308,0.8809523809523809
group_cv,1,mlp,inner_tuning,0,2,0.1,0.0001,9,0.08353142174226898,0.8682692307692308,0.8809523809523809
group_cv,1,mlp,inner_tuning,0,2,0.1,0.0001,10,0.08022781514695712,0.8682692307692308,0.8809523809523809
group_cv,1,mlp,inner_tuning,0,2,0.1,0.0001,11,0.06682398436324936,0.8682692307692308,0.8809523809523809
group_cv,1,mlp,inner_tuning,0,2,0.1,0.0001,12,0.04806068965366909,0.8682692307692308,0.8809523809523809
group_cv,1,mlp,inner_tuning,0,2,0.1,0.0001,13,0.04043412235166345,0.8682692307692308,0.8809523809523809
group_cv,1,mlp,inner_tuning,0,2,0.1,0.0001,14,0.046660366867269785,0.8682692307692308,0.8809523809523809
group_cv,1,mlp,inner_tuning,0,2,0.1,0.0001,15,0.021783716045320034,0.8682692307692308,0.8809523809523809
group_cv,1,mlp,inner_tuning,0,2,0.1,0.0001,16,0.02143379926149334,0.8682692307692308,0.8809523809523809
group_cv,1,mlp,inner_tuning,0,2,0.1,0.0001,17,0.023951705678233078,1.0,1.0
group_cv,1,mlp,inner_tuning,0,2,0.1,0.0001,18,0.016255393025598357,0.8682692307692308,0.8809523809523809
group_cv,1,mlp,inner_tuning,0,2,0.1,0.0001,19,0.019950895237603357,0.8682692307692308,0.8809523809523809
group_cv,1,mlp,inner_tuning,0,2,0.1,0.0001,20,0.014890414529613085,0.8682692307692308,0.8809523809523809
group_cv,1,mlp,inner_tuning,0,2,0.1,0.0001,21,0.016774313723934547,0.8682692307692308,0.8809523809523809
group_cv,1,mlp,inner_tuning,0,2,0.1,0.0001,22,0.008082724974623747,0.9142857142857144,0.9166666666666666
group_cv,1,mlp,inner_tuning,0,2,0.1,0.0001,23,0.011261066322081856,0.8682692307692308,0.8809523809523809
group_cv,1,mlp,inner_tuning,0,2,0.1,0.0001,24,0.012322767404839396,0.9142857142857144,0.9166666666666666
group_cv,1,mlp,inner_tuning,0,2,0.1,0.0001,25,0.007728543332112687,0.9142857142857144,0.9166666666666666
group_cv,1,mlp,inner_tuning,0,2,0.1,0.0001,26,0.0071272993726389745,0.9142857142857144,0.9166666666666666
group_cv,1,mlp,inner_tuning,0,2,0.1,0.0001,27,0.005470001038962177,0.9142857142857144,0.9166666666666666
group_cv,1,mlp,inner_tuning,0,2,0.1,0.0001,28,0.013987121571387564,0.9142857142857144,0.9166666666666666
group_cv,1,mlp,inner_tuning,0,2,0.1,0.0001,29,0.004539330622979573,0.9142857142857144,0.9166666666666666
group_cv,1,mlp,inner_tuning,0,2,0.1,0.0001,30,0.008835755022508758,0.9142857142857144,0.9166666666666666
group_cv,1,mlp,inner_tuning,0,2,0.1,0.0001,31,0.008023185156551855,0.9142857142857144,0.9166666666666666
group_cv,1,mlp,inner_tuning,0,2,0.1,0.0001,32,0.00673929024820349,0.9142857142857144,0.9166666666666666
group_cv,1,mlp,inner_tuning,0,3,0.1,0.0001,1,1.1190033980778284,0.7767857142857143,0.7976190476190476
group_cv,1,mlp,inner_tuning,0,3,0.1,0.0001,2,0.7528542620795113,0.8785714285714287,0.8809523809523809
group_cv,1,mlp,inner_tuning,0,3,0.1,0.0001,3,0.5469655650002616,0.8617216117216118,0.8809523809523809
group_cv,1,mlp,inner_tuning,0,3,0.1,0.0001,4,0.45285884397370474,0.8617216117216118,0.8809523809523809
group_cv,1,mlp,inner_tuning,0,3,0.1,0.0001,5,0.309773462159293,0.8617216117216118,0.8809523809523809
group_cv,1,mlp,inner_tuning,0,3,0.1,0.0001,6,0.22754704100745066,0.8617216117216118,0.8809523809523809
group_cv,1,mlp,inner_tuning,0,3,0.1,0.0001,7,0.15858085134199687,0.8617216117216118,0.8809523809523809
group_cv,1,mlp,inner_tuning,0,3,0.1,0.0001,8,0.1355901136994362,0.945054945054945,0.9642857142857143
group_cv,1,mlp,inner_tuning,0,3,0.1,0.0001,9,0.11524128807442528,0.945054945054945,0.9642857142857143
group_cv,1,mlp,inner_tuning,0,3,0.1,0.0001,10,0.08657501212188176,0.945054945054945,0.9642857142857143
group_cv,1,mlp,inner_tuning,0,3,0.1,0.0001,11,0.06936460760022913,0.945054945054945,0.9642857142857143
group_cv,1,mlp,inner_tuning,0,3,0.1,0.0001,12,0.05228542163968086,0.945054945054945,0.9642857142857143
group_cv,1,mlp,inner_tuning,0,3,0.1,0.0001,13,0.04013354144990444,0.945054945054945,0.9642857142857143
group_cv,1,mlp,inner_tuning,0,3,0.1,0.0001,14,0.03265758204673018,0.8809523809523809,0.8809523809523809
group_cv,1,mlp,inner_tuning,0,3,0.1,0.0001,15,0.02681811712682247,0.945054945054945,0.9642857142857143
group_cv,1,mlp,inner_tuning,0,3,0.1,0.0001,16,0.021666779315897396,0.945054945054945,0.9642857142857143
group_cv,1,mlp,inner_tuning,0,3,0.1,0.0001,17,0.024100301787257195,0.945054945054945,0.9642857142857143
group_cv,1,mlp,inner_tuning,0,3,0.1,0.0001,18,0.013582469363297735,0.945054945054945,0.9642857142857143
group_cv,1,mlp,inner_tuning,0,3,0.1,0.0001,19,0.013656070855047022,0.945054945054945,0.9642857142857143
group_cv,1,mlp,inner_tuning,0,3,0.1,0.0001,20,0.015069318935275078,0.945054945054945,0.9642857142857143
group_cv,1,mlp,inner_tuning,0,3,0.1,0.0001,21,0.01278743367376072,0.945054945054945,0.9642857142857143
group_cv,1,mlp,inner_tuning,0,3,0.1,0.0001,22,0.00973381255088108,0.945054945054945,0.9642857142857143
group_cv,1,mlp,inner_tuning,0,3,0.1,0.0001,23,0.027824750103588616,0.945054945054945,0.9642857142857143
group_cv,1,mlp,inner_tuning,1,1,0.2,0.001,1,1.2592269011906214,0.7518315018315018,0.7619047619047619
group_cv,1,mlp,inner_tuning,1,1,0.2,0.001,2,0.8679352572986058,0.7518315018315018,0.7619047619047619
group_cv,1,mlp,inner_tuning,1,1,0.2,0.001,3,0.6342916148049491,0.7518315018315018,0.7619047619047619
group_cv,1,mlp,inner_tuning,1,1,0.2,0.001,4,0.4820707312652043,0.8250000000000001,0.8452380952380952
group_cv,1,mlp,inner_tuning,1,1,0.2,0.001,5,0.2881045490503311,0.8250000000000001,0.8452380952380952
group_cv,1,mlp,inner_tuning,1,1,0.2,0.001,6,0.2266766471522195,0.8250000000000001,0.8452380952380952
group_cv,1,mlp,inner_tuning,1,1,0.2,0.001,7,0.1505380453807967,0.8958333333333334,0.9285714285714286
group_cv,1,mlp,inner_tuning,1,1,0.2,0.001,8,0.07898731263620513,0.8958333333333334,0.9285714285714286
group_cv,1,mlp,inner_tuning,1,1,0.2,0.001,9,0.07364717977387565,0.8958333333333334,0.9285714285714286
group_cv,1,mlp,inner_tuning,1,1,0.2,0.001,10,0.061809824513537545,0.8958333333333334,0.9285714285714286
group_cv,1,mlp,inner_tuning,1,1,0.2,0.001,11,0.04566745060895171,0.8351648351648351,0.8452380952380952
group_cv,1,mlp,inner_tuning,1,1,0.2,0.001,12,0.03457614513380187,0.8958333333333334,0.9285714285714286
group_cv,1,mlp,inner_tuning,1,1,0.2,0.001,13,0.03552338321294103,0.8958333333333334,0.9285714285714286
group_cv,1,mlp,inner_tuning,1,1,0.2,0.001,14,0.024152729926364764,0.8958333333333334,0.9285714285714286
group_cv,1,mlp,inner_tuning,1,1,0.2,0.001,15,0.015358300347413336,0.8958333333333334,0.9285714285714286
group_cv,1,mlp,inner_tuning,1,1,0.2,0.001,16,0.02017620631626674,0.8351648351648351,0.8452380952380952
group_cv,1,mlp,inner_tuning,1,1,0.2,0.001,17,0.013923210757119315,0.8351648351648351,0.8452380952380952
group_cv,1,mlp,inner_tuning,1,1,0.2,0.001,18,0.014118599439305919,0.8351648351648351,0.8452380952380952
group_cv,1,mlp,inner_tuning,1,1,0.2,0.001,19,0.015008177142590284,0.8154761904761905,0.8452380952380952
group_cv,1,mlp,inner_tuning,1,1,0.2,0.001,20,0.011453666192080294,0.8958333333333334,0.9285714285714286
group_cv,1,mlp,inner_tuning,1,1,0.2,0.001,21,0.008836323861032724,0.8958333333333334,0.9285714285714286
group_cv,1,mlp,inner_tuning,1,1,0.2,0.001,22,0.007663748293582883,0.8958333333333334,0.9285714285714286
group_cv,1,mlp,inner_tuning,1,2,0.2,0.001,1,1.1773888724190849,0.6444444444444445,0.6666666666666666
group_cv,1,mlp,inner_tuning,1,2,0.2,0.001,2,0.7883131589208331,0.86875,0.8333333333333333
group_cv,1,mlp,inner_tuning,1,2,0.2,0.001,3,0.5902116979871478,0.8125,0.8333333333333333
group_cv,1,mlp,inner_tuning,1,2,0.2,0.001,4,0.4139763500009264,0.8125,0.8333333333333333
group_cv,1,mlp,inner_tuning,1,2,0.2,0.001,5,0.3472663802759988,0.9333333333333333,0.9166666666666666
group_cv,1,mlp,inner_tuning,1,2,0.2,0.001,6,0.25406149668352945,0.9333333333333333,0.9166666666666666
group_cv,1,mlp,inner_tuning,1,2,0.2,0.001,7,0.18929698850427354,0.9333333333333333,0.9166666666666666
group_cv,1,mlp,inner_tuning,1,2,0.2,0.001,8,0.2014674927507128,0.9333333333333333,0.9166666666666666
group_cv,1,mlp,inner_tuning,1,2,0.2,0.001,9,0.14262083917856216,0.9333333333333333,0.9166666666666666
group_cv,1,mlp,inner_tuning,1,2,0.2,0.001,10,0.13141811532633646,0.9333333333333333,0.9166666666666666
group_cv,1,mlp,inner_tuning,1,2,0.2,0.001,11,0.11849366660629,0.9333333333333333,0.9166666666666666
group_cv,1,mlp,inner_tuning,1,2,0.2,0.001,12,0.12188743746706418,0.9333333333333333,0.9166666666666666
group_cv,1,mlp,inner_tuning,1,2,0.2,0.001,13,0.10660366075379508,0.9333333333333333,0.9166666666666666
group_cv,1,mlp,inner_tuning,1,2,0.2,0.001,14,0.10812682445560183,0.9333333333333333,0.9166666666666666
group_cv,1,mlp,inner_tuning,1,2,0.2,0.001,15,0.08604129457048007,0.9333333333333333,0.9166666666666666
group_cv,1,mlp,inner_tuning,1,2,0.2,0.001,16,0.08197172837597984,0.9333333333333333,0.9166666666666666
group_cv,1,mlp,inner_tuning,1,2,0.2,0.001,17,0.051907731486218314,0.9333333333333333,0.9166666666666666
group_cv,1,mlp,inner_tuning,1,2,0.2,0.001,18,0.040065613708325794,0.9333333333333333,0.9166666666666666
group_cv,1,mlp,inner_tuning,1,2,0.2,0.001,19,0.03874714246817997,0.9333333333333333,0.9166666666666666
group_cv,1,mlp,inner_tuning,1,2,0.2,0.001,20,0.04760607731129442,0.9333333333333333,0.9166666666666666
group_cv,1,mlp,inner_tuning,1,3,0.2,0.001,1,1.1461941599845886,0.7976190476190476,0.7976190476190476
group_cv,1,mlp,inner_tuning,1,3,0.2,0.001,2,0.8085505621773856,0.8617216117216118,0.8809523809523809
group_cv,1,mlp,inner_tuning,1,3,0.2,0.001,3,0.5644615122250148,0.8617216117216118,0.8809523809523809
group_cv,1,mlp,inner_tuning,1,3,0.2,0.001,4,0.4702447014195578,0.8617216117216118,0.8809523809523809
group_cv,1,mlp,inner_tuning,1,3,0.2,0.001,5,0.31461896002292633,0.7902930402930404,0.7976190476190476
group_cv,1,mlp,inner_tuning,1,3,0.2,0.001,6,0.28920396310942514,0.7902930402930404,0.7976190476190476
group_cv,1,mlp,inner_tuning,1,3,0.2,0.001,7,0.20609652996063232,0.7142857142857143,0.7142857142857143
group_cv,1,mlp,inner_tuning,1,3,0.2,0.001,8,0.15292880258389882,0.8071428571428572,0.7976190476190476
group_cv,1,mlp,inner_tuning,1,3,0.2,0.001,9,0.16601589109216416,0.8682692307692308,0.8809523809523809
group_cv,1,mlp,inner_tuning,1,3,0.2,0.001,10,0.09516631332891327,0.8071428571428572,0.7976190476190476
group_cv,1,mlp,inner_tuning,1,3,0.2,0.001,11,0.0837504363485745,0.8682692307692308,0.8809523809523809
group_cv,1,mlp,inner_tuning,1,3,0.2,0.001,12,0.10485753204141345,0.8682692307692308,0.8809523809523809
group_cv,1,mlp,inner_tuning,1,3,0.2,0.001,13,0.06942473618047577,0.8071428571428572,0.7976190476190476
group_cv,1,mlp,inner_tuning,1,3,0.2,0.001,14,0.07942947958196912,0.8071428571428572,0.7976190476190476
group_cv,1,mlp,inner_tuning,1,3,0.2,0.001,15,0.05806289666465351,0.8682692307692308,0.8809523809523809
group_cv,1,mlp,inner_tuning,1,3,0.2,0.001,16,0.05171887683016913,0.8682692307692308,0.8809523809523809
group_cv,1,mlp,inner_tuning,1,3,0.2,0.001,17,0.045452814017023356,0.8682692307692308,0.8809523809523809
group_cv,1,mlp,inner_tuning,1,3,0.2,0.001,18,0.034750986844301224,0.8682692307692308,0.8809523809523809
group_cv,1,mlp,inner_tuning,1,3,0.2,0.001,19,0.024178785671080862,0.8682692307692308,0.8809523809523809
group_cv,1,mlp,inner_tuning,1,3,0.2,0.001,20,0.022505488113633225,0.8682692307692308,0.8809523809523809
group_cv,1,mlp,inner_tuning,1,3,0.2,0.001,21,0.03103748748877219,0.8682692307692308,0.8809523809523809
group_cv,1,mlp,inner_tuning,1,3,0.2,0.001,22,0.019265075480299338,0.8071428571428572,0.7976190476190476
group_cv,1,mlp,inner_tuning,1,3,0.2,0.001,23,0.025368182121642997,0.8682692307692308,0.8809523809523809
group_cv,1,mlp,inner_tuning,1,3,0.2,0.001,24,0.035605123067008596,0.8682692307692308,0.8809523809523809
group_cv,1,mlp,outer_fit,-1,-1,0.1,0.0001,1,1.0390047192573548,,
group_cv,1,mlp,outer_fit,-1,-1,0.1,0.0001,2,0.6034665882587433,,
group_cv,1,mlp,outer_fit,-1,-1,0.1,0.0001,3,0.3984192028641701,,
group_cv,1,mlp,outer_fit,-1,-1,0.1,0.0001,4,0.26186868250370027,,
group_cv,1,mlp,outer_fit,-1,-1,0.1,0.0001,5,0.1863695874810219,,
group_cv,1,mlp,outer_fit,-1,-1,0.1,0.0001,6,0.12245647236704826,,
group_cv,1,mlp,outer_fit,-1,-1,0.1,0.0001,7,0.10219397209584713,,
group_cv,1,mlp,outer_fit,-1,-1,0.1,0.0001,8,0.06829856671392917,,
group_cv,2,mlp,inner_tuning,0,1,0.1,0.0001,1,1.1442363858222961,0.8785714285714287,0.8809523809523809
group_cv,2,mlp,inner_tuning,0,1,0.1,0.0001,2,0.7531733087130955,0.8785714285714287,0.8809523809523809
group_cv,2,mlp,inner_tuning,0,1,0.1,0.0001,3,0.527252699647631,0.8785714285714287,0.8809523809523809
group_cv,2,mlp,inner_tuning,0,1,0.1,0.0001,4,0.36188810212271555,0.8785714285714287,0.8809523809523809
group_cv,2,mlp,inner_tuning,0,1,0.1,0.0001,5,0.27175725783620563,0.8785714285714287,0.8809523809523809
group_cv,2,mlp,inner_tuning,0,1,0.1,0.0001,6,0.2198375506060464,0.86875,0.8333333333333333
group_cv,2,mlp,inner_tuning,0,1,0.1,0.0001,7,0.16455228520291193,0.8682692307692308,0.8809523809523809
group_cv,2,mlp,inner_tuning,0,1,0.1,0.0001,8,0.14264072264943803,0.8682692307692308,0.8809523809523809
group_cv,2,mlp,inner_tuning,0,1,0.1,0.0001,9,0.08278368360229901,0.8682692307692308,0.8809523809523809
group_cv,2,mlp,inner_tuning,0,1,0.1,0.0001,10,0.09972340613603592,0.8682692307692308,0.8809523809523809
group_cv,2,mlp,inner_tuning,0,1,0.1,0.0001,11,0.08222011157444545,0.8500000000000001,0.8333333333333333
group_cv,2,mlp,inner_tuning,0,1,0.1,0.0001,12,0.0728461779654026,0.9142857142857144,0.9166666666666666
group_cv,2,mlp,inner_tuning,0,1,0.1,0.0001,13,0.06723495253494807,0.8682692307692308,0.8809523809523809
group_cv,2,mlp,inner_tuning,0,1,0.1,0.0001,14,0.045754497072526386,0.9142857142857144,0.9166666666666666
group_cv,2,mlp,inner_tuning,0,1,0.1,0.0001,15,0.02972758893987962,0.9142857142857144,0.9166666666666666
group_cv,2,mlp,inner_tuning,0,1,0.1,0.0001,16,0.050094026273914745,0.8682692307692308,0.8809523809523809
group_cv,2,mlp,inner_tuning,0,1,0.1,0.0001,17,0.03089745994657278,0.8682692307692308,0.8809523809523809
group_cv,2,mlp,inner_tuning,0,1,0.1,0.0001,18,0.05185431321816785,0.9142857142857144,0.9166666666666666
group_cv,2,mlp,inner_tuning,0,1,0.1,0.0001,19,0.01809599536604115,0.8682692307692308,0.8809523809523809
group_cv,2,mlp,inner_tuning,0,1,0.1,0.0001,20,0.01882610809324043,0.8682692307692308,0.8809523809523809
group_cv,2,mlp,inner_tuning,0,1,0.1,0.0001,21,0.026148305141500065,0.8682692307692308,0.8809523809523809
group_cv,2,mlp,inner_tuning,0,1,0.1,0.0001,22,0.021625209333641187,0.8682692307692308,0.8809523809523809
group_cv,2,mlp,inner_tuning,0,1,0.1,0.0001,23,0.04279973391177399,0.9142857142857144,0.9166666666666666
group_cv,2,mlp,inner_tuning,0,1,0.1,0.0001,24,0.01514263843585338,0.8682692307692308,0.8809523809523809
group_cv,2,mlp,inner_tuning,0,1,0.1,0.0001,25,0.023898471612483263,0.8682692307692308,0.8809523809523809
group_cv,2,mlp,inner_tuning,0,1,0.1,0.0001,26,0.023951871852789606,0.9142857142857144,0.9166666666666666
group_cv,2,mlp,inner_tuning,0,1,0.1,0.0001,27,0.01576024031133524,0.8682692307692308,0.8809523809523809
group_cv,2,mlp,inner_tuning,0,2,0.1,0.0001,1,1.1734319073813302,0.8958333333333334,0.9285714285714286
group_cv,2,mlp,inner_tuning,0,2,0.1,0.0001,2,0.8038504719734192,0.8958333333333334,0.9285714285714286
group_cv,2,mlp,inner_tuning,0,2,0.1,0.0001,3,0.6513777715819222,0.8958333333333334,0.9285714285714286
group_cv,2,mlp,inner_tuning,0,2,0.1,0.0001,4,0.46678530318396433,0.8958333333333334,0.9285714285714286
group_cv,2,mlp,inner_tuning,0,2,0.1,0.0001,5,0.33376351424625944,0.8958333333333334,0.9285714285714286
group_cv,2,mlp,inner_tuning,0,2,0.1,0.0001,6,0.31996928581169676,0.8958333333333334,0.9285714285714286
group_cv,2,mlp,inner_tuning,0,2,0.1,0.0001,7,0.2130901643208095,0.8958333333333334,0.9285714285714286
group_cv,2,mlp,inner_tuning,0,2,0.1,0.0001,8,0.18167052098682948,0.8958333333333334,0.9285714285714286
group_cv,2,mlp,inner_tuning,0,2,0.1,0.0001,9,0.11602358839341573,0.945054945054945,0.9642857142857143
group_cv,2,mlp,inner_tuning,0,2,0.1,0.0001,10,0.08000743016600609,0.945054945054945,0.9642857142857143
group_cv,2,mlp,inner_tuning,0,2,0.1,0.0001,11,0.08036534115672112,0.945054945054945,0.9642857142857143
group_cv,2,mlp,inner_tuning,0,2,0.1,0.0001,12,0.09780771977135114,0.945054945054945,0.9642857142857143
group_cv,2,mlp,inner_tuning,0,2,0.1,0.0001,13,0.05280047708324024,0.945054945054945,0.9642857142857143
group_cv,2,mlp,inner_tuning,0,2,0.1,0.0001,14,0.05179647170007229,0.945054945054945,0.9642857142857143
group_cv,2,mlp,inner_tuning,0,2,0.1,0.0001,15,0.036819927394390106,0.945054945054945,0.9642857142857143
group_cv,2,mlp,inner_tuning,0,2,0.1,0.0001,16,0.024930061107235297,0.945054945054945,0.9642857142857143
group_cv,2,mlp,inner_tuning,0,2,0.1,0.0001,17,0.01654501192803894,0.945054945054945,0.9642857142857143
group_cv,2,mlp,inner_tuning,0,2,0.1,0.0001,18,0.03166026888149125,0.945054945054945,0.9642857142857143
group_cv,2,mlp,inner_tuning,0,2,0.1,0.0001,19,0.025767015293240547,0.945054945054945,0.9642857142857143
group_cv,2,mlp,inner_tuning,0,2,0.1,0.0001,20,0.018446840611951693,0.8809523809523809,0.8809523809523809
group_cv,2,mlp,inner_tuning,0,2,0.1,0.0001,21,0.014171052125415631,0.8809523809523809,0.8809523809523809
group_cv,2,mlp,inner_tuning,0,2,0.1,0.0001,22,0.01471144360091005,0.945054945054945,0.9642857142857143
group_cv,2,mlp,inner_tuning,0,2,0.1,0.0001,23,0.008440038222553474,0.8809523809523809,0.8809523809523809
group_cv,2,mlp,inner_tuning,0,2,0.1,0.0001,24,0.010637560659753425,0.8809523809523809,0.8809523809523809
group_cv,2,mlp,inner_tuning,0,3,0.1,0.0001,1,1.1732160789625985,0.8617216117216118,0.8809523809523809
group_cv,2,mlp,inner_tuning,0,3,0.1,0.0001,2,0.8014603427478245,0.8617216117216118,0.8809523809523809
group_cv,2,mlp,inner_tuning,0,3,0.1,0.0001,3,0.5399833108697619,0.8617216117216118,0.8809523809523809
group_cv,2,mlp,inner_tuning,0,3,0.1,0.0001,4,0.4164114168712071,0.8617216117216118,0.8809523809523809
group_cv,2,mlp,inner_tuning,0,3,0.1,0.0001,5,0.3106853025300162,0.8617216117216118,0.8809523809523809
group_cv,2,mlp,inner_tuning,0,3,0.1,0.0001,6,0.1878208007131304,0.8617216117216118,0.8809523809523809
group_cv,2,mlp,inner_tuning,0,3,0.1,0.0001,7,0.14507010791982924,0.8617216117216118,0.8809523809523809
group_cv,2,mlp,inner_tuning,0,3,0.1,0.0001,8,0.13839457077639444,0.8617216117216118,0.8809523809523809
group_cv,2,mlp,inner_tuning,0,3,0.1,0.0001,9,0.11400115809270314,0.8617216117216118,0.8809523809523809
group_cv,2,mlp,inner_tuning,0,3,0.1,0.0001,10,0.08991352867867265,0.8617216117216118,0.8809523809523809
group_cv,2,mlp,inner_tuning,0,3,0.1,0.0001,11,0.07611788330333573,0.8617216117216118,0.8809523809523809
group_cv,2,mlp,inner_tuning,0,3,0.1,0.0001,12,0.06451087844158922,0.8617216117216118,0.8809523809523809
group_cv,2,mlp,inner_tuning,0,3,0.1,0.0001,13,0.08696443081966468,0.8617216117216118,0.8809523809523809
group_cv,2,mlp,inner_tuning,0,3,0.1,0.0001,14,0.0607438651578767,0.8617216117216118,0.8809523809523809
group_cv,2,mlp,inner_tuning,0,3,0.1,0.0001,15,0.054852393588849475,0.8617216117216118,0.8809523809523809
group_cv,2,mlp,inner_tuning,0,3,0.1,0.0001,16,0.0427085402022515,0.8617216117216118,0.8809523809523809
group_cv,2,mlp,inner_tuning,1,1,0.2,0.001,1,1.1440806984901428,0.7867965367965368,0.7916666666666666
group_cv,2,mlp,inner_tuning,1,1,0.2,0.001,2,0.8244934848376683,0.9415584415584416,0.9583333333333334
group_cv,2,mlp,inner_tuning,1,1,0.2,0.001,3,0.6310501141207558,0.8582251082251082,0.875
group_cv,2,mlp,inner_tuning,1,1,0.2,0.001,4,0.44164484313556124,0.8582251082251082,0.875
group_cv,2,mlp,inner_tuning,1,1,0.2,0.001,5,0.347243926354817,0.8582251082251082,0.875
group_cv,2,mlp,inner_tuning,1,1,0.2,0.001,6,0.27653175592422485,0.9415584415584416,0.9583333333333334
group_cv,2,mlp,inner_tuning,1,1,0.2,0.001,7,0.261861441390855,1.0,1.0
group_cv,2,mlp,inner_tuning,1,1,0.2,0.001,8,0.18728522317750113,0.9307692307692308,0.9166666666666666
group_cv,2,mlp,inner_tuning,1,1,0.2,0.001,9,0.15755187613623484,0.9415584415584416,0.9583333333333334
group_cv,2,mlp,inner_tuning,1,1,0.2,0.001,10,0.15940134546586446,0.9415584415584416,0.9583333333333334
group_cv,2,mlp,inner_tuning,1,1,0.2,0.001,11,0.12254098589931216,1.0,1.0
group_cv,2,mlp,inner_tuning,1,1,0.2,0.001,12,0.0985365632389273,0.9415584415584416,0.9583333333333334
group_cv,2,mlp,inner_tuning,1,1,0.2,0.001,13,0.07809471605079514,0.9415584415584416,0.9583333333333334
group_cv,2,mlp,inner_tuning,1,1,0.2,0.001,14,0.06884342112711497,0.9415584415584416,0.9583333333333334
group_cv,2,mlp,inner_tuning,1,1,0.2,0.001,15,0.05498808356268065,0.8225108225108225,0.8333333333333334
group_cv,2,mlp,inner_tuning,1,1,0.2,0.001,16,0.059311761387756894,0.8225108225108225,0.8333333333333334
group_cv,2,mlp,inner_tuning,1,1,0.2,0.001,17,0.06887109923575606,0.8809523809523809,0.875
group_cv,2,mlp,inner_tuning,1,1,0.2,0.001,18,0.050190871847527366,0.8225108225108225,0.8333333333333334
group_cv,2,mlp,inner_tuning,1,1,0.2,0.001,19,0.04565012375158923,0.8225108225108225,0.8333333333333334
group_cv,2,mlp,inner_tuning,1,1,0.2,0.001,20,0.024929647533489124,0.8225108225108225,0.8333333333333334
group_cv,2,mlp,inner_tuning,1,1,0.2,0.001,21,0.026354469491967132,0.8225108225108225,0.8333333333333334
group_cv,2,mlp,inner_tuning,1,1,0.2,0.001,22,0.026141753686325892,0.8225108225108225,0.8333333333333334
group_cv,2,mlp,inner_tuning,1,2,0.2,0.001,1,1.147490348134722,0.5451680672268908,0.736111111111111
group_cv,2,mlp,inner_tuning,1,2,0.2,0.001,2,0.8204846637589591,0.6330357142857143,0.8472222222222222
group_cv,2,mlp,inner_tuning,1,2,0.2,0.001,3,0.6247739962169102,0.6976190476190476,0.9583333333333334
group_cv,2,mlp,inner_tuning,1,2,0.2,0.001,4,0.498265483549663,0.6976190476190476,0.9583333333333334
group_cv,2,mlp,inner_tuning,1,2,0.2,0.001,5,0.381947432245527,0.6976190476190476,0.9583333333333334
group_cv,2,mlp,inner_tuning,1,2,0.2,0.001,6,0.32141721674374174,0.6976190476190476,0.9583333333333334
group_cv,2,mlp,inner_tuning,1,2,0.2,0.001,7,0.20708225454602922,0.6976190476190476,0.9583333333333334
group_cv,2,mlp,inner_tuning,1,2,0.2,0.001,8,0.19453879126480647,0.6976190476190476,0.9583333333333334
group_cv,2,mlp,inner_tuning,1,2,0.2,0.001,9,0.1861716785601207,0.6976190476190476,0.9583333333333334
group_cv,2,mlp,inner_tuning,1,2,0.2,0.001,10,0.17491870054176875,0.6976190476190476,0.9583333333333334
group_cv,2,mlp,inner_tuning,1,2,0.2,0.001,11,0.15397402005536215,0.75,1.0
group_cv,2,mlp,inner_tuning,1,2,0.2,0.001,12,0.15288149459021433,0.6976190476190476,0.9583333333333334
group_cv,2,mlp,inner_tuning,1,2,0.2,0.001,13,0.12122846394777298,0.6976190476190476,0.9583333333333334
group_cv,2,mlp,inner_tuning,1,2,0.2,0.001,14,0.11037914774247579,0.75,1.0
group_cv,2,mlp,inner_tuning,1,2,0.2,0.001,15,0.09808330184647016,0.6976190476190476,0.9583333333333334
group_cv,2,mlp,inner_tuning,1,2,0.2,0.001,16,0.09487955724554402,0.6976190476190476,0.9583333333333334
group_cv,2,mlp,inner_tuning,1,2,0.2,0.001,17,0.09528005868196487,0.75,1.0
group_cv,2,mlp,inner_tuning,1,2,0.2,0.001,18,0.09146767907908984,0.75,1.0
group_cv,2,mlp,inner_tuning,1,2,0.2,0.001,19,0.0825931185058185,0.75,1.0
group_cv,2,mlp,inner_tuning,1,2,0.2,0.001,20,0.0665107827101435,0.75,1.0
group_cv,2,mlp,inner_tuning,1,2,0.2,0.001,21,0.06884178146719933,0.75,1.0
group_cv,2,mlp,inner_tuning,1,2,0.2,0.001,22,0.06258956076843399,0.75,1.0
group_cv,2,mlp,inner_tuning,1,2,0.2,0.001,23,0.050351547077298164,0.75,1.0
group_cv,2,mlp,inner_tuning,1,2,0.2,0.001,24,0.052703172500644414,0.75,1.0
group_cv,2,mlp,inner_tuning,1,2,0.2,0.001,25,0.030113374149160727,0.75,1.0
group_cv,2,mlp,inner_tuning,1,2,0.2,0.001,26,0.039050414093903134,0.75,1.0
group_cv,2,mlp,inner_tuning,1,3,0.2,0.001,1,1.224881546837943,0.5149572649572649,0.5595238095238095
group_cv,2,mlp,inner_tuning,1,3,0.2,0.001,2,0.8022311244692121,0.6726190476190476,0.6785714285714286
group_cv,2,mlp,inner_tuning,1,3,0.2,0.001,3,0.6300643810204097,0.75,0.7619047619047619
group_cv,2,mlp,inner_tuning,1,3,0.2,0.001,4,0.44125646352767944,0.75,0.7619047619047619
group_cv,2,mlp,inner_tuning,1,3,0.2,0.001,5,0.30431815556117464,0.75,0.7619047619047619
group_cv,2,mlp,inner_tuning,1,3,0.2,0.001,6,0.1995577492884227,0.75,0.7619047619047619
group_cv,2,mlp,inner_tuning,1,3,0.2,0.001,7,0.1467847680406911,0.75,0.7619047619047619
group_cv,2,mlp,inner_tuning,1,3,0.2,0.001,8,0.10205905565193721,0.75,0.7619047619047619
group_cv,2,mlp,inner_tuning,1,3,0.2,0.001,9,0.1345623561314174,0.75,0.7619047619047619
group_cv,2,mlp,inner_tuning,1,3,0.2,0.001,10,0.09196296893060207,0.75,0.7619047619047619
group_cv,2,mlp,inner_tuning,1,3,0.2,0.001,11,0.07882645672985486,0.75,0.7619047619047619
group_cv,2,mlp,inner_tuning,1,3,0.2,0.001,12,0.09692047589591571,0.75,0.7619047619047619
group_cv,2,mlp,inner_tuning,1,3,0.2,0.001,13,0.05238257508192744,0.6804029304029303,0.6785714285714286
group_cv,2,mlp,inner_tuning,1,3,0.2,0.001,14,0.04800103884190321,0.75,0.7619047619047619
group_cv,2,mlp,inner_tuning,1,3,0.2,0.001,15,0.028260583856276104,0.75,0.7619047619047619
group_cv,2,mlp,inner_tuning,1,3,0.2,0.001,16,0.050089354759880474,0.75,0.7619047619047619
group_cv,2,mlp,inner_tuning,1,3,0.2,0.001,17,0.02934600319713354,0.6804029304029303,0.6785714285714286
group_cv,2,mlp,inner_tuning,1,3,0.2,0.001,18,0.024540444037743976,0.6804029304029303,0.6785714285714286
group_cv,2,mlp,outer_fit,-1,-1,0.1,0.0001,1,1.0724171161651612,,
group_cv,2,mlp,outer_fit,-1,-1,0.1,0.0001,2,0.6791052699089051,,
group_cv,2,mlp,outer_fit,-1,-1,0.1,0.0001,3,0.4375265002250671,,
group_cv,2,mlp,outer_fit,-1,-1,0.1,0.0001,4,0.28973332345485686,,
group_cv,2,mlp,outer_fit,-1,-1,0.1,0.0001,5,0.2041693225502968,,
group_cv,2,mlp,outer_fit,-1,-1,0.1,0.0001,6,0.14730692505836487,,
group_cv,2,mlp,outer_fit,-1,-1,0.1,0.0001,7,0.09130542129278182,,
group_cv,2,mlp,outer_fit,-1,-1,0.1,0.0001,8,0.09788667149841786,,
group_cv,2,mlp,outer_fit,-1,-1,0.1,0.0001,9,0.06874171886593103,,
group_cv,3,mlp,inner_tuning,0,1,0.1,0.0001,1,1.1879903418677193,0.8041666666666667,0.8333333333333333
group_cv,3,mlp,inner_tuning,0,1,0.1,0.0001,2,0.8115130662918091,0.7916666666666666,0.7916666666666666
group_cv,3,mlp,inner_tuning,0,1,0.1,0.0001,3,0.5802071647984641,0.7916666666666666,0.7916666666666666
group_cv,3,mlp,inner_tuning,0,1,0.1,0.0001,4,0.4011992301259722,0.7867965367965368,0.7916666666666666
group_cv,3,mlp,inner_tuning,0,1,0.1,0.0001,5,0.31110574517931255,0.8647727272727272,0.875
group_cv,3,mlp,inner_tuning,0,1,0.1,0.0001,6,0.1975512174623353,0.8647727272727272,0.875
group_cv,3,mlp,inner_tuning,0,1,0.1,0.0001,7,0.15135648846626282,0.8647727272727272,0.875
group_cv,3,mlp,inner_tuning,0,1,0.1,0.0001,8,0.11558631435036659,0.7689393939393939,0.7916666666666666
group_cv,3,mlp,inner_tuning,0,1,0.1,0.0001,9,0.09025842270680837,0.8647727272727272,0.875
group_cv,3,mlp,inner_tuning,0,1,0.1,0.0001,10,0.058751767235142846,0.8647727272727272,0.875
group_cv,3,mlp,inner_tuning,0,1,0.1,0.0001,11,0.07808562953557287,0.8647727272727272,0.875
group_cv,3,mlp,inner_tuning,0,1,0.1,0.0001,12,0.05410640686750412,0.8647727272727272,0.875
group_cv,3,mlp,inner_tuning,0,1,0.1,0.0001,13,0.04323636607400009,0.8647727272727272,0.875
group_cv,3,mlp,inner_tuning,0,1,0.1,0.0001,14,0.043375056236982346,0.8647727272727272,0.875
group_cv,3,mlp,inner_tuning,0,1,0.1,0.0001,15,0.038860732822545936,0.8726190476190477,0.875
group_cv,3,mlp,inner_tuning,0,1,0.1,0.0001,16,0.02348815024431263,0.8647727272727272,0.875
group_cv,3,mlp,inner_tuning,0,1,0.1,0.0001,17,0.026497894765010903,0.8647727272727272,0.875
group_cv,3,mlp,inner_tuning,0,1,0.1,0.0001,18,0.015972808402563845,0.8647727272727272,0.875
group_cv,3,mlp,inner_tuning,0,1,0.1,0.0001,19,0.015191865220133747,0.8647727272727272,0.875
group_cv,3,mlp,inner_tuning,0,1,0.1,0.0001,20,0.020476505759039094,0.8647727272727272,0.875
group_cv,3,mlp,inner_tuning,0,1,0.1,0.0001,21,0.012170372929956232,0.8647727272727272,0.875
group_cv,3,mlp,inner_tuning,0,1,0.1,0.0001,22,0.009893951937556267,0.8647727272727272,0.875
group_cv,3,mlp,inner_tuning,0,1,0.1,0.0001,23,0.011613156646490097,0.8647727272727272,0.875
group_cv,3,mlp,inner_tuning,0,1,0.1,0.0001,24,0.008245273726060987,0.8647727272727272,0.875
group_cv,3,mlp,inner_tuning,0,1,0.1,0.0001,25,0.00863203133589455,0.7867965367965368,0.7916666666666666
group_cv,3,mlp,inner_tuning,0,1,0.1,0.0001,26,0.016515200442102338,0.8647727272727272,0.875
group_cv,3,mlp,inner_tuning,0,1,0.1,0.0001,27,0.03113673224912158,0.8647727272727272,0.875
group_cv,3,mlp,inner_tuning,0,1,0.1,0.0001,28,0.013491461186536722,0.7916666666666666,0.7916666666666666
group_cv,3,mlp,inner_tuning,0,1,0.1,0.0001,29,0.00714116302385394,0.8647727272727272,0.875
group_cv,3,mlp,inner_tuning,0,1,0.1,0.0001,30,0.011357097154749292,0.8647727272727272,0.875
group_cv,3,mlp,inner_tuning,0,2,0.1,0.0001,1,1.146042321409498,0.8336038961038961,0.8928571428571428
group_cv,3,mlp,inner_tuning,0,2,0.1,0.0001,2,0.7915209361485073,0.8125,0.8452380952380952
group_cv,3,mlp,inner_tuning,0,2,0.1,0.0001,3,0.5987186006137303,0.8682692307692308,0.8809523809523809
group_cv,3,mlp,inner_tuning,0,2,0.1,0.0001,4,0.4714557485921042,0.8682692307692308,0.8809523809523809
group_cv,3,mlp,inner_tuning,0,2,0.1,0.0001,5,0.31863549245255335,0.8682692307692308,0.8809523809523809
group_cv,3,mlp,inner_tuning,0,2,0.1,0.0001,6,0.24803177480186736,0.945054945054945,0.9642857142857143
group_cv,3,mlp,inner_tuning,0,2,0.1,0.0001,7,0.17197795425142562,0.945054945054945,0.9642857142857143
group_cv,3,mlp,inner_tuning,0,2,0.1,0.0001,8,0.22157127835920878,0.8785714285714287,0.8809523809523809
group_cv,3,mlp,inner_tuning,0,2,0.1,0.0001,9,0.15162821007626398,0.8785714285714287,0.8809523809523809
group_cv,3,mlp,inner_tuning,0,2,0.1,0.0001,10,0.09076562736715589,0.8785714285714287,0.8809523809523809
group_cv,3,mlp,inner_tuning,0,2,0.1,0.0001,11,0.10416752605565957,0.8785714285714287,0.8809523809523809
group_cv,3,mlp,inner_tuning,0,2,0.1,0.0001,12,0.0811001578611987,0.8785714285714287,0.8809523809523809
group_cv,3,mlp,inner_tuning,0,2,0.1,0.0001,13,0.07291466443400298,0.8785714285714287,0.8809523809523809
group_cv,3,mlp,inner_tuning,0,2,0.1,0.0001,14,0.06112569038357053,0.8785714285714287,0.8809523809523809
group_cv,3,mlp,inner_tuning,0,2,0.1,0.0001,15,0.04039697854646614,0.8785714285714287,0.8809523809523809
group_cv,3,mlp,inner_tuning,0,2,0.1,0.0001,16,0.05318885765570615,0.945054945054945,0.9642857142857143
group_cv,3,mlp,inner_tuning,0,2,0.1,0.0001,17,0.032519839970128875,0.945054945054945,0.9642857142857143
group_cv,3,mlp,inner_tuning,0,2,0.1,0.0001,18,0.029279206014637436,0.945054945054945,0.9642857142857143
group_cv,3,mlp,inner_tuning,0,2,0.1,0.0001,19,0.036951792459668856,0.945054945054945,0.9642857142857143
group_cv,3,mlp,inner_tuning,0,2,0.1,0.0001,20,0.016500088070253178,0.945054945054945,0.9642857142857143
group_cv,3,mlp,inner_tuning,0,2,0.1,0.0001,21,0.01622046822948115,0.945054945054945,0.9642857142857143
group_cv,3,mlp,inner_tuning,0,3,0.1,0.0001,1,1.0992916652134486,0.5684523809523809,0.8055555555555555
group_cv,3,mlp,inner_tuning,0,3,0.1,0.0001,2,0.6767908164433071,0.6142857142857143,0.8472222222222222
group_cv,3,mlp,inner_tuning,0,3,0.1,0.0001,3,0.4854323821408408,0.6142857142857143,0.8472222222222222
group_cv,3,mlp,inner_tuning,0,3,0.1,0.0001,4,0.37499575316905975,0.6208333333333333,0.8472222222222222
group_cv,3,mlp,inner_tuning,0,3,0.1,0.0001,5,0.3306523859500885,0.6142857142857143,0.8472222222222222
group_cv,3,mlp,inner_tuning,0,3,0.1,0.0001,6,0.21910885189260756,0.6976190476190476,0.9583333333333334
group_cv,3,mlp,inner_tuning,0,3,0.1,0.0001,7,0.15887044157300675,0.6976190476190476,0.9583333333333334
group_cv,3,mlp,inner_tuning,0,3,0.1,0.0001,8,0.171175340456622,0.6976190476190476,0.9583333333333334
group_cv,3,mlp,inner_tuning,0,3,0.1,0.0001,9,0.11070745358509677,0.6976190476190476,0.9583333333333334
group_cv,3,mlp,inner_tuning,0,3,0.1,0.0001,10,0.10898496104138237,0.6976190476190476,0.9583333333333334
group_cv,3,mlp,inner_tuning,0,3,0.1,0.0001,11,0.07939441981060165,0.6976190476190476,0.9583333333333334
group_cv,3,mlp,inner_tuning,0,3,0.1,0.0001,12,0.09577539988926478,0.6976190476190476,0.9583333333333334
group_cv,3,mlp,inner_tuning,0,3,0.1,0.0001,13,0.04350851862026112,0.6976190476190476,0.9583333333333334
group_cv,3,mlp,inner_tuning,0,3,0.1,0.0001,14,0.08989090046712331,0.6976190476190476,0.9583333333333334
group_cv,3,mlp,inner_tuning,0,3,0.1,0.0001,15,0.07750693522393703,0.6976190476190476,0.9583333333333334
group_cv,3,mlp,inner_tuning,0,3,0.1,0.0001,16,0.08216865759875093,0.6976190476190476,0.9583333333333334
group_cv,3,mlp,inner_tuning,0,3,0.1,0.0001,17,0.0758006184228829,0.6976190476190476,0.9583333333333334
group_cv,3,mlp,inner_tuning,0,3,0.1,0.0001,18,0.046410822708691866,0.6976190476190476,0.9583333333333334
group_cv,3,mlp,inner_tuning,0,3,0.1,0.0001,19,0.04342847689986229,0.6976190476190476,0.9583333333333334
group_cv,3,mlp,inner_tuning,0,3,0.1,0.0001,20,0.041882378714425225,0.6976190476190476,0.9583333333333334
group_cv,3,mlp,inner_tuning,0,3,0.1,0.0001,21,0.02502069349533745,0.6976190476190476,0.9583333333333334
group_cv,3,mlp,inner_tuning,1,1,0.2,0.001,1,1.139378113406045,0.8154761904761905,0.8660714285714286
group_cv,3,mlp,inner_tuning,1,1,0.2,0.001,2,0.8489621026175362,0.8617216117216118,0.9017857142857143
group_cv,3,mlp,inner_tuning,1,1,0.2,0.001,3,0.62062349489757,0.8617216117216118,0.9017857142857143
group_cv,3,mlp,inner_tuning,1,1,0.2,0.001,4,0.45619578872408184,0.9307692307692308,0.9642857142857143
group_cv,3,mlp,inner_tuning,1,1,0.2,0.001,5,0.365941767181669,0.9307692307692308,0.9642857142857143
group_cv,3,mlp,inner_tuning,1,1,0.2,0.001,6,0.26878073598657337,0.9307692307692308,0.9642857142857143
group_cv,3,mlp,inner_tuning,1,1,0.2,0.001,7,0.19084713927337102,0.9307692307692308,0.9642857142857143
group_cv,3,mlp,inner_tuning,1,1,0.2,0.001,8,0.15332746718611037,0.9307692307692308,0.9642857142857143
group_cv,3,mlp,inner_tuning,1,1,0.2,0.001,9,0.13468041058097566,0.9307692307692308,0.9642857142857143
group_cv,3,mlp,inner_tuning,1,1,0.2,0.001,10,0.10895360527294022,0.9307692307692308,0.9642857142857143
group_cv,3,mlp,inner_tuning,1,1,0.2,0.001,11,0.11664891562291554,0.9307692307692308,0.9642857142857143
group_cv,3,mlp,inner_tuning,1,1,0.2,0.001,12,0.08284763885395867,0.9307692307692308,0.9642857142857143
group_cv,3,mlp,inner_tuning,1,1,0.2,0.001,13,0.0654311685689858,0.9307692307692308,0.9642857142857143
group_cv,3,mlp,inner_tuning,1,1,0.2,0.001,14,0.08050114182489258,0.9307692307692308,0.9642857142857143
group_cv,3,mlp,inner_tuning,1,1,0.2,0.001,15,0.057235184258648326,0.9307692307692308,0.9642857142857143
group_cv,3,mlp,inner_tuning,1,1,0.2,0.001,16,0.04473718601678099,0.9307692307692308,0.9642857142857143
group_cv,3,mlp,inner_tuning,1,1,0.2,0.001,17,0.051262594759464264,0.9307692307692308,0.9642857142857143
group_cv,3,mlp,inner_tuning,1,1,0.2,0.001,18,0.03192594720582877,0.9307692307692308,0.9642857142857143
group_cv,3,mlp,inner_tuning,1,1,0.2,0.001,19,0.02880668267607689,0.9307692307692308,0.9642857142857143
group_cv,3,mlp,inner_tuning,1,2,0.2,0.001,1,1.1705321754728044,0.6642857142857143,0.7142857142857143
group_cv,3,mlp,inner_tuning,1,2,0.2,0.001,2,0.8145420210702079,0.6625874125874126,0.7142857142857143
group_cv,3,mlp,inner_tuning,1,2,0.2,0.001,3,0.62472950560706,0.8474358974358975,0.8392857142857143
group_cv,3,mlp,inner_tuning,1,2,0.2,0.001,4,0.41186795064381193,0.7724358974358974,0.7767857142857143
group_cv,3,mlp,inner_tuning,1,2,0.2,0.001,5,0.3071170449256897,0.7724358974358974,0.7767857142857143
group_cv,3,mlp,inner_tuning,1,2,0.2,0.001,6,0.22522559336253575,0.7724358974358974,0.7767857142857143
group_cv,3,mlp,inner_tuning,1,2,0.2,0.001,7,0.16865300706454686,0.7724358974358974,0.7767857142857143
group_cv,3,mlp,inner_tuning,1,2,0.2,0.001,8,0.17033705008881433,0.8474358974358975,0.8392857142857143
group_cv,3,mlp,inner_tuning,1,2,0.2,0.001,9,0.17174193475927627,0.8474358974358975,0.8392857142857143
group_cv,3,mlp,inner_tuning,1,2,0.2,0.001,10,0.09127381071448326,0.8474358974358975,0.8392857142857143
group_cv,3,mlp,inner_tuning,1,2,0.2,0.001,11,0.0909479239157268,0.8474358974358975,0.8392857142857143
group_cv,3,mlp,inner_tuning,1,2,0.2,0.001,12,0.06269976017730576,0.8474358974358975,0.8392857142857143
group_cv,3,mlp,inner_tuning,1,2,0.2,0.001,13,0.050833946892193387,0.8474358974358975,0.8392857142857143
group_cv,3,mlp,inner_tuning,1,2,0.2,0.001,14,0.06460031494498253,0.8474358974358975,0.8392857142857143
group_cv,3,mlp,inner_tuning,1,2,0.2,0.001,15,0.04737109690904617,0.8474358974358975,0.8392857142857143
group_cv,3,mlp,inner_tuning,1,2,0.2,0.001,16,0.04074958232896669,0.8474358974358975,0.8392857142857143
group_cv,3,mlp,inner_tuning,1,2,0.2,0.001,17,0.02755426642085825,0.8474358974358975,0.8392857142857143
group_cv,3,mlp,inner_tuning,1,2,0.2,0.001,18,0.03321602471571948,0.8474358974358975,0.8392857142857143
group_cv,3,mlp,inner_tuning,1,3,0.2,0.001,1,1.1704298158486683,0.7291666666666666,0.7142857142857143
group_cv,3,mlp,inner_tuning,1,3,0.2,0.001,2,0.8931311070919037,0.7166666666666666,0.7142857142857143
group_cv,3,mlp,inner_tuning,1,3,0.2,0.001,3,0.6704760392506918,0.8617216117216118,0.8809523809523809
group_cv,3,mlp,inner_tuning,1,3,0.2,0.001,4,0.5243741075197855,0.8617216117216118,0.8809523809523809
group_cv,3,mlp,inner_tuning,1,3,0.2,0.001,5,0.36388250192006427,0.945054945054945,0.9642857142857143
group_cv,3,mlp,inner_tuning,1,3,0.2,0.001,6,0.3084586386879285,0.945054945054945,0.9642857142857143
group_cv,3,mlp,inner_tuning,1,3,0.2,0.001,7,0.25385038803021115,0.945054945054945,0.9642857142857143
group_cv,3,mlp,inner_tuning,1,3,0.2,0.001,8,0.18882524222135544,0.945054945054945,0.9642857142857143
group_cv,3,mlp,inner_tuning,1,3,0.2,0.001,9,0.1691392126182715,0.8682692307692308,0.8809523809523809
group_cv,3,mlp,inner_tuning,1,3,0.2,0.001,10,0.12337626765171687,0.945054945054945,0.9642857142857143
group_cv,3,mlp,inner_tuning,1,3,0.2,0.001,11,0.15430715680122375,0.945054945054945,0.9642857142857143
group_cv,3,mlp,inner_tuning,1,3,0.2,0.001,12,0.14004920919736227,0.945054945054945,0.9642857142857143
group_cv,3,mlp,inner_tuning,1,3,0.2,0.001,13,0.10103307850658894,0.945054945054945,0.9642857142857143
group_cv,3,mlp,inner_tuning,1,3,0.2,0.001,14,0.11771260201931,0.945054945054945,0.9642857142857143
group_cv,3,mlp,inner_tuning,1,3,0.2,0.001,15,0.0994977317750454,0.945054945054945,0.9642857142857143
group_cv,3,mlp,inner_tuning,1,3,0.2,0.001,16,0.09013521050413449,0.945054945054945,0.9642857142857143
group_cv,3,mlp,inner_tuning,1,3,0.2,0.001,17,0.07841281220316887,0.945054945054945,0.9642857142857143
group_cv,3,mlp,inner_tuning,1,3,0.2,0.001,18,0.06726439980169137,0.945054945054945,0.9642857142857143
group_cv,3,mlp,inner_tuning,1,3,0.2,0.001,19,0.06346980916957061,0.945054945054945,0.9642857142857143
group_cv,3,mlp,inner_tuning,1,3,0.2,0.001,20,0.05725665049006542,0.945054945054945,0.9642857142857143
group_cv,3,mlp,outer_fit,-1,-1,0.2,0.001,1,1.0557048678398133,,
group_cv,3,mlp,outer_fit,-1,-1,0.2,0.001,2,0.680283910036087,,
group_cv,3,mlp,outer_fit,-1,-1,0.2,0.001,3,0.4194845110177994,,
group_cv,3,mlp,outer_fit,-1,-1,0.2,0.001,4,0.2742582350969315,,
group_cv,4,mlp,inner_tuning,0,1,0.1,0.0001,1,1.1085450734410967,1.0,1.0
group_cv,4,mlp,inner_tuning,0,1,0.1,0.0001,2,0.7472794311387199,0.9307692307692308,0.9166666666666666
group_cv,4,mlp,inner_tuning,0,1,0.1,0.0001,3,0.529329776763916,0.9307692307692308,0.9166666666666666
group_cv,4,mlp,inner_tuning,0,1,0.1,0.0001,4,0.35300423204898834,0.9307692307692308,0.9166666666666666
group_cv,4,mlp,inner_tuning,0,1,0.1,0.0001,5,0.2445824933903558,0.9307692307692308,0.9166666666666666
group_cv,4,mlp,inner_tuning,0,1,0.1,0.0001,6,0.19343383823122298,0.8642857142857143,0.8333333333333333
group_cv,4,mlp,inner_tuning,0,1,0.1,0.0001,7,0.12807659379073552,0.8642857142857143,0.8333333333333333
group_cv,4,mlp,inner_tuning,0,1,0.1,0.0001,8,0.07809835193412644,0.9307692307692308,0.9166666666666666
group_cv,4,mlp,inner_tuning,0,1,0.1,0.0001,9,0.05369489586779049,0.8642857142857143,0.8333333333333333
group_cv,4,mlp,inner_tuning,0,1,0.1,0.0001,10,0.03581828437745571,0.8642857142857143,0.8333333333333333
group_cv,4,mlp,inner_tuning,0,1,0.1,0.0001,11,0.030549860426357815,0.8642857142857143,0.8333333333333333
group_cv,4,mlp,inner_tuning,0,1,0.1,0.0001,12,0.02411458468330758,0.8642857142857143,0.8333333333333333
group_cv,4,mlp,inner_tuning,0,1,0.1,0.0001,13,0.017755658365786076,0.8642857142857143,0.8333333333333333
group_cv,4,mlp,inner_tuning,0,1,0.1,0.0001,14,0.012625180184841156,0.8642857142857143,0.8333333333333333
group_cv,4,mlp,inner_tuning,0,1,0.1,0.0001,15,0.011014715568827731,0.9307692307692308,0.9166666666666666
group_cv,4,mlp,inner_tuning,0,1,0.1,0.0001,16,0.009861520491540432,0.9307692307692308,0.9166666666666666
group_cv,4,mlp,inner_tuning,0,2,0.1,0.0001,1,1.1219988891056605,0.4875,0.6944444444444443
group_cv,4,mlp,inner_tuning,0,2,0.1,0.0001,2,0.7655531423432487,0.6142857142857143,0.8472222222222222
group_cv,4,mlp,inner_tuning,0,2,0.1,0.0001,3,0.5428228293146405,0.6428571428571428,0.9166666666666666
group_cv,4,mlp,inner_tuning,0,2,0.1,0.0001,4,0.3563217180115836,0.6428571428571428,0.9166666666666666
group_cv,4,mlp,inner_tuning,0,2,0.1,0.0001,5,0.28626190764563425,0.6976190476190476,0.9583333333333334
group_cv,4,mlp,inner_tuning,0,2,0.1,0.0001,6,0.1567990237048694,0.6428571428571428,0.9166666666666666
group_cv,4,mlp,inner_tuning,0,2,0.1,0.0001,7,0.1567743303520339,0.6976190476190476,0.9583333333333334
group_cv,4,mlp,inner_tuning,0,2,0.1,0.0001,8,0.0923765269773347,0.6642857142857143,0.8888888888888888
group_cv,4,mlp,inner_tuning,0,2,0.1,0.0001,9,0.10799006798437663,0.6208333333333333,0.8472222222222222
group_cv,4,mlp,inner_tuning,0,2,0.1,0.0001,10,0.07321619029556002,0.75,1.0
group_cv,4,mlp,inner_tuning,0,2,0.1,0.0001,11,0.08377931639552116,0.75,1.0
group_cv,4,mlp,inner_tuning,0,2,0.1,0.0001,12,0.04704531069312777,0.6642857142857143,0.8888888888888888
group_cv,4,mlp,inner_tuning,0,2,0.1,0.0001,13,0.03709446505776474,0.6642857142857143,0.8888888888888888
group_cv,4,mlp,inner_tuning,0,2,0.1,0.0001,14,0.0244781014376453,0.75,1.0
group_cv,4,mlp,inner_tuning,0,2,0.1,0.0001,15,0.02278714839901243,0.75,1.0
group_cv,4,mlp,inner_tuning,0,2,0.1,0.0001,16,0.01826955338141748,0.6642857142857143,0.8888888888888888
group_cv,4,mlp,inner_tuning,0,2,0.1,0.0001,17,0.01744772946195943,0.6642857142857143,0.8888888888888888
group_cv,4,mlp,inner_tuning,0,2,0.1,0.0001,18,0.009923395966844899,0.6642857142857143,0.8888888888888888
group_cv,4,mlp,inner_tuning,0,2,0.1,0.0001,19,0.010791921888345055,0.75,1.0
group_cv,4,mlp,inner_tuning,0,2,0.1,0.0001,20,0.013561384885438852,0.75,1.0
group_cv,4,mlp,inner_tuning,0,2,0.1,0.0001,21,0.007190376985818148,0.75,1.0
group_cv,4,mlp,inner_tuning,0,2,0.1,0.0001,22,0.008666182302736811,0.75,1.0
group_cv,4,mlp,inner_tuning,0,2,0.1,0.0001,23,0.008758640116346734,0.75,1.0
group_cv,4,mlp,inner_tuning,0,2,0.1,0.0001,24,0.006781741311507565,0.75,1.0
group_cv,4,mlp,inner_tuning,0,2,0.1,0.0001,25,0.009077679698488541,0.75,1.0
group_cv,4,mlp,inner_tuning,0,3,0.1,0.0001,1,1.1322018333843775,0.7428571428571429,0.7619047619047619
group_cv,4,mlp,inner_tuning,0,3,0.1,0.0001,2,0.6982871719769069,0.7410714285714286,0.7619047619047619
group_cv,4,mlp,inner_tuning,0,3,0.1,0.0001,3,0.5087444697107587,0.7428571428571429,0.7619047619047619
group_cv,4,mlp,inner_tuning,0,3,0.1,0.0001,4,0.36984169696058544,0.886904761904762,0.9285714285714286
group_cv,4,mlp,inner_tuning,0,3,0.1,0.0001,5,0.2464447638818196,0.886904761904762,0.9285714285714286
group_cv,4,mlp,inner_tuning,0,3,0.1,0.0001,6,0.1650232012782778,0.886904761904762,0.9285714285714286
group_cv,4,mlp,inner_tuning,0,3,0.1,0.0001,7,0.11479259069476809,0.8125,0.8452380952380952
group_cv,4,mlp,inner_tuning,0,3,0.1,0.0001,8,0.11419968732765742,0.886904761904762,0.9285714285714286
group_cv,4,mlp,inner_tuning,0,3,0.1,0.0001,9,0.08621729404798575,0.8809523809523809,0.8809523809523809
group_cv,4,mlp,inner_tuning,0,3,0.1,0.0001,10,0.059682611376047134,0.8232600732600732,0.8452380952380952
group_cv,4,mlp,inner_tuning,0,3,0.1,0.0001,11,0.04217701724597386,0.8232600732600732,0.8452380952380952
group_cv,4,mlp,inner_tuning,0,3,0.1,0.0001,12,0.03312321885355881,0.8809523809523809,0.8809523809523809
group_cv,4,mlp,inner_tuning,0,3,0.1,0.0001,13,0.02412511607898133,0.8809523809523809,0.8809523809523809
group_cv,4,mlp,inner_tuning,0,3,0.1,0.0001,14,0.014273766627801316,0.8809523809523809,0.8809523809523809
group_cv,4,mlp,inner_tuning,0,3,0.1,0.0001,15,0.013886202259787492,0.8809523809523809,0.8809523809523809
group_cv,4,mlp,inner_tuning,0,3,0.1,0.0001,16,0.014344505433525358,0.8809523809523809,0.8809523809523809
group_cv,4,mlp,inner_tuning,0,3,0.1,0.0001,17,0.009351354225405626,0.8809523809523809,0.8809523809523809
group_cv,4,mlp,inner_tuning,0,3,0.1,0.0001,18,0.013469323781984193,0.7916666666666666,0.8095238095238095
group_cv,4,mlp,inner_tuning,0,3,0.1,0.0001,19,0.0064013146329671144,0.7916666666666666,0.8095238095238095
group_cv,4,mlp,inner_tuning,1,1,0.2,0.001,1,1.1462417585509164,0.7867965367965368,0.7916666666666666
group_cv,4,mlp,inner_tuning,1,1,0.2,0.001,2,0.7431402376719883,0.7916666666666666,0.7916666666666666
group_cv,4,mlp,inner_tuning,1,1,0.2,0.001,3,0.5903555835996356,0.7867965367965368,0.7916666666666666
group_cv,4,mlp,inner_tuning,1,1,0.2,0.001,4,0.4587186021464212,0.8582251082251082,0.875
group_cv,4,mlp,inner_tuning,1,1,0.2,0.001,5,0.3076874592474529,0.9415584415584416,0.9583333333333334
group_cv,4,mlp,inner_tuning,1,1,0.2,0.001,6,0.2586630859545299,0.9415584415584416,0.9583333333333334
group_cv,4,mlp,inner_tuning,1,1,0.2,0.001,7,0.16007380506822041,0.8647727272727272,0.875
group_cv,4,mlp,inner_tuning,1,1,0.2,0.001,8,0.13171059212514333,0.9415584415584416,0.9583333333333334
group_cv,4,mlp,inner_tuning,1,1,0.2,0.001,9,0.08401696383953094,0.9307692307692308,0.9166666666666666
group_cv,4,mlp,inner_tuning,1,1,0.2,0.001,10,0.062289670508887084,0.9307692307692308,0.9166666666666666
group_cv,4,mlp,inner_tuning,1,1,0.2,0.001,11,0.046845890315515656,1.0,1.0
group_cv,4,mlp,inner_tuning,1,1,0.2,0.001,12,0.03956999150770051,0.9142857142857144,0.9166666666666666
group_cv,4,mlp,inner_tuning,1,1,0.2,0.001,13,0.03377240403954472,0.8474358974358975,0.8333333333333333
group_cv,4,mlp,inner_tuning,1,1,0.2,0.001,14,0.02632106507995299,1.0,1.0
group_cv,4,mlp,inner_tuning,1,1,0.2,0.001,15,0.022615252062678337,0.9307692307692308,0.9166666666666666
group_cv,4,mlp,inner_tuning,1,1,0.2,0.001,16,0.016184279761676277,0.9307692307692308,0.9166666666666666
group_cv,4,mlp,inner_tuning,1,1,0.2,0.001,17,0.013577589499098914,0.9307692307692308,0.9166666666666666
group_cv,4,mlp,inner_tuning,1,1,0.2,0.001,18,0.013937293418816157,0.9307692307692308,0.9166666666666666
group_cv,4,mlp,inner_tuning,1,1,0.2,0.001,19,0.011796890358839716,0.8642857142857143,0.8333333333333333
group_cv,4,mlp,inner_tuning,1,1,0.2,0.001,20,0.012254034701202596,0.9307692307692308,0.9166666666666666
group_cv,4,mlp,inner_tuning,1,1,0.2,0.001,21,0.005617035885474512,0.9307692307692308,0.9166666666666666
group_cv,4,mlp,inner_tuning,1,1,0.2,0.001,22,0.011480460874736309,0.9307692307692308,0.9166666666666666
group_cv,4,mlp,inner_tuning,1,1,0.2,0.001,23,0.00912982049132032,0.9307692307692308,0.9166666666666666
group_cv,4,mlp,inner_tuning,1,1,0.2,0.001,24,0.005548119046060103,0.9307692307692308,0.9166666666666666
group_cv,4,mlp,inner_tuning,1,1,0.2,0.001,25,0.007376443494909576,0.9307692307692308,0.9166666666666666
group_cv,4,mlp,inner_tuning,1,1,0.2,0.001,26,0.004591883409635297,0.9307692307692308,0.9166666666666666
group_cv,4,mlp,inner_tuning,1,2,0.2,0.001,1,1.197420367172786,0.586111111111111,0.6547619047619047
group_cv,4,mlp,inner_tuning,1,2,0.2,0.001,2,0.8303601997239249,0.725,0.7619047619047619
group_cv,4,mlp,inner_tuning,1,2,0.2,0.001,3,0.7160284689494542,0.7892857142857144,0.7976190476190476
group_cv,4,mlp,inner_tuning,1,2,0.2,0.001,4,0.49201528089387075,0.8785714285714287,0.8809523809523809
group_cv,4,mlp,inner_tuning,1,2,0.2,0.001,5,0.41687533259391785,0.8785714285714287,0.8809523809523809
group_cv,4,mlp,inner_tuning,1,2,0.2,0.001,6,0.3078961308513369,0.8785714285714287,0.8809523809523809
group_cv,4,mlp,inner_tuning,1,2,0.2,0.001,7,0.259156553872994,0.945054945054945,0.9642857142857143
group_cv,4,mlp,inner_tuning,1,2,0.2,0.001,8,0.17039387566702707,0.945054945054945,0.9642857142857143
group_cv,4,mlp,inner_tuning,1,2,0.2,0.001,9,0.12786174179720028,0.945054945054945,0.9642857142857143
group_cv,4,mlp,inner_tuning,1,2,0.2,0.001,10,0.13829251378774643,0.8785714285714287,0.8809523809523809
group_cv,4,mlp,inner_tuning,1,2,0.2,0.001,11,0.10813358266438756,0.8226190476190476,0.8333333333333333
group_cv,4,mlp,inner_tuning,1,2,0.2,0.001,12,0.16097693571022578,1.0,1.0
group_cv,4,mlp,inner_tuning,1,2,0.2,0.001,13,0.0847322264952319,0.9333333333333333,0.9166666666666666
group_cv,4,mlp,inner_tuning,1,2,0.2,0.001,14,0.0653464739610042,0.9333333333333333,0.9166666666666666
group_cv,4,mlp,inner_tuning,1,2,0.2,0.001,15,0.07326359355023929,0.9333333333333333,0.9166666666666666
group_cv,4,mlp,inner_tuning,1,2,0.2,0.001,16,0.04430946787553174,0.9333333333333333,0.9166666666666666
group_cv,4,mlp,inner_tuning,1,2,0.2,0.001,17,0.042596708450998576,0.9333333333333333,0.9166666666666666
group_cv,4,mlp,inner_tuning,1,2,0.2,0.001,18,0.02443872325654541,0.8226190476190476,0.8333333333333333
group_cv,4,mlp,inner_tuning,1,2,0.2,0.001,19,0.0355772449235831,0.8226190476190476,0.8333333333333333
group_cv,4,mlp,inner_tuning,1,2,0.2,0.001,20,0.027822650569890226,0.9333333333333333,0.9166666666666666
group_cv,4,mlp,inner_tuning,1,2,0.2,0.001,21,0.03704407984124763,0.9333333333333333,0.9166666666666666
group_cv,4,mlp,inner_tuning,1,2,0.2,0.001,22,0.019766017395470823,0.9333333333333333,0.9166666666666666
group_cv,4,mlp,inner_tuning,1,2,0.2,0.001,23,0.02408080248694335,0.8226190476190476,0.8333333333333333
group_cv,4,mlp,inner_tuning,1,2,0.2,0.001,24,0.01272797311789223,0.9142857142857144,0.9166666666666666
group_cv,4,mlp,inner_tuning,1,2,0.2,0.001,25,0.025345941739422933,1.0,1.0
group_cv,4,mlp,inner_tuning,1,2,0.2,0.001,26,0.0171098394535615,0.945054945054945,0.9642857142857143
group_cv,4,mlp,inner_tuning,1,2,0.2,0.001,27,0.0143758642620274,0.945054945054945,0.9642857142857143
group_cv,4,mlp,inner_tuning,1,3,0.2,0.001,1,1.1899971621377128,0.5714285714285714,0.8055555555555555
group_cv,4,mlp,inner_tuning,1,3,0.2,0.001,2,0.8113166689872742,0.6019607843137256,0.7777777777777777
group_cv,4,mlp,inner_tuning,1,3,0.2,0.001,3,0.6005946866103581,0.5833333333333333,0.7777777777777777
group_cv,4,mlp,inner_tuning,1,3,0.2,0.001,4,0.40976261666842867,0.6019607843137256,0.7777777777777777
group_cv,4,mlp,inner_tuning,1,3,0.2,0.001,5,0.2903827428817749,0.5833333333333333,0.7777777777777777
group_cv,4,mlp,inner_tuning,1,3,0.2,0.001,6,0.22667209804058075,0.6642857142857143,0.8888888888888888
group_cv,4,mlp,inner_tuning,1,3,0.2,0.001,7,0.1550987075482096,0.6642857142857143,0.8888888888888888
group_cv,4,mlp,inner_tuning,1,3,0.2,0.001,8,0.10693586724145072,0.6642857142857143,0.8888888888888888
group_cv,4,mlp,inner_tuning,1,3,0.2,0.001,9,0.09798748205815043,0.6852941176470588,0.8888888888888888
group_cv,4,mlp,inner_tuning,1,3,0.2,0.001,10,0.05596825959427016,0.6852941176470588,0.8888888888888888
group_cv,4,mlp,inner_tuning,1,3,0.2,0.001,11,0.0632519434605326,0.6852941176470588,0.8888888888888888
group_cv,4,mlp,inner_tuning,1,3,0.2,0.001,12,0.038139915093779564,0.6852941176470588,0.8888888888888888
group_cv,4,mlp,inner_tuning,1,3,0.2,0.001,13,0.043204961344599724,0.6852941176470588,0.8888888888888888
group_cv,4,mlp,inner_tuning,1,3,0.2,0.001,14,0.030512748419174125,0.6852941176470588,0.8888888888888888
group_cv,4,mlp,inner_tuning,1,3,0.2,0.001,15,0.024891048137630736,0.6852941176470588,0.8888888888888888
group_cv,4,mlp,inner_tuning,1,3,0.2,0.001,16,0.015226057531046016,0.6354166666666666,0.8472222222222222
group_cv,4,mlp,inner_tuning,1,3,0.2,0.001,17,0.012507601508072444,0.6354166666666666,0.8472222222222222
group_cv,4,mlp,inner_tuning,1,3,0.2,0.001,18,0.01330181271103876,0.6354166666666666,0.8472222222222222
group_cv,4,mlp,inner_tuning,1,3,0.2,0.001,19,0.007919410642768656,0.6354166666666666,0.8472222222222222
group_cv,4,mlp,inner_tuning,1,3,0.2,0.001,20,0.009969535017652171,0.6354166666666666,0.8472222222222222
group_cv,4,mlp,inner_tuning,1,3,0.2,0.001,21,0.01112043671309948,0.6354166666666666,0.8472222222222222
group_cv,4,mlp,inner_tuning,1,3,0.2,0.001,22,0.007877435801284654,0.6354166666666666,0.8472222222222222
group_cv,4,mlp,inner_tuning,1,3,0.2,0.001,23,0.010709341116515654,0.6354166666666666,0.8472222222222222
group_cv,4,mlp,inner_tuning,1,3,0.2,0.001,24,0.006038243416696787,0.6354166666666666,0.8472222222222222
group_cv,4,mlp,outer_fit,-1,-1,0.2,0.001,1,1.0882344722747803,,
group_cv,4,mlp,outer_fit,-1,-1,0.2,0.001,2,0.6810489118099212,,
group_cv,4,mlp,outer_fit,-1,-1,0.2,0.001,3,0.47007006108760835,,
group_cv,4,mlp,outer_fit,-1,-1,0.2,0.001,4,0.2595566973090172,,
group_cv,4,mlp,outer_fit,-1,-1,0.2,0.001,5,0.1929415598511696,,
group_cv,4,mlp,outer_fit,-1,-1,0.2,0.001,6,0.12113505341112614,,
group_cv,4,mlp,outer_fit,-1,-1,0.2,0.001,7,0.10225485265254974,,
group_cv,4,mlp,outer_fit,-1,-1,0.2,0.001,8,0.08189822882413864,,
group_cv,4,mlp,outer_fit,-1,-1,0.2,0.001,9,0.055055859871208666,,
group_cv,4,mlp,outer_fit,-1,-1,0.2,0.001,10,0.047968294098973276,,
group_cv,4,mlp,outer_fit,-1,-1,0.2,0.001,11,0.028084318852052093,,
