file_id,file_path,window_id,label,branch,rpm,amp_rms,amp_std,amp_peak,amp_ptp,amp_absmean,amp_energy,shape_skew,shape_kurtosis,shape_crest,shape_impulse,zcr,psd_centroid,psd_bandwidth,psd_entropy,psd_peak_ratio,env_rms,env_kurtosis,env_entropy,env_peak_ratio,acf_first_peak_s,acf_strength,psd_0_500,env_0_500,psd_500_1000,env_500_1000,psd_1000_2000,env_1000_2000,psd_2000_4000,env_2000_4000,psd_4000_8000,env_4000_8000,order_dominant,order_entropy,order_0.5_2,order_2_4,order_4_8,order_8_16,order_16_32
B007_0,数据集/数据集/源域数据集/48kHz_DE_data/B/0007/B007_0.mat,0,B,48k_DE,1796.0,0.1459367403575062,0.1459367403575062,0.565586163249108,1.0918163803435101,0.11601046136590554,0.02129753218617418,-0.012755514079107773,3.0769963432406207,3.868770423748862,4.866968880960566,0.18586339498260393,2871.8977589574474,735.8377742631459,0.6363769469230418,0.03558573250402586,1.4423572241713027,3.261322238212681,0.6633505566913064,0.04330086215447646,0.0003125,0.8354113554884797,0.020735768311752917,0.6056593053936382,0.028110375924529248,0.19442365988434218,0.03797999026997757,0.09790063157857294,0.898882255922729,0.09540262949389905,0.012345607868249165,0.006201152999897502,3.6539532293986636,0.6633505566913064,0.07595822792258712,0.12117306829951817,0.17674897050884425,0.21888516392440446,0.19690384126349275
B007_0,数据集/数据集/源域数据集/48kHz_DE_data/B/0007/B007_0.mat,1,B,48k_DE,1796.0,0.14837766596116198,0.14837766596116198,0.534759380222577,1.0502955000295224,0.1178635095850751,0.02201593175608216,-0.04019095737315527,3.0560210511020265,3.615717387215694,4.552437051289161,0.18604651162790697,2886.0473083096927,720.0724441096238,0.6376889801414559,0.037423200094206695,1.437335583916962,3.136838204843847,0.6605390606835262,0.041596689085194004,0.0003125,0.8359690866442577,0.018045733456193442,0.6041396483245189,0.028267940332714275,0.20613430101991492,0.03729338785709085,0.08878411871692134,0.9029048413910189,0.09476305919608,0.01169809430672729,0.005823025819587933,1.56597995545657,0.6605390606835262,0.09882982768681253,0.10928668853565587,0.1859869028900394,0.19459665905909926,0.2117072052593945
B007_0,数据集/数据集/源域数据集/48kHz_DE_data/B/0007/B007_0.mat,2,B,48k_DE,1796.0,0.14842574196379896,0.14842574196379896,0.55465968306491,1.1016497807803178,0.11772701647966827,0.02203020087750423,-0.03592818959425469,3.0960901071678206,3.743737535072233,4.720176391634433,0.18555820057376549,2890.5279991021685,731.2922207579817,0.6356844967424697,0.04150377507769121,1.4385682653467984,3.2426246566203756,0.656636779860811,0.04197462648113422,0.0003125,0.8350828833817074,0.01787435910833668,0.6251501507278878,0.03139457502567361,0.19000838905767303,0.03669991985014179,0.0833978226606069,0.9007780129309922,0.09506449609430598,0.011438795076587377,0.006021282911029763,1.56597995545657,0.656636779860811,0.10531452559740476,0.1087266668267093,0.20721663855732797,0.18369859643227587,0.20214785888741882
B007_0,数据集/数据集/源域数据集/48kHz_DE_data/B/0007/B007_0.mat,3,B,48k_DE,1796.0,0.1452594405164755,0.1452594405164755,0.6205688537356399,1.1747650044230888,0.1147058486873167,0.021100305059159483,-0.03811685337785531,3.202990426996816,4.268557839087608,5.405631479658409,0.18488677287432095,2876.2829364322847,746.7182141918637,0.6330997939069098,0.04422046365674609,1.4549043697370017,3.4609856578268143,0.659811094409073,0.04667241950823146,0.0003125,0.8352899776284717,0.019318218144182043,0.5877378890037743,0.03431291761412936,0.2263713091349508,0.03503764457398363,0.08075608388470677,0.8978606344393508,0.09852457210268513,0.01156980786863799,0.006217962090388793,5.2199331848552335,0.659811094409073,0.09104337685218711,0.10247058687910765,0.1917151809640703,0.18103052777385767,0.23654640455419393
B007_0,数据集/数据集/源域数据集/48kHz_DE_data/B/0007/B007_0.mat,4,B,48k_DE,1796.0,0.14464073703918962,0.14464073703918962,0.6858296160138649,1.2563212547755338,0.11404104791752545,0.020920942811239997,-0.042285511100738,3.269431683978388,4.731346690357846,6.001533365538756,0.18311664530305805,2861.759510958535,762.0063952519534,0.6383281310573196,0.04951059391844191,1.463689957142491,3.634912878262947,0.6608168421002063,0.040750699257994134,0.0003125,0.8376102161230607,0.021329241563279172,0.577395110243772,0.03617244363751416,0.23616489235777446,0.036335680087683876,0.07895601463956885,0.8925739209321581,0.10087932535829161,0.011708446358549686,0.0061960845754409095,3.6539532293986636,0.6608168421002063,0.09010428846922917,0.12189162422364647,0.17878042490397034,0.16763824678415304,0.24671113884380869
B007_0,数据集/数据集/源域数据集/48kHz_DE_data/B/0007/B007_0.mat,5,B,48k_DE,1796.0,0.14693162615229427,0.14693162615229427,0.6857395275347333,1.3179379780691654,0.11658971226620363,0.021588902763757564,-0.01809267422478082,3.124983401683343,4.6569060258488575,5.869450660558971,0.18397118964780565,2849.5856782966034,757.4157770460215,0.6355049305554875,0.0484133321088485,1.4344982881908248,3.4680698227064215,0.6689002338145333,0.036494091813423855,0.0003125,0.8380928205208836,0.021730205237984024,0.6061416859043199,0.03613693994397675,0.19028439968013938,0.03706771947709085,0.08681278091304337,0.8917668667930858,0.11003899825546654,0.011530911689129234,0.0063317125812685235,2.0879732739420933,0.6689002338145333,0.0916241618577257,0.12189297096902021,0.16957415295529826,0.20512415280820492,0.20183465413925702
B007_0,数据集/数据集/源域数据集/48kHz_DE_data/B/0007/B007_0.mat,6,B,48k_DE,1796.0,0.14841781878124896,0.14841781878124896,0.671613005195673,1.303566529474891,0.11773905100366298,0.02202784893178366,0.01009978270504567,3.090827828084615,4.522082070871039,5.700447386929929,0.18574131721906856,2838.884941798939,765.3780531728944,0.6338890420061535,0.05187144549470777,1.4451525750174143,3.291261607622003,0.6675284548870667,0.03929670226148059,0.0003125,0.8375487233403586,0.020464206992635965,0.6117731431325788,0.037026069835464574,0.1791384771555003,0.04185100285120782,0.08702496750686298,0.8872496637377385,0.11518026391292432,0.011544193024890367,0.006477694523230145,3.6539532293986636,0.6675284548870667,0.10233616717656982,0.13417285231027817,0.16572767479584363,0.18853201834306998,0.18835166334624623
B007_0,数据集/数据集/源域数据集/48kHz_DE_data/B/0007/B007_0.mat,7,B,48k_DE,1796.0,0.14336969742737593,0.14336969742737593,0.6719730489564935,1.1992697759907234,0.11366970044536046,0.020554870140417326,0.0020821631016538222,3.118768580153415,4.685339857030932,5.909561427352616,0.18586339498260393,2867.7577983349984,756.9606664380228,0.6397069463431828,0.04402647321300753,1.4471265198242629,3.3585913008527517,0.6672712078662674,0.0395082068604518,0.0003125,0.836792405481387,0.017388966675005973,0.5983432344351545,0.03403552816332716,0.19434009440249525,0.04505281035347865,0.09292935792033406,0.8896839449568475,0.10773497411057532,0.011941611911527034,0.006269316386271843,5.2199331848552335,0.6672712078662674,0.09173594869192601,0.12831849708043525,0.18063565967622672,0.18085971792863642,0.20011250667421931
B007_0,数据集/数据集/源域数据集/48kHz_DE_data/B/0007/B007_0.mat,8,B,48k_DE,1796.0,0.14501932556267036,0.14501932556267036,0.5650372232141763,1.0920654341157854,0.11615606090276759,0.021030604786651773,-0.008947912522281255,2.925143145969575,3.8929145405316294,4.860317906719306,0.1842153451748764,2872.071269414124,744.0891839365971,0.6393949446668075,0.044328851344516175,1.4044221080910653,3.09730384137399,0.6753961483140902,0.033235947458734726,0.0003125,0.8357927770470007,0.019796802561360093,0.5825199191856986,0.02829989445564437,0.19741458786762492,0.043826414801618946,0.10841709972461046,0.8943836271831336,0.10463152264082456,0.011845909547989045,0.006603537593491101,3.6539532293986636,0.6753961483140902,0.07821119349008057,0.10572220998037156,0.18819959439848796,0.2014416030096042,0.20024506921717658
B007_0,数据集/数据集/源域数据集/48kHz_DE_data/B/0007/B007_0.mat,9,B,48k_DE,1796.0,0.1473666711272559,0.1473666711272559,0.6592628268690047,1.2244449497053416,0.11774335701988278,0.021716935759128798,-0.019482739492535803,3.013408472132708,4.479038139216045,5.6061213275127795,0.18500885063785633,2869.2528385415444,748.7971965241411,0.6360510284848243,0.04900387571077594,1.4038583297796434,3.4284620270126456,0.6746939690951206,0.05047974818315506,0.0003125,0.8345187913387244,0.022551702848115137,0.5767281547666328,0.025199950638221006,0.20613588151307602,0.04315043489087245,0.1053117454554876,0.8950307784048629,0.10460094248435343,0.012162214582287185,0.006803906963339202,3.6539532293986636,0.6746939690951206,0.08412470371475421,0.1142177943551532,0.17928101389929185,0.1860338644454382,0.21135579120336248
B007_0,数据集/数据集/源域数据集/48kHz_DE_data/B/0007/B007_0.mat,10,B,48k_DE,1796.0,0.14389648843285088,0.14389648843285088,0.6595406612464645,1.2093799504301765,0.1141664652822894,0.02070619938330559,-0.025868827930283993,3.1852481507562396,4.595107077031118,5.7924854295270025,0.18696209485442228,2915.338888120142,737.0311620531077,0.6335562350289409,0.04159623930752864,1.4304907810382133,3.7963495561501146,0.6651763738313049,0.04624749272827556,0.0003125,0.8337896674904713,0.01853126688293605,0.5983391130666939,0.02569714373811307,0.20597564858264342,0.04140624419281261,0.08794389152881832,0.8999353208424771,0.10104494955112493,0.012527936265449525,0.006324887331528568,3.6539532293986636,0.6651763738313049,0.08782650844004289,0.11421105627823513,0.1818815781084241,0.20007649800271637,0.21146852517510265
B007_0,数据集/数据集/源域数据集/48kHz_DE_data/B/0007/B007_0.mat,11,B,48k_DE,1796.0,0.14498328233790153,0.14498328233790153,0.568338073765117,1.117787726341729,0.11489451002534651,0.021020152157471668,-6.930303405473827e-05,3.1351655443346935,3.924330644235577,4.952146973468892,0.18500885063785633,2908.4846552130216,713.0348417013379,0.6320992254698518,0.04680244369234775,1.4375981382621803,3.3790510099980198,0.6602467263231302,0.03667517949320109,0.0003125,0.8335614003489366,0.016088204996430506,0.6151468438954644,0.02561606493866031,0.2057210228953459,0.039741175982661844,0.08286373276278788,0.9041545911246893,0.09003899987188875,0.012599202078874218,0.005883910793901859,7.307906458797327,0.6602467263231302,0.08065270350383853,0.09945588860171015,0.19537919487805513,0.22539697818839305,0.21389261843102644
B007_0,数据集/数据集/源域数据集/48kHz_DE_data/B/0007/B007_0.mat,12,B,48k_DE,1796.0,0.14424716073165653,0.14424716073165653,0.5463006081605889,1.0594891633751224,0.11401995322751456,0.020807243379144354,-0.032581971412439216,3.149469219119247,3.790100622422514,4.794909923681344,0.18391015076603798,2893.656520884946,725.2545960000324,0.6349314435301411,0.042559495983765946,1.4418767444143428,3.2557802711522275,0.6638297296913148,0.038863710484970226,0.0003125,0.834108117136764,0.018404794900916524,0.6180704550063337,0.025898596485970357,0.20181999222856845,0.04042981254382098,0.08514962545110769,0.9002417852322651,0.08850231101887203,0.013101845745988196,0.006092276551248414,3.6539532293986636,0.6638297296913148,0.07203594316527645,0.10314205506254558,0.1897204089011586,0.23345292647359553,0.21472776673076432
B007_0,数据集/数据集/源域数据集/48kHz_DE_data/B/0007/B007_0.mat,13,B,48k_DE,1796.0,0.1417818576700203,0.1417818576700203,0.5793303173357771,1.101071389315003,0.11214284867465199,0.020102095164361896,-0.05594042080795137,3.1467917528945293,4.093383456693743,5.175523834963325,0.185069889519624,2896.947521131698,736.2198575857182,0.6371018062369708,0.04400682885423052,1.438938578781586,3.3167584166660165,0.6647408148804806,0.04650662701669536,0.0003125,0.8350616361426234,0.019807248040368736,0.6045984711250668,0.026925122121547514,0.20609106470600358,0.038864868906607716,0.0848022088793174,0.8986926602091149,0.09764668993388934,0.013759869227033365,0.006490643370500838,3.6539532293986636,0.6647408148804806,0.07323799783200123,0.10843678833930104,0.1685151788960957,0.23533603433522488,0.21868021550361078
B007_1,数据集/数据集/源域数据集/48kHz_DE_data/B/0007/B007_1.mat,0,B,48k_DE,1772.0,0.13772706391783693,0.13772706391783693,0.5670120412899186,1.1047464868485983,0.10953123738189402,0.01896874413542794,-0.026055240042105375,3.048404868931548,4.123676876436367,5.185455721534872,0.18409326741134102,2832.1697956614826,781.9245540779718,0.635456318762209,0.044631766761010556,1.4332063075498551,3.2536148065993142,0.6599956049599155,0.05168935098971634,0.00034375,0.8399190523292333,0.020589775261053087,0.6208784403654746,0.0350248294446041,0.1889782703886695,0.030627527941755977,0.06640967383437923,0.9037397387620311,0.11194578062539648,0.005834680228347064,0.011242536685153267,2.116252821670429,0.6599956049599155,0.10377454692118877,0.12559023271385605,0.15962727399790957,0.2116549441168134,0.19930639070913397
B007_1,数据集/数据集/源域数据集/48kHz_DE_data/B/0007/B007_1.mat,1,B,48k_DE,1772.0,0.1386151010856851,0.1386151010856851,0.5696310085608535,1.0520445222326966,0.11078098163056625,0.019214146248994694,-0.023174596699303787,2.936629575373382,4.12263224576601,5.159432606714511,0.18329976194836112,2825.9876091107294,781.3184836547657,0.6361430172108008,0.048453205357130026,1.4058655288550674,3.0292804954995196,0.6680127548073804,0.038771160342828716,0.00034375,0.8403459855961041,0.021537510510565166,0.6132372671108594,0.035964265463399925,0.17834054302382873,0.029189799614154254,0.0716438958684084,0.9033864155171893,0.12459579190557588,0.005836545676717187,0.01163744238626436,2.116252821670429,0.6680127548073804,0.08124778340616243,0.0986607101987451,0.15270825700629242,0.26696626339298696,0.18698708238874123
B007_1,数据集/数据集/源域数据集/48kHz_DE_data/B/0007/B007_1.mat,2,B,48k_DE,1772.0,0.1397635483821603,0.1397635483821603,0.5687636711107468,1.0864936569507466,0.11125543005713806,0.01953384945637246,-0.0178044360578891,3.018750917002522,4.080721025979318,5.1269990897705,0.18305560642129037,2825.0251438303267,771.0234862149467,0.6338691953652517,0.045959558792906745,1.4220746460444833,3.124919315978351,0.6609874737421348,0.04298103554180516,0.00034375,0.8410544416734888,0.02180046734624631,0.6358416943713723,0.03284171582976345,0.175672362886135,0.029340187990297403,0.06825755479291629,0.9059165808796914,0.10927578809046298,0.006134545826152153,0.010394667885342214,2.116252821670429,0.6609874737421348,0.07587268663387288,0.11926785136813853,0.1521120294465103,0.27381201035232056,0.18440450800492922
B007_1,数据集/数据集/源域数据集/48kHz_DE_data/B/0007/B007_1.mat,3,B,48k_DE,1772.0,0.14018227700254793,0.14018227700254793,0.5178237592667569,1.028111016178579,0.11154007869502283,0.01965107078561908,-0.03129964215509628,3.042651940245205,3.6885561988542337,4.635860896790293,0.18262833424891656,2830.5457451698453,765.5870056941285,0.6359121141779119,0.05563400491697599,1.426262371148069,3.182206493346663,0.6593638188265952,0.050592109014904116,0.00034375,0.8404833011142435,0.020618288166665527,0.6429396479441922,0.03360854304390157,0.17351231030814115,0.02809049764089081,0.06735976131998453,0.9072624907391833,0.10515361677786353,0.006515891943932962,0.010507186190156378,2.116252821670429,0.6593638188265952,0.09147222819884347,0.13317822824947242,0.16186763761455017,0.2365246501376765,0.18606365855983872
B007_1,数据集/数据集/源域数据集/48kHz_DE_data/B/0007/B007_1.mat,4,B,48k_DE,1772.0,0.14203175484065572,0.14203175484065572,0.5600343503474987,1.0700835917203841,0.11367840654196433,0.020173019383116133,-0.011695930297253573,2.9490597510625967,3.941454517056526,4.924531891343929,0.18317768418482575,2834.036466769198,764.5709422373542,0.6327149752300547,0.06113130399029833,1.3954448439118794,3.1682752683316737,0.6737021205713316,0.042038177357235695,0.00034375,0.8395662798971458,0.01892628210319149,0.5950839058544978,0.034535614275464054,0.20446177444628366,0.02965921326038829,0.07671118373966256,0.9068576257423611,0.11237046363889056,0.006153635038033872,0.010875603855063205,2.116252821670429,0.6737021205713316,0.08328376421537224,0.09789985114442504,0.14347891483178943,0.2449791975728074,0.22054636486965387
B007_1,数据集/数据集/源域数据集/48kHz_DE_data/B/0007/B007_1.mat,5,B,48k_DE,1772.0,0.14358901457123352,0.14358901457123352,0.5602380816606192,1.0669845021913877,0.11515518089407459,0.020617805105537915,0.001858061532733859,2.9052261570868025,3.903761205857777,4.86768704796442,0.18268937313068426,2838.905335518261,760.3745491962487,0.6373678352753909,0.044981544863655576,1.3941573805064813,3.091706710174412,0.6702841338900197,0.04199212572710852,0.00034375,0.8399482294955947,0.019578383406296095,0.6013146154674133,0.03392175977788513,0.20387898779103364,0.02850008676009988,0.07330207830201643,0.908622776111241,0.11061994633949371,0.0056862527809590354,0.010366569966830391,1.0581264108352144,0.6702841338900197,0.1038396041715735,0.07258701006027081,0.15379358392096676,0.2490738527768267,0.21757321531860935
B007_1,数据集/数据集/源域数据集/48kHz_DE_data/B/0007/B007_1.mat,6,B,48k_DE,1772.0,0.13949207574856629,0.13949207574856629,0.6569305701774325,1.206873253046781,0.11112810066164516,0.019458039196643753,0.011949052479920298,3.0661620199565838,4.709938746049764,5.912089518693286,0.18311664530305805,2817.512982375067,775.316742028688,0.6406276521006119,0.04758991301570368,1.4190322218799634,3.5315446569331876,0.6666597904801753,0.04051353106309095,0.00034375,0.8409479605750156,0.02153329967633744,0.6142081608651,0.035426305249966344,0.19023472906358882,0.028932953479345023,0.07078396264831252,0.9041864371943458,0.11371177912799377,0.006072526822915319,0.010522189089287669,2.116252821670429,0.6666597904801753,0.09671301248062546,0.08862343407850622,0.19413172916247431,0.21132994301916724,0.20543299426348374
B007_1,数据集/数据集/源域数据集/48kHz_DE_data/B/0007/B007_1.mat,7,B,48k_DE,1772.0,0.14054543498618738,0.14054543498618738,0.6577113405087935,1.2093978641852012,0.11143344438151837,0.019753019295456625,0.023736178165162894,3.1723648491357737,4.677728205528518,5.899810233220956,0.18305560642129037,2826.0132038215997,774.5536542754686,0.639059129599584,0.04170277196573833,1.425359197486963,3.6880514628354844,0.661893315872089,0.050094151062927056,0.00034375,0.840465170059764,0.020210266391463675,0.6060876897894495,0.033777634014482576,0.2061542761138366,0.03143191532041564,0.06926978711380968,0.9046196866700675,0.10745338605807637,0.005974818906512799,0.010516722924073142,2.116252821670429,0.661893315872089,0.08704869578448747,0.10514908100760313,0.21088155818593662,0.17932684474951952,0.2217842922164762
B007_1,数据集/数据集/源域数据集/48kHz_DE_data/B/0007/B007_1.mat,8,B,48k_DE,1772.0,0.1416539864830453,0.1416539864830453,0.5813962434955114,1.1331216264031307,0.11211603175118127,0.020065851886538786,0.011839910946243785,3.165117682450591,4.103262394125401,5.184309983908594,0.18281145089421963,2822.992628935789,760.1295755747128,0.6361114308926199,0.04955532636053462,1.439034217515349,3.4407908142539814,0.6599086921806023,0.05479863338282675,0.00034375,0.8406339476056475,0.01901104979457098,0.6074558052600015,0.0328850501546024,0.20933381218776098,0.030858780673815412,0.07259325010778019,0.9078213406061731,0.10016720527702955,0.005580080381556016,0.009921328924094955,2.116252821670429,0.6599086921806023,0.09266385693446888,0.1391558034959901,0.19006869712693306,0.17059472692218083,0.21838974346759898
B007_1,数据集/数据集/源域数据集/48kHz_DE_data/B/0007/B007_1.mat,9,B,48k_DE,1772.0,0.13769943866759812,0.13769943866759812,0.5807114848745605,1.0875034380213957,0.10908982594756084,0.018961135409371613,0.016217888783860008,3.104496310061494,4.222456752413745,5.329967150881723,0.1806750900323506,2813.9910527546367,802.1268968842497,0.644057195846114,0.0427996645709727,1.443590568206944,3.1841401553966198,0.6752906401944929,0.033766514531869074,0.00034375,0.8407483918991961,0.021690521345804514,0.5692997149604666,0.03786613134832341,0.2317251588940991,0.03285121801259455,0.07613394733150171,0.8970724931557978,0.11168675496586211,0.006353496623352159,0.010537927723324495,2.116252821670429,0.6752906401944929,0.09250897952239319,0.10204113549423875,0.1464126878023072,0.2127467065828829,0.23964536509668524
B007_1,数据集/数据集/源域数据集/48kHz_DE_data/B/0007/B007_1.mat,10,B,48k_DE,1772.0,0.13954169423825416,0.13954169423825416,0.613899133374362,1.2053817930273143,0.11095816580016496,0.01947188443088241,-0.0005549462457332652,3.072068425065225,4.402586234343655,5.536781298302308,0.1815296343770982,2824.9583132409707,787.3496881684292,0.6391093790526984,0.03953974528287778,1.4244121480260707,3.3344650246981287,0.665878440323277,0.045280526319397524,0.00034375,0.8394746321652339,0.021735345379314038,0.5893387359680922,0.03382026422156332,0.2203615591993774,0.03234805907758521,0.07371866253820238,0.9020530375049822,0.10552182212182361,0.005892791116956657,0.010494154436750938,2.116252821670429,0.665878440323277,0.08782856379751516,0.13994897970417058,0.14386425033818345,0.19836196152815488,0.23288698002416094
B007_1,数据集/数据集/源域数据集/48kHz_DE_data/B/0007/B007_1.mat,11,B,48k_DE,1772.0,0.1430031017448031,0.1430031017448031,0.6141205915946745,1.2045100946612097,0.11368351761965335,0.02044988710863451,-0.0042616376985784915,3.085556077219186,4.290328655671889,5.396923668543742,0.18323872306659342,2836.672702961124,771.165781464209,0.6327594502771734,0.04513622559543702,1.4242750779770568,3.412083289097356,0.6626127528065001,0.046719524871264614,0.00034375,0.8385819740736656,0.020358197289326335,0.6100133045337554,0.03221784591651485,0.20186948430583554,0.031640888352384815,0.0710539820371038,0.9062670886893922,0.10599731367523704,0.005566369433747203,0.010535569476977757,2.645316027088036,0.6626127528065001,0.08835840405902409,0.13599233720903953,0.16486059909655512,0.20421215087930433,0.21253464185763493
B007_1,数据集/数据集/源域数据集/48kHz_DE_data/B/0007/B007_1.mat,12,B,48k_DE,1772.0,0.14355207543301604,0.14355207543301604,0.5971590430594598,1.1552637600154636,0.11374101419669201,0.02060719836112633,0.03075740537476134,3.0772766481137834,4.162410202529019,5.253401636394909,0.1833608008301288,2847.2164564712234,760.061902325393,0.6333662394522414,0.044921816221725405,1.4433093478506347,3.2210636127611636,0.6612346368209382,0.04589268609534901,0.00034375,0.8384404090619494,0.0199953240005889,0.6392567765325671,0.030881552057108116,0.1793869057664017,0.031670594520429175,0.06622152960061509,0.9080422217581099,0.10487997343394223,0.005671746285202269,0.009760138823716217,2.645316027088036,0.6612346368209382,0.07472457728572772,0.1324914465506165,0.16363413061834978,0.25091926619042104,0.18886474470272366
B007_1,数据集/数据集/源域数据集/48kHz_DE_data/B/0007/B007_1.mat,13,B,48k_DE,1772.0,0.14176051709930595,0.14176051709930595,0.59732672584681,1.1552656814494013,0.11267256499055445,0.02009604420826262,0.04987878691456131,3.0568658025376703,4.217944839895747,5.306979464989602,0.18384911188427028,2843.5913772577383,760.3011537937105,0.6318712574286143,0.04867347638170528,1.4251497008165555,3.299482102319184,0.662338802676801,0.03822288024631471,0.00034375,0.8387113370778497,0.02128381225646896,0.6394932862504267,0.03034179788748895,0.17591325481730363,0.030861269341950714,0.0698663817419917,0.9078496330950714,0.10432717840148822,0.00593801696158001,0.009904954373774819,2.645316027088036,0.662338802676801,0.07565146952366134,0.12490451739404632,0.18482771615668672,0.23639598547327476,0.18632133746431875
B007_2,数据集/数据集/源域数据集/48kHz_DE_data/B/0007/B007_2.mat,0,B,48k_DE,1747.0,0.1364811670885902,0.1364811670885902,0.5692807994780389,1.134126583227522,0.10848556085792418,0.01862710896986368,0.042603081167374456,3.1814218160317864,4.1767179114356345,5.254720811988904,0.18012574009644144,2780.410173065708,832.8272616520469,0.6459081780771355,0.04526724216885808,1.4114931427307766,3.8544908720424553,0.6812387691374631,0.04003645066740531,0.00034375,0.8441526184917104,0.02054486216465853,0.5809696209590988,0.03722983846444272,0.19915773015067362,0.04556008734636431,0.09420645855294345,0.8862283768955049,0.11019069155246607,0.004538048138679565,0.014722757850762729,2.1465369204350315,0.6812387691374631,0.06732823679255943,0.12737793100762704,0.1394289399550588,0.21331391279476375,0.21784318957461676
B007_2,数据集/数据集/源域数据集/48kHz_DE_data/B/0007/B007_2.mat,1,B,48k_DE,1747.0,0.1346761709399814,0.1346761709399814,0.617587715414321,1.1749502900285966,0.10738815924757691,0.018137671019055092,-0.005184900502350398,3.0919007337018485,4.581419664155518,5.745704751076604,0.18085820667765368,2785.040447325318,834.8861251269954,0.6463693817937783,0.03800104640744227,1.407445920715377,3.6684263806862596,0.6819917654286582,0.035837624732615266,0.00034375,0.843468394178579,0.020604937994868462,0.5862797191910425,0.03748252686310527,0.1927245377056279,0.04524534537214832,0.0928517311285071,0.8860560012670047,0.11237636603649302,0.004715225504255236,0.014998247586350062,2.1465369204350315,0.6819917654286582,0.050482135013465775,0.1156356652520942,0.14475872822713315,0.2384812884108223,0.21803050900172471
B007_2,数据集/数据集/源域数据集/48kHz_DE_data/B/0007/B007_2.mat,2,B,48k_DE,1747.0,0.13497458905802256,0.13497458905802256,0.6174543612474015,1.1327925560221968,0.10739020451217215,0.018218139691382064,0.026318713301008448,3.074112282625227,4.579445364363184,5.755870276474668,0.1820789843130074,2800.190407344896,812.7633426743246,0.6411908623515191,0.04703543498332406,1.4159505873689506,3.5009359922582037,0.6846667148199416,0.030763654724523803,0.00034375,0.8430541287366141,0.020718092815224874,0.5852530518459033,0.034034500756818645,0.19157593219440358,0.03979722389854311,0.09855974739120588,0.8950598938994095,0.10933967152257479,0.004657444264908867,0.014659243257948654,1.6099026903262736,0.6846667148199416,0.06594232847811121,0.089892130354689,0.1396467129320503,0.2557647051205154,0.21337661416187362
B007_2,数据集/数据集/源域数据集/48kHz_DE_data/B/0007/B007_2.mat,3,B,48k_DE,1747.0,0.1363416943992581,0.1363416943992581,0.5538428895493653,1.0976382999942509,0.10813689913056336,0.018589057631660688,0.02833424924076228,3.1222782210377713,4.063881446352663,5.123863871543689,0.1820789843130074,2791.640479341858,821.872493840275,0.6421111119007408,0.044796061266388375,1.4276801515251658,3.500552051727165,0.680114230626906,0.03285939083644886,0.00034375,0.843245041817095,0.02166763869353675,0.5993943763563886,0.034298108872185346,0.1842834282710107,0.042711117115445174,0.09784014352766048,0.8907350606166959,0.10352289414534216,0.004841988095272981,0.014317663454404326,3.756439610761305,0.680114230626906,0.059681159057233764,0.11578838540779379,0.16126412879722515,0.2412515436220097,0.19272075512561895
B007_2,数据集/数据集/源域数据集/48kHz_DE_data/B/0007/B007_2.mat,4,B,48k_DE,1747.0,0.13655287205066505,0.13655287205066505,0.5536752910673653,1.0969483777166613,0.10840854296520536,0.018646686865285297,-0.012191915740944484,3.0636640365871104,4.049379662539575,5.1008159914789335,0.1807361289141183,2782.2097829018503,825.8914522997486,0.6402626456950062,0.054236092138947374,1.427631119866269,3.242843569778294,0.6794779763961196,0.03521872125644212,0.00034375,0.8440991445008053,0.02029916356538575,0.6029741245599557,0.036775828279611955,0.17776776185797769,0.04512564400122752,0.09391227403038131,0.8874449447966347,0.1102247896044266,0.004604127134665812,0.014503306315696542,3.2198053806525473,0.6794779763961196,0.05256077368597472,0.11496039313659913,0.15664376845480618,0.2466686648726469,0.20008905046709236
B007_2,数据集/数据集/源域数据集/48kHz_DE_data/B/0007/B007_2.mat,5,B,48k_DE,1747.0,0.1341809481786775,0.1341809481786775,0.5259673125102092,1.0360822720354572,0.10700450749829128,0.01800452685412894,-0.006138698790620185,3.0027626683822732,3.9202239912361416,4.915862592493218,0.1823841787218458,2780.547955158272,836.0523234305001,0.6425004217984094,0.045972820250759605,1.413868368594229,3.2296554682419893,0.6869598452167751,0.029388026988815787,0.00034375,0.8434045699458924,0.020678741882382796,0.5803647719099561,0.03839197152914493,0.18723357908067467,0.043714169038974446,0.1045818280215244,0.8865716180114964,0.11158008610866486,0.004561330447407455,0.015533491160526495,3.2198053806525473,0.6869598452167751,0.060608394915871555,0.10360602671312588,0.1202901016546205,0.25668773559113967,0.21796476230003328
B007_2,数据集/数据集/源域数据集/48kHz_DE_data/B/0007/B007_2.mat,6,B,48k_DE,1747.0,0.13657582877991442,0.13657582877991442,0.5058702284452664,0.9708836047962628,0.10906278363830571,0.0186529570069205,0.0015536335261415342,2.993982324959945,3.7023322312526843,4.636321527616294,0.1820179454312397,2815.128650361217,808.5151046510928,0.6366014645875331,0.04315590787064889,1.4193646515836222,3.172768144990685,0.6750012326004403,0.0331576663615802,0.00034375,0.8413537597684048,0.01962010365688799,0.6155888197569669,0.03332422110805972,0.17968107766891717,0.03796472087677955,0.08935583147513734,0.8986048633851376,0.10000716049370861,0.004580982175826171,0.014631691785935421,3.756439610761305,0.6750012326004403,0.04899977636284796,0.12289107031038438,0.1428388928771915,0.26775033156622546,0.20448179786855758
B007_2,数据集/数据集/源域数据集/48kHz_DE_data/B/0007/B007_2.mat,7,B,48k_DE,1747.0,0.14135312052921314,0.14135312052921314,0.5170703388310113,1.0173024329849718,0.11259097526312124,0.01998070468334626,0.0039624391524678325,3.0309634335912836,3.658252212920309,4.5927784048448945,0.18024781785997682,2812.349775272495,792.7799069362105,0.6298261836178056,0.05845421046535795,1.4185492975360505,3.179075593005088,0.6682389731968804,0.032444360231284185,0.00034375,0.8417397150927486,0.018936554736672894,0.6419672362965897,0.03177382868735523,0.16093921071026596,0.039041540843731085,0.08510583923243771,0.9002660956228888,0.09762140466888432,0.004489320742782087,0.013731844286756311,5.366342301087578,0.6682389731968804,0.061902272531854215,0.10330945491558549,0.17143959089937777,0.281195322194532,0.17589270917139344
B007_2,数据集/数据集/源域数据集/48kHz_DE_data/B/0007/B007_2.mat,8,B,48k_DE,1747.0,0.1456037263575739,0.1456037263575739,0.5790298799746996,1.1150928424688034,0.11588562999745028,0.021200445129211258,0.012699301157427087,3.0445324271273098,3.9776598655005713,4.997708206800255,0.18049197338704756,2802.652816916365,770.2344193288021,0.6239726382723323,0.06896381663848954,1.4149412567627355,3.264881864530627,0.664860772135882,0.03685670561435886,0.00034375,0.8433414455897683,0.016373619399124534,0.6454057371584547,0.03151525426057624,0.16018399609107525,0.04100324369486395,0.08862208718364264,0.9020441503566525,0.0931492027847091,0.004181522648148775,0.01214051375744085,3.2198053806525473,0.664860772135882,0.08557421150749693,0.13016805034093307,0.14494225074114822,0.25741953123530714,0.17526550780307917
B007_2,数据集/数据集/源域数据集/48kHz_DE_data/B/0007/B007_2.mat,9,B,48k_DE,1747.0,0.14383774543255812,0.14383774543255812,0.5812021588945828,1.1609080482342566,0.11480768277366606,0.02068929701112139,-0.007055663978179003,3.018851050947206,4.045626563706021,5.068732782463915,0.18012574009644144,2802.5568139725033,790.3774517723505,0.6300427926225861,0.06257416712710762,1.421973239320679,3.3241700274332415,0.6718196776997586,0.03881157821242656,0.00034375,0.8427076719400177,0.017387917163007173,0.6133874514773737,0.033351006198880914,0.17428957768055128,0.04308613401890888,0.09715463925805266,0.8966285202242936,0.10124612415361109,0.004378320574398407,0.013325353826889395,1.6099026903262736,0.6718196776997586,0.09068882160235923,0.13243647942415346,0.13610948841811202,0.22916551693813786,0.18771001720919417
B007_2,数据集/数据集/源域数据集/48kHz_DE_data/B/0007/B007_2.mat,10,B,48k_DE,1747.0,0.14326806394447328,0.14326806394447328,0.6139672121534788,1.1773110109118403,0.11430306083275972,0.020525738146397687,-0.03247172516507718,3.0351737208830083,4.289210792774053,5.376198158658686,0.1803088567417445,2814.9194510172356,781.3320812985135,0.6289531557381897,0.04852540627624858,1.4237991502601195,3.3894411116426912,0.6705198500907893,0.034560950717484336,0.00034375,0.8419247405260541,0.01726595048551689,0.617925174854198,0.0325193501022056,0.18147208241493976,0.038296582524879046,0.08783476979796409,0.902471929603777,0.09861985603016372,0.00413111782558881,0.013530253962395562,3.756439610761305,0.6705198500907893,0.0662319981516052,0.11480867900613366,0.15283004832216313,0.2551351788860617,0.20281036170194833
B007_2,数据集/数据集/源域数据集/48kHz_DE_data/B/0007/B007_2.mat,11,B,48k_DE,1747.0,0.14256855689118494,0.14256855689118494,0.6143652512968745,1.2125239464571669,0.11399297245802484,0.020325793414035037,-0.03157314625589253,2.986226240655111,4.307351434398489,5.387129837136584,0.1811634010864921,2810.602515748636,776.3284006445649,0.6286861788487625,0.05382884065522511,1.4076770781103363,3.318041195476723,0.6716982181514479,0.03484545448194402,0.00034375,0.8423386740478984,0.01691720820112225,0.6124882312577531,0.03179423683044456,0.1862787468332827,0.038055497883985365,0.09188552916419684,0.9037657358431814,0.09511982205421803,0.004129993169779302,0.013644319647134109,3.756439610761305,0.6716982181514479,0.054471520397946685,0.11473057409125817,0.16328978408227032,0.2499704944259203,0.20875467465479328
B007_2,数据集/数据集/源域数据集/48kHz_DE_data/B/0007/B007_2.mat,12,B,48k_DE,1747.0,0.14417867019711825,0.14417867019711825,0.7575455786350204,1.4355994148524132,0.11452987074483334,0.020787488939809397,-0.02879410490445598,3.311289338997561,5.248215696944467,6.607072868960718,0.18098028444118905,2801.6748228174833,768.3652748810775,0.6255576890062127,0.06598464700490954,1.42464772463721,4.632242689710563,0.6627428252792422,0.04140557597671136,0.00034375,0.8430434811710691,0.01643464123145245,0.6332700447507733,0.030748123176176482,0.17809457815365354,0.03845167606473017,0.08780761895402094,0.904901462118592,0.08743885278199835,0.004236227643165634,0.012839045337160002,2.683171150543789,0.6627428252792422,0.06720896942662768,0.15733474364768235,0.15327938108369607,0.2272015085027151,0.1990643921290891
B007_2,数据集/数据集/源域数据集/48kHz_DE_data/B/0007/B007_2.mat,13,B,48k_DE,1747.0,0.14342116595996607,0.14342116595996607,0.7576080136921836,1.4355988179982522,0.11375551779581733,0.02056963084531613,-0.010911366398294998,3.3448114970879916,5.27991928608652,6.656881185145208,0.18104132332295672,2798.3613533223347,774.5229991306084,0.6236630669039521,0.06781815559857196,1.4365254975760973,4.701590258566373,0.6610680124761067,0.0410294465345266,0.00034375,0.8432190475625658,0.017790362093217597,0.6235363249964585,0.03175903435509048,0.18940544366831788,0.03712106728754973,0.0864039173590597,0.9038447331057409,0.08773702994195962,0.004349338892116213,0.01234212939171227,2.683171150543789,0.6610680124761067,0.06662637117207665,0.14945391540863753,0.14810693550867077,0.23025175256675728,0.2101049329021542
B007_3,数据集/数据集/源域数据集/48kHz_DE_data/B/0007/B007_3.mat,0,B,48k_DE,1721.0,0.14448784694250374,0.14448784694250374,0.5311955349578719,1.0559792086690036,0.114659948512113,0.020876737914080387,0.03332127943702567,3.031975497565033,3.6794813884154576,4.6367171733047945,0.18024781785997682,2746.5777919262546,882.9541308592266,0.6346294276803598,0.075158021168978,1.4420241900539053,3.1149070663285006,0.6917528297483229,0.05521228117120234,0.00034375,0.8458097382279758,0.014833160003154352,0.5564448477877475,0.03888025506643568,0.16460064052543924,0.08545379281587179,0.1498524101523461,0.8503837569489241,0.11221339010746732,0.003784691192930478,0.016247293094829758,3.813190005810575,0.6917528297483229,0.04654326991237174,0.14266452753637524,0.10182771316154623,0.23341637307988997,0.18060652304326902
B007_3,数据集/数据集/源域数据集/48kHz_DE_data/B/0007/B007_3.mat,1,B,48k_DE,1721.0,0.14298439265334115,0.14298439265334115,0.5889880675977022,1.1218049283078084,0.11376449561146995,0.020444536542444835,0.030697240516219745,3.022105537849671,4.122257583620508,5.181078492130246,0.1781114569981078,2736.184300026806,885.7082256921315,0.6410886229498847,0.06229233529928828,1.4261468781532902,3.249095671302602,0.6975557254750901,0.039641343486176775,0.00034375,0.8468325915253583,0.015862362939019627,0.5368005582556891,0.0419359009276678,0.1890486582568445,0.08211105171219799,0.13860083642846915,0.8495775444862752,0.11798958425318144,0.0038752227602209745,0.016838259196007056,3.813190005810575,0.6975557254750901,0.06395981281823244,0.12527194523213037,0.12272146187481321,0.1901143926197745,0.20756031632308866
B007_3,数据集/数据集/源域数据集/48kHz_DE_data/B/0007/B007_3.mat,2,B,48k_DE,1721.0,0.14321935077317327,0.14321935077317327,0.5887021512604654,1.1283894024650776,0.1140390755084202,0.020511782435889244,0.032206366905207395,3.026558883191553,4.117181688601681,5.170910233425318,0.17792834035280475,2739.8328894869915,882.8084766525899,0.6391692813622527,0.06593235665814304,1.4246494184225005,3.305454850990369,0.7004090064883924,0.03754728292479647,0.00034375,0.846563805239433,0.016252142124262396,0.5439532424101373,0.038207753789475135,0.1780198111122286,0.08253985152152393,0.1371134517449002,0.8521218317045531,0.1224368391032032,0.004010693477506441,0.01773606860246041,3.813190005810575,0.7004090064883924,0.07082784191238388,0.11663737598409538,0.11080636631556423,0.21396669051495898,0.19103276659408852
B007_3,数据集/数据集/源域数据集/48kHz_DE_data/B/0007/B007_3.mat,3,B,48k_DE,1721.0,0.14196986907371584,0.14196986907371584,0.6262674450761502,1.2313534759351659,0.11283747336826737,0.020155443724808018,0.03293034948666474,3.1044676522795376,4.410934600334336,5.549751340002818,0.17646340719038028,2734.715378059138,888.5592012510579,0.6410054723300385,0.06787059352803054,1.4363239136665211,3.4932093120646446,0.6964774665381374,0.03339488857260327,0.00034375,0.8472903257537868,0.01567569164822098,0.5624185235799471,0.03433086646402201,0.15918007331072584,0.09365430443809913,0.15342955610557663,0.8452434267162943,0.10699843432271411,0.004008000313406105,0.01725409078397959,3.2684485764090643,0.6964774665381374,0.08206802183026696,0.1058480194744922,0.1180610423768356,0.22455915545744187,0.17311188207511982
B007_3,数据集/数据集/源域数据集/48kHz_DE_data/B/0007/B007_3.mat,4,B,48k_DE,1721.0,0.14160966296716201,0.14160966296716201,0.626726326936221,1.2312799411440687,0.11286002080328215,0.020053296645673218,0.012882585064847437,3.058664454006696,4.4285213026131425,5.556675232952587,0.17798937923457242,2740.3988542613333,887.7306338961392,0.6419987692864226,0.065525034819426,1.4216628796924007,3.4097928693135726,0.7072326615561131,0.02574804569558421,0.00034375,0.8471022184100918,0.016095167073629887,0.4934382100911369,0.03653978937765243,0.21589948265465006,0.08938071967471227,0.15989784271673602,0.8471864884753616,0.11258895502096174,0.003906415304614922,0.017430959518359487,3.813190005810575,0.7072326615561131,0.06612169489721349,0.08582325148784337,0.11092071028486816,0.19338914210434,0.23562941737413937
B007_3,数据集/数据集/源域数据集/48kHz_DE_data/B/0007/B007_3.mat,5,B,48k_DE,1721.0,0.14493510420482447,0.14493510420482447,0.4994545424545012,0.993261434017257,0.1162017405036023,0.02100618443086333,0.013297944071949064,2.9084182227221946,3.4535021937128576,4.307690237758961,0.18098028444118905,2752.0631780106683,867.5174621303913,0.6357193441594877,0.06779397347910374,1.392496669174768,2.963800881938502,0.7093876297068077,0.023411335683973817,0.00034375,0.846322683062294,0.014932723323021674,0.4888754095408047,0.03698755715285614,0.21965508088611074,0.08078811061339909,0.15062401965334637,0.856789662647916,0.12260398399770077,0.003942342704236538,0.01751745985490323,3.813190005810575,0.7093876297068077,0.04751167626094943,0.08264721621159793,0.12235136834736365,0.2021964238208027,0.23934239253241626
B007_3,数据集/数据集/源域数据集/48kHz_DE_data/B/0007/B007_3.mat,6,B,48k_DE,1721.0,0.14153487863528258,0.14153487863528258,0.5085028784021618,1.0075567409824044,0.11341149809961401,0.020032121870304172,0.03945143599363219,2.9303646368711553,3.6044646225452146,4.4989115083686455,0.17957639016053226,2730.2001626005112,909.3807250019807,0.6446213119145527,0.05434670444259525,1.4050564709263842,3.0034435060843334,0.70967710379058,0.02416848934960003,0.00034375,0.8467613021730086,0.016582621959897608,0.5150072879714002,0.03953807066719653,0.1820319630391299,0.09384607940904036,0.1510790902079891,0.8385410232718683,0.1321797706609667,0.004355700906438595,0.01882390439643196,5.9921557234166185,0.70967710379058,0.053516608950508956,0.07717362023069829,0.12552602604289662,0.22533544939441708,0.20380604366122648
B007_3,数据集/数据集/源域数据集/48kHz_DE_data/B/0007/B007_3.mat,7,B,48k_DE,1721.0,0.13794856828863386,0.13794856828863386,0.5679447795612095,1.0761276327766747,0.1097907159515417,0.019029807492883882,0.04596252704915464,3.091271237345427,4.127392890644608,5.186495565946729,0.1781114569981078,2734.47276600988,916.169102544097,0.6414086400024203,0.056817531619274504,1.432376271014241,3.4591718661726434,0.6980938902788616,0.03971766465932658,0.00034375,0.8464702752362679,0.017503728711640788,0.553547661011928,0.04027457154381848,0.16176645065991407,0.09309449312334034,0.1397601688006163,0.8372565620757652,0.1259874148125516,0.004499327735322879,0.01803654467520464,1.6342242882045321,0.6980938902788616,0.09670528544553648,0.09132728657744872,0.11456402919582584,0.21397218955505373,0.1860346040837696
B007_3,数据集/数据集/源域数据集/48kHz_DE_data/B/0007/B007_3.mat,8,B,48k_DE,1721.0,0.13723342570809163,0.13723342570809163,0.603235904309673,1.122983064034843,0.10864697375369993,0.018833013131578306,0.032598921649361054,3.2186228679261157,4.402981288517312,5.5617736315304915,0.1785387291704816,2729.235520945907,919.4685035336423,0.6439178117004719,0.04491150766099589,1.4440296864694149,3.7614144380078924,0.6957480435385395,0.0341408045670535,0.00034375,0.8466374221748775,0.017284045374479168,0.5540176371367201,0.04144045602680779,0.1715534105921847,0.09208275698678425,0.13946537471898734,0.8371999733651685,0.11654744647178715,0.004480807843241263,0.01752508223463273,2.178965717606043,0.6957480435385395,0.09341281315262918,0.08602838567628147,0.12106062625241228,0.21580652379494514,0.19413824253527057
B007_3,数据集/数据集/源域数据集/48kHz_DE_data/B/0007/B007_3.mat,9,B,48k_DE,1721.0,0.13830487636386368,0.13830487636386368,0.6033059002982952,1.1242694884676805,0.11020429874781512,0.019128238826023616,0.0008859704966235615,3.020237550074902,4.369118254599922,5.483454014323366,0.1793932735152292,2722.26448052544,912.802028540676,0.6466373715177525,0.04195226195754155,1.411466689680536,3.3193087040254,0.7075318154297895,0.02608931689234199,0.00034375,0.8469155132020982,0.017053879824412633,0.5184557190389812,0.03952714204857824,0.18229563002840915,0.09457390764114794,0.15355185258122925,0.8371359796078404,0.12612933533226395,0.0044167708616251085,0.018698108636532793,2.178965717606043,0.7075318154297895,0.07117848852062514,0.08068634341810133,0.11297244203505563,0.2115594836213579,0.20623778522310232
B007_3,数据集/数据集/源域数据集/48kHz_DE_data/B/0007/B007_3.mat,10,B,48k_DE,1721.0,0.13756368825709084,0.13756368825709084,0.5439812625772471,1.0331173379504124,0.10947832425612422,0.018923768326894075,-0.00100985216298438,2.984930021716945,3.9465037991424228,4.959253608225797,0.18006470121467374,2715.715566783107,912.7519794967894,0.6504222482434706,0.038915960097454724,1.4138763393257134,3.0581067711098338,0.7083506866971838,0.03207801244632271,0.00034375,0.8469655155317525,0.017858247119598634,0.5169678775325496,0.0400499643248026,0.18880421451046983,0.09123719467252207,0.14975634607275737,0.8387709130760583,0.12461797273694937,0.004587778880082638,0.01897205635118486,1.6342242882045321,0.7083506866971838,0.0748677059199269,0.08809366354142527,0.12974024427180356,0.19174406276562223,0.2007568499840252
B007_3,数据集/数据集/源域数据集/48kHz_DE_data/B/0007/B007_3.mat,11,B,48k_DE,1721.0,0.13689518070976253,0.13689518070976253,0.5438298663727205,1.0521461722129246,0.1084077820797039,0.01874029050155854,-0.007169176818472837,3.0819379544210923,3.9707449144817537,5.014195926779644,0.17829457364341086,2725.3429219032555,920.8701296711329,0.6498700731830275,0.03794944849606678,1.4423525722760595,3.135323451325301,0.704398640297687,0.02960926921137309,0.00034375,0.8473590303068074,0.01753861178978578,0.5055841502339431,0.041857533436071785,0.20956674392761485,0.09056949415364796,0.15153096717946715,0.838215225744639,0.11399657613954621,0.004277989541895619,0.018383831904321864,2.178965717606043,0.704398640297687,0.06789732055387107,0.07719761172232223,0.15722889751702335,0.17787439713017483,0.214883196010985
B007_3,数据集/数据集/源域数据集/48kHz_DE_data/B/0007/B007_3.mat,12,B,48k_DE,1721.0,0.13827731546985728,0.13827731546985728,0.6487063560603598,1.210151616315424,0.10962679812836751,0.01912061597355043,-0.013040429815373024,3.0998732216113454,4.695387014494496,5.922620320759698,0.17585301837270342,2717.551672772175,920.8905843101072,0.6511418223636591,0.03131478236479469,1.4427900816435746,3.4520930668393124,0.7043251951250923,0.027562755983453025,0.00034375,0.8482063015293216,0.01643333658582264,0.5024009349156052,0.04245101749718912,0.20364212429307774,0.09581716120348929,0.163791950811648,0.8337967763327697,0.1112437554710661,0.0042694223470883105,0.018058402273505046,1.6342242882045321,0.7043251951250923,0.07111395988557521,0.08067327458111737,0.1572856996208959,0.16309986108180002,0.2165288796104706
B007_3,数据集/数据集/源域数据集/48kHz_DE_data/B/0007/B007_3.mat,13,B,48k_DE,1721.0,0.13957682270387542,0.13957682270387542,0.6488971488535252,1.2101589893579892,0.11124059450031594,0.01948168943610907,-0.005637531407040269,3.0178993340819065,4.654446669607196,5.840240915283868,0.17780626258926938,2732.4617899746822,908.1291075299542,0.6457937648907727,0.036490667721203976,1.416969419491099,3.4327299895307024,0.7031018120788893,0.026973553201779906,0.00034375,0.8468991625841203,0.01657775652222721,0.5064451620467652,0.04285468305664098,0.20808179211062855,0.0879898426434924,0.14990781178895732,0.8414049343631052,0.11665686038326395,0.00413906512662648,0.01810550531262919,4.357931435212086,0.7031018120788893,0.07537945923507551,0.08980793008350056,0.1391198431379066,0.17414473194158928,0.2162445805396087
B014_0,数据集/数据集/源域数据集/48kHz_DE_data/B/0014/B014_0.mat,0,B,48k_DE,1797.0,0.1124148903229403,0.1124148903229403,0.7698420590700107,1.424766929774124,0.08373187867761579,0.012637107566318698,-0.00014464155430274475,5.755020655487144,6.852013929638919,9.199400081758814,0.158823170359519,2469.228026488231,987.8743964378726,0.6779515176849512,0.028492028326314693,1.6488957015988608,9.547266941487816,0.6493625872713936,0.08335058370984558,0.00034375,0.8689315606743572,0.0697305056023729,0.6653981917370767,0.06361364650230163,0.09976264140307457,0.09699521385340551,0.11066189327158023,0.7505554051097981,0.11448488560446864,0.01608742689266706,0.008903003128171204,4.695325542570952,0.6493625872713936,0.12506096697405822,0.089779703431697,0.2589391177097317,0.17319696657403622,0.10198798988106811
B014_0,数据集/数据集/源域数据集/48kHz_DE_data/B/0014/B014_0.mat,1,B,48k_DE,1797.0,0.12487691411755164,0.12487691411755164,1.0830770502430322,2.149503035156473,0.08938514139158846,0.015594243679522368,0.023563715941361148,8.699778626635585,8.669055425959504,12.111454695020333,0.16059329793078192,2612.3706683511346,879.708389738401,0.6641819691758903,0.03847775122753537,1.7786929390192463,15.975318688973038,0.6109770369092801,0.08962390958713665,0.00034375,0.8596050272437125,0.04179544960440005,0.7458848845909776,0.051884819920774226,0.09081196265804621,0.06993904171302734,0.07925544650634844,0.8193567179229748,0.07699798468719256,0.014497296905820252,0.006550564829481636,4.695325542570952,0.6109770369092801,0.15668156236301872,0.09830296996617477,0.2664087142207184,0.19413759156713295,0.09735348743504682
B014_0,数据集/数据集/源域数据集/48kHz_DE_data/B/0014/B014_0.mat,2,B,48k_DE,1797.0,0.1366897624637712,0.1366897624637712,1.0833128878157372,2.1495029690304177,0.09505006359246113,0.0186840911624022,-0.07860025003529564,9.21989404669792,7.934720105077137,11.412247138435285,0.1637062809009339,2684.601308182346,813.0823292022216,0.6548534023577197,0.04024245736654662,1.8903690064082272,13.949814053482228,0.5838500485045067,0.0936669328982258,0.00034375,0.8536921271926712,0.03312823729218202,0.7875575048500812,0.0441675124338189,0.08704848317392642,0.05868963881515806,0.059919289506189265,0.8499130732103295,0.06050859077992713,0.012039023254249782,0.00462831144996108,4.695325542570952,0.5838500485045067,0.1672766379801074,0.08882819191086125,0.30917898616829453,0.20175831756649645,0.09104774332199622
B014_0,数据集/数据集/源域数据集/48kHz_DE_data/B/0014/B014_0.mat,3,B,48k_DE,1797.0,0.14934067130664402,0.14934067130664402,1.255131222741615,2.4527615921262127,0.10144812382262253,0.022302636106319093,-0.09998169042365897,10.369902671962024,8.414817871535083,12.389143742534921,0.1654764084721968,2737.06357178669,757.3486512714252,0.6471714336638084,0.03739189900509824,1.9819128664303336,14.624134243993309,0.5663168676851069,0.10041912597886483,0.00034375,0.8494205566126541,0.028766961886163768,0.8147598233132631,0.03774108326132627,0.09046859512682671,0.046763872530128314,0.043153376112559615,0.8751838750757579,0.04804623736492812,0.009908177722990187,0.003325566210623936,0.5217028380634391,0.5663168676851069,0.19013843475200407,0.09697712634418697,0.28325584584929453,0.21988813332969387,0.09437239908541632
B014_0,数据集/数据集/源域数据集/48kHz_DE_data/B/0014/B014_0.mat,4,B,48k_DE,1797.0,0.16387339188899747,0.16387339188899747,1.289524738326547,2.5638109249503156,0.10784179986718273,0.026854488569204943,-0.03874288118535434,11.705269786537505,7.866856861573635,11.95434216539243,0.16504913629982298,2778.0456969585275,684.8907323389118,0.6347582540544998,0.040334483460747944,2.11219974972756,15.023119331208177,0.5499635394566342,0.09876018347045401,0.00034375,0.8479252670688101,0.02227310393764097,0.8339257634136581,0.030162486527297878,0.0971339684652684,0.03424026938953789,0.032802309121490285,0.9036886602430145,0.033611396374738776,0.008298682166068348,0.00234590670972273,4.695325542570952,0.5499635394566342,0.17922859984695164,0.09564266625482538,0.2818626003051499,0.2343586027068683,0.10194075374169426
B014_0,数据集/数据集/源域数据集/48kHz_DE_data/B/0014/B014_0.mat,5,B,48k_DE,1797.0,0.15342047434147657,0.15342047434147657,1.2895285579717572,2.5638119378159203,0.10115951851591673,0.02353784194716367,-0.00753447623650157,12.59325877659738,8.399544689405616,12.739394722907534,0.1654764084721968,2738.825231580128,735.608803036583,0.6436189202194709,0.0402035734220561,2.0730771194167663,17.121987926958916,0.566314998565462,0.09960571638130553,0.00034375,0.8499449330770329,0.02661800576858402,0.8111810587631992,0.035654503574069955,0.10040381143224497,0.04245724801660781,0.041866382340140756,0.8840536773751325,0.04314930779885827,0.00952627170939817,0.0031650042498916125,4.695325542570952,0.566314998565462,0.15661731416303695,0.10839717733634398,0.3010979968859885,0.21303411466723188,0.10423741263699594
B014_0,数据集/数据集/源域数据集/48kHz_DE_data/B/0014/B014_0.mat,6,B,48k_DE,1797.0,0.12152694964838003,0.12152694964838003,1.1787097167583522,2.2379065538316154,0.08444682647261126,0.014768799490839894,-0.002630728194988515,12.342617728742056,9.689895689166713,13.94593815526751,0.16218030885674176,2579.608974295414,923.541924170569,0.6745800728144533,0.033194539055197536,1.8155831365840396,22.50546903919994,0.6214466883620179,0.06071250925488107,0.00034375,0.8580479911349198,0.049745443123645254,0.7103624686658253,0.062010815010462926,0.11257129662111642,0.0801922351651768,0.08623508803465703,0.7910978000651608,0.08406399606365236,0.014347390000765766,0.006226486538580123,4.173622704507513,0.6214466883620179,0.14643769695184547,0.15586520444364277,0.23106281827865036,0.1686324637981206,0.11330226472421666
B014_0,数据集/数据集/源域数据集/48kHz_DE_data/B/0014/B014_0.mat,7,B,48k_DE,1797.0,0.11034294133224858,0.11034294133224858,1.061812129869303,2.005153912247396,0.07939617238817127,0.012175564701852052,-0.0764407663038003,10.831096052642414,9.609918252828612,13.358358402779322,0.15741927607886225,2474.3214639654484,1001.3748780013242,0.6813401045165681,0.032058503902545145,1.7024663190279474,23.78207011799106,0.6622414989287309,0.08525076876071673,0.00034375,0.8643955574283294,0.05508963159536007,0.6265989862249083,0.08921081693224377,0.10965937874125882,0.09918151234280215,0.12828502122457877,0.7349370044694759,0.12545225553726813,0.01853716209227543,0.009209250338096145,4.695325542570952,0.6622414989287309,0.08632974774658937,0.12857414405850537,0.21261432968399493,0.17841017122008385,0.11375853684102628
B014_0,数据集/数据集/源域数据集/48kHz_DE_data/B/0014/B014_0.mat,8,B,48k_DE,1797.0,0.12544276940506432,0.12544276940506432,1.0617415764237572,2.0553921761378833,0.08972069119414182,0.015735888396012143,0.021646520224046534,9.673444185626671,8.453943558893327,11.821204796474058,0.1615088811572972,2585.0749443890236,906.5593295904787,0.6700021292209661,0.04208694782348894,1.750145223778151,18.655255876282258,0.6258179007812494,0.09037736571253324,0.00034375,0.8591232811164026,0.0400602991622366,0.7084982150436716,0.07142666037957118,0.09988835589209015,0.0728626960843279,0.0937718876018863,0.7985992907108711,0.09089612705353593,0.014780629855237598,0.006464210312272456,4.695325542570952,0.6258179007812494,0.1173539101983342,0.09441553123869538,0.2721850744604261,0.21032760778282514,0.10238276574892659
B014_0,数据集/数据集/源域数据集/48kHz_DE_data/B/0014/B014_0.mat,9,B,48k_DE,1797.0,0.141584949290136,0.141584949290136,1.1228425295021476,2.1861534454249387,0.0988094488820633,0.02004629786549038,0.10999799476797417,9.442733160417133,7.936836711507891,11.373379144744678,0.1662699139351767,2667.928358509364,818.3118917178241,0.6596122513260627,0.034840494369657624,1.854475507595536,14.650132749933912,0.5952015695553172,0.08102821538090402,0.00034375,0.854865883963805,0.03360619848180872,0.7675565379688147,0.04968846428499557,0.09843527762431566,0.05705891998921923,0.06803792876271217,0.8459486697670133,0.061358231926497454,0.011874081346887251,0.004280930012255298,4.695325542570952,0.5952015695553172,0.13551871627761136,0.09197386793566939,0.2911721664215776,0.23135683746750735,0.09962587839737913
B014_0,数据集/数据集/源域数据集/48kHz_DE_data/B/0014/B014_0.mat,10,B,48k_DE,1797.0,0.14496595053429734,0.14496595053429734,1.123541484256686,2.1861550134713985,0.0992108411809407,0.021015126814312342,0.09037043706934525,9.73736325081026,7.752878055305534,11.328514168846281,0.16559848623573217,2671.789005950787,778.3711622171734,0.6495665254678978,0.02895073825640415,1.9500812244814383,13.520249061834384,0.5776469425557025,0.09049976668910596,0.00034375,0.8559034503805333,0.02936284649068962,0.7897119239931375,0.042185484556755706,0.092447364828102,0.05851397748755812,0.060072364439041334,0.8575917810277177,0.05373368607689188,0.010596217320727321,0.0037369775625481377,4.695325542570952,0.5776469425557025,0.1446572231762426,0.09481407069085192,0.28772340907426214,0.23918934708237746,0.09262700219464949
B014_0,数据集/数据集/源域数据集/48kHz_DE_data/B/0014/B014_0.mat,11,B,48k_DE,1797.0,0.1401173194450976,0.1401173194450976,1.0509475512280078,2.034242654163584,0.09623238831511279,0.019632863208479522,0.0034162076299864225,9.701316418091157,7.5034044132152795,10.925309843067549,0.16315693096502473,2631.3109696849538,827.7893114730647,0.6564974907644834,0.030042441089999393,1.9323305658788028,13.755029210338591,0.5821488618329841,0.09264989174329623,0.00034375,0.8561004707122557,0.029055200852403575,0.7785192086835999,0.0538485158281542,0.08769618932879993,0.07561026829268229,0.06835518487158691,0.8271634801367583,0.06093986012261995,0.012457360108192487,0.0041315012118683676,0.5217028380634391,0.5821488618329841,0.17466030554458087,0.0889743661285657,0.2656670023531104,0.23031728522297282,0.09013404117422241
B014_0,数据集/数据集/源域数据集/48kHz_DE_data/B/0014/B014_0.mat,12,B,48k_DE,1797.0,0.14294818825524802,0.14294818825524802,1.0511208690634344,2.034241171152793,0.10016289253733485,0.02043418452545783,-0.03421302086713752,8.782159123603767,7.356735451286589,10.499463122883428,0.16272965879265092,2630.672509148026,837.6252885883497,0.6558801188728778,0.03489160982562706,1.8578868726464537,13.286617604069729,0.6016687831218002,0.08081193109571612,0.00034375,0.8568839328143527,0.03377044122492192,0.7457427181926379,0.05262912276620964,0.10678237411231736,0.07402076197626496,0.07411233440457435,0.8258580641892705,0.0685211850937483,0.011978547367159767,0.004486987226597089,4.695325542570952,0.6016687831218002,0.1499035084785204,0.07714775857448383,0.25586154933235017,0.24342351864207826,0.11037313223076685
B014_0,数据集/数据集/源域数据集/48kHz_DE_data/B/0014/B014_0.mat,13,B,48k_DE,1797.0,0.16224375885485065,0.16224375885485065,1.1571695358084364,2.3075961121865793,0.11075343080701194,0.026323037287350925,-0.012002857224236852,9.392327821824663,7.133050153555364,10.4492853832405,0.16089849233962034,2675.9951924368775,762.8175907312157,0.6442623132861851,0.03708967276881144,1.9830907518347596,12.632818319826928,0.5820497446431951,0.08378998298821819,0.00034375,0.8564974687822183,0.03493760305003713,0.7885028920599054,0.03755365776486197,0.10375160417370649,0.048460197725520175,0.05143942450671496,0.869786372582609,0.05262279688012852,0.007817446684572486,0.003418528363852808,4.173622704507513,0.5820497446431951,0.14271250225691162,0.10013919050911571,0.267754671873689,0.24953607118982304,0.10680910803628522
B014_1,数据集/数据集/源域数据集/48kHz_DE_data/B/0014/B014_1.mat,0,B,48k_DE,1772.0,0.13547428364155065,0.13547428364155065,1.201131282554124,2.1901768196463003,0.09786780522243914,0.018353281528191316,-0.05156340466983975,8.3155689911065,8.86477506725564,12.271151305166452,0.15003357138497223,2374.7800490298328,1045.412465201581,0.6427591455865805,0.056291991381510975,1.7156611723145998,15.187268938452268,0.6137250616577132,0.08792354491625393,0.00034375,0.8754192535736882,0.13137498862146524,0.7308227140513839,0.046333101984045354,0.06877527986701903,0.028200233589575303,0.04319042667077761,0.783617135560543,0.14626617112611812,0.006081060445244904,0.009496959910320898,0.5290632054176072,0.6137250616577132,0.22203265711797707,0.12694284454451743,0.165728744476151,0.19212118640950987,0.07102051211583545
B014_1,数据集/数据集/源域数据集/48kHz_DE_data/B/0014/B014_1.mat,1,B,48k_DE,1772.0,0.1662974747192384,0.1662974747192384,2.2622198271203815,4.14570201226506,0.1088033029510513,0.027654850097995728,0.2581710342916616,23.802373753626142,13.59355622329516,20.779241160762172,0.15119331013855827,2453.96530197333,931.3794994988159,0.6340234684235995,0.03934826143654219,2.058705722657225,43.395363124014075,0.56100322821502,0.11692107778824977,0.00034375,0.8710631564228744,0.09523343856778546,0.8044006830181526,0.044827333976350046,0.05645295147392277,0.022280427080815905,0.03181524256217948,0.830293214380015,0.10090629175887021,0.004433954641708016,0.005615363643979597,1.0581264108352144,0.56100322821502,0.3071585652595924,0.1203799742804306,0.22931871516362967,0.12834404977374192,0.05814264871356566
B014_1,数据集/数据集/源域数据集/48kHz_DE_data/B/0014/B014_1.mat,2,B,48k_DE,1772.0,0.19403823319509464,0.19403823319509464,2.262324884524511,4.145700930166628,0.12914079733885636,0.03765083594147393,0.24895809457648632,15.38444953823963,11.662572172080273,17.523700315787696,0.1546114875175487,2554.8277246346047,841.0519537973096,0.6284484433098465,0.03447622821592073,2.0870968904386955,25.68959373460596,0.5489331083272253,0.12318479185173847,0.00034375,0.8654317045432738,0.07202632414753145,0.8267155740429425,0.034640442328582426,0.05800752680099272,0.018067294571579542,0.026535738868924595,0.8691018303187908,0.08390597673734652,0.003879507755689733,0.004353308404468052,1.0581264108352144,0.5489331083272253,0.3095825801181248,0.13400035207960606,0.22346685167552732,0.1341069193359651,0.06089066155348221
B014_1,数据集/数据集/源域数据集/48kHz_DE_data/B/0014/B014_1.mat,3,B,48k_DE,1772.0,0.1630264268664924,0.1630264268664924,1.1613263867292796,2.170544127057882,0.11527789026019425,0.026577615856855794,0.1376173338814158,7.2495229192130175,7.135620325944105,10.09322466077226,0.1527192821827504,2502.1637421247606,935.9514887074185,0.637576622713148,0.04178331455605384,1.8620485594780298,9.550150551292084,0.5898805070419731,0.10106983109042422,0.00034375,0.8673741897489284,0.0968006941050063,0.7607056498232082,0.0382387267120162,0.07833532308593136,0.019112680977879107,0.03242906820763302,0.838034411851701,0.12079677202980922,0.004816262403004517,0.00683914096260167,1.0581264108352144,0.5898805070419731,0.2507328382352934,0.1417497470102121,0.19186359458307495,0.15156021674070871,0.08242463925126949
B014_1,数据集/数据集/源域数据集/48kHz_DE_data/B/0014/B014_1.mat,4,B,48k_DE,1772.0,0.16097882106356654,0.16097882106356654,1.8699037580896516,3.4779298979530484,0.1094698291433518,0.025914180831015772,-0.053384720053410564,16.28684193311395,11.607502261499842,17.070714355218154,0.15247512665567967,2500.6695611427,897.8172803180431,0.6315506788800818,0.04102764767991606,1.9213393126371345,30.423788782175013,0.5720325360984609,0.10149931029699295,0.00034375,0.8698299254058429,0.0898839260761942,0.8115464836546148,0.03422949598597258,0.06939988912619378,0.018196394106062837,0.02392053970399141,0.8501916421405012,0.0892730139969073,0.004600780314566458,0.005142043213691852,1.0581264108352144,0.5720325360984609,0.25347242669932124,0.1670431618927059,0.20271970439228326,0.16290661238819934,0.07349313547321708
B014_1,数据集/数据集/源域数据集/48kHz_DE_data/B/0014/B014_1.mat,5,B,48k_DE,1772.0,0.15097309567605344,0.15097309567605344,1.8697435152018824,3.4778889579121803,0.10044553816065371,0.022792875618010786,-0.09913261032674614,20.5435310548279,12.384322340365603,18.61406411353202,0.14612708295184032,2455.5143068447564,959.6666927014666,0.6371435564272506,0.04531854949969902,1.9448919971628338,37.07270709622116,0.5701716840409111,0.10028904602342861,0.00034375,0.8728553259828036,0.10758311880432336,0.8158251960228665,0.040551186642620814,0.05863776328193402,0.02048655615799644,0.025777531306862566,0.8233689092081469,0.0934544745107278,0.004900598717444556,0.005432277931924143,1.0581264108352144,0.5701716840409111,0.25011585205354075,0.1683317542479635,0.21718804244581624,0.15687082608447156,0.06339716259454756
B014_1,数据集/数据集/源域数据集/48kHz_DE_data/B/0014/B014_1.mat,6,B,48k_DE,1772.0,0.10918086252775416,0.10918086252775416,0.8848881761440133,1.6936284060717268,0.0813471619084827,0.011920460742304352,-0.0763734550076444,6.986848950199875,8.107226958555286,10.881267711188874,0.14399072208997132,2217.3270163197317,1199.3453892315056,0.6491322156390159,0.08824490945754661,1.629653892161856,14.432392001089832,0.648588254966673,0.07434836243155858,0.00034375,0.8838363405173726,0.18570494344462218,0.6566855746450857,0.06974864311283636,0.06713166277159321,0.035861980673745714,0.05913582468826677,0.6952196820970966,0.20066275115957116,0.007776965624837229,0.013662133400086438,0.5290632054176072,0.648588254966673,0.16827596510278517,0.10281645870619635,0.20049467162384632,0.15718400264687882,0.07234815344558616
B014_1,数据集/数据集/源域数据集/48kHz_DE_data/B/0014/B014_1.mat,7,B,48k_DE,1772.0,0.11477433390772512,0.11477433390772512,1.0814865820179382,2.0599827330585265,0.0832879195481655,0.01317314772396198,0.13085007152630687,8.80045019666754,9.434334273511716,13.003017343764471,0.14893487151315388,2356.6903538775537,1098.5904544579473,0.6318589188155226,0.08165889687020772,1.7206602312226702,18.358411369173805,0.6168944143180295,0.07053288119335721,0.00034375,0.8758052550721251,0.15117981421041968,0.7278211446785751,0.045210335170849894,0.07013807366387927,0.026120874934575815,0.04001023245646078,0.766396073260267,0.15026331590389244,0.006100726825132781,0.009660907768521446,4.232505643340858,0.6168944143180295,0.12282618758169798,0.1553841082469171,0.2619000814739538,0.16439879076498184,0.0751928301758369
B014_1,数据集/数据集/源域数据集/48kHz_DE_data/B/0014/B014_1.mat,8,B,48k_DE,1772.0,0.14128188047563814,0.14128188047563814,1.1480970406651225,2.1264008342635914,0.09705626783090412,0.0199605697507325,0.09553613674701139,9.913621010225693,8.142373523339172,11.857297057664528,0.15168162119269976,2524.676576922008,965.9131894912629,0.6330163165534287,0.05597955142104751,1.9234600912430404,14.626563636716263,0.5777772377225594,0.0815597599578894,0.00034375,0.8641671757579463,0.10408711925197267,0.7941624280989463,0.030024298503922,0.07079247212936932,0.020082075465324943,0.025165241038101364,0.8355498904623079,0.10210649610521509,0.006551801548580831,0.006668894300720004,4.761568848758465,0.5777772377225594,0.15012553986906024,0.15338955215095634,0.3066245019027236,0.16869023768350327,0.07376573667703591
B014_1,数据集/数据集/源域数据集/48kHz_DE_data/B/0014/B014_1.mat,9,B,48k_DE,1772.0,0.14836908711021918,0.14836908711021918,1.1481591889708773,2.1141482266099945,0.1023636139753929,0.022013386009919807,0.010035133130624105,8.99671032493294,7.746331806539489,11.228662598615013,0.15485564304461943,2569.772407947049,931.4760794079732,0.6353682845155226,0.04899742732055702,1.9096149735654593,12.50826562394767,0.5768720973052917,0.09318794515947225,0.00034375,0.8616927387641972,0.09136921937393454,0.7913396619804833,0.02685910253218533,0.08291563845764897,0.017328219313693008,0.026278816394771132,0.8535122147944277,0.09172946455552439,0.007310317284271944,0.006792197647853365,4.761568848758465,0.5768720973052917,0.16137624292261946,0.1312489865100298,0.3031267822466854,0.17607068325159758,0.08552346000736195
B014_1,数据集/数据集/源域数据集/48kHz_DE_data/B/0014/B014_1.mat,10,B,48k_DE,1772.0,0.132273645785935,0.132273645785935,0.9576432396034231,1.8732527990505436,0.09553860929283844,0.017496317369503,0.0026268468237519776,7.3696477417697634,7.236463346928877,10.01909234986693,0.1541231764634072,2477.626533785043,1023.8401535624625,0.6379443366376397,0.06178810075108551,1.730897241327585,12.022180019440778,0.6087910931288205,0.08403224737958638,0.00034375,0.8671267178842805,0.11783120622547646,0.7280362451087009,0.0327658656917646,0.09734736489216399,0.020925506505997445,0.03622747277797638,0.8164765380653813,0.1272237094984785,0.00734125751809156,0.009626614672255882,4.761568848758465,0.6087910931288205,0.12790656280674464,0.15005229902861536,0.2769998758433644,0.15658504669394346,0.10031803970300793
B014_1,数据集/数据集/源域数据集/48kHz_DE_data/B/0014/B014_1.mat,11,B,48k_DE,1772.0,0.131521379943101,0.131521379943101,0.7181272128922747,1.3782233995084963,0.09800240784042133,0.017297873382137535,0.10802252945164555,4.894583188748668,5.463225439549681,7.33184608845749,0.15296343770982115,2464.7729469166316,1036.3356182669468,0.6405137431635474,0.06572497185825306,1.6695009879301042,6.098181302466486,0.6363117396025518,0.059258915703634854,0.00034375,0.8690715222093561,0.12101757783134003,0.6666955749876025,0.03491022420003226,0.12084897142066933,0.02091276851493507,0.041529163402621305,0.8109562779389987,0.15804305941965943,0.007352862915462309,0.011115593328996686,2.645316027088036,0.6363117396025518,0.10810850137281267,0.18865601056477782,0.22004299223453988,0.14111170151036811,0.12261578421797598
B014_1,数据集/数据集/源域数据集/48kHz_DE_data/B/0014/B014_1.mat,12,B,48k_DE,1772.0,0.1527292724206892,0.1527292724206892,1.1972726575503843,2.1395960571312096,0.11063445682653245,0.023326230654153093,0.23024560803970454,6.466693964095812,7.836513866608174,10.81826450294802,0.15448940975401332,2463.468743326802,992.2034504050765,0.6470664326994453,0.04947771284639538,1.7755772589753458,9.462193130666313,0.6233927372703365,0.06962269932231696,0.00034375,0.8685735463741933,0.10751265031105936,0.7043789282302378,0.044827987780304814,0.10632556914007676,0.019569611851556323,0.043772381594948284,0.8183399616761172,0.13582742379070972,0.006091475065103125,0.008402219321924156,1.0581264108352144,0.6233927372703365,0.17453220736256114,0.15640015272423985,0.1997080382669328,0.16357010303878103,0.1084567883157376
B014_1,数据集/数据集/源域数据集/48kHz_DE_data/B/0014/B014_1.mat,13,B,48k_DE,1772.0,0.15594224407920762,0.15594224407920762,1.1970963462428894,2.1395943534422797,0.11331924303110708,0.024317983488459167,0.18240993243571027,6.5671304423389865,7.669424287097365,10.554702869874,0.15723615943355918,2443.1511228952286,1003.6699691711271,0.6524999440268373,0.04595036176205842,1.7478023179947868,9.94645877135668,0.6256004290868915,0.08452317677991324,0.00034375,0.8693997763193527,0.11112950633782286,0.705879533172236,0.04684745421396339,0.09095350535567484,0.022012712444939415,0.0479740929280277,0.8101072548174616,0.1450129409354875,0.006201655983258576,0.008969129801874413,0.5290632054176072,0.6256004290868915,0.2071449626450642,0.11644482405277343,0.1855369364742718,0.18330937329431277,0.09389048317065084
B014_2,数据集/数据集/源域数据集/48kHz_DE_data/B/0014/B014_2.mat,0,B,48k_DE,1748.0,0.1518483843244669,0.1518483843244669,1.9582971168062997,3.728210514768458,0.09807214449872426,0.023057931821951004,0.2688213764854983,22.14883647645155,12.893889391251514,19.964194039121157,0.15229201001037662,2452.345800907663,992.6677312191655,0.6315675568742704,0.045272454006518005,2.076167988198414,36.069272624728136,0.5613696561022635,0.09423861471919491,0.00034375,0.8688030525810552,0.10451683880275678,0.8086641456599001,0.042846420602766125,0.05091817473044654,0.02811219506911512,0.033346479820297044,0.8140900525980347,0.09816235946507254,0.005288250628643171,0.007485236419015967,1.072654462242563,0.5613696561022635,0.26413512879485157,0.1893706486530024,0.2129325607609789,0.1285267798005297,0.05424328354305283
B014_2,数据集/数据集/源域数据集/48kHz_DE_data/B/0014/B014_2.mat,1,B,48k_DE,1748.0,0.12449285839107994,0.12449285839107994,1.20428745822005,2.0814187978612613,0.08768041009655758,0.015498471790381484,0.34521481449006347,11.226017497728922,9.659010936703718,13.717410609709175,0.14985045473966918,2278.2377430923616,1177.8524758725257,0.6486827578083859,0.06855201535258362,1.80264086571729,20.939236812932947,0.626725189833426,0.10979876992685991,0.00034375,0.8770339674205341,0.15845736533895452,0.6815323496321671,0.06463616670105067,0.06728645831880571,0.04289915458919466,0.059692189790317825,0.7194199069603083,0.17502975998346562,0.00684842320054323,0.013825470188084912,0.5363272311212814,0.626725189833426,0.2059396460180923,0.14182261054497938,0.17473689656149702,0.14399646443171216,0.07108026905084217
B014_2,数据集/数据集/源域数据集/48kHz_DE_data/B/0014/B014_2.mat,2,B,48k_DE,1748.0,0.1176782029163955,0.1176782029163955,1.0318136627885695,1.7891776657084377,0.08665225392451595,0.013848159441632354,0.14594734105718027,7.259364994234374,8.758266582501845,11.89538432331001,0.15216993224684125,2273.9903690035135,1173.77455572148,0.6479265890301026,0.07175643528467567,1.6647669347551595,13.680708971261733,0.6485676539110635,0.07135885683464654,0.00034375,0.87809428976828,0.1623537350140928,0.6568101602748844,0.06409582429292492,0.07193570541898796,0.04179153920966125,0.06190221720859255,0.7190204408681786,0.19216706660684763,0.005332474706905486,0.014512257196973482,0.5363272311212814,0.6485676539110635,0.16172462230956575,0.11090491026103046,0.19086146245977595,0.17583414019439259,0.07534170565952787
B014_2,数据集/数据集/源域数据集/48kHz_DE_data/B/0014/B014_2.mat,3,B,48k_DE,1748.0,0.11020049741947487,0.11020049741947487,0.7617866087973925,1.4470758501787584,0.08243381380684157,0.012144149631499686,0.05375478227324687,5.925129505458569,6.914257797591668,9.243253713199575,0.15284135994628578,2307.7553398973155,1168.1669887650885,0.6396418575414836,0.07766466404759298,1.605817443879524,10.444732202311448,0.6591433146296138,0.06883874972564509,0.00034375,0.8758351370860018,0.1586462622720024,0.623783815687078,0.05661362824256008,0.09256825648000336,0.04130200959646651,0.07419652301358422,0.7297335736921455,0.19021714156635883,0.0056871894954333944,0.015898424469581535,4.290617848970252,0.6591433146296138,0.09207592161768162,0.10909238793142818,0.2319852912413586,0.17497310166182062,0.09649536351059188
B014_2,数据集/数据集/源域数据集/48kHz_DE_data/B/0014/B014_2.mat,4,B,48k_DE,1748.0,0.17371048493499194,0.17371048493499194,2.9112992721657527,5.205860727073258,0.10676924636346094,0.030175332576350064,0.53138039554538,43.51929098093978,16.763051259485028,27.273751574693637,0.1558322651529024,2457.635945953672,1021.0649875646646,0.6443725433841923,0.049900312926103516,2.2011665901519697,71.14613887182753,0.5946451411883982,0.1454579217419706,0.00034375,0.8641052177182829,0.10757708253041667,0.7370372295019114,0.045048789496368986,0.08643909079342149,0.02855624842170286,0.04503927720959171,0.8082156621252927,0.1209193422570527,0.005081779578116027,0.009174146025493334,0.5363272311212814,0.5946451411883982,0.25761664880323126,0.114597610927331,0.16158908646628675,0.14808491200292062,0.09244492403001035
B014_2,数据集/数据集/源域数据集/48kHz_DE_data/B/0014/B014_2.mat,5,B,48k_DE,1748.0,0.2021706204314546,0.2021706204314546,2.9132980020282275,5.205862733411383,0.12862417620816943,0.04087295976563929,0.44719652677239347,26.318181098086264,14.413203450066845,22.654866019362345,0.16138680339376182,2580.2276868430818,828.3177285532062,0.6210215381066154,0.04487240065321425,2.2076386289717864,43.356591062228944,0.5425437105505875,0.13815953647103074,0.00034375,0.8624991188648911,0.06662099484461234,0.8241808744501666,0.030828319488937127,0.07078100694403272,0.019247630731989537,0.025125897327387008,0.8770483441264039,0.07509164032634603,0.0034396529755644565,0.004320518717753735,0.5363272311212814,0.5425437105505875,0.3166851264901407,0.14285378876155963,0.19091071349095098,0.13034162561170848,0.07520396775568462
B014_2,数据集/数据集/源域数据集/48kHz_DE_data/B/0014/B014_2.mat,6,B,48k_DE,1748.0,0.19441378338185666,0.19441378338185666,2.3199533885573813,4.292385059149529,0.13035587364440854,0.037796719168847484,0.39619036836428606,15.145775271677405,11.930960009911399,17.794020989295724,0.15778550936946836,2527.234022747747,928.8725647986257,0.633300437801943,0.043771973837359875,2.0545924952837087,25.515057755171483,0.587767127393504,0.1262292767856049,0.00034375,0.8632054471841858,0.08392628468221687,0.7718318146009182,0.04235018431661483,0.0754276836400383,0.023602204802576573,0.037837384608202754,0.8418461555118548,0.10713541282699203,0.004541171306462338,0.006886521490011394,0.5363272311212814,0.587767127393504,0.258259590982755,0.10829149595727092,0.19547605693097936,0.16690962290386532,0.08089815764225324
B014_2,数据集/数据集/源域数据集/48kHz_DE_data/B/0014/B014_2.mat,7,B,48k_DE,1748.0,0.17492988281602131,0.17492988281602131,2.3211158122904925,4.292386801294764,0.11855177730553787,0.030600463902026948,0.40888183772330433,19.098896892422477,13.265328718507734,19.57402096031687,0.1562595373252762,2568.088961862962,872.380135868842,0.6279416259024095,0.04381796753342298,1.9560035842535826,38.21914115541054,0.5725050035846522,0.10656219671789274,0.00034375,0.8638667801486771,0.07029485239236719,0.8014546579365736,0.034230001013609984,0.08111872312565974,0.02028474129096463,0.029339708172226756,0.8669164602941586,0.08137902574615444,0.004436649171928241,0.005948059407295542,0.5363272311212814,0.5725050035846522,0.2546701918866584,0.15189979621521496,0.18616253056345572,0.16595752408614184,0.09143291486367909
B014_2,数据集/数据集/源域数据集/48kHz_DE_data/B/0014/B014_2.mat,8,B,48k_DE,1748.0,0.16640885288687193,0.16640885288687193,1.800144396547078,3.539368131326393,0.11237985314105808,0.027691906319124583,0.07158622576819838,17.590553964899875,10.81443058463039,16.013945438728488,0.15827382042360985,2532.271925835065,925.6479040279818,0.635501285390158,0.042930486497983464,1.9651179020827712,32.97019707880298,0.5737065036455066,0.0977577874390722,0.00034375,0.8648587166029126,0.08274914529618012,0.7971127747618753,0.03827547163823256,0.06456546657942651,0.023552745558207935,0.03334650439757966,0.8459016729025381,0.09700329683218967,0.005118270319180289,0.007084288670699033,0.5363272311212814,0.5737065036455066,0.2595860961278601,0.1658907156027457,0.18766641879291002,0.16036188684966646,0.07347321470320982
B014_2,数据集/数据集/源域数据集/48kHz_DE_data/B/0014/B014_2.mat,9,B,48k_DE,1748.0,0.1843814767457798,0.1843814767457798,2.1873181890211972,4.109338182078332,0.11400946802062288,0.03399652896695453,-0.27534552896780495,26.735280462981596,11.86155948939792,19.183132410118453,0.1557712262711347,2524.0202075247253,853.8945833185763,0.6175690352735699,0.039903429532926735,2.1931619577919768,38.61625550575538,0.5296462780782607,0.09284236446485482,0.00034375,0.8674153306083738,0.07661706383497954,0.8751599663166271,0.03152410610766328,0.03334421445306169,0.024886332334901035,0.024665771988842636,0.8603302787069113,0.062159402842312445,0.0034284460557180503,0.004031989220380645,1.072654462242563,0.5296462780782607,0.2642264416310422,0.23059311126737136,0.20915624214061695,0.14944845309428917,0.036409941287701635
B014_2,数据集/数据集/源域数据集/48kHz_DE_data/B/0014/B014_2.mat,10,B,48k_DE,1748.0,0.17709780704700567,0.17709780704700567,2.186856735371871,4.10933750588385,0.109490410035449,0.03136363326085845,-0.15179373583747358,27.675520822335333,12.350940153448688,19.977534034858692,0.15638161508881157,2525.226920915127,878.7536176120076,0.6213536344419496,0.042054226959538754,2.189988539574052,40.41210186700805,0.5287507657331871,0.10330246951155839,0.00034375,0.866571930056121,0.0759118942860655,0.8723346546428566,0.03310745004340679,0.03566234068891466,0.025280814851238308,0.02519607498103194,0.8562602310898721,0.06129304748439116,0.005832308999602792,0.004861634267853227,0.5363272311212814,0.5287507657331871,0.25804881878995983,0.21499066289696828,0.23249331776530127,0.1457515243154596,0.037310849742327845
B014_2,数据集/数据集/源域数据集/48kHz_DE_data/B/0014/B014_2.mat,11,B,48k_DE,1748.0,0.15436160340407803,0.15436160340407803,1.7600562176396495,3.2626576972295465,0.10284701426854223,0.023827504605477876,0.27409988897571713,17.391665909966676,11.3995606811786,17.10961707529093,0.1579686260147714,2525.9196003339034,1078.4957096621645,0.650493278866748,0.045294417488852205,2.0136974032895645,29.556701916584856,0.5989054386666615,0.09387782682719782,0.00034375,0.8611794531944106,0.10353937237311436,0.746764376886742,0.04121737370494712,0.07861991499969558,0.026019742255724794,0.04323013310118341,0.807251016099925,0.11720310355160374,0.015273255870258004,0.012693896885599939,1.072654462242563,0.5989054386666615,0.23198994025090014,0.12612633437341075,0.20225824711717397,0.1676231811089619,0.08388536791176741
B014_2,数据集/数据集/源域数据集/48kHz_DE_data/B/0014/B014_2.mat,12,B,48k_DE,1748.0,0.13513534457817933,0.13513534457817933,1.0129810956264134,1.8875121256916163,0.09611354214478661,0.01826156135426326,0.010167277082876866,7.965495726580961,7.493671008529035,10.53616072291228,0.15973875358603432,2548.7019692431795,1054.6026616950016,0.6450478346882859,0.04825976864704288,1.8125415693132434,11.871996136415705,0.5999486801165284,0.08995759770199452,0.00034375,0.859633871198235,0.09747864874383118,0.7660276787130313,0.0356179195317507,0.06968867279054242,0.0254114617565304,0.042181727082094445,0.819512775097185,0.1079918179399367,0.0151823775189532,0.012528845143810379,1.072654462242563,0.5999486801165284,0.20137943463842953,0.14845225385910646,0.21442904311456043,0.18228295129657301,0.0773603217774279
B014_2,数据集/数据集/源域数据集/48kHz_DE_data/B/0014/B014_2.mat,13,B,48k_DE,1748.0,0.12357827100161185,0.12357827100161185,1.0133433586579748,1.887513414898414,0.08911094063955374,0.015271589063747822,0.08064410433665262,7.981878951150524,8.20369312845526,11.377042320143003,0.1580296648965391,2452.906813557107,1119.2985869340864,0.6474283938731125,0.05971978177026538,1.7445602930516917,13.65987624927774,0.6164801490708306,0.0708493604918786,0.00034375,0.8651853018451056,0.11889628097831768,0.7391871023091234,0.046598793660667236,0.0689426112802624,0.03341566790074546,0.048508950487558496,0.7813556845639194,0.12717094848427862,0.012018457959750808,0.0139753171404497,1.072654462242563,0.6164801490708306,0.177091599539303,0.1548441637197529,0.21476919452393303,0.17265215365808048,0.07475943498988977
B014_3,数据集/数据集/源域数据集/48kHz_DE_data/B/0014/B014_3.mat,0,B,48k_DE,1725.0,0.1394969880159695,0.1394969880159695,1.003050152588087,1.8578855094700835,0.10286876563398142,0.019459409665527533,0.00534820941479482,6.190294139983555,7.203214530588009,9.77013580460438,0.15357382652749801,2347.0596987135527,1094.831999852287,0.6619871575343631,0.04620003362883125,1.6920861477907432,10.010473124340313,0.6499849561717008,0.07029109411786197,0.00034375,0.8757362349197717,0.11283730660784684,0.6509370872522305,0.06008257920405836,0.07722431579820148,0.08145763432977758,0.09679235393112687,0.7325080318107052,0.15954422205745175,0.006473949651552204,0.01351105316087823,0.5434782608695652,0.6499849561717008,0.17061277996465643,0.13784355953320815,0.16071511843860303,0.1569818931647577,0.07769840280639909
B014_3,数据集/数据集/源域数据集/48kHz_DE_data/B/0014/B014_3.mat,1,B,48k_DE,1725.0,0.15951979857661072,0.15951979857661072,1.1316941305213586,1.9935074874782335,0.11420528870665221,0.02544656613792246,0.20628052464675012,6.5149017475441875,7.0769039070816895,9.888226894665408,0.15381798205456876,2455.0790172609445,974.5207719587274,0.6490624476879846,0.04219513528168938,1.8232512043514164,8.156644361154886,0.6288395478869485,0.08902873541848015,0.00034375,0.8715463443937261,0.08312323440094928,0.6939572540956923,0.04286796389973814,0.09268671288176904,0.063953584391558,0.08481318688675625,0.7989693441307147,0.11702058992853728,0.005885524138943502,0.01026491580282662,0.5434782608695652,0.6288395478869485,0.21111228716425004,0.12707911425696272,0.15677468033788486,0.17384190187691312,0.09415426574278289
B014_3,数据集/数据集/源域数据集/48kHz_DE_data/B/0014/B014_3.mat,2,B,48k_DE,1725.0,0.19340760267947538,0.19340760267947538,1.9690108669553894,3.5572500717160276,0.132816589910361,0.03740650077422181,0.2925344854113404,10.115724256394266,10.167086352896726,14.808549179754875,0.1588842092412867,2535.12826554318,885.7634055623415,0.6360310968107373,0.04303204520366862,1.9740130904059727,15.330662034516099,0.5849117400855973,0.09749709413164459,0.00034375,0.8663445006676839,0.06420219779315713,0.7706440074257185,0.03981111073364854,0.07568859812012751,0.045680420392039345,0.05586791631416857,0.841912256403733,0.09026562253647694,0.004548944042814094,0.006782474783326655,0.5434782608695652,0.5849117400855973,0.2611918543327761,0.16758612005199455,0.1596559509406858,0.16257542036152467,0.07831345903722566
B014_3,数据集/数据集/源域数据集/48kHz_DE_data/B/0014/B014_3.mat,3,B,48k_DE,1725.0,0.21115274962182123,0.21115274962182123,2.2678841081471264,4.074115489449094,0.13934073267340516,0.04458548367285553,0.2790232137604656,14.570321330636183,10.730017475087482,16.26232803767084,0.1607153756943173,2542.441288793294,839.7398392760903,0.6275715996293477,0.046710760290237255,2.097500202009829,22.174402831531868,0.5468592459272636,0.10043139476646065,0.00034375,0.8664757299131627,0.059648009271921744,0.832913197473137,0.038367281916777025,0.04615690018793641,0.03968635264397281,0.041913375477563346,0.855205461400317,0.07379014205959551,0.004138670237277514,0.00475099391592933,0.5434782608695652,0.5468592459272636,0.28695932841292365,0.18636081727922113,0.2019782811721603,0.13215586124152295,0.04758187395080535
B014_3,数据集/数据集/源域数据集/48kHz_DE_data/B/0014/B014_3.mat,4,B,48k_DE,1725.0,0.20325434222979122,0.20325434222979122,2.268252698559179,4.074114223526563,0.1347300464922223,0.041312327635265086,0.32669848084298475,17.41824004253112,11.156689165513802,16.831229120387,0.16224134773850943,2542.8606154076747,836.1479828800831,0.6297277340464411,0.04757482881217841,2.021554311621843,29.28835940445878,0.5504068635881048,0.09569346930245004,0.00034375,0.8669804534907726,0.05884227880972047,0.8372945496706313,0.035548959995508174,0.04250293407460034,0.04476194079778345,0.045360922300079085,0.8535256535636481,0.06960091410338994,0.004285258333479724,0.004720427693601014,1.0869565217391304,0.5504068635881048,0.27001434515888245,0.1846043903708886,0.2227275339504926,0.13674230031742524,0.042179420868985185
B014_3,数据集/数据集/源域数据集/48kHz_DE_data/B/0014/B014_3.mat,5,B,48k_DE,1725.0,0.17776251122924167,0.17776251122924167,2.155849878286216,3.8574014225314674,0.12056566264092786,0.03159951039852627,0.26723182911172244,16.911184413679972,12.129938324883442,17.884572351374647,0.16126472563022645,2523.214352587472,897.2445615047491,0.6387253166088811,0.04620892576968586,1.9070834218486372,31.71834122686458,0.5661218878167734,0.09330870916827638,0.00034375,0.8666399669987199,0.06526138033212181,0.8081858541760415,0.04046307621475532,0.054144338613597444,0.05323282024634218,0.054334439481207135,0.832216257299319,0.07623049504586632,0.004832632288494665,0.006320583452967343,1.6304347826086956,0.5661218878167734,0.2494724541309883,0.21712382613632752,0.18938176237148335,0.12376874503036486,0.05304343609214249
B014_3,数据集/数据集/源域数据集/48kHz_DE_data/B/0014/B014_3.mat,6,B,48k_DE,1725.0,0.13965849644864822,0.13965849644864822,1.4799077632033106,2.911568548450851,0.10011503987848798,0.019504495630297086,0.007304525413892901,13.96367759842572,10.607897080661767,14.80021374756775,0.15479460416285173,2417.5482644719423,1041.5141484339727,0.6478270477311043,0.04402863249631824,1.698697475823097,34.47842467512396,0.601334353341879,0.08782352073750027,0.00034375,0.871980901747835,0.09233222266983851,0.7200114669597935,0.0516831583873967,0.06752512954066336,0.07556602860824797,0.09065501558527105,0.7673112880508306,0.10868616857704455,0.006529337046838393,0.011509369184277,1.6304347826086956,0.601334353341879,0.2401060024012835,0.22006688931551754,0.15076617743704632,0.08944429946952805,0.06773689639803608
B014_3,数据集/数据集/源域数据集/48kHz_DE_data/B/0014/B014_3.mat,7,B,48k_DE,1725.0,0.12544752234111972,0.12544752234111972,1.0695052369652447,1.9409282609065688,0.09382380967753409,0.015737080861525733,0.11941644178510202,7.449051855175715,8.512354452205514,11.383264535263718,0.15259720441921504,2313.2308111977604,1169.685897443919,0.6571921917380448,0.06255866005825987,1.589515140851819,18.120557052694828,0.7066540169584586,0.048204445374455285,0.00034375,0.8755541662791961,0.1199852224568673,0.5235057422532733,0.057879065249698956,0.10197259814964417,0.10768068394392535,0.16867014230304836,0.6962503081072944,0.1807675899910833,0.00877933707391375,0.021836761378540254,0.5434782608695652,0.7066540169584586,0.11401179421913894,0.09387898631577506,0.17128409075417583,0.1296898062402707,0.10704895680791698
B014_3,数据集/数据集/源域数据集/48kHz_DE_data/B/0014/B014_3.mat,8,B,48k_DE,1725.0,0.1597926874428142,0.1597926874428142,2.0904427484251302,3.6538984562606407,0.10801342281258182,0.025533702960196906,0.5661091691974576,19.796397762822817,13.078740269255018,19.348697976975348,0.15357382652749801,2369.4666530792815,1049.8625372740692,0.6579852268013399,0.04402756597404476,1.9014916565308193,39.43372095410695,0.6341788077610796,0.09103622936015224,0.00034375,0.8734472046790756,0.09889437930224579,0.6852483622861126,0.05495071186892655,0.07504843585155213,0.07496792884424489,0.09301628268401223,0.7589156009146154,0.13311291552464988,0.005806901941878774,0.01203517804641364,0.5434782608695652,0.6341788077610796,0.19604914939115795,0.1318643821020419,0.1821080927124243,0.1445970722731637,0.08173746266168949
B014_3,数据集/数据集/源域数据集/48kHz_DE_data/B/0014/B014_3.mat,9,B,48k_DE,1725.0,0.19568211045694256,0.19568211045694256,2.2190483993557524,3.7961145598558472,0.12613269365911906,0.03829148835288307,0.5791682978985109,19.329742472998312,11.335340716497296,17.586141151116003,0.15772447048770066,2494.5399959815713,881.3706278484082,0.6373077496973095,0.05207609117189593,2.13150182977347,29.626177113027914,0.5714266544109069,0.09286561463804682,0.00034375,0.8691549070357173,0.06600184669071753,0.8069686377753513,0.0424736537190351,0.05464131220556619,0.04935842180750751,0.04986746993095992,0.834954140198483,0.08235233504215667,0.003560915606811268,0.005581585735865124,0.5434782608695652,0.5714266544109069,0.23375960728420397,0.18198531925256503,0.21519866570575408,0.1404594904924374,0.06282175752100654
B014_3,数据集/数据集/源域数据集/48kHz_DE_data/B/0014/B014_3.mat,10,B,48k_DE,1725.0,0.20716302212835722,0.20716302212835722,2.2193380820130937,3.871734190775043,0.1346033760977905,0.04291651773735422,0.3491230351685096,15.60353452167973,10.713756375905842,16.48915606477651,0.16041018128547885,2551.8261904996048,826.8143039671857,0.6310820690407775,0.04891458669141337,2.1291900649588085,22.377900278854455,0.5614998559895105,0.08889322885922175,0.00034375,0.8647327572061487,0.0518000465890213,0.822515080763801,0.03663857183640053,0.06048938053625803,0.04428015528609052,0.04535527294075771,0.8597187988926007,0.06605590304954277,0.0041945635257240954,0.005044850420502259,0.5434782608695652,0.5614998559895105,0.2420153301135692,0.20065556611954252,0.20500664572387672,0.14770476725278114,0.06838014417395864
B014_3,数据集/数据集/源域数据集/48kHz_DE_data/B/0014/B014_3.mat,11,B,48k_DE,1725.0,0.17964271158612852,0.17964271158612852,1.8955011415942598,3.5477607661310753,0.12217695892391056,0.032271503826016956,0.1372906357184241,13.19467755681764,10.551300129496196,15.514089638440575,0.1558322651529024,2510.6696207427167,885.8430302931437,0.636934743184129,0.0429479594166479,1.9104070094091221,21.918886413455926,0.5669430687939877,0.09320443713290366,0.00034375,0.8675313577469442,0.05937692965355944,0.8092582630392992,0.0439841039770479,0.05971398920413802,0.05399875746071389,0.05162712588396806,0.8341590692247526,0.07214730430550823,0.004295426112184132,0.006427113707854314,1.0869565217391304,0.5669430687939877,0.25081391422306515,0.20091259410633244,0.19876928583633977,0.13841537255649297,0.06566705835632779
B014_3,数据集/数据集/源域数据集/48kHz_DE_data/B/0014/B014_3.mat,12,B,48k_DE,1725.0,0.14303199520781484,0.14303199520781484,1.1704183562916513,2.252736735495554,0.1047299169628553,0.020458151653128365,-0.020503236407079368,7.271185080300218,8.186804393785728,11.181097649860845,0.1554049929805286,2394.453152937448,1051.115337305956,0.6532801826682461,0.041366980045203616,1.674490817427547,13.621818960636174,0.6406025402361981,0.06267351392276954,0.00034375,0.8728771481428442,0.09124361254463023,0.6954899367531254,0.059487457899692564,0.07401912977765905,0.07956336344269743,0.0897446550367499,0.7575926138385837,0.1265844678476168,0.0054808032018239024,0.012390798355592125,1.0869565217391304,0.6406025402361981,0.16935511228917863,0.12030871957457669,0.20808739219298672,0.17250736880620993,0.08051539466683462
B014_3,数据集/数据集/源域数据集/48kHz_DE_data/B/0014/B014_3.mat,13,B,48k_DE,1725.0,0.13850144371893391,0.13850144371893391,0.9749484164656128,1.8628155637662038,0.10386905211268321,0.019182649912229018,-0.016300959473341693,5.3392250958004555,7.054769464367308,9.410023813414995,0.15656473173411464,2386.0523355622267,1090.8596922120646,0.6599940355313694,0.04932730901843513,1.6341729196457988,8.741890401166547,0.6753990581536542,0.05853650154610534,0.00034375,0.871816397983384,0.09906346322869625,0.6020888760457966,0.05623635011990968,0.097378372638808,0.08625458763909732,0.12336787315543128,0.7436394749667535,0.15811571676176714,0.007394780743347063,0.016817391947617555,1.6304347826086956,0.6753990581536542,0.15552637367537214,0.10978633785790674,0.14686178614916154,0.170861113073574,0.10099114900740791
B021_0,数据集/数据集/源域数据集/48kHz_DE_data/B/0021/B021_0.mat,0,B,48k_DE,1797.0,0.3454981724387843,0.3454981724387843,1.4160344575792974,2.68727687372646,0.2761229296032693,0.11936898715853991,0.022147639012075865,2.9989289778696038,4.090292501889205,5.118276200373339,0.16858939144234877,2659.0570820439293,527.0648236825391,0.5553415699340559,0.10122773179378552,1.4155865530258116,3.170662379623427,0.6047278027826538,0.05378009516221604,0.000375,0.8625381130352011,0.008675552242712182,0.7640527722628487,0.021861668969906503,0.08817289560456097,0.030243214809598993,0.09672399125151097,0.9300982740598379,0.04810309095055602,0.008379110889708526,0.002776487330949876,1.0434056761268782,0.6047278027826538,0.14966443081090047,0.1559852844136665,0.24819468105339348,0.19411400401764928,0.09175568876557695
B021_0,数据集/数据集/源域数据集/48kHz_DE_data/B/0021/B021_0.mat,1,B,48k_DE,1797.0,0.33956908674001596,0.33956908674001596,1.242208319409614,2.443530790955871,0.271131445909332,0.11530716466944849,0.014086949000376782,2.9963596728247284,3.6461515688101542,4.567163339049539,0.16956601355063175,2651.718263716332,548.983274884067,0.5597840261750854,0.09919244377304738,1.407314243576086,3.1022401219088502,0.6106545343096065,0.05947549303685445,0.000375,0.861651672869367,0.009400772101588122,0.7591831960503291,0.025809442956531987,0.08321114100674565,0.030245651978336507,0.09895399587551344,0.9248344068993186,0.05509604335698357,0.00889411999888312,0.003361331705135279,1.0434056761268782,0.6106545343096065,0.16171664560135313,0.15359742218179837,0.23087535008094637,0.2003409388767996,0.08641652482203302
B021_0,数据集/数据集/源域数据集/48kHz_DE_data/B/0021/B021_0.mat,2,B,48k_DE,1797.0,0.33814171349636557,0.33814171349636557,1.4277828470217044,2.8247988450372086,0.27006896427924026,0.11433981840625818,0.020863607749868528,3.0413192195499605,4.235479967934879,5.303955839430592,0.1693828969053287,2657.2321621465608,550.856604088503,0.5620692574001487,0.0956472969653353,1.4080961234595684,3.4967700524069514,0.6099216019770024,0.0595500961001205,0.000375,0.8620903886964615,0.00840989780049256,0.7676143936573422,0.026822813728823777,0.08006769047995571,0.030946488519724837,0.0950966745371316,0.9241828426223291,0.053841473620703205,0.008837572651643262,0.00317131388455656,1.5651085141903172,0.6099216019770024,0.15187285816334134,0.13541827136991133,0.2556023842954585,0.2106567663145072,0.08273999704839423
B021_0,数据集/数据集/源域数据集/48kHz_DE_data/B/0021/B021_0.mat,3,B,48k_DE,1797.0,0.34027586525268083,0.34027586525268083,1.428629568457815,2.824792831707631,0.27144589558136123,0.11578766447346059,0.007094657966057201,3.076000568603314,4.200572247222256,5.265728165356613,0.16956601355063175,2655.698016351925,555.7467770780567,0.5585453288969833,0.08692342639293203,1.4185766731352747,3.6466570152062494,0.610368582995724,0.049786198440678456,0.000375,0.8622494374292068,0.009198009440118561,0.7628635657013879,0.025574755716854216,0.0828742357349138,0.03355784233122657,0.09692120866776335,0.9220523729131022,0.05415374163147588,0.008827591987419614,0.002989597601554843,0.5217028380634391,0.610368582995724,0.14465226747825213,0.12590986035091267,0.2730027405746809,0.20338746497431265,0.08446128198419325
B021_0,数据集/数据集/源域数据集/48kHz_DE_data/B/0021/B021_0.mat,4,B,48k_DE,1797.0,0.35405627345754015,0.35405627345754015,1.8166128944264897,3.6214478569439263,0.27938854610664693,0.12535584477464046,0.012748289639052883,3.537470296321438,5.1329117513451274,6.504740796512452,0.17035951901361168,2654.1905643358405,568.1835123300906,0.5664108020014211,0.07387412177584594,1.446831596875994,5.334284599677145,0.6041675628451822,0.07165025390726676,0.000375,0.8611559362734501,0.009831876502780444,0.7731777975851395,0.027392866984427507,0.0728984813088473,0.03352278184944219,0.09595637823208071,0.9198872858104598,0.054507546256500214,0.008527750810198584,0.003276532438201648,0.5217028380634391,0.6041675628451822,0.17451857535664658,0.1429464067872402,0.23738722220166097,0.1947184064622282,0.0755795203031217
B021_0,数据集/数据集/源域数据集/48kHz_DE_data/B/0021/B021_0.mat,5,B,48k_DE,1797.0,0.4059245299589694,0.4059245299589694,2.1278555363551255,4.095061042327298,0.31384894128114543,0.16477472402241025,-0.0007607897626583683,3.980315813537195,5.245089386477709,6.783935864057398,0.17084783006775317,2691.3505929232024,502.40179269134165,0.5533901508416541,0.07531920225494297,1.5224819330116315,5.411423934390023,0.5841101489691971,0.061034288649885485,0.000375,0.8595662831360449,0.007853007822337306,0.8151209113335262,0.019113099669822293,0.06902452167453585,0.023482718079025886,0.06899625899757296,0.9421754218694389,0.043761349498076536,0.006675076182780043,0.0029492745555801383,1.0434056761268782,0.5841101489691971,0.1705081898951572,0.17271669397592504,0.23601481447570571,0.2244777359042643,0.07134848255987243
B021_0,数据集/数据集/源域数据集/48kHz_DE_data/B/0021/B021_0.mat,6,B,48k_DE,1797.0,0.3866239573002973,0.3866239573002973,2.1282343745656775,4.09506095191911,0.2981022189470629,0.1494780843585421,-0.023569850052899244,4.010979382528653,5.498107283761469,7.131094544001428,0.1690166636147226,2684.3945931765875,526.3460729339176,0.5562967889291198,0.08915854240017915,1.5621638452483075,5.393495957449644,0.5914315920675755,0.05497390253373365,0.000375,0.8597562418612416,0.010133636173526112,0.8065796443668681,0.020911941839312668,0.07761823518015479,0.022709377318252556,0.06541575122973202,0.9377490501857334,0.047193795147127064,0.007721210527549749,0.0030144320399783466,1.0434056761268782,0.5914315920675755,0.15246160599404238,0.15354366554330007,0.25529176913397505,0.2330803408019432,0.08182495656753266
B021_0,数据集/数据集/源域数据集/48kHz_DE_data/B/0021/B021_0.mat,7,B,48k_DE,1797.0,0.34993705351283594,0.34993705351283594,1.4899671453825503,2.824031996481687,0.27733214815757007,0.1224559414212454,-0.0211734269594115,3.0910709764498097,4.250402858580911,5.363475321518653,0.1690166636147226,2668.15115029045,529.8277515717248,0.552665910324781,0.08790346743873671,1.456197274489838,3.120128357105747,0.5875472207599165,0.06327830915238246,0.000375,0.8609720076464973,0.009367199100075533,0.8055972991294116,0.025296503464621947,0.06964182755041694,0.02114404338491445,0.07000653351323034,0.9357016686349883,0.051717699585797555,0.00771335812870944,0.0028722125169808725,0.5217028380634391,0.5875472207599165,0.1463786416671944,0.15394920593325392,0.29919594773005964,0.18414546327525977,0.07494235985787903
B021_0,数据集/数据集/源域数据集/48kHz_DE_data/B/0021/B021_0.mat,8,B,48k_DE,1797.0,0.35569341862021453,0.35569341862021453,1.4901534142810755,2.8240336104545127,0.28337620142104025,0.12651780804973517,-0.009962953482092706,2.9808951091504987,4.187862951757259,5.2566122841325,0.1698712079594702,2667.1157275779747,524.3924364753678,0.5527293605476913,0.10498375117483166,1.4206387089081212,3.0404023279025783,0.5938150552068107,0.05059670697178209,0.000375,0.8616943589609415,0.008414898542624012,0.7933520149448879,0.024379756280721455,0.07719065564963394,0.02258730223731812,0.0751275258529755,0.9361540943142628,0.05143843606871727,0.007732930969357631,0.002735476785562514,0.5217028380634391,0.5938150552068107,0.11657175634335322,0.16056924599482847,0.31670955600935247,0.1807202374166733,0.08011629511569116
B021_0,数据集/数据集/源域数据集/48kHz_DE_data/B/0021/B021_0.mat,9,B,48k_DE,1797.0,0.34292507973050057,0.34292507973050057,1.191337924847623,2.3159769758462208,0.275429475824549,0.11759761030817018,-0.023940898031348714,2.828056531784522,3.484478211677822,4.338836064697769,0.16950497466886408,2644.3972648598956,551.579474458734,0.5552174198090055,0.10796201880871026,1.386008425468871,2.774599355183929,0.6038706828822743,0.07394477726291168,0.000375,0.8629146660605732,0.010327715102335627,0.7630606760636375,0.026384113700352933,0.08222601461499546,0.027822002653593348,0.09421935126854462,0.9262488384563431,0.05744638245120297,0.008476411407529546,0.0028588360407267224,7.3038397328881475,0.6038706828822743,0.14429752127277246,0.10827456513334395,0.30773951046550174,0.1862581159812099,0.08558513308253556
B021_0,数据集/数据集/源域数据集/48kHz_DE_data/B/0021/B021_0.mat,10,B,48k_DE,1797.0,0.3425721425126703,0.3425721425126703,1.292843335719447,2.54543439405914,0.2748105282976104,0.11735567282572132,-0.0379561023213171,2.904565120320842,3.7636754135715003,4.692162595594754,0.1698712079594702,2636.94258077495,568.6307375150272,0.5582447107359123,0.10090643126968138,1.3927014393092583,3.042888156191349,0.6073445718069984,0.06586078492822207,0.000375,0.8628789088065133,0.011801195579940041,0.750969845235213,0.029320429263399186,0.08448845598155869,0.02674988071826353,0.09634316834245472,0.9231498079668671,0.06489585246398419,0.008203970249705397,0.003106761304224806,7.3038397328881475,0.6073445718069984,0.16266847455351402,0.0983295443400126,0.2865998088341333,0.18121850246264293,0.09014684523780238
B021_0,数据集/数据集/源域数据集/48kHz_DE_data/B/0021/B021_0.mat,11,B,48k_DE,1797.0,0.3372114636515377,0.3372114636515377,1.29251571738912,2.569507616806628,0.2693243822155751,0.11371157121801231,-0.015234161540413313,3.013920309037883,3.835727724555304,4.802622621991646,0.16974913019593482,2655.2689352600687,563.6977409872374,0.5528683063887839,0.11722044376452899,1.4068357930078321,3.3429616314748207,0.6108420878288636,0.06766910929137482,0.000375,0.862005584143344,0.011902462448914856,0.7547540245314824,0.027165259407255355,0.08938067183090818,0.025675209373163782,0.09036681348291241,0.9264181191604396,0.0622492111688654,0.008043555955734038,0.0030561178730759667,1.0434056761268782,0.6108420878288636,0.168321208479227,0.11757235047389163,0.23158064422662708,0.21628006053859009,0.09528326826324189
B021_0,数据集/数据集/源域数据集/48kHz_DE_data/B/0021/B021_0.mat,12,B,48k_DE,1797.0,0.3436189343596581,0.3436189343596581,1.308995844592406,2.594424867569391,0.2745286951527869,0.11807397205046705,-0.0008939048265869351,2.930483159466722,3.8110251372783255,4.7701556715645195,0.16871146920588415,2659.548557227211,551.3183785581124,0.5572545997449487,0.0938781168158743,1.4194175458385792,3.049789272625207,0.600923425208249,0.07724242767188917,0.000375,0.8620992562706664,0.010553116708802771,0.770287847694165,0.025943800498009834,0.0803893306525781,0.02715129158070227,0.089676525871365,0.927519955935903,0.05661832345891562,0.008074884633235328,0.002853433304363036,1.0434056761268782,0.600923425208249,0.19466810601953655,0.1356940185233371,0.22407996887089354,0.20218904144568212,0.08614861964258409
B021_0,数据集/数据集/源域数据集/48kHz_DE_data/B/0021/B021_0.mat,13,B,48k_DE,1797.0,0.3620599276982506,0.3620599276982506,1.3085477674071335,2.4699068510664324,0.2900144494597485,0.13108739124486246,-0.002782300559654832,2.8130224904717958,3.613730624301735,4.511455401057724,0.16822315815174266,2652.4796792901516,527.5026238913716,0.5434258902425796,0.11224078275571858,1.4074592035012652,2.6817943558077904,0.5955610726260869,0.07279488323955491,0.000375,0.862231108523972,0.007762451518089481,0.7840768541954725,0.024593734949559794,0.07388336854804112,0.029045170617443803,0.09093591521506476,0.9305005403409142,0.04828431115424685,0.0074119382503164315,0.0026708262475476623,1.0434056761268782,0.5955610726260869,0.1734191626230253,0.12162874374423116,0.27277029071105874,0.20511940849140917,0.07835917547612083
B021_1,数据集/数据集/源域数据集/48kHz_DE_data/B/0021/B021_1.mat,0,B,48k_DE,1774.0,0.17002693363414548,0.17002693363414548,0.6594450904702126,1.2960272373436512,0.13492334954076557,0.02890915816103011,-0.024038386550704987,3.06624044622934,3.8808961838141003,4.890637968364925,0.16919978026002563,2643.319270912906,562.712960131447,0.5580795324922986,0.07404043522277354,1.435383635152261,3.1764856472485805,0.595647523822691,0.06923972485899417,0.000375,0.8629234047051185,0.01709347773833728,0.7817922718728465,0.014714298178630788,0.0828388728866132,0.027810426057812542,0.07616816286181423,0.9344262561218009,0.05492924353403137,0.004694475584775848,0.004077531152936216,1.0569334836527622,0.595647523822691,0.18280854061241122,0.13776749023210297,0.2624396985136277,0.18593127854838265,0.0840644421962277
B021_1,数据集/数据集/源域数据集/48kHz_DE_data/B/0021/B021_1.mat,1,B,48k_DE,1774.0,0.26417244645355703,0.26417244645355703,1.7686495140013136,3.5333303749298306,0.18602833465852964,0.06978708146525746,-0.025994487195634575,7.68619440396959,6.696704048720408,9.509796026952182,0.1706647134224501,2721.9198154948413,424.9071412390767,0.5477008355607627,0.09026892649923511,1.8475469770609543,10.166036873653931,0.5112704560143698,0.1466385303356852,0.000375,0.857583924276022,0.007015536777673233,0.8931401564241088,0.006318181805645204,0.05759212844462125,0.014794994540401583,0.028705271104962415,0.9682916024901069,0.018521632076459297,0.0028628615606362895,0.0019628976724139213,1.0569334836527622,0.5112704560143698,0.32724881161777697,0.1480373505847811,0.221792131581894,0.16767349251604202,0.06269353499546262
B021_1,数据集/数据集/源域数据集/48kHz_DE_data/B/0021/B021_1.mat,2,B,48k_DE,1774.0,0.26358684759039386,0.26358684759039386,1.768454918781451,3.533331345698036,0.18598250099533076,0.06947802622264151,-0.02570071488909539,7.724886501493735,6.720929223258622,9.527186743807508,0.17078679118598547,2722.331824461908,426.5734772260523,0.549460987377446,0.08686114483017296,1.8352386610450715,10.371140361507575,0.5129200197529229,0.14539172532467298,0.000375,0.8575908613127721,0.007390596145366846,0.8889682959475627,0.006293113339718187,0.060471776419162654,0.01469471880763843,0.028731426902867407,0.9680305409731423,0.019816428578301355,0.0029033214540298605,0.0019314183989923967,1.0569334836527622,0.5129200197529229,0.3245605827104315,0.14845171730761023,0.22471182829041905,0.16225979499360552,0.06560902293390561
B021_1,数据集/数据集/源域数据集/48kHz_DE_data/B/0021/B021_1.mat,3,B,48k_DE,1774.0,0.17345672789413896,0.17345672789413896,0.7409617281030015,1.4637909946126335,0.13781192330042674,0.030087236451741363,-0.0408384172647136,3.1684409871295474,4.251861291669761,5.353407054686016,0.16871146920588415,2656.3259338250305,541.4481353645332,0.5500755549290884,0.07699376064060284,1.4365791061607478,3.5683408717115888,0.5907357525532192,0.07502374957980738,0.000375,0.8623331302238271,0.016171852015395293,0.7921469339535709,0.013865868146034412,0.08398623348014236,0.022743736712204005,0.06669967114099201,0.9411822817610831,0.053280195884523276,0.004847216257825984,0.003700429483000169,5.284667418263811,0.5907357525532192,0.1345130414186951,0.14615414558329612,0.30595079760742594,0.18478323854634252,0.08625904614446522
B021_1,数据集/数据集/源域数据集/48kHz_DE_data/B/0021/B021_1.mat,4,B,48k_DE,1774.0,0.17827953225378307,0.17827953225378307,0.7406840733496419,1.4637934247286717,0.1413336599036692,0.03178359162062768,-0.032289871966200055,3.164728734372833,4.149673773404951,5.234580998374432,0.16834523591527803,2654.8112819685152,549.1294929574674,0.5550355639688934,0.06609961389063855,1.4379971399211704,3.450619001232177,0.5906580296804709,0.06142389873545565,0.000375,0.8623167048904389,0.015671681838260985,0.7915032995388264,0.0136082585356829,0.08114998259310642,0.027850207959452533,0.07338491860573394,0.9370631300679856,0.0501804291961003,0.004644401895869392,0.0036107569091696017,1.5854002254791433,0.5906580296804709,0.14596547257266101,0.1610293019255618,0.2907333462395522,0.17593276411828201,0.08280793081562225
B021_1,数据集/数据集/源域数据集/48kHz_DE_data/B/0021/B021_1.mat,5,B,48k_DE,1774.0,0.2776633741540911,0.2776633741540911,1.7306596918539303,3.440964535823276,0.19150382458747012,0.07709694934663479,-0.0169216039565316,8.65723274883664,6.237339832826616,9.043819234351469,0.17060367454068243,2742.4362222546656,394.09698831986555,0.541192377023104,0.0769864239327708,1.8900322456177598,11.138099583454721,0.4831968209127978,0.1558558468391399,0.00034375,0.8564438495122695,0.006412568981057754,0.915176031636126,0.005777235231869337,0.0452594311101684,0.010926004510206377,0.022558481684720806,0.9738357052590475,0.01547720050588143,0.002507887817106493,0.0014738686285271604,1.0569334836527622,0.4831968209127978,0.37876997227777726,0.2058696570288854,0.15801361906201342,0.14498690727492397,0.04788796236920123
B021_1,数据集/数据集/源域数据集/48kHz_DE_data/B/0021/B021_1.mat,6,B,48k_DE,1774.0,0.30270842077832916,0.30270842077832916,2.4734982482610914,4.935275908200472,0.2017692843622801,0.09163238801010999,0.014158257998981164,11.559529475616522,8.166387653477022,12.252133879706422,0.1698101690777025,2732.1965934652208,360.0273885997296,0.5370001645812141,0.09603418709189696,2.0265025335985327,15.685358387826513,0.47251356090356594,0.1370762353669471,0.000375,0.8704979731484699,0.004761932625849767,0.9368410134385975,0.0045991077828872505,0.034043350063538216,0.009830196638591962,0.017436729372170272,0.978307239993859,0.010562720061258472,0.0020688603464585668,0.001077229595030608,0.5284667418263811,0.47251356090356594,0.33879654327935527,0.24092476852062975,0.20213992639624248,0.12166540553542651,0.03667658392318298
B021_1,数据集/数据集/源域数据集/48kHz_DE_data/B/0021/B021_1.mat,7,B,48k_DE,1774.0,0.2137587687670421,0.2137587687670421,2.4715835300233566,4.935268502988732,0.15068231186440698,0.045692811224801774,0.059840622876432784,23.25374100260531,11.560285228724103,16.39957690876424,0.1693828969053287,2650.249552243069,544.9548366748851,0.5572966340377948,0.07272885844873268,1.7116267052750613,61.6051273483474,0.584452459569281,0.07364607333580374,0.000375,0.8626250580652711,0.014947521792257607,0.8002254273673755,0.013883503907195591,0.08289980906347491,0.025605609749163708,0.06658068009920894,0.9395070125462954,0.04637364160642848,0.004778322748419622,0.003758598540837232,0.5284667418263811,0.584452459569281,0.19115536950744338,0.13370030543784003,0.2580748108490101,0.18952134291139947,0.08589461967369434
B021_1,数据集/数据集/源域数据集/48kHz_DE_data/B/0021/B021_1.mat,8,B,48k_DE,1774.0,0.2373362335811329,0.2373362335811329,1.4365442183826953,2.867868745644505,0.1730699875037854,0.056328487770478074,0.0010430592149038612,6.703454576912654,6.048738798249549,8.29497097410812,0.17096990783128854,2688.6796774406475,455.078477346124,0.5525869225522038,0.07073878972898032,1.7139641788662714,10.366422945412463,0.5423121361020072,0.0800757808322916,0.000375,0.8604895904168314,0.007888578380730187,0.8655577598221569,0.00816977630222212,0.06476198816309324,0.018703098101084663,0.043582658065038124,0.9608851645535242,0.023566250488073086,0.003506104713839063,0.002435205945952951,0.5284667418263811,0.5423121361020072,0.18524462135859715,0.21422732368668487,0.2945974167561916,0.1531589896926614,0.06976208954140138
B021_1,数据集/数据集/源域数据集/48kHz_DE_data/B/0021/B021_1.mat,9,B,48k_DE,1774.0,0.24062501296151179,0.24062501296151179,1.4366924469107885,2.867869944393703,0.17721715361089357,0.057900396862727715,0.009932137477653298,6.405452958806506,5.968213429096967,8.103677237155122,0.17035951901361168,2688.7877308126176,448.4943925978096,0.5517089367486201,0.0740637134632638,1.665777850664235,10.326771982661054,0.5429799442971804,0.07891311520464107,0.000375,0.8604941654722015,0.007718833042489595,0.8636439657356807,0.008229049654437746,0.06717485256180125,0.01805981748513741,0.042355008572140716,0.9619103537133221,0.0243885849424278,0.0032990981329419212,0.002344959654895555,0.5284667418263811,0.5429799442971804,0.1809542593525312,0.22716496478663742,0.2928665851907914,0.14516565700170883,0.07249262287692719
B021_1,数据集/数据集/源域数据集/48kHz_DE_data/B/0021/B021_1.mat,10,B,48k_DE,1774.0,0.181222818609307,0.181222818609307,0.6688983676119078,1.3159532154397446,0.14496665270072326,0.03284170998470179,0.004647708374239536,2.962728238217894,3.6839683404287937,4.605569202687802,0.16907770249649026,2665.1729821803833,520.7774577089078,0.5493199968347813,0.06682264605387488,1.4013596293060235,3.1988422337446165,0.5910861215006552,0.05279740165888322,0.000375,0.8620199722303521,0.013221602953504816,0.7935048205593197,0.01257092095669735,0.0869435318106831,0.025071078328212072,0.06900728439957993,0.943880037516874,0.04696084341838847,0.004177406173567517,0.0034292673037441333,2.1138669673055244,0.5910861215006552,0.1468144962356969,0.17910929622536376,0.2466776400158138,0.200093924530513,0.09169070309137477
B021_1,数据集/数据集/源域数据集/48kHz_DE_data/B/0021/B021_1.mat,11,B,48k_DE,1774.0,0.25601607897771395,0.25601607897771395,2.0654802729917643,3.9494592355489937,0.1797000388278977,0.06554423269512306,0.03136599689553451,9.087457481178884,8.063687313991982,11.488473383470485,0.17060367454068243,2718.8077872074673,435.3789231709392,0.5609060786022975,0.064834647924019,1.8124042521385768,14.042043215132836,0.5116102060684043,0.12304730683117254,0.000375,0.8580991972993789,0.0067972085629893955,0.876981318422762,0.0071204111180702395,0.07120018452377175,0.014108864383538398,0.030622436591000616,0.9679144255063806,0.018989903857016238,0.003310489610986695,0.0021269873828641157,4.756200676437429,0.5116102060684043,0.26916074582690364,0.10330689169802522,0.32698914455654854,0.14653995888826388,0.07449500279769403
B021_1,数据集/数据集/源域数据集/48kHz_DE_data/B/0021/B021_1.mat,12,B,48k_DE,1774.0,0.2708339130945462,0.2708339130945462,2.064606242080965,3.949461147025225,0.19124464839355898,0.0733510084821042,0.031158745674985607,8.06001895731864,7.622964207493632,10.79537320241695,0.17127510224012696,2712.418175037816,411.20850906550925,0.5583846723839093,0.06448120033210054,1.8324459496799412,11.669146043420852,0.5087151360789582,0.12640831196941113,0.000375,0.8587523164564781,0.005507373662305558,0.8879701490458922,0.006164154096128208,0.06848884567765472,0.012458881659245118,0.026665664860489355,0.9720748805674798,0.014894064695667819,0.0031247113158269424,0.0019098276470313866,4.756200676437429,0.5087151360789582,0.2588505109813412,0.10431622177058258,0.3420951148484424,0.15459232415177931,0.07152583106138787
B021_1,数据集/数据集/源域数据集/48kHz_DE_data/B/0021/B021_1.mat,13,B,48k_DE,1774.0,0.20124223747285222,0.20124223747285222,1.2719983975971338,2.4695640459647064,0.15602766839543963,0.040498438143079844,0.03738900987180938,4.593396214876606,6.330769267949378,8.16619735800753,0.1693828969053287,2668.5428664862734,503.2176127711676,0.558364003927203,0.06613600611744089,1.50151104672515,8.954418353440145,0.5760767616301283,0.08302640517501443,0.000375,0.8615965754887406,0.011706189321592014,0.8169648575814327,0.011072816717783417,0.0836611872567746,0.02285888079212766,0.0609836777609815,0.9493143670790282,0.035225767560800085,0.004027861834907823,0.003024193786686184,1.0569334836527622,0.5760767616301283,0.16880012882599607,0.16138297263959098,0.27661817573855935,0.19737006665127715,0.08733453731408927
B021_2,数据集/数据集/源域数据集/48kHz_DE_data/B/0021/B021_2.mat,0,B,48k_DE,1754.0,0.19177521155026428,0.19177521155026428,1.4737077869248998,2.753647373262327,0.14883247546173944,0.03677773176514862,0.030277603931111962,5.250138861868795,7.689851504585899,9.908899190616152,0.16645303058047978,2608.319258557238,570.688002071709,0.5748404330420064,0.053824190240265475,1.4750518018178953,13.86596499859824,0.598566008264093,0.05474831606404604,0.000375,0.8662391055733565,0.010981882895613278,0.7661449527905931,0.015622377584324575,0.08610718861111517,0.05527965408374779,0.10666782670826322,0.9135658809361469,0.03736258778926328,0.0032727487255262734,0.0035564333943774278,1.0689851767388825,0.598566008264093,0.133614448084149,0.17463530028329707,0.2620246280939929,0.18363900280713363,0.09232070174843794
B021_2,数据集/数据集/源域数据集/48kHz_DE_data/B/0021/B021_2.mat,1,B,48k_DE,1754.0,0.3377194685096362,0.3377194685096362,3.344009560080888,6.59924800555914,0.22659963122802534,0.11405443941043115,0.086344233059119,15.173033108850547,9.908481343554987,14.768338898445883,0.16889458585118722,2709.9055665036767,396.8180904644699,0.5582656546357377,0.07060753861473446,1.9830733897404549,25.525435592612883,0.5038222606479758,0.08431293223503097,0.000375,0.8588324932918147,0.0033285753627584776,0.9147548832390759,0.00537965033542725,0.045215785975634214,0.02119424905800111,0.0290449993732146,0.9674159623150699,0.009616238139577474,0.0021295898430283384,0.0013238650576818463,1.0689851767388825,0.5038222606479758,0.19419447793749794,0.24798626198172838,0.291011681759045,0.15298931318582684,0.04988603974937421
B021_2,数据集/数据集/源域数据集/48kHz_DE_data/B/0021/B021_2.mat,2,B,48k_DE,1754.0,0.4191461839783598,0.4191461839783598,3.350741535470604,6.605714305782227,0.27246403522891305,0.17568352354362105,0.055054277789067206,13.096686063132799,7.998482666615639,12.304819960438028,0.16810108038820729,2693.8134307879104,338.51975122532434,0.5527731741036096,0.04741999682723556,2.2008971363230008,17.212677691203886,0.48150183694592796,0.09925588389156657,0.000375,0.8630879002155267,0.002223021500331311,0.9426959835633923,0.003344664323866546,0.03265352411029654,0.014284316979142455,0.018070884283579346,0.9783343644816788,0.005711402805000978,0.001425268551146101,0.0008405096304913411,1.0689851767388825,0.48150183694592796,0.23969721489130608,0.2461821775991229,0.26460105623699354,0.16281844379564744,0.03601515745976759
B021_2,数据集/数据集/源域数据集/48kHz_DE_data/B/0021/B021_2.mat,3,B,48k_DE,1754.0,0.3132381774271493,0.3132381774271493,3.349924708626952,6.562818194938403,0.19350865678881102,0.09811815579788229,0.028927452007464608,22.23681624280689,10.695788171194415,17.31362661098684,0.16303485320148936,2630.0778494696924,379.0180425128662,0.5506352105034332,0.0613340858449986,2.2495219945405185,30.141786560057916,0.4920451423661897,0.09159799634815398,0.000375,0.8657448249344671,0.004163150460651874,0.9323156311602216,0.005705308835517863,0.030685084686288513,0.02233537674308686,0.026998745852318193,0.9658849376518547,0.00900323895846147,0.001393773736876866,0.0009548644591970254,1.0689851767388825,0.4920451423661897,0.2338322827355697,0.22802920144059144,0.2580132559713799,0.18675886453802718,0.033195409179837855
B021_2,数据集/数据集/源域数据集/48kHz_DE_data/B/0021/B021_2.mat,4,B,48k_DE,1754.0,0.2351676148036845,0.2351676148036845,2.150130530160483,4.138088353740314,0.16931781629190015,0.05530380705245413,0.03131557557038565,10.057951144353105,9.144764780686089,12.701337363420725,0.16504913629982298,2632.777831060622,513.047262471277,0.5770159051354327,0.05582515842956965,1.7043484732405079,20.72388076532826,0.5401041005440756,0.08377430014882734,0.000375,0.8644875478273878,0.007269287191006161,0.8520544409249275,0.010834894821619952,0.05663593748616355,0.04242262268218794,0.06630779102847778,0.935528303605796,0.022505140334688933,0.003032927860505231,0.002399675051435861,2.6724629418472063,0.5401041005440756,0.1869567975485809,0.23127486437742367,0.290071958301977,0.11679873896882058,0.06007237106986494
B021_2,数据集/数据集/源域数据集/48kHz_DE_data/B/0021/B021_2.mat,5,B,48k_DE,1754.0,0.42855840167093107,0.42855840167093107,3.4540148988174284,6.839467194775107,0.2785931903159918,0.1836623036427431,0.034845218624016655,11.988261523773406,8.065129578731236,12.40712724238981,0.1693828969053287,2723.1196615093795,345.6641723935821,0.5478473778271451,0.06675399056125687,2.2414613427780723,14.972222484954257,0.4804318113330893,0.10519077963765935,0.000375,0.8661439408181951,0.002392835998103628,0.9293431841579342,0.003916113187825103,0.04127309890232482,0.013789790428316578,0.020684850876966237,0.9778614245584069,0.007633071335024081,0.0016706749234842696,0.001028405892392943,0.5344925883694412,0.4804318113330893,0.24289568260619457,0.261392268688476,0.268496781310956,0.12740305248936556,0.04457395409275572
B021_2,数据集/数据集/源域数据集/48kHz_DE_data/B/0021/B021_2.mat,6,B,48k_DE,1754.0,0.40001326586209435,0.40001326586209435,3.453070763372887,6.839465353857698,0.2493630711809809,0.1600106128656586,0.038698311282214806,14.72205044601793,8.6406965747278,13.8624195251935,0.1679790026246719,2722.33459010515,347.2894952830001,0.5431340817597555,0.06708409184729795,2.4095080777783804,17.432394325737473,0.4882766477810839,0.10824909893710666,0.000375,0.8728360936751254,0.0027941330139814105,0.9239353668041601,0.004322657260398056,0.04441836390926473,0.01442730325173011,0.02196038463383981,0.9764838608029223,0.008528569524883265,0.0015641356899796525,0.00111626877923142,4.810433295324971,0.4882766477810839,0.2206893341318837,0.25022420540816254,0.2798532604473166,0.15060414000751524,0.047932132824969075
B021_2,数据集/数据集/源域数据集/48kHz_DE_data/B/0021/B021_2.mat,7,B,48k_DE,1754.0,0.17861702718574346,0.17861702718574346,0.7333984098176128,1.426351024614725,0.14070722606680477,0.03190404240067262,0.04569956238916671,3.2669522860034776,4.1163097718003065,5.2258698807905235,0.1649270585362876,2578.751589554712,605.4460866800177,0.5692383639257053,0.07665231993337297,1.4604746030333753,3.5199145139706176,0.61378141592204,0.060095886901858464,0.000375,0.8685164166418055,0.012945051399526798,0.7274354268002892,0.018635706213306256,0.09079709183823235,0.0640112709998444,0.12984695822875292,0.8993022721849355,0.04713352366755984,0.0035961234131579836,0.004557218275062511,5.344925883694413,0.61378141592204,0.0858694902046377,0.12503241029832712,0.29263931389092357,0.20758995182455073,0.10030123239887564
B021_2,数据集/数据集/源域数据集/48kHz_DE_data/B/0021/B021_2.mat,8,B,48k_DE,1754.0,0.28135457197646746,0.28135457197646746,3.3955810544502114,6.731367369746214,0.18319906801658112,0.07916039517206121,0.06327994185557925,24.707781334837225,12.065836367518598,18.53073225736546,0.16620887505340903,2738.8566999465793,464.2232125448483,0.5765361164512955,0.06408893342619258,2.007500515717883,43.51650760085055,0.5088134338920567,0.11679079279900197,0.00034375,0.8549510209044987,0.005374667370084322,0.8775193411614114,0.007689996181476043,0.06516280611602905,0.02951584412901332,0.04176961424096712,0.9541534339065797,0.014036889240678108,0.0025921177241848706,0.0014487804316568203,0.5344925883694412,0.5088134338920567,0.31380060036375856,0.22550444363284658,0.18973211944610438,0.12946354528098084,0.07893650056817003
B021_2,数据集/数据集/源域数据集/48kHz_DE_data/B/0021/B021_2.mat,9,B,48k_DE,1754.0,0.4828584843070275,0.4828584843070275,3.3949021695761883,6.731368332988156,0.31755680710529977,0.2331523158672799,0.03487708460223435,8.530423954635587,7.02807955536848,10.686627503961297,0.16858939144234877,2748.166510277613,332.124941897122,0.5575554028298227,0.056298849401707214,2.2944011946588145,8.730426510316319,0.4673156425525059,0.15236547985543444,0.000375,0.8566441452279551,0.0019811170001334034,0.9402002870912,0.002931868405510779,0.0384402257565724,0.011600722788679501,0.015419711276156952,0.9817110479471085,0.005204766585587386,0.0014714804514894284,0.000711237348175343,0.5344925883694412,0.4673156425525059,0.3534653440692482,0.18845968268707675,0.2360035166282654,0.14752404305014458,0.04391520719662296
B021_2,数据集/数据集/源域数据集/48kHz_DE_data/B/0021/B021_2.mat,10,B,48k_DE,1754.0,0.4656433325208944,0.4656433325208944,2.8846330675117677,5.676402788387071,0.31132982827377503,0.21682371312116422,0.02871050092057943,7.356522139456039,6.199812264674191,9.273089871838822,0.16791796374290424,2697.6051760353635,331.3841064011705,0.5554946020609723,0.057469086647354006,2.1978425446769094,6.978142896521748,0.47961602070930337,0.10473714113806817,0.000375,0.8683774320497741,0.0022854228230997932,0.9385261725736237,0.003410400721115976,0.03649974068370307,0.013292761952426008,0.01815039696757301,0.9794331216898522,0.006028640067665107,0.0012434172877646467,0.0007716512354031143,0.5344925883694412,0.47961602070930337,0.264397749886683,0.2009857841465557,0.29231365103336304,0.16268777605794116,0.04154598419504515
B021_2,数据集/数据集/源域数据集/48kHz_DE_data/B/0021/B021_2.mat,11,B,48k_DE,1754.0,0.2497842630934692,0.2497842630934692,1.7824984679782225,3.545755535870872,0.1774282425293771,0.06239217808914744,0.01851067997056506,9.412759377465136,7.130931872485113,10.039229916139039,0.16639199169871208,2633.0524884553683,456.35578750734777,0.5678037516162215,0.05246443074890711,1.7569791017652463,16.289973682276376,0.5373407719733371,0.08289041459751766,0.000375,0.8662374064583442,0.006616872604851327,0.8723403212571976,0.009289538483391884,0.049661816255033936,0.0330700697972562,0.056661459932562844,0.9482050803615634,0.019437887889927525,0.002061438987328845,0.0018120957101360584,4.810433295324971,0.5373407719733371,0.157042542360792,0.2091107432352738,0.29876361338818636,0.1870053980614431,0.06257143860821902
B021_2,数据集/数据集/源域数据集/48kHz_DE_data/B/0021/B021_2.mat,12,B,48k_DE,1754.0,0.1733008764583055,0.1733008764583055,0.7888587305544342,1.4894206646933061,0.13819108765544302,0.03003319378121686,0.006940803020190405,3.138073104929243,4.5599318817367145,5.718796816764278,0.16517121406335836,2569.2573402744174,611.2957424933995,0.5726104413919569,0.06953226061460026,1.4098578049603536,3.862502984378133,0.6186448474113415,0.06395204108486466,0.000375,0.8697931608537314,0.014249105474902742,0.7217933848291848,0.01895955291140501,0.0794870003717349,0.06526798068793543,0.14182054800021052,0.8963844411528675,0.05207883299795405,0.0036923378092073742,0.004587550319521936,3.7414481185860886,0.6186448474113415,0.09140695822652158,0.1915660391434758,0.24536372671661918,0.17753165797724887,0.08953744865713377
B021_2,数据集/数据集/源域数据集/48kHz_DE_data/B/0021/B021_2.mat,13,B,48k_DE,1754.0,0.3405479677576226,0.3405479677576226,3.472108432496064,6.725342608191232,0.21058957488661695,0.11597291834384675,0.05282635752505007,17.88209261064164,10.200307938817144,16.49570761811987,0.16529329182689373,2666.7377391994114,380.2068947417927,0.5541087702369238,0.06664850972340958,2.3228385468260644,22.345186629233606,0.48766536676460465,0.14187353050721913,0.000375,0.8634646787942424,0.004074408544419636,0.923551563517099,0.005725143326959066,0.03919461769172114,0.020461763887360953,0.027295234284924145,0.9677779347954384,0.008924515386995258,0.0014796490561369562,0.0009889442246613024,2.137970353477765,0.48766536676460465,0.217832546180923,0.2505440545851391,0.27014246585565443,0.16285043619632467,0.04338818250147658
B021_3,数据集/数据集/源域数据集/48kHz_DE_data/B/0021/B021_3.mat,0,B,48k_DE,1729.0,0.3885000292256786,0.3885000292256786,3.4583923980551177,6.9080451418094455,0.24405756287172897,0.15093227270835313,0.05098925213479525,14.9468176919265,8.900193988640288,14.167759299269363,0.1602270646401758,2662.068286434082,424.2499536317484,0.5437971939380774,0.08518130829194087,2.294177044162414,18.61252743056776,0.5021293416935102,0.10235773949761097,0.000375,0.8638163883714135,0.0024929987015629845,0.8959637040424704,0.004968360202401093,0.04511014325884501,0.043141830642259765,0.05002899572813502,0.9474822476641069,0.007571063969651066,0.0013468452690816384,0.0012557276453585232,2.1688837478311163,0.5021293416935102,0.23677011203844045,0.2732001917363115,0.20501224636992005,0.14354793092654256,0.04829788180131275
B021_3,数据集/数据集/源域数据集/48kHz_DE_data/B/0021/B021_3.mat,1,B,48k_DE,1729.0,0.4126024087766271,0.4126024087766271,3.4583712203159194,6.908043057455245,0.26660942896275025,0.1702407477282749,0.04587160768053928,12.43005417979221,8.378618498665606,12.966897180596309,0.16218030885674176,2656.123617001726,403.83711046140195,0.5461438193787547,0.0803649113095294,2.2179903290006924,15.783687889843275,0.5014104070678548,0.10718913544423553,0.000375,0.8643277186112683,0.002327757556906837,0.9039884694913345,0.004165588830626377,0.0422018600266583,0.03863321343811937,0.0458431285067372,0.9531483471823784,0.00679817359433908,0.0012232956974151015,0.001110239385299275,2.1688837478311163,0.5014104070678548,0.22095448939881684,0.268307720888486,0.2186969724979596,0.16257720599046355,0.04645780339979017
B021_3,数据集/数据集/源域数据集/48kHz_DE_data/B/0021/B021_3.mat,2,B,48k_DE,1729.0,0.2373676149874437,0.2373676149874437,1.8612626865915887,3.626526553137771,0.17615658622984476,0.0563433846448273,0.04929933071688501,7.523825871660025,7.849743881283903,10.578396362124556,0.15754135384239762,2482.6522076512574,617.7088186043177,0.5710386039940779,0.07592038024285314,1.5973760607340801,16.045691973136723,0.6246851360170689,0.05313381344369408,0.000375,0.8766615150228274,0.007659953131760884,0.6869039394148109,0.012627218497126445,0.07320231800839966,0.12729484634893715,0.2071149271777307,0.848910900955723,0.028870014820096646,0.0022072476896507613,0.0037362279023096714,1.0844418739155581,0.6246851360170689,0.11175671951601727,0.13933395261295842,0.20712932342546164,0.21774022738778567,0.07525551192276377
B021_3,数据集/数据集/源域数据集/48kHz_DE_data/B/0021/B021_3.mat,3,B,48k_DE,1729.0,0.24184497932191634,0.24184497932191634,2.801943824177738,5.386919677682407,0.17543459574093723,0.05848899402321814,0.05943401857220354,15.79925761197128,11.583526728279665,15.96853766213204,0.1576023927241653,2522.7338933587776,602.3030187188203,0.5735132383105401,0.06923680361743076,1.633811839984542,45.26148667230932,0.5802454321888791,0.09066581935998066,0.000375,0.8738380271369268,0.006701142949970323,0.7668733418438909,0.011553523909701673,0.06009532409114682,0.11290863120725894,0.14909460933933938,0.8651251830444355,0.020920211827453763,0.0024878342838684717,0.0028847803825107956,0.5422209369577791,0.5802454321888791,0.19456067775386038,0.17392454050217634,0.22993902128185767,0.14746172556202547,0.06333127753673402
B021_3,数据集/数据集/源域数据集/48kHz_DE_data/B/0021/B021_3.mat,4,B,48k_DE,1729.0,0.5032615052176759,0.5032615052176759,3.4822902096338684,6.9519355419020865,0.32088474623063085,0.2532721426339608,0.05602199578288414,9.838567185124433,6.9166637644663655,10.847916550015475,0.16407251419154,2707.854499056626,351.0498177488435,0.5378404974986843,0.07125414230495687,2.4225337279088874,9.734971091448932,0.4723243516807907,0.13402181440012417,0.000375,0.8604801427340228,0.0014658860598690316,0.9268107562509864,0.0029603168958311932,0.037697701847766885,0.025460580058471037,0.030032387742586583,0.9686037079390558,0.004691632984264671,0.0012026911820457913,0.0007415552437397151,1.0844418739155581,0.4723243516807907,0.35481628554892974,0.14320308181269842,0.25567607616803895,0.15004658480696692,0.04399874400578601
B021_3,数据集/数据集/源域数据集/48kHz_DE_data/B/0021/B021_3.mat,5,B,48k_DE,1729.0,0.49064490689088314,0.49064490689088314,3.481444098521496,6.951933592298305,0.3141979825467027,0.2407324246579634,0.05287598103343036,10.089200454714495,7.097435662192348,11.083243668820879,0.1624244643838125,2702.742115704383,352.867769638863,0.5351043944032423,0.06799652777621948,2.348721210698546,10.371737273258377,0.4726642493463115,0.1345043846407986,0.000375,0.8608752407698617,0.0015838905180199684,0.9238265664561962,0.0033138193780004855,0.03864775980541161,0.026553190497501815,0.03178253605053784,0.967185829757358,0.004974047206201738,0.0010535642762089996,0.0007427509378211504,1.0844418739155581,0.4726642493463115,0.35630468241510577,0.13973308696019252,0.25381629593113064,0.1518945575219248,0.045832115803572784
B021_3,数据集/数据集/源域数据集/48kHz_DE_data/B/0021/B021_3.mat,6,B,48k_DE,1729.0,0.22154811580338707,0.22154811580338707,1.1954963283603752,2.312861954757205,0.17415226658616073,0.04908356761603101,0.003084929597658706,3.605832711965593,5.399473008366544,6.869022396225241,0.15534395409876092,2449.068061237249,652.1579357624802,0.5705235714558062,0.0632467469757476,1.4675747700919517,5.23914664401843,0.6491036722556691,0.05153074647725664,0.000375,0.8784132003082923,0.008449397087998037,0.6066144284620025,0.017428155061581248,0.08930861128057997,0.14530263177398278,0.26124577836860124,0.8252910282917917,0.038087579209571294,0.0021399168961657436,0.004536247254103265,3.2533256217466744,0.6491036722556691,0.07338838984379442,0.17557497679976827,0.17819105105690858,0.16517538482189867,0.09631856492673467
B021_3,数据集/数据集/源域数据集/48kHz_DE_data/B/0021/B021_3.mat,7,B,48k_DE,1729.0,0.30313975712889923,0.30313975712889923,3.1217639691780064,6.230212350056441,0.20459784311705276,0.09189371235216802,0.054278639289186574,20.19378055488456,10.2909061903283,15.248226549230237,0.15784654825123604,2532.0940419933863,570.7873440878011,0.5735184846674938,0.06218229223839108,1.8666099129417466,38.90578788768869,0.5650308745927599,0.08350399723168819,0.000375,0.8673338082650746,0.005984927174036923,0.7846924807633926,0.011890900600992264,0.06663769179723368,0.09549437262878482,0.12622921571201418,0.8835680460785972,0.01976881643249844,0.0020009384319539187,0.002565543263865094,0.5422209369577791,0.5650308745927599,0.21249118868710312,0.20636421672121996,0.2120059933657057,0.12070693718124226,0.06954569213121314
B021_3,数据集/数据集/源域数据集/48kHz_DE_data/B/0021/B021_3.mat,8,B,48k_DE,1729.0,0.5249599123699509,0.5249599123699509,3.4729515704948217,6.934798715474661,0.327963823187964,0.2755829095954665,0.05012684094460292,12.178723422047831,6.609043850421754,10.579501583742195,0.16266861991088324,2649.2386121942104,353.530595811995,0.546973875131777,0.06436404026005567,2.378006897989166,13.036969780310033,0.4699927391168967,0.13390424747388907,0.000375,0.8663067006708485,0.0013560482444502711,0.9414513188291768,0.003105619485152078,0.030846995281770772,0.022513546081270555,0.023067769472992102,0.9714390095859466,0.0036848368668078507,0.001149519020685543,0.000867401234974135,1.0844418739155581,0.4699927391168967,0.2968001962486297,0.2456300783667932,0.25167875652683264,0.11666006069833415,0.03499663048523333
B021_3,数据集/数据集/源域数据集/48kHz_DE_data/B/0021/B021_3.mat,9,B,48k_DE,1729.0,0.4986319398626447,0.4986319398626447,3.4732617270407427,6.934813053894235,0.31024033074347457,0.2486338114511841,0.04737379598016874,12.793689283537521,6.96205577633003,11.189908077006498,0.16230238662027713,2620.004548421581,370.16063189991246,0.5470914716385652,0.06701856398550056,2.4045167427143506,14.051655176422125,0.4752604140126795,0.11661161975239229,0.000375,0.8677636221520111,0.0017270549271572095,0.9374629595963918,0.003618107662992305,0.029468122196790934,0.0279252402080481,0.027553436658187276,0.965098901777933,0.004450677341377385,0.0011358108450952287,0.0009682978468857798,1.0844418739155581,0.4752604140126795,0.2680308350758322,0.2536829846605733,0.26344170570512737,0.1242709970261574,0.03305975649559097
B021_3,数据集/数据集/源域数据集/48kHz_DE_data/B/0021/B021_3.mat,10,B,48k_DE,1729.0,0.25673166052870483,0.25673166052870483,1.889301805861453,3.7291075920209837,0.18761396743587216,0.06591114551782615,0.003933814100158171,8.526993980309078,7.356671211531009,10.066964048726357,0.157663431605933,2483.9887296703923,621.0528073736546,0.5728954079702433,0.0645061269612427,1.6690916355776886,17.527074068636097,0.6156850041216579,0.06861873893803419,0.000375,0.8738317462167967,0.008102526205249986,0.7043584441231343,0.014477799214138908,0.07421114252535899,0.12400141843751447,0.1877235918329624,0.8499461332023388,0.0301042746692332,0.002204080662095136,0.003456915335384011,0.5422209369577791,0.6156850041216579,0.13830054792112326,0.1831245660422354,0.20920590651395737,0.15365280777176893,0.08200465877413228
B021_3,数据集/数据集/源域数据集/48kHz_DE_data/B/0021/B021_3.mat,11,B,48k_DE,1729.0,0.20060010176499224,0.20060010176499224,1.1461185113664814,2.086424631577205,0.15834643224832345,0.040240400828125245,0.007833072280529877,3.3888824505138846,5.716485764115793,7.241962909523059,0.15509979857169018,2439.308446009459,669.9139832473285,0.568651239650725,0.07452271873012357,1.448456605019911,4.466804095408318,0.6445350853054496,0.05883010999769442,0.000375,0.880660043910927,0.010275276570575741,0.6156793590007197,0.01670281492009763,0.0852787156842817,0.15302707195834334,0.25845137924328865,0.816004397080844,0.035753370346389986,0.002443748100217343,0.004614491704847992,3.2533256217466744,0.6445350853054496,0.09020924218012896,0.18268510003825336,0.1780239942275835,0.14820537620411164,0.09260347039178024
B021_3,数据集/数据集/源域数据集/48kHz_DE_data/B/0021/B021_3.mat,12,B,48k_DE,1729.0,0.37188626840269073,0.37188626840269073,3.465497985628426,6.917464843919102,0.22264149935685681,0.13829939662647814,0.07767401598283545,23.198405751444163,9.325541594234057,15.578280766615663,0.15900628700482208,2668.5778228315503,455.22084228935853,0.547504249862711,0.06437223547257193,2.3659507484360183,29.363117295146473,0.49975860529723115,0.115427573989604,0.000375,0.8626666748042678,0.003053766744646632,0.8872077924465366,0.005137452444835242,0.05002562201821737,0.048197776168256504,0.053339852325337125,0.9414327984824638,0.0077673388699259,0.0013782153447209973,0.0015109274632441128,4.879988432620012,0.49975860529723115,0.17426764977498332,0.28583002956332476,0.2954497859977934,0.10446705531743034,0.06110625856617856
B021_3,数据集/数据集/源域数据集/48kHz_DE_data/B/0021/B021_3.mat,13,B,48k_DE,1729.0,0.4688130759733458,0.4688130759733458,3.465713715311882,6.917471470463825,0.2855387485969971,0.21978570020359012,0.06358707576568387,13.428415239346121,7.396142493049641,12.143702099129397,0.15998290911310506,2684.6106391045787,378.18150784995976,0.542515395755958,0.06312916392886223,2.5954591636750424,14.172330087877892,0.4822839258576139,0.10281362113898591,0.000375,0.8622031326142281,0.0018803735320312876,0.9250952019783413,0.003276211122527513,0.03839579549563627,0.0297482835636931,0.030219577911947473,0.9634274861286957,0.005213010228238774,0.0011386387493962534,0.0009931840203458964,2.7111046847888955,0.4822839258576139,0.22796296763456125,0.27641797096934423,0.2680742868263392,0.12064236479399791,0.045011987537202675
IR007_0,数据集/数据集/源域数据集/48kHz_DE_data/IR/0007/IR007_0.mat,0,IR,48k_DE,1796.0,0.5830127768818588,0.5830127768818588,3.184848435041222,5.951555391538452,0.41457481438908345,0.3399038980074961,0.03044428694725331,6.079291965252683,5.465553231168821,7.686253301843946,0.19538546053836295,2875.6302784406266,1155.9445636983235,0.7047627657910923,0.04518797904966094,1.8651028383603008,6.530850293303255,0.6294045971806465,0.14760392755089705,0.0003125,0.8272203583364027,0.006321448792555522,0.502724202982801,0.047770316821445294,0.09821977779312747,0.15180845536121,0.2913620891178824,0.5973670040384094,0.09206723126481942,0.19048487074348996,0.014840575131527858,5.2199331848552335,0.6294045971806465,0.009657140038896934,0.0575189047330558,0.28688310967884145,0.13465546514210716,0.08582112670556734
IR007_0,数据集/数据集/源域数据集/48kHz_DE_data/IR/0007/IR007_0.mat,1,IR,48k_DE,1796.0,0.5817416544793107,0.5817416544793107,3.184481813492895,6.033683917571106,0.4154125405540351,0.33842335255632566,0.00972202127385206,5.896909817227987,5.472557657830148,7.663763329320706,0.19587377159250444,2857.408569930206,1164.9407691101292,0.6988342660308459,0.044952384520854496,1.8399957068197368,6.3235349142059,0.6278621658498307,0.1448100375752243,0.0003125,0.8258732395271143,0.00626267679293845,0.5106130735312165,0.04760958308860753,0.10592882766930038,0.15942001212139859,0.2755982160922428,0.5942009680692026,0.09175883545456841,0.1857706670256258,0.015304702221970636,5.2199331848552335,0.6278621658498307,0.008335578945275172,0.05420667729366759,0.2922664511411526,0.14164761571269627,0.0947116952651901
IR007_0,数据集/数据集/源域数据集/48kHz_DE_data/IR/0007/IR007_0.mat,2,IR,48k_DE,1796.0,0.5779209262570769,0.5779209262570769,3.020164596955222,5.870417812455337,0.4133574959427086,0.3339925970058377,0.028967918729830722,5.906389808939008,5.229329522693143,7.311336291259209,0.19575169382896906,2848.428737577417,1157.4800704715315,0.6978734445860106,0.04586021274005807,1.8287459942398818,6.358022749486705,0.6258682176709861,0.1487903808285125,0.0003125,0.8254003666364005,0.006600027163236781,0.5038841907614943,0.04757940918670741,0.10256346005922859,0.15829487898154807,0.284630370078197,0.5968026500485452,0.09272827656755415,0.18406487837230276,0.015330456126971172,5.2199331848552335,0.6258682176709861,0.00780546104076436,0.05014806594743587,0.29186772523452165,0.14048802835567317,0.09069283319121643
IR007_0,数据集/数据集/源域数据集/48kHz_DE_data/IR/0007/IR007_0.mat,3,IR,48k_DE,1796.0,0.5852228466488915,0.5852228466488915,3.2397170611210107,5.9312640652152835,0.41703532898669093,0.3424857802398319,0.01327989062672577,6.049099016745971,5.535914601332071,7.768511394529311,0.19526338277482758,2863.2563044208437,1146.5240465922066,0.7095106283557241,0.04205226287024247,1.8470831810882686,6.4588204969442415,0.6221352466079956,0.15342987627555163,0.0003125,0.827660161881226,0.006551067356236404,0.5213860433187714,0.04587357564013041,0.09671243695004063,0.1565289454904958,0.281094975930828,0.6044510253556902,0.08519447657133018,0.18040506577900686,0.01480074483204515,5.2199331848552335,0.6221352466079956,0.010641709405761562,0.052728418770745834,0.30003733067124166,0.14329887227061147,0.08745815553952112
IR007_0,数据集/数据集/源域数据集/48kHz_DE_data/IR/0007/IR007_0.mat,4,IR,48k_DE,1796.0,0.5893830111575643,0.5893830111575643,3.2406340909509885,5.9312540005491545,0.42040972230195506,0.3473723338411576,-0.02637754514752823,6.0409295817571325,5.497262589978502,7.70676434705803,0.19416468290300923,2851.498365170602,1145.9476759439742,0.7080169271070843,0.039840317703222994,1.8376579251350438,6.467139170213047,0.6243669986550657,0.14607094904976534,0.0003125,0.8266617725480792,0.006183208731339106,0.5294309195727966,0.04474110803500432,0.09919364164424938,0.16130014374735305,0.26978886571285987,0.6021473091524986,0.0862418904084179,0.17937061993148595,0.014559203428634168,5.2199331848552335,0.6243669986550657,0.010567299982132622,0.051887119654301844,0.298387227747526,0.15394248956525217,0.09096423717542441
IR007_0,数据集/数据集/源域数据集/48kHz_DE_data/IR/0007/IR007_0.mat,5,IR,48k_DE,1796.0,0.5806445202803957,0.5806445202803957,3.1771020042876583,5.76454507286279,0.4144125194766779,0.3371480589316509,0.02554072473801567,6.078150104611604,5.471254807249367,7.665924137962099,0.1956296160654337,2843.3665829312654,1147.19913263541,0.6971654376222147,0.04563166441998517,1.8345842449009153,6.566916613842778,0.6263931685739111,0.1434223322045535,0.0003125,0.8260402900217109,0.006332533518944238,0.5217363490233728,0.046704554221381915,0.09403318466048285,0.15873732578737196,0.27455183061975386,0.6043055618762443,0.09320823181794147,0.17742931400383005,0.01563000973923864,5.2199331848552335,0.6263931685739111,0.011057252662142218,0.0571726171732981,0.2891391247209995,0.15021725621030363,0.08631232249281783
IR007_0,数据集/数据集/源域数据集/48kHz_DE_data/IR/0007/IR007_0.mat,6,IR,48k_DE,1796.0,0.5818308398096247,0.5818308398096247,3.1513738428455063,5.964254812908922,0.41407123226556813,0.33852712615357317,0.005589827292861066,6.072102641443149,5.412953048896052,7.606069340634492,0.19489714948422146,2859.3829831601997,1154.9008049866252,0.7090881383286668,0.03869651941446077,1.8558490959532452,6.4635074612118935,0.6274936153567651,0.14819873395988506,0.0003125,0.8276399066466985,0.007341322807265751,0.5114973791591089,0.047266048522802605,0.09660402705457151,0.15801317528769976,0.2836839958874552,0.601560675290112,0.09216605540938451,0.17944498540394135,0.015213258249431311,5.2199331848552335,0.6274936153567651,0.010390757769742263,0.05324259470667332,0.2887206170184103,0.14531837415455473,0.08762880480790931
IR007_0,数据集/数据集/源域数据集/48kHz_DE_data/IR/0007/IR007_0.mat,7,IR,48k_DE,1796.0,0.5860782669515054,0.5860782669515054,3.1859759700311616,6.088119611000412,0.4160822636169159,0.3434877349928801,-0.030527800537693956,6.129832220732367,5.432831045887931,7.652590701838249,0.19196728315937253,2847.6613656441054,1138.5880222854512,0.7153370882544703,0.03916888061952076,1.8727270314780189,6.501187187069873,0.6303901192148172,0.14102153515431554,0.0003125,0.8264245218548837,0.0078111186885912245,0.5249958351325379,0.04391781628201852,0.10434945348600537,0.15984163638607504,0.2685401281534737,0.6070824788704818,0.08746059207761331,0.17552778594982382,0.01390264260880742,5.2199331848552335,0.6303901192148172,0.009260934507014791,0.05414212618376004,0.2866778482484931,0.16145967264565284,0.0959999538532361
IR007_0,数据集/数据集/源域数据集/48kHz_DE_data/IR/0007/IR007_0.mat,8,IR,48k_DE,1796.0,0.5835082927126455,0.5835082927126455,3.186394783033547,6.090308077690584,0.4149696964690539,0.3404819276644263,0.009173876341480881,6.111008665869161,5.454456804621671,7.670090622546737,0.19141793322346334,2851.8512986415085,1147.668992090461,0.7034471527662296,0.040488995107701466,1.8680115475972152,6.482276519313767,0.6298830268422277,0.14186125533845095,0.0003125,0.8255302828129054,0.007613273211552232,0.5133746374385478,0.04550392200044346,0.09462308982168136,0.15817878044207798,0.28555662883831867,0.599687579931328,0.09029360982209829,0.1827483537090775,0.015289602236665489,5.2199331848552335,0.6298830268422277,0.009998778116409732,0.06056548858532437,0.280651762976785,0.14850518783580374,0.08732748885215416
IR007_0,数据集/数据集/源域数据集/48kHz_DE_data/IR/0007/IR007_0.mat,9,IR,48k_DE,1796.0,0.5824315413802571,0.5824315413802571,3.4953579380707547,6.323074971394511,0.41451816807328457,0.3392265003945821,0.018651436288541462,6.106343979253087,5.993044203260743,8.421304877772378,0.19385948849417078,2867.684452305784,1160.4453335097305,0.7078835372535214,0.03781358053556821,1.8612021584626686,6.533984157812743,0.6277558062409714,0.14578133236438198,0.0003125,0.8261971271820437,0.007575235528125444,0.5131334145989414,0.047971897035808314,0.09211979051974514,0.15782593007566403,0.285804608211756,0.5924904665976333,0.09274622458169797,0.18796490114916004,0.015272028509350966,5.2199331848552335,0.6277558062409714,0.01103544929776469,0.061382593414039295,0.28504039172370244,0.14229420595252834,0.08393033215663478
IR007_0,数据集/数据集/源域数据集/48kHz_DE_data/IR/0007/IR007_0.mat,10,IR,48k_DE,1796.0,0.5803579362429125,0.5803579362429125,3.495648932389918,6.3258710809784136,0.41364836125189075,0.33681533416013254,-0.013645748155492524,6.04721733745352,6.01921495621417,8.445299833698218,0.19538546053836295,2834.496339946458,1153.513618500351,0.7126460196605291,0.040147113219905,1.8450348174146498,6.4991970685400124,0.6274211889840634,0.14294410965235738,0.0003125,0.8268228781085147,0.007762874402341695,0.5231177819291394,0.04758539498430364,0.09734622949299965,0.16238445543722968,0.277569542501134,0.6003296278480083,0.08671385746105183,0.17578032106092084,0.014415704367619568,5.2199331848552335,0.6274211889840634,0.011811268929564389,0.05977628107314726,0.28918404670543607,0.14990439754673998,0.08751865539159537
IR007_0,数据集/数据集/源域数据集/48kHz_DE_data/IR/0007/IR007_0.mat,11,IR,48k_DE,1796.0,0.5814578904630964,0.5814578904630964,3.3643725741452704,6.213523649435362,0.4150903334904651,0.3380932783817942,0.006878207354617859,6.004854248521913,5.792031184883516,8.113886492914434,0.1959958493560398,2838.546016906847,1157.3265010663615,0.7086927576824643,0.03944464857729011,1.8300275600289853,6.459947058128307,0.6279312142456814,0.14639885110840803,0.0003125,0.826434218182519,0.008453476956066339,0.5145102299921442,0.048581067770269735,0.09126239335211257,0.15740979731156035,0.28670398156720767,0.5994324080770276,0.09133601231203047,0.179702919836142,0.015282301925461789,5.2199331848552335,0.6279312142456814,0.011031298410662783,0.05821650222259695,0.29080244400063204,0.14230317152038266,0.08117491465042997
IR007_0,数据集/数据集/源域数据集/48kHz_DE_data/IR/0007/IR007_0.mat,12,IR,48k_DE,1796.0,0.5837380699131636,0.5837380699131636,3.364775842987465,6.2144327446039735,0.4174360060061054,0.34075013426594547,0.015443704827122779,5.996201095471836,5.767185696418273,8.064851631919085,0.19495818836598913,2876.5922361639537,1157.377552363004,0.7117510921162095,0.03876540650595586,1.8136293128717218,6.461608775539349,0.626644284760089,0.14985337969289986,0.0003125,0.826327381145868,0.007258043453480705,0.5099486585193977,0.04770460357722211,0.09688071227431805,0.1530812657022349,0.2843432471605925,0.5939743345120033,0.09315620360949295,0.19187247774308874,0.014796974421868626,5.2199331848552335,0.626644284760089,0.009941475382823207,0.052059413372217096,0.29749200294059336,0.13772553625686024,0.08680683104109718
IR007_0,数据集/数据集/源域数据集/48kHz_DE_data/IR/0007/IR007_0.mat,13,IR,48k_DE,1796.0,0.5863961801904553,0.5863961801904553,3.300720965610542,6.125279693921053,0.41886457988852166,0.3438604801419568,0.0019254413966974463,5.930172908095245,5.630783832049336,7.882933024896581,0.19385948849417078,2857.494940346077,1146.6838350133285,0.7127162862604006,0.039899534209822375,1.8322015087999015,6.272544740199994,0.629251132748908,0.14439759454917114,0.0003125,0.8258853192907663,0.006727277846933679,0.5153446459204343,0.04578526632812186,0.10191393509635463,0.15668712382150957,0.2819872753873331,0.5976744120832337,0.08578630068648979,0.18721777058010738,0.014160633715078558,5.2199331848552335,0.629251132748908,0.010241707858907803,0.04951103714703276,0.29440990865040917,0.1485208683736635,0.09028235416827511
IR007_1,数据集/数据集/源域数据集/48kHz_DE_data/IR/0007/IR007_1.mat,0,IR,48k_DE,1772.0,0.28060153437699387,0.28060153437699387,1.5479339135375572,3.0821579540778927,0.19090555410719048,0.07873722109472327,-0.05263366012142448,7.394897662435677,5.511769192495169,8.10169327105976,0.18720625038149302,2818.2628985907427,1138.268046024657,0.6862366364816924,0.062934401819271,2.0433201196385573,7.350630929701703,0.5954049415909184,0.1805547088826381,0.0003125,0.8297976078500865,0.006116440644609132,0.5439066183550378,0.050528668284958556,0.09696313192057265,0.16001354169298992,0.27582819466533215,0.6574358423285485,0.06825467260110019,0.11826487745299143,0.014231953218663222,5.290632054176072,0.5954049415909184,0.010820066929396292,0.047521918172038366,0.31205256570252105,0.15830718703015312,0.08227570282495705
IR007_1,数据集/数据集/源域数据集/48kHz_DE_data/IR/0007/IR007_1.mat,1,IR,48k_DE,1772.0,0.27961241132729975,0.27961241132729975,1.547724550250172,3.064452776930949,0.19040892226601736,0.07818310056826708,-0.07092978978867989,7.370372134573393,5.529420685572804,8.120225497624197,0.18940365012512972,2836.9743228641796,1140.9752155177246,0.6879927482734722,0.061503452180414586,2.0570015390625627,7.426362003824132,0.5942085359115588,0.1808389313185538,0.0003125,0.8293670687578132,0.005623611071116667,0.550555201268838,0.04962102563164209,0.10214486068464695,0.16076098074210268,0.2657313557785502,0.6508464096061004,0.0665244206576425,0.12550050706686888,0.01423311724082584,5.290632054176072,0.5942085359115588,0.010846163996671833,0.04700865612329931,0.31435225576010856,0.16295118560682445,0.08689796356569186
IR007_1,数据集/数据集/源域数据集/48kHz_DE_data/IR/0007/IR007_1.mat,2,IR,48k_DE,1772.0,0.27841212220597833,0.27841212220597833,1.5779081784623459,3.077375441528936,0.1895281011152084,0.07751330979123662,-0.060721715045355694,7.3824575223960425,5.663705492197962,8.319986980982042,0.19196728315937253,2828.9388385157936,1147.2987599205087,0.6853093374504902,0.06226951726075221,2.062106054529709,7.420167547887187,0.5919896272082303,0.1850807736184091,0.0003125,0.8284835487789143,0.005721061354134398,0.5560129385654311,0.049915653405910865,0.09775743717953467,0.16263593353497738,0.2633931615764612,0.648143932735308,0.06754926382908852,0.1255731893322421,0.014428923615755988,5.290632054176072,0.5919896272082303,0.011088750003568926,0.049177114194129165,0.3164863870378885,0.16409184535910593,0.08150812800553546
IR007_1,数据集/数据集/源域数据集/48kHz_DE_data/IR/0007/IR007_1.mat,3,IR,48k_DE,1772.0,0.2776260187946018,0.2776260187946018,1.578090975923662,3.0912804984836346,0.18935149026733641,0.0770762063117406,-0.06657514354020402,7.25954103868015,5.684948510478366,8.335243593292857,0.1917231276323018,2840.1734357326163,1143.8673790690973,0.6897532691347713,0.060638383911482636,2.049647966335506,7.262852615891384,0.5965570881567668,0.18393724337879935,0.0003125,0.8287783316032593,0.005644282543464106,0.5599607959501359,0.04834546528284121,0.09994247470667776,0.1618177768413957,0.25447447001082824,0.6519415894783455,0.07025815667272166,0.12434406689126411,0.01453646081526419,5.290632054176072,0.5965570881567668,0.011512214764382472,0.05057925558523147,0.31754716811676176,0.165529369905412,0.0837894746410249
IR007_1,数据集/数据集/源域数据集/48kHz_DE_data/IR/0007/IR007_1.mat,4,IR,48k_DE,1772.0,0.276913152764227,0.276913152764227,1.5364877486299091,3.050140102582867,0.18901511638907098,0.07668089417382412,-0.10250990175255793,7.2852037937212595,5.54482074569638,8.1234829326992,0.19227247756821095,2827.434985588826,1142.8850482853595,0.6944688799712495,0.05842033527558275,2.0404440683748355,7.369597466897454,0.5957298594694027,0.1825634195815401,0.0003125,0.8293401533979485,0.0051622676604372855,0.5575754341802036,0.04781331440111712,0.09920698158996143,0.16645385481691816,0.25739555233269606,0.6515631671326123,0.07039275509486871,0.12106987426897003,0.014604803558927761,5.290632054176072,0.5957298594694027,0.013101884124808528,0.04770887678187989,0.3168133559637104,0.16496107868818374,0.08362359273016623
IR007_1,数据集/数据集/源域数据集/48kHz_DE_data/IR/0007/IR007_1.mat,5,IR,48k_DE,1772.0,0.27623695160212525,0.27623695160212525,1.5359576013414893,3.0044535903701144,0.18858760301904576,0.07630685343043488,-0.09530724652048696,7.299025917022383,5.550637361136671,8.131387405227644,0.19141793322346334,2846.123867785249,1153.667098535872,0.6935933414679132,0.058279132749507905,2.0359183608202303,7.336918090620258,0.5961327111967797,0.18163668007740963,0.0003125,0.8285054100767327,0.00518459358601709,0.5553469771246824,0.049054711423681,0.09452324829999516,0.16265211445137137,0.2634434968978345,0.6444232912696699,0.07126881435313673,0.13058210689146232,0.014611904414324445,5.290632054176072,0.5961327111967797,0.01148946663554858,0.0490648148457128,0.31289712932010455,0.16878437714749064,0.07991663415782556
IR007_1,数据集/数据集/源域数据集/48kHz_DE_data/IR/0007/IR007_1.mat,6,IR,48k_DE,1772.0,0.2771153537525935,0.2771153537525935,1.502456657349684,2.970329233249433,0.18891376039362645,0.07679291928542503,-0.0980936726209772,7.306664292316079,5.4148521463034,7.943466684448557,0.18781663919916988,2834.449092704379,1158.0229857302756,0.6899418993181142,0.059072189685434345,2.044716461427254,7.288805271073702,0.5949173986325536,0.18255870477476566,0.0003125,0.8277726591287214,0.005319693242119821,0.5661966775245908,0.04882638392625459,0.09836804841135346,0.16784482664458616,0.25053662207357846,0.6391512892985417,0.06943571136414024,0.13065534423913364,0.014638940181741389,5.290632054176072,0.5949173986325536,0.012488486365373223,0.050451554288165744,0.31641198343534854,0.17316739161813985,0.08446690937797437
IR007_1,数据集/数据集/源域数据集/48kHz_DE_data/IR/0007/IR007_1.mat,7,IR,48k_DE,1772.0,0.2768431802843045,0.2768431802843045,1.559520870230903,3.0194924486402055,0.1888127823535256,0.07664214646992792,-0.1055140658885251,7.343643365256695,5.638662654630874,8.26789206013081,0.1886711835439175,2828.981595062189,1160.1787885773724,0.6883895409906616,0.05923146719023643,2.047993570427144,7.420795967936681,0.6019029157355815,0.17564562001773898,0.0003125,0.8298447384269906,0.005384241085229477,0.5476561148470888,0.050229087381879915,0.10068763475996814,0.16616274208621967,0.2636792298893581,0.6434411104815048,0.07206290531411463,0.1264110899622809,0.015044142758576167,5.290632054176072,0.6019029157355815,0.01225224002722568,0.05396478421618848,0.3061006164448189,0.16296420142927984,0.08344700111999762
IR007_1,数据集/数据集/源域数据集/48kHz_DE_data/IR/0007/IR007_1.mat,8,IR,48k_DE,1772.0,0.2742956332153116,0.2742956332153116,1.5625787117029115,3.049325927116268,0.18657005158898576,0.07523809440098873,-0.15766553131503358,7.395227363212369,5.704144673033205,8.386848183527414,0.19007507782457425,2813.159513544542,1161.1792571611154,0.692552535728628,0.05771205446216337,2.072161881093661,7.505034238053839,0.5992675744384877,0.17269104997919038,0.0003125,0.8310712959812672,0.005645379963042967,0.5500061581260232,0.05194436020953217,0.09751216569547512,0.16969542640893415,0.26547641101994374,0.6412177339975768,0.07129110907825649,0.12332238728091752,0.014832134759624195,5.290632054176072,0.5992675744384877,0.012267019432383749,0.05306015649885919,0.30396767754061266,0.16826119360536798,0.08152630032836372
IR007_1,数据集/数据集/源域数据集/48kHz_DE_data/IR/0007/IR007_1.mat,9,IR,48k_DE,1772.0,0.2747756479309973,0.2747756479309973,1.562761731929721,3.0956534923286165,0.18697444137453062,0.07550165669589937,-0.12896091218785966,7.421576820290381,5.693238730398499,8.367158708725269,0.1895257278886651,2812.7977479068823,1151.7987411909178,0.6884392545632794,0.06017423268216455,2.050482465848035,7.582963751862629,0.5976814565513974,0.17520157448262333,0.0003125,0.8307608159100933,0.005542602432327981,0.5480216184697092,0.0516986064545964,0.09531112488756549,0.16619344359609978,0.2723816660293704,0.6453587722728051,0.06905420089505436,0.12350653083909516,0.014369895077823155,5.290632054176072,0.5976814565513974,0.012486091163792104,0.05761429370430899,0.2984128114034252,0.16618417899406285,0.07987967460956825
IR007_1,数据集/数据集/源域数据集/48kHz_DE_data/IR/0007/IR007_1.mat,10,IR,48k_DE,1772.0,0.276525782087101,0.276525782087101,1.5326149647612213,2.987377438549262,0.18877302029567,0.07646650815888287,-0.1336829228006198,7.360718178827091,5.536348539246603,8.110367396196974,0.1898309222975035,2813.5582555112173,1152.3824399676466,0.6906971189037667,0.060053740146424645,2.014567279036974,7.528767988773575,0.5956408792677693,0.17662216449521068,0.0003125,0.8312636800157727,0.0060710059005663845,0.5554511707079537,0.051460308229999654,0.09582542449431151,0.16677073480573618,0.26340111726512555,0.6467912047139504,0.06982241254191332,0.12117943521652173,0.014662383795600727,5.290632054176072,0.5956408792677693,0.011684341136454343,0.05456186057457091,0.3050824554510433,0.16922944522997163,0.08376740156325231
IR007_1,数据集/数据集/源域数据集/48kHz_DE_data/IR/0007/IR007_1.mat,11,IR,48k_DE,1772.0,0.2786903398060571,0.2786903398060571,1.5798690762304899,3.0887992399860957,0.18975563523179662,0.07766830550121558,-0.13957607710313133,7.33084046880388,5.662324311149403,8.316576177013848,0.19056338887871574,2809.4583149138884,1143.9993578679362,0.685930304065063,0.06132492607546094,2.023031142196875,7.363228239300507,0.5952611508966209,0.17731944398697597,0.0003125,0.8307688842900597,0.006499341020608102,0.5540243531222998,0.04993475370815602,0.09435354257853924,0.16447937299216073,0.26739322473545146,0.6535607418014646,0.06898562885821355,0.11776697210909093,0.014459542236250058,5.290632054176072,0.5952611508966209,0.012494923929490052,0.05121741417656973,0.307728666146024,0.1675953345139749,0.08169044607670245
IR007_1,数据集/数据集/源域数据集/48kHz_DE_data/IR/0007/IR007_1.mat,12,IR,48k_DE,1772.0,0.27738221472062125,0.27738221472062125,1.5794182202454294,3.0885599004723714,0.18861933176905377,0.07694089304331683,-0.1081571583000706,7.400681621144764,5.692283415739499,8.371065366510662,0.19154001098699872,2827.2544246527077,1150.087131548982,0.688923504391595,0.06105679750890445,2.0313436506830027,7.398930510676042,0.5918265934379862,0.18119440869681358,0.0003125,0.8304236097571844,0.00618229666137206,0.5551797370737575,0.049791648738108325,0.0924930711190287,0.16422757151132522,0.26851943916174403,0.650480394199729,0.06837464803492987,0.12138100927800204,0.01463928220423155,5.290632054176072,0.5918265934379862,0.011440037360533792,0.049981590265758415,0.3169275779454517,0.16231382872575645,0.08022185999912539
IR007_1,数据集/数据集/源域数据集/48kHz_DE_data/IR/0007/IR007_1.mat,13,IR,48k_DE,1772.0,0.27944970826760773,0.27944970826760773,1.5597117263900762,3.080492767129425,0.1897282046503132,0.07809213945085106,-0.1160090671904172,7.448049971657726,5.5808408570931345,8.219994516527187,0.19349325520356467,2826.746439859076,1148.6748856051972,0.6867310203084231,0.06305489930653427,2.051082526631911,7.426863547603948,0.5915396869376829,0.1788928929115988,0.0003125,0.8295908791980193,0.006685436330011645,0.55650238528611,0.04838974545717997,0.09269554290898728,0.1633065699171893,0.26998876231276464,0.6514580040887038,0.06534275330041081,0.12190572227383965,0.014693702728183095,5.290632054176072,0.5915396869376829,0.011620761422291211,0.05121622864095294,0.313958335185078,0.1646218488230677,0.07945130551560621
IR007_2,数据集/数据集/源域数据集/48kHz_DE_data/IR/0007/IR007_2.mat,0,IR,48k_DE,1748.0,0.2785589554475179,0.2785589554475179,1.5255856095253677,2.9935139153198964,0.19227796745983722,0.07759509166001227,-0.0665401208044857,7.357137575436599,5.466142919302693,7.919991495447776,0.1868400170908869,2793.640319754377,1207.5970607376953,0.7004694459023731,0.05160647516582983,1.9465518956953634,8.019273834963686,0.6114423547204559,0.15946347471131986,0.0003125,0.8302815654219454,0.005978223311419625,0.5189367738437454,0.05569245815242809,0.09304302776418528,0.17710418910487477,0.2898584864041703,0.6410871955106725,0.07951009436737254,0.10985110362350993,0.01754968877713405,5.363272311212815,0.6114423547204559,0.018645317574523552,0.05084904899675724,0.2660427431247489,0.14957066714445413,0.09839634278660898
IR007_2,数据集/数据集/源域数据集/48kHz_DE_data/IR/0007/IR007_2.mat,1,IR,48k_DE,1748.0,0.28060095581046424,0.28060095581046424,1.5273865851018136,3.052892547604534,0.19283198312698668,0.07873689640174611,-0.08395133550753503,7.545975199177968,5.451812689177598,7.933993720415593,0.18580235610083623,2796.1626757979493,1206.7009659302948,0.7004147140504,0.05198775381079746,1.9627130505626655,8.207670221978326,0.6126682824543594,0.159573694388894,0.0003125,0.8300665404183551,0.005394116513314907,0.5195390605130167,0.057274246557504446,0.09810267644714425,0.1755156162943204,0.28772688841362054,0.6370581295486316,0.0766454046184407,0.11481306446169577,0.01690078080042085,5.363272311212815,0.6126682824543594,0.02045726529564129,0.05534268865371626,0.26488932832950457,0.14783881789869155,0.09759168714309084
IR007_2,数据集/数据集/源域数据集/48kHz_DE_data/IR/0007/IR007_2.mat,2,IR,48k_DE,1748.0,0.28127406396747084,0.28127406396747084,1.5279433117488004,3.0557774408502283,0.1934355241909353,0.07911509906077688,-0.09744443765504734,7.537932445663543,5.432198662243748,7.898945143785941,0.18470365622901788,2804.7934218345117,1205.20552452773,0.6949759296140612,0.05339320339852179,1.9627060819740425,8.147666927749594,0.6092945642696227,0.1606934864966942,0.0003125,0.8295822031352533,0.005500783458860468,0.5226719249677652,0.055148131818506786,0.09723957208878255,0.17413996708347093,0.28738430363101636,0.642610563438016,0.07434532089746908,0.11226417286366824,0.017329469438442723,5.363272311212815,0.6092945642696227,0.019930399483440036,0.052113273506313645,0.2694274240060502,0.14881291513410694,0.09838798968140576
IR007_2,数据集/数据集/源域数据集/48kHz_DE_data/IR/0007/IR007_2.mat,3,IR,48k_DE,1748.0,0.27970472671076796,0.27970472671076796,1.5605595251055233,3.087848393789664,0.1931300704113125,0.07823473414434538,-0.09163508034516979,7.485151221311897,5.582038750867311,8.08438245105941,0.18445950070194714,2799.7867290623462,1213.500270280371,0.6910903599167035,0.055940384561330166,1.9494177049483972,8.08960893692736,0.6094120680895492,0.15966651466319565,0.0003125,0.8296602789895429,0.005564509382285552,0.5223841385125059,0.05470176763813994,0.09313856032479431,0.17629888063538554,0.2918972610944085,0.6386110229177705,0.07348839188560949,0.11400682338364035,0.018083813739391726,5.363272311212815,0.6094120680895492,0.019927373473227816,0.05048736564573442,0.26584229515905056,0.1522255055603835,0.09762710480456646
IR007_2,数据集/数据集/源域数据集/48kHz_DE_data/IR/0007/IR007_2.mat,4,IR,48k_DE,1748.0,0.2815677425511517,0.2815677425511517,1.5608864989318536,3.073981197833348,0.1946313152933064,0.07928039364535164,-0.09227039303462178,7.495563639013997,5.55168072197713,8.032104400497902,0.18452053958371484,2799.8122001496554,1200.808624642544,0.6876752259868267,0.05761170397269275,1.9440370482273968,8.211187894530253,0.609791598123757,0.15810525799688638,0.0003125,0.8303646359910661,0.005453283769649619,0.5179600965893031,0.053045894473597435,0.09188347688829474,0.1753770247935203,0.297773334563928,0.6430143611282187,0.07344789147541532,0.11286172416065969,0.01789667767650942,5.363272311212815,0.609791598123757,0.01996600659406381,0.05184483441957618,0.2621991762799682,0.15034389917792837,0.09785924839894203
IR007_2,数据集/数据集/源域数据集/48kHz_DE_data/IR/0007/IR007_2.mat,5,IR,48k_DE,1748.0,0.2825067869379925,0.2825067869379925,1.6300027198015599,3.173907899694824,0.19522299366366572,0.07981008466602832,-0.0690511253129053,7.508793082267553,5.765357007794989,8.343247651464143,0.1851309284013917,2806.3894870832796,1192.0740840242938,0.6936198217211577,0.05334352555323933,1.9381125040131966,8.300984097340834,0.6122687859608744,0.15714332992884295,0.0003125,0.8300915669326125,0.005523637601687869,0.5211023482566844,0.05372150515395331,0.09850942513081296,0.17170605011390128,0.2886099043745465,0.6461461162190437,0.07370017515682313,0.1131893460662203,0.017058385476589336,5.363272311212815,0.6122687859608744,0.020529105947259055,0.05630126303441832,0.26239450352596466,0.14780198415050422,0.10309266352246912
IR007_2,数据集/数据集/源域数据集/48kHz_DE_data/IR/0007/IR007_2.mat,6,IR,48k_DE,1748.0,0.280199089446482,0.280199089446482,1.6296544112719313,3.1733743154908245,0.19367800546023164,0.07851152972663761,-0.06148187561124364,7.515619970086577,5.8161981016365365,8.414447683379748,0.18519196728315937,2800.028316673522,1203.1072712874677,0.6934337995666218,0.05536448885605134,1.9451310064810494,8.314565908016247,0.6108492350700508,0.15900820897744844,0.0003125,0.8303795756186183,0.005368467456251391,0.5217355891327464,0.056049040912316495,0.09817780866205106,0.17337858089127778,0.28686824005668254,0.6407028671165955,0.07445419018757281,0.11449280986828046,0.017761385913134472,5.363272311212815,0.6108492350700508,0.019930412021141194,0.05254357197573983,0.2665730489887727,0.14755678430352454,0.10135888961210579
IR007_2,数据集/数据集/源域数据集/48kHz_DE_data/IR/0007/IR007_2.mat,7,IR,48k_DE,1748.0,0.2797686928650931,0.2797686928650931,1.5824783884048033,3.1294425199266884,0.19292516238528554,0.0782705215074428,-0.05872022671523486,7.5061452432641245,5.657473464802159,8.204147380518481,0.18476469511078558,2786.2329234696117,1205.6560871270867,0.697597937638026,0.05285053277940591,1.9676898942873382,8.110321002798539,0.6127332624387614,0.15816333443135452,0.0003125,0.8315965824299277,0.005599966475877693,0.5196587670739645,0.057182162903213415,0.0975545016922548,0.17604402606227024,0.2897348328151867,0.6375965531154287,0.07434162780362456,0.11354908756822142,0.01768547165909876,5.363272311212815,0.6127332624387614,0.019599621617201284,0.053302797503765154,0.266157395565496,0.14722119984944027,0.09953691326616049
IR007_2,数据集/数据集/源域数据集/48kHz_DE_data/IR/0007/IR007_2.mat,8,IR,48k_DE,1748.0,0.2805933008358298,0.2805933008358298,1.6691233323954435,3.227867636130319,0.19398804114686016,0.07873260047394648,-0.08720352356661881,7.462612723206998,5.953503594244963,8.611687850197741,0.18470365622901788,2774.5386452185053,1209.4260529233738,0.6955490632118799,0.05467777426334015,1.9534168856825491,8.141321855522857,0.6127690002821624,0.1574871817853969,0.0003125,0.8321482900323697,0.0052821972198132915,0.5208223287778874,0.05934995328860445,0.09537673765626666,0.1781599111916891,0.2876081042570613,0.6371964066336102,0.07712895508261501,0.10979697403823903,0.017972645863956326,5.363272311212815,0.6127690002821624,0.02066058062739657,0.05386686361848852,0.2644460682315945,0.15043422628031874,0.09583353473329916
IR007_2,数据集/数据集/源域数据集/48kHz_DE_data/IR/0007/IR007_2.mat,9,IR,48k_DE,1748.0,0.2804472888398489,0.2804472888398489,1.6697621167155552,3.256948131101362,0.19405254668476118,0.07865068181762161,-0.07064371787777894,7.4174649105666335,5.958357174430419,8.611326276501629,0.18500885063785633,2780.4589711052213,1211.288614488608,0.6878761172863894,0.057330354490732705,1.9489851172063035,8.109055591210725,0.6103694242870047,0.16169081659153686,0.0003125,0.8317406319869886,0.005435167256391704,0.5206915484371736,0.05945778346662979,0.09532632937008403,0.1757171491089182,0.2894984342577083,0.6380218233981738,0.07535510328321776,0.11109498197745636,0.018077103094621755,5.363272311212815,0.6103694242870047,0.02093075115620394,0.05196496911249433,0.27101198701315266,0.1459075768464099,0.09451210458262876
IR007_2,数据集/数据集/源域数据集/48kHz_DE_data/IR/0007/IR007_2.mat,10,IR,48k_DE,1748.0,0.281903761069755,0.281903761069755,1.6081885001901064,3.1954794408131955,0.19443554169423208,0.07946973050527353,-0.08698765043210462,7.434966264092501,5.710222780651372,8.279417988791876,0.1864127449185131,2786.967330444146,1211.4615768123301,0.689709348953541,0.05737287686437124,1.9570720718221637,8.08337556390548,0.6101554696896933,0.16431123508084483,0.0003125,0.8311089529494903,0.005327902338377494,0.5214399389832711,0.06057832779219685,0.09796072723799568,0.17301499703506454,0.28641822214116525,0.6366733343171778,0.0749000031941881,0.11423977140844076,0.01824201292332089,5.363272311212815,0.6101554696896933,0.02156065114237433,0.050803432484130565,0.27168809131155963,0.14696832578252958,0.09686847388389351
IR007_2,数据集/数据集/源域数据集/48kHz_DE_data/IR/0007/IR007_2.mat,11,IR,48k_DE,1748.0,0.2813412052505245,0.2813412052505245,1.6073204716567713,3.101303154791148,0.19478686360820877,0.07915287377181773,-0.07964720565147079,7.317500469755681,5.71900123755169,8.260697110700969,0.1846426173472502,2777.7532962368696,1208.7287671709819,0.6972411076155992,0.05343141487805198,1.946265739808292,7.953257961329928,0.6104976591166026,0.1653513007678397,0.0003125,0.8322884008480789,0.005503436987822841,0.5188935314853623,0.05946422107968993,0.09643373932694448,0.17646101770740194,0.2851901539873753,0.6390704046430604,0.0797867055242739,0.1092980982485118,0.018676491334415568,5.363272311212815,0.6104976591166026,0.01897931742447749,0.051184604964113686,0.27600262379793944,0.14405208027510838,0.09493073829112099
IR007_2,数据集/数据集/源域数据集/48kHz_DE_data/IR/0007/IR007_2.mat,12,IR,48k_DE,1748.0,0.28179076960517274,0.28179076960517274,1.5923781630740432,3.0861574621330807,0.19508621872832493,0.07940603783467554,-0.09986616659339889,7.335387142369833,5.6592820067066265,8.175254210949186,0.18220106207654277,2780.8164448906477,1204.1430219365398,0.6942216927547479,0.05626558833789598,1.9605021464263228,7.927716156367007,0.6100573063311501,0.16564276873758133,0.0003125,0.8320686856064556,0.005292100616160689,0.5158467428028141,0.058771480185040255,0.09510847153388391,0.1764232773927214,0.2921986558730898,0.63929418478015,0.07794109852424061,0.11039054057326486,0.017898274866217537,5.363272311212815,0.6100573063311501,0.020471400448824326,0.051033306360536684,0.2726139225165604,0.14217985517727083,0.09552135070530265
IR007_2,数据集/数据集/源域数据集/48kHz_DE_data/IR/0007/IR007_2.mat,13,IR,48k_DE,1748.0,0.28208436053389035,0.28208436053389035,1.5921183273174475,3.0987132336939514,0.19394055865212645,0.07957158645781384,-0.11711650397907719,7.458149078725042,5.650060840549101,8.21830459450348,0.18531404504669474,2782.3610433681265,1199.6080880033658,0.6877213468034774,0.05703368126152501,1.9823888388436413,7.935286373375306,0.6088764923624898,0.16252146346252724,0.0003125,0.8318348951346423,0.00523092469452412,0.5114196923582545,0.05820244847848414,0.09800440035280586,0.1749956260613952,0.29927211155372224,0.6388144448379091,0.0730250039648409,0.11325416451438756,0.0172609104985336,5.363272311212815,0.6088764923624898,0.02106626919194983,0.05100846116102259,0.27071677753353063,0.13979788458882403,0.09533299351349973
IR007_3,数据集/数据集/源域数据集/48kHz_DE_data/IR/0007/IR007_3.mat,0,IR,48k_DE,1721.0,0.2791232091579263,0.2791232091579263,1.4427867596084336,2.8725574807650207,0.19649901578361822,0.07790976589061949,-0.14568138234017977,6.771559683237898,5.158636509972064,7.328776709359767,0.18366599523896723,2825.125080245557,1254.2259812643604,0.6943683068253789,0.053330059804050804,1.8652436389536642,7.222258574805428,0.6240139809970344,0.14539988979212498,0.00028125,0.8258051240834514,0.005399503480648471,0.5720923362249307,0.057214484568645016,0.07535000144117279,0.19831572778490197,0.22786917774817672,0.5890260731293071,0.10470314269694361,0.1399586738523237,0.01890217070104603,5.447414294015108,0.6240139809970344,0.018866875421478843,0.04272346408129736,0.24227601354512515,0.2240796793710803,0.10376396904699839
IR007_3,数据集/数据集/源域数据集/48kHz_DE_data/IR/0007/IR007_3.mat,1,IR,48k_DE,1721.0,0.28001834744319454,0.28001834744319454,1.48749287006568,2.9150870087481753,0.19620012699885597,0.07841027490481761,-0.16803166965322083,6.756200362944752,5.324349766092586,7.6004851275587,0.18610755050967467,2840.3998651503025,1253.6582985237442,0.697070303628723,0.05495194694808895,1.889740138093145,7.000700474208473,0.6219286394765696,0.14869448884365682,0.00028125,0.8237553084133137,0.005122472594270389,0.5753468614985099,0.05613170257988087,0.07370179820098426,0.19104628538340346,0.22760654225455626,0.5939630870929482,0.10348331972376558,0.14295991409810002,0.01883433634693615,5.447414294015108,0.6219286394765696,0.018621862689892077,0.04227206931230371,0.24529191262133615,0.22331444931487782,0.10375178082308512
IR007_3,数据集/数据集/源域数据集/48kHz_DE_data/IR/0007/IR007_3.mat,2,IR,48k_DE,1721.0,0.2786309842856336,0.2786309842856336,1.4878366989025253,2.910248543736979,0.19526240576230586,0.077635225403981,-0.19004261899487432,6.808567082190681,5.3519859021568434,7.638762399840357,0.18494781175608863,2834.369965349706,1270.5258366330625,0.7033466606930988,0.050733425356544716,1.8859303387070008,7.1630066506188,0.6231865216649297,0.14634186406947633,0.00028125,0.824788552274838,0.0051655853609875475,0.57940996040336,0.059563091488420025,0.07518100135923987,0.1930760491436465,0.216975846266795,0.5918014014313272,0.10717949615049535,0.13886832891139336,0.02016174048100316,5.447414294015108,0.6231865216649297,0.016353206491449307,0.042349859361528304,0.24920623272682468,0.2291475204608903,0.10125122418901478
IR007_3,数据集/数据集/源域数据集/48kHz_DE_data/IR/0007/IR007_3.mat,3,IR,48k_DE,1721.0,0.2785950673789613,0.2785950673789613,1.4680422183980464,2.913605772792576,0.19533903663710075,0.07761521156788799,-0.12517262622842654,6.829636248022689,5.275931396217195,7.525054120190404,0.18220106207654277,2827.3722054209234,1279.6510198135768,0.6921545785187583,0.0569901039965829,1.8723313753265576,7.231922791079541,0.6254330366578463,0.1437113096091754,0.00028125,0.8252764162237446,0.004984725206279784,0.5620612351818299,0.05884100734568202,0.07658577670134281,0.20008240976954647,0.22952667257375203,0.5824519535998531,0.10934510480661329,0.14183822021070983,0.02133935384879296,5.447414294015108,0.6254330366578463,0.0163623777712579,0.03947228195438678,0.2381245478024902,0.22845471660851763,0.09838945013490448
IR007_3,数据集/数据集/源域数据集/48kHz_DE_data/IR/0007/IR007_3.mat,4,IR,48k_DE,1721.0,0.28061453440139844,0.28061453440139844,1.5029146187820623,2.996183013613476,0.1968966198141326,0.07874451691731363,-0.13490666099722604,6.771986757149752,5.34934238357157,7.624234732276943,0.17994262345113837,2814.4596671416402,1279.0517104077705,0.6939573890218317,0.054863684093107046,1.8738078925270547,7.2243649160709476,0.6265073830209352,0.1435061691817159,0.00028125,0.8249773057838365,0.004795572035600037,0.5583625301943194,0.05937922993115853,0.07738008459618,0.20367964777622605,0.23739787220946168,0.5772949385892677,0.10480262372209756,0.14325113143288848,0.02092577543280417,5.447414294015108,0.6265073830209352,0.02047566635898287,0.0399561673656459,0.2377646572707763,0.22136831446637234,0.09876677271729675
IR007_3,数据集/数据集/源域数据集/48kHz_DE_data/IR/0007/IR007_3.mat,5,IR,48k_DE,1721.0,0.2801617296248354,0.2801617296248354,1.529654588472478,3.0320503293186007,0.196415948636733,0.07849059474637937,-0.17101634840799518,6.742635424154188,5.467032725741819,7.798601401154162,0.17969846792406763,2830.079523961321,1262.3589502512334,0.7023345052312081,0.04846942137895363,1.8907100435125437,7.188094788292367,0.6235472751149989,0.1453876913084255,0.00028125,0.8249542651855584,0.00509968587080565,0.571137182366156,0.05837705811826938,0.08160273356047289,0.19750934540196233,0.22233320525409503,0.5842212825097278,0.10426656253769134,0.1441487371453678,0.019612441924440654,5.447414294015108,0.6235472751149989,0.01866270903419905,0.0407176235898892,0.24580818416605085,0.22253977971952288,0.10965805336037301
IR007_3,数据集/数据集/源域数据集/48kHz_DE_data/IR/0007/IR007_3.mat,6,IR,48k_DE,1721.0,0.2790486642863275,0.2790486642863275,1.5300219962480732,3.024858647631846,0.1949310417901926,0.07786815703998351,-0.16317373806252017,6.839495238149502,5.488842126058004,7.857839195176645,0.18183482878593665,2832.4373823465144,1257.1238155572416,0.701680998958402,0.05248953819193862,1.911709192741355,7.109764680657347,0.6239211365207702,0.1477696612494812,0.00028125,0.8251519052030039,0.005314767179472095,0.570301507297088,0.05941423541176061,0.0771395435140653,0.19287903778785362,0.2265631677366046,0.5911084467784191,0.10633180520644096,0.1411709493327009,0.018670681409954825,5.447414294015108,0.6239211365207702,0.01671635173941818,0.04432836299351631,0.24533422435946403,0.22033230163102202,0.10520498905509829
IR007_3,数据集/数据集/源域数据集/48kHz_DE_data/IR/0007/IR007_3.mat,7,IR,48k_DE,1721.0,0.2796087605534992,0.2796087605534992,1.4695049071635615,2.928261777917367,0.19558291182633109,0.07818105897826405,-0.1673364864483754,6.838752999493692,5.24946176282842,7.505057571571702,0.18348287859366416,2818.3696856591214,1269.5417141064233,0.7043518635069358,0.05175411634249026,1.90367256966193,7.135954795130038,0.624092582183043,0.1528450068819147,0.00028125,0.825238469734087,0.005280733951204028,0.568664620547822,0.06199612979480086,0.07785517390995765,0.19529146052141558,0.22084338458846797,0.5914526418292192,0.11169941476857118,0.13489632299359966,0.019821236689316124,5.447414294015108,0.624092582183043,0.017325126756993613,0.039030217468325155,0.2510339637721592,0.21744354762960807,0.10575942017244692
IR007_3,数据集/数据集/源域数据集/48kHz_DE_data/IR/0007/IR007_3.mat,8,IR,48k_DE,1721.0,0.27947810669650147,0.27947810669650147,1.4604694126729911,2.8552505356016544,0.1964495346619412,0.07810801212266105,-0.15029517805029272,6.733670843249784,5.23058142537429,7.441492617473706,0.18299456753952267,2818.273931421826,1272.688960684854,0.7102931142187217,0.04540131093763156,1.8771735599286599,7.152397458303626,0.6252153210126916,0.15020379912298604,0.00028125,0.8259445996847117,0.005564026007164933,0.5695259406748403,0.05965120581614289,0.07868254221590538,0.20261558683493205,0.21751655932300376,0.5833985396430745,0.11270479863191077,0.13764632853926947,0.02041239936886477,5.447414294015108,0.6252153210126916,0.017172245987207166,0.040359685268157953,0.2529098136907236,0.21629058949044702,0.10742077387515889
IR007_3,数据集/数据集/源域数据集/48kHz_DE_data/IR/0007/IR007_3.mat,9,IR,48k_DE,1721.0,0.2795475800893541,0.2795475800893541,1.4905567346958977,2.9335160179005757,0.1968758790488751,0.07814684953381383,-0.1242866068365859,6.681396646876195,5.341192951047662,7.584910330345254,0.18189586766770433,2813.5529129485035,1265.1876191092226,0.7074516203992316,0.04959393694225991,1.8556016855495858,7.097495418406586,0.6277561167182614,0.14770904921067488,0.00028125,0.8261978088009939,0.005244057835432593,0.5587430295672083,0.05959124973460384,0.07653575508200124,0.2023366216993157,0.23385138559553859,0.5845755125778709,0.10981258810438643,0.1377017813252947,0.01993418089896266,5.447414294015108,0.6277561167182614,0.01862805074823528,0.03956832894785424,0.2440165001663881,0.21411841714774307,0.10295705288146959
IR007_3,数据集/数据集/源域数据集/48kHz_DE_data/IR/0007/IR007_3.mat,10,IR,48k_DE,1721.0,0.27965171780256937,0.27965171780256937,1.4902212683460199,2.9338279374240415,0.1965372999083037,0.0782050832699279,-0.16273995537508779,6.747399664941194,5.3453318410271455,7.608847379892652,0.18433742293841177,2819.726223503839,1278.4028001406343,0.6916482366191922,0.057615655670252355,1.8764774059437674,7.145512230609911,0.6278253109057056,0.14419142857590736,0.00028125,0.82426064043225,0.005418977942609176,0.5607052515523225,0.06081959063283127,0.07693193440597085,0.19943896358608704,0.2345811150086483,0.5805859109807143,0.10605074605916218,0.1424542969315139,0.020616443526730956,5.447414294015108,0.6278253109057056,0.018298771646208127,0.03945565894867168,0.24091150067381178,0.2199400172970128,0.10171279636696241
IR007_3,数据集/数据集/源域数据集/48kHz_DE_data/IR/0007/IR007_3.mat,11,IR,48k_DE,1721.0,0.2785240330437655,0.2785240330437655,1.4874954565769831,2.933200661362672,0.1950945880101066,0.07757563698296456,-0.1823790489383357,6.841453194120295,5.354812342648423,7.6469743080086365,0.18616858939144235,2840.6183396104957,1288.0445794036052,0.6937698291753749,0.054671314147090734,1.9024304707660387,7.261013818285965,0.6242667527358559,0.1449769759811321,0.00028125,0.8231774662785543,0.005321924160000866,0.5741966617811273,0.0598606626428204,0.0754964985399201,0.19663095831810626,0.22095341154035658,0.5803147082200375,0.10737758646896221,0.14567859327992247,0.020832630035860875,5.447414294015108,0.6242667527358559,0.016629351513435992,0.04024591363628125,0.24705136211299286,0.22750419715116393,0.1030697347815808
IR007_3,数据集/数据集/源域数据集/48kHz_DE_data/IR/0007/IR007_3.mat,12,IR,48k_DE,1721.0,0.2799614799212368,0.2799614799212368,1.445321156043575,2.8743836246398122,0.19669980243640228,0.0783784302396891,-0.12306542673212922,6.807260898682126,5.151100716357528,7.332743505760723,0.18049197338704756,2841.925999765908,1284.7123962400408,0.6931553463269433,0.056135825614137706,1.8719047662150137,7.306913194464259,0.6254952526594081,0.1458502722625782,0.00028125,0.8239843174160657,0.005051630034655814,0.5679954866964749,0.05900004769310003,0.07397201293670408,0.19536101563474015,0.22844914172414643,0.5823611828617059,0.1075419974085774,0.14595422540314745,0.020893294785220562,5.447414294015108,0.6254952526594081,0.017123908577775456,0.039253177884828905,0.2448643509463889,0.2251085125517345,0.10006784617189993
IR007_3,数据集/数据集/源域数据集/48kHz_DE_data/IR/0007/IR007_3.mat,13,IR,48k_DE,1721.0,0.28196799866457156,0.28196799866457156,1.5381338208391218,2.9780913800824056,0.19895227571878776,0.07950595227090383,-0.13065885912816758,6.708246486547661,5.470120795978836,7.754989265458459,0.17957639016053226,2822.2617907026092,1284.9587355471838,0.6918135362594758,0.056979666571249116,1.858745148120947,7.2485144607010765,0.6244403150195018,0.14545974147061988,0.00028125,0.8240023915104034,0.005296407666934126,0.5669474123407304,0.059799689076227014,0.07468160119650616,0.19902922116759955,0.22928683623844598,0.5813201281625816,0.105879119337576,0.14229716319737398,0.022039386333906067,5.447414294015108,0.6244403150195018,0.019238516953444185,0.039986213988840516,0.24316443008809052,0.22293343577788738,0.09986118599923537
IR014_0,数据集/数据集/源域数据集/48kHz_DE_data/IR/0014/IR014_0.mat,0,IR,48k_DE,1796.0,0.18883300334961667,0.18883300334961667,1.4020321620408296,2.7343844414622867,0.12116109433532235,0.035657903154036344,-0.088571371774725,12.551016805055985,7.425737843754807,11.573239992946274,0.16773484709760117,2674.089111767716,572.4361134139162,0.6171997292201787,0.05112760436506026,2.2297518487100865,14.859273231860927,0.5209572863266422,0.09404579727120443,0.000375,0.8596564635592343,0.011466973665435401,0.8555942931298265,0.025838753652860987,0.09360726712707325,0.008163353633516163,0.025647587048785003,0.9482666491504103,0.02314977117514565,0.005297689557879013,0.0019026819096254431,2.6099665924276167,0.5209572863266422,0.17660032088824817,0.2722785391258486,0.2921366626776068,0.10125904454023618,0.09338372065000562
IR014_0,数据集/数据集/源域数据集/48kHz_DE_data/IR/0014/IR014_0.mat,1,IR,48k_DE,1796.0,0.17918602342456272,0.17918602342456272,1.3318921361307816,2.620357477283128,0.11724173135268383,0.03210763099070794,-0.1098780175423118,11.781852390596505,7.442461748594849,11.376295535465726,0.169321858023561,2713.1415811954844,588.1376981943473,0.6267463855222639,0.04253785542885636,2.145691998064963,14.599850626154742,0.5328909415779972,0.09532577081682157,0.00034375,0.8557231136424558,0.013020537756530977,0.8321525830894265,0.023308332260370896,0.11555893023570926,0.007875062718493562,0.024169827382445885,0.9491569754541196,0.025844286333685698,0.005515005581762226,0.0021757854790782965,2.0879732739420933,0.5328909415779972,0.17456829589809275,0.2644665862496507,0.27204881790672036,0.1102550316744635,0.11803968025577405
IR014_0,数据集/数据集/源域数据集/48kHz_DE_data/IR/0014/IR014_0.mat,2,IR,48k_DE,1796.0,0.17101711782009504,0.17101711782009504,1.316286162114917,2.5342741572961067,0.11433212434377722,0.02924685458749227,-0.1045424707632528,10.134303452728759,7.711893694282859,11.539551468758646,0.17133614112189466,2749.151290266633,595.1859154462293,0.6320842930263103,0.038106202867638474,2.1149984709930783,12.75081459475532,0.545443982424658,0.1032546787457357,0.00034375,0.851660441492412,0.01301876192751017,0.8072860311234906,0.02230045497341162,0.13438360241566163,0.00817247335213524,0.028234505430568737,0.9495789813595227,0.027634406118835667,0.0058889353793645845,0.0023554791940303393,2.0879732739420933,0.545443982424658,0.1499368690386767,0.25408258852953697,0.2567338931886573,0.13293799497502667,0.14092983064741188
IR014_0,数据集/数据集/源域数据集/48kHz_DE_data/IR/0014/IR014_0.mat,3,IR,48k_DE,1796.0,0.16599991021436927,0.16599991021436927,1.3073733919901949,2.4992332174801772,0.11032209735503223,0.027555970191178662,-0.09011386471320645,10.059675599829532,7.883879349634788,11.864067849220714,0.17090886894952084,2779.1230479978763,581.3187116529266,0.6296422478321568,0.04724531955831669,2.1375879807031457,12.068037327743742,0.5392448957892985,0.10414007183153036,0.00034375,0.8495615705343517,0.0138454572348204,0.8349660335412915,0.01942255112818142,0.11054701595462882,0.008229913454866627,0.023802874332798755,0.9515517151106856,0.02847517569175128,0.006097980583085985,0.002110154764272166,2.0879732739420933,0.5392448957892985,0.15698486471325823,0.24438321675572997,0.2557234366590177,0.1572327779021965,0.11593022510624423
IR014_1,数据集/数据集/源域数据集/48kHz_DE_data/IR/0014/IR014_1.mat,0,IR,48k_DE,1772.0,0.2633907011106998,0.2633907011106998,2.9100685697474256,5.457064772406357,0.1504004953230771,0.06937466143158598,0.08585388798154821,21.099266565728414,11.049603474882062,19.350780872158367,0.16120368674845878,2608.427297567499,422.3709112982929,0.5648932258391948,0.08436671948111225,2.7680737300722735,22.072793744645622,0.4664761423807847,0.11616263466074524,0.000375,0.8688509516020009,0.0076316246031109345,0.9478702178557622,0.010070566489220202,0.028086020195290797,0.010262107035768835,0.014041423654985933,0.968841927526236,0.009088845423955045,0.002620645610742866,0.0008675315449380488,1.0581264108352144,0.4664761423807847,0.2534862047060438,0.2987465044935459,0.26977005416566335,0.11443657241032898,0.02798301948611704
IR014_1,数据集/数据集/源域数据集/48kHz_DE_data/IR/0014/IR014_1.mat,1,IR,48k_DE,1772.0,0.26993882616453824,0.26993882616453824,2.9105935739895137,5.457062871047798,0.15451175823708713,0.0728669698710888,0.06634014357631765,19.818874690937577,10.779745895355603,18.832916319301308,0.16053225904901422,2605.9996814533397,442.6187371873159,0.568202452942177,0.08566873550800289,2.774925455549005,20.343320000022498,0.4645718432887737,0.12262972597043541,0.000375,0.8687288772835837,0.008984976991487597,0.947058902168522,0.01102369914157772,0.026061098256992335,0.010996221559739507,0.01520546503767607,0.9654562023530058,0.01061360110790026,0.0028852385180675867,0.0010097579401719557,1.0581264108352144,0.4645718432887737,0.2679270016463477,0.3018268761353091,0.25616720367573115,0.11003637713266948,0.02595606004381376
IR014_1,数据集/数据集/源域数据集/48kHz_DE_data/IR/0014/IR014_1.mat,2,IR,48k_DE,1772.0,0.25527826589586733,0.25527826589586733,2.329845701411582,4.441318145120428,0.14510466065369038,0.06516699303880115,0.04794143010942883,19.643191640289547,9.124638563327128,16.052843876962136,0.16089849233962034,2601.097234289814,439.3887898015478,0.5613889609241507,0.09101592439510924,2.7163017684508937,19.380923663383463,0.45583947634252003,0.10773866214658598,0.000375,0.8694306538485319,0.009117499933739358,0.9526414356489243,0.012040822776552088,0.022071726805137373,0.01052636806800978,0.013434829359040022,0.9649263662046027,0.010816698876642567,0.002744142970187557,0.0009893710349500957,1.0581264108352144,0.45583947634252003,0.2610267913497051,0.33878620441832413,0.25195820575935435,0.08633926086302435,0.022000694936350793
IR014_1,数据集/数据集/源域数据集/48kHz_DE_data/IR/0014/IR014_1.mat,3,IR,48k_DE,1772.0,0.2482147214837759,0.2482147214837759,2.329692852958624,4.441319781718539,0.14109832946384288,0.06161054796126844,0.09726586779704383,20.34328869647905,9.387614621139113,16.51442561184145,0.16010498687664043,2582.977845748107,446.5555980846767,0.5575734280144294,0.09972148993218712,2.7164784104407746,20.267317217128046,0.4513717598445669,0.12773177897691165,0.000375,0.870684577010381,0.00954912998180777,0.9522127353125626,0.012987766605939428,0.02067641781006188,0.011390448992404621,0.014316325590768786,0.9624693912953773,0.011742319906887993,0.002930465377262794,0.0010037576150963646,1.0581264108352144,0.4513717598445669,0.2820072756671944,0.3300765588444013,0.24607967024016328,0.08222555260866013,0.020632483677479076
IR014_1,数据集/数据集/源域数据集/48kHz_DE_data/IR/0014/IR014_1.mat,4,IR,48k_DE,1772.0,0.24141047897580295,0.24141047897580295,2.19600293334883,4.192504652181851,0.14308173670358054,0.058279019359326605,0.14722392588845246,17.499389018329843,9.099235959348901,15.352644694427939,0.16077641457608496,2609.533152896286,452.1844121346076,0.561494352725435,0.09026912632048173,2.531462436495848,18.414294659017497,0.4686618718989137,0.12054298069284186,0.000375,0.8688196506947365,0.010447399480532638,0.9396686607304032,0.011665626311307215,0.030843685486729052,0.011199097758494954,0.015221017438148228,0.9631883721318152,0.013131695209722728,0.0028182517519801647,0.0010796548993803896,1.0581264108352144,0.4686618718989137,0.25834407551809446,0.29636077249497256,0.27462826848832966,0.09708634982375883,0.03126038348862383
IR014_1,数据集/数据集/源域数据集/48kHz_DE_data/IR/0014/IR014_1.mat,5,IR,48k_DE,1772.0,0.26339037872823995,0.26339037872823995,2.2665140027983615,4.3335562246674275,0.15045260065749322,0.06937449160660566,0.1897228646017085,19.151489650459446,8.61229457767395,15.078715497736177,0.16211926997497406,2597.6015762565808,431.57553732099353,0.560134095345954,0.08200224351183028,2.6835639977906256,18.922544774461212,0.4552702571630968,0.1256690710892183,0.000375,0.8702442486349161,0.009476818649034949,0.9491051341604105,0.01029256327661756,0.026072915388187262,0.010178371968810928,0.01252402228010155,0.9667541521671681,0.011352297604080235,0.0027114824056802093,0.0008949869929478909,1.0581264108352144,0.4552702571630968,0.2922547481355931,0.297981008818112,0.26296609943614735,0.08078400781377858,0.026196537158400975
IR014_1,数据集/数据集/源域数据集/48kHz_DE_data/IR/0014/IR014_1.mat,6,IR,48k_DE,1772.0,0.24834989472399424,0.24834989472399424,2.2667586877830703,4.333401509905761,0.1434218754696327,0.06167767020941903,0.20344792319039837,19.65533357864464,9.129790497987395,15.809383384162972,0.161936153329671,2581.114787418608,454.84890276271443,0.567775667127417,0.07719839353454437,2.5984640563993686,20.196588824673768,0.4590897676586205,0.1254565297120268,0.000375,0.8710752307892575,0.010072171892113227,0.9432657867945408,0.012728638565632382,0.027319158809578994,0.012563088949128077,0.016230768276888078,0.9610777892063687,0.012095624569741791,0.002887617121685415,0.001029452468552175,1.0581264108352144,0.4590897676586205,0.28882462005581266,0.3116771508416374,0.2432114255342237,0.08584409477391443,0.02716974006182413
IR014_1,数据集/数据集/源域数据集/48kHz_DE_data/IR/0014/IR014_1.mat,7,IR,48k_DE,1772.0,0.2593904194089459,0.2593904194089459,2.160375932529797,4.17850528905392,0.1504538287518306,0.06728338968114886,0.20278104003273728,18.216219101821185,8.330478392848068,14.362267465582383,0.16120368674845878,2581.562387525951,427.2695360885361,0.5591830687667708,0.08633249572993429,2.6459818898755567,18.37517829280434,0.4588860298788088,0.120433381268862,0.000375,0.8715534606675166,0.008599885956804111,0.9477698913581576,0.011064149201074515,0.02571592066615447,0.010237829707704826,0.015135371342215227,0.9668669647878991,0.010373505230546476,0.002610413917607175,0.0009573863784616443,1.0581264108352144,0.4588860298788088,0.2598422505026639,0.3348868176222411,0.24547874492864685,0.09799418613141306,0.02568949484168886
IR014_1,数据集/数据集/源域数据集/48kHz_DE_data/IR/0014/IR014_1.mat,8,IR,48k_DE,1772.0,0.2682689151634964,0.2682689151634964,2.1602044962179785,4.178502736445444,0.15357289958378934,0.07196821084299923,0.1721932229539297,17.081358722598285,8.05352851674426,14.068357160488597,0.16077641457608496,2587.8293347860726,436.9635539363788,0.5626060975903294,0.08637612147421568,2.802779845942424,16.19241270369549,0.456030591088107,0.129374995237651,0.000375,0.8697012008777243,0.009412212850207312,0.9457037532863046,0.011049111054205354,0.02787337618092649,0.010582305641991318,0.014776462481359538,0.9656526393694163,0.010593398798180926,0.0026527229210917733,0.0010023604438012897,1.0581264108352144,0.456030591088107,0.26799550979967357,0.3371173832318408,0.23704983391223045,0.09657110842490792,0.027694569882651444
IR014_1,数据集/数据集/源域数据集/48kHz_DE_data/IR/0014/IR014_1.mat,9,IR,48k_DE,1772.0,0.27114028074909635,0.27114028074909635,2.754803191896231,5.185298221444475,0.15315229973818426,0.07351705184469878,0.16570934699973913,19.26334430607836,10.158627227452744,17.984846140755284,0.15912836476835746,2598.1709612555364,414.290454086826,0.5580237950661323,0.0957077462625051,2.863221995352995,18.808023194979366,0.45600120791105947,0.1224991532554652,0.000375,0.8700962858702979,0.008142716404615263,0.9509888060015315,0.009643751776626006,0.026304082438205385,0.008562020703885957,0.012848950276986053,0.9706285107203548,0.009007412811327867,0.002486893485060018,0.0008069616792276458,1.0581264108352144,0.45600120791105947,0.2784377772996544,0.32826639317198,0.23643439009761774,0.09524800957389734,0.026258350675012452
IR014_1,数据集/数据集/源域数据集/48kHz_DE_data/IR/0014/IR014_1.mat,10,IR,48k_DE,1772.0,0.2783119887394397,0.2783119887394397,2.754653333154398,5.185297293304002,0.15797810346616456,0.077457563076102,0.1555950998842478,18.482093580733256,9.895364067425543,17.432990797507184,0.158823170359519,2584.1787294867827,427.73900789630346,0.5567444414609832,0.10039317635900416,2.8564745857615224,17.923284068188426,0.4537234360141349,0.1356572317839764,0.000375,0.8696695268921107,0.008961239273200965,0.9488521127782401,0.010556756323518723,0.025571125832185196,0.009885468915198042,0.015173113717170053,0.967233984554481,0.009497235903788905,0.0027885939660718317,0.0008591844383754934,1.0581264108352144,0.4537234360141349,0.2960410243940698,0.319308594533874,0.2317601206019225,0.08854403355824553,0.02561663161682385
IR014_1,数据集/数据集/源域数据集/48kHz_DE_data/IR/0014/IR014_1.mat,11,IR,48k_DE,1772.0,0.2726518302927323,0.2726518302927323,2.6730419116088386,5.110533110107099,0.15405418249393463,0.0743390205619769,0.10504740983440751,20.21785077537123,9.801819187689471,17.3478333025166,0.15943355917719587,2594.574250738501,407.53997549217837,0.5511013777802939,0.09256004816035635,2.822934498910233,20.053974115317214,0.4529045954275374,0.1281044659849811,0.000375,0.8735619349450059,0.007523948328636939,0.9562874148574784,0.009768983784627424,0.02133344285576921,0.009672790593726754,0.013025595127567244,0.9698936318382138,0.008523219708059257,0.002603426295316836,0.0007922208138510979,1.0581264108352144,0.4529045954275374,0.28199896203408836,0.30680345774716794,0.26021715036900267,0.09416794220316609,0.02138793869716091
IR014_1,数据集/数据集/源域数据集/48kHz_DE_data/IR/0014/IR014_1.mat,12,IR,48k_DE,1772.0,0.27456909508374117,0.27456909508374117,2.673701027352819,5.110531811173737,0.15528749819840937,0.0753881879751045,0.08232551257827087,20.22749845918032,9.734844065954507,17.21275566714153,0.1584569370689129,2587.770574923953,410.8318773232037,0.5511615216143303,0.08792219715146898,2.8285762725543355,20.105082020886933,0.4459597017208647,0.13554627037825365,0.000375,0.870994612822424,0.007327018429302126,0.9582075685663215,0.010479261774706709,0.020086811165753154,0.009829448989037226,0.012410716322149518,0.9692401378741332,0.008447590857842508,0.002565519513972145,0.0008075571523344169,1.0581264108352144,0.4459597017208647,0.2990154799640798,0.3182559775760788,0.2444360975101967,0.08312652672151967,0.020112155339676373
IR014_1,数据集/数据集/源域数据集/48kHz_DE_data/IR/0014/IR014_1.mat,13,IR,48k_DE,1772.0,0.25243824295359396,0.25243824295359396,2.0175719732123194,3.8584147108681304,0.14980629349459426,0.06372506650549772,0.038690478911447175,15.750988127993592,7.9879651968951775,13.460968377349685,0.15961667582249894,2595.788087215265,438.55297082375756,0.5602421355088278,0.09458895382219303,2.5778855943945347,15.761127563313963,0.46375106356438,0.1262095909417485,0.000375,0.8699327906123957,0.007919896511149617,0.9413567137580242,0.012611323689031156,0.030962229793960454,0.011437797402340985,0.01688296879156646,0.9648473670006218,0.009772853441200574,0.0025517829105384244,0.0009736093695677369,1.0581264108352144,0.46375106356438,0.2738575157015597,0.3056680060474526,0.2550876729523765,0.09224294822504352,0.03096311370718748
IR014_2,数据集/数据集/源域数据集/48kHz_DE_data/IR/0014/IR014_2.mat,0,IR,48k_DE,1751.0,0.21886755237025293,0.21886755237025293,2.1691333032794207,4.109486711885684,0.1286290897119729,0.04790300548054541,0.06716774384648165,19.119950578274345,9.906167720913462,16.856277461000737,0.1571751205517915,2592.38405205756,525.2351325046944,0.5804968066684574,0.06120571026786635,2.5783192656137253,20.63367979808612,0.4769586649472245,0.12772423899388463,0.000375,0.8683185738296151,0.01104493863012004,0.9198431801982762,0.015610711383410827,0.03670092552311153,0.030224082747961654,0.028418126316243963,0.9388980217654798,0.013390107813672749,0.0031513080340608395,0.001564066657719692,1.070816676185037,0.4769586649472245,0.26211055026364455,0.29298398109033896,0.2544387791203847,0.09922616835282541,0.03742227509411484
IR014_2,数据集/数据集/源域数据集/48kHz_DE_data/IR/0014/IR014_2.mat,1,IR,48k_DE,1751.0,0.24236081595092868,0.24236081595092868,2.1704330388297737,4.109489556374972,0.138224262025745,0.05873876510839992,0.07200736178514514,18.549169780409173,8.956413522390445,15.704108574501667,0.1579686260147714,2593.2580629896192,485.5137149698168,0.5717262533210731,0.06481935465804531,2.7435430606655475,18.07772187112655,0.46448495972002896,0.12655570249544432,0.000375,0.8691020732383319,0.009429115347906665,0.929895963516325,0.012574413363169227,0.034633264078274426,0.024604808628254187,0.022902906489460185,0.9495953191865834,0.011242245496993791,0.0029130438729581248,0.0012597480647471362,1.070816676185037,0.46448495972002896,0.29361244351178845,0.3036588760198791,0.22970068637381225,0.08705967306899919,0.035235708468188943
IR014_2,数据集/数据集/源域数据集/48kHz_DE_data/IR/0014/IR014_2.mat,2,IR,48k_DE,1751.0,0.24752277501449116,0.24752277501449116,2.2988806251704443,4.424639122423692,0.13946669177084864,0.061267524150874414,0.06802874207622081,18.893514236184686,9.28864089075684,16.4853362304291,0.1607153756943173,2589.090022404771,467.14518910813695,0.5668584107151515,0.0714372279600845,2.7872085279760563,18.040106144195256,0.45919739860311587,0.12544440227834838,0.000375,0.8697256090242081,0.008969157162451906,0.9344601894729305,0.010874884930161257,0.03402131525918544,0.02208383037945893,0.020662927576709553,0.9544473096418042,0.00967929086460187,0.0028079658469712045,0.0011212333990740784,1.070816676185037,0.45919739860311587,0.29752823946688856,0.3161937391292984,0.2138575976195806,0.08620344439471646,0.03451857643237963
IR014_2,数据集/数据集/源域数据集/48kHz_DE_data/IR/0014/IR014_2.mat,3,IR,48k_DE,1751.0,0.2395462483289484,0.2395462483289484,2.2988912675161304,4.424638241937719,0.1367783489673869,0.057382405088474225,0.10440798413812419,19.463657429222064,9.596894795383673,16.807485707907855,0.1618751144479033,2593.4819935000905,483.4816950589027,0.5721694541048319,0.0746709788116658,2.708946713105258,19.541797689071853,0.46464264792982946,0.1260680406121587,0.000375,0.8693654870584749,0.009693967860956497,0.9295259074221386,0.012179266256645437,0.03658176733051535,0.02260545350716335,0.02174397133305075,0.9518683734027393,0.010896561454178597,0.0027986301762238943,0.0011908786934395259,1.070816676185037,0.46464264792982946,0.2838307731605868,0.31736364058975286,0.21645587554777487,0.09381403040386768,0.036512970767414346
IR014_2,数据集/数据集/源域数据集/48kHz_DE_data/IR/0014/IR014_2.mat,4,IR,48k_DE,1751.0,0.24005308207399342,0.24005308207399342,2.186743911629084,4.299300153168193,0.13810879899010536,0.057625482213223424,0.1409743172046125,18.794356213747093,9.113728219957926,15.841403688101279,0.15992187023133736,2596.736034341705,467.43299305025016,0.564814238822235,0.0845746891137046,2.705468162518632,18.94252103394675,0.4662985204494204,0.11419882754419339,0.000375,0.8688474499092662,0.009124263696523935,0.9323021303704925,0.011635812514630028,0.03633092034449936,0.02033344975639548,0.01966570299075954,0.955540982745926,0.010577002253650488,0.002609220009811341,0.0010603608703633528,1.070816676185037,0.4662985204494204,0.2632589894419944,0.32185035536378964,0.23145983489964111,0.09872784521727355,0.0364851336755019
IR014_2,数据集/数据集/源域数据集/48kHz_DE_data/IR/0014/IR014_2.mat,5,IR,48k_DE,1751.0,0.24535807016739902,0.24535807016739902,2.6175826453885387,5.096322966030586,0.13787786215026998,0.0602005825962703,0.2022709176861224,23.745954861041692,10.676214668221421,19.00104773292423,0.1593725202954282,2599.1021843410026,460.4186866573769,0.5641928367557149,0.0802429009306619,2.7586730971793845,24.722960032095756,0.4603718758217707,0.11970713702429144,0.000375,0.8689373501419806,0.008972216988067622,0.9384410891128635,0.011514380381829755,0.03245516899897833,0.01935736498054258,0.018087794944482174,0.9568639077611425,0.009981770439476768,0.002580194011990012,0.0009722531857792913,1.070816676185037,0.4603718758217707,0.2849626807026493,0.3173863629549549,0.2263834147826872,0.09145309074172031,0.03355668630410902
IR014_2,数据集/数据集/源域数据集/48kHz_DE_data/IR/0014/IR014_2.mat,6,IR,48k_DE,1751.0,0.23951985806257325,0.23951985806257325,2.617855301154927,5.096321993086957,0.1362275659647347,0.057369762406315236,0.23561173522645587,22.601376439141184,10.937990572485779,19.235199784447477,0.15961667582249894,2605.586975598938,474.0163497595367,0.5718532675920837,0.06623550357475459,2.7084202099433963,23.991563818748602,0.4666566548585393,0.11984164537090562,0.000375,0.8684495651134155,0.009590817378219894,0.9333158112907992,0.011560413107021668,0.036433194984038526,0.021275558740551207,0.018429891825563864,0.9540823677332665,0.010676936813028608,0.002700904023823037,0.0010781590878619484,1.070816676185037,0.4666566548585393,0.2767598605630347,0.3118415254244816,0.2306570308630895,0.1001928233345789,0.037369382550967584
IR014_2,数据集/数据集/源域数据集/48kHz_DE_data/IR/0014/IR014_2.mat,7,IR,48k_DE,1751.0,0.23870733273621209,0.23870733273621209,2.492822839558575,4.9040014080401395,0.13670020863261112,0.056981190702036666,0.2040966645663532,21.362275799801367,10.447843121843468,18.245108606607268,0.15949459805896357,2605.881158774891,474.60966491310376,0.5747214204159198,0.06863673088984126,2.67235614735936,22.51776596562174,0.4639429929287416,0.12070302258165563,0.000375,0.8683308503309459,0.00883484553328561,0.9329096232371343,0.011949579040541412,0.03678581914698475,0.02174385416810337,0.019029537079864548,0.9539577416732022,0.010096656016437408,0.0026975304759160627,0.0011152603603540364,1.070816676185037,0.4639429929287416,0.2780799326548186,0.32124920851098676,0.22455929784100795,0.10083481590900305,0.037726991224033245
IR014_2,数据集/数据集/源域数据集/48kHz_DE_data/IR/0014/IR014_2.mat,8,IR,48k_DE,1751.0,0.24529896785239735,0.24529896785239735,2.494218848997602,4.904003762693051,0.13775362432497515,0.06017158362945147,0.16882141599538752,21.254733408477527,10.16760677949341,18.105548711726005,0.1585179759506806,2596.049460905289,454.0774861753624,0.5667521726614738,0.07019573774880135,2.804532758653,21.19548021463898,0.4498351044108456,0.1268043757531223,0.000375,0.8694869754348045,0.007898375058349569,0.9435289802445509,0.01081793988679668,0.02783428450966148,0.02049865118256116,0.018811994484226414,0.9573325081882635,0.00876625827770561,0.0026841434486614434,0.0010012746574295955,1.070816676185037,0.4498351044108456,0.29597485885115377,0.33743041367765686,0.21826497539157677,0.08346179615051634,0.02827880742619689
IR014_2,数据集/数据集/源域数据集/48kHz_DE_data/IR/0014/IR014_2.mat,9,IR,48k_DE,1751.0,0.23895475270937563,0.23895475270937563,2.167952347237286,4.185774594519428,0.13437214864833547,0.05709937384239887,0.12809889625051563,19.112690453710652,9.073888980778552,16.136200466451253,0.15943355917719587,2589.8046544910308,471.34464211447965,0.5695609315411396,0.06122098617770853,2.8266707943182703,18.285775057881587,0.451874579721446,0.13075941259361437,0.000375,0.8696648853164273,0.008961981013512857,0.9405859561839401,0.011850238147439334,0.028504885984280543,0.02130424074536543,0.019592384701050805,0.9539871691422163,0.010127594128093408,0.00305095463295703,0.0011162701450754407,1.070816676185037,0.451874579721446,0.29679680804018066,0.3309289102340538,0.22158241539659407,0.07864873940800292,0.028935280784248202
IR014_2,数据集/数据集/源域数据集/48kHz_DE_data/IR/0014/IR014_2.mat,10,IR,48k_DE,1751.0,0.22075949280737373,0.22075949280737373,2.1681451625927424,4.185775194527738,0.12905759850884796,0.04873475366456889,0.07525408956040114,19.947323995944686,9.820861013457305,16.79908279467999,0.16010498687664043,2588.6231998860508,511.2999500812641,0.5771717288961374,0.07645196926722735,2.542056147721007,21.556221652814003,0.472427340135563,0.12479001845599105,0.000375,0.8692720700965298,0.010317697421002688,0.9208036714573365,0.014580996817914997,0.03958248771849121,0.026563294473924876,0.025164167949681644,0.9441933220465503,0.012962711925659131,0.003352263895696946,0.0013983851372158377,1.070816676185037,0.472427340135563,0.28076641057920054,0.2955730095640459,0.23470622172886682,0.0937211802011248,0.04044516055367075
IR014_2,数据集/数据集/源域数据集/48kHz_DE_data/IR/0014/IR014_2.mat,11,IR,48k_DE,1751.0,0.2280165785817397,0.2280165785817397,2.0557744842519776,3.99895581205757,0.13375706200253878,0.051991560108122684,-0.0031602821929452244,18.299026121161894,9.010890345608466,15.361685435948468,0.15857901483244827,2596.4484319023704,506.31639866945596,0.5748183227745014,0.07843822287397023,2.5414012644743895,19.191810903181253,0.47487871438626084,0.11761900378701881,0.000375,0.8689152068182284,0.01011966768744638,0.9193659840106047,0.01430038254579481,0.04172697328126091,0.025964261014138346,0.024253799115746485,0.94553092139116,0.013179303477019866,0.0031334220874701447,0.0013997330780998074,1.070816676185037,0.47487871438626084,0.27532923671417897,0.2811696073017639,0.257190180353485,0.09426114953911893,0.04253117313941802
IR014_2,数据集/数据集/源域数据集/48kHz_DE_data/IR/0014/IR014_2.mat,12,IR,48k_DE,1751.0,0.2565934479134009,0.2565934479134009,2.520279984704594,4.873453670881196,0.1462319517516101,0.06584019751208717,0.02508193243639479,20.114822630106715,9.820316407104714,17.231791962628503,0.1585179759506806,2595.4396678509925,478.05810137276075,0.5661073301424578,0.08213657924035765,2.705766899038063,20.3621288562813,0.466573744973172,0.11569647115081641,0.000375,0.8696780726086192,0.008687038992694096,0.9267467422161086,0.012634586785592527,0.03779834425773194,0.02261688160428622,0.0229551297836387,0.9524159368617673,0.011241477818798869,0.002833461330437532,0.001195887479896059,1.070816676185037,0.466573744973172,0.2870594958717262,0.2922638344400394,0.25176276249629664,0.08535320366170729,0.03825832667668064
IR014_2,数据集/数据集/源域数据集/48kHz_DE_data/IR/0014/IR014_2.mat,13,IR,48k_DE,1751.0,0.2437948723525859,0.2437948723525859,2.519497992682822,4.873455234336254,0.1417030747521058,0.05943593978541366,0.05238056685466682,20.44499393135722,10.339330365443667,17.78908096300749,0.16095953122138804,2600.7909752007604,489.8273525948706,0.5746283237390571,0.07713599658500588,2.5874742215559716,22.043699996263204,0.4683595176574679,0.11612874825604919,0.000375,0.8684945745089178,0.009150286688016084,0.923341919968312,0.013068113348491749,0.03951208616134567,0.023530708586330894,0.02356085219026188,0.9506273632790423,0.01227205240841396,0.0027983507768087547,0.0012427934048896854,1.070816676185037,0.4683595176574679,0.2840361167353288,0.3088223595926043,0.235076006594047,0.08405645455988735,0.039817158583731645
IR014_3,数据集/数据集/源域数据集/48kHz_DE_data/IR/0014/IR014_3.mat,0,IR,48k_DE,1726.0,0.3759331902037082,0.3759331902037082,1.5673476365557135,2.9922027929757267,0.22737059108202165,0.14132576349673742,0.3067580076145158,6.653685733350465,4.20034484112455,6.96165358775983,0.23597631691387413,6612.4015020023035,2831.441272605405,0.3617934368758911,0.4118255130924893,3.489574764115568,3.9644782049537075,0.4737471238050704,0.23330694234721402,0.00015625,0.8695951132436693,0.00907299952407243,0.4994903462665785,0.0026736685293710784,0.018315308416826125,0.006784401487109953,0.014931741727432791,0.11625615909640014,0.03421909552081423,0.6824201120333602,0.4101927714623763,208.57473928157592,0.4737471238050704,0.2522540479728176,0.11059567963318463,0.08453448406872753,0.036395220701041044,0.018481022093394778
IR014_3,数据集/数据集/源域数据集/48kHz_DE_data/IR/0014/IR014_3.mat,1,IR,48k_DE,1726.0,0.3992010199855466,0.3992010199855466,2.4648657865107153,4.927826593927541,0.2506825991544591,0.15936145435750076,0.2238612341804696,6.583412229461451,6.192782268683368,9.867719637976872,0.2360983946774095,6162.93572740183,2967.6186875709195,0.4057225609148354,0.36744221215703354,3.0081126500002178,4.471297527683234,0.48775400490686877,0.14939785478058487,0.00015625,0.8359088704878223,0.008666438399068678,0.6431600102323168,0.0027473263872093154,0.020212095355914648,0.016175117250308506,0.027482363502196256,0.20103177916056408,0.024432592756074775,0.6086928043259854,0.26494953573468993,208.57473928157592,0.48775400490686877,0.2961023604700474,0.1870726553664947,0.11061897585468601,0.03447060457263318,0.019699873214578847
IR014_3,数据集/数据集/源域数据集/48kHz_DE_data/IR/0014/IR014_3.mat,2,IR,48k_DE,1726.0,0.2566371945039261,0.2566371945039261,2.483504736250983,4.9278503267214715,0.1562644862642423,0.06586264960284599,-0.031864130682895495,17.468780227623466,9.663334436352015,15.874796837963673,0.16224134773850943,2536.5783812994105,602.8161637519294,0.570638464403187,0.0657408146282933,2.3777060323233443,20.20578240213947,0.4690351218324791,0.13238389079706317,0.000375,0.8712271649668095,0.009149599196424366,0.9017811126161988,0.01174244002074477,0.035974593633973685,0.07054034628529546,0.050198345629435245,0.9037163923984081,0.010163926768804928,0.00339929797864791,0.0014326419836050617,1.086326767091541,0.4690351218324791,0.31889967375825873,0.31727352171805784,0.18743966000797704,0.06432278232359828,0.035212319433733465
IR014_3,数据集/数据集/源域数据集/48kHz_DE_data/IR/0014/IR014_3.mat,3,IR,48k_DE,1726.0,0.2595172418478049,0.2595172418478049,2.4543883693502995,4.736415802171525,0.15710933546815434,0.06734919881629205,0.10535059652737785,17.137422583807744,9.455134229648623,15.61838267253579,0.14759201611426478,2530.0360466556044,516.0929982461354,0.566507037119446,0.0612113931324138,2.3803367464613663,19.23348597263029,0.46775550009830075,0.13368155757983216,0.000375,0.8752636750943062,0.007003188937126729,0.9073238089875628,0.012119950296012656,0.03454363097825551,0.06851040102232071,0.04833675854683309,0.9095487079105878,0.008736006254260346,0.0021481319543216774,0.0009979372770167149,1.086326767091541,0.46775550009830075,0.31164801586890917,0.31816212298492297,0.18967423507777514,0.0724046977980456,0.034135830456442466
IR014_3,数据集/数据集/源域数据集/48kHz_DE_data/IR/0014/IR014_3.mat,4,IR,48k_DE,1726.0,0.26556829097583634,0.26556829097583634,2.4551289353975507,4.736413577522784,0.1632087585821841,0.07052651717182648,0.13412325486635424,15.923706013777371,9.241582594173863,15.037837560931427,0.147164743941891,2524.371109836923,526.7600331320292,0.5696682415188646,0.06101334910582217,2.3405424310343577,18.086387266142044,0.47024684465982053,0.13998790102034384,0.000375,0.8748303499612917,0.007579777792901968,0.9021215154501213,0.011906823534810386,0.03634257756139556,0.0735383295394195,0.05122406999622544,0.9041524439678522,0.009169705980335608,0.0021301379952334827,0.0010840511763921443,1.086326767091541,0.47024684465982053,0.30347087074130064,0.30845636030111745,0.20760237271037524,0.07076220214567334,0.03519310678795942
IR014_3,数据集/数据集/源域数据集/48kHz_DE_data/IR/0014/IR014_3.mat,5,IR,48k_DE,1726.0,0.26172172083611506,0.26172172083611506,2.6379200849483952,4.866424171421508,0.15863689813973725,0.06849825915741733,0.1783041376135675,17.83064861948311,10.074458830980848,16.621634444497904,0.14685954953305255,2531.0368296339343,516.2282292391374,0.5696185402744329,0.061836661696103974,2.3772140465198968,20.44626606814354,0.46678303206105687,0.13050054985905946,0.000375,0.8748785494116624,0.007557474890359838,0.909943085737564,0.01091838264899423,0.0344073201064904,0.06885472561713307,0.04573593404539115,0.909751020301114,0.008849989578754046,0.0022417679619174857,0.0010068685220154497,1.086326767091541,0.46678303206105687,0.29321491306876685,0.3154438546505661,0.22490422677957353,0.06559376920813255,0.03329493475072964
IR014_3,数据集/数据集/源域数据集/48kHz_DE_data/IR/0014/IR014_3.mat,6,IR,48k_DE,1726.0,0.26104220914792375,0.26104220914792375,2.6373981406927687,4.8664245861960405,0.15393343501316759,0.06814303495682836,0.2335965065770071,19.60104274427745,10.097970012762206,17.125069515973568,0.14905694927668925,2540.395095533174,507.3269836407898,0.5647885886919044,0.07011552145302617,2.48156203126831,21.472046043372604,0.46059650082764725,0.1313177011216674,0.000375,0.874425816722057,0.006813808208840588,0.9175384840632786,0.010130166764048508,0.029470974577396395,0.06771200306425358,0.04322641857859334,0.9124332253656023,0.008735441912609571,0.0022447071114673994,0.000968941068291468,1.086326767091541,0.46059650082764725,0.3041114296780241,0.3216097874331107,0.21459153537556447,0.06407368914003059,0.02889363565003107
IR014_3,数据集/数据集/源域数据集/48kHz_DE_data/IR/0014/IR014_3.mat,7,IR,48k_DE,1726.0,0.2559592742763656,0.2559592742763656,2.340806715041179,4.536368640336607,0.1559929428612959,0.06551515008808377,0.15832768740328673,16.363662374958572,9.14047156785516,14.998639932777076,0.14917902704022462,2521.337663635164,543.379856719317,0.5706760327469577,0.07665699382759872,2.3914682283385518,18.44310683502917,0.47280499158676403,0.1380127566090832,0.000375,0.8745435246931313,0.007819444680587114,0.8964188860940149,0.012709240568658832,0.03804909693594289,0.08034199500376576,0.05363204473394821,0.8961766086624,0.010566697700099997,0.002159402455975346,0.0012620825788287912,1.086326767091541,0.47280499158676403,0.3173694357187068,0.30334544040911354,0.1945423046305687,0.0674407823762308,0.037282548948924354
IR014_3,数据集/数据集/源域数据集/48kHz_DE_data/IR/0014/IR014_3.mat,8,IR,48k_DE,1726.0,0.24921092291611316,0.24921092291611316,2.1535664144141053,4.253975736924916,0.15699257085721233,0.06210608410070089,0.08486712532708263,13.614546758780335,8.649975721729541,13.73252825168575,0.14679851065128488,2519.0913715859742,547.7172247939319,0.5744503087195848,0.07643529005441087,2.299246580102966,15.805585376050677,0.48642691857225184,0.1280795418689623,0.000375,0.8751738135628303,0.007861888838762396,0.8822347221714611,0.012898909386207373,0.044090698919927895,0.08186918577441359,0.06228991934052901,0.8944050183047877,0.0099898754908465,0.002145503458910447,0.00131919146364459,1.086326767091541,0.48642691857225184,0.29001228551053687,0.3044822921908575,0.20036668265431093,0.07487301704264894,0.04316235890153189
IR014_3,数据集/数据集/源域数据集/48kHz_DE_data/IR/0014/IR014_3.mat,9,IR,48k_DE,1726.0,0.2539794951924452,0.2539794951924452,2.0285004829621363,3.9897708507873846,0.15860637279908607,0.0645055839782093,0.05848525368901139,13.506167714984901,7.996249762311613,12.806462170887388,0.14594396630653728,2509.052342021616,543.1726105936834,0.5746602334804926,0.06875556313163439,2.354801593711037,14.893727226256496,0.47955386371827907,0.13423079651082065,0.000375,0.875911000368795,0.006874827218472265,0.8864767943024668,0.013752677274233703,0.041243966436887304,0.08175696840533127,0.061234275597941874,0.8945996428631585,0.009713324515668831,0.0022164300742410384,0.0012583157978125535,1.086326767091541,0.47955386371827907,0.2976596982057948,0.314563893572843,0.19282949201186575,0.06822859867331825,0.040392739923749685
IR014_3,数据集/数据集/源域数据集/48kHz_DE_data/IR/0014/IR014_3.mat,10,IR,48k_DE,1726.0,0.2556905932390112,0.2556905932390112,2.3026362029945586,4.4445557414814445,0.1593391692318938,0.0653776794709175,0.0313295345734217,15.007394791834969,9.000582790523403,14.443619840079329,0.14740889946896174,2510.5219890504454,562.1399916517652,0.5807047975844613,0.05714635752231117,2.3249789333996116,17.42896893215433,0.48714916337874675,0.1272715661113278,0.000375,0.8750671867133383,0.007116933433993744,0.8803212270613138,0.015088089370516648,0.04386112028538832,0.08684083458932018,0.06229932668171251,0.8877408697960151,0.011984614468386277,0.00234699142174274,0.0014547960402093954,1.086326767091541,0.48714916337874675,0.3014520510113215,0.28987497807683643,0.20914565503854315,0.06688891102228481,0.043316375983219677
IR014_3,数据集/数据集/源域数据集/48kHz_DE_data/IR/0014/IR014_3.mat,11,IR,48k_DE,1726.0,0.23855640807590797,0.23855640807590797,2.302949053980237,4.444556177220744,0.15156105195506658,0.05690915983407913,-0.0017878762889820753,14.964752258616986,9.649114001076946,15.188082554337855,0.14856863822254776,2539.3069140781895,552.840098640154,0.5799626278940266,0.054793345881613734,2.2029553485065905,18.835364447995786,0.4936436013349782,0.1150313909576253,0.000375,0.8738077011530102,0.007544784142496363,0.8818606596883087,0.012273602883540456,0.04819049804346053,0.08164467768415798,0.05687503528049241,0.895309269175085,0.01159848569609362,0.0023745548954151553,0.0014055842240637017,1.086326767091541,0.4936436013349782,0.2705691342439763,0.2910142447132521,0.22929435142267,0.0771423234205269,0.04714821295201918
IR014_3,数据集/数据集/源域数据集/48kHz_DE_data/IR/0014/IR014_3.mat,12,IR,48k_DE,1726.0,0.24902527305324415,0.24902527305324415,1.8749262516527339,3.6429966532120885,0.15662308996777916,0.06201358661924281,0.02692960620282771,12.928675330866954,7.523841048978822,11.963066795997936,0.14826344381370934,2537.9300657110257,552.5042122391942,0.5778158811636049,0.052599828551759376,2.2728673462231868,14.16884643370494,0.49258901213711614,0.12411517764946875,0.000375,0.8725124497047391,0.00816839936718791,0.8813241058784292,0.011474451592469894,0.04678891652747676,0.08203453942981628,0.05909065179096303,0.8950684142727827,0.011373646926413933,0.0024293487947629256,0.001347518140834274,1.086326767091541,0.49258901213711614,0.2678555016174475,0.3002246605146736,0.22174612743329916,0.08125963864497487,0.04496661839548772
IR014_3,数据集/数据集/源域数据集/48kHz_DE_data/IR/0014/IR014_3.mat,13,IR,48k_DE,1726.0,0.2722828563315824,0.2722828563315824,2.547406469652174,5.068375691729978,0.16309115045482958,0.07413795385208513,0.09609618724394561,17.428898700453754,9.352164008649689,15.613897057126193,0.1475309772324971,2543.647437450027,520.1108140777669,0.5725244706674871,0.060471603137806355,2.476864832314663,19.017908783118457,0.473266445844597,0.12976841101761094,0.000375,0.8728547042768622,0.007196898096930599,0.9059100712737664,0.010604414520519363,0.03764857187546821,0.06987660554122821,0.04562379561519787,0.9092035416596044,0.009722811613674696,0.0024150421647461695,0.0010345547076039963,1.086326767091541,0.473266445844597,0.2950252984607505,0.31209311702850845,0.20837652090387637,0.07590563044276172,0.03698392398102657
IR021_0,数据集/数据集/源域数据集/48kHz_DE_data/IR/0021/IR021_0.mat,0,IR,48k_DE,1796.0,0.5809446057095974,0.5809446057095974,2.7427254452821668,5.115302015645051,0.436621373617016,0.3374966349030796,-2.7025392368092355e-05,4.225794078182469,4.713595618787193,6.272057236891856,0.16175303668436794,2558.0937648494732,560.2687422454323,0.5935386533208463,0.05928337961848659,1.6704810432349848,4.302870079012535,0.5436094585201617,0.13114243973284626,0.000375,0.8714066256425588,0.02085871762981589,0.8225824446010663,0.030113480649930153,0.07326484479632615,0.0284749070485959,0.045424527439168916,0.9191106473201106,0.05747873883844364,0.0012366875762337094,0.0012029801722255257,5.2199331848552335,0.5436094585201617,0.1215805356837458,0.18786807059505786,0.3511691223392923,0.15958775142572912,0.0722683919662423
IR021_0,数据集/数据集/源域数据集/48kHz_DE_data/IR/0021/IR021_0.mat,1,IR,48k_DE,1796.0,0.5825956388419811,0.5825956388419811,2.612079989017312,4.9841801047031,0.4385684512138608,0.33941767839769604,0.002597567814751645,4.136108628105395,4.477497100555944,5.948163997905816,0.1628517365561863,2550.9335416752456,550.3804236987803,0.585126626121366,0.06011067538180586,1.6619411372654636,4.165716783849185,0.5429821300565986,0.13566101114511112,0.000375,0.8710817461131236,0.020805465972581788,0.8278071594631218,0.029123319342832587,0.07027621581695667,0.02655378639614786,0.04384955235717527,0.9221579252744875,0.0569892183913743,0.0011702349774353972,0.0010403226922221654,5.2199331848552335,0.5429821300565986,0.12452350074001312,0.1922775502299759,0.3416914158933175,0.16554366078717303,0.06956606099376
IR021_0,数据集/数据集/源域数据集/48kHz_DE_data/IR/0021/IR021_0.mat,2,IR,48k_DE,1796.0,0.5804124530972362,0.5804124530972362,2.659000291160637,5.117088601701845,0.4364020544053085,0.3368786157103515,0.00229738233913575,4.175854059909829,4.573989974945135,6.083736233706654,0.16144784227552952,2563.868143667281,554.155059664112,0.5909056398155907,0.05962970981610945,1.67351518079232,4.216947550560286,0.5480255260671703,0.13747919300879782,0.000375,0.8710644436026678,0.021046177029941677,0.8180682197125035,0.02831213521838385,0.07621034718254124,0.02921424410950924,0.043692750737258944,0.920053066111095,0.0608286155766023,0.0011869712664672129,0.0011551309073675265,5.2199331848552335,0.5480255260671703,0.10700547364004664,0.1713681884148613,0.3745847387168284,0.15937218480346357,0.07613252662119
IR021_0,数据集/数据集/源域数据集/48kHz_DE_data/IR/0021/IR021_0.mat,3,IR,48k_DE,1796.0,0.5720281427499553,0.5720281427499553,2.659340658724595,5.117094974196217,0.43162366122046014,0.3272161960979632,-0.017881348224286404,4.025688407463894,4.642916454856548,6.1535241549783395,0.1598608313495697,2559.597959060811,561.7664742386589,0.5910187467563267,0.05673860049250176,1.6758209844646814,3.9302336211842155,0.5429390851827829,0.13429231176612375,0.000375,0.8711110164143261,0.021238210632789044,0.8216718323360742,0.02989162771900825,0.0714162454508453,0.030044306599037045,0.04506887439519637,0.917375283270875,0.06056970287338687,0.001243751226650854,0.001230838702872692,5.2199331848552335,0.5429390851827829,0.13291957795013923,0.16701729890490727,0.3558769452851284,0.16093728173673522,0.07136159793459855
IR021_0,数据集/数据集/源域数据集/48kHz_DE_data/IR/0021/IR021_0.mat,4,IR,48k_DE,1796.0,0.5704902935937693,0.5704902935937693,2.6371754302736554,5.004288517772077,0.42874216928120246,0.3254591750847052,-0.038578530277884944,4.088069173108977,4.618336351676159,6.145356189607177,0.1610205701031557,2554.7774210618886,549.1428220466714,0.5862835776745358,0.054211463707383015,1.6836087167121283,3.9374346642281886,0.5416426429416471,0.12826440242238868,0.000375,0.8705432949406846,0.020436993006559424,0.8331323955552504,0.028763613900527615,0.06719287253423038,0.027467234437128753,0.043632082532770566,0.9219694523927668,0.05496850530798626,0.0011908384745919509,0.0010370415173355082,5.2199331848552335,0.5416426429416471,0.13716057923025535,0.19414239390882537,0.3247970984292615,0.1737303557467299,0.06689551995669049
IR021_0,数据集/数据集/源域数据集/48kHz_DE_data/IR/0021/IR021_0.mat,5,IR,48k_DE,1796.0,0.5741688186041517,0.5741688186041517,2.6360352342875797,5.056645283425674,0.4323121252854667,0.3296698322572873,-0.04306179391613778,4.0336991974675795,4.5850311531266845,6.089756773761627,0.16163095892083257,2570.0161185835345,548.8785907341315,0.5933564192579746,0.05600747498745555,1.684360089298657,3.9539349908415105,0.5493819593426706,0.13346920220449685,0.000375,0.8706587278583987,0.020608425634744885,0.814792724040162,0.027073183879618698,0.07936243674862781,0.029503552815475422,0.04215802295805401,0.9214528866647274,0.06256403915003549,0.0012197520272586905,0.001080657298536276,5.2199331848552335,0.5493819593426706,0.11318485449809407,0.1713043574492106,0.3603801637547388,0.16649782120581025,0.0795713587776617
IR021_0,数据集/数据集/源域数据集/48kHz_DE_data/IR/0021/IR021_0.mat,6,IR,48k_DE,1796.0,0.5851325132454406,0.5851325132454406,2.8571210364171726,5.27806975733057,0.44092062419240957,0.3423800580569257,-0.03633352974772036,4.02998668676638,4.872698244343456,6.467197348112703,0.16254654214734787,2578.305017414973,539.5565778726532,0.5896098817407616,0.053504227457369,1.6638203395136033,4.017679708136204,0.5364147377827698,0.14575927613030548,0.000375,0.8701370764926797,0.01899477289994298,0.8234841555409194,0.026575652242808574,0.07473704577872184,0.027922552635519928,0.04150377684649727,0.925088739427186,0.05913618718568157,0.0012521025012033264,0.0010940855132746754,5.2199331848552335,0.5364147377827698,0.13055853779074533,0.15721186151622485,0.3784464258023695,0.1532951628422686,0.07485181562188344
IR021_0,数据集/数据集/源域数据集/48kHz_DE_data/IR/0021/IR021_0.mat,7,IR,48k_DE,1796.0,0.5855522333722258,0.5855522333722258,2.8553133231990335,5.6989071132049745,0.4381060618654383,0.34287141800720167,-0.04022678222679308,4.377812561136885,4.869653813098626,6.508826673851843,0.16211926997497406,2562.482795279733,535.8058401286878,0.5824342599955158,0.05525580018911716,1.6765608630626052,4.7739106696541995,0.5366631138949016,0.13496856997927353,0.000375,0.8699770963292051,0.01918699886786089,0.8386875972030744,0.027003375831297714,0.06690788419069792,0.025430052855770328,0.04015433601026285,0.926945727591902,0.05316026132818299,0.0012330087246480098,0.0010496300087198887,5.2199331848552335,0.5366631138949016,0.14783490468609367,0.17189048598979262,0.3480681315590066,0.16603010324678522,0.06641237009333543
IR021_0,数据集/数据集/源域数据集/48kHz_DE_data/IR/0021/IR021_0.mat,8,IR,48k_DE,1796.0,0.5854090460954141,0.5854090460954141,3.0924444636707125,6.134709824620151,0.4359611873893757,0.3427037512503427,-0.04942855194600919,4.732065498145593,5.284600883199464,7.0961981375134044,0.16126472563022645,2574.508480977814,531.0155025484088,0.5905537659354102,0.05746069526786342,1.7027046792612281,5.729653401699563,0.537791011441962,0.1388243975126244,0.000375,0.8705182107259165,0.018650227600757803,0.832095026341227,0.024644931681570573,0.07424574228250512,0.02729776815256583,0.03819556796733286,0.9279204096207467,0.0542885438228587,0.0012586454666435548,0.0011230890484627263,5.2199331848552335,0.537791011441962,0.1345587777509644,0.150141716697371,0.38467298662047056,0.1567982805030092,0.07367163895682591
IR021_0,数据集/数据集/源域数据集/48kHz_DE_data/IR/0021/IR021_0.mat,9,IR,48k_DE,1796.0,0.5885926738762128,0.5885926738762128,3.0917251191011133,6.134703640522751,0.4394612193790168,0.34644133574074987,-0.05542325693800699,4.51507162278612,5.25066473854741,7.032515001297831,0.1610816089849234,2568.980726405974,536.6837164271465,0.588228969955663,0.06038907177904415,1.7021725123269653,5.173942491652645,0.5356239856892007,0.13384903684133184,0.000375,0.8707115000912616,0.01818752648358578,0.838109459421598,0.027136652039985932,0.06825538402182885,0.026083276431930293,0.03981346386375512,0.9271344257575704,0.05266503787425916,0.0012366833375448785,0.0011054955036569347,5.2199331848552335,0.5356239856892007,0.14268826228602563,0.17935124166504512,0.35516415365593207,0.15439275557257345,0.06789261646187003
IR021_0,数据集/数据集/源域数据集/48kHz_DE_data/IR/0021/IR021_0.mat,10,IR,48k_DE,1796.0,0.5877887944672406,0.5877887944672406,2.6482095748957333,5.17794502372889,0.4397514756149934,0.3454956669012521,-0.057207351776275006,4.197853443538369,4.511596029653386,6.030691484390288,0.16120368674845878,2560.1074907732263,527.3493909516641,0.5797632977822544,0.06310003300486158,1.6990299967129758,4.197972426350506,0.5389708946720195,0.13037365492510017,0.000375,0.8711409724539433,0.017607294089630573,0.8401940457211416,0.027012844751971715,0.06619838222376145,0.02434389668827093,0.043342695712771696,0.9296830156106498,0.04916312495590109,0.0011450272976618351,0.0010571354778222317,5.2199331848552335,0.5389708946720195,0.13309788717327087,0.19030027039078834,0.3350850477846951,0.17750294438604858,0.06605786723356347
IR021_0,数据集/数据集/源域数据集/48kHz_DE_data/IR/0021/IR021_0.mat,11,IR,48k_DE,1796.0,0.5925305729893062,0.5925305729893062,2.6478118237104993,5.1795806530953685,0.44214646356041015,0.3510924799270355,-0.054960852499216076,4.261108624475445,4.471709834621312,5.992725334056054,0.161936153329671,2573.64463052132,538.6383334478826,0.5884228616100987,0.057480758307953114,1.7033796706317328,4.235230065511747,0.5455305616554514,0.1294641921393856,0.000375,0.8706290265432086,0.018875807083022042,0.8287620457129321,0.025975323349572123,0.0732639948812792,0.027297998184841046,0.043604432564187265,0.9264440264392212,0.05310408836884332,0.001185284848907734,0.0012135072821779973,5.2199331848552335,0.5455305616554514,0.12316871298466361,0.15624510500439073,0.3718584840240096,0.17245703878312849,0.07379962281657723
IR021_0,数据集/数据集/源域数据集/48kHz_DE_data/IR/0021/IR021_0.mat,12,IR,48k_DE,1796.0,0.5855553407435312,0.5855553407435312,2.8309352318504635,5.411005982359281,0.43704298300311584,0.342875057073273,-0.05032230307734774,4.296739015366085,4.832955713023026,6.475272462475553,0.16181407556613564,2570.024491786991,549.8023108646099,0.5848704932127995,0.058982851436738426,1.688727549474536,4.354075334580115,0.5376627730315247,0.12510936186145766,0.000375,0.8704896511132166,0.019189576001271393,0.8343133319215572,0.028900374152204533,0.06704308291364662,0.027137112331863996,0.041711310750721715,0.9233433756414469,0.055633471608959484,0.001199182156597722,0.0012518740455805834,5.2199331848552335,0.5376627730315247,0.12823716222819725,0.20474712853516586,0.33947265300388685,0.1562946254089023,0.06739270488517166
IR021_0,数据集/数据集/源域数据集/48kHz_DE_data/IR/0021/IR021_0.mat,13,IR,48k_DE,1796.0,0.5976432105535805,0.5976432105535805,2.830105517903586,5.410873986076034,0.44680373184395467,0.3571774071207913,-0.03867774184553779,4.210182074100674,4.7325752392869695,6.330340821206773,0.16126472563022645,2553.1966692973756,553.1757415659121,0.580399528864524,0.056519521340048895,1.690706433218266,4.122525501445802,0.5412917408863116,0.12809478472469935,0.000375,0.8703603210721707,0.019951501968488605,0.8317291038428947,0.030460777121753064,0.0662921012773827,0.025705160958781125,0.046282864834408376,0.9225292974946655,0.05452438722780006,0.001122571710654868,0.0011323028756936113,5.2199331848552335,0.5412917408863116,0.10868998135966512,0.2192685968676019,0.32535310435820847,0.17438227472192544,0.06581234497794183
IR021_1,数据集/数据集/源域数据集/48kHz_DE_data/IR/0021/IR021_1.mat,0,IR,48k_DE,1774.0,0.5868403036409267,0.5868403036409267,2.754879689824874,5.18118917532807,0.4511257902612115,0.34438154197737497,0.017265164358557104,3.76941138171716,4.694640006873421,6.106953163424209,0.16218030885674176,2589.235347058731,413.9981737431303,0.5436266061490257,0.10568734515059423,1.5280409987246688,4.299105327187411,0.5232564198016109,0.11356225848155029,0.000375,0.8710488487201363,0.010613218224540652,0.8699998599969826,0.013011747214056972,0.06318419669718751,0.01669697317527882,0.030285181384635845,0.9587053749268597,0.035817247344576586,0.0007937707323116723,0.0006929725020859278,2.1138669673055244,0.5232564198016109,0.16997030647933434,0.2557999059642913,0.24374738625390616,0.189760698243622,0.062519153134075
IR021_1,数据集/数据集/源域数据集/48kHz_DE_data/IR/0021/IR021_1.mat,1,IR,48k_DE,1774.0,0.5774181538220369,0.5774181538220369,2.6622852642143005,5.28602164782189,0.4406834564919695,0.33341172436324945,0.02013881140827808,3.9933823674735964,4.613996793825357,6.0457119831743,0.161936153329671,2568.921467854598,420.26931125023617,0.5388087738138494,0.10291407566908663,1.5622265659152157,4.645582180057806,0.5120447345248725,0.12834164673908802,0.000375,0.8720935635310824,0.01153403436905048,0.8807307014772545,0.014253588914789233,0.054751622498672006,0.01625627111902755,0.029107379370240324,0.9569640032438185,0.03469372906754385,0.0007901911629491075,0.0006965473502190425,2.1138669673055244,0.5120447345248725,0.17808197624119124,0.2929736335716288,0.23065714807198812,0.17123710861974348,0.05449459420322828
IR021_1,数据集/数据集/源域数据集/48kHz_DE_data/IR/0021/IR021_1.mat,2,IR,48k_DE,1774.0,0.5848628969668161,0.5848628969668161,2.663505293935983,5.2876818826100145,0.44973982360627984,0.34206460824841656,0.01017588949199732,3.8433729539229446,4.555013489863384,5.92356260292859,0.16175303668436794,2575.9047123331416,426.85823569732025,0.5447474797149511,0.09046538890301455,1.538547315458015,4.529047688356813,0.5232561498355444,0.12163659481178031,0.000375,0.871744027146211,0.012047367495892865,0.8707725971161624,0.01371887174171578,0.060448616504313636,0.01786351509872879,0.030121476542510982,0.9553391739500476,0.03788346104062498,0.0008181143704743244,0.000752332725973993,2.1138669673055244,0.5232561498355444,0.15265319152534215,0.26689858190272087,0.2560694750989492,0.190051615667784,0.06036969529724345
IR021_1,数据集/数据集/源域数据集/48kHz_DE_data/IR/0021/IR021_1.mat,3,IR,48k_DE,1774.0,0.5725270331895065,0.5725270331895065,2.509983994393287,4.738481784618338,0.44546281735088344,0.32778720373277825,0.01599827704341263,3.5478030053683063,4.381115264299015,5.630828633360959,0.16120368674845878,2579.5589160521204,420.12619288733373,0.5450983033356784,0.0824890721800239,1.5026413733318207,4.01061499688119,0.5266224570148049,0.1081338522775887,0.000375,0.8715574107684682,0.01142146721626751,0.8687833610096649,0.013226521769267717,0.06142931979927665,0.017106104342403197,0.029953345852075597,0.9572365610177862,0.03899708244841083,0.0007929298737418106,0.0008102582536142791,2.1138669673055244,0.5266224570148049,0.1777722642136728,0.23521200585597976,0.25492655359974814,0.1938385077597166,0.06188816637159841
IR021_1,数据集/数据集/源域数据集/48kHz_DE_data/IR/0021/IR021_1.mat,4,IR,48k_DE,1774.0,0.5773295452978172,0.5773295452978172,3.1778940840343797,5.825107734848775,0.44980211211969573,0.3333094038737843,0.02678200094274252,3.710448848493641,5.494139750561459,7.052578857357922,0.16181407556613564,2569.672352563162,424.6717991452484,0.5463910734423976,0.079555959277822,1.488706878289849,4.8838687183612155,0.5288221621937675,0.1204726812368755,0.000375,0.8721413828572843,0.011709537382239454,0.8603837710880986,0.014365034014869313,0.06516982575782752,0.018094675907244423,0.03140445690437669,0.9548618857700472,0.042176267255062634,0.0007657640298580436,0.0008393480141288733,2.1138669673055244,0.5288221621937675,0.14520534533761442,0.27151247705065906,0.25013592090672504,0.1861490144523508,0.0652543563046493
IR021_1,数据集/数据集/源域数据集/48kHz_DE_data/IR/0021/IR021_1.mat,5,IR,48k_DE,1774.0,0.5986831804477714,0.5986831804477714,3.1779927197811366,5.825108898069731,0.4642127430926757,0.35842155055105873,0.021057105913627226,3.8138397529512265,5.302177017566241,6.838302501921067,0.16218030885674176,2582.4821067948074,405.4370827265675,0.5414328691935761,0.0992082309323049,1.4891003540426642,5.018835251998501,0.51781536090691,0.12198334880692603,0.000375,0.8719347042204437,0.009849612492842257,0.8737612325549187,0.012882281554702743,0.06261073713963979,0.01659285674364787,0.028551664607732296,0.9597384638267988,0.03433794444101169,0.0007491918623682352,0.0007173739177139502,2.1138669673055244,0.51781536090691,0.1436637332870268,0.29077890804665046,0.2466881788687639,0.18541697585360362,0.06256285983971165
IR021_1,数据集/数据集/源域数据集/48kHz_DE_data/IR/0021/IR021_1.mat,6,IR,48k_DE,1774.0,0.6028538869167412,0.6028538869167412,2.880910114003999,5.545316392989718,0.4653351519550284,0.3634328089706231,0.009997981364470117,3.796566786734057,4.780593548582535,6.1934064384009115,0.16138680339376182,2575.9860122033474,401.6836579632309,0.5384810865265504,0.10374418962809391,1.5032762885794926,4.693405708801002,0.5133078256088246,0.11744495490519576,0.000375,0.8717719600746292,0.00974832235259576,0.8767021468074622,0.01282723466406322,0.060584901806582915,0.01586282855766139,0.0283188223363171,0.9606863445298026,0.0337348078321655,0.00069623539572323,0.000639177531269143,2.1138669673055244,0.5133078256088246,0.1604554138690505,0.28606615109244504,0.23738205742616691,0.18625130673201812,0.06042058234472473
IR021_1,数据集/数据集/源域数据集/48kHz_DE_data/IR/0021/IR021_1.mat,7,IR,48k_DE,1774.0,0.6017071992729166,0.6017071992729166,2.8795588388713105,5.545318654150568,0.46628571517222794,0.3620515536568574,0.017017786432279376,3.7496674106880987,4.791154882598375,6.182838838403346,0.16169199780260027,2586.120773722603,416.671960243505,0.5413488319242227,0.09933303012262756,1.500265047230103,4.640629234437388,0.5255597045350863,0.10075392580058778,0.000375,0.8716395119113471,0.010949656386059926,0.8629572196693348,0.013294508494993543,0.06685130906414595,0.017320133515677082,0.030590137144063667,0.9574779071424868,0.038800330608120596,0.0007604014648334088,0.0007780415370424854,5.284667418263811,0.5255597045350863,0.13878638397735205,0.25958166768341556,0.26702227080961455,0.19067539342659084,0.06540957213246529
IR021_1,数据集/数据集/源域数据集/48kHz_DE_data/IR/0021/IR021_1.mat,8,IR,48k_DE,1774.0,0.6148587672531882,0.6148587672531882,3.119207744978327,5.963428691917565,0.4723134115923535,0.37805130366811035,0.022625059931822185,4.021234982111943,5.081461340095592,6.6156042756048965,0.16175303668436794,2575.9185554277524,411.6577176025136,0.5358757833829233,0.11014781121881621,1.5275792570777604,5.17368477270298,0.5096845373144714,0.11592941010206492,0.000375,0.8712880214752615,0.010700092395318753,0.8781496008161341,0.013800611760968631,0.05665517146207407,0.016338679530773906,0.027992879559926506,0.958263973412663,0.0365249092126091,0.0007174814116576905,0.0006584824570963037,2.1138669673055244,0.5096845373144714,0.14341010199172036,0.31378641319929285,0.2414549598435735,0.1728551658501294,0.05579648874746931
IR021_1,数据集/数据集/源域数据集/48kHz_DE_data/IR/0021/IR021_1.mat,9,IR,48k_DE,1774.0,0.6192185459032143,0.6192185459032143,3.1189186814419076,5.96360488329727,0.47246509129927233,0.3834316075904911,0.014894481287953476,4.204306013261462,5.0425835150092615,6.609153897361337,0.16089849233962034,2586.506547620903,403.7361218987714,0.5405655347715176,0.10776528109216012,1.5469478583735687,5.467327139035947,0.5097222073119534,0.1174322886850544,0.000375,0.8715821682170609,0.010298159361412885,0.8872728081496055,0.012400662423533847,0.053294098551056386,0.01582430842550031,0.026475842546548008,0.960573187088733,0.03236685144482891,0.0007417173517560833,0.0005704558661329797,2.1138669673055244,0.5097222073119534,0.15401563936204857,0.29257607762131943,0.24508824473932653,0.18753834126208843,0.052951505827483016
IR021_1,数据集/数据集/源域数据集/48kHz_DE_data/IR/0021/IR021_1.mat,10,IR,48k_DE,1774.0,0.6236034013001011,0.6236034013001011,3.0053211115100087,5.843849793506471,0.4788513492324809,0.3888812021130548,0.029020917679626456,4.0085848739580685,4.81656307379362,6.272626806471348,0.16120368674845878,2583.3733667326183,398.82018154418455,0.5363361969039611,0.1062170023442765,1.5339691606330752,5.120886744115503,0.5034745513825529,0.12890056369818145,0.000375,0.8710632459333281,0.009699535508497522,0.887431313632374,0.012632066307339053,0.05406167168786145,0.014763501397186171,0.02649488703169811,0.9619711615246255,0.031369311922000084,0.0007563733372261325,0.0006207100838209052,2.1138669673055244,0.5034745513825529,0.16367052323583944,0.29827408405946326,0.2368489626660103,0.18186360954151914,0.05379343624530258
IR021_1,数据集/数据集/源域数据集/48kHz_DE_data/IR/0021/IR021_1.mat,11,IR,48k_DE,1774.0,0.6200320863755436,0.6200320863755436,3.0425926114155057,5.918942855161967,0.47504759824317505,0.3844397881352096,0.043296662402381836,4.033494822630656,4.903677189985388,6.400367360447705,0.1615088811572972,2587.524332899503,404.9432495283107,0.5349485238020512,0.11190928477903649,1.5522510598620605,5.064596056382434,0.5096400257519503,0.1310788946502664,0.000375,0.8709703553367556,0.009621635839378638,0.8792755883038483,0.013281716970087083,0.058858407530145394,0.015832051411809687,0.02814646822350865,0.9602793787529823,0.0330182586836806,0.0007831446958063313,0.0006838451340087817,2.1138669673055244,0.5096400257519503,0.13749989011055674,0.2943076270180086,0.2524424756788693,0.18695243463544883,0.0577876699420418
IR021_1,数据集/数据集/源域数据集/48kHz_DE_data/IR/0021/IR021_1.mat,12,IR,48k_DE,1774.0,0.6325548092647342,0.6325548092647342,3.0431236963827857,6.062779570034191,0.48674970418228475,0.40012558672394427,0.02863518071169694,3.8436455296927377,4.80146031652658,6.240289647464272,0.16218030885674176,2588.4029853754096,391.51587794661674,0.5339981413054871,0.10961386766556247,1.5362794464238705,4.697553407416999,0.5052873567656949,0.13938365200992833,0.000375,0.8710449056554992,0.008455221406866895,0.8840579752401083,0.012112772990054555,0.059035826453172846,0.014875686923410842,0.02670077749622835,0.963625374167457,0.029539743181676643,0.0007390026453058896,0.0006505195255212097,2.1138669673055244,0.5052873567656949,0.15171251584733167,0.30638058404029406,0.23043801406755846,0.18591080780607122,0.05851573327238879
IR021_1,数据集/数据集/源域数据集/48kHz_DE_data/IR/0021/IR021_1.mat,13,IR,48k_DE,1774.0,0.6313885408442016,0.6313885408442016,3.0192078183149427,5.666158168841764,0.48856775422621995,0.39865148950937,0.023897767425234147,3.6408170544296827,4.785174676420975,6.184083984098753,0.16138680339376182,2583.820424886261,383.31939086451484,0.5293776459254205,0.11533728460964471,1.5229698407398173,4.241546835870694,0.5029261647701676,0.137807020921689,0.000375,0.8712865106695086,0.008601460286494958,0.8861396456601099,0.011388025539292706,0.05688691978802348,0.014492242204498735,0.02612459954511283,0.9646686323859341,0.030232821474858583,0.0006841761050942119,0.0006003434822495976,2.1138669673055244,0.5029261647701676,0.13452068889919608,0.29787542734753836,0.2580432372183645,0.19067418084018922,0.05661825662495369
IR021_2,数据集/数据集/源域数据集/48kHz_DE_data/IR/0021/IR021_2.mat,0,IR,48k_DE,1752.0,0.7785242067190321,0.7785242067190321,3.4631465971642053,6.921354163523125,0.5911956198836061,0.6060999404474982,0.053687478544787635,3.819397871115841,4.449430659170353,5.859304913196052,0.15992187023133736,2587.9235047580664,307.7002408567651,0.47884857155457,0.19753623662768222,1.5675101792036563,4.157522728538857,0.45575793184110863,0.1744310852563394,0.000375,0.8975991655685148,0.004355853549415708,0.9328009868539394,0.007547546071110292,0.03370843879600159,0.009306785487758339,0.017899527006004633,0.9782481987619218,0.015225978227600724,0.0004204981949910433,0.00035268905328605645,2.1404109589041096,0.45575793184110863,0.2748948576153332,0.30527676097174616,0.16834367014418783,0.1769964048925505,0.03445742482889054
IR021_2,数据集/数据集/源域数据集/48kHz_DE_data/IR/0021/IR021_2.mat,1,IR,48k_DE,1752.0,0.7765208418327867,0.7765208418327867,3.469803527447102,6.928537531239606,0.5903609835257116,0.6029846178006997,0.05600397065113135,3.8439696705779296,4.471046181954957,5.880976714668511,0.16041018128547885,2586.9579285719683,308.85076764426776,0.4738119550522295,0.20328246138473227,1.5740981077423248,4.284436322732784,0.4597552078662637,0.18586918447986692,0.000375,0.898078897383981,0.004587991786274322,0.9259575992983835,0.007293983450072685,0.038557993060507986,0.009849984586268373,0.01876804653279111,0.9777056226716425,0.016321538371746994,0.0004348534808640558,0.0003832395968293418,2.1404109589041096,0.4597552078662637,0.2554911138558373,0.32242134860022953,0.16511404790136638,0.17568466617639492,0.03932265709781965
IR021_2,数据集/数据集/源域数据集/48kHz_DE_data/IR/0021/IR021_2.mat,2,IR,48k_DE,1752.0,0.7564599392170998,0.7564599392170998,3.469914467084164,6.761595163758935,0.575723111938856,0.5722316396403382,0.05376310780653345,3.74579420245927,4.590912212541513,6.032253906418156,0.16034914240371118,2584.371130319986,316.3125289823261,0.4777752534309443,0.19987370644737557,1.5918125840393287,3.9831161319232646,0.45581323556022485,0.19868223757553602,0.000375,0.8976620612820523,0.004883516223760576,0.9279197049342691,0.008087680414433885,0.03515326724769865,0.009996232534973174,0.019691442634659793,0.9764470289283211,0.016806058666384526,0.00045212870302778653,0.00041705035732927785,2.1404109589041096,0.45581323556022485,0.2551380536127163,0.3387840034879084,0.15575912402050116,0.16965309773667667,0.035808363697966625
IR021_2,数据集/数据集/源域数据集/48kHz_DE_data/IR/0021/IR021_2.mat,3,IR,48k_DE,1752.0,0.7583170159364503,0.7583170159364503,3.2092116518609055,6.407623017304517,0.5785492056174999,0.5750446966587626,0.05963491064688883,3.692638636191584,4.234464373263348,5.550248816490013,0.16047122016724655,2584.0097522463516,317.6011108102016,0.4803020216187916,0.1986936023018961,1.5732094483172103,3.844602063558954,0.46527983410973867,0.18849977284511404,0.000375,0.896718106198415,0.004776721794896473,0.9231620790094259,0.008358241783008433,0.03783101089246148,0.00963123431914035,0.021303462543801593,0.9766421421809603,0.01726370814870755,0.0004536055654515563,0.00042988783931738133,2.1404109589041096,0.46527983410973867,0.2588386812667625,0.29911440306133885,0.1675139700790494,0.18765634035090387,0.03959399258478953
IR021_2,数据集/数据集/源域数据集/48kHz_DE_data/IR/0021/IR021_2.mat,4,IR,48k_DE,1752.0,0.7939899593752009,0.7939899593752009,3.199417641987704,6.388625207505617,0.6075205778850976,0.6304200555886332,0.06294342160939707,3.620252082010525,4.032491984055692,5.270262773503519,0.16175303668436794,2592.4314938451575,305.7466796327083,0.4747138682313916,0.2128166230679998,1.539629230810902,3.735375478860159,0.462826915571693,0.1781792070132184,0.000375,0.8983645656901559,0.004301732380513644,0.9270244008354205,0.0071556998485102705,0.03827599430127389,0.008357625128033225,0.018760754847187287,0.9796305416795464,0.01554334723584209,0.00042046548020421555,0.00038563083029133816,2.1404109589041096,0.462826915571693,0.2598394770801862,0.2882578197884886,0.17218351643433955,0.19717271605470535,0.04063483170169738
IR021_2,数据集/数据集/源域数据集/48kHz_DE_data/IR/0021/IR021_2.mat,5,IR,48k_DE,1752.0,0.7951372241136726,0.7951372241136726,3.1550291656144016,6.266600954702694,0.6073846251375727,0.6322432051711968,0.06223357186790984,3.577605385528238,3.9736872510653436,5.202219923109831,0.16163095892083257,2589.4511757799232,301.785369865799,0.4737606102966772,0.20854176274331768,1.5500649200110517,3.558746142808445,0.46153721928999325,0.17493190144974097,0.000375,0.9003585017194274,0.004172600838924349,0.9293847046890853,0.007023343131189302,0.037070160848646734,0.007925245634785588,0.017902244199592545,0.9803369895786459,0.015255704589227823,0.00041485315783768993,0.0003757205463587371,2.1404109589041096,0.46153721928999325,0.2720711059449273,0.28005048490971957,0.17741890209703481,0.19166240365558085,0.03919183379391718
IR021_2,数据集/数据集/源域数据集/48kHz_DE_data/IR/0021/IR021_2.mat,6,IR,48k_DE,1752.0,0.7676517019238762,0.7676517019238762,3.2060951013309347,6.355305678623983,0.5845965686757072,0.5892891354666236,0.06519295623838585,3.615074715809733,4.175151110919095,5.482530809361494,0.16047122016724655,2587.903053644858,310.0205162245797,0.4778424815588695,0.19629217052435163,1.5883523101449766,3.5999873139277856,0.4619864232881859,0.18190330261825596,0.000375,0.8994912847416561,0.004699689832321963,0.9273284454937252,0.007501153617058132,0.036625200748696754,0.008999976715335785,0.01893850966512563,0.9782376937723556,0.016709430556883273,0.0004369363813853188,0.0003877955190935985,2.1404109589041096,0.4619864232881859,0.26250103892884685,0.3023652457322366,0.16981747463718289,0.18571937297150806,0.037935315019187295
IR021_2,数据集/数据集/源域数据集/48kHz_DE_data/IR/0021/IR021_2.mat,7,IR,48k_DE,1752.0,0.7506933548459211,0.7506933548459211,3.2071272805655067,6.3553063633688565,0.5672557182499496,0.5635405130098241,0.06646019086276754,3.727242176922566,4.270443691984039,5.651424284400613,0.15998290911310506,2586.174644299749,316.403482392802,0.47579978677524615,0.19315965610616942,1.6407221351794645,3.6321371574389327,0.4605810740459316,0.18016326637517424,0.000375,0.898793053539624,0.00495219824088562,0.9277840172975501,0.0080742828684894,0.03610387331294739,0.009121844792818336,0.01821681867330256,0.9772722072605519,0.017503374560017746,0.0004498482260786156,0.00038180051709914644,2.1404109589041096,0.4605810740459316,0.2643346064296904,0.32021697849786096,0.15488752556850136,0.17999236951442155,0.03766066155567312
IR021_2,数据集/数据集/源域数据集/48kHz_DE_data/IR/0021/IR021_2.mat,8,IR,48k_DE,1752.0,0.7562743009487515,0.7562743009487515,3.2099364937869796,6.307474858440488,0.5742489392393462,0.5719508182755227,0.0652725127978139,3.6523544659974463,4.24336390558673,5.588432829673428,0.1607153756943173,2584.389624988041,315.40884224070066,0.4781857681712606,0.1902228719056429,1.6199522789449712,3.5929886697299627,0.4625229721035734,0.16938871827972438,0.000375,0.8994263066988738,0.004942709873500461,0.9287281299239217,0.007832341322652323,0.03532955966166304,0.009528496438076793,0.01830568941798604,0.9770973478014433,0.017222840495761817,0.00045578594477878537,0.0004018447315051473,2.1404109589041096,0.4625229721035734,0.25075784668675544,0.33354428098106087,0.1620820093556795,0.17456312182500028,0.03632288934332587
IR021_2,数据集/数据集/源域数据集/48kHz_DE_data/IR/0021/IR021_2.mat,9,IR,48k_DE,1752.0,0.7694312876306139,0.7694312876306139,3.210603266653906,6.307477642695851,0.5842908765074123,0.5920245063849044,0.06362597991474787,3.627108552926867,4.176029484513498,5.499351196485603,0.1598608313495697,2580.116889165339,314.02948740577557,0.47665145569593775,0.19286118830304247,1.614659913464411,3.5370452976006406,0.46030317537380094,0.17083036007857505,0.000375,0.8981873807055392,0.004758690115521246,0.9283459935339604,0.008201386792838062,0.03502933700692528,0.009493716451213767,0.018819356496234837,0.9769901711661952,0.017380126125525357,0.00041771787670189203,0.00041380088681547915,2.1404109589041096,0.46030317537380094,0.2703649784470263,0.3085429369813399,0.16562292596580472,0.17645976794421933,0.03627654982541686
IR021_2,数据集/数据集/源域数据集/48kHz_DE_data/IR/0021/IR021_2.mat,10,IR,48k_DE,1752.0,0.7754113693418004,0.7754113693418004,3.386352682853018,6.527707485090472,0.5914265117541797,0.601262791704526,0.05925434102057781,3.572617463734531,4.369792758118882,5.729234240626771,0.15925044253189283,2584.541528325379,304.646249635847,0.4750443602623501,0.18551671282385854,1.5713148522809521,3.620498961553267,0.45870094350295787,0.16226405866753152,0.000375,0.9011287357390624,0.004528357258738575,0.9299430187842176,0.007345771792799231,0.03609550596686287,0.008830078295383311,0.0175053535240938,0.978770018361369,0.016080333392453027,0.00040778756437721917,0.00036596849197610703,2.1404109589041096,0.45870094350295787,0.2909905052376671,0.28314425103229,0.1620028092877943,0.1860325984836749,0.03794735888981754
IR021_2,数据集/数据集/源域数据集/48kHz_DE_data/IR/0021/IR021_2.mat,11,IR,48k_DE,1752.0,0.7624261922346037,0.7624261922346037,3.386671630264073,6.528691014641257,0.5823419255641104,0.581293698605357,0.05035342436372824,3.514199657267332,4.4407593328830535,5.814035211571037,0.16010498687664043,2580.7589922863353,304.8872503020375,0.46787672556049115,0.19836780574595353,1.5568523491713058,3.648424191116841,0.4607975180293759,0.15245073041913546,0.000375,0.9007944680478193,0.004700610882547308,0.9304991673098053,0.007377536001835028,0.0346950689503992,0.008870103892813085,0.017706495365815585,0.9785170020590672,0.01673597099636613,0.000418330296450381,0.0003540980117638814,2.1404109589041096,0.4607975180293759,0.2824984864049068,0.28300841753649597,0.17133473195262133,0.18436055058959386,0.0367397689944545
IR021_2,数据集/数据集/源域数据集/48kHz_DE_data/IR/0021/IR021_2.mat,12,IR,48k_DE,1752.0,0.7398739693560674,0.7398739693560674,3.2874554664970037,6.429365862460307,0.5676754823966348,0.547413490530703,0.04935139044130575,3.330287343002845,4.44121318087038,5.7884429773391295,0.16059329793078192,2580.184343273012,310.7856034163107,0.4671829520815182,0.2056697892717387,1.5640216402040596,3.179640494522295,0.46323241700849904,0.15772163072846326,0.000375,0.9021227360746497,0.004840032214464833,0.9267014552335427,0.008184603342923976,0.035547532625542784,0.009042207879935189,0.018723830608777626,0.977388785507794,0.018624370923945668,0.0004153220918446357,0.00039293173206863375,2.1404109589041096,0.46323241700849904,0.2813660696453845,0.2806899677283355,0.1633078995327308,0.19190919513559374,0.03781427608262793
IR021_2,数据集/数据集/源域数据集/48kHz_DE_data/IR/0021/IR021_2.mat,13,IR,48k_DE,1752.0,0.7569580506416016,0.7569580506416016,3.1717990922652795,6.314333491600209,0.5822651418246416,0.5729854904311336,0.04667869773978235,3.3941672120907094,4.1888103210384955,5.4455662010688135,0.16120368674845878,2581.5146234062595,314.97957813813605,0.46874144667889905,0.20298773621988692,1.5484576215293802,3.504796523998439,0.4677297537706255,0.16556671948333487,0.000375,0.9010904127433548,0.004963906115634815,0.9208017757123673,0.00848488466824856,0.04004819381467549,0.009056978910420838,0.019540627877923353,0.9769276331570654,0.01920170163870944,0.0004371535157780334,0.00039786301053469636,2.1404109589041096,0.4677297537706255,0.25560307481286687,0.292523571235895,0.16758140236286112,0.19545009500694444,0.041343005378055936
IR021_3,数据集/数据集/源域数据集/48kHz_DE_data/IR/0021/IR021_3.mat,0,IR,48k_DE,1727.0,0.39732442185802985,0.39732442185802985,1.7894298332449396,3.5322817120850862,0.3012580091792501,0.1578666962048177,0.04848109393895037,3.7597997341723075,4.499189155259632,5.934062069071751,0.15839589818714522,2556.3622384052755,291.55916170582395,0.4693561870903663,0.2073820838204761,1.6162383191200407,3.8023775958510857,0.46085236937221724,0.16222871747839915,0.000375,0.8923464316738283,0.003351030356104427,0.93620067502218,0.0071757673151842975,0.03452919346532041,0.009487334804987941,0.017784244756283152,0.9794575498150128,0.011116447334117052,0.000399106475419233,0.00036045218928072145,2.171395483497394,0.46085236937221724,0.24567312638708708,0.3586983306701541,0.12052660289979311,0.1997264008503539,0.036635293747206726
IR021_3,数据集/数据集/源域数据集/48kHz_DE_data/IR/0021/IR021_3.mat,1,IR,48k_DE,1727.0,0.4003819137874024,0.4003819137874024,1.7896253601539458,3.5322815374371705,0.3044003261229485,0.16030567688806294,0.04981434981862661,3.7766704099149178,4.467075209356527,5.875650085341075,0.15833485930537752,2564.9378013342994,295.5915003866643,0.48035149431596946,0.19818654117436943,1.5996189763506081,3.865245046271444,0.4722657269633981,0.1469925709088577,0.000375,0.8934263136142079,0.0033849819012559397,0.9310944651681625,0.007200463764803293,0.03761242757213505,0.009615219948915829,0.018897081371976217,0.9792508372843723,0.012034092378511241,0.00042856732247476405,0.0003541043606109555,2.171395483497394,0.4722657269633981,0.1994724651164124,0.3679093625908231,0.14252601503637932,0.21338249409373636,0.03953081564993844
IR021_3,数据集/数据集/源域数据集/48kHz_DE_data/IR/0021/IR021_3.mat,2,IR,48k_DE,1727.0,0.4028597893316757,0.4028597893316757,1.6366239686905317,3.262792604621236,0.3095669524081601,0.16229600986036213,0.05640675789133857,3.4771879423903003,4.058362381093698,5.281515306593104,0.15748031496062992,2558.804439542076,289.2289535426545,0.47229203966765654,0.2006744437879017,1.5778929264079755,3.3282923109469933,0.47351365526542594,0.14007837493793857,0.000375,0.8930880370521509,0.0032831391357834127,0.9305400682571052,0.0071612055437092125,0.0372947344863438,0.009711429306456725,0.019252822605374906,0.979322757668005,0.01256214262587283,0.00040446081371300126,0.0003428867433668731,2.171395483497394,0.47351365526542594,0.22858372625087045,0.3440524026846641,0.1401995442949855,0.21081606992093885,0.038712560637269966
IR021_3,数据集/数据集/源域数据集/48kHz_DE_data/IR/0021/IR021_3.mat,3,IR,48k_DE,1727.0,0.4150862472519555,0.4150862472519555,1.7732866591185994,3.482536105748414,0.3181696728692992,0.1722965926577115,0.04620834696734984,3.5571198709002134,4.267330447078746,5.567329469978002,0.15790758713300374,2556.336993073094,284.2477191764098,0.47000365593028276,0.20088198247363606,1.5927402235945365,3.5181148837057177,0.45903804274802074,0.17486930298589515,0.000375,0.897518991762432,0.0030667047374396458,0.9362504017941635,0.006894152999560353,0.033882338703255736,0.009412884378461562,0.01817476785977234,0.9801310040010189,0.01136363724786616,0.0003793737684487842,0.0003210956387496313,2.171395483497394,0.45903804274802074,0.22855003190972928,0.37595595382928904,0.12878851606568587,0.19508589851284897,0.03500289513563991
IR021_3,数据集/数据集/源域数据集/48kHz_DE_data/IR/0021/IR021_3.mat,4,IR,48k_DE,1727.0,0.40722475796174,0.40722475796174,1.7728963231734267,3.4825346006835476,0.31007893785456975,0.16583200349699773,0.04332500203047666,3.690897706577141,4.350649477396604,5.713741407816666,0.157663431605933,2556.3243788746972,288.1950797393277,0.4708047135875922,0.20328233395567383,1.6118042645857438,3.71694626736734,0.46723264263177,0.1642703031716785,0.000375,0.8983770771288995,0.003323718890131905,0.9343181466168532,0.0072355357956061135,0.03479837860658723,0.009636996763587253,0.018476954518703657,0.9793209046601573,0.012080647938813808,0.00036933980173003115,0.00031811087813692947,2.171395483497394,0.46723264263177,0.23638131158592723,0.3488678748923947,0.13381850721923763,0.20387779957416424,0.03597999820950387
IR021_3,数据集/数据集/源域数据集/48kHz_DE_data/IR/0021/IR021_3.mat,5,IR,48k_DE,1727.0,0.3918324714958689,0.3918324714958689,1.6402020963009702,3.2663753672630476,0.300737325352386,0.15353268571856094,0.050040236557201995,3.521787496006088,4.182709470793106,5.449731570022066,0.15735823719709455,2552.834041576881,283.8928345136418,0.46398466494272467,0.2124466570474438,1.561390155073401,3.5228997251369822,0.4645859946542682,0.15985256727447478,0.000375,0.8952697006493716,0.003317867533109257,0.9352777800185426,0.0068432471971470515,0.034192277933532536,0.009396332935205304,0.018337052411712875,0.979956099454103,0.01184807485538072,0.00036565912338293283,0.00033726218635508063,2.171395483497394,0.4645859946542682,0.2606326598364409,0.33493035131627963,0.13303218020274182,0.19311982630998795,0.035259190231312985
IR021_3,数据集/数据集/源域数据集/48kHz_DE_data/IR/0021/IR021_3.mat,6,IR,48k_DE,1727.0,0.40319492776182597,0.40319492776182597,1.7659283895737226,3.442261573594358,0.3100362588717502,0.16256614977286404,0.04434952695280835,3.621439467883185,4.377984897486002,5.693491957563395,0.1579686260147714,2554.9421806318624,291.21873344020133,0.47073800864798343,0.20878960671539845,1.557749510135602,3.880999413519954,0.4697546041379514,0.15621634127818174,0.000375,0.8959486854944693,0.0034282556025165703,0.9312485343613996,0.0072018640793909475,0.035207027220621634,0.010163410933722113,0.02059185147071525,0.9786934374135959,0.01257792444227562,0.0003847606172051113,0.00036609235096296436,2.171395483497394,0.4697546041379514,0.23628547113197823,0.3419635005280107,0.14465170165360824,0.19930301166133899,0.03690459917187537
IR021_3,数据集/数据集/源域数据集/48kHz_DE_data/IR/0021/IR021_3.mat,7,IR,48k_DE,1727.0,0.4108268379733296,0.4108268379733296,1.7659408073203375,3.4542311451643677,0.31596483399541275,0.1687786907991644,0.041132678009806634,3.6252254860537203,4.296127634737212,5.585990227446325,0.15784654825123604,2556.2807481702594,282.49348211557424,0.46824443054352416,0.21012144447176523,1.5688910783369532,3.9003622643942504,0.4673304167216724,0.16135428374385974,0.000375,0.8977506030918991,0.0031365377837163366,0.9336167488210386,0.006798466541230503,0.03506822920724822,0.00931022889725898,0.019030708208428827,0.980271628884154,0.01195665376785499,0.0003760369181014109,0.0003189053260625006,2.171395483497394,0.4673304167216724,0.22468991614061054,0.35473315835095365,0.14475176367512937,0.20216235782644934,0.036193486099991845
IR021_3,数据集/数据集/源域数据集/48kHz_DE_data/IR/0021/IR021_3.mat,8,IR,48k_DE,1727.0,0.4025983968437041,0.4025983968437041,1.762868206148749,3.450852217576797,0.30991085002802304,0.16208546914112065,0.04567855158071993,3.5516201724415994,4.377811730459493,5.6871269754092975,0.15815174266007448,2553.4739369803874,283.59046981797036,0.4592842911923164,0.22508640441944067,1.5632269883475716,3.639311965053681,0.46623692450528875,0.162792324561651,0.000375,0.8946402276473332,0.003058285585377687,0.9308718123597665,0.006914354967977751,0.038034469333056264,0.009373861521794584,0.018979123315501473,0.9801672980590697,0.011781364581117537,0.00037235714283800046,0.00032505878277030065,2.171395483497394,0.46623692450528875,0.23388296714772286,0.3392970252300747,0.14097078929908657,0.20942786137080907,0.03981275024587043
IR021_3,数据集/数据集/源域数据集/48kHz_DE_data/IR/0021/IR021_3.mat,9,IR,48k_DE,1727.0,0.4001225460042207,0.4001225460042207,1.7605020863787233,3.449498671857093,0.30625906962816085,0.1600980518208997,0.041825215297962175,3.6781759389635624,4.400020253050373,5.7485556901447135,0.15809070377830678,2555.282629326159,290.58115430427927,0.4655396437639055,0.22506312310392365,1.5903858158346504,3.82693442942057,0.46663582928774655,0.1732509804756681,0.000375,0.8947337372082501,0.0032549324810157046,0.9307593445579673,0.007260424751389156,0.038261533173498494,0.010239472858405006,0.018944047472795805,0.9787324095848159,0.01170922659605922,0.00039760407535456484,0.000316904159950844,2.171395483497394,0.46663582928774655,0.20704187455881154,0.36247147298757226,0.142034148697692,0.20922137794009776,0.0407622613383186
IR021_3,数据集/数据集/源域数据集/48kHz_DE_data/IR/0021/IR021_3.mat,10,IR,48k_DE,1727.0,0.4086211414091688,0.4086211414091688,1.7603282964865268,3.449498727877522,0.3150204115221263,0.1669712372065319,0.03843314931592656,3.515443631704483,4.306204223694014,5.585706370190922,0.15821278154184215,2553.6262183509557,282.40063291653087,0.4593934532656311,0.23478745545535606,1.5449619827101375,3.6566884121089145,0.46367897072574715,0.18995891146440638,0.000375,0.8968688282888277,0.0030729113638156853,0.9300904339552766,0.006609945422218283,0.038848535883304385,0.009727375309941862,0.019078714823044015,0.9800816182031595,0.011621443337104222,0.00039193116778369903,0.0003509404234577395,2.171395483497394,0.46367897072574715,0.1920898999751425,0.3819879185054407,0.13459708365281547,0.213792275757567,0.04075848703523202
IR021_3,数据集/数据集/源域数据集/48kHz_DE_data/IR/0021/IR021_3.mat,11,IR,48k_DE,1727.0,0.41171787587951264,0.41171787587951264,1.720424562960312,3.4336207274806467,0.3187588106601775,0.16951160931873777,0.03606982408204153,3.4574252326569277,4.175026969829242,5.392656210580552,0.15857901483244827,2558.4636349584744,283.9619650622357,0.46598446796310056,0.2226333010224578,1.5244286716114719,3.618426507520764,0.46074086339282794,0.19006733953152752,0.000375,0.8938254043558044,0.0030633394826785195,0.9321215467655305,0.006494376589429929,0.03717983277404718,0.009139955015217676,0.01931757616856852,0.980770353466413,0.011002272619728677,0.0004080198022560294,0.0003701213869101566,2.171395483497394,0.46074086339282794,0.18648654293788594,0.3948792658990987,0.13517964581797276,0.20790365767316887,0.038361478765583115
IR021_3,数据集/数据集/源域数据集/48kHz_DE_data/IR/0021/IR021_3.mat,12,IR,48k_DE,1727.0,0.4043921060112231,0.4043921060112231,1.7203649100316691,3.43362121682271,0.3112529247573106,0.1635329754041923,0.032193790668796976,3.552313851093341,4.251886878786916,5.5242506755836045,0.15790758713300374,2561.159257107933,288.8492007722515,0.47396465556706957,0.20971225412082758,1.5603874624273815,3.7161236574360133,0.46723231350588285,0.16954882605252863,0.000375,0.8944186813846842,0.0032812389412086467,0.931784929071982,0.006664168852679564,0.03761052203694202,0.00970427961293992,0.018856952381015868,0.9798344323600802,0.011391619096239383,0.0003956265224631272,0.00034812457841247184,2.171395483497394,0.46723231350588285,0.20884269375563147,0.370539785117393,0.1413239790660585,0.20116116910559453,0.03873088611680101
IR021_3,数据集/数据集/源域数据集/48kHz_DE_data/IR/0021/IR021_3.mat,13,IR,48k_DE,1727.0,0.40471713218266875,0.40471713218266875,1.6463514243097759,3.2556078091406264,0.31119516149325177,0.16379595708216377,0.038755038228392824,3.5240369633216297,4.068618710199076,5.291345408607342,0.1580296648965391,2558.642507266337,280.95728352757357,0.4666585300021162,0.2107051334429196,1.56242373560719,3.5599997997092623,0.4647311941094112,0.1723506645903996,0.000375,0.8942698645068533,0.003064627218018269,0.9304847007385817,0.00626141191074916,0.03958757893170908,0.009272914360959271,0.01847700490589981,0.9808983868435034,0.011098808427399697,0.0003835028789191316,0.0003431700657427352,2.171395483497394,0.4647311941094112,0.2176527561344505,0.36634135102920523,0.1314438062564374,0.20428587325817868,0.04098930880424395
OR007@6_0,数据集/数据集/源域数据集/48kHz_DE_data/OR/Centered/0007/OR007@6_0.mat,0,OR,48k_DE,1796.0,1.288119839046198,1.288119839046198,6.3240073568643025,12.416263797471377,0.8095534541661887,1.6592527197444034,0.07555328446645089,6.80933221620684,4.902024730546438,7.800758560906008,0.2030153207593237,3243.0007845563714,329.37239985343405,0.5324405057344295,0.10540976046430611,2.9953524815474006,4.688913703612007,0.39216930546257006,0.3385608586278985,0.0003125,0.8397677734364095,0.00029014156677709254,0.7767406629338133,0.0006558777326685609,0.21745034435614774,0.0018373463360602848,0.003446883809832447,0.9941509155435416,0.0020317385765502355,0.0028301264266537,0.00032413701085780977,3.6539532293986636,0.39216930546257006,0.034908914980407935,0.4858025173304832,0.1527945429793722,0.1011432259753122,0.21770914920656134
OR007@6_0,数据集/数据集/源域数据集/48kHz_DE_data/OR/Centered/0007/OR007@6_0.mat,1,OR,48k_DE,1796.0,1.2841866631089993,1.2841866631089993,6.323523379589837,12.41626301451099,0.804059685165252,1.6491353857070263,0.07826962601139312,6.8346673299363685,4.919710597638176,7.857718739603433,0.20313739852285906,3247.8724038786027,328.47788547179965,0.5364027515158123,0.10295805327571127,3.082304449686281,4.675323361452563,0.3950064207841295,0.3484178000889569,0.0003125,0.8406690905262557,0.0003821504177400146,0.783938070438716,0.0006909760738336147,0.210534249235766,0.0017967482843961298,0.003217013007279981,0.993984682145381,0.00197783628807393,0.002913348264160687,0.00032655598881866613,3.6539532293986636,0.3950064207841295,0.052684751235890295,0.4857119764746646,0.14513715778028097,0.09833795237542607,0.2110027647912001
OR007@6_0,数据集/数据集/源域数据集/48kHz_DE_data/OR/Centered/0007/OR007@6_0.mat,2,OR,48k_DE,1796.0,1.2782168718109486,1.2782168718109486,6.15035686829165,11.97637717949863,0.8018805634806573,1.6338383713821671,0.09384532608158967,6.827702922148406,4.8118621659328396,7.670224755063798,0.20325947628639443,3246.736801837551,329.4955618986828,0.5427805502557317,0.1006345217755573,3.021523903791111,4.695616098217477,0.3897020757487987,0.34208285040617387,0.0003125,0.8380886870613308,0.0005750098953724216,0.778841259514059,0.0007741021300520112,0.2151218403025228,0.0017660046528509008,0.0033666239749177134,0.9937339621998803,0.002344120857225191,0.002939053432159801,0.0003193588987549861,3.6539532293986636,0.3897020757487987,0.03515608884236321,0.4868489027664254,0.15249064406873405,0.10279250706605178,0.21565108958231322
OR007@6_0,数据集/数据集/源域数据集/48kHz_DE_data/OR/Centered/0007/OR007@6_0.mat,3,OR,48k_DE,1796.0,1.2712922861441358,1.2712922861441358,6.150842122253796,11.946652913159074,0.8031664446846754,1.6161840768095832,0.08351199840045193,6.657831552856883,4.835167244012998,7.653509325696704,0.2025880485869499,3238.1329605905803,333.3619480875782,0.5398298702446572,0.09868820395814633,2.942958010012141,4.561574234460323,0.3931817787680712,0.3389864744572762,0.0003125,0.8403146598659281,0.0005003535295260332,0.7731398018008957,0.0007285690468371029,0.22055859936441125,0.001958010502400412,0.003654551555587712,0.993710650052971,0.0023174460955669566,0.0028781960226758776,0.0003226455767883617,3.6539532293986636,0.3931817787680712,0.033973748513865316,0.48330658718379305,0.15095467297342688,0.10212042808985781,0.22124751825061886
OR007@6_0,数据集/数据集/源域数据集/48kHz_DE_data/OR/Centered/0007/OR007@6_0.mat,4,OR,48k_DE,1796.0,1.2749150446337543,1.2749150446337543,6.020168778090698,11.764988761272257,0.8077023220003513,1.6254083710334875,0.07469826776784938,6.529392196487791,4.716302670902878,7.44496823155705,0.2020386986510407,3248.46399613669,326.46607278661963,0.5447811062747815,0.101536527580665,2.9403981485804183,4.4114821964747515,0.3859573486089851,0.35758317905473264,0.0003125,0.8377364299907784,0.00032718619162854927,0.779966149053597,0.0005466444340901849,0.21422691270389005,0.0018859651971318554,0.0034598429676920973,0.9941650930086002,0.002010227714615053,0.002831963497525554,0.0003304616350268222,3.6539532293986636,0.3859573486089851,0.036927045482243424,0.494046379887938,0.14700029832791736,0.09897456346671611,0.2149479515214758
OR007@6_0,数据集/数据集/源域数据集/48kHz_DE_data/OR/Centered/0007/OR007@6_0.mat,5,OR,48k_DE,1796.0,1.2553769428869013,1.2553769428869013,5.921972228896712,11.617544296484812,0.7959633960205377,1.5759712687320624,0.07748628904630032,6.487239103417473,4.7131843642303295,7.43379023563415,0.20222181529634378,3252.298606577377,324.4216145910281,0.5460706084988242,0.1013120312933344,2.944832017226577,4.358654321603799,0.3855311398571789,0.3496459872994955,0.0003125,0.8413112707559546,0.00027192246523502224,0.7827802680585683,0.0005352516004003459,0.21139226320463408,0.001842619406119253,0.0034163054651566915,0.9941790620992174,0.002055230808822571,0.002921056854938712,0.0003496604788633557,3.6539532293986636,0.3855311398571789,0.031360151062151786,0.4973461920769741,0.15390265783407597,0.09813875424515865,0.21225872689125277
OR007@6_0,数据集/数据集/源域数据集/48kHz_DE_data/OR/Centered/0007/OR007@6_0.mat,6,OR,48k_DE,1796.0,1.2428480403551871,1.2428480403551871,5.71117080471792,11.273212809639528,0.7889470240565908,1.5446712514147292,0.06534580433451924,6.413877936032643,4.599459968070061,7.245949672927868,0.20240493194164683,3242.0149464871024,332.8608681628799,0.5460590901186388,0.09320062741997547,2.9383186159798043,4.2865221128468445,0.38436231551079686,0.3539728650207242,0.0003125,0.8413795269536605,0.000391624984503948,0.7767584475011803,0.0006588161082155811,0.21692693334231106,0.002034385398526403,0.0036324139745599377,0.9937153767214726,0.0022802029889033796,0.0029190000418247986,0.00039519062558535193,3.6539532293986636,0.38436231551079686,0.0278874315542848,0.4970687666861227,0.15120710953925184,0.09856717252626576,0.21764129664627102
OR007@6_0,数据集/数据集/源域数据集/48kHz_DE_data/OR/Centered/0007/OR007@6_0.mat,7,OR,48k_DE,1796.0,1.2244270312787742,1.2244270312787742,5.807417346728707,11.578852667396955,0.7725615839618092,1.499221554926152,0.059154659076955156,6.599128458187785,4.748051364719502,7.525592744747845,0.20057376548861625,3250.46238302571,333.420581556743,0.5454027511609428,0.09637358777112083,2.9903052662940763,4.465516908168878,0.3880421763813656,0.3526300364206162,0.0003125,0.8416551896268559,0.0006385830769028971,0.785475278408842,0.0007679493605371248,0.2082317248166102,0.00183665875079021,0.0034415504352969615,0.9933818933950329,0.0024390864115608184,0.003087736629895592,0.00040485842615518765,3.6539532293986636,0.3880421763813656,0.035863009997419745,0.49700888094431606,0.15207806882646963,0.09854465648114044,0.20897917817888073
OR007@6_0,数据集/数据集/源域数据集/48kHz_DE_data/OR/Centered/0007/OR007@6_0.mat,8,OR,48k_DE,1796.0,1.191822030329001,1.191822030329001,5.807781622665936,11.578851615762215,0.7517055039628115,1.420439751977542,0.06340005776013893,6.712760989477149,4.877451629278277,7.733451280679941,0.20093999877922236,3249.640480149006,332.967829298381,0.5458976302018044,0.09238685906744915,2.9796358600367814,4.623645942410915,0.39445958801809206,0.3325518193183248,0.0003125,0.8413325225173528,0.0006563781504466971,0.7854008751899468,0.0007403592955692685,0.20812493764926543,0.0017603764195631764,0.003723304472311322,0.9935601987663458,0.0023408365540718186,0.002998086834613754,0.0004023120658571684,3.6539532293986636,0.39445958801809206,0.035027683697924576,0.48885850625625943,0.15817123295010932,0.10121699825625587,0.20902770333493081
OR007@6_0,数据集/数据集/源域数据集/48kHz_DE_data/OR/Centered/0007/OR007@6_0.mat,9,OR,48k_DE,1796.0,1.1894501224316083,1.1894501224316083,5.815700965440865,11.43674746636951,0.7477861980158353,1.4147915937525681,0.0754829045701984,6.721645578031956,4.886149735560379,7.77222138272373,0.20368674845876825,3243.1955896598547,336.26021686226704,0.5436313231429994,0.09385572853197603,3.055482424236394,4.589591248016916,0.39230993698015443,0.3469647398686292,0.0003125,0.8425068544830222,0.0004362390043077364,0.7808864543608323,0.0007128594496316852,0.21207073743538163,0.001826238192604346,0.0043631981229759285,0.9936070590529396,0.002221154641893642,0.0030928326669218647,0.0004515304957215483,3.6539532293986636,0.39230993698015443,0.03773373387160699,0.4888001208180694,0.15141454726793382,0.10033815275090292,0.21297371881024157
OR007@6_0,数据集/数据集/源域数据集/48kHz_DE_data/OR/Centered/0007/OR007@6_0.mat,10,OR,48k_DE,1796.0,1.1957224054160027,1.1957224054160027,5.815141802511555,11.441257657773932,0.7471399801150648,1.4297520708138318,0.08428480634075208,6.842086887533718,4.859557734613827,7.777457617706279,0.20368674845876825,3251.423563088882,329.3881151759237,0.5482059474686223,0.08568275519388603,3.1238048479529765,4.651271707610429,0.39473390538408754,0.3467701734871431,0.0003125,0.8427040143318838,0.00028862458235923106,0.7875557231204764,0.0006937366260082688,0.2059326756081293,0.0017658881614003575,0.003953442042089483,0.9936588122013619,0.0021417220456995244,0.0032958801656506583,0.00040947101247471035,3.6539532293986636,0.39473390538408754,0.047612002237840095,0.48654919334561086,0.15581980872326381,0.09496645776617675,0.2068376646017094
OR007@6_0,数据集/数据集/源域数据集/48kHz_DE_data/OR/Centered/0007/OR007@6_0.mat,11,OR,48k_DE,1796.0,1.2124686255693664,1.2124686255693664,5.72203896721114,11.348992011615646,0.756775066081357,1.4700801679900686,0.08191180648879473,6.847666404960015,4.714910212429817,7.554316345128235,0.2016724653604346,3250.9201564562736,326.5442247047965,0.5474866490040958,0.08863710518275424,3.1394329553370315,4.63528128167746,0.3973433905102617,0.3273714623471695,0.0003125,0.8421587280869789,0.0002832850051244153,0.7867410857961743,0.0006814700521816133,0.20735141989085135,0.0018330619307600667,0.003400671851413943,0.9936294611985963,0.0021319777468510144,0.003306736107615561,0.0003681442334583483,3.6539532293986636,0.3973433905102617,0.04051113667640308,0.48281581765481546,0.16276860745086524,0.0984856939228257,0.20811068669732485
OR007@6_0,数据集/数据集/源域数据集/48kHz_DE_data/OR/Centered/0007/OR007@6_0.mat,12,OR,48k_DE,1796.0,1.2506174397922838,1.2506174397922838,6.01856294728657,11.802610213127203,0.7827383994611411,1.5640439807126063,0.07879021874251356,6.749240309759255,4.807755990761892,7.6818980156442755,0.20112311542452543,3243.4386860177233,330.9989329129011,0.5467973515269106,0.09637114287897211,3.0965280762601286,4.555974786160916,0.3937770670877571,0.3461506421555962,0.0003125,0.8440829147455376,0.00040673143954414177,0.7824088415026275,0.0006450309510724502,0.21153642447560744,0.002021535561948512,0.0034500046487460924,0.9935976133994777,0.002225621190135064,0.0030593682941815223,0.0003722805063813892,3.6539532293986636,0.3937770670877571,0.03741875361400369,0.4881464950987357,0.15207311206093024,0.10208735725080041,0.2124045189206614
OR007@6_0,数据集/数据集/源域数据集/48kHz_DE_data/OR/Centered/0007/OR007@6_0.mat,13,OR,48k_DE,1796.0,1.2797088489577002,1.2797088489577002,6.047730927352646,11.942173270762538,0.8013941862736128,1.6376547381006419,0.07910637421568623,6.7482031361547055,4.723674536979171,7.5430903920949355,0.20130623206982848,3250.0533398719276,326.55140239024394,0.5456452086766034,0.09220756552681351,3.1024178527670383,4.571468729030846,0.39285684508021756,0.3535625067186151,0.0003125,0.8434287823313976,0.000530050005391734,0.7893078492495844,0.00059031196212111,0.20485802694677283,0.0019341546841601125,0.003213775861229135,0.9938118585593061,0.002275021004055718,0.0028879734263284568,0.00033925082832284985,3.6539532293986636,0.39285684508021756,0.04631633584421856,0.49266840577813104,0.14778467819532173,0.10035064014651358,0.2060143129379074
OR007@6_1,数据集/数据集/源域数据集/48kHz_DE_data/OR/Centered/0007/OR007@6_1.mat,0,OR,48k_DE,1774.0,1.0524696752001215,1.0524696752001215,5.125814381510462,10.183570121414215,0.6697091051088686,1.107692417215849,0.07859605782674144,6.86595487148992,4.868599336522455,7.651195495587,0.1978270158090704,3213.9259933193653,344.52646793472616,0.5321823061023243,0.10525994103416723,2.8518121096483107,4.907254178968539,0.42110669069086365,0.28447409668697987,0.0003125,0.8381310435627152,0.0005494338129095198,0.7582116751777713,0.0008173085349893858,0.23333867742429418,0.0018066198631736332,0.005313318710727739,0.9932925957547746,0.002611125540577912,0.003174537473274565,0.0005148950221270701,3.6992671927846676,0.42110669069086365,0.050159581013894255,0.4509904965449088,0.150174274692629,0.10432510829470958,0.23404654472075026
OR007@6_1,数据集/数据集/源域数据集/48kHz_DE_data/OR/Centered/0007/OR007@6_1.mat,1,OR,48k_DE,1774.0,1.0589763062815365,1.0589763062815365,5.126213966853814,10.18376906193771,0.6719921204977253,1.1214308172656866,0.06745314176327771,6.8869049742237465,4.836679767778871,7.622243508928105,0.19801013245437343,3213.232975242753,347.3932021751589,0.5300161438721992,0.10854787823364086,2.8961988376626593,4.905989394698268,0.42011074013307115,0.29184590473051764,0.0003125,0.836701797455159,0.0005324722728906773,0.7596247700643526,0.0008992487051145751,0.23182848528983335,0.0019683203531207128,0.00524578909214471,0.9929331860861677,0.002730817558625631,0.0032765604367411983,0.0005590149594473457,3.6992671927846676,0.42011074013307115,0.053722194594789975,0.45197904754871365,0.14688206226962813,0.10464055293525945,0.23238261364364657
OR007@6_1,数据集/数据集/源域数据集/48kHz_DE_data/OR/Centered/0007/OR007@6_1.mat,2,OR,48k_DE,1774.0,1.0595045052737109,1.0595045052737109,5.0600896440207865,10.082707902983756,0.6725160418143399,1.1225497966952909,0.06290292369514812,6.833994793526063,4.772355089654495,7.5186969769394665,0.19770493804553502,3215.891712485927,346.0656116087378,0.5325875710351647,0.10559757056956044,2.8998245077638365,4.842017672693214,0.422312609266148,0.28141729189941195,0.0003125,0.8380952493285343,0.000568321014004167,0.7614329640418074,0.0008203344793058684,0.23028233194972852,0.0018664567810842243,0.00516119264634606,0.9929412459291238,0.0025641206663314987,0.0034129738769480044,0.0005496248473903425,3.6992671927846676,0.422312609266148,0.05215694074984113,0.44883510545321037,0.1543444197031688,0.1039241090510557,0.2309685276407537
OR007@6_1,数据集/数据集/源域数据集/48kHz_DE_data/OR/Centered/0007/OR007@6_1.mat,3,OR,48k_DE,1774.0,1.0652724111070297,1.0652724111070297,5.080958164043122,10.15129939870938,0.6778780940938754,1.1348053098657847,0.06999501439016158,6.784126644582828,4.774297543744934,7.50301175296118,0.19691143258255508,3208.6079131736105,348.9860628019375,0.5271478445842503,0.10808722122910183,2.8591967276388317,4.805416688071288,0.4180167237292864,0.293116553618021,0.0003125,0.8370680933619002,0.0005762687292567563,0.7567416474523205,0.000917399528587792,0.23434173607348313,0.001945824864166099,0.0056326671260991095,0.9928062985911192,0.0027118960400556833,0.0033658558279601293,0.0005614671118637704,3.6992671927846676,0.4180167237292864,0.04873836251205574,0.4525889638139301,0.14822535156030744,0.10519280706111114,0.23495517484621745
OR007@6_1,数据集/数据集/源域数据集/48kHz_DE_data/OR/Centered/0007/OR007@6_1.mat,4,OR,48k_DE,1774.0,1.0551988291470051,1.0551988291470051,5.162611378533161,10.287166448916338,0.6694725601209608,1.1134445690332107,0.06659252239006908,6.93401627042887,4.886724712360378,7.702739697003256,0.19752182140023195,3213.3829057809876,344.8635974814659,0.5274515321700359,0.10809985019644076,2.8577044903652933,4.976329839307946,0.42091786453331864,0.2860301625481099,0.0003125,0.8381777661538233,0.0006079671184400354,0.7610301117467553,0.0008666655197731224,0.23055386215973972,0.00173552650589439,0.005360457327044713,0.9930211354905344,0.0025219035022536946,0.0034186767752847633,0.0005214759998236635,3.6992671927846676,0.42091786453331864,0.05188620596571132,0.4484023390132743,0.1512656010557949,0.10663343300039758,0.23123840326019557
OR007@6_1,数据集/数据集/源域数据集/48kHz_DE_data/OR/Centered/0007/OR007@6_1.mat,5,OR,48k_DE,1774.0,1.0560393432707886,1.0560393432707886,5.19538978033916,10.319824735275715,0.6702112488362479,1.1152190945357985,0.06857243441774502,6.9609190122527425,4.917038992904061,7.747778762010836,0.1981932490996765,3207.5116401420105,348.8906761406051,0.5224352784102341,0.10892694333042231,2.868745397725155,5.002191419909698,0.4185860671144899,0.28889794291922666,0.0003125,0.8376010815521941,0.0005788320020948291,0.7563208858626442,0.0008890609036943404,0.23478067057494184,0.0019876616595538273,0.0056434547408893265,0.9927988822479843,0.0026834101794804876,0.0033712953318290927,0.0005585325373599463,3.6992671927846676,0.4185860671144899,0.04731651804906405,0.4498043470472742,0.1485855762293183,0.1071947350468583,0.23542413804746976
OR007@6_1,数据集/数据集/源域数据集/48kHz_DE_data/OR/Centered/0007/OR007@6_1.mat,6,OR,48k_DE,1774.0,1.062597676567694,1.062597676567694,5.196960956416792,10.29621841424583,0.6767922622350537,1.1291138222470618,0.07958683638077838,6.863417054843592,4.889748100625993,7.677162437378522,0.19739974363669657,3213.0583518984486,348.5516023561333,0.521192663265428,0.11213754856198004,2.864640212901199,4.90693613162636,0.41648403365844977,0.29490049980730515,0.0003125,0.837202722864111,0.0005382401322802707,0.7573181768546294,0.0009793152560389584,0.23381392685372088,0.0019592343099944505,0.00540728012460507,0.9926785173900403,0.002878334932223001,0.0034605285188544234,0.0005714461966811391,3.6992671927846676,0.41648403365844977,0.048535586056056824,0.45293633856368226,0.15094936619454363,0.10209681141685308,0.23439564856660505
OR007@6_1,数据集/数据集/源域数据集/48kHz_DE_data/OR/Centered/0007/OR007@6_1.mat,7,OR,48k_DE,1774.0,1.0749380221666498,1.0749380221666498,5.230452925285443,10.38648722755721,0.6869039675383599,1.1554917514995489,0.07405762128172678,6.8074867697988415,4.864857275830239,7.613039818370968,0.19758286028199964,3208.405658246479,347.0907611593182,0.5136707806213147,0.11529207418561402,2.8682383575262667,4.909920552391757,0.4158824622046965,0.29013025796389885,0.0003125,0.837203267355386,0.0005345187525732659,0.749484328861154,0.0009081970579490707,0.24168133664689517,0.001794273668731034,0.005450727738743096,0.9931540682634372,0.002818492145386245,0.0032395647146693956,0.000554772347793728,3.6992671927846676,0.4158824622046965,0.04213674456838839,0.45282598827842635,0.14928504594165207,0.10320997762001884,0.24211889061097547
OR007@6_1,数据集/数据集/源域数据集/48kHz_DE_data/OR/Centered/0007/OR007@6_1.mat,8,OR,48k_DE,1774.0,1.0631059948836015,1.0631059948836015,5.231150001207166,10.38687321522736,0.6797316223572294,1.130194356357452,0.07698073527840323,6.88036214258398,4.920492165885288,7.695691680020351,0.1981932490996765,3209.5445189768416,350.35661327262994,0.5177447310696568,0.11260842490120632,2.8394190689274144,5.013953799935828,0.4141082646922992,0.29976604467486695,0.0003125,0.8361246549195689,0.0005025758299950863,0.7481218689064679,0.0009605272722545925,0.2427793447748971,0.001859429044261994,0.0055609890567535954,0.9930262562360045,0.0029474191157161634,0.0032577976772277875,0.0005788398631084999,3.6992671927846676,0.4141082646922992,0.04557554613871933,0.45593479011153537,0.14598854761953411,0.09893186330092224,0.24305840641146828
OR007@6_1,数据集/数据集/源域数据集/48kHz_DE_data/OR/Centered/0007/OR007@6_1.mat,9,OR,48k_DE,1774.0,1.0561868353505914,1.0561868353505914,5.267854064936393,10.502494080656556,0.6719959733651051,1.1155306311678972,0.08193221201892355,7.050867889161059,4.988160627705248,7.839977118862741,0.19849844350851492,3212.6069515112663,348.50990956190486,0.5148848232957183,0.116915213959572,2.8132797188242598,5.173622537319365,0.417299323096952,0.2881389678531702,0.0003125,0.835067574815967,0.0005027192292394347,0.7489208739457672,0.0008201139502057482,0.24221533728436725,0.0019437667207460071,0.005420107504777965,0.9931115391168885,0.002878884302924909,0.00323276882813028,0.0005554129782105274,3.6992671927846676,0.417299323096952,0.044313949334860825,0.4534617050759617,0.1508482472891482,0.09802859438085539,0.24244014010140724
OR007@6_1,数据集/数据集/源域数据集/48kHz_DE_data/OR/Centered/0007/OR007@6_1.mat,10,OR,48k_DE,1774.0,1.0572039413701222,1.0572039413701222,5.267657553981339,10.502482965671781,0.6740315281479702,1.1176801736485207,0.07699641225716596,7.002201196746477,4.985261822915449,7.819388539980971,0.19831532686321188,3210.3250828562173,351.21816107151074,0.5177814921527415,0.1137784214782793,2.8027894283846977,5.138952762330158,0.4134628554433719,0.3004461683207105,0.0003125,0.8348585111594062,0.00047341260182043164,0.7471099802970288,0.000893905906120511,0.24347911764055163,0.001987186363321234,0.005895186659662454,0.9929956309647106,0.0029234222063033396,0.003243008498641348,0.0005830077504446563,3.6992671927846676,0.4134628554433719,0.04204014555606606,0.45758694170393455,0.1475095892526888,0.09753082743103424,0.24373778678148297
OR007@6_1,数据集/数据集/源域数据集/48kHz_DE_data/OR/Centered/0007/OR007@6_1.mat,11,OR,48k_DE,1774.0,1.0636807062632554,1.0636807062632554,5.186399278577311,10.298462831112381,0.6799903781078258,1.131416644876698,0.07216016209674678,6.8407563672573195,4.881232334197563,7.635884739411131,0.19788805469083806,3214.555832303174,346.7352977987106,0.5191444883221455,0.11477420701551953,2.8060414446896953,4.925860019885561,0.4150991879900568,0.29240416904955296,0.0003125,0.8341212747371326,0.00046623341693427593,0.7495685958492533,0.000899613998038326,0.24179257963211007,0.0017983112540825334,0.005355492111050742,0.9932384995347704,0.0027160473444440498,0.003217660320091897,0.0005571927228495932,3.6992671927846676,0.4150991879900568,0.04469655171479377,0.45445877401424967,0.15259533523836977,0.09552042194760098,0.24216960434417048
OR007@6_1,数据集/数据集/源域数据集/48kHz_DE_data/OR/Centered/0007/OR007@6_1.mat,12,OR,48k_DE,1774.0,1.0680293305454864,1.0680293305454864,5.117618111707852,10.230159130565326,0.681826286533211,1.1406866509054399,0.07022073989365907,6.837024418242269,4.793003174723389,7.507905790485828,0.19721662699139353,3213.046597440523,348.1357770273349,0.5192074854573615,0.11232102953946828,2.809851562157664,4.915819641710455,0.4128170674189919,0.30110127516775326,0.0003125,0.836256895525514,0.0005156617396077833,0.7505794389559168,0.0007980291926573368,0.24025924665014378,0.0019405792075423002,0.005801608293800966,0.9931475318009174,0.002782809900291911,0.0032079764640056616,0.0005658562989814711,3.6992671927846676,0.4128170674189919,0.043952006133746835,0.4579365372363398,0.14788920418706758,0.0979374026314806,0.24056682898804022
OR007@6_1,数据集/数据集/源域数据集/48kHz_DE_data/OR/Centered/0007/OR007@6_1.mat,13,OR,48k_DE,1774.0,1.0605500086852975,1.0605500086852975,5.057728709413477,10.005157225470612,0.6750940897088715,1.1247663209223846,0.07922944123434673,6.955531262128154,4.7692382739455965,7.4923135676860735,0.1978270158090704,3215.1465038499296,346.0783880773897,0.5215539910374494,0.11458185961746517,2.8156240570836095,5.03139070001033,0.41760254662229945,0.2934967498817491,0.0003125,0.8353494702267731,0.0004944950345084202,0.7536081811249016,0.0008510070069638712,0.23758741785448778,0.0018303809219039986,0.0054982019763655755,0.9931827553293427,0.0027601911468932154,0.0032692151141495416,0.0005363314814665212,3.6992671927846676,0.41760254662229945,0.05148198230607841,0.45228364080257316,0.14986581050382886,0.09758792187696244,0.2379320963372682
OR007@6_2,数据集/数据集/源域数据集/48kHz_DE_data/OR/Centered/0007/OR007@6_2.mat,0,OR,48k_DE,1750.0,1.02715379640674,1.02715379640674,5.049000012396485,9.91785578092048,0.6455732131853905,1.055044921472779,0.0803067248216763,6.980460157155424,4.917476541777032,7.824142832295682,0.1990477934444241,3196.654100100885,346.4835588294777,0.5476064193447909,0.08058059259914845,2.957053395524465,4.916821916051645,0.41120108705312103,0.27881970674558176,0.0003125,0.8440223871458022,0.0006641421893932056,0.767552903119946,0.0008855223115141192,0.22343520041288584,0.0022348310239270297,0.005675474864891068,0.9927118564567169,0.0027401683048627473,0.0030698486241745424,0.000586340622461891,3.75,0.41120108705312103,0.03668539694586182,0.45555879117498443,0.12473889286369375,0.14644257447352915,0.22527720076981966
OR007@6_2,数据集/数据集/源域数据集/48kHz_DE_data/OR/Centered/0007/OR007@6_2.mat,1,OR,48k_DE,1750.0,1.0149875922705622,1.0149875922705622,5.049822993965841,9.917857234603005,0.6382645197177673,1.0301998124631933,0.08705611998862106,7.013327443501953,4.974083925903697,7.909962945568421,0.19886467679912104,3197.1071382894283,347.5721192246668,0.5477855558602325,0.08160537217063685,2.9634850469330347,4.9891054584614745,0.4105131673032267,0.27742931059301273,0.0003125,0.8436582357750687,0.0006893183837256711,0.7659255801124863,0.000995805477477536,0.22497878201478125,0.002198496823247743,0.0057366962129785206,0.992529949386754,0.002771237384884595,0.003162883713596282,0.0005779848255793944,3.75,0.4105131673032267,0.03517992056044104,0.45504680837290257,0.12498332685436825,0.1471305032156245,0.2266513876550703
OR007@6_2,数据集/数据集/源域数据集/48kHz_DE_data/OR/Centered/0007/OR007@6_2.mat,2,OR,48k_DE,1750.0,1.0236722192910677,1.0236722192910677,4.955242100061792,9.791983744328046,0.6462180418254722,1.0479048125482997,0.07126268592542197,6.92463439428624,4.8396932863627935,7.66655843974984,0.1989867545626564,3197.5248675810635,345.0187800057923,0.5479433631508746,0.08281693046148483,2.9401350053180453,4.923458452052643,0.4079204310771704,0.27952645453778785,0.0003125,0.8439741449442437,0.0006128627369482828,0.7658005120808612,0.0009971252088499555,0.22533576095181776,0.002325201569611793,0.005755561809289029,0.9925762566579065,0.002570085729493481,0.00310020730114083,0.0005289912424941998,3.75,0.4079204310771704,0.03203330843012273,0.4596094504212554,0.12530359450724468,0.14618891927842131,0.22672253200438017
OR007@6_2,数据集/数据集/源域数据集/48kHz_DE_data/OR/Centered/0007/OR007@6_2.mat,3,OR,48k_DE,1750.0,1.0233216602449182,1.0233216602449182,5.097347813541944,9.917047283755112,0.6413818641085145,1.0471872203264156,0.09006562905328885,7.0269250591391135,4.9843498308320795,7.952670401768343,0.19874259903558567,3193.3020636730894,348.0285080323004,0.5516257803676909,0.08008016959005333,3.0025008617479667,4.93626603980762,0.41221573258674166,0.2766327937372824,0.0003125,0.8412826519761841,0.0006564231945273135,0.764139049856149,0.0010024749898379505,0.22671697478917782,0.0023693365954989103,0.0058388046502538425,0.992530769144499,0.002747629065206842,0.003033000230959743,0.0005477566686080322,3.75,0.41221573258674166,0.03649171581673451,0.45111112238182405,0.1280737317487297,0.14438900624290704,0.2287325719667101
OR007@6_2,数据集/数据集/源域数据集/48kHz_DE_data/OR/Centered/0007/OR007@6_2.mat,4,OR,48k_DE,1750.0,1.0213835648233904,1.0213835648233904,5.0969779427566255,10.000251275736654,0.6417392824033705,1.043224386491337,0.09502501910223901,7.0163247936943565,4.989240019361145,7.940828823462618,0.19929194897149485,3194.449661971896,347.7530768832185,0.5552531955220973,0.07645337904339453,2.958559768337828,4.957077644489652,0.4107345558891485,0.2775408612333438,0.0003125,0.8414845137350992,0.0006784479588419309,0.7645149268548858,0.0010050608824299638,0.22652491166439045,0.0022311649907317778,0.005672350860118455,0.9925103386004188,0.0027075300660030065,0.0031536513262366366,0.0005698794493125555,3.75,0.4107345558891485,0.034285160528638864,0.4515242249038265,0.12967653155682923,0.14510895936576104,0.22849435983261834
OR007@6_2,数据集/数据集/源域数据集/48kHz_DE_data/OR/Centered/0007/OR007@6_2.mat,5,OR,48k_DE,1750.0,1.0341005960179648,1.0341005960179648,5.319277114265489,10.29190861094621,0.6499265590191162,1.0693640426847102,0.07708951874699665,7.083747449282336,5.14113098453308,8.18022843892919,0.20002441555270709,3197.241110507908,341.7336498775814,0.5539134671329248,0.0762939005446963,2.983943542182003,5.052935902699984,0.4104191542770218,0.27845633458889146,0.0003125,0.8436145624466558,0.000593236409026224,0.768888008841593,0.0008873316472534777,0.22254058304666255,0.0021394260307454342,0.005598337412640391,0.9930077412154701,0.002443854368004268,0.002986149591026828,0.0005186168196439386,3.75,0.4104191542770218,0.03686291897733316,0.4537202141573535,0.12813996280141596,0.1452981923939355,0.22474360063214924
OR007@6_2,数据集/数据集/源域数据集/48kHz_DE_data/OR/Centered/0007/OR007@6_2.mat,6,OR,48k_DE,1750.0,1.030873678817648,1.030873678817648,5.319753301577522,10.291908750569512,0.6474860230967576,1.0627005416790314,0.09081490077128765,7.0280362281917395,5.161215656505659,8.21727090323695,0.1994750656167979,3196.7538705706143,343.5634020211963,0.5584685915918377,0.07118061751015592,2.995227001371503,4.957189049950509,0.4105328877049344,0.2796768418573927,0.0003125,0.8435032382736731,0.0006089918454377954,0.7697448643693856,0.0008555077151366791,0.22144125674376536,0.00229261170249205,0.005672680047257802,0.9928208133458051,0.0026016592240384515,0.0030226353321583066,0.0005299498066030653,3.75,0.4105328877049344,0.036994210869707084,0.4553534250303379,0.13023600701990193,0.1422822160402204,0.22371287239696952
OR007@6_2,数据集/数据集/源域数据集/48kHz_DE_data/OR/Centered/0007/OR007@6_2.mat,7,OR,48k_DE,1750.0,1.0108410975280404,1.0108410975280404,4.943178910633648,9.77759881384921,0.6358171630415868,1.0217997244516934,0.09023592995803045,6.959016934039159,4.89136045796226,7.7764614527721285,0.19996337667093939,3198.6413740459175,347.02281070978216,0.5543266614315951,0.07631602787938428,2.946022867068585,4.906390543935885,0.4150867898655762,0.27310035647638176,0.0003125,0.8433717005732575,0.0006046540008002128,0.7695733738798528,0.0008753234467280285,0.22120701514079458,0.0023412210889628693,0.006018198033725068,0.9926056474915423,0.0026004757211769767,0.003127860559635108,0.0005910079992001119,3.75,0.4150867898655762,0.041684277583238116,0.44977028775760614,0.13096294161034672,0.14227052242241206,0.22339753694286643
OR007@6_2,数据集/数据集/源域数据集/48kHz_DE_data/OR/Centered/0007/OR007@6_2.mat,8,OR,48k_DE,1750.0,1.0205451021504617,1.0205451021504617,4.9427075422819975,9.777599419033765,0.6419057023399388,1.0415123055232962,0.07116386652036343,6.85650019118236,4.844202815445995,7.701662144894091,0.20008545443447476,3197.6993719566944,344.87553432785546,0.5562889196479249,0.07226554952436026,2.9546068900927236,4.778442013012566,0.40979596149981534,0.2784373429538394,0.0003125,0.8438225856774604,0.0005665463511983828,0.766945976856335,0.0008332418406484674,0.2239397409408751,0.0022619335519119084,0.006130869151782066,0.9928525835306163,0.0023887487119570614,0.003045367211207258,0.0005852480991976664,3.75,0.40979596149981534,0.03551387881752099,0.45558618671983764,0.12842361576496855,0.14380152868165083,0.22605837309358906
OR007@6_2,数据集/数据集/源域数据集/48kHz_DE_data/OR/Centered/0007/OR007@6_2.mat,9,OR,48k_DE,1750.0,1.0220787184278122,1.0220787184278122,4.913340700285398,9.674512452167008,0.6404763168605958,1.0446449066630388,0.08260105777355667,6.923667163231433,4.809456162541662,7.675089190743594,0.20093999877922236,3196.724374472937,346.45067763978017,0.5536041262562861,0.07676650993433787,2.961598618155164,4.80460622883432,0.413996240174727,0.27533074207473696,0.0003125,0.84318069132776,0.0006169143489489522,0.7684719247631582,0.0008529108560908831,0.22252362940036916,0.002349823505885687,0.005952421528373926,0.9927693348692541,0.002473450626837422,0.002978460868927262,0.0005679355847134178,3.75,0.413996240174727,0.04223623227917099,0.4516988142554707,0.12853396217484486,0.1423878101723697,0.22490829268376247
OR007@6_2,数据集/数据集/源域数据集/48kHz_DE_data/OR/Centered/0007/OR007@6_2.mat,10,OR,48k_DE,1750.0,1.018864971304008,1.018864971304008,4.9143319443497235,9.674514286233673,0.638396635044536,1.038085829750317,0.080491184313135,6.946281483785146,4.825156113236048,7.700882418104916,0.20100103766099006,3199.177514344854,343.7996351152644,0.5557618352398292,0.07266490399447124,2.9722342899742986,4.8377451786316366,0.4077402138406434,0.2825716082172787,0.0003125,0.8427897752453302,0.000650297950627023,0.7683372627385922,0.0008270738911727927,0.22280780401059766,0.002074422046894223,0.00578012649499818,0.9929780729860446,0.002498223218524751,0.0030517039580188116,0.0005663818982866204,3.75,0.4077402138406434,0.03434855574431299,0.45754180680677703,0.13003276878889392,0.14293299065187956,0.22482417074325003
OR007@6_2,数据集/数据集/源域数据集/48kHz_DE_data/OR/Centered/0007/OR007@6_2.mat,11,OR,48k_DE,1750.0,1.0291906108122226,1.0291906108122226,4.76993939962734,9.507472072615943,0.6464298021538404,1.059233313384036,0.06708680634214798,6.917792132992365,4.635660429787334,7.380521570801271,0.20026857107977783,3197.2629481785466,343.96128706259753,0.5518836907389175,0.07756328487553246,2.9591115943378887,4.830087383115833,0.41308883283557846,0.2747691816774547,0.0003125,0.8434973594695429,0.000596040384042136,0.76792350997491,0.0008596889804748649,0.22324278479093312,0.0021280441423650476,0.005768975064433952,0.99299721140675,0.0025090484739674094,0.003007898781903825,0.0005459963065038532,3.75,0.41308883283557846,0.03880494963874606,0.45136835912355494,0.1287858463575776,0.14461005265437754,0.2252482056116107
OR007@6_2,数据集/数据集/源域数据集/48kHz_DE_data/OR/Centered/0007/OR007@6_2.mat,12,OR,48k_DE,1750.0,1.010268200420636,1.010268200420636,4.82478028846639,9.627223943712902,0.6351910655386902,1.0206418367811505,0.07505771693085785,7.052787903758548,4.778007471246122,7.5995140612493985,0.199841298907404,3195.947166616136,348.3145550617598,0.5528683055963513,0.0778885716398661,2.9066175986945675,5.026806308250918,0.41699584440661697,0.2712771763767394,0.0003125,0.8412992757080098,0.0006790038974096781,0.7645769178398437,0.0009295617886558579,0.22635000908083105,0.002314268797728584,0.005803411028662607,0.9925510479682096,0.0026823577165028317,0.003095812750490031,0.0005764907464759272,3.75,0.41699584440661697,0.04011155036114914,0.44623229175768564,0.12810902166229396,0.1451304442120406,0.22831842549348058
OR007@6_2,数据集/数据集/源域数据集/48kHz_DE_data/OR/Centered/0007/OR007@6_2.mat,13,OR,48k_DE,1750.0,1.0001544818532344,1.0001544818532344,4.825250447196339,9.627224320751738,0.632345821829038,1.000308987571112,0.0834732325487453,6.992287280682809,4.826384795476085,7.633744019561307,0.19996337667093939,3196.908720078948,351.3543391072892,0.5518825659677943,0.08169509829240004,2.823841970040603,5.024706162447638,0.4182655410492883,0.26907223810313147,0.0003125,0.8421666778933636,0.0006978270242370575,0.7654627384620598,0.0009552575267331336,0.2252256049119334,0.0024152810298441463,0.00591663995512793,0.9923051625924214,0.002767150731373268,0.003163264552989578,0.0006169498527741793,3.75,0.4182655410492883,0.04209216514543198,0.4438795466672138,0.12659236104976698,0.14795378774203063,0.2268966954530142
OR007@6_3,数据集/数据集/源域数据集/48kHz_DE_data/OR/Centered/0007/OR007@6_3.mat,0,OR,48k_DE,1725.0,1.0077802367345294,1.0077802367345294,5.2197829299062315,10.387750569081463,0.6324794322005578,1.0156210055527044,0.07875571566548013,7.307625420132773,5.176983297720463,8.24901191424839,0.20277116523225294,3180.459861061151,356.3393159346175,0.5474223000402777,0.08464856298321997,2.8507952025106023,5.330535904803441,0.4219549535376276,0.2406628020298851,0.0003125,0.8375627454566293,0.0005664796760201765,0.7551274625646384,0.0009026717125888771,0.23389949550470665,0.004255804363256418,0.007208725622873879,0.9909367771608288,0.0031508610879445883,0.0029067399578749944,0.0006014421315034959,3.8043478260869565,0.4219549535376276,0.036781416891370225,0.43643322252550676,0.12364073163747202,0.15374560277563326,0.23639692603675422
OR007@6_3,数据集/数据集/源域数据集/48kHz_DE_data/OR/Centered/0007/OR007@6_3.mat,1,OR,48k_DE,1725.0,0.9950652128669335,0.9950652128669335,4.916877667592991,9.788067575521218,0.6229363914532093,0.9901547778579156,0.07374351896777148,7.39438073528506,4.940186936125945,7.8913704475719335,0.2030153207593237,3179.6914045719936,358.59349688352364,0.5526139545187234,0.0754791053295306,2.84206485415908,5.396376129948871,0.4257685205326152,0.23533092604083242,0.0003125,0.835561125976879,0.0005794872924557761,0.7552349791819841,0.0010360233790275336,0.23359525782938814,0.004158464155258551,0.007209171904574728,0.9908828332296831,0.00331283395714699,0.0028759372448495086,0.0006349791308202767,3.8043478260869565,0.4257685205326152,0.037256754465810095,0.43397236895103475,0.12464207323599151,0.15502218553399008,0.23626938392771332
OR007@6_3,数据集/数据集/源域数据集/48kHz_DE_data/OR/Centered/0007/OR007@6_3.mat,2,OR,48k_DE,1725.0,0.9907717524190676,0.9907717524190676,4.881413565994015,9.756756568707598,0.6213951247669673,0.9816286653915501,0.06711328309029857,7.332499563682059,4.925599707070876,7.853558592126516,0.2020386986510407,3184.117601375964,356.31214995586146,0.5506871828118639,0.07954255683437605,2.8573704438573246,5.3410160810661065,0.42269504446314415,0.23940571572079283,0.0003125,0.8362665446003501,0.0005886104576157025,0.7558876479255445,0.0009721053514593356,0.23308060123705138,0.004008664143395357,0.007080349904510265,0.9910729206783354,0.003309409983091412,0.0029025261127337,0.0006295436476426269,3.8043478260869565,0.42269504446314415,0.035402796926314636,0.43809402589851687,0.12447241598226665,0.15338447864360247,0.23599901854261854
OR007@6_3,数据集/数据集/源域数据集/48kHz_DE_data/OR/Centered/0007/OR007@6_3.mat,3,OR,48k_DE,1725.0,0.9930337268861705,0.9930337268861705,5.093644485797003,9.965853250841484,0.6221602531116277,0.9861159827334375,0.08600725983028551,7.354300362230982,5.132384198754899,8.19199075582863,0.20148934871513155,3179.536198042079,357.3117363952517,0.5514834932043746,0.07863321236691205,2.878038361343279,5.353957207540367,0.4223867318945381,0.2404968351637814,0.0003125,0.8364817545018756,0.0005617993178558827,0.7558411424947287,0.0009215604721157485,0.23301828209654898,0.004055412806491999,0.007307923149523821,0.9910362920033892,0.0031844322580036515,0.0029679068731708487,0.0006363459813105481,3.8043478260869565,0.4223867318945381,0.038726410716308945,0.4381668623556906,0.12559229526738278,0.1485413389494405,0.23590236766927059
OR007@6_3,数据集/数据集/源域数据集/48kHz_DE_data/OR/Centered/0007/OR007@6_3.mat,4,OR,48k_DE,1725.0,0.99295554736828,0.99295554736828,5.093819114707371,9.965853061581969,0.6194290750821789,0.9859607190494405,0.08643287578045972,7.426875682783172,5.131434331960438,8.225814470968407,0.20216077641457608,3179.7630814800345,357.7206356015727,0.5487643960022658,0.07969435798048245,2.9163378240139126,5.380164663781087,0.42434768321643035,0.2364133649655532,0.0003125,0.835516032048937,0.0006173399593363173,0.7559715126275348,0.0010774593091405812,0.23308836514000508,0.004049548166464223,0.007038775441130576,0.9908866887048022,0.003299950058955949,0.002946246168681168,0.0005893050118521128,3.8043478260869565,0.42434768321643035,0.03669131545646313,0.4375166237895207,0.12828103999134438,0.1488325599971375,0.23572218555884172
OR007@6_3,数据集/数据集/源域数据集/48kHz_DE_data/OR/Centered/0007/OR007@6_3.mat,5,OR,48k_DE,1725.0,0.9938037515202712,0.9938037515202712,4.939002436976068,9.748751360808686,0.6185859598700401,0.9876458965357651,0.0793939244665974,7.445961350122357,4.970481176918559,7.985454017943053,0.20222181529634378,3182.935255294028,358.41149408516986,0.548302357682704,0.07980292246147784,2.9228736572575933,5.36029958950275,0.4253351324021715,0.2362212564104744,0.0003125,0.8348871766730517,0.0006550370078208998,0.7586450890074455,0.0010278028438969764,0.23056270452359726,0.004195554645473497,0.006873275491074358,0.990716058992414,0.0033058928020418296,0.0029610519932679762,0.0006010673488567776,3.8043478260869565,0.4253351324021715,0.03871491653565686,0.4352215494325903,0.13019111666838012,0.14986235938710313,0.2331287568313454
OR007@6_3,数据集/数据集/源域数据集/48kHz_DE_data/OR/Centered/0007/OR007@6_3.mat,6,OR,48k_DE,1725.0,0.9994137276179432,0.9994137276179432,5.10971192170814,10.017401938254945,0.6233046024587028,0.9988277989511924,0.09528477079454378,7.494202168116832,5.1136138024872935,8.19924343435743,0.20264908746871757,3176.5028137493896,359.9427730032958,0.5470360708648776,0.08262705974396671,2.902777201544635,5.444079993653472,0.42827781955789346,0.23258457450952832,0.0003125,0.8357799803911974,0.000629375507070493,0.75886257272407,0.0010128928125697364,0.2303816457546629,0.004228495014916168,0.006846027206149187,0.9908305052558115,0.003283708621096469,0.0028442512969137647,0.0006131764915407172,3.8043478260869565,0.42827781955789346,0.042662876852397724,0.43083294137591815,0.13058414025104392,0.14880213156687502,0.23329873649034516
OR007@6_3,数据集/数据集/源域数据集/48kHz_DE_data/OR/Centered/0007/OR007@6_3.mat,7,OR,48k_DE,1725.0,0.9929147532901499,0.9929147532901499,5.109484176154868,10.052848015648383,0.6203205192639413,0.9858797073012393,0.09501090375753221,7.455142732410733,5.149649993430662,8.243052084627278,0.20197765976927304,3181.6524778902,358.6639413130981,0.5473513037462767,0.08263105653078395,2.9217212312902014,5.437246785761052,0.42558326783190936,0.2345630661795756,0.0003125,0.8330643766991753,0.0006037940062241616,0.7587834992305864,0.0010301826431572017,0.23057482584519146,0.004075678494917385,0.006620695697120175,0.990901415405113,0.003382058232989672,0.0029331999507658233,0.0006263797828063523,3.8043478260869565,0.42558326783190936,0.040604865757692385,0.43712090368894296,0.12695303667474556,0.1484443940102096,0.2334303554620915
OR007@6_3,数据集/数据集/源域数据集/48kHz_DE_data/OR/Centered/0007/OR007@6_3.mat,8,OR,48k_DE,1725.0,1.0068978139407203,1.0068978139407203,5.039819895375235,9.982329900002508,0.6279085519790139,1.0138432077186015,0.07776011095732752,7.364795406225849,5.010815366837321,8.035757516657801,0.20155038759689922,3183.087175304887,355.47860758821423,0.5424450291319354,0.0868891362193875,2.984621451443074,5.3032560711541405,0.42238451061887805,0.24189648709090367,0.0003125,0.8366891941469691,0.0006057608767338638,0.7608111418360889,0.0009515557954669191,0.22891478561049736,0.003955292211559858,0.006409578607097934,0.9911270539230917,0.0032585335630240927,0.0029289975590203864,0.000593807288396794,3.8043478260869565,0.42238451061887805,0.04259333887745405,0.4423419237014856,0.12501160530966135,0.14610794693334617,0.23178864706205868
OR007@6_3,数据集/数据集/源域数据集/48kHz_DE_data/OR/Centered/0007/OR007@6_3.mat,9,OR,48k_DE,1725.0,0.9963113016619449,0.9963113016619449,4.990697250764666,9.950715734288934,0.622875113132723,0.992636209819319,0.07074678099843075,7.390661556727013,5.0107009588079,8.01483604197247,0.20240493194164683,3182.754487068037,357.34361682610864,0.5423976748761369,0.09163297485342164,2.914065261244923,5.381905165673478,0.4224752511662882,0.23934991493997246,0.0003125,0.8350582927426506,0.0005978535908890994,0.7583485850398908,0.0008876842029752498,0.2308657651318654,0.004133403973574721,0.006873633172603837,0.9909758661372282,0.0032740909560012195,0.0029423619387378233,0.0006263023441545587,3.8043478260869565,0.4224752511662882,0.03826543404197143,0.4422861012486026,0.12628341136331278,0.14682089834775636,0.2337237207605307
OR007@6_3,数据集/数据集/源域数据集/48kHz_DE_data/OR/Centered/0007/OR007@6_3.mat,10,OR,48k_DE,1725.0,0.9939516660312137,0.9939516660312137,4.990863967342757,9.951847894272134,0.6213751118540985,0.9879399144062253,0.07846586758646298,7.427508122454292,5.022937048007704,8.034732729070512,0.2030153207593237,3185.974510793636,355.6092437771681,0.539475760437126,0.08917523688938422,2.9193847352878386,5.4253591427486265,0.4267322965091708,0.23370750343905006,0.0003125,0.8367215933934509,0.0005573180178350211,0.7616018857512392,0.0009276957321148963,0.22797445126894028,0.004155519507311573,0.006588754903164819,0.9910017777239668,0.00321593992222959,0.0029067993393615023,0.0006077742994868126,3.8043478260869565,0.4267322965091708,0.042541783611087416,0.4357766663735302,0.12915815868928426,0.14944003381293308,0.23101517539815405
OR007@6_3,数据集/数据集/源域数据集/48kHz_DE_data/OR/Centered/0007/OR007@6_3.mat,11,OR,48k_DE,1725.0,1.000213910847593,1.000213910847593,5.008869483048436,9.954230904918042,0.6250335204422355,1.0004278674530365,0.07413843097442155,7.4199336752103555,5.0064102020393495,8.01156792803432,0.2030153207593237,3183.5506630214936,361.4351229424488,0.5389589830962985,0.09145079190686466,2.932302008731194,5.393910600067465,0.42517279029478267,0.23955222113575725,0.0003125,0.8353973530954403,0.0005663046145299709,0.7594733713757448,0.0011173233318984544,0.22953938422687925,0.004314936664015762,0.006827741860791557,0.9905471068286522,0.003498883795621686,0.0029720988064649676,0.0006475806481244929,3.8043478260869565,0.42517279029478267,0.043741596770273776,0.4387589185879354,0.12684209212138756,0.14518288825873985,0.2326177356609787
OR007@6_3,数据集/数据集/源域数据集/48kHz_DE_data/OR/Centered/0007/OR007@6_3.mat,12,OR,48k_DE,1725.0,0.990035180974168,0.990035180974168,5.130310179364333,10.147944242717472,0.6190654278629626,0.9801696595665534,0.06822602992067978,7.4140577167195545,5.182633004357052,8.288289837993222,0.20325947628639443,3181.439855458392,362.67128236893825,0.5430992058389515,0.08941166870068759,2.8821539645640604,5.392479042131579,0.42442589180682927,0.237503900650827,0.0003125,0.8357647027046676,0.0006064023447326639,0.7604949656367959,0.0010421446062932487,0.22836315306104962,0.004426229457955128,0.007040407778985853,0.9903332593906916,0.0034067085836117306,0.003095733205910548,0.0006827808740493213,3.8043478260869565,0.42442589180682927,0.0392057887703242,0.4396304551612337,0.12972477263923038,0.1471383797226495,0.23135419000422813
OR007@6_3,数据集/数据集/源域数据集/48kHz_DE_data/OR/Centered/0007/OR007@6_3.mat,13,OR,48k_DE,1725.0,0.998778345520643,0.998778345520643,5.130202605472568,10.147942923678599,0.6247494494434616,0.9975581834809529,0.08355582406874593,7.417750279695817,5.136865809805645,8.21223931668634,0.2025270097051822,3183.291079098891,358.10035535203014,0.5436609022643439,0.08901610694057559,2.904488420967277,5.40100469012242,0.4270010588690734,0.23404490047800766,0.0003125,0.8346617011983113,0.0006582627821581241,0.7597949706019025,0.0009395706038579247,0.22967512517129854,0.0041742594863884664,0.006584977720603507,0.9908209314769507,0.003304111796902379,0.0029566269370057347,0.0006290394127661456,3.8043478260869565,0.4270010588690734,0.04187518376540269,0.4344246270807732,0.12835029155622182,0.1502196757208571,0.23248082526375977
OR014@6_0,数据集/数据集/源域数据集/48kHz_DE_data/OR/Centered/0014/OR014@6_0.mat,0,OR,48k_DE,1796.0,0.13623289541296527,0.13623289541296527,0.5528981606257576,1.0697037771709255,0.10782482269523187,0.018559401792599933,0.021140202427196077,3.119527951587607,4.057395437191019,5.126383262671086,0.17231276323017763,2660.549552620638,744.6782615710794,0.6291681133598162,0.048038105650555676,1.4431258474742215,3.317679242601382,0.655642946993943,0.047567376675732395,0.00034375,0.8580031497074164,0.02222621378611647,0.6457164383922716,0.05245944217867427,0.14641537838528026,0.028535788513726013,0.08452403375666992,0.8889651904979876,0.11677891656237946,0.006097210558485119,0.006199737831670653,5.741926503340757,0.655642946993943,0.09844941813780317,0.1282168069378418,0.2174402549343835,0.1891746205088754,0.15374848872175742
OR014@6_0,数据集/数据集/源域数据集/48kHz_DE_data/OR/Centered/0014/OR014@6_0.mat,1,OR,48k_DE,1796.0,0.13765474363381666,0.13765474363381666,0.566323441949778,1.109468419603122,0.10934343839989365,0.01894882844489179,0.004473569636351737,3.0877463575537316,4.110392132390574,5.174728503663866,0.17267899652078375,2655.6398832149357,752.3644063534639,0.6316908232040865,0.04757892145117086,1.4376292231191996,3.3573156430548297,0.6642055322592959,0.05158620446755843,0.00034375,0.8575959450887658,0.02188991114516089,0.6278424684893812,0.055781552130496605,0.14952626381217402,0.028690283216573416,0.0941227455690967,0.8860156542381333,0.12162046754739549,0.005896249933795993,0.006483174588149929,2.0879732739420933,0.6642055322592959,0.06839369823002014,0.13963850932877936,0.2170096321548599,0.18843707989374428,0.15597030837673076
OR014@6_0,数据集/数据集/源域数据集/48kHz_DE_data/OR/Centered/0014/OR014@6_0.mat,2,OR,48k_DE,1796.0,0.13956641732230554,0.13956641732230554,0.5659754080908045,1.1206828089841538,0.1095870478862785,0.01947878484418395,-0.016365063917387984,3.3376427031449505,4.058303035293822,5.168568647630639,0.17414392968320822,2655.9790054370533,748.5772611166781,0.6298082804479835,0.047749653522136754,1.4848290686441514,3.685643869227949,0.6502904864665463,0.05809669221250728,0.00034375,0.8575558301713606,0.023035781958782288,0.6575768057514042,0.052396606204371865,0.13468564435532482,0.029721393851774514,0.08963495292087889,0.8869051187326219,0.11182662500522965,0.006224709075652347,0.005925956303659125,2.0879732739420933,0.6502904864665463,0.07328483359316006,0.16077293794017547,0.24536265493605328,0.16426181411372567,0.14011155776575593
OR014@6_0,数据集/数据集/源域数据集/48kHz_DE_data/OR/Centered/0014/OR014@6_0.mat,3,OR,48k_DE,1796.0,0.13975844431081014,0.13975844431081014,0.5547517302953915,1.0852747055625631,0.10991004795760895,0.01953242275617782,-0.014892619355553768,3.3092283513972425,3.9616761317400244,5.03786484476654,0.17414392968320822,2669.9193965493387,732.9165377852735,0.6289879347565648,0.0530689727942523,1.467734472093683,3.5724145748108405,0.6455552428741913,0.052168247009436605,0.00034375,0.8578977893032839,0.022172061232767912,0.6683848685662165,0.04656870190241271,0.13782146030194786,0.030919995812989595,0.08461042412746438,0.8921741861131206,0.10307289851261449,0.006458250354238614,0.005784673632845388,3.6539532293986636,0.6455552428741913,0.07461691728626406,0.1600472419183063,0.2601680794031899,0.16277375334622102,0.1417378285120589
OR014@6_0,数据集/数据集/源域数据集/48kHz_DE_data/OR/Centered/0014/OR014@6_0.mat,4,OR,48k_DE,1796.0,0.13601325422908025,0.13601325422908025,0.5636082439740225,1.1166592468598942,0.10749039107215508,0.018499605325984415,-0.013417364111267578,3.281244418844123,4.1455038027529625,5.245538173653107,0.17359457974729903,2661.312237473007,760.2041516682995,0.6327865825906525,0.05309019620458565,1.4326894969740904,3.804358781812302,0.6630893821612966,0.04491136287063259,0.00034375,0.8569355603767302,0.026179863256005402,0.6265943830347929,0.04897324665472272,0.16129223281128488,0.03404217669044723,0.0901803911149588,0.8827185532987406,0.11485042429993457,0.006319848251358594,0.006704440968730617,1.56597995545657,0.6630893821612966,0.09694593732965076,0.13949237856157623,0.21022308992490718,0.1671218123394303,0.16447778818945175
OR014@6_0,数据集/数据集/源域数据集/48kHz_DE_data/OR/Centered/0014/OR014@6_0.mat,5,OR,48k_DE,1796.0,0.13303369821332173,0.13303369821332173,0.5642773908983593,1.116661452853417,0.10599232383437747,0.017697964860313158,-0.02073805426858222,3.156390639160677,4.240838250592463,5.322787607538826,0.17353354086553135,2676.28434108643,768.8164999386838,0.635114711771773,0.06279954782271631,1.4107251674266958,3.8460578441626367,0.6735325230530643,0.04192092043821623,0.00034375,0.8547554223772122,0.02552033708092408,0.5898190133851278,0.04877223264180636,0.1855315836657501,0.036570681265341645,0.09880223048113264,0.8807447075619041,0.11826564785609689,0.0064357991002506176,0.007157937605863504,1.56597995545657,0.6735325230530643,0.09851596766452497,0.13892314705839806,0.17913722675024848,0.1537557739505102,0.18948068156855088
OR014@6_0,数据集/数据集/源域数据集/48kHz_DE_data/OR/Centered/0014/OR014@6_0.mat,6,OR,48k_DE,1796.0,0.13392969210659939,0.13392969210659939,0.5279436306241516,1.0204808376972245,0.1070785175256907,0.01793716242776851,-0.013441598260206758,3.017766923909191,3.9434014405578153,4.932264527516444,0.1737776963926021,2707.133996364432,728.4575082444846,0.6276840146816287,0.06735020164731523,1.3952941033809723,3.4144931474625992,0.6675548681763755,0.05189144575662893,0.00034375,0.8536546357686363,0.020850330921555617,0.6139433310052191,0.04273483932735233,0.17091740295707666,0.03415052111492679,0.09998866812867276,0.8937008419371524,0.10829157824696209,0.006724217358698648,0.0064925888117079895,3.6539532293986636,0.6675548681763755,0.071862616907384,0.15317662791853867,0.1905844860284096,0.177096274232926,0.17914406550040213
OR014@6_0,数据集/数据集/源域数据集/48kHz_DE_data/OR/Centered/0014/OR014@6_0.mat,7,OR,48k_DE,1796.0,0.13814146013716136,0.13814146013716136,0.5943632260307923,1.0973300839744988,0.10965322826562857,0.019083063008826943,-0.011062105391858486,3.11109750770041,4.298933528994434,5.415874455940704,0.17530366843679424,2702.88479541922,711.2198155088632,0.6228873226656114,0.05258872124857339,1.4203006063363184,3.4264648524465833,0.6610754934318152,0.04423715043942988,0.00034375,0.8534058183884609,0.021936773608709163,0.6426194258113492,0.040121609651727515,0.15892249085886867,0.029454367094749967,0.08887037399595818,0.9005227816783263,0.10307797465068216,0.0062306625993809265,0.006165855277169109,3.6539532293986636,0.6610754934318152,0.08033695865355757,0.13649669404454504,0.21375414994201908,0.19168715231695166,0.1663662371510191
OR014@6_0,数据集/数据集/源域数据集/48kHz_DE_data/OR/Centered/0014/OR014@6_0.mat,8,OR,48k_DE,1796.0,0.1608377997907194,0.1608377997907194,1.0929888615128434,2.185691309320207,0.12243120487051784,0.025868797841519544,0.03264391980033641,5.444003200778903,6.796127072894111,8.928106876400433,0.17389977415613747,2749.2832027109994,629.8653258963245,0.6007976178373657,0.059449616250408205,1.5600293508407328,10.967244715699803,0.6075511134616807,0.06278110200062798,0.00034375,0.8515298069354162,0.015959661272866577,0.734133349442049,0.03154117032481753,0.14413810035187433,0.020052815123174143,0.052887847484534366,0.9268009575152901,0.06495415382301477,0.004414065240963464,0.003685641053496047,0.5219933184855233,0.6075511134616807,0.17352860664190575,0.13416315897830108,0.23497067465704702,0.15914989441366564,0.15162147771102902
OR014@6_0,数据集/数据集/源域数据集/48kHz_DE_data/OR/Centered/0014/OR014@6_0.mat,9,OR,48k_DE,1796.0,0.17446643953264868,0.17446643953264868,1.0936849002875657,2.186495718038816,0.12856484422828363,0.03043853852319936,0.03638499711929119,6.539553363386712,6.271951181734798,8.511335935296636,0.17219068546664226,2760.712669803196,584.4491099105555,0.5942276033548721,0.06497554041219508,1.673912944624778,11.12975794532645,0.573718541332006,0.09681040459282894,0.00034375,0.851589480707383,0.011265418717989964,0.7852598261604075,0.02929295548284746,0.12064151555004377,0.017804190401336278,0.042583603263184305,0.9367363592540824,0.04860913913086231,0.0038574883426822494,0.0027459043150634215,0.5219933184855233,0.573718541332006,0.20511337580118694,0.16129457074096337,0.24272039524089575,0.13809774426523308,0.12598415727239423
OR014@6_0,数据集/数据集/源域数据集/48kHz_DE_data/OR/Centered/0014/OR014@6_0.mat,10,OR,48k_DE,1796.0,0.15307055022935784,0.15307055022935784,1.086434904776586,2.152521620034808,0.11542407251925671,0.023430593347518364,-0.010941586373269212,6.356917143008781,7.098763953666281,9.414097617151102,0.17335042422022828,2718.0933867523854,666.2346910184202,0.6163450077959681,0.05933781540615083,1.5703609201393454,13.856643275564842,0.6117672040328503,0.09118241250530561,0.00034375,0.8533946413859401,0.015190964226134916,0.7275608858972687,0.039325045950248605,0.13200126431732023,0.02404038346264507,0.06628919053183492,0.9147668885720452,0.0697277065045735,0.00520967666223309,0.004166550684052959,0.5219933184855233,0.6117672040328503,0.1666968151392551,0.15281563187754227,0.21621014382600956,0.15944858578416252,0.1362419304006119
OR014@6_0,数据集/数据集/源域数据集/48kHz_DE_data/OR/Centered/0014/OR014@6_0.mat,11,OR,48k_DE,1796.0,0.13574451066815163,0.13574451066815163,0.5679203811453509,1.0785622670437827,0.10771519206991903,0.018426572176535934,-0.02225135221181673,3.0782297748924585,4.187554757377907,5.277315745193254,0.17499847402795582,2683.205983647946,742.6515968532148,0.6327793808982555,0.052814754574445996,1.437303855190269,3.236052952209849,0.6643556361977696,0.04692803468157372,0.00034375,0.8556313958745694,0.02142941970358075,0.623639501325316,0.04868504367009656,0.1646138049653692,0.02730353981539452,0.0945733071072523,0.8941456334353166,0.11036576039294466,0.006587833795955352,0.006415774197349827,1.56597995545657,0.6643556361977696,0.0891438756897911,0.11734560552320795,0.2065106968374201,0.19758466259794327,0.16988869767026693
OR014@6_0,数据集/数据集/源域数据集/48kHz_DE_data/OR/Centered/0014/OR014@6_0.mat,12,OR,48k_DE,1796.0,0.13781935010214602,0.13781935010214602,0.5678129397850052,1.0878763778515566,0.10965156473215826,0.0189941732625779,0.005312070466204602,3.0606045118444745,4.120720058007921,5.179273198333429,0.17524262955502656,2688.12752716811,712.2562275934913,0.6276119738228421,0.04778820853876377,1.4302950653656268,3.351061205822008,0.6562610414763163,0.04556120513867881,0.00034375,0.8561090094639017,0.021167719241233795,0.6467811851621779,0.04247126223409435,0.16137534386745483,0.02675477301092028,0.08457806142235894,0.9017653166175896,0.10105837766552425,0.0061142319128621525,0.005854806567826143,2.0879732739420933,0.6562610414763163,0.09104191474821043,0.13512878043830923,0.20777527494416637,0.19798201757931697,0.16806182672388295
OR014@6_0,数据集/数据集/源域数据集/48kHz_DE_data/OR/Centered/0014/OR014@6_0.mat,13,OR,48k_DE,1796.0,0.1366164534354127,0.13661645343541273,0.5879492453180111,1.125586825420603,0.10882170893955379,0.01866405534927029,-0.0011399402296063555,3.0763077957027485,4.3076481459108535,5.40798463148428,0.1742660074467436,2674.292675559637,738.1300645532764,0.6283406971603437,0.0533522998699541,1.4218545770074638,3.515398053920821,0.6663728018716691,0.05203997408257948,0.00034375,0.8554921454181305,0.023594789301077848,0.6241616694736215,0.0469425308322206,0.16666950639872774,0.030577729551813183,0.09407345876087837,0.8913362082458969,0.10844870649361482,0.005860098975877961,0.006271393218614154,2.0879732739420933,0.6663728018716691,0.09297261469898273,0.1411949623759916,0.18109560119113985,0.19105211091649268,0.17716066838968525
OR014@6_1,数据集/数据集/源域数据集/48kHz_DE_data/OR/Centered/0014/OR014@6_1.mat,0,OR,48k_DE,1772.0,0.13594811896613498,0.13594811896613498,0.6083876121975742,1.2013094372617827,0.10775010674099483,0.01848189105043039,-0.03960121000217118,3.1938458315833,4.480579862101441,5.653338846282407,0.18220106207654277,2807.9122536468626,744.6201855844315,0.6224458770737623,0.05053976376856988,1.4341447050527019,3.7758455027782314,0.6573979759124133,0.05622604003794075,0.00034375,0.842937242528268,0.025409924087641502,0.6158613979901071,0.029675531646825244,0.223379996024766,0.011560976490562052,0.05018576705598446,0.925300389390609,0.09964216137172548,0.004134413151782685,0.010432979871073588,1.5871896162528216,0.6573979759124133,0.11959034647901785,0.1009983412035986,0.16988192773507893,0.20556072459988617,0.2328773055430339
OR014@6_1,数据集/数据集/源域数据集/48kHz_DE_data/OR/Centered/0014/OR014@6_1.mat,1,OR,48k_DE,1772.0,0.13301569795689136,0.13301569795689136,0.5553935210700687,1.0856744438255097,0.10561241297065638,0.01769317590295895,-0.03443584318397839,3.11371777268978,4.181297705189864,5.266418796867768,0.1823841787218458,2817.327279826822,750.8378150411378,0.6223425038823593,0.055597627548509325,1.4389201402623255,3.418900337644235,0.6606467588660258,0.04258762768311355,0.00034375,0.8417969365344324,0.025849036882926408,0.6147225546071083,0.02978892381796003,0.22052095351963608,0.012314660729498042,0.04992788246170876,0.9235595294327829,0.10378827307194095,0.0044943306711216465,0.01054844002785812,1.5871896162528216,0.6606467588660258,0.11262116553704345,0.09141945171448844,0.1736608292299976,0.21399834856516167,0.23204461712973376
OR014@6_1,数据集/数据集/源域数据集/48kHz_DE_data/OR/Centered/0014/OR014@6_1.mat,2,OR,48k_DE,1772.0,0.1308003197506047,0.1308003197506047,0.485106064687994,0.9457391181057077,0.10398286278203744,0.017108723646860426,-0.0238526313258394,3.058958339096739,3.6975566816458807,4.651744707221463,0.18329976194836112,2824.79352855173,762.1371977761138,0.6298199011204381,0.05608031061537932,1.4382580726136862,3.1905075740528623,0.6643560641542563,0.03606669897493712,0.00034375,0.8413104728587066,0.025980741564827856,0.6113834123546807,0.029943932190752802,0.22336571384993123,0.014211532294887188,0.04906141234926455,0.9213385699430088,0.10490096323353729,0.004399312052391117,0.01073793732958486,1.5871896162528216,0.6643560641542563,0.0862296723905095,0.09179771614698878,0.18861801357441713,0.21439849402526337,0.24052870836294504
OR014@6_1,数据集/数据集/源域数据集/48kHz_DE_data/OR/Centered/0014/OR014@6_1.mat,3,OR,48k_DE,1772.0,0.1351956499722123,0.1351956499722123,0.6227871927723552,1.199253117920605,0.1071521738568327,0.01827786377140895,-0.014696225158090175,3.193776698762794,4.613926560021019,5.821787443804367,0.18452053958371484,2821.129499305906,738.7087163070148,0.6300390599491027,0.051528347509937275,1.4283272610463287,3.836334021682759,0.655260187640485,0.04451925243393248,0.00034375,0.8415101041105169,0.025773788914798895,0.6280445485851718,0.026988210799126774,0.21544418841661098,0.01211977062763923,0.047652238543420954,0.9271180087915184,0.09830266584058434,0.004137098493049381,0.01006822749618641,1.5871896162528216,0.655260187640485,0.09674630894523975,0.1049792654239032,0.18270490101748535,0.2199466980716448,0.22845454223219064
OR014@6_1,数据集/数据集/源域数据集/48kHz_DE_data/OR/Centered/0014/OR014@6_1.mat,4,OR,48k_DE,1772.0,0.13730212737916817,0.13730212737916817,0.6227109818960851,1.1992532379696192,0.10902671413371558,0.01885187418284532,-0.0004921362430717679,3.149854725819722,4.534516152083627,5.7105187015727,0.18397118964780565,2828.853631180462,717.602625736933,0.6213330327227723,0.060644116828464184,1.4189645069053158,3.7636529789416477,0.6499152280992946,0.04023831360395498,0.00034375,0.8407711024715371,0.024193450916486604,0.6359577259368301,0.02559136729145339,0.2158416179560283,0.01079402152510755,0.04616268393143976,0.9318925131751579,0.09176508903857004,0.0038292633843612423,0.009822185832073397,1.5871896162528216,0.6499152280992946,0.10793681364030742,0.10733601311477806,0.15951262056328364,0.23585620037707708,0.22879825527588993
OR014@6_1,数据集/数据集/源域数据集/48kHz_DE_data/OR/Centered/0014/OR014@6_1.mat,5,OR,48k_DE,1772.0,0.13766606120015737,0.13766606120015737,0.5576489106047714,1.0952783903572891,0.11017083590579102,0.018951944406365478,0.01870745343294079,2.968079624538726,4.053398455602251,5.065038229898526,0.18104132332295672,2829.049950081434,727.1298898306575,0.6194720445619291,0.06637523264067297,1.399092711205823,3.2819070498151874,0.6591402072182091,0.041368061932412714,0.00034375,0.8408778897396312,0.02406733981042763,0.6149034427950498,0.027075341078303627,0.2267481651997736,0.011707560974849734,0.05177825215880258,0.9294476821307385,0.09561410028850445,0.003945721294422377,0.010462820071367758,1.5871896162528216,0.6591402072182091,0.10563030161841869,0.09573232671284897,0.14103891260106485,0.2411956050737874,0.2415909422682083
OR014@6_1,数据集/数据集/源域数据集/48kHz_DE_data/OR/Centered/0014/OR014@6_1.mat,6,OR,48k_DE,1772.0,0.13859775965953375,0.13859775965953375,0.5575478469403303,1.0953278290174056,0.11067149487910301,0.019209338982641877,0.030716882559156878,2.977274889079238,4.025430625297057,5.041229656203904,0.18195690654947203,2829.6624757117465,727.1667985934265,0.6197538797186571,0.06570891214835826,1.4077777261749669,3.119952556082463,0.6610340863051483,0.0455435503864534,0.00034375,0.841157315746036,0.023647679059716643,0.6081511919857253,0.02780139362506043,0.23418391842993766,0.01122011969015034,0.0520261083743925,0.9297794213177434,0.09493635612707353,0.003837126886192076,0.01019713804380621,1.5871896162528216,0.6610340863051483,0.09123908393795595,0.08792165436893018,0.15521058584186667,0.25018915390521784,0.24526025510210375
OR014@6_1,数据集/数据集/源域数据集/48kHz_DE_data/OR/Centered/0014/OR014@6_1.mat,7,OR,48k_DE,1772.0,0.13941635547675804,0.13941635547675804,0.534287719902359,1.0678888213483892,0.11087535693767701,0.019436920174421765,0.0258568666509686,3.025861004630397,3.8402484655239375,4.829093066032643,0.18391015076603798,2820.005560193368,722.9626008112779,0.620666661716521,0.0490711647800872,1.4250106003119642,3.0623729782446225,0.6604124409283795,0.04129235753069154,0.00034375,0.8418371868790002,0.022316105439523618,0.6153838458388774,0.02847802483563281,0.22904293769573697,0.011876089455392076,0.05177079918103211,0.9300774829351467,0.09352978900748211,0.003596584401476046,0.009788742908149567,1.5871896162528216,0.6604124409283795,0.08421510804670149,0.09306810722154031,0.15684774787287742,0.2596479081022348,0.2395109191865053
OR014@6_1,数据集/数据集/源域数据集/48kHz_DE_data/OR/Centered/0014/OR014@6_1.mat,8,OR,48k_DE,1772.0,0.13873707375715316,0.13873707375715316,0.588948688452113,1.1496246195613444,0.11007740953676012,0.019247975634697757,0.00840463376762824,3.162790846971591,4.248095242102045,5.354168744404474,0.18384911188427028,2831.1679413786806,720.7414811770299,0.6200010521414016,0.050705775627049206,1.4351455328077851,3.6032822921682803,0.65197767952119,0.0442911069719535,0.00034375,0.8413144697138659,0.02257927056002465,0.6547172756356857,0.02791443889936597,0.19660177623193278,0.011932967450269552,0.04743356727051678,0.9302455318214649,0.09130588752931974,0.003724337295452482,0.009486116423684687,1.5871896162528216,0.65197767952119,0.11505899680330718,0.09249737488313439,0.15823178186812295,0.2585020653214786,0.21104571159076527
OR014@6_1,数据集/数据集/源域数据集/48kHz_DE_data/OR/Centered/0014/OR014@6_1.mat,9,OR,48k_DE,1772.0,0.13528460172291892,0.13528460172291892,0.5888439541134504,1.1496729330455588,0.10714058127190455,0.018301923463328797,-0.010962399573392453,3.2361057535188134,4.354034126506231,5.4977787797239115,0.18311664530305805,2825.3152454812684,745.7514265191118,0.6226885005585598,0.052136332075054206,1.441927630098074,3.8765742081536803,0.6558396607203317,0.0437453610992098,0.00034375,0.8409173032266803,0.024635764686039906,0.6459648013647036,0.03139014233426644,0.19401169896335185,0.012028480090532359,0.05082885082223249,0.9242152646865681,0.0989262923006238,0.004032531160022374,0.009758668696102908,1.0581264108352144,0.6558396607203317,0.1204608003160413,0.08002770389232522,0.1946022819891238,0.21849207191371708,0.20962132264697234
OR014@6_1,数据集/数据集/源域数据集/48kHz_DE_data/OR/Centered/0014/OR014@6_1.mat,10,OR,48k_DE,1772.0,0.13122721320181088,0.13122721320181088,0.5973550993748012,1.0548048862759514,0.10403451606599487,0.017220581484713525,-0.02224969960348719,3.160328349229746,4.547275077286267,5.735988323499619,0.18085820667765368,2809.4979232535047,768.0495344922662,0.6254079896343612,0.060580446868281755,1.4414460373938272,3.570259819182395,0.6618755797744339,0.03850957864397314,0.00034375,0.8425404829747712,0.02679392721456632,0.6298188871354583,0.0331421422488276,0.19750232605687465,0.013048062423647224,0.057787748547626694,0.918952577263077,0.10411453173141541,0.004121361448364511,0.010193192244289705,1.5871896162528216,0.6618755797744339,0.10842833383420274,0.0804489533160554,0.1843963092556013,0.2285264761203217,0.2146527133342434
OR014@6_1,数据集/数据集/源域数据集/48kHz_DE_data/OR/Centered/0014/OR014@6_1.mat,11,OR,48k_DE,1772.0,0.1286083507886061,0.1286083507886061,0.5975108570228345,1.0190829428493937,0.10245165729766248,0.01654010789256516,-0.024674343201181913,3.007998698929404,4.652411788655936,5.840471827735554,0.18110236220472442,2803.4713989204934,772.364523225886,0.6292598362686537,0.06172395773505129,1.4264601539106097,3.1592069505704434,0.6686881991448671,0.03723635034824759,0.00034375,0.8425116707104965,0.02670951165120457,0.5981249187752279,0.033448951789230054,0.22105735683854444,0.013655471926933341,0.06196727104007934,0.9176567982242705,0.10745432965589186,0.004399603160758639,0.010796080066855875,1.0581264108352144,0.6686881991448671,0.10129667086880866,0.08670370551207418,0.1601364693164507,0.22430629617113695,0.23616765630122025
OR014@6_1,数据集/数据集/源域数据集/48kHz_DE_data/OR/Centered/0014/OR014@6_1.mat,12,OR,48k_DE,1772.0,0.13271031959666996,0.13271031959666996,0.5659041648336086,1.0726186742509403,0.10545517555974693,0.017612028927450285,-0.026165142080814274,3.079774423557871,4.272307144632323,5.376895641468702,0.18146859549533054,2832.510197618331,749.8862228188857,0.6268231046815977,0.05503702328298748,1.4262679102295386,3.3183595423324843,0.6594074021996242,0.040270595094309074,0.00034375,0.8410633962845346,0.025548309217824156,0.609620025371349,0.02982282203157707,0.22546778651368587,0.012190529502907652,0.05172230553136911,0.9243471523800982,0.10255688660085172,0.00425491954651224,0.01003700834543385,1.5871896162528216,0.6594074021996242,0.10570538225398693,0.09878128818168246,0.162800342846842,0.21601361519078482,0.24185315524240492
OR014@6_1,数据集/数据集/源域数据集/48kHz_DE_data/OR/Centered/0014/OR014@6_1.mat,13,OR,48k_DE,1772.0,0.13676849415560557,0.13676849415560557,0.5653664544405143,1.100706679736382,0.10831393389350183,0.01870562099359192,-0.026059183632022923,3.1325436841330756,4.1330709392876175,5.218849108540987,0.18085820667765368,2836.4074849983235,725.7126004241327,0.6276845101916191,0.05220809944570601,1.4414531914737492,3.3680911880737856,0.6518584086767745,0.0420724582276067,0.00034375,0.8409542260578308,0.023238089970137443,0.6323107001739613,0.026207106396711023,0.22128918607234865,0.01200267668757116,0.050101241390234565,0.9306096126390621,0.0863504300607611,0.004151229482623906,0.00941708913612702,1.5871896162528216,0.6518584086767745,0.1068318765784162,0.10279835728874027,0.18599035923519514,0.20897462328364022,0.2345782420326263
OR014@6_2,数据集/数据集/源域数据集/48kHz_DE_data/OR/Centered/0014/OR014@6_2.mat,0,OR,48k_DE,1749.0,0.14536011698167917,0.14536011698167917,0.5857648992403623,1.1425123799843422,0.11623915072389737,0.021129563608927454,-0.007746391880116566,2.9689285286170803,4.028285143494599,5.0374848587709105,0.18329976194836112,2827.673666175367,760.1974333791034,0.612530947308261,0.06175056313102098,1.4090109600524243,3.268521670159055,0.6580153708582285,0.03284774115755135,0.00034375,0.8410585171358671,0.020549233392563718,0.6291390309061599,0.033367502788375664,0.20081241369997235,0.01321953802877801,0.055150328223152106,0.9243368639086882,0.10026354820126746,0.0030930953919191028,0.014059403429221106,1.0720411663807892,0.6580153708582285,0.08910104265565058,0.11756276961989605,0.1508829268584783,0.22718412393066956,0.23755921688817325
OR014@6_2,数据集/数据集/源域数据集/48kHz_DE_data/OR/Centered/0014/OR014@6_2.mat,1,OR,48k_DE,1749.0,0.20998619581391162,0.20998619581391162,1.9133905151597606,3.785418575738399,0.14041899521060566,0.044094202432398436,-0.015588464690682508,15.620532460834742,9.116131569908266,13.632804588597008,0.18439846182017947,2867.379645529887,545.0216265810488,0.5915498121572408,0.058662774519660454,1.9234864954349207,25.033904856047133,0.5215423134544888,0.1609128207726975,0.00034375,0.8412736889282425,0.009107566292166826,0.8322959286450005,0.014864296219880209,0.12064962232780789,0.006375687174204464,0.01743078010753174,0.9646212252792332,0.02578002219923946,0.0024933036726730883,0.0036969719137622172,3.752144082332762,0.5215423134544888,0.14540757533527118,0.2920215831380532,0.2272262056640722,0.1352849717066148,0.1296388735335489
OR014@6_2,数据集/数据集/源域数据集/48kHz_DE_data/OR/Centered/0014/OR014@6_2.mat,2,OR,48k_DE,1749.0,0.21071975006655438,0.21071975006655438,1.9132260491582032,3.7854192567345257,0.1408029097989676,0.04440281306811114,-0.03091242465643992,15.431458396668072,9.080131532133217,13.58895091539025,0.18305560642129037,2868.0068059462515,538.2206977553298,0.5912640121671547,0.056368284897986884,1.9351193452801618,24.568290861494106,0.5201522185098384,0.16092314588675746,0.00034375,0.8413529366042074,0.008384137270432052,0.8381654371015991,0.014937744337875676,0.11732328262316624,0.005934351243999342,0.01553057038537919,0.9657502324863672,0.025195119617294898,0.0024924476763868247,0.003638351928726123,3.752144082332762,0.5201522185098384,0.1368354694058433,0.29886770417061564,0.2342330117682543,0.13739357058355664,0.12453714335960983
OR014@6_2,数据集/数据集/源域数据集/48kHz_DE_data/OR/Centered/0014/OR014@6_2.mat,3,OR,48k_DE,1749.0,0.145202092066987,0.145202092066987,0.5560264603661179,1.0926305928286055,0.11500461101728579,0.02108364754062977,-0.03188939021182625,3.104566175167354,3.8340012442157385,4.840835096125392,0.17975950680583533,2816.303432265874,738.2594782374193,0.6082577850254568,0.06146091472730411,1.4529711077275955,3.213698558343845,0.6420953051749243,0.04560399074082741,0.00034375,0.8428315779995038,0.019449877176826565,0.6966837346929841,0.03158478209294145,0.1566402531919157,0.012086883810455813,0.044747184161501474,0.9287515739038463,0.08900211273870112,0.002905360708931536,0.012384071179463683,3.752144082332762,0.6420953051749243,0.09273380690424515,0.1476456992704009,0.17205190843665863,0.25130187906088053,0.1795344135189181
OR014@6_2,数据集/数据集/源域数据集/48kHz_DE_data/OR/Centered/0014/OR014@6_2.mat,4,OR,48k_DE,1749.0,0.1422930328841831,0.1422930328841831,0.5557152637961429,1.0778544476514993,0.1128948280001286,0.02024730720737921,-0.010796703923778732,3.1172447601224236,3.907571232745006,4.925138510256707,0.17994262345113837,2811.5554899814956,748.2034243763861,0.6142743826215813,0.05784918427820539,1.4413784362771127,3.383011726565881,0.6459651370485331,0.05445937490562083,0.00034375,0.8426443575563346,0.021575156207299516,0.6685220250438252,0.03145797513388633,0.1747768470763713,0.01291954940744964,0.05000353383512141,0.9259024153860619,0.09378549822737896,0.0030281481106155567,0.012332013425964296,1.6080617495711835,0.6459651370485331,0.13136992573096548,0.1366928878279935,0.11448259432663425,0.2450907625940109,0.2072699596087215
OR014@6_2,数据集/数据集/源域数据集/48kHz_DE_data/OR/Centered/0014/OR014@6_2.mat,5,OR,48k_DE,1749.0,0.14085297374097522,0.14085297374097522,0.5259877291147276,1.0246454082296284,0.11244102871492345,0.019839560211675857,0.005279383356001923,2.9668344611195,3.7332665656163293,4.676604499963065,0.1820789843130074,2827.4973777353193,754.511679051151,0.6147720291158888,0.06537436709635898,1.4154220031462776,3.146277335019043,0.6563738740574856,0.05696753047794564,0.00034375,0.8408031689552911,0.02156200531364396,0.6317777513253267,0.03227254373453791,0.19813728291191,0.012562264301318475,0.05420686337644306,0.9253152595910086,0.10224659095106463,0.0031934825789353568,0.013103653027600757,1.6080617495711835,0.6563738740574856,0.12235605918167766,0.11531918885273583,0.12472677887471163,0.23372972007664175,0.22536245479057146
OR014@6_2,数据集/数据集/源域数据集/48kHz_DE_data/OR/Centered/0014/OR014@6_2.mat,6,OR,48k_DE,1749.0,0.14777159527924696,0.14777159527924696,0.6332717572133272,1.2346053965087291,0.11696924377717081,0.021836444371373567,0.0015085307774040553,3.279610761509469,4.274933502617593,5.401185583744746,0.18220106207654277,2835.295167013343,731.5302204390387,0.6172968740874111,0.055676344175226045,1.434444708084001,4.060951427080212,0.6453139545786919,0.0590284515362785,0.00034375,0.8407285583989043,0.0190998900649009,0.653374801545616,0.030532994156598152,0.19435664603572392,0.011208336231087213,0.05108539723752153,0.9312171438832509,0.08865963909071575,0.0030916631771533793,0.012054537468924351,1.6080617495711835,0.6453139545786919,0.1273293931895712,0.10559155234495887,0.18769670388825427,0.19967877722814464,0.21320340661059
OR014@6_2,数据集/数据集/源域数据集/48kHz_DE_data/OR/Centered/0014/OR014@6_2.mat,7,OR,48k_DE,1749.0,0.14686680794698734,0.14686680794698734,0.6328279890783278,1.2346081699495561,0.11542230782428559,0.021569859276537266,-0.012114362307401058,3.450360494000109,4.299376091961092,5.471078730440452,0.18165171214063358,2832.5859660055144,734.5845525842057,0.6180605491432053,0.04766650624960735,1.4659829398750484,4.23252886534161,0.6376424447349592,0.06767620166876034,0.00034375,0.8406220122884455,0.01971336801513895,0.6710366146184175,0.029947789959961908,0.1855605096937966,0.011653794762971405,0.048605930532241215,0.9306305961858838,0.08256533589933938,0.0030399128680826614,0.011682881646875745,2.1440823327615783,0.6376424447349592,0.13771809485185346,0.1438239063721487,0.15316541977412462,0.19707798653619626,0.20981994807452048
OR014@6_2,数据集/数据集/源域数据集/48kHz_DE_data/OR/Centered/0014/OR014@6_2.mat,8,OR,48k_DE,1749.0,0.13960057085969085,0.13960057085969085,0.6030693566155256,1.2014134931438551,0.11074846054922764,0.019488319384351565,-0.011553246057919228,3.1458646450168253,4.323454479160125,5.449861070670943,0.18232313984007814,2822.221553606465,786.7484433131276,0.6178421133988159,0.06618010152130775,1.436096937956452,3.6199696325812054,0.6542478631372892,0.058583661423001754,0.00034375,0.8407417048553635,0.021790847873178653,0.6517674637835239,0.03592836378555181,0.17740791600588168,0.01362763260788523,0.0546923824981066,0.919392478990263,0.10082929703758962,0.003253236831738361,0.014587876588966216,2.1440823327615783,0.6542478631372892,0.10168735702517719,0.16944413707858375,0.12379543562274925,0.2198622905111685,0.2028460404652059
OR014@6_2,数据集/数据集/源域数据集/48kHz_DE_data/OR/Centered/0014/OR014@6_2.mat,9,OR,48k_DE,1749.0,0.13932294111066848,0.13932294111066848,0.6022695703490939,1.2014142041882194,0.11087944610112317,0.0194108819197268,0.0007062159998679944,3.095964174545393,4.321370835336952,5.429927515463931,0.18140755661356284,2819.496496788733,768.4862699831878,0.6163806307676708,0.05777683250245595,1.422601932804301,3.5435186135545758,0.6517417006768079,0.05218255755028344,0.00034375,0.8412003825333019,0.020747923727006363,0.6558280221551516,0.034839660148737656,0.18212515100175522,0.011927056606517444,0.053937944109031105,0.923656832584851,0.09335592441840744,0.0030869189498633517,0.014116917585359864,2.1440823327615783,0.6517417006768079,0.07659159379781794,0.17978151623810135,0.14288267973370475,0.21982736218045004,0.20834117242126085
OR014@6_2,数据集/数据集/源域数据集/48kHz_DE_data/OR/Centered/0014/OR014@6_2.mat,10,OR,48k_DE,1749.0,0.13875522792321085,0.13875522792321085,0.5676839045707617,1.1273056078946062,0.11051587771906539,0.01925301327602219,0.02436184005367841,3.0887452172978422,4.091657694879418,5.137171235777284,0.18085820667765368,2818.9838864819967,766.1324420183622,0.6151619846892262,0.06292335676205973,1.4223349818616502,3.4562355077494162,0.6530685169404719,0.0535734071145836,0.00034375,0.8414368113321583,0.020572898203716987,0.6283578623842588,0.035129337485211444,0.20827920265430078,0.012540528920880584,0.05211806409003036,0.9230553729962802,0.0968751084710206,0.0031335186704168423,0.01375756401833911,3.752144082332762,0.6530685169404719,0.0801476154960793,0.17414853448237227,0.13067997332914774,0.20849612821510427,0.23227835711840591
OR014@6_2,数据集/数据集/源域数据集/48kHz_DE_data/OR/Centered/0014/OR014@6_2.mat,11,OR,48k_DE,1749.0,0.14383469916441008,0.14383469916441008,0.5675975911671377,1.059126331257787,0.11402408558053483,0.02068842068371635,-0.0051343995706506955,3.0903068315477844,3.94246304124867,4.973259362089446,0.18085820667765368,2821.819186297843,743.4362671043515,0.6117640493759489,0.05843053019106674,1.4349947600975634,3.153127306968713,0.6463824938556111,0.05084574385469009,0.00034375,0.8416782639478118,0.018637656323355074,0.6533642681807076,0.03485517658508307,0.19520965211670135,0.012072596859860228,0.047471004354588744,0.9265218497615705,0.091509983506591,0.0029307163689951546,0.01189373286235165,3.752144082332762,0.6463824938556111,0.08235724813597424,0.15432782266216397,0.14117890623565485,0.23353253378613803,0.22653311387949346
OR014@6_2,数据集/数据集/源域数据集/48kHz_DE_data/OR/Centered/0014/OR014@6_2.mat,12,OR,48k_DE,1749.0,0.14384233725061307,0.14384233725061307,0.5819060178532248,1.1179556964579098,0.11367274240494551,0.02069061798571911,-0.008150601085461836,3.176649536683516,4.048526681124666,5.123108922712549,0.18214002319477507,2828.363796313475,743.7225562620702,0.6122132501965474,0.05458781645119397,1.4435073176118485,3.2994052940217937,0.6448308638378025,0.04621428395585115,0.00034375,0.84105480199549,0.01889687354604261,0.6662291545268871,0.03382131593182031,0.18463204987257645,0.012495483818982092,0.048788548355959256,0.9268004222578998,0.08813647381153042,0.002996034508743547,0.011685311660165426,3.752144082332762,0.6448308638378025,0.08067050015428627,0.13229515315095255,0.17555950286474648,0.23885864869437504,0.2133276193714244
OR014@6_2,数据集/数据集/源域数据集/48kHz_DE_data/OR/Centered/0014/OR014@6_2.mat,13,OR,48k_DE,1749.0,0.1421291925569615,0.1421291925569615,0.5820464172483756,1.1183103850604417,0.11293832723740485,0.020200707376893837,0.00046052147893414124,3.1077701472569754,4.098206574047582,5.157508458090226,0.1806750900323506,2819.75313825499,769.3871636793039,0.6141709439203831,0.05667730360234535,1.4314498135720755,3.3421866069971133,0.6542246296815755,0.04650305298630002,0.00034375,0.8412674614001825,0.021330682776968278,0.6420121034526733,0.03585202973359893,0.19357885494335456,0.012477836361277906,0.05097439811314207,0.9218515371935246,0.09960398517273526,0.003123703541839914,0.013232409214319375,3.752144082332762,0.6542246296815755,0.07025357992033987,0.1338273168882601,0.15653465612012318,0.2458868921841642,0.21676134651803672
OR014@6_3,数据集/数据集/源域数据集/48kHz_DE_data/OR/Centered/0014/OR014@6_3.mat,0,OR,48k_DE,1723.0,0.15046691520639546,0.15046691520639546,0.6876855795470297,1.3654356405627124,0.12003287832424059,0.0226402925717286,0.0019351252670214976,3.04233376632675,4.566580264916512,5.72449712021882,0.18049197338704756,2772.0409261965715,788.794796026115,0.6079872701891681,0.09531403636339525,1.4124113557241893,3.5179949660337915,0.6577258659374906,0.04806167215377296,0.00034375,0.845947476598376,0.015888858342451486,0.6436391842503746,0.03301255416337754,0.1507070237134231,0.044807802664260765,0.09912191967381982,0.8973031436533698,0.09122180488338061,0.002776436889324028,0.014712642275707287,1.0882182240278584,0.6577258659374906,0.1312782002697085,0.14336513140455578,0.12888026736504735,0.19286028230868357,0.18004915080251968
OR014@6_3,数据集/数据集/源域数据集/48kHz_DE_data/OR/Centered/0014/OR014@6_3.mat,1,OR,48k_DE,1723.0,0.1504024424536037,0.1504024424536037,0.6131850612743548,1.2241876885304925,0.12066789444419895,0.02262089469600958,-0.00157859954744409,2.9351355052025383,4.0869666635604025,5.094554158738509,0.1798815845693707,2776.4705292974077,792.1776221581326,0.6110272315971773,0.08801322155828047,1.3883365434845172,3.3292125617403427,0.6665363198821287,0.056762397168189385,0.00034375,0.845289094449307,0.01588815609844511,0.6147205017387123,0.034286157047207735,0.16629360775545665,0.04310149710242601,0.10559190574463508,0.897645140023713,0.09678994711028907,0.0028438789003984465,0.015985042567789605,1.6323273360417876,0.6665363198821287,0.1141088786329813,0.11738025763386761,0.13639774853056477,0.20535067645394245,0.1941675628138004
OR014@6_3,数据集/数据集/源域数据集/48kHz_DE_data/OR/Centered/0014/OR014@6_3.mat,2,OR,48k_DE,1723.0,0.1542211240894325,0.1542211240894325,0.613275107873842,1.2241874517589344,0.12355155823190453,0.023784155115408136,0.02265363534673456,2.9112707724296003,3.983746164782864,4.9728739943449725,0.17914911798815847,2777.617828794707,766.8518627151605,0.6031267993953418,0.08762788154955303,1.378203075498111,3.190196587537694,0.6601920018679848,0.05377029249218908,0.00034375,0.8459075445979618,0.01588148981341344,0.6268404980832387,0.02971981362302336,0.16419908357038965,0.042122951041448385,0.10062432284571682,0.9034777751379567,0.09231745846722653,0.0029198712204511206,0.015434671915484177,1.6323273360417876,0.6601920018679848,0.13902384457995182,0.1115515804397131,0.1368033760234841,0.21413956769305967,0.1757332382010703
OR014@6_3,数据集/数据集/源域数据集/48kHz_DE_data/OR/Centered/0014/OR014@6_3.mat,3,OR,48k_DE,1723.0,0.15146094341663952,0.15146094341663952,0.5901292513261421,1.1641720090611267,0.12071646735529357,0.022940417380658478,0.029938648430998478,2.9710403209799834,3.8949966454274967,4.886994517768721,0.17792834035280475,2777.4741640423667,769.1797926735687,0.6043240391847986,0.09280819491286668,1.4056157273527572,3.137055950976255,0.6564533998655653,0.04943816363204934,0.00034375,0.8463067798898213,0.01514590096389273,0.641491115838565,0.03061958835468052,0.16092026755916208,0.04266332330944173,0.09396218745527771,0.9028404163860444,0.08825013403959907,0.0027731653995629883,0.014812014660151916,1.0882182240278584,0.6564533998655653,0.1330156452674521,0.12984023914521048,0.13580719534881278,0.21499684401484748,0.17587281106290376
OR014@6_3,数据集/数据集/源域数据集/48kHz_DE_data/OR/Centered/0014/OR014@6_3.mat,4,OR,48k_DE,1723.0,0.1523260263802715,0.1523260263802715,0.6603592590954719,1.2494996210259894,0.12139872188274756,0.02320321831280317,0.008226988880798956,3.030531272467044,4.336736113960302,5.441567951546564,0.1781114569981078,2780.410536677767,775.716104446954,0.597966650680173,0.10184744755019474,1.413401542677895,3.368535798402305,0.654496795574992,0.05825018467222955,0.00034375,0.8456362303979383,0.014981937791225102,0.6295213237625104,0.03212856185303887,0.17176118175229826,0.04279824838058275,0.09785338656652678,0.9014560889319486,0.08545988668130923,0.002548887041514847,0.014843337376024335,0.5441091120139292,0.654496795574992,0.15139216344567372,0.11269047951629182,0.1266281654273084,0.19224857433764778,0.19657023832366122
OR014@6_3,数据集/数据集/源域数据集/48kHz_DE_data/OR/Centered/0014/OR014@6_3.mat,5,OR,48k_DE,1723.0,0.15675368522134564,0.15675368522134564,0.6608243285081574,1.2492970715503622,0.12467792832240537,0.024571717830472718,-0.00031985834965358247,3.0442102402402162,4.205206498518836,5.287590041581079,0.17927119575169384,2796.646533565504,753.3840217896792,0.5872458916918925,0.12094661717910583,1.4231710558114805,3.297456369510153,0.6469052315395937,0.05647149106428842,0.00034375,0.84480631388217,0.014421509127731989,0.6478661582035008,0.028261404065743848,0.16148248471530574,0.04110377361272618,0.09553133914068576,0.9077604528473097,0.08046474045476561,0.002614649325511502,0.014120485025707735,1.0882182240278584,0.6469052315395937,0.15014829863450826,0.13905459722396976,0.12162802697020701,0.19285402066598886,0.1857538490514807
OR014@6_3,数据集/数据集/源域数据集/48kHz_DE_data/OR/Centered/0014/OR014@6_3.mat,6,OR,48k_DE,1723.0,0.15488294943763534,0.15488294943763534,0.6236153843816684,1.1967620704124045,0.12346590141728053,0.023988728026501108,0.019715272323268092,3.0389216582666054,4.014047530615346,5.036139665824843,0.177684184825734,2782.371003485281,758.1049426235639,0.5905353414235289,0.121192229664689,1.424111250988242,3.3256592686517767,0.6525022994109587,0.05715508142451066,0.00034375,0.8458853244027663,0.014189732990700468,0.6355466801215981,0.03131129931414558,0.16089540227960278,0.041310776542687826,0.10200629717663823,0.9047485885377116,0.0864569393435036,0.0026758496096321673,0.014529323906832932,3.264654672083575,0.6525022994109587,0.10590642023568733,0.1704275515619396,0.14906331910595172,0.18223175172552583,0.17879833502186693
OR014@6_3,数据集/数据集/源域数据集/48kHz_DE_data/OR/Centered/0014/OR014@6_3.mat,7,OR,48k_DE,1723.0,0.1537550180813477,0.1537550180813477,0.6242313862802032,1.1889929855326138,0.12312213821359796,0.023640605585195557,0.01921271614629231,2.972322320948171,4.056583553948024,5.065926059558338,0.1781114569981078,2779.1345727407406,758.6624460296746,0.5919449538625665,0.11173052832774694,1.4017394642447698,3.272103147194561,0.6553555056934375,0.05693031979733505,0.00034375,0.8458545149726296,0.014379996875861983,0.6420640598762922,0.03131457539093856,0.15455635853881336,0.04191784888606091,0.09891835492193755,0.9042998087056625,0.08930793619411849,0.0023929570153859206,0.014607664400486397,1.6323273360417876,0.6553555056934375,0.13321145570210594,0.12186273540654181,0.1341876400179015,0.2211903333033082,0.17384055860183362
OR014@6_3,数据集/数据集/源域数据集/48kHz_DE_data/OR/Centered/0014/OR014@6_3.mat,8,OR,48k_DE,1723.0,0.1521281274818631,0.1521281274818631,0.63060925471938,1.1955749782660205,0.1215885170038156,0.023142967171137993,0.010838254165258078,2.9325569427021883,4.144892363698457,5.185973300705303,0.17927119575169384,2786.13143868308,777.0393338622542,0.6006675105375459,0.10989098300270306,1.4059142840316092,3.043848869625314,0.656287550078408,0.059898222901501826,0.00034375,0.8449262509438042,0.015933821425763297,0.640665826012301,0.02955607894422331,0.15879962638987377,0.044276488279840216,0.0931306560127199,0.9015790374537413,0.09155337321817696,0.00254165130921184,0.015261569987175688,1.6323273360417876,0.656287550078408,0.1483426335635048,0.11808468466774907,0.11192328810138402,0.21977364824594178,0.18724552676466974
OR014@6_3,数据集/数据集/源域数据集/48kHz_DE_data/OR/Centered/0014/OR014@6_3.mat,9,OR,48k_DE,1723.0,0.15238755863725556,0.15238755863725556,0.6823640696764207,1.3299120007716427,0.12144800569330212,0.023221968027423004,-0.0031589734496881242,3.048311957820712,4.48102109887574,5.622643855604718,0.17878288469755235,2781.5369876583227,771.8469851960242,0.5954362478896571,0.10817916851992365,1.4108337316923605,3.4516652585763277,0.6556788810684704,0.06758025339826686,0.00034375,0.8458437353773756,0.015124323312522107,0.6437724530650538,0.031043384668458143,0.1561886130068433,0.04330880029460854,0.09459876835087493,0.9019834340973132,0.08983953493257775,0.0026242205787782844,0.015060222161273094,1.6323273360417876,0.6556788810684704,0.13542720059448224,0.11840011842470613,0.1652863159192857,0.19023117885856247,0.1800601718033467
OR014@6_3,数据集/数据集/源域数据集/48kHz_DE_data/OR/Centered/0014/OR014@6_3.mat,10,OR,48k_DE,1723.0,0.1528417776669488,0.1528417776669488,0.6824525635385869,1.3301051343899424,0.12128737865309788,0.02336060900039301,-0.02003143485495069,3.1161557905757755,4.471299395225945,5.634767225725468,0.17866080693401698,2773.0112718593296,776.4582424182738,0.5968321190532677,0.1071215688742667,1.4363688986555163,3.469181457932266,0.6474584822056437,0.05927924862453348,0.00034375,0.8461370076413645,0.015000205825439157,0.6652455515178123,0.03230252942607209,0.14244113245395862,0.044376287934549875,0.09456545033356376,0.8994751404935305,0.08267293546422318,0.0027938732857697374,0.014520129621425354,1.6323273360417876,0.6474584822056437,0.15999964773566977,0.1181293669950743,0.17103110113315242,0.18858063543892994,0.15687738363660755
OR014@6_3,数据集/数据集/源域数据集/48kHz_DE_data/OR/Centered/0014/OR014@6_3.mat,11,OR,48k_DE,1723.0,0.15105212633755388,0.15105212633755388,0.5849051419656465,1.1300440636510287,0.11998305433216308,0.02281674487109634,-0.006552747747629691,3.0641437677346954,3.8689749355554244,4.870885041706922,0.17695171824452177,2773.760354565934,780.6036115945265,0.5956976190980487,0.10782927619431637,1.4364981827286043,3.183103453356561,0.6441517437081573,0.05869032331532918,0.00034375,0.8460031857011308,0.016037197362119157,0.682634977327127,0.03184528340894045,0.1286908030653517,0.04366579983569561,0.08923330037128377,0.8994449555242604,0.08414271748986335,0.002780629979198713,0.01466544698307034,1.0882182240278584,0.6441517437081573,0.15651696904837928,0.13929968349515298,0.15156049572042513,0.2091608688441827,0.14135673264052642
OR014@6_3,数据集/数据集/源域数据集/48kHz_DE_data/OR/Centered/0014/OR014@6_3.mat,12,OR,48k_DE,1723.0,0.1482757146396263,0.1482757146396263,0.5923184128720038,1.1705082182083317,0.1182666247951263,0.02198568755189189,0.019811481413118424,3.032783704720506,3.9877514871669053,4.999847594564121,0.17719587377159252,2774.248601605086,792.5204256492212,0.5984655799084093,0.09918083565198478,1.4123600808550585,3.2270021986613258,0.65551325310224,0.04900663989473824,0.00034375,0.8459309701373465,0.016684404764467115,0.6562634822630279,0.03301647341754468,0.13779874173157888,0.04542908839468722,0.0980394968334102,0.8960508801646231,0.09177399079104283,0.002570172280586314,0.01543826245892393,1.0882182240278584,0.65551325310224,0.1271285864765687,0.1428707044864585,0.15060442437161906,0.20580873849366432,0.15623596790058739
OR014@6_3,数据集/数据集/源域数据集/48kHz_DE_data/OR/Centered/0014/OR014@6_3.mat,13,OR,48k_DE,1723.0,0.14909013124096868,0.14909013124096868,0.5922086705648165,1.170507329407358,0.11934315727522696,0.022227867233449265,0.022278258015509797,2.934253499263671,3.9711450408353426,4.9609817856161165,0.1803698956235122,2773.5575720195975,793.3596433185451,0.6025672892221947,0.09936864400127157,1.394208583062565,3.125934252468494,0.664067425731214,0.04653155212455889,0.00034375,0.8454456274632863,0.01602795307008862,0.630159396923075,0.03270960915303779,0.14840551530845097,0.04740957778458819,0.1074583223334407,0.8947840668146583,0.09720586330965827,0.0028593305703259646,0.016112712314713278,1.0882182240278584,0.664067425731214,0.11275662207267596,0.12734611667269324,0.167647621582019,0.18739945018950901,0.1717708344025268
OR021@6_0,数据集/数据集/源域数据集/48kHz_DE_data/OR/Centered/0021/OR021@6_0.mat,0,OR,48k_DE,1796.0,0.6307979813174729,0.6307979813174729,5.328848381042902,10.317395466215366,0.32884557641771706,0.3979060932341989,-0.4359470238773449,18.588918242164027,8.455525003316085,16.22240683041416,0.1588842092412867,2777.217420187383,743.9196401195217,0.6328966535204661,0.04961262504406022,3.91635755859395,15.454154565802112,0.5191265062509973,0.1198378673939419,0.00034375,0.8460635850159666,0.011313212780531268,0.8200713287740333,0.05510600551488348,0.1092533461887383,0.025702525505395927,0.029834883577931424,0.9035293552067514,0.039040910940068035,0.0036490658733015573,0.0017202494363047964,1.0439866369710467,0.5191265062509973,0.25663006265003196,0.2898628070248381,0.2042769600425414,0.05735646327337244,0.1116911327868013
OR021@6_0,数据集/数据集/源域数据集/48kHz_DE_data/OR/Centered/0021/OR021@6_0.mat,1,OR,48k_DE,1796.0,0.6295186350450562,0.6295186350450562,5.505983848547214,10.743508326041898,0.32439668731985727,0.39629371186899076,-0.445686847649707,19.034639985809676,8.750492018692885,16.981874849291966,0.15821278154184215,2786.185512428149,723.9538756443972,0.6310191213749282,0.052136246200267945,4.047621425672722,15.768859590446135,0.5123038579877066,0.1195466972880194,0.00034375,0.8459332951176932,0.009800011937949478,0.8331497234867357,0.0512298309643554,0.10069921315899344,0.025740732754261173,0.0290559261450715,0.9086505985726477,0.03529899879024338,0.003814763971585565,0.0017241803737584394,1.0439866369710467,0.5123038579877066,0.2604429981097238,0.293856690115785,0.2143857228804899,0.05667880120080763,0.10260890849201033
OR021@6_0,数据集/数据集/源域数据集/48kHz_DE_data/OR/Centered/0021/OR021@6_0.mat,2,OR,48k_DE,1796.0,0.6703734021705342,0.6703734021705342,6.303196213529335,11.89995419586661,0.3451065377997198,0.44940049833769674,-0.25444880423199373,19.163060221417247,9.399277249348671,18.25873518903388,0.15662577061588231,2756.6636865183264,744.4945885359733,0.6319063081315979,0.05638274854212291,4.110562693477253,15.93699905123636,0.5044322371973523,0.1377614814864141,0.00034375,0.848578200545729,0.011122520673286434,0.8351862384413781,0.056554130921327606,0.09964408883454653,0.026711796683141123,0.026793303667891104,0.9010012142573877,0.03657280825456952,0.0038519797312920627,0.0017297033744926309,1.0439866369710467,0.5044322371973523,0.27778400912689327,0.2911835699379379,0.19882202920121025,0.05670494109446486,0.10018580998481129
OR021@6_0,数据集/数据集/源域数据集/48kHz_DE_data/OR/Centered/0021/OR021@6_0.mat,3,OR,48k_DE,1796.0,0.6620401366533677,0.6620401366533677,6.3043356812842966,11.97149861226115,0.3395419830394921,0.43829714254000973,-0.13552342746705306,21.185534288427554,9.51664879585983,18.557264101058816,0.15503875968992248,2747.0427148677823,698.7771420699072,0.6244491325263545,0.04875736225963133,3.9994964092075107,18.235967942682603,0.4993308635777317,0.11864809710815843,0.00034375,0.8500675356893879,0.010350909709769596,0.8719126770039558,0.050758233467472554,0.0692034180212798,0.02375786452364302,0.02188631356770639,0.9107518134304878,0.03565939576055026,0.003759652524298858,0.0012803006688217715,1.0439866369710467,0.4993308635777317,0.26249789149417024,0.2993724276275217,0.23485763778448604,0.06350057923945228,0.07046036998201914
OR021@6_0,数据集/数据集/源域数据集/48kHz_DE_data/OR/Centered/0021/OR021@6_0.mat,4,OR,48k_DE,1796.0,0.6694552345217468,0.6694552345217468,6.119835463975381,11.785310123904088,0.3433134575055044,0.44817031102856697,-0.1028279849615316,20.14096214931861,9.135582580010897,17.81584247620548,0.15723615943355918,2787.97191461993,714.3644342811203,0.6346130842925651,0.046709679830418065,4.057059130062457,17.135082450586648,0.5014594735724569,0.11871452231379884,0.00034375,0.847283707753793,0.010716677191958703,0.8640105009906285,0.04856323194932334,0.07753775566334734,0.02405253918337085,0.022556210790710806,0.9118883751450912,0.03446640889853816,0.004085110843666969,0.001363766149169083,1.0439866369710467,0.5014594735724569,0.26101038133020893,0.3067095978725254,0.22396461343503032,0.06404983113594594,0.0784803063356389
OR021@6_0,数据集/数据集/源域数据集/48kHz_DE_data/OR/Centered/0021/OR021@6_0.mat,5,OR,48k_DE,1796.0,0.6574202347620816,0.6574202347620816,6.059432913300782,11.431158731030095,0.3384634514595126,0.43220136507463036,-0.19470781729887807,19.211580595224405,9.212033532038694,17.894468799760265,0.15906732588658976,2774.6387022568624,718.812973153366,0.6273971891917877,0.05413330587704617,4.110704562177372,16.004177195300006,0.4972313883630385,0.13799459642818276,0.00034375,0.8462820880855637,0.009980154199804069,0.8565497395399612,0.051043534588574004,0.08379807105261872,0.02302649285618993,0.024071900794525276,0.9110250236622239,0.03395315454527109,0.0041057739419319535,0.0015662767248403012,1.0439866369710467,0.4972313883630385,0.2913694567626006,0.29321964981197324,0.2032496737311938,0.057170769813446605,0.08446844640364264
OR021@6_0,数据集/数据集/源域数据集/48kHz_DE_data/OR/Centered/0021/OR021@6_0.mat,6,OR,48k_DE,1796.0,0.6365166631148407,0.6365166631148407,5.665740936826662,11.212634931694211,0.3339613929332893,0.4051534624228516,-0.3741885674994535,19.243989326479976,8.893062676619087,16.952849530606372,0.15595434291643778,2784.4454797840417,735.4824500294031,0.6302269209765904,0.04843139650071344,3.870960716307854,16.425294383522353,0.5156359226122417,0.11776328597789867,0.00034375,0.846051946708981,0.010013522277514777,0.827494024110159,0.051465543525744104,0.10711695498126565,0.0236101207171724,0.03031951939029152,0.9095669431788129,0.03310295349922094,0.004263302263790712,0.0018965631264647378,1.0439866369710467,0.5156359226122417,0.2504722460209879,0.29075094270227764,0.22313156011894694,0.052734461496567436,0.1069672735901467
OR021@6_0,数据集/数据集/源域数据集/48kHz_DE_data/OR/Centered/0021/OR021@6_0.mat,7,OR,48k_DE,1796.0,0.6385736968935671,0.6385736968935671,5.666462591140467,11.212634315318795,0.3355577457808878,0.4077763663643173,-0.37514055827053766,18.436505899969948,8.867733073475305,16.877168328565705,0.15552707074406397,2755.964632098033,746.1004650999039,0.630045634851798,0.055777689943905716,3.850118474797109,15.74066042435521,0.5145511550781808,0.11733909816249086,0.00034375,0.8490136232256801,0.012593538917998904,0.8320224177427141,0.05412677632427863,0.10013832992126419,0.025608105888540095,0.03091872694534569,0.9025749233237877,0.035020329179453635,0.004117717048073006,0.001823568202782587,1.0439866369710467,0.5145511550781808,0.2475218399767021,0.29354691860796617,0.22714748422423217,0.058557775168127345,0.10015101550886964
OR021@6_0,数据集/数据集/源域数据集/48kHz_DE_data/OR/Centered/0021/OR021@6_0.mat,8,OR,48k_DE,1796.0,0.7202751368188745,0.7202751368188745,7.6829599563245745,14.729784491419764,0.3576236471035744,0.5187962727194483,-0.024353108573828705,23.453416346604094,10.666320503099683,21.482609423479897,0.15961667582249894,2769.6542367894026,662.3171150654658,0.6184471671227245,0.05746088484156401,4.379036432713802,20.26285503493382,0.4866529351440769,0.13797894496062837,0.00034375,0.8472137675409506,0.009976915972466482,0.8828342839130735,0.04341429586787123,0.07205168132721586,0.020616071076270014,0.016519234262281527,0.9217895217237976,0.027505420699356235,0.003677577308762808,0.0010422255077649246,1.0439866369710467,0.4866529351440769,0.28668667077624804,0.2980346123133672,0.22125838913461915,0.06838729877627574,0.07346538657393539
OR021@6_0,数据集/数据集/源域数据集/48kHz_DE_data/OR/Centered/0021/OR021@6_0.mat,9,OR,48k_DE,1796.0,0.7331346792502792,0.7331346792502792,7.682875300608957,14.72978485848906,0.36618803651986875,0.5374864579194097,0.05195826515453573,23.443546971718366,10.477041577030352,20.976132716659883,0.15900628700482208,2800.574552850554,654.7036158392937,0.6203250379543153,0.04896624995538023,4.248784642095101,20.361973003802724,0.49416570039897545,0.12366336842475366,0.00034375,0.8461638605670673,0.007034980265414843,0.8704846599155965,0.039386799477984,0.08692835676681376,0.019403475136515438,0.01704703149870413,0.9288724140123114,0.02422225641075355,0.004557651938902555,0.0012533006255890941,1.0439866369710467,0.49416570039897545,0.26313830050790243,0.3026106083799813,0.23263430523309223,0.06404365383216816,0.08780955185078165
OR021@6_0,数据集/数据集/源域数据集/48kHz_DE_data/OR/Centered/0021/OR021@6_0.mat,10,OR,48k_DE,1796.0,0.6835734214215513,0.6835734214215513,6.546756092888068,12.599246484684393,0.350618705674663,0.4672726224739658,-0.17361213196647893,20.865765432168836,9.568677596949678,18.65892590433752,0.15772447048770066,2750.650752643374,720.7826466407603,0.6242164970935519,0.04830476039925245,3.918161159352297,17.95846501573667,0.5011383637814286,0.12091818246810931,0.00034375,0.848552858082699,0.01136446581328161,0.8545601608725897,0.050277128462927555,0.08796066961278663,0.024054254218197457,0.024087050470368715,0.9086426049543398,0.03161278754141323,0.004606893755879334,0.001713667294936573,1.0439866369710467,0.5011383637814286,0.26067837499557384,0.30423261534983415,0.2238052501692196,0.058945145840230403,0.08830070100636035
OR021@6_0,数据集/数据集/源域数据集/48kHz_DE_data/OR/Centered/0021/OR021@6_0.mat,11,OR,48k_DE,1796.0,0.6903051527951433,0.6903051527951433,6.547974256632673,12.599244076891054,0.35154244430528825,0.47652120397552605,-0.19969450738749717,21.373006370240546,9.478669811699183,18.615160327433856,0.15839589818714522,2779.9275778824885,728.3457188136755,0.6293048436961407,0.04366767796370508,4.080719065738097,18.340089547417534,0.5022432702026315,0.13738216450398683,0.00034375,0.844311156688555,0.011112486906758317,0.8495716087421106,0.050504274451890915,0.09472985867557775,0.023151895807029508,0.02311389744020518,0.9096978212276989,0.030722239138377388,0.004489576977866742,0.0017948740428225262,1.0439866369710467,0.5022432702026315,0.2831640907699262,0.2865402365626198,0.20392373576107725,0.06641257803151433,0.0968989044617942
OR021@6_0,数据集/数据集/源域数据集/48kHz_DE_data/OR/Centered/0021/OR021@6_0.mat,12,OR,48k_DE,1796.0,0.6713822126570165,0.6713822126570165,6.498798674713017,12.646332388360328,0.34226633894889047,0.45075407547223134,-0.21792409319350822,22.07242357612906,9.672486033424986,18.975778446663416,0.1567478483794177,2806.384864842394,704.2438728121767,0.6282612130321871,0.042657527726759306,4.056727702095006,19.48100096878613,0.5064613909533203,0.11955178092848524,0.00034375,0.8446013294895841,0.007977703604522442,0.8474423163198632,0.04432599264814533,0.10044729173995541,0.022300977071221875,0.022793491744304662,0.9192612074888847,0.02733177405159981,0.004911141489362122,0.0019240269661881986,1.0439866369710467,0.5064613909533203,0.2583785264792225,0.29285191293535434,0.2272879091063295,0.06015558821684936,0.10224347211113094
OR021@6_0,数据集/数据集/源域数据集/48kHz_DE_data/OR/Centered/0021/OR021@6_0.mat,13,OR,48k_DE,1796.0,0.682090824524376,0.682090824524376,6.3348481340935265,12.483130907254726,0.3516446420466147,0.465247892900343,-0.16311656067340416,20.877804421951627,9.28039721768401,18.003648613542193,0.1571140816700238,2762.911824252707,718.6179003188848,0.6267666087980669,0.0443197380273801,3.8898411067492207,18.293635054356855,0.4938063908956185,0.128133836345681,0.00034375,0.8478128572432979,0.010222859932158403,0.8687440409782977,0.04915112919107563,0.07722584524824971,0.025863991265218128,0.02217617766314442,0.9087890006338281,0.030000042781300668,0.004804113863510394,0.0017848688681567427,1.0439866369710467,0.4938063908956185,0.27578655469213137,0.3020664641124437,0.22791595172023857,0.05782634442054449,0.07768068922958543
OR021@6_1,数据集/数据集/源域数据集/48kHz_DE_data/OR/Centered/0021/OR021@6_1.mat,0,OR,48k_DE,1771.0,0.6701482496467579,0.6701482496467579,6.112818120814987,12.10495640505433,0.33417253966786264,0.4490986765046133,-0.15928183324601994,22.206594049343146,9.113751658682503,18.280144303110678,0.16736861380699505,2859.7612929430907,731.7899307365665,0.6339580330323848,0.035701768776267295,4.4203300555518155,18.810831878042258,0.5045813513345845,0.11947149294757071,0.00034375,0.8405482386299136,0.008260593856501935,0.8322519089440672,0.04682979054450531,0.1151487143863392,0.018972417921157652,0.021611267166490172,0.9199361239944912,0.028751267535784605,0.0047334155637442496,0.0021423467282214426,1.0587238848108413,0.5045813513345845,0.2770946256667837,0.30213363675047805,0.19498321802334126,0.04815763320583932,0.11559227974613177
OR021@6_1,数据集/数据集/源域数据集/48kHz_DE_data/OR/Centered/0021/OR021@6_1.mat,1,OR,48k_DE,1771.0,0.632025238991861,0.632025238991861,5.800175733782485,11.429647047324579,0.32188759071136935,0.3994559027227191,-0.29598824837682264,20.617877534894305,9.17008304125973,18.007989530851745,0.16480498077275224,2838.7461742171135,713.8062538678973,0.6301160566244592,0.03691790373974419,4.241238290511249,17.42835193929105,0.5090496229035946,0.11677192761210944,0.00034375,0.8409290025066907,0.007544698026516001,0.8262531366995991,0.04685925638124662,0.11894891031338857,0.01951362873522918,0.023805054345058096,0.9212965719665803,0.028981582938708172,0.003715698968096021,0.0019366254401889176,1.0587238848108413,0.5090496229035946,0.26407532538689776,0.30127631931730453,0.20301682015206307,0.0488502257531882,0.11960591195206033
OR021@6_1,数据集/数据集/源域数据集/48kHz_DE_data/OR/Centered/0021/OR021@6_1.mat,2,OR,48k_DE,1771.0,0.6244638151412333,0.6244638151412333,6.376524811182129,12.42205502039518,0.31847042749373133,0.38995505642074435,-0.3604945742993236,20.65591852136042,10.203792930206276,20.010544787568207,0.16279069767441862,2837.609578347191,756.8321583831764,0.6365056006366097,0.035522304671623164,4.196182479863669,17.632332590581278,0.5140804858901953,0.11568626546762384,0.0003125,0.8383247284010584,0.007731811099943054,0.8165509322910541,0.05378316128344502,0.12351507894336573,0.021610376108923843,0.026863213925158592,0.9112762114173505,0.03061299685594255,0.004263448144719327,0.002349316068638928,1.0587238848108413,0.5140804858901953,0.265164809390732,0.2952031839281812,0.1998169983055925,0.04896188718152383,0.12465692688668406
OR021@6_1,数据集/数据集/源域数据集/48kHz_DE_data/OR/Centered/0021/OR021@6_1.mat,3,OR,48k_DE,1771.0,0.6145938746591537,0.6145938746591537,6.375491404091724,12.422055174975231,0.31423099069609284,0.3777256307685516,-0.3676967277096445,20.586480292429833,10.36294796679358,20.27389249216222,0.1632790087285601,2840.7575554766036,753.8825746302964,0.6364309543175399,0.034332188355459606,4.1906978183665915,17.758715955389572,0.5125993814336756,0.11977439875051635,0.00034375,0.8387467600209376,0.008042264543159894,0.8206928955891826,0.05194011265786126,0.11968617348868969,0.020795756538002457,0.026177394610604823,0.913012024587446,0.031135258123470348,0.004776535738842149,0.002203135643128977,1.0587238848108413,0.5125993814336756,0.26749124636741756,0.29432273889131444,0.20081720832055727,0.04863090992430137,0.12097112432319748
OR021@6_1,数据集/数据集/源域数据集/48kHz_DE_data/OR/Centered/0021/OR021@6_1.mat,4,OR,48k_DE,1771.0,0.6222244541162126,0.6222244541162126,6.49072855695139,12.64426915148756,0.3188463236224439,0.3871632713002188,-0.3006253361513114,22.139459193931508,10.419590222324345,20.341168969198705,0.16688030275285357,2829.1535375251656,744.5348204471567,0.6329463339438838,0.03734394301444517,4.120931980075812,19.727105507896503,0.5069530557735674,0.11645138355293062,0.00034375,0.8401632748244261,0.0076103309442555915,0.8313044523208476,0.05029465714905408,0.11271573301787062,0.020740596877747257,0.024802722558735845,0.9147041821866145,0.029065682790064083,0.00520931972549401,0.0020237151271040284,1.0587238848108413,0.5069530557735674,0.267864437319021,0.3002741428575886,0.20745390693053908,0.0478784029837156,0.11346523280077984
OR021@6_1,数据集/数据集/源域数据集/48kHz_DE_data/OR/Centered/0021/OR021@6_1.mat,5,OR,48k_DE,1771.0,0.6419343561319145,0.6419343561319145,6.490401939757913,12.644269088006238,0.3234978475078395,0.41207971758249573,-0.20674045782436323,22.344702688078197,10.100429072000091,20.048902143943483,0.16742965268876275,2826.5545802564484,711.7691193287448,0.6294380064401982,0.03989813370506294,4.168212472379722,19.332838359670525,0.5026819765013649,0.12379412468564399,0.00034375,0.8411022567516366,0.007168391977268947,0.8401266470148914,0.04615168554814534,0.11050235671157374,0.0200338588002459,0.021504973308708514,0.9210390675994539,0.025977975366506423,0.004481795872786005,0.0017978030221528472,1.0587238848108413,0.5026819765013649,0.27229505836313594,0.2964728464746142,0.21274648786849285,0.051079673752442434,0.11109363236839537
OR021@6_1,数据集/数据集/源域数据集/48kHz_DE_data/OR/Centered/0021/OR021@6_1.mat,6,OR,48k_DE,1771.0,0.6162101132324336,0.6162101132324336,4.937615364094395,9.868736243798612,0.3161052816898861,0.37971490364992866,-0.33787400437023385,19.133696334208718,8.021843790066628,15.641590288124895,0.16584264176280292,2802.9740110848193,709.8486712237586,0.6284355096500761,0.03842252273476335,3.9992632234419667,15.897270612309216,0.5086154539556458,0.11425825581436352,0.00034375,0.8442217433532907,0.007230556979844443,0.8373343178099593,0.0482045010768582,0.10736432514997309,0.022566397464470547,0.024845218396575088,0.9171712011709878,0.028487009925995364,0.003815053896057412,0.0018824631644196426,1.0587238848108413,0.5086154539556458,0.2586819390435693,0.2979933473671646,0.2185837809112108,0.05482390111911924,0.10860548371239019
OR021@6_1,数据集/数据集/源域数据集/48kHz_DE_data/OR/Centered/0021/OR021@6_1.mat,7,OR,48k_DE,1771.0,0.6042585057314114,0.6042585057314114,5.501156213101286,10.684019898474743,0.3112716123811201,0.3651283417487581,-0.5196700662557724,19.463470516574674,9.092827612107335,17.656849570548374,0.16511017518159068,2814.932787670719,765.6850581864834,0.6346774485713582,0.035092789106542614,4.028207421707143,16.348656149700172,0.5190397624271004,0.12077344774363644,0.00034375,0.8420790062032087,0.009826987772517623,0.8093363750015106,0.05507830406724421,0.12283283014169598,0.023281178173142025,0.031606885639027214,0.9062192336385917,0.03372013746325143,0.004219403033860937,0.0024029145774714985,1.0587238848108413,0.5190397624271004,0.27025546103503767,0.2869931225123936,0.1922131771643687,0.04987133304128132,0.1238157161168924
OR021@6_1,数据集/数据集/源域数据集/48kHz_DE_data/OR/Centered/0021/OR021@6_1.mat,8,OR,48k_DE,1771.0,0.5902235124340314,0.5902235124340314,5.501346777308621,10.684629408348489,0.30487034641200683,0.3483637946299652,-0.5337913367933027,19.242573282561846,9.311396676601419,18.031274133658457,0.16419459195507538,2810.4912720644957,737.8379353146466,0.6311584713617501,0.03581001431754542,4.00913676257625,16.366181074042338,0.5118050302974855,0.12320144434503515,0.00034375,0.8437080063854361,0.008495741510696549,0.8222501779213743,0.0518710557331522,0.11490754224479423,0.023705281845209737,0.02840544912454124,0.9106735153491212,0.03247818001220794,0.004095206986304416,0.001873506640964863,1.0587238848108413,0.5118050302974855,0.2661620365897513,0.2961627479645146,0.20292519732863318,0.04701740687928582,0.1167342344319286
OR021@6_1,数据集/数据集/源域数据集/48kHz_DE_data/OR/Centered/0021/OR021@6_1.mat,9,OR,48k_DE,1771.0,0.5939369947190042,0.5939369947190042,5.221140049129873,10.159939883237973,0.30992648224690195,0.3527611536958424,-0.5008680621994445,18.572082774780657,8.79809009630082,16.86339693234216,0.16364524201916622,2755.762338780142,741.4464214160477,0.6247628700077988,0.04131603805319855,3.8783827808565396,15.948654110149155,0.5052251373458375,0.121538465551955,0.00034375,0.8487316805130621,0.008905149250653333,0.8413301707374303,0.05888440781199166,0.09317911091084383,0.023612229271111767,0.025949362133572892,0.903368397407657,0.03755280912161465,0.004137591923342092,0.001894992734148163,3.705533596837945,0.5052251373458375,0.2623431757996126,0.3111494150059627,0.20504690636867776,0.0517018254957594,0.09508125256766531
OR021@6_1,数据集/数据集/源域数据集/48kHz_DE_data/OR/Centered/0021/OR021@6_1.mat,10,OR,48k_DE,1771.0,0.6041635183238653,0.6041635183238653,5.4740743539259995,10.694604111017902,0.3092830013481665,0.3650135568734715,-0.3208264850111575,20.317557637092364,9.055170696711569,17.690481935756438,0.161936153329671,2722.5700314498326,686.9187751482211,0.6120165994429828,0.048555602589006326,4.046139031612875,17.31793006695495,0.4927224985017223,0.11469165104590248,0.00034375,0.8517023496644206,0.008076236767293578,0.8770722108016298,0.05355171400259574,0.0661088750892459,0.023298835454703355,0.02123696194663581,0.9106996598568353,0.03406557206708618,0.003617271072502593,0.0014517999353638852,1.0587238848108413,0.4927224985017223,0.2652994878125766,0.3173225807388625,0.22436617031650832,0.05937566796933172,0.06743024637904818
OR021@6_1,数据集/数据集/源域数据集/48kHz_DE_data/OR/Centered/0021/OR021@6_1.mat,11,OR,48k_DE,1771.0,0.6034079411023756,0.6034079411023756,5.474316730032825,10.59879994356741,0.3074384864049144,0.364101143385408,-0.2592920563662772,19.92947436220844,9.064988362524845,17.794245914206773,0.16315693096502473,2740.8215108698037,702.794494284815,0.6195093840419461,0.048419778378824045,4.154211129970517,16.847033616895768,0.4923169332098506,0.11669679167031863,0.00034375,0.8506579972283422,0.009113286479500275,0.8800425273887184,0.05299262560929954,0.06506261187263805,0.022978791917272604,0.019613021323665963,0.9098800423476058,0.03368850644750218,0.004207166399939531,0.0015221764160817405,3.705533596837945,0.4923169332098506,0.2741348783934587,0.31424078921817744,0.21542997065459607,0.06592640986928021,0.06746165079689509
OR021@6_1,数据集/数据集/源域数据集/48kHz_DE_data/OR/Centered/0021/OR021@6_1.mat,12,OR,48k_DE,1771.0,0.5831299210535072,0.5831299210535072,5.125316970102723,9.997954731941157,0.3047672901017484,0.3400405048278696,-0.3729807826187022,18.659937790078516,8.797816804527654,16.83640276257453,0.16260758102911554,2750.5519201283846,743.4834799059469,0.6272009705499636,0.0432837324558366,3.9137462218022314,16.213796230033832,0.49851297094747504,0.11951810117380815,0.00034375,0.848360309263433,0.00851797102364453,0.870221554374493,0.05994504239220028,0.06486213429849357,0.024463216467624203,0.022938382117050567,0.9013675907166429,0.0400826169100247,0.004705300692330812,0.001814199662892807,1.0587238848108413,0.49851297094747504,0.2679067903612743,0.3100650336663704,0.22070601631707903,0.06157294790068834,0.06721928013824525
OR021@6_1,数据集/数据集/源域数据集/48kHz_DE_data/OR/Centered/0021/OR021@6_1.mat,13,OR,48k_DE,1771.0,0.5844176535101929,0.5844176535101929,4.887075864243335,9.332638659509678,0.3080984724917826,0.34154399373435995,-0.3281804880495813,17.177905845945162,8.369341767913149,15.877339553262539,0.16144784227552952,2775.6153468004827,762.9948234398807,0.6343271765703289,0.03856869317688359,3.879681602134574,14.6554824659831,0.5037095496204802,0.11869165050086306,0.00034375,0.8470990288792697,0.008633479070112996,0.8545310831658501,0.060860631760760654,0.07951945963738327,0.025202428645776473,0.023061626707876714,0.8995595497266903,0.04084037168254168,0.004671464827595709,0.0019572277960606538,3.705533596837945,0.5037095496204802,0.26362676068900226,0.3108630532251487,0.21285658981455355,0.05826844877138864,0.08119840525794784
OR021@6_2,数据集/数据集/源域数据集/48kHz_DE_data/OR/Centered/0021/OR021@6_2.mat,0,OR,48k_DE,1747.0,0.6405872986423431,0.6405872986423431,6.730872240085485,13.220029215388488,0.3313665361230833,0.4103520871818944,-0.309124557457093,20.381613939018,10.499173734723893,20.30028491376931,0.16120368674845878,2856.268324348337,743.7914167352282,0.636973988302127,0.03321950679520537,3.9832812306011043,17.931294214650414,0.509521745632284,0.12211322001631485,0.0003125,0.8369324072592981,0.008190753208062704,0.8332338940285111,0.048839398793044005,0.10661439869787988,0.02452818082277113,0.023941042980550203,0.9131208312312359,0.03389283289432384,0.004062145592565948,0.00222945893677613,1.0732684602175158,0.509521745632284,0.2679980692145702,0.302483079859686,0.18733079514147155,0.06011223152043487,0.11121330836346244
OR021@6_2,数据集/数据集/源域数据集/48kHz_DE_data/OR/Centered/0021/OR021@6_2.mat,1,OR,48k_DE,1747.0,0.6403657738830231,0.6403657738830231,6.866080420159897,13.35461363710883,0.33076542034053297,0.41006832436080304,-0.32881265882681027,22.92563826763819,10.711909874118026,20.744442854476944,0.16572056399926754,2874.3498979104015,727.8313217931766,0.6375666942209143,0.03076736035900735,3.9297167540746902,21.067255138962494,0.510259769941954,0.12039734917838317,0.0003125,0.8371673467031717,0.0074578377170137974,0.8311589932802502,0.0439156985383824,0.11929276854829564,0.023008937317008628,0.020669110579505313,0.9196828712137705,0.02676418509671379,0.004591437810467329,0.002026372691508466,1.0732684602175158,0.510259769941954,0.2650258384012029,0.2932171875308441,0.1919156593077548,0.0657131386460402,0.12371298207788317
OR021@6_2,数据集/数据集/源域数据集/48kHz_DE_data/OR/Centered/0021/OR021@6_2.mat,2,OR,48k_DE,1747.0,0.6310330321226773,0.6310330321226773,6.866766292725584,13.281429176001032,0.32602073543502763,0.39820268762993977,-0.3575149744637424,21.9479305098734,10.869640468887017,21.04754336329948,0.1659036806445706,2847.111728661098,718.1115436572122,0.6337642225897133,0.03652282833496579,3.9386333004750296,19.63884193540507,0.5075722866626137,0.11965814725547357,0.00034375,0.8385958231679412,0.007867618420424832,0.8300272505228531,0.04497560517302725,0.11876815983369662,0.024572820202194912,0.021402473058594572,0.9176896615376116,0.02799285424349215,0.0038399260717733373,0.0017342449256561073,1.0732684602175158,0.5075722866626137,0.2649932356074286,0.3003816408396883,0.19184073637920943,0.06021886485629663,0.1223205021395332
OR021@6_2,数据集/数据集/源域数据集/48kHz_DE_data/OR/Centered/0021/OR021@6_2.mat,3,OR,48k_DE,1747.0,0.6549451307410787,0.6549451307410787,7.192889748391606,13.98924667353609,0.3275519974834761,0.42895312428144877,-0.34342963523798975,23.859516118136202,10.971803956847287,21.94563782123762,0.16419459195507538,2864.69615818965,726.8713621971077,0.6330331926507468,0.034489585462040846,4.15689363529396,20.620366442268555,0.5086553020743689,0.11812734543662812,0.00034375,0.8390898915587688,0.0072288538849374934,0.8199832744325164,0.04424568319653032,0.130856323611863,0.022363219665825884,0.02156662970624405,0.92056444004883,0.025344549435696015,0.004304963412720738,0.0021589954317608627,1.0732684602175158,0.5086553020743689,0.27045450342657185,0.29307091892223036,0.190950491766527,0.05396641356398297,0.13374090969944197
OR021@6_2,数据集/数据集/源域数据集/48kHz_DE_data/OR/Centered/0021/OR021@6_2.mat,4,OR,48k_DE,1747.0,0.6440509914397003,0.6440509914397003,7.19185596557059,13.989246884938503,0.31770881200005374,0.4148016795744609,-0.2651723982436513,27.11569532873077,11.160017208213626,22.626298635589254,0.1641335530733077,2840.077912635844,692.4494214404551,0.6322515566830033,0.03452181175557023,4.173577723405353,23.959430399490742,0.5029401008502906,0.11365695198243132,0.00034375,0.8415308446570741,0.006840930422420862,0.8423561136276241,0.04113735822372182,0.11565190064738846,0.02220917066402565,0.018043894877493017,0.9247890728656959,0.02229097537796768,0.004037509966476892,0.0015891319044888756,1.0732684602175158,0.5029401008502906,0.26769782293860456,0.2931620671974168,0.20602371652996007,0.0633854021673627,0.11960523512627595
OR021@6_2,数据集/数据集/源域数据集/48kHz_DE_data/OR/Centered/0021/OR021@6_2.mat,5,OR,48k_DE,1747.0,0.6075805103830847,0.6075805103830847,6.807480440178704,13.206031324239332,0.31042787919110093,0.3691540765973697,-0.40488936335705034,22.9316865236491,11.197902685511037,21.918943826508738,0.16657510834401515,2825.227712162647,735.2432062334549,0.6336179503274282,0.035079507656215286,4.069917367575646,20.592309718850764,0.5040130163269836,0.12041126277853187,0.00034375,0.8422882553452701,0.008160079900318255,0.8463193895037362,0.0477155889474438,0.10149018618438674,0.024267423724579715,0.02003514991802429,0.91350620325335,0.03010372439892745,0.004971114665028849,0.0019649330085788606,1.0732684602175158,0.5040130163269836,0.28146535092485325,0.2923024236856639,0.19249491271737076,0.06352354350828228,0.1062523444148306
OR021@6_2,数据集/数据集/源域数据集/48kHz_DE_data/OR/Centered/0021/OR021@6_2.mat,6,OR,48k_DE,1747.0,0.5578303644384135,0.5578303644384135,5.1034612300446165,9.4336248269728,0.29841264335507256,0.3111747154894932,-0.6292018529969838,18.706465358169996,9.156617477090707,17.11956160101271,0.16443874748214612,2782.8781316786053,803.9460038286946,0.6372398931088894,0.03667077517739245,3.655883508934198,16.849504890332426,0.5182045138445724,0.12104349378721857,0.00034375,0.841427794805676,0.009820630102493521,0.8160922275923628,0.06251453446471726,0.10918711825541236,0.029990699092639107,0.03079673346053836,0.8907104009862448,0.041001884599826656,0.005269522028841446,0.0028010646777955933,1.0732684602175158,0.5182045138445724,0.27588027447513463,0.2894305959067684,0.18017641316607122,0.05408497830279349,0.11422297793726814
OR021@6_2,数据集/数据集/源域数据集/48kHz_DE_data/OR/Centered/0021/OR021@6_2.mat,7,OR,48k_DE,1747.0,0.5830073900116743,0.5830073900116743,5.762522854542397,11.523061527485815,0.3077757894290183,0.3398976168082245,-0.560656056633269,21.081348130442592,9.887744043377696,18.73253154442125,0.16315693096502473,2801.230719337649,793.0369950524433,0.6380628715049171,0.03745686108169767,3.6898894476445716,19.11065298103181,0.5174097555261974,0.12005823308335299,0.00034375,0.8424441716073413,0.009260145314646475,0.8115420987356706,0.059921259448293886,0.12022477896558259,0.028788878228907706,0.02867997714308947,0.8958573958768773,0.03678059410250162,0.004650306341116959,0.002664163403832202,1.0732684602175158,0.5174097555261974,0.27020697173013825,0.2964725358293253,0.17550074206840263,0.05549999859776801,0.12528419119720594
OR021@6_2,数据集/数据集/源域数据集/48kHz_DE_data/OR/Centered/0021/OR021@6_2.mat,8,OR,48k_DE,1747.0,0.6296310881044566,0.6296310881044566,5.762492629682545,11.523061321155534,0.318706340033723,0.396435307107602,-0.28807423869044063,21.146761419741665,9.154219106901262,18.086435260483032,0.16260758102911554,2771.3589768514166,707.7591658796617,0.6242164247412335,0.03951736936618242,4.178563099971085,17.95382093763587,0.4930088995825286,0.12033301707041953,0.00034375,0.8469322831053743,0.007459994458267276,0.8711631418253575,0.05070999722158309,0.0759576135862154,0.02515226783776815,0.02032031996914295,0.9119535729222272,0.03086496379283845,0.003743113624257093,0.0016318013963802192,1.0732684602175158,0.4930088995825286,0.2827744296748589,0.3086584875597917,0.20275333719057162,0.062039593990434024,0.08109157392901194
OR021@6_2,数据集/数据集/源域数据集/48kHz_DE_data/OR/Centered/0021/OR021@6_2.mat,9,OR,48k_DE,1747.0,0.6021719709775926,0.6021719709775926,5.633349466947775,10.961227151251833,0.3124169970327936,0.3626110826310386,-0.22556883313283432,18.923385681437424,9.352258674032953,18.026524207939314,0.16395043642800464,2772.7101590768752,715.4008411451061,0.6263985778404794,0.04268818683506381,4.039905689485257,16.364852141459888,0.4906794383123233,0.12390347059675151,0.00034375,0.8458391040030068,0.007813249578094358,0.878219024118191,0.05228618038631432,0.06646550189135442,0.02542071338272021,0.02018709423152798,0.9094205383786451,0.03349027277092644,0.0041162854094966405,0.001568105283099983,1.0732684602175158,0.4906794383123233,0.27882798717793883,0.31491146766229206,0.20680099318359313,0.06319190031254737,0.07051870352806125
OR021@6_2,数据集/数据集/源域数据集/48kHz_DE_data/OR/Centered/0021/OR021@6_2.mat,10,OR,48k_DE,1747.0,0.5845629773001948,0.5845629773001948,4.984097386470033,9.684830744225248,0.31293000899284984,0.341713874430068,-0.22766433664114472,16.752271431127674,8.523890558719275,15.923116969714101,0.1641335530733077,2790.177010799368,766.7165142903389,0.635107777105129,0.03575299954556854,3.757277361626455,14.731494759283411,0.49860464961469353,0.1251538062511818,0.00034375,0.8431884109001883,0.008260303890921816,0.8633302825162039,0.05704163376249716,0.07209627354434607,0.02819697149708565,0.022755066905157013,0.8993963285629734,0.039571543187718654,0.005852879925835884,0.002151374551917067,1.0732684602175158,0.49860464961469353,0.2758331495781792,0.3117461023551895,0.19996643548408743,0.06213908988431515,0.07796094214215903
OR021@6_2,数据集/数据集/源域数据集/48kHz_DE_data/OR/Centered/0021/OR021@6_2.mat,11,OR,48k_DE,1747.0,0.5801532813769646,0.5801532813769646,5.088735716090175,10.072520494707554,0.30228483139989637,0.3365778298924595,-0.23746309045366557,18.83257894119511,8.773475626738431,16.838500594946698,0.1615088811572972,2768.2520720715906,770.6789981748559,0.6342872382864447,0.0369247018044451,3.861646531108559,16.331420076922242,0.4978389885615912,0.12025816168914574,0.00034375,0.8450979184391259,0.008592647348656847,0.8676934447301281,0.058848467523346125,0.06576707073921007,0.028525779867107786,0.025159521011292846,0.8968955313130262,0.039187420630801766,0.005836499054726011,0.0021040654530905894,1.0732684602175158,0.4978389885615912,0.2815642349227208,0.30708179286579,0.20511632713658873,0.05936877363457083,0.06951596358789791
OR021@6_2,数据集/数据集/源域数据集/48kHz_DE_data/OR/Centered/0021/OR021@6_2.mat,12,OR,48k_DE,1747.0,0.5972117093887996,0.5972117093887996,5.186276967861605,10.275260719306416,0.30491083439203603,0.35666182583109207,-0.32906825104139004,19.97442237271656,8.680512683913685,17.002657556041314,0.16169199780260027,2817.260978837938,782.6823093263117,0.6403665730771684,0.0365858505250209,4.012410942913382,16.882610088196333,0.505193620623046,0.1161319416113644,0.00034375,0.8411354742668267,0.00830156705514222,0.8452683638702272,0.05545732475866427,0.0914762004438853,0.02566437730935549,0.02613074020560668,0.9031897332512208,0.034718164163647154,0.005765112268452281,0.0023067258590883663,1.0732684602175158,0.505193620623046,0.2755377418784884,0.30441379314975836,0.19564640678603484,0.05440723096541734,0.09350167630922321
OR021@6_2,数据集/数据集/源域数据集/48kHz_DE_data/OR/Centered/0021/OR021@6_2.mat,13,OR,48k_DE,1747.0,0.6112874292280218,0.6112874292280218,5.583917711635613,10.803180701466054,0.31247863845785107,0.37367232113220383,-0.36208545903047035,20.730996534256764,9.126416742185185,17.856950533159875,0.16437770860037845,2864.3314484124526,759.7136114346504,0.6385139720772384,0.03783806552609523,4.038244246525184,17.71684216061195,0.50358978024045,0.12255270411922076,0.0003125,0.8364426022962914,0.006971987383664106,0.8374652548813969,0.04868740689932393,0.10361927102292033,0.022928387316191158,0.02507832851262089,0.9141112930760825,0.031298782489877455,0.005635911437011493,0.002450345805815969,1.0732684602175158,0.50358978024045,0.28201598687872426,0.302544491271823,0.18918176302079948,0.049781430954751106,0.10506226370109825
OR021@6_3,数据集/数据集/源域数据集/48kHz_DE_data/OR/Centered/0021/OR021@6_3.mat,0,OR,48k_DE,1719.0,0.5716472957003782,0.5716472957003782,5.868666025078031,11.700415942500758,0.3050853573760751,0.3267806306815556,-0.4657824502803906,18.941869591152837,10.27510458008503,19.256983021739323,0.1676738082158335,2870.6987885410686,763.666120291981,0.6416007376670029,0.04001240128347899,3.5784656972606363,17.404453637194717,0.5213496403528272,0.11633088757989524,0.0003125,0.8346371526424239,0.00782727703237664,0.8058948898421214,0.0443380320382684,0.1330568152863879,0.03657653632978145,0.028182083486209087,0.9044907386881219,0.030306726823314572,0.00511569665229569,0.002468316898067782,1.0907504363001745,0.5213496403528272,0.27252638361294623,0.28602861193178875,0.1671715688853209,0.06491399448963164,0.13798029100384482
OR021@6_3,数据集/数据集/源域数据集/48kHz_DE_data/OR/Centered/0021/OR021@6_3.mat,1,OR,48k_DE,1719.0,0.5488268639594756,0.5488268639594756,5.86934573788929,11.700413678104645,0.2961216509456982,0.3012109266035927,-0.5265896058024571,19.428007616075227,10.701679919622196,19.83693436655967,0.16688030275285357,2857.928756778881,793.5932408514903,0.6459959498563275,0.03716244272539329,3.4821056225484397,18.30716716534601,0.5216689736802427,0.1191086264608473,0.0003125,0.8356753262671548,0.008145446210385186,0.8050177227086842,0.050410642534632934,0.12671557712028458,0.039229712095687465,0.0299945417993193,0.89505615152905,0.03551136721712522,0.005349939317183478,0.0026449314157411252,1.0907504363001745,0.5216689736802427,0.27386169346964284,0.2910775128548415,0.16523154041107582,0.06146920043403322,0.13067915188103946
OR021@6_3,数据集/数据集/源域数据集/48kHz_DE_data/OR/Centered/0021/OR021@6_3.mat,2,OR,48k_DE,1719.0,0.5804262338978888,0.5804262338978888,6.45735873924631,12.271757775602348,0.30066789608759054,0.3368946129968867,-0.3269949326879276,23.251888188478397,11.120022476122209,21.46824956903267,0.16395043642800464,2805.5668480416803,732.364209078784,0.6384084731487916,0.035191742603607086,3.8110287153611537,21.183643868880623,0.5013642538926666,0.11431449260647955,0.00034375,0.8427490867688125,0.006949421707893916,0.84893264411836,0.04574639396904095,0.09397361730303613,0.036772586209218354,0.024629103367378967,0.9047497685034865,0.030561632320526586,0.004531829208121012,0.0018191521768202298,1.0907504363001745,0.5013642538926666,0.28038210461010943,0.3101146482742865,0.18609966846535203,0.05763663951471336,0.09839821543143326
OR021@6_3,数据集/数据集/源域数据集/48kHz_DE_data/OR/Centered/0021/OR021@6_3.mat,3,OR,48k_DE,1719.0,0.5692653787324796,0.5692653787324796,6.457150631973968,12.27175914921558,0.2903633043039089,0.3240630714234335,-0.2671625720014644,24.754980886628367,11.33631342133026,22.227652096032255,0.16334004761032778,2781.441032347045,708.6868799825614,0.6281948256901536,0.03988356959149541,3.893279154159282,22.392989269066877,0.49547398529343467,0.11498145930919683,0.00034375,0.8458425798122327,0.006970763952486297,0.8610345376259714,0.04466799110755623,0.0844373779542008,0.034645343046368286,0.023171168861536123,0.9083519759965539,0.02967491078387894,0.0042827726770228655,0.0016084288633164245,1.0907504363001745,0.49547398529343467,0.28551264389369213,0.31033614233057655,0.19257809996187397,0.057588886960108006,0.088203569356223
OR021@6_3,数据集/数据集/源域数据集/48kHz_DE_data/OR/Centered/0021/OR021@6_3.mat,4,OR,48k_DE,1719.0,0.5487434946546964,0.5487434946546964,4.4886017485608125,8.811160316954787,0.2939928735819052,0.3011194229258488,-0.3289030391404851,16.504486313945034,8.187166592456048,15.283835099387643,0.16816211926997499,2860.9810084026935,789.0271499270989,0.6431526081250166,0.051030378713463526,3.6995561012381364,14.275667293369647,0.5077658409937885,0.12891389238521977,0.0003125,0.8350183076181785,0.008512823297816975,0.838248500214218,0.04935555767830629,0.09476667419325198,0.03851558864758431,0.02658430703347525,0.8964038005809416,0.03782555469042553,0.0054757597404839,0.002474434649274415,1.0907504363001745,0.5077658409937885,0.28974431392010025,0.30437312391265825,0.1659891781053299,0.06633844990042197,0.09674196338766351
OR021@6_3,数据集/数据集/源域数据集/48kHz_DE_data/OR/Centered/0021/OR021@6_3.mat,5,OR,48k_DE,1719.0,0.5738199812176104,0.5738199812176104,4.719519357284285,9.042964410689136,0.30793641535274385,0.3292693708445787,-0.32173828948192484,16.20030181638109,8.232721909699713,15.343725775926229,0.1685283525605811,2902.246086247828,774.4060554501154,0.6423090520456292,0.04865592983578647,3.7459638515230544,14.005204620367074,0.5086047477233568,0.1251670700463179,0.0003125,0.8315029558538288,0.0075805208449166205,0.8291365661080893,0.04498807854908244,0.106635598277739,0.03502866979391144,0.02536665809758272,0.9049199688525942,0.03620481449225476,0.005749256936089479,0.0025595042118974833,1.0907504363001745,0.5086047477233568,0.28342713121917346,0.30615593413783737,0.16920650429725925,0.059146710863356614,0.108702027191703
OR021@6_3,数据集/数据集/源域数据集/48kHz_DE_data/OR/Centered/0021/OR021@6_3.mat,6,OR,48k_DE,1719.0,0.5769126976478742,0.5769126976478742,5.679950073492369,11.140873677058824,0.3052257322222236,0.3328282607073475,-0.2985334844093816,19.58820868086191,9.835014974690388,18.59380959932757,0.16474394189098457,2826.475533481519,739.0210523766034,0.6400534453989296,0.033144124960779384,3.698470821390333,17.75056768848114,0.4993795019803439,0.11978931155701243,0.0003125,0.8399527642733995,0.006767559614536398,0.8570611129071455,0.04669564411105398,0.08172592683763043,0.03399906356209378,0.02552116617055895,0.9062150960231996,0.033575593079215135,0.005030183621496818,0.0020353487936048014,1.0907504363001745,0.4993795019803439,0.2821740923022992,0.30853083420059574,0.19573496134765528,0.058132693514265366,0.08461660292693113
OR021@6_3,数据集/数据集/源域数据集/48kHz_DE_data/OR/Centered/0021/OR021@6_3.mat,7,OR,48k_DE,1719.0,0.5800347373196746,0.5800347373196746,5.679253843026036,11.140873490969796,0.30868942252524745,0.33644029649750395,-0.236845455468902,18.415535082872537,9.783881575712094,18.386626057848044,0.16230238662027713,2803.3133233264784,735.3983886250642,0.6372132541774381,0.04034138215226516,3.6867240590127563,16.45780321280634,0.49863385497314433,0.125326133480197,0.00034375,0.8427737025254334,0.008088025217986088,0.8606253641207876,0.04801164173502848,0.07866574376029355,0.03470541549482267,0.024409282923131135,0.9036821533214121,0.034429074200136675,0.004366438995132885,0.0017943009736635742,1.0907504363001745,0.49863385497314433,0.290075264965617,0.30562813502866304,0.18725806538006107,0.06533480678348107,0.08170489790063372
OR021@6_3,数据集/数据集/源域数据集/48kHz_DE_data/OR/Centered/0021/OR021@6_3.mat,8,OR,48k_DE,1719.0,0.570510960674279,0.570510960674279,4.546464028300073,8.932991543637872,0.30538386228202463,0.32548275624948875,-0.23308829986876614,16.839362906163934,7.972878472955398,14.895280579908206,0.1607153756943173,2804.3058948661414,762.6626166542682,0.643311431051227,0.0456233607513707,3.6514006507689425,14.64801829811011,0.5095086224032093,0.12099279910714848,0.00034375,0.8423407159978156,0.00837956768526326,0.8379539961481965,0.04984347526766634,0.09500001400770801,0.03926503475149225,0.02920897499547531,0.8959820230574631,0.035627107254080616,0.005147848166260249,0.0021177869572435773,1.0907504363001745,0.5095086224032093,0.2835964178971962,0.3027593238856756,0.17390014053294275,0.06703831807329873,0.09787963586470971
OR021@6_3,数据集/数据集/源域数据集/48kHz_DE_data/OR/Centered/0021/OR021@6_3.mat,9,OR,48k_DE,1719.0,0.5798059824410052,0.5798059824410052,5.362817201806417,10.49714364929976,0.3059343931676272,0.3361749772743793,-0.12328154920455536,18.990991363419813,9.241809509994331,17.517415214708677,0.16175303668436794,2825.4167416463574,704.258911176088,0.6345691878565961,0.03718016912685704,3.709109535419506,16.829533510309993,0.49459660368682384,0.1281584523730694,0.00034375,0.8418478177217535,0.006712035973302811,0.8628489764904301,0.0407042592578273,0.08230024374253514,0.03408784840781428,0.023447814666820836,0.9129061094477436,0.02964731402263661,0.00447744924619988,0.001683768579317712,1.0907504363001745,0.49459660368682384,0.28742891222883493,0.31583793305683566,0.18440855881866555,0.06258965557564361,0.08478646772228007
OR021@6_3,数据集/数据集/源域数据集/48kHz_DE_data/OR/Centered/0021/OR021@6_3.mat,10,OR,48k_DE,1719.0,0.6356124452974171,0.6356124452974171,6.718723268726916,12.855536758706322,0.3249695766374927,0.40400318061696205,-0.013943645980863218,20.603203907942362,10.563827199376647,20.664658033325914,0.16486601965451994,2878.1899780626986,696.520765442243,0.635659108815534,0.04829096171291036,4.100544990112546,17.666416819513195,0.48944154830118497,0.1306181454186439,0.00034375,0.8376175159016835,0.0066619217122545074,0.8683021334970749,0.036124336398418284,0.08220388461555818,0.030715146826091673,0.01983961644429528,0.9209918108000149,0.027894719497647616,0.004403202062610327,0.001690345891056654,1.0907504363001745,0.48944154830118497,0.2982999535092049,0.31842159309082013,0.17540009075472426,0.06392098065309829,0.08369351957560961
OR021@6_3,数据集/数据集/源域数据集/48kHz_DE_data/OR/Centered/0021/OR021@6_3.mat,11,OR,48k_DE,1719.0,0.6321105201838664,0.6321105201838664,6.718794582171717,12.855537379980067,0.3214575720429263,0.3995637097271181,-0.12311241637104363,21.27479811195468,10.618943002183745,20.88648636288123,0.16504913629982298,2874.5800912678183,704.6446145177154,0.6361090638271434,0.04477449501898338,4.112073372841123,18.179695572925908,0.4953792519435509,0.11889309704617136,0.0003125,0.8362248598824187,0.00685518199878652,0.8570784063360595,0.0364844498143274,0.0923362688031071,0.030367508116151878,0.02166275761542034,0.9201687603209874,0.026948301442611285,0.00492732574537928,0.0018995051450252437,1.0907504363001745,0.4953792519435509,0.2951730774478686,0.31016508727490205,0.17746998390719954,0.06217485552850106,0.09311022986781058
OR021@6_3,数据集/数据集/源域数据集/48kHz_DE_data/OR/Centered/0021/OR021@6_3.mat,12,OR,48k_DE,1719.0,0.5910011648757172,0.5910011648757172,5.2790910180724016,10.498520065867972,0.30898414651096395,0.3492823768844546,-0.3230678548269596,19.426653316804433,8.922231257663862,17.070016912522174,0.16553744735396447,2915.948238929056,726.4119131852487,0.6389874316160312,0.046190463876900005,3.8591821188043527,16.86675205205142,0.5113929137465455,0.12112569531799602,0.0003125,0.8319769490553054,0.006645619562552919,0.8184309084257672,0.03665671624150308,0.1256598686587054,0.03212324567555744,0.026842196300645698,0.918341180299591,0.026626443566528914,0.004808782184547695,0.002360657990067548,1.0907504363001745,0.5113929137465455,0.2728151807005776,0.29691531102286056,0.17603225711054293,0.057932784573382266,0.1257293381629113
OR021@6_3,数据集/数据集/源域数据集/48kHz_DE_data/OR/Centered/0021/OR021@6_3.mat,13,OR,48k_DE,1719.0,0.6642854079290305,0.6642854079290305,6.286122625588891,12.39971246856187,0.3372145893789203,0.44127510318743846,-0.0711232200325504,20.210790206458316,9.459707884138451,18.63537288327295,0.16907770249649026,2919.895160227248,707.9629930413583,0.6380603328913014,0.05044644755980734,4.2166043263395885,16.963240056950998,0.4996997994704948,0.13453184241742083,0.0003125,0.8340033414298051,0.006133513016644335,0.8404327640850008,0.03526344559353865,0.10776007384028935,0.02969842911489398,0.022387646326543775,0.9231396596327918,0.027228187354875998,0.0044403611327864965,0.0021202300794205763,1.0907504363001745,0.4996997994704948,0.29140576677593377,0.29937651813134986,0.17722456263627642,0.05825865100707636,0.10776672896409382
OR007@12_0,数据集/数据集/源域数据集/48kHz_DE_data/OR/Opposite/0007/OR007@12_0.mat,0,OR,48k_DE,1796.0,0.22493576063091425,0.22493576063091425,1.4199892496622661,2.7652827133498468,0.16637616439516867,0.05059609641060796,-0.0003577173357044354,5.999124320453886,6.306103998564503,8.52606348573801,0.17487639626442045,2769.064299697114,598.0307848757833,0.5882354840292698,0.08977265383636024,1.6807580930333967,9.593568740959011,0.55618617604279,0.15242804734097115,0.00034375,0.8500098869481578,0.011277227849399109,0.7281975599894522,0.01554231430363147,0.2019388747025662,0.013550538561464707,0.03218852138938917,0.9514188434472258,0.03312202217697407,0.006246437061048412,0.004334875106255639,3.6539532293986636,0.55618617604279,0.11805919945755768,0.29955303354806856,0.18883861963802748,0.10988970392146263,0.2047577933188663
OR007@12_0,数据集/数据集/源域数据集/48kHz_DE_data/OR/Opposite/0007/OR007@12_0.mat,1,OR,48k_DE,1796.0,0.22383324707842242,0.22383324707842242,1.314976076056401,2.5626668568369704,0.1648686695720047,0.0501013224976701,0.0020006411774517083,5.64433384143798,5.87663571849716,7.978418483317094,0.17530366843679424,2782.5389162118186,627.0185672798182,0.5917042086158284,0.08657222645552214,1.7107772665474559,8.01579271492913,0.5716380508207257,0.14258565252500136,0.00034375,0.849304634402892,0.010404315456421835,0.6876944691996304,0.01803796865113239,0.2354072936759911,0.013276848770630055,0.03414101697958178,0.948699777113614,0.037068261477696346,0.00723683927500688,0.0054053919625957755,3.6539532293986636,0.5716380508207257,0.1127624919370742,0.26354493955534203,0.18345140517525213,0.11832564459133722,0.23875351017135166
OR007@12_0,数据集/数据集/源域数据集/48kHz_DE_data/OR/Opposite/0007/OR007@12_0.mat,2,OR,48k_DE,1796.0,0.21694690817437828,0.21694690817437828,1.326804719188508,2.5484106238550677,0.16087023438118353,0.04706596096642213,0.040345221071505726,5.489563701741203,6.120255736395936,8.253853242948674,0.17640236830861258,2761.5909670643123,612.6931472066684,0.5863562258107399,0.09343893971741085,1.6784064772309288,7.95681713149723,0.563022702846281,0.13252336623783798,0.00034375,0.8499583886275124,0.007942771749000387,0.7254892826152525,0.01956874059917493,0.19957526815721163,0.012900605027314981,0.03496578241979413,0.9502431750032302,0.034414351111482645,0.00697302626081646,0.005293039471339022,3.6539532293986636,0.563022702846281,0.12513399184349897,0.28074535793040795,0.20248413125088915,0.10192536077656246,0.2011745734338653
OR007@12_0,数据集/数据集/源域数据集/48kHz_DE_data/OR/Opposite/0007/OR007@12_0.mat,3,OR,48k_DE,1796.0,0.20985356933794763,0.20985356933794763,1.326525587603682,2.5478417357383525,0.1576112528917193,0.04403852056387679,0.0828185306791667,5.157268691520331,6.328374011174691,8.426556608795577,0.17499847402795582,2757.5821124132913,651.7213937114338,0.5934164269229826,0.08452075910850083,1.6280090488015777,7.963862933150311,0.5915874214372839,0.1286564534764256,0.00034375,0.8499179652761181,0.00992638535803277,0.6596218969351985,0.023798837595438303,0.24021928621258623,0.017291415626967472,0.045758596772118236,0.9383565058398825,0.04767748934827938,0.008072136063463919,0.006366394884234871,3.6539532293986636,0.5915874214372839,0.1001801737039692,0.24051888526829965,0.18185308648337795,0.12085385349194382,0.2413699894078304
OR007@12_0,数据集/数据集/源域数据集/48kHz_DE_data/OR/Opposite/0007/OR007@12_0.mat,4,OR,48k_DE,1796.0,0.20031049680846394,0.20031049680846394,0.9895994531487934,1.9623913905530197,0.1518411531452091,0.04012429513165364,0.05188532418520475,4.366645980952785,4.9521472284673145,6.533986991984446,0.17475431850088508,2769.2023766769976,667.0843575237103,0.5978157669017792,0.08835518435904006,1.6204847115862144,5.487827458224955,0.5903076522429237,0.14093812347414816,0.00034375,0.8491034815208504,0.012285473562482956,0.6459726358499674,0.021429134987848045,0.2510748099098886,0.018920075293692485,0.04916262440562359,0.9360476003954226,0.046985368951886784,0.008715480147612071,0.006495950376321725,3.6539532293986636,0.5903076522429237,0.10339353951435176,0.25972253582630545,0.16366494966455256,0.10511982012127974,0.2533861851155371
OR007@12_0,数据集/数据集/源域数据集/48kHz_DE_data/OR/Opposite/0007/OR007@12_0.mat,5,OR,48k_DE,1796.0,0.19852400182834246,0.19852400182834246,1.0369179768593486,2.0428707744180326,0.14996979730537602,0.039411779301939724,0.02165839420832104,4.506661927475233,5.232030223825593,6.926551719856585,0.1759140572544711,2763.4899208574284,666.0414665886296,0.6013554793993793,0.08749088728231973,1.6116631443439409,5.768147240487768,0.5833520821770827,0.1405715921301368,0.00034375,0.8494619942331434,0.01169048505389022,0.6739265070351583,0.021760382743199358,0.22447740459660243,0.017164469345594013,0.04754420113851746,0.9379692268834819,0.04726972081728205,0.008759764397768863,0.0065091240361403995,3.6539532293986636,0.5833520821770827,0.09283784400338313,0.2881411479113804,0.1719488191019792,0.11037809858871768,0.2251797227743736
OR007@12_0,数据集/数据集/源域数据集/48kHz_DE_data/OR/Opposite/0007/OR007@12_0.mat,6,OR,48k_DE,1796.0,0.20019465405791,0.20019465405791,1.1061561669226339,2.1619007754304684,0.14884384977799298,0.04007789951336626,0.03233735111477068,5.159511314569374,5.533605551713268,7.443301317405166,0.17444912409204663,2751.5413266459773,665.3391607903294,0.6010320022819887,0.08705074492380714,1.6490053076412228,6.9937747047948395,0.5818184110618615,0.1354316646384807,0.00034375,0.8509220957032937,0.009728203279488994,0.6873769434969657,0.025342401964079875,0.2132052415689751,0.018138866788068565,0.04604726940319731,0.9354349534469729,0.04692825533231292,0.008745626925000645,0.006153292945404525,3.6539532293986636,0.5818184110618615,0.09180471186771215,0.27423369020475896,0.188197105489078,0.12431104581096031,0.2136973279586577
OR007@12_0,数据集/数据集/源域数据集/48kHz_DE_data/OR/Opposite/0007/OR007@12_0.mat,7,OR,48k_DE,1796.0,0.202991360822539,0.202991360822539,1.1064243762626003,2.1725518349245894,0.15054037984614477,0.041205492568586216,0.00995377701717875,5.4164986959311605,5.45545643397074,7.356474053321488,0.1729231520478545,2753.6166381285175,633.2242220417011,0.5925530366219058,0.08977373565644559,1.66002404068554,7.596651624634511,0.5671128919937724,0.14046707965693564,0.00034375,0.8516021467350645,0.008152902441722346,0.7084156889878305,0.021778917506822787,0.20581172997229766,0.019782531426660418,0.0413417299733444,0.9403477500546342,0.038883420366172164,0.007683997514094175,0.005290306166953992,3.6539532293986636,0.5671128919937724,0.10567438467401881,0.2868037454735748,0.2029010675732319,0.10548503876406345,0.2061990381902897
OR007@12_0,数据集/数据集/源域数据集/48kHz_DE_data/OR/Opposite/0007/OR007@12_0.mat,8,OR,48k_DE,1796.0,0.2120986452045621,0.2120986452045621,1.2439436542648135,2.471927373649037,0.1571601651966129,0.044985835297610716,-0.024362729597302603,5.695902024693031,5.866471177599879,7.917233454049847,0.1732283464566929,2743.133451932031,603.7721930565848,0.590028285458993,0.08663323377048686,1.6624553251466099,8.624602417905303,0.5548993008311695,0.12980480553136228,0.00034375,0.8530778307582715,0.007220408595286702,0.752403524044243,0.020526985282304046,0.17313461196078048,0.017396457048839322,0.03781748443478575,0.9460021503165976,0.031653253636801784,0.006764102840408995,0.004762597125196917,3.6539532293986636,0.5548993008311695,0.12673882153003607,0.3153531235493844,0.19190151007734563,0.10502212254590389,0.17424953013217204
OR007@12_1,数据集/数据集/源域数据集/48kHz_DE_data/OR/Opposite/0007/OR007@12_1.mat,0,OR,48k_DE,1772.0,0.281789198971246,0.281789198971246,2.2461548457965987,4.460340147787886,0.1866422771221477,0.07940515265685646,0.034715351910393995,12.803399547772626,7.968969166733075,12.031481826457913,0.1754257462003296,2749.4004844694246,502.1597780956933,0.5772790165863314,0.07919853170887875,2.033348897943373,17.585509995714617,0.5178358388958197,0.11450713238783793,0.00034375,0.8537911953129743,0.007316335175239083,0.8226894779271873,0.008178397804822941,0.14074325965668755,0.015428446543706096,0.019242956896221873,0.9645155093033239,0.01565526666450317,0.003564065140899747,0.0015007087443323543,3.7034424379232505,0.5178358388958197,0.22742575717041513,0.2968537001126038,0.19543139853955235,0.08493826084747379,0.1423431106690064
OR007@12_1,数据集/数据集/源域数据集/48kHz_DE_data/OR/Opposite/0007/OR007@12_1.mat,1,OR,48k_DE,1772.0,0.2818547345149667,0.2818547345149667,2.1414076187906455,4.2630166159537115,0.18733732788508228,0.07944209136850233,0.04126063139540176,12.42525968278764,7.59823718212197,11.431784064179574,0.1759140572544711,2746.2561901065924,493.3918347595306,0.5762804626739094,0.07836922893948164,2.0106521148545347,17.090184580543873,0.512297433848162,0.11119389097177303,0.00034375,0.8542163601981864,0.006889897437484843,0.8339742292375607,0.008203933659163514,0.13058061870006557,0.014866905793563423,0.018642523432463764,0.9657164429165276,0.015199784257552992,0.003374009982684062,0.001441717259217301,3.7034424379232505,0.512297433848162,0.22916340198132668,0.3010732133683907,0.20556763407763146,0.08070606295195126,0.13166746708486546
OR007@12_1,数据集/数据集/源域数据集/48kHz_DE_data/OR/Opposite/0007/OR007@12_1.mat,2,OR,48k_DE,1772.0,0.2722299358120036,0.2722299358120036,2.141411987913805,4.263017002207494,0.18101498576985683,0.0741091379522076,0.04598806523469444,12.556700148438178,7.870291619127273,11.836458704901201,0.1762802905450772,2747.4281926182643,506.60059488794525,0.584997913823426,0.07631724460159323,2.0095222004476825,17.481296781530972,0.5157000857498947,0.1167453394393872,0.00034375,0.8542644665608959,0.008005240811692323,0.8325081622390398,0.009667497651431482,0.12662687102947243,0.016386788212097804,0.0219374669731346,0.9613197758983318,0.017312407469191615,0.00372688557067235,0.0015293380760323361,3.7034424379232505,0.5157000857498947,0.2315163208471375,0.2903064101377197,0.21121185386827226,0.08092359553694416,0.12586781751513257
OR007@12_1,数据集/数据集/源域数据集/48kHz_DE_data/OR/Opposite/0007/OR007@12_1.mat,3,OR,48k_DE,1772.0,0.26667624778645627,0.26667624778645627,1.9018521852270294,3.745098064200783,0.17771144451297288,0.07111622113346341,0.006120556838825153,11.933534055526696,7.127662281824328,10.696072283821113,0.17750106818043093,2747.4838791304996,505.8366637756232,0.5827433610523753,0.07307242678416877,2.004078651597588,16.311775362647115,0.5155812277656083,0.11796582113354431,0.00034375,0.8529149852057338,0.007977265542854627,0.8406022467743218,0.009330559057179607,0.11991211457103977,0.01532666357670257,0.02089804979035303,0.9626162823726377,0.016740626213724866,0.0036910043764323483,0.0017660586944615818,3.7034424379232505,0.5155812277656083,0.21078375880071445,0.29798894654647606,0.22502162859125718,0.08574820534892603,0.11878663289877428
OR007@12_1,数据集/数据集/源域数据集/48kHz_DE_data/OR/Opposite/0007/OR007@12_1.mat,4,OR,48k_DE,1772.0,0.2636449311101712,0.2636449311101712,1.9018978204516641,3.7450988765793314,0.1774174740282688,0.06950864970008691,0.006738185728164427,10.725247738202114,7.208898386734517,10.712923445442957,0.17359457974729903,2742.9590233035888,520.6507684384004,0.5813041321641699,0.08131802989407168,2.003700184432217,14.428609249970979,0.5214856922207044,0.1227911345607528,0.00034375,0.8540886911597391,0.008105701868204376,0.825032160845212,0.01120940359731783,0.13130212895306007,0.016710390308850773,0.0224659642228909,0.9586210969553808,0.019181238996946678,0.004236281742552105,0.0019307278932059453,3.7034424379232505,0.5214856922207044,0.1951433099514526,0.30379776195824126,0.2239204660374432,0.08582415425212592,0.13077138063216814
OR007@12_1,数据集/数据集/源域数据集/48kHz_DE_data/OR/Opposite/0007/OR007@12_1.mat,5,OR,48k_DE,1772.0,0.2621978686878045,0.2621978686878045,1.7143691218226684,3.416108838216811,0.178647517999636,0.06874772234442716,0.01913118115162009,9.932308361362958,6.534706849518149,9.591042493585267,0.17280107428431912,2735.376374880103,519.0752514387489,0.5817087503508228,0.08606560217350072,1.959087580267894,13.462155987105477,0.5224272385626558,0.12176865215204859,0.00034375,0.8544430486722653,0.008298153963343121,0.8145796656685179,0.01051558662061368,0.1420314283977058,0.01694609755852395,0.021997400906738216,0.9589951625709275,0.0192618317574998,0.004088988110168578,0.0020406417464796348,3.7034424379232505,0.5224272385626558,0.2005483667593264,0.294295845531066,0.224880963149753,0.07539744362165925,0.14197252801109173
OR007@12_1,数据集/数据集/源域数据集/48kHz_DE_data/OR/Opposite/0007/OR007@12_1.mat,6,OR,48k_DE,1772.0,0.26204862867141926,0.26204862867141926,1.7149772699589578,3.4161077359324246,0.17912818763489702,0.06866948378857138,-0.009343594747965174,9.11549848761371,6.545317638880988,9.57522817642444,0.17475431850088508,2737.1402724475333,523.374723215787,0.5839006786793277,0.0819460626619437,1.9496287849827019,11.853136547581029,0.5183641638532721,0.12601663879633387,0.00034375,0.8546994707357087,0.008578507687753685,0.8200591158960234,0.009641320004045977,0.13699680958548605,0.018737112900553056,0.021141816322048458,0.9579824335139188,0.019568921782845538,0.003872211989546118,0.002141573525190291,3.7034424379232505,0.5183641638532721,0.21593694501778615,0.29994745445727267,0.21072710233670827,0.07526915189140763,0.13654031226763605
OR007@12_1,数据集/数据集/源域数据集/48kHz_DE_data/OR/Opposite/0007/OR007@12_1.mat,7,OR,48k_DE,1772.0,0.26201471264934206,0.26201471264934206,1.714571010105789,3.336989658903498,0.17874241065483495,0.0686517096447173,0.00315993186880293,8.552006077374143,6.543893980369343,9.592555700683175,0.1750595129097235,2747.7673832287137,525.8856724278851,0.5918194784404318,0.07059099031429127,1.9886830895284069,10.45380713930256,0.524970206262606,0.13408630820677156,0.00034375,0.8536972857849913,0.009013704132789365,0.8153342611964436,0.009291995131096097,0.13989882495508027,0.018924720314249407,0.022995167382448462,0.9575314702187271,0.019531912552219154,0.0040542363844663434,0.002144599618195993,3.7034424379232505,0.524970206262606,0.18974581256263726,0.29057948734199335,0.2357945863029068,0.08036299673372742,0.13895849720590847
OR007@12_1,数据集/数据集/源域数据集/48kHz_DE_data/OR/Opposite/0007/OR007@12_1.mat,8,OR,48k_DE,1772.0,0.2584740989925372,0.2584740989925372,1.7140347595894732,3.336988728227512,0.1759865101949607,0.06680885985000393,0.018755989392050008,8.847367776712272,6.630512745496128,9.738345759489443,0.17554782396386498,2746.6852729300704,519.5460894018726,0.5873857805609302,0.07131287100786435,1.9949522271592197,10.953639397194886,0.5223772574453976,0.13549185710589728,0.00034375,0.8537013713673982,0.008579202927534979,0.8231300033201565,0.009313887616841092,0.1324577327761145,0.01755161396480195,0.023364166245547012,0.9593264908420316,0.01880306772255027,0.004007650577570687,0.0021560776631655704,3.7034424379232505,0.5223772574453976,0.18354103998068075,0.30223238040656963,0.23618374090822888,0.08322392825524061,0.13293232729135626
OR007@12_1,数据集/数据集/源域数据集/48kHz_DE_data/OR/Opposite/0007/OR007@12_1.mat,9,OR,48k_DE,1772.0,0.2511572015850893,0.2511572015850893,1.5472810616933033,3.083710551323551,0.1736230689809717,0.06307993990805319,0.004805996517405401,8.411353143631139,6.15916198709236,8.9096573499587,0.17487639626442045,2747.0347412308925,539.4368765311267,0.5907494328404327,0.07618838144659554,1.9303626231253492,10.91177929682587,0.5291279311318999,0.13850792557136052,0.00034375,0.8537652261356706,0.009673460112114977,0.8042393912553553,0.010140109444449347,0.14663582867041514,0.018377058447397725,0.024418187121154587,0.9560109664437049,0.022147572157961423,0.004491257012286597,0.0024439526597189783,3.7034424379232505,0.5291279311318999,0.1824070899017142,0.2880781354674273,0.23611127069242827,0.0829625823939344,0.14805913658688563
OR007@12_1,数据集/数据集/源域数据集/48kHz_DE_data/OR/Opposite/0007/OR007@12_1.mat,10,OR,48k_DE,1772.0,0.26050728934289497,0.26050728934289497,1.7219509618906226,3.405623053194953,0.1782816366743562,0.0678640478007828,0.043150461440905404,9.197711393678768,6.614567803854183,9.66552985827316,0.17670756271745103,2742.470081305339,522.8130952728706,0.5824888478259742,0.0853044048541414,1.9598049927339778,12.163274341969213,0.5233643242651158,0.11877025382127827,0.00034375,0.8541132171146669,0.008571305075597172,0.8214074386230656,0.009936643824646837,0.13428589971915872,0.017089356145205046,0.022196056024780923,0.9592794367170454,0.01986064137043297,0.0039064896110398315,0.002146072942332834,3.7034424379232505,0.5233643242651158,0.1886137313527692,0.2904992707482586,0.2456210720614087,0.08126866792864537,0.13471814509778618
OR007@12_1,数据集/数据集/源域数据集/48kHz_DE_data/OR/Opposite/0007/OR007@12_1.mat,11,OR,48k_DE,1772.0,0.26358344126499184,0.26358344126499184,1.8017685164739183,3.5642163078521,0.17906865477236938,0.06947623050909539,0.07062276680916332,9.815902528435624,6.830862265429414,10.055120657973855,0.1763413294268449,2749.281013295741,531.5628203069874,0.5855845929358039,0.08604697814115307,1.9686761550842469,13.073734486158008,0.5300989715184086,0.11954579199977229,0.00034375,0.854230189049512,0.009039507882039837,0.8039778365455326,0.010791336275939055,0.1483267809195906,0.01793170511848732,0.02451075942746986,0.9570767866046077,0.021050291069563923,0.004040542963020005,0.0020356945135962534,3.7034424379232505,0.5300989715184086,0.18758854882156073,0.2880715238219254,0.22689669609512872,0.08877667177767003,0.14873617732663758
OR007@12_1,数据集/数据集/源域数据集/48kHz_DE_data/OR/Opposite/0007/OR007@12_1.mat,12,OR,48k_DE,1772.0,0.26520018808078094,0.26520018808078094,1.9372198672850254,3.849156764042842,0.17833640388396424,0.0703311397580816,0.04499764226178584,11.081923294644636,7.302026523643579,10.858790447911145,0.174571201855582,2746.347437953599,510.362570731426,0.5818373527954653,0.08044310127435672,1.96495060135254,15.138778605651401,0.51961245718292,0.10337518909222622,0.00034375,0.8531530578018814,0.007974850690014,0.8271149528658686,0.009775973276279203,0.13179792655878958,0.016303024177414267,0.0214608043159607,0.9612304660458862,0.017766767143062,0.0036823076502109486,0.0017772933831658039,3.7034424379232505,0.51961245718292,0.20548115554738017,0.2917995343370471,0.235631472998209,0.07953911047446266,0.13173843772646057
OR007@12_1,数据集/数据集/源域数据集/48kHz_DE_data/OR/Opposite/0007/OR007@12_1.mat,13,OR,48k_DE,1772.0,0.2718751730120452,0.2718751730120452,1.954938515988249,3.893184200720797,0.18080423575906357,0.07391610970032952,0.058160073489372105,11.442343646047354,7.200245757119133,10.828340730293762,0.1759750961362388,2747.860818736692,530.1570520090346,0.5844602440526071,0.07627334771687375,2.0141661378508138,15.010970562551176,0.5200302944143347,0.11838848175646192,0.00034375,0.8542871460510549,0.008751027775203798,0.8223053020100775,0.01119946880310182,0.13375121818757787,0.017537502972906807,0.020877920799819163,0.9572734078021723,0.02091116033615882,0.0040762285426981315,0.0020535876628405897,3.7034424379232505,0.5200302944143347,0.20135692383855133,0.2979413962578226,0.23016849838657527,0.07980511991187451,0.13339912786773062
OR007@12_2,数据集/数据集/源域数据集/48kHz_DE_data/OR/Opposite/0007/OR007@12_2.mat,0,OR,48k_DE,1749.0,0.25425727557615074,0.25425727557615074,2.1255464040061267,4.141563399749775,0.17057653461140546,0.06464676218340665,0.05974583806998912,11.392385874953918,8.366965031209565,12.472515982156684,0.1751205517914912,2738.838866337878,579.8242865658287,0.6062533628691197,0.057289667140075946,2.016330720910027,15.776235270303992,0.5329828313841928,0.12612217949409682,0.00034375,0.853814366096822,0.008064878178254681,0.8048097204866281,0.012796559376603686,0.13594379878330579,0.029523070865511848,0.03408646679571141,0.9432446857739109,0.022062326163205588,0.004675344085847503,0.00297502341599415,3.752144082332762,0.5329828313841928,0.1791856842391153,0.31986857521770456,0.20314504286724377,0.08236957008012248,0.13957172771018722
OR007@12_2,数据集/数据集/源域数据集/48kHz_DE_data/OR/Opposite/0007/OR007@12_2.mat,1,OR,48k_DE,1749.0,0.2649382937091919,0.2649382937091919,1.9117488628421786,3.788504427951091,0.17779557324582893,0.07019229947353803,0.06067788240040713,10.666508098949267,7.223560885716785,10.764984436776132,0.174571201855582,2741.5292987879748,546.0232560184909,0.60093141161316,0.0555228424599384,2.0159901618733866,13.993040381567031,0.5211644756695275,0.12709624922481372,0.00034375,0.8540492271196602,0.006637817895342948,0.8168033721854848,0.011182834178437044,0.13127403920851824,0.02470443047411169,0.030834458678207638,0.9519494497003653,0.018420019440269438,0.0040300975910570755,0.0025599213348519215,3.752144082332762,0.5211644756695275,0.1942871003054149,0.33761552205450696,0.1852219846768774,0.07742390046190527,0.135431000877627
OR007@12_2,数据集/数据集/源域数据集/48kHz_DE_data/OR/Opposite/0007/OR007@12_2.mat,2,OR,48k_DE,1749.0,0.27448304223196107,0.27448304223196107,1.9120621884708178,3.7884982706304076,0.18263859610689703,0.07534094047291252,0.03673790382469661,11.091530615355635,6.972985037619566,10.48028625570374,0.17396081303790514,2745.348308111487,528.7906819227296,0.5975963311129755,0.05953965771351759,2.037462642726425,14.259356470675117,0.5167466020544239,0.12070852112890525,0.00034375,0.8541339086859566,0.0062489113750770825,0.8268218042323795,0.009793416011332394,0.12796465224221487,0.02272726738726281,0.0265266965922165,0.9559214662837688,0.016329899358851346,0.003908329015735036,0.0022627812047266277,3.752144082332762,0.5167466020544239,0.20378203488363297,0.32324978079175265,0.20577903776252449,0.07340693504328834,0.13319108774251615
OR007@12_2,数据集/数据集/源域数据集/48kHz_DE_data/OR/Opposite/0007/OR007@12_2.mat,3,OR,48k_DE,1749.0,0.25442023585728024,0.25442023585728024,1.7957519231003893,3.590336675753946,0.17250864568165705,0.06472965641367412,0.05308930371828197,10.898399780701855,7.059169202453506,10.411515739607662,0.17566990172740035,2745.9974348288347,564.3772390467325,0.6053152142561026,0.05545493490097012,1.959552220972588,15.460988475556833,0.5289181556114817,0.11401927024165724,0.00034375,0.8528037202840807,0.007407916605925084,0.8072872470348835,0.011995628706738738,0.1378330200772309,0.026514405782553367,0.03086523924783573,0.9481443418337584,0.021250972485699595,0.004360871590978345,0.002653478969661957,3.752144082332762,0.5289181556114817,0.19949084039216844,0.3152635906444155,0.1947612498963779,0.07658358348236012,0.14291668137286595
OR007@12_2,数据集/数据集/源域数据集/48kHz_DE_data/OR/Opposite/0007/OR007@12_2.mat,4,OR,48k_DE,1749.0,0.25409882320464394,0.25409882320464394,1.9560079211713155,3.8322130146484037,0.1720983390744208,0.0645662119539849,0.06815456347841269,11.07837530541844,7.700301012715538,11.369387309370705,0.17530366843679424,2745.1747295360233,566.9488580569335,0.6031015978832052,0.05768825443455819,1.9552099805834948,15.80340098064832,0.5241382410818509,0.12817716557865952,0.00034375,0.8531985997974387,0.006977739276171298,0.810126213384075,0.012605178842527922,0.13186831688087305,0.027280752599388853,0.033357037040231775,0.9474105938202169,0.021805253675502737,0.0041549255763937976,0.00272746050343745,3.752144082332762,0.5241382410818509,0.17828099956255822,0.3404173322581977,0.20561053969085377,0.06983305205775564,0.13519179508008441
OR007@12_2,数据集/数据集/源域数据集/48kHz_DE_data/OR/Opposite/0007/OR007@12_2.mat,5,OR,48k_DE,1749.0,0.2619905225270476,0.2619905225270476,1.9563651457355415,3.8874246233026115,0.1748065336447003,0.06863903389399542,0.04057818718441922,12.378818072860513,7.475796333320647,11.205442722712746,0.17432704632851126,2743.312564816375,556.3208725640836,0.6025819139009626,0.0547892363340922,1.9929127969641887,17.370829830010575,0.5169419351486726,0.11337632978892385,0.00034375,0.8537892421543783,0.006791939389767112,0.8302562219747996,0.01200600218871185,0.11497115558502156,0.027822604385246905,0.032758662170386976,0.9479569991055828,0.01943633577096083,0.00394556663995184,0.002473783560312949,3.752144082332762,0.5169419351486726,0.21212623540135814,0.3225536925123397,0.2128575457186423,0.06186103567497178,0.11876953488777699
OR007@12_2,数据集/数据集/源域数据集/48kHz_DE_data/OR/Opposite/0007/OR007@12_2.mat,6,OR,48k_DE,1749.0,0.26687320096917017,0.26687320096917017,1.9398087543248768,3.870383786215408,0.17610203170591654,0.07122130539553108,0.031822085949747954,12.749423679531821,7.277227651296411,11.02942186525818,0.17524262955502656,2732.131515617274,543.0789726618383,0.5991220175216225,0.05527153661745265,2.0425971467661217,17.138754312957133,0.5126800821804572,0.10831289540688328,0.00034375,0.8544318601180767,0.007164390294108878,0.8422763769515753,0.012263891459031069,0.10886910518692691,0.025711805927189576,0.02769515347303208,0.9497818634541315,0.018955602825124093,0.0037837873403563935,0.002117063593705969,3.752144082332762,0.5126800821804572,0.22572978440731623,0.31697827258123223,0.21070897215219558,0.06843761069761685,0.11204243301903126
OR007@12_2,数据集/数据集/源域数据集/48kHz_DE_data/OR/Opposite/0007/OR007@12_2.mat,7,OR,48k_DE,1749.0,0.25420669641834015,0.25420669641834015,1.9091435746933332,3.720666479556903,0.17109620416738514,0.06462104450392615,0.03473036647569483,11.100838840584084,7.512047134871103,11.161096579166264,0.17530366843679424,2739.983120739165,591.3217030498002,0.6096675943582787,0.055605355814126685,1.9880288770760715,15.277864228128403,0.5332057060819692,0.11646033138338058,0.00034375,0.8535681235711639,0.008769838189994945,0.8094152721411365,0.014284495004407134,0.12777894298895043,0.029919548408814483,0.03478587152308424,0.9409013415179583,0.024958944712471745,0.00449396657552778,0.002926625237029823,3.752144082332762,0.5332057060819692,0.20507359897820884,0.30755370999886283,0.19263848633283664,0.07630961498725986,0.13244967004085006
OR007@12_2,数据集/数据集/源域数据集/48kHz_DE_data/OR/Opposite/0007/OR007@12_2.mat,8,OR,48k_DE,1749.0,0.2576478818937577,0.2576478818937577,1.8054240915995459,3.587631554621879,0.17279541620040728,0.06638243104433972,0.02178035417695919,10.517010616035897,7.007803862540225,10.449039845385991,0.17408289080144052,2737.522761102652,550.869114065821,0.6025835134251334,0.058850277421423236,2.0125855689831207,13.681400285392876,0.5186354430592215,0.1178435656467676,0.00034375,0.8539458113620293,0.007402090295298247,0.8276057805492951,0.011500339413926159,0.1226956090470221,0.026258081344056865,0.02847248041418586,0.9494968360747607,0.01876551586094869,0.0039464973650348845,0.002354143315648856,3.752144082332762,0.5186354430592215,0.208139607724633,0.32113341323068134,0.204732514327376,0.06981237059122317,0.12801926487489781
OR007@12_2,数据集/数据集/源域数据集/48kHz_DE_data/OR/Opposite/0007/OR007@12_2.mat,9,OR,48k_DE,1749.0,0.26607439230212543,0.26607439230212543,2.0734223156899705,3.953670015798418,0.17587740492545725,0.07079558223894533,0.02807023379731834,11.437758822821825,7.792387364989803,11.788637123784783,0.17475431850088508,2738.574274874524,545.7945581960213,0.603120095990619,0.05453358142403837,2.072339267224626,14.645560812194772,0.5138795080811215,0.1293938042364721,0.00034375,0.8543203392175545,0.007521567614790316,0.8334018299859511,0.011805934338856128,0.11818927750306583,0.024209853330955225,0.027253526338029157,0.9512891200192262,0.01868973072237039,0.003753469986079412,0.0023607789843422384,3.752144082332762,0.5138795080811215,0.20011502093968828,0.33674127708988244,0.2055530225210677,0.06975190200223756,0.12176850695985822
OR007@12_2,数据集/数据集/源域数据集/48kHz_DE_data/OR/Opposite/0007/OR007@12_2.mat,10,OR,48k_DE,1749.0,0.2591316689132722,0.2591316689132722,2.073530554780069,3.9536711030850675,0.17366666115127014,0.06714922183377772,0.03056629024576374,10.740553379240705,8.003532155827168,11.942301831884341,0.17579197949093572,2738.175246393369,537.5999926402214,0.6011325509454932,0.048930200349904425,2.013510581214832,14.106008972995417,0.5132982740150774,0.12408683126565251,0.00034375,0.8540967851971006,0.00752790400234146,0.8377900142696636,0.010645229769554588,0.11474029537844256,0.024415840530832116,0.026520495477304246,0.9523827850581483,0.01853353216572903,0.0036629195246719345,0.002314054137949517,3.752144082332762,0.5132982740150774,0.19734036889945514,0.33438793545916706,0.21337739379509885,0.07191806696661222,0.1190235886878354
OR007@12_2,数据集/数据集/源域数据集/48kHz_DE_data/OR/Opposite/0007/OR007@12_2.mat,11,OR,48k_DE,1749.0,0.2512296526158447,0.2512296526158447,1.9221003499806253,3.691230913452033,0.17001840725012307,0.063116338353478,0.02186945438403894,9.998788009655074,7.650604283732445,11.30500351859184,0.17603613501800647,2745.2950996495715,559.3726652105972,0.6018361556441847,0.0455661859137817,1.988543921983735,13.226255294345423,0.5273789998464906,0.12283773870695251,0.00034375,0.8536744343675857,0.008059580911693393,0.822038596435623,0.01176884487249797,0.12240478507658782,0.02589764142694365,0.031629879770576484,0.9484718323072037,0.021066235085743516,0.004227820815691546,0.002740466348975744,3.752144082332762,0.5273789998464906,0.19085115681398093,0.3135151834598605,0.2081758507611929,0.08431549455917695,0.12546168700207908
OR007@12_2,数据集/数据集/源域数据集/48kHz_DE_data/OR/Opposite/0007/OR007@12_2.mat,12,OR,48k_DE,1749.0,0.2696255531082459,0.2696255531082459,1.9220025978935464,3.7124572163806535,0.177244799160248,0.0726979388889275,0.03854875996309674,11.289046671808537,7.1315655243696865,10.848732583421835,0.17438808521027896,2739.1928541480706,529.055848355422,0.5964711045596992,0.047700360811150117,2.0957516253059967,13.956759590681434,0.5173388773788266,0.10842092068403811,0.00034375,0.8544857915105588,0.006984393937661876,0.8417115696720364,0.010931153355677396,0.11132204564997535,0.023674134170749178,0.026514568197887382,0.9532066022113488,0.018254558138712396,0.003948178870524228,0.002104901908403956,3.752144082332762,0.5173388773788266,0.2101791832746957,0.31176206737849876,0.21137967009875802,0.08437405510996597,0.11329491778832171
OR007@12_2,数据集/数据集/源域数据集/48kHz_DE_data/OR/Opposite/0007/OR007@12_2.mat,13,OR,48k_DE,1749.0,0.26602840388749394,0.26602840388749394,1.8424061873676063,3.6589564625506794,0.1753720380503191,0.07077111167492761,0.0239790678993067,11.65067953702186,6.934232377038996,10.519950061864463,0.17225172434840993,2739.9772908582604,532.1660882139934,0.5983948925428301,0.04709530589195615,2.080135219610466,14.836461660264243,0.5184503523437746,0.11637650431932066,0.00034375,0.8543522074692826,0.007041332238590862,0.8352395351293734,0.011148188549469085,0.11808662039235594,0.02522017626159272,0.026063403307718357,0.9514569451583413,0.018478329146481284,0.003936022618222174,0.0020418515096542857,3.752144082332762,0.5184503523437746,0.1971477287004114,0.31206042744161205,0.22619124644161562,0.08044508678983976,0.12221388675256639
OR007@12_3,数据集/数据集/源域数据集/48kHz_DE_data/OR/Opposite/0007/OR007@12_3.mat,0,OR,48k_DE,1723.0,0.24509520187250286,0.24509520187250286,1.881512181148103,3.690985146861181,0.16832187214576283,0.060071657980922934,0.005275493019981859,10.588540613904334,7.676535058962098,11.17788149843973,0.1689556247329549,2686.4870730820357,630.0475862509943,0.6189344654873881,0.04239985658516493,1.899299765502215,15.997618891069775,0.5486481504721573,0.10147330578374393,0.00034375,0.8582411399920389,0.009264006918549781,0.7887287388713037,0.015053172865944374,0.11941215694928899,0.056370100245351294,0.06214623489270372,0.9134073333047864,0.026300345236385934,0.004243252407842485,0.0032534259253582084,3.8087637840975046,0.5486481504721573,0.18979332964281487,0.304383608023178,0.19038606752336165,0.08414737161944058,0.12052881359652552
OR007@12_3,数据集/数据集/源域数据集/48kHz_DE_data/OR/Opposite/0007/OR007@12_3.mat,1,OR,48k_DE,1723.0,0.24072912695576598,0.24072912695576598,1.6984190969473312,3.3911244545029584,0.16914850652605312,0.0579505125648853,-0.001288087083159896,8.366192527298109,7.054020454716348,10.03916680600294,0.16858939144234877,2679.3001277103126,622.3431570616717,0.6144357054281369,0.042450929486940896,1.8346735174954856,12.19745687301377,0.5479636965556056,0.11133877001326759,0.00034375,0.8584365372973936,0.009460783422349092,0.789435950696332,0.01406880066828429,0.11785881660112701,0.05799549782513525,0.06231204747353029,0.9128207491326984,0.026977598492404813,0.004063243416163914,0.003267287378923294,3.8087637840975046,0.5479636965556056,0.16355212952185252,0.3159132733827314,0.20674208807659933,0.09017997014584384,0.11732526564615682
OR007@12_3,数据集/数据集/源域数据集/48kHz_DE_data/OR/Opposite/0007/OR007@12_3.mat,2,OR,48k_DE,1723.0,0.23927696888572728,0.23927696888572728,2.064575983568071,4.087847477486868,0.16666131532692438,0.0572534678391413,0.037033766936417835,11.016778466559865,8.625623525042295,12.383991888996245,0.16858939144234877,2670.3550680746016,615.941871716101,0.6086553706762603,0.04883597105283682,1.843658424247772,19.12203036203368,0.5402406281480159,0.10429771481113412,0.00034375,0.8593202521666086,0.009689354393748437,0.7978033000777265,0.01510331605253289,0.11641954249907593,0.055436010416228546,0.05621608235809328,0.9145339794256039,0.02646858360099842,0.0037368445640140425,0.002964641611998973,3.8087637840975046,0.5402406281480159,0.20029530349478195,0.3123718436311352,0.1808524622398224,0.08247233429039347,0.1154202860458922
OR007@12_3,数据集/数据集/源域数据集/48kHz_DE_data/OR/Opposite/0007/OR007@12_3.mat,3,OR,48k_DE,1723.0,0.2413870499193232,0.2413870499193232,2.0644051257222302,4.087847016107554,0.16511151571112181,0.05826770786875382,0.05568385982566703,11.668047111396287,8.550578845787209,12.500679501630712,0.1671244582799243,2666.2486217770306,629.5529523423739,0.6131073347851175,0.049630857737256305,1.9104115837265099,18.68925121783701,0.5391510635893694,0.10512287899524865,0.00034375,0.8598527382140867,0.010128036272377676,0.7956333713596897,0.015202764679717979,0.11645397504576514,0.058968272679715154,0.05815951004535312,0.9101484472130394,0.02646058912096483,0.003930198997046001,0.0031477697143037307,3.8087637840975046,0.5391510635893694,0.2077280197734689,0.3171232822245202,0.1666400536131307,0.08086555487358037,0.11567871144397895
OR007@12_3,数据集/数据集/源域数据集/48kHz_DE_data/OR/Opposite/0007/OR007@12_3.mat,4,OR,48k_DE,1723.0,0.23859925626966974,0.23859925626966974,1.6994443125414025,3.390719464374856,0.16428929604192627,0.056929605092439536,0.026531412550455057,9.835732586129573,7.122800504860766,10.344526617240938,0.1676738082158335,2668.358993604212,628.3543592116581,0.6131584093045541,0.047451249324924116,1.8895266221959723,14.195952937224584,0.5412886234777358,0.11002607493557251,0.00034375,0.8601505150309584,0.009285008650218493,0.7931577444917812,0.014247595369170312,0.11756502945979731,0.06150328958150122,0.061204921545302715,0.9093079747991228,0.024786223726365544,0.0040031140276684755,0.0031255423196295045,3.8087637840975046,0.5412886234777358,0.18302509827575006,0.3221413537491206,0.19017388808272645,0.07662622828003775,0.11712929006549369
OR007@12_3,数据集/数据集/源域数据集/48kHz_DE_data/OR/Opposite/0007/OR007@12_3.mat,5,OR,48k_DE,1723.0,0.23568171157607057,0.23568171157607057,1.843652013064118,3.6505072239727188,0.16250588074335204,0.05554586917142612,0.03014874292194663,11.096308395841504,7.820684670814102,11.342370535775089,0.16883354696941952,2670.2421946618356,640.9252725924704,0.6139025681811439,0.043628758325004985,1.8622426091629078,17.76189766959438,0.5483869537053185,0.10709921435565294,0.00034375,0.8593088725061214,0.0093738001915737,0.78578846800126,0.01580462150009455,0.12127516204579242,0.06147750317215916,0.0618415422890864,0.9073405395804625,0.02747658560665954,0.004218881346879555,0.0034521359231504075,3.8087637840975046,0.5483869537053185,0.19942983787839907,0.3037023221684178,0.17447733075491584,0.0883104073609392,0.12343364196782185
OR007@12_3,数据集/数据集/源域数据集/48kHz_DE_data/OR/Opposite/0007/OR007@12_3.mat,6,OR,48k_DE,1723.0,0.2525085130091231,0.2525085130091231,1.843856562521793,3.6505067054049514,0.17200086992657876,0.06376054914207849,0.04978656600152692,10.718802490166244,7.2904556390647794,10.704725453219032,0.16944393578709638,2680.002202887642,636.1560023938827,0.6138323132381318,0.04399289031784684,1.9200901591526187,15.458378851384886,0.5506143383093554,0.09523931929638436,0.00034375,0.8587175115939342,0.00919567843077262,0.7809883035609951,0.01509091773504047,0.12725930556531595,0.060789023174309544,0.060575398982869996,0.9089426196050138,0.027644134892684684,0.004246100603486398,0.0033745743845929204,3.8087637840975046,0.5506143383093554,0.210841537443656,0.28488953328753985,0.1743312473399847,0.09330211883825533,0.12916969640292653
OR007@12_3,数据集/数据集/源域数据集/48kHz_DE_data/OR/Opposite/0007/OR007@12_3.mat,7,OR,48k_DE,1723.0,0.2495476290100638,0.2495476290100638,1.778013784570396,3.527013797076339,0.17113835981347353,0.06227401914454444,0.042404878580587495,10.193272555933182,7.134919469809084,10.405454246059655,0.16779588597936887,2680.0251376050132,608.0850782067082,0.6096452656230521,0.04807428541861706,1.8988691758506269,14.779048499802668,0.5380227523278589,0.10541610564962592,0.00034375,0.8589356890012212,0.008830658877933302,0.7974822792007107,0.013647865136953123,0.12294418757063637,0.05399423445363052,0.051646578901093684,0.9181128326062297,0.024850760641516655,0.003884113716864118,0.002934075124894185,3.8087637840975046,0.5380227523278589,0.19480030549276903,0.3064142369973449,0.1999748506854527,0.07642137036710123,0.12387431133044634
OR007@12_3,数据集/数据集/源域数据集/48kHz_DE_data/OR/Opposite/0007/OR007@12_3.mat,8,OR,48k_DE,1723.0,0.24583969724239121,0.24583969724239121,1.81582816924464,3.5953024844416035,0.16705118144284012,0.06043715674023058,0.03298983819898985,11.072112029474937,7.380102368279269,10.861458371371365,0.1676738082158335,2670.5530267973113,646.0537695226869,0.6220676807574667,0.037685591913876604,1.9347318823730575,16.1681578268105,0.5504902082374116,0.11338199417678078,0.00034375,0.8592260456505383,0.010341791912342918,0.7727786246388442,0.016650038030933505,0.1293431083850001,0.06195076594509398,0.06219926969816068,0.9054068560520937,0.03204713908336604,0.003999151917370242,0.003442385820632917,3.8087637840975046,0.5504902082374116,0.17397246159539143,0.31777164945805586,0.1869144676433763,0.07727674468936663,0.12900262863823656
OR007@12_3,数据集/数据集/源域数据集/48kHz_DE_data/OR/Opposite/0007/OR007@12_3.mat,9,OR,48k_DE,1723.0,0.24672185151242307,0.24672185151242307,1.8149420900474245,3.595301361060665,0.16864443365826182,0.06087167201371813,0.01674266609308058,10.590390080307499,7.348678889633938,10.751819365467973,0.16944393578709638,2681.3933975216,631.1641732976444,0.6193500367030553,0.03717833951450257,1.9376678828904432,15.495927945441785,0.5493607517033352,0.10859524074300221,0.00034375,0.8588382887819092,0.00888830273473392,0.7797803439107795,0.01673400825817339,0.12581706787504837,0.061644693204182976,0.06117672777281016,0.907525211119531,0.030116294267695493,0.0037515575085749447,0.00295653456305561,3.8087637840975046,0.5493607517033352,0.2054818042457363,0.29761142046891836,0.16764483090884313,0.09255620726142644,0.12775135910172225
OR007@12_3,数据集/数据集/源域数据集/48kHz_DE_data/OR/Opposite/0007/OR007@12_3.mat,10,OR,48k_DE,1723.0,0.23155194690047254,0.23155194690047254,1.4991378185587927,2.920391183572455,0.16558471940286623,0.05361630411339926,-0.03178316421090014,7.78037201761585,6.479389039059692,9.061051945151211,0.167185497161692,2676.178333904547,640.1885307388795,0.6160417871322205,0.043967226586976896,1.7662674868172181,12.016248062257585,0.552015579341888,0.112253915927999,0.00034375,0.8586996675626918,0.009523654159739672,0.7770953657564061,0.015749137362839057,0.11871177187170141,0.06269676200339454,0.06878356259283983,0.9062379406299597,0.03171235391675045,0.004100399626654314,0.0035295929381665286,3.8087637840975046,0.552015579341888,0.1927543042609527,0.30928574708449635,0.1700403858840661,0.0869158342364767,0.11763461225244001
OR007@12_3,数据集/数据集/源域数据集/48kHz_DE_data/OR/Opposite/0007/OR007@12_3.mat,11,OR,48k_DE,1723.0,0.24369989554972057,0.24369989554972057,1.9030739765924745,3.7778000068477837,0.1675508523542407,0.05938963909094472,-0.004288192769562981,10.584113893354354,7.813812704037816,11.365444065018233,0.16779588597936887,2674.633575509701,618.8224276958842,0.6150763835698903,0.04043147163747191,1.8754267811297445,16.208796202110616,0.5379355846398022,0.1118480248404869,0.00034375,0.8587800475664983,0.00941726548032934,0.7975783442615745,0.014071905317109668,0.11476143642114568,0.05884506866747421,0.058107592318355925,0.9122276714345772,0.026532973735541407,0.003993708933922442,0.0028688792901494795,3.8087637840975046,0.5379355846398022,0.2084426420315547,0.3160828661311851,0.17536022616228744,0.08231176874705336,0.11361193962531525
OR007@12_3,数据集/数据集/源域数据集/48kHz_DE_data/OR/Opposite/0007/OR007@12_3.mat,12,OR,48k_DE,1723.0,0.23985625297232815,0.23985625297232815,1.9041392502285999,3.777800741663925,0.16487634456894565,0.05753102208992548,0.03131097282326452,10.719826184983349,7.949654421256701,11.566874928546172,0.16877250808765185,2672.778101914834,661.4318512059028,0.6261874617611932,0.03689441055712833,1.8917785687767208,16.686965833518702,0.5625055774383034,0.1083871206365411,0.00034375,0.8585637499839613,0.010856769602933657,0.7502958896873952,0.018534046569859564,0.1434257124468381,0.06467864877670833,0.06904548017396152,0.8998186595656374,0.033297112863937064,0.004392730239786537,0.0037421545089486815,3.8087637840975046,0.5625055774383034,0.19172363459662245,0.2849991915216003,0.1660887377922325,0.08972207885084452,0.14424996307357377
OR007@12_3,数据集/数据集/源域数据集/48kHz_DE_data/OR/Opposite/0007/OR007@12_3.mat,13,OR,48k_DE,1723.0,0.23515750931536383,0.23515750931536383,1.8398989121328915,3.569989547529514,0.16456858785112213,0.055299054187405425,0.04063580115366874,9.666210790515597,7.82948567209351,11.188258846636074,0.1676738082158335,2672.651597561516,620.657781517312,0.6140356846988109,0.04653795700061706,1.8331855710082872,15.544452667541819,0.549661551066368,0.09990884258253475,0.00034375,0.8583998221442013,0.009688001399324589,0.7828503499155914,0.01635409497767617,0.12946641726817473,0.055606082459978105,0.05867175769994629,0.9130570998449198,0.02575611816872661,0.0037616797106779097,0.0030855310413508952,3.8087637840975046,0.549661551066368,0.20214205733295504,0.2843185930980972,0.18054899652650552,0.09159834230433302,0.13109539537108
OR021@12_0,数据集/数据集/源域数据集/48kHz_DE_data/OR/Opposite/0021/OR021@12_0.mat,0,OR,48k_DE,1796.0,0.6067980820212306,0.6067980820212306,5.639519294758162,11.00936470520362,0.27125313405732004,0.3682039123446441,0.14148466523279837,26.35125360841794,9.296691756546354,20.797436096230918,0.16883354696941952,2721.875139359345,359.9161379361172,0.5076143903906127,0.07087393805372266,5.073882781901739,19.888624371981155,0.3857550222439881,0.14946296516343188,0.000375,0.8881979162756511,0.003133572172951543,0.9728086024260882,0.014437089344740753,0.012178053076445185,0.008325916705900705,0.004916675576309969,0.9714719108129112,0.009917879951382796,0.002563130617546621,0.00016767417111544962,1.56597995545657,0.3857550222439881,0.39123355432409657,0.3801472139639014,0.1640999881631217,0.01374901664108583,0.012532267218249642
OR021@12_0,数据集/数据集/源域数据集/48kHz_DE_data/OR/Opposite/0021/OR021@12_0.mat,1,OR,48k_DE,1796.0,0.586602344366845,0.586602344366845,5.344239244204213,10.327939616253213,0.26981668612422016,0.3441023104166786,0.11525576396872127,22.946983259056505,9.110669883895211,19.80730315640879,0.16810108038820729,2722.761392438132,388.4201094434346,0.5187393785980752,0.0736426975682302,4.887962113374795,17.088614375461713,0.39111777267769454,0.14660383099204433,0.000375,0.8694823949231405,0.0038964117633033817,0.9685298055725512,0.016264407772417985,0.014019166174517305,0.009911091162309184,0.006299232707585519,0.9662563350774752,0.010908383167309648,0.0035825838986094124,0.00022794510578711058,1.56597995545657,0.39111777267769454,0.40081193934230996,0.3732068643807041,0.1605476934386396,0.018972421703524277,0.014651384533322692
OR021@12_0,数据集/数据集/源域数据集/48kHz_DE_data/OR/Opposite/0021/OR021@12_0.mat,2,OR,48k_DE,1796.0,0.6383366031746338,0.6383366031746338,5.647728731647151,10.813610038173746,0.28807596315533124,0.4074736189525299,0.12914373518086597,24.72009823003073,8.846489234837557,19.60266976577811,0.16724653604345968,2724.673678940561,359.4278258062476,0.507188297066989,0.0766587192355069,5.027512545547957,18.49087579330125,0.38027342294878697,0.14615881906103806,0.000375,0.8898043634839697,0.003431410344972052,0.9756325615554489,0.013717401415169514,0.010236801142854827,0.008432185477317437,0.004595430467562944,0.971640605407158,0.00935397983774562,0.002700789031611006,0.0001700854030623115,1.0439866369710467,0.38027342294878697,0.4042145458168128,0.38285663367202866,0.1600115725043339,0.01225877704172605,0.01070584218230092
OR021@12_0,数据集/数据集/源域数据集/48kHz_DE_data/OR/Opposite/0021/OR021@12_0.mat,3,OR,48k_DE,1796.0,0.6154254591688433,0.6154254591688433,5.647698575838449,10.81424113140032,0.28055934167517693,0.3787484957931816,0.1389018578321657,24.866586670880647,9.175774264982095,20.127738258000157,0.16645303058047978,2723.766370395841,356.3136421318351,0.5068553722279903,0.07339370257522995,4.828737596428674,18.81779101709573,0.3848614324198075,0.14880041095871732,0.000375,0.8880469592424658,0.003152307066177252,0.9752316198001197,0.013704255411498958,0.010622160655278804,0.008396493111806565,0.004580441118932546,0.9722457731356741,0.009391984657016739,0.0024240345895972597,0.00016380346928945288,1.56597995545657,0.3848614324198075,0.38690218417590033,0.3792351241426182,0.17155248729695038,0.013710514538383355,0.010947832521822328
OR021@12_0,数据集/数据集/源域数据集/48kHz_DE_data/OR/Opposite/0021/OR021@12_0.mat,4,OR,48k_DE,1796.0,0.5660006340938567,0.5660006340938567,4.966627747571383,9.548947848374567,0.2647833805675638,0.3203567177946479,0.1591254143302596,23.097581218047527,8.774084131066326,18.7555260846775,0.16736861380699505,2716.6368258819743,398.23686100826814,0.5174719644215957,0.06981427644478806,4.646273891250888,17.55353214322224,0.3915111696427355,0.1511946349721165,0.000375,0.874333945367825,0.004032117328759097,0.9661126665217807,0.017772522445555352,0.014575820186332246,0.01000336714831991,0.006801368327655113,0.9649729165041051,0.012257852115108813,0.0031033654520045066,0.00023926844851696508,1.56597995545657,0.3915111696427355,0.3905520897279605,0.37696587136136234,0.1690853959483312,0.01626559213975584,0.014673980970205095
OR021@12_0,数据集/数据集/源域数据集/48kHz_DE_data/OR/Opposite/0021/OR021@12_0.mat,5,OR,48k_DE,1796.0,0.623337604139571,0.623337604139571,5.359681637322962,10.403043816866624,0.2785492613456463,0.3885497687344604,0.14457170151977253,25.804721193149785,8.598217379865398,19.241095471716907,0.16944393578709638,2725.5794760059553,364.4056761485381,0.508577618570974,0.07599054385633529,5.04110465004834,19.27594903480468,0.3855542640649199,0.14698739985376783,0.000375,0.8891811740953464,0.0031596307838285707,0.9730855694523317,0.014652717942550334,0.012005979508016781,0.008254779043352254,0.005039223185506859,0.9709600090752609,0.009666330393647688,0.0028717051412930623,0.0001922639783785932,1.56597995545657,0.3855542640649199,0.40360198498032873,0.3734402256468699,0.161997424883009,0.015329608688300564,0.012433496114200693
OR021@12_0,数据集/数据集/源域数据集/48kHz_DE_data/OR/Opposite/0021/OR021@12_0.mat,6,OR,48k_DE,1796.0,0.6000016058494055,0.6000016058494055,5.35995454228505,10.40377994749621,0.2684145017852275,0.36000192702186534,0.15566222716745715,27.376193838613588,8.935294721691342,19.973802419539236,0.1684673136788134,2731.8576789844333,355.3155361042228,0.5071374889982684,0.07397471515012771,4.891396741760108,20.826439486902654,0.3894428000155267,0.14620894134696313,0.000375,0.8861820082872571,0.003069790598877903,0.9719077963633735,0.013049611175024454,0.01402320991056465,0.007790226230788961,0.004737201524891505,0.9732024174989224,0.009121440122247288,0.0027486258804560733,0.00020064997179678295,1.56597995545657,0.3894428000155267,0.3812927515531305,0.38118476542445445,0.16731957869183778,0.01676448073649403,0.014788230540563616
OR021@12_0,数据集/数据集/源域数据集/48kHz_DE_data/OR/Opposite/0021/OR021@12_0.mat,7,OR,48k_DE,1796.0,0.5621437700062791,0.5621437700062791,5.703810814312183,11.008913893045992,0.25721298438810325,0.3160056181568724,0.1781329920882623,27.110287584664366,10.148422300441458,22.179829914174306,0.16834523591527803,2723.1847190958433,403.8610705325713,0.5148667784498056,0.07361809558768694,4.733401818129427,21.24382437956441,0.3928228939578919,0.14124946342856973,0.000375,0.8788562890360859,0.004455785841286543,0.9661777802971766,0.017458774087383024,0.015209613909459614,0.009872846891716334,0.00625889009692974,0.9644182748382298,0.012014314485764994,0.0035824712785386325,0.0003236713369184035,1.56597995545657,0.3928228939578919,0.38533654826246166,0.380793698243783,0.16686951000886013,0.01617257887957432,0.01601047703979885
OR021@12_0,数据集/数据集/源域数据集/48kHz_DE_data/OR/Opposite/0021/OR021@12_0.mat,8,OR,48k_DE,1796.0,0.582081030541258,0.582081030541258,5.703460685607624,11.00891435941109,0.2692334076390899,0.338818326115973,0.15493366246424684,24.669984838071063,9.798568661952823,21.184450708488182,0.16858939144234877,2709.459490662952,426.81009859653426,0.518680501112706,0.07641321758232243,4.763867334411155,19.075236013508995,0.39139027062720483,0.14215661606987895,0.000375,0.8778225997108121,0.005294265687582302,0.9636137096380252,0.02115891047305161,0.01432037531533802,0.01000296912748459,0.0069240237325087035,0.9595895913699238,0.014793122636595228,0.0038043024238961047,0.0003300990844073819,1.56597995545657,0.39139027062720483,0.4003249666592959,0.37857361251690647,0.15040185751402346,0.015951030438258327,0.014793755155060925
OR021@12_1,数据集/数据集/源域数据集/48kHz_DE_data/OR/Opposite/0021/OR021@12_1.mat,0,OR,48k_DE,1771.0,0.5472554949809122,0.5472554949809122,4.626181627679852,8.905581013172096,0.2673386714518158,0.2994885767868032,0.16074446241709162,20.106649398293026,8.451507333831474,17.30085907174326,0.16346212537386315,2709.0300020065033,449.68576825555016,0.5187581795967496,0.08010199977626396,4.2963485876972545,15.402647614580252,0.39112186568241375,0.1621332572315393,0.00034375,0.8743111654135056,0.00598185566493189,0.9590522133196288,0.024185832672493725,0.01782189434640349,0.010098008331607084,0.006225675000102986,0.957623236573701,0.01652531810142859,0.0019216184264574127,0.000351787724373492,1.5880858272162621,0.39112186568241375,0.38529246599486244,0.39851652925525854,0.13518435776829046,0.017011697914606543,0.01854796142035949
OR021@12_1,数据集/数据集/源域数据集/48kHz_DE_data/OR/Opposite/0021/OR021@12_1.mat,1,OR,48k_DE,1771.0,0.5446457955802607,0.5446457955802607,4.729233057291398,8.983135699541831,0.2649004980936368,0.2966390426432552,0.16265870766901452,20.55169783056594,8.681372482226038,17.84942073839786,0.16260758102911554,2715.0099943639048,431.9860152897978,0.5168144207466628,0.0765443223340125,4.29351617460401,15.812256812540129,0.38789132777799146,0.15647047982328563,0.00034375,0.8727843881386679,0.005589518910363399,0.9610482843988934,0.02186836607075724,0.017692889937228312,0.009487940305471301,0.005939533825872651,0.9610272965969442,0.01496498702688927,0.0018609947752117396,0.00033217083966757984,1.5880858272162621,0.38789132777799146,0.39072449941162485,0.3954847036964461,0.13989408872101386,0.013826472660451552,0.018201082550338303
OR021@12_1,数据集/数据集/源域数据集/48kHz_DE_data/OR/Opposite/0021/OR021@12_1.mat,2,OR,48k_DE,1771.0,0.5354765757821622,0.5354765757821622,4.812780513332587,9.301333204640923,0.25748245460935343,0.2867351632113897,0.17100702274593055,24.219264013107697,8.986409174559755,18.688824755464157,0.15912836476835746,2701.9376270016774,472.1904813274501,0.5295588280346325,0.0766597972150615,4.38671121250739,19.460108264353497,0.3947755174228437,0.16471728474794844,0.00034375,0.8600498985275054,0.006451118949187773,0.9518257438569504,0.027097278640694958,0.02321742728034355,0.010533924320415822,0.0069449272102352615,0.953601239467644,0.017608829038962135,0.0021317050547442827,0.00037671695139001736,1.5880858272162621,0.3947755174228437,0.38814033738739506,0.3918576281622015,0.13726088263502964,0.015154352233454219,0.02371499908930399
OR021@12_1,数据集/数据集/源域数据集/48kHz_DE_data/OR/Opposite/0021/OR021@12_1.mat,3,OR,48k_DE,1771.0,0.5602125875449946,0.5602125875449946,4.813145465270914,9.301332670068323,0.26590613486478987,0.3138381432438583,0.16940298977200932,22.64186504806998,8.590249326963407,18.098121449230636,0.15955563694073124,2706.1767361369048,436.55307579077584,0.518278763339541,0.07593003992297122,4.506895897992721,17.43005332972238,0.38459011065794385,0.16522060251681758,0.00034375,0.8625869596416359,0.005065472224398887,0.9610641776622276,0.0237095304204306,0.017803616069691993,0.00924642975610791,0.005705275684830547,0.960084065016957,0.015099478330358877,0.0017450774140049042,0.00030764194985377646,1.5880858272162621,0.38459011065794385,0.40713147552692336,0.38551936779908513,0.14046292954118497,0.011664487524678812,0.018033109213681987
OR021@12_1,数据集/数据集/源域数据集/48kHz_DE_data/OR/Opposite/0021/OR021@12_1.mat,4,OR,48k_DE,1771.0,0.5497839118901028,0.5497839118901028,4.709449057673635,9.015500196894532,0.26300895197308094,0.30226234977318434,0.14767153871945032,21.770220253824103,8.565856719080736,17.9057418272635,0.16517121406335836,2713.489086040947,434.724026662321,0.5254554998942388,0.07378476564201744,4.397845108305061,16.706413181408177,0.3922808895856096,0.16598486137171994,0.00034375,0.8624211878017661,0.005339492935561186,0.9580962178789693,0.02208097271687817,0.020267109615536922,0.009561995929705766,0.006287382625436162,0.9611161321606105,0.015007481592336294,0.001738530261421737,0.00032267461057606026,1.5880858272162621,0.3922808895856096,0.3943264378587685,0.38499433268293015,0.14381436352445864,0.016452577076581258,0.02074142012050568
OR021@12_1,数据集/数据集/源域数据集/48kHz_DE_data/OR/Opposite/0021/OR021@12_1.mat,5,OR,48k_DE,1771.0,0.5636217076784875,0.5636217076784875,5.002713456618194,9.557214976771636,0.26319407599911215,0.31766942936641446,0.14247019164485392,23.021885193073135,8.875023910424085,19.00564841147422,0.1659647195263383,2715.0300087166565,426.4536907307402,0.5204192848105826,0.0781091997969138,4.702033665217,17.55884725240223,0.38613153687137436,0.15734182607485334,0.00034375,0.8658440968874068,0.005133043532570055,0.9627101103715768,0.021501445878830103,0.017463234300514656,0.009053257111549027,0.00552716543925481,0.9625038743039595,0.013991682501439147,0.0016573033963748584,0.0002895322503803314,1.5880858272162621,0.38613153687137436,0.401109218424932,0.387694292363963,0.14270250324722286,0.012548086728965438,0.018005861876113364
OR021@12_1,数据集/数据集/源域数据集/48kHz_DE_data/OR/Opposite/0021/OR021@12_1.mat,6,OR,48k_DE,1771.0,0.5550582046333236,0.5550582046333236,5.003333644115476,9.760579957431348,0.2629104930895034,0.30808961053076844,0.1415054120456147,24.730219411530637,9.014548376377794,19.03158244726954,0.16334004761032778,2719.887733197665,416.9313138331597,0.5176125343734997,0.08102018390309691,4.510035294793653,19.636459797751513,0.38781113799539263,0.15884271509296516,0.00034375,0.8706389798145252,0.005028242037193755,0.964530863787703,0.019982527243399082,0.016433070211556183,0.00913257493557877,0.00551185540771908,0.9640859759905455,0.013225932148561537,0.0016247734822035646,0.0002804583238523044,1.5880858272162621,0.38781113799539263,0.3835911435637008,0.3924696617120467,0.15537948387005424,0.013207245002369373,0.01693322452321007
OR021@12_1,数据集/数据集/源域数据集/48kHz_DE_data/OR/Opposite/0021/OR021@12_1.mat,7,OR,48k_DE,1771.0,0.5541470998221714,0.5541470998221714,5.000265919905904,9.757514831790424,0.26309431250886745,0.30707900824132356,0.13563360810061864,24.8510518762564,9.023598963028691,19.006119169195195,0.16138680339376182,2714.334894675427,432.3571684523862,0.5170395258484057,0.07907100688786232,4.43261102542683,19.724347674123017,0.3857178090045852,0.1592710965296305,0.00034375,0.874768885146313,0.005455283283387212,0.9639713299238992,0.022341179589678597,0.015062551312470196,0.009569638884561029,0.006178621537195455,0.9607585885331131,0.014454037772261953,0.0017138681933712195,0.00031415121165932026,1.5880858272162621,0.3857178090045852,0.39303832208565076,0.3955026242422567,0.1463130833066564,0.013721513365374229,0.015519203771481627
OR021@12_1,数据集/数据集/源域数据集/48kHz_DE_data/OR/Opposite/0021/OR021@12_1.mat,8,OR,48k_DE,1771.0,0.5047544575521145,0.5047544575521145,4.999613077504607,9.499811587268471,0.23868787643153172,0.25477706241872927,0.17160836702513022,26.220667571518828,9.90325879739397,20.942674072312627,0.16218030885674176,2709.3178898853466,463.1431281592405,0.5230404960429049,0.07258646459799149,4.282817700861539,20.94930620494473,0.3965749274132493,0.15785169785043632,0.00034375,0.8704952385569695,0.0059781454443623315,0.9561746272437103,0.026449847757158276,0.018413353009731594,0.010845134524495712,0.007619862343849796,0.9544666647438823,0.01737500642058804,0.0020499025830470275,0.00039427859489514017,1.5880858272162621,0.3965749274132493,0.3900280276017406,0.3853902016437423,0.14236063045221822,0.017922324106375447,0.019058036223258714
OR021@12_1,数据集/数据集/源域数据集/48kHz_DE_data/OR/Opposite/0021/OR021@12_1.mat,9,OR,48k_DE,1771.0,0.4979514735637455,0.4979514735637455,4.371652387763148,8.284503993959188,0.24309123910934402,0.24795567002430552,0.16915400521627988,22.254152302853793,8.779055016696455,17.9831418787913,0.16272965879265092,2706.2156224105393,478.4111355652811,0.5280291809927384,0.07754699563078102,4.138657082780372,17.583973148936668,0.4005225443355241,0.15403254839169056,0.00034375,0.8725103218289258,0.006695892500309199,0.9511523764320491,0.028270906478634412,0.02041454036788033,0.010926574514950044,0.00800918852932936,0.9517875265017101,0.019966654562186707,0.0020813912255994954,0.00043187668136191663,1.5880858272162621,0.4005225443355241,0.38643117775612446,0.3892190258332909,0.14005895546052857,0.020129273619971275,0.021166502240913487
OR021@12_1,数据集/数据集/源域数据集/48kHz_DE_data/OR/Opposite/0021/OR021@12_1.mat,10,OR,48k_DE,1771.0,0.5580078599830155,0.5580078599830155,4.781157544734326,9.222622036877082,0.26949443807861956,0.3113727718028246,0.13186568041575739,21.35829921046089,8.569033589142704,17.74284930668894,0.16419459195507538,2720.438219226264,421.8904803319566,0.5097518975680905,0.07996959105965784,4.331137044464087,16.42215664986358,0.3855114141293693,0.15570068038683157,0.00034375,0.8866586429597624,0.005146304607720887,0.9679738388218551,0.022038077643326798,0.010860082768225714,0.008633950415546123,0.005173318433679594,0.9625192510793084,0.015667172847798762,0.0014974870212094164,0.0003077133355315785,1.5880858272162621,0.3855114141293693,0.3812774750463899,0.4006647049224324,0.15318955081686886,0.01387120162139855,0.011372508665935695
OR021@12_1,数据集/数据集/源域数据集/48kHz_DE_data/OR/Opposite/0021/OR021@12_1.mat,11,OR,48k_DE,1771.0,0.5451995165678541,0.5451995165678541,4.781105252450479,9.222621482194302,0.27088330598162885,0.2972425128658219,0.13073864734713223,20.834047775845946,8.77039554306393,17.651989289591747,0.16608679728987366,2720.68274528234,428.07644102013234,0.5173533897666616,0.07390960567613081,4.0902850465643334,16.61794391986229,0.3872558886826969,0.16290894568835698,0.00034375,0.8749872391307335,0.0053059158315211215,0.9635628665773421,0.02183579402830342,0.015076851015237576,0.009070541544229272,0.005893163823737345,0.9619501651568979,0.015110172055553785,0.001669404532950459,0.0003352697379800308,1.5880858272162621,0.3872558886826969,0.38207364738587196,0.4015754410725041,0.15029886651065824,0.013600723474737774,0.015499325358686943
OR021@12_1,数据集/数据集/源域数据集/48kHz_DE_data/OR/Opposite/0021/OR021@12_1.mat,12,OR,48k_DE,1771.0,0.5414991153644034,0.5414991153644034,5.144538798195015,9.864942995384826,0.26554705347722124,0.29322129194043145,0.16905859425322703,22.958920147966875,9.500504323700701,19.373269900512874,0.1646218641274492,2707.9043140163826,443.6739724273634,0.5175697535196939,0.0744075848085801,4.172484083169979,18.634870812430126,0.3880156051388577,0.16001327722679223,0.00034375,0.8708541720090006,0.005793618771873179,0.9592638480487703,0.024154166949786546,0.017171136320220628,0.009154520289310185,0.006357610874677958,0.9588444845156855,0.01680790723186532,0.0018738497369726256,0.00037500093928303,1.5880858272162621,0.3880156051388577,0.3945102015198239,0.39755166893555893,0.13328408086560126,0.013197748512260105,0.017809004794259557
OR021@12_1,数据集/数据集/源域数据集/48kHz_DE_data/OR/Opposite/0021/OR021@12_1.mat,13,OR,48k_DE,1771.0,0.5414349886320674,0.5414349886320674,5.14519242550413,9.864935457968462,0.26010861947924335,0.293151846915007,0.18431276671862143,23.698299761218035,9.50274054014224,19.780645467992453,0.16315693096502473,2713.254723820007,423.24302063158046,0.5137895735003168,0.07142727272369896,4.297459412394093,18.809427634540942,0.3880637763104251,0.15902754316717674,0.00034375,0.8745924131508647,0.005288045995837867,0.9636101249166236,0.021391216785117455,0.01469453587190194,0.008864970281248602,0.0059791856490413325,0.9626174635123844,0.015362041069994368,0.0016759184336989639,0.00033385001464662946,1.5880858272162621,0.3880637763104251,0.3848910101993232,0.4002590099813544,0.14272978837289765,0.014609249584158194,0.015289663866038474
OR021@12_2,数据集/数据集/源域数据集/48kHz_DE_data/OR/Opposite/0021/OR021@12_2.mat,0,OR,48k_DE,1746.0,0.48874015992284287,0.48874015992284287,4.322160514368053,8.534831135615839,0.25085402545966906,0.238866943921406,0.1419492176779814,20.402143869982567,8.843722688150807,17.230272259321186,0.162912775437954,2699.6221794568587,492.9499104775288,0.5340312117062989,0.07355060436756425,3.7248474043569604,16.962562708228834,0.3997446491918836,0.1593407707705445,0.00034375,0.8584799793252432,0.008076401953169172,0.9433031456491767,0.02779631832395756,0.025707063045621082,0.012436644215245981,0.008778187597976236,0.9495397817754884,0.02168592318071618,0.0018549953602890353,0.0004962401581197922,1.610824742268041,0.3997446491918836,0.38858018475814066,0.39091270342257556,0.12854949300139387,0.015576218633631315,0.02703035855473728
OR021@12_2,数据集/数据集/源域数据集/48kHz_DE_data/OR/Opposite/0021/OR021@12_2.mat,1,OR,48k_DE,1746.0,0.4586014076504586,0.4586014076504586,3.7669987050655886,7.414983042440172,0.2436997470842826,0.21031525109898208,0.15021558733708673,18.38811810909057,8.21520366879133,15.459643077491748,0.1615088811572972,2692.7297490096084,535.0454497459972,0.5505804095182969,0.07650372866499994,3.506441315839179,15.61373669940752,0.4146195902948773,0.15218502046629653,0.00034375,0.858440111238689,0.009848712170297313,0.926290772361913,0.03202912432650354,0.036618106978373706,0.014447806935834164,0.011193568092460075,0.9412577875980624,0.02517588175651109,0.0020674808367639433,0.000681459395195726,1.610824742268041,0.4146195902948773,0.3874891802860758,0.37893623779354785,0.11992389037658198,0.02265965302917099,0.037684155627064536
OR021@12_2,数据集/数据集/源域数据集/48kHz_DE_data/OR/Opposite/0021/OR021@12_2.mat,2,OR,48k_DE,1746.0,0.4780749450196495,0.4780749450196495,4.503605523516064,8.849722301057525,0.2469981821938264,0.22855565305554085,0.15880011754081427,20.916980830718323,9.421586820173054,18.235930095081503,0.16120368674845878,2696.4621755369462,513.7267879111313,0.5416646971729588,0.07859520276989579,3.637820986485844,17.75759715756133,0.4073058313404526,0.16037007759831412,0.00034375,0.8585649825955937,0.00860302096697229,0.9359713641219733,0.030154551169149748,0.030301708999637453,0.013608729001414514,0.010094924746135847,0.945484451222171,0.022986533118361147,0.0018429390861221654,0.0006103051872395859,1.610824742268041,0.4073058313404526,0.3928091747170693,0.37678356602915736,0.12393901089055803,0.021113421888508347,0.030882740555646604
OR021@12_2,数据集/数据集/源域数据集/48kHz_DE_data/OR/Opposite/0021/OR021@12_2.mat,3,OR,48k_DE,1746.0,0.4753017028464394,0.4753017028464394,4.5030075924898005,8.84973320337609,0.2447095742897707,0.225911708728725,0.1739595874813764,21.78738101223241,9.475454634876417,18.40435868680034,0.16401147530977234,2702.1270744945887,502.2369984619735,0.5365552754538694,0.08095355874916559,3.6068356109177704,18.64098266923993,0.40594892761542056,0.16049689257785243,0.00034375,0.8583790131901524,0.008199687447486592,0.9438755859290412,0.02876731838824948,0.023817693312831397,0.013037972788746958,0.00930601094937951,0.9476408879599902,0.0223436370472742,0.002012593431141376,0.0006188892752944946,1.610824742268041,0.40594892761542056,0.39072088419236056,0.3735094958265906,0.13352092153571468,0.021519428685456685,0.02544026135371333
OR021@12_2,数据集/数据集/源域数据集/48kHz_DE_data/OR/Opposite/0021/OR021@12_2.mat,4,OR,48k_DE,1746.0,0.47233985191934064,0.47233985191934064,4.184061170647564,8.17538294263161,0.24375839471234945,0.22310493571118464,0.20770597578511477,20.720877972852982,8.859166275099003,17.16678956016858,0.1645608252456815,2696.7160626645755,516.2123016050313,0.5406142594498654,0.0840199568093237,3.64805758089946,17.50005665493046,0.4109995065124826,0.16242346825191933,0.00034375,0.8581019113905419,0.008799495897624165,0.9349916430612697,0.030116535507114968,0.030172572119868776,0.014185946285038059,0.010564571442136394,0.9444815649653011,0.023648363671990677,0.002057361969421185,0.0005859085350168339,1.610824742268041,0.4109995065124826,0.38331291800157585,0.38269116544897613,0.12450452895938156,0.02363741938783136,0.03243381987621365
OR021@12_2,数据集/数据集/源域数据集/48kHz_DE_data/OR/Opposite/0021/OR021@12_2.mat,5,OR,48k_DE,1746.0,0.49865013969289584,0.49865013969289584,4.470830543844506,8.567292367388628,0.2522426563349256,0.24865196181574456,0.1673344167352037,21.342425162760964,8.96693537720532,17.72650563243462,0.1632179698467924,2700.144737797618,481.21454128954065,0.5271986848521134,0.0870276155942816,3.8579184722308093,17.66186315975752,0.40149462697404703,0.15956390149244123,0.00034375,0.8587481976859748,0.007268768642000788,0.9437586305387884,0.026705771894647738,0.0264303445594996,0.012588215724045691,0.009305050481198323,0.951451347495282,0.020001019423963762,0.0017020603905061426,0.00047663431034404634,1.610824742268041,0.40149462697404703,0.3911384791815298,0.38833071843855926,0.12757159929246298,0.019325802746899778,0.02764310814540927
OR021@12_2,数据集/数据集/源域数据集/48kHz_DE_data/OR/Opposite/0021/OR021@12_2.mat,6,OR,48k_DE,1746.0,0.4579534491677318,0.4579534491677318,4.471517617066277,8.710233624875375,0.2336577743462316,0.2097213616046223,0.13784401960960233,25.76340483080281,9.766805152427233,19.142602900099792,0.16266861991088324,2698.614596532875,514.8579625615038,0.5453762427411333,0.07568967559254695,3.620022349204587,23.103874731206222,0.41177091742738514,0.16206662199822613,0.00034375,0.857756066104643,0.008446444975994088,0.9381062697992454,0.030374087625251157,0.028262209961400362,0.013459738497577981,0.00958484417596625,0.9453291938954652,0.023366125303520082,0.002042658095554479,0.000644310125694008,1.610824742268041,0.41177091742738514,0.3786513487512974,0.3799361498518198,0.13785938671819079,0.024991429341400147,0.029995236484746075
OR021@12_2,数据集/数据集/源域数据集/48kHz_DE_data/OR/Opposite/0021/OR021@12_2.mat,7,OR,48k_DE,1746.0,0.4610401865791157,0.4610401865791157,4.3075756353041355,8.546118095492341,0.22971125070114162,0.21255805364090583,0.19994554599697334,24.12176245351657,9.347518536115277,18.761853723580437,0.1615699200390649,2697.463777576429,527.6559711788382,0.5480408295495353,0.07242381751092182,3.8294514606794166,20.299163608992984,0.41308770071987333,0.15895102263757863,0.00034375,0.8585851436541033,0.008134955732248095,0.9361700648197668,0.032505158558659944,0.0302212692618204,0.014228349460005979,0.009529030150196821,0.9425376240953842,0.023387080045242398,0.0022203106725191047,0.000655349651033255,1.610824742268041,0.41308770071987333,0.38420215762194687,0.370422809882351,0.13488973835026316,0.022587836911286328,0.03295342555347417
OR021@12_2,数据集/数据集/源域数据集/48kHz_DE_data/OR/Opposite/0021/OR021@12_2.mat,8,OR,48k_DE,1746.0,0.4368514548202793,0.4368514548202793,3.791238774573712,7.531776955319881,0.22911476654920954,0.19083919357859452,0.18687528223654043,20.39352171586901,8.68137293262927,16.5529243657871,0.16083745345785266,2691.56347722161,570.4596333871871,0.5559762681719073,0.07106822342747766,3.545175846025892,17.6275103640579,0.4287812278251532,0.16266672933100948,0.00034375,0.8585241257951979,0.009374030706339534,0.9148299387579361,0.0390752623931175,0.04357768039913868,0.015444289159707794,0.01214583190133805,0.9326734889004553,0.028559077944218282,0.0029448895751963498,0.0008401504326612751,1.610824742268041,0.4287812278251532,0.36892250977733515,0.3742624774890658,0.11865686052447096,0.02834910663581518,0.048063964756029115
OR021@12_2,数据集/数据集/源域数据集/48kHz_DE_data/OR/Opposite/0021/OR021@12_2.mat,9,OR,48k_DE,1746.0,0.498764170630999,0.498764170630999,5.027091045454926,9.668219845116328,0.25304167961874535,0.2487656979052283,0.1701050859201297,25.311014841896903,10.08103145240129,19.87074942697115,0.1637673197827016,2698.4960894546975,523.422144052487,0.5450995130203211,0.0788504647448003,3.795233950736183,22.363189827964927,0.4134360750808568,0.15679545461598945,0.00034375,0.8586758407947395,0.008084917504457844,0.9300596423305615,0.03205442828912294,0.03567261867194751,0.01429696912354748,0.01095880003107809,0.9429772847498669,0.022673446542175457,0.002228545878061082,0.000601172980525063,1.610824742268041,0.4134360750808568,0.3911569051268126,0.37712296210847446,0.12035730673235387,0.022794318270218113,0.03810012555072987
OR021@12_2,数据集/数据集/源域数据集/48kHz_DE_data/OR/Opposite/0021/OR021@12_2.mat,10,OR,48k_DE,1746.0,0.5285216679390119,0.5285216679390119,5.027520323679041,9.668217326036189,0.2598872841971357,0.2793351534810352,0.17740580019827198,25.814603341099208,9.512997418509173,19.34619484515879,0.1649880974180553,2712.519987663328,447.75585075220573,0.5209329899885854,0.08402584697786433,3.985153308416658,21.78070562198038,0.3927664426962022,0.16121803106724697,0.00034375,0.8638061092351189,0.005818985220018874,0.9558812350486219,0.023090975766541226,0.01988547879133716,0.011110159536688327,0.00758468120631412,0.9581327255032757,0.01620658685526366,0.001600306993213442,0.0004187021661101238,1.610824742268041,0.3927664426962022,0.3991370447977687,0.3796395727500881,0.1393322074360685,0.015887922697736857,0.020509241095619652
OR021@12_2,数据集/数据集/源域数据集/48kHz_DE_data/OR/Opposite/0021/OR021@12_2.mat,11,OR,48k_DE,1746.0,0.4733370644717232,0.4733370644717232,4.555120741917786,9.100134723119421,0.24099663746980002,0.22404797660270825,0.19131978394116003,23.51893007141819,9.622245636026967,18.89897720088743,0.16364524201916622,2705.495323021478,497.07570023820404,0.5394877741130701,0.07636442097090076,3.686667758092173,20.371109304571544,0.40518799966739355,0.16843666080556782,0.00034375,0.8583220445078343,0.007178529717548257,0.9454777482913848,0.028452132955004653,0.023293168577378683,0.013393918119214082,0.009772835971622875,0.948719113599639,0.020830556284194435,0.0019354022557703514,0.0005927708925939956,1.610824742268041,0.40518799966739355,0.385066967942942,0.37672923211958476,0.13986127548357843,0.02182630856234324,0.024155965743792685
OR021@12_2,数据集/数据集/源域数据集/48kHz_DE_data/OR/Opposite/0021/OR021@12_2.mat,12,OR,48k_DE,1746.0,0.4682932137489755,0.4682932137489755,4.394075564614989,8.338337122605667,0.23765383516971794,0.21929853404334362,0.2045117182344361,21.791727140911007,9.383028896923557,18.48911461926018,0.16266861991088324,2699.931023145232,489.55579046856496,0.5278076451033261,0.08228096930363961,3.7588766954052417,18.19975145388627,0.3996941982977767,0.1675263212962086,0.00034375,0.8588012585450021,0.006538228821527688,0.9486413262227994,0.029440837076848983,0.019325025909715354,0.012879613328558474,0.009759748795202437,0.9488539962571982,0.02171073477919892,0.001966727641694389,0.0005307179928662368,1.610824742268041,0.3996941982977767,0.3864299441377347,0.38604446425858535,0.1432822745778494,0.018203504554980956,0.020777551600053075
OR021@12_2,数据集/数据集/源域数据集/48kHz_DE_data/OR/Opposite/0021/OR021@12_2.mat,13,OR,48k_DE,1746.0,0.4497655203140382,0.4497655203140382,4.394308570557817,8.338339513746005,0.2321126229226135,0.20228902326335751,0.20339640671873774,21.30396551880903,9.772578547861675,18.936680859725527,0.1641335530733077,2702.273879767753,481.3335542789408,0.522422881732162,0.08741334986624576,3.6769964297459596,18.241168424844172,0.3990697847002084,0.17099454583013676,0.00034375,0.8590677859772977,0.006429979285640039,0.9478354569628024,0.02837481607346314,0.020904739038257163,0.012336792540843576,0.010200445159506024,0.9506296350511867,0.020518749827359392,0.001895380769771896,0.0005094168709757183,1.610824742268041,0.3990697847002084,0.3873306669085082,0.3868239212839686,0.13649224800337392,0.017021006175748605,0.02220315527491774
OR021@12_3,数据集/数据集/源域数据集/48kHz_DE_data/OR/Opposite/0021/OR021@12_3.mat,0,OR,48k_DE,1718.0,0.4344049627163074,0.4344049627163074,3.931214985858495,7.758305520512631,0.22871667860152023,0.18870767163255645,0.14048795734927289,23.16991768590335,9.050270179365679,17.189324148572606,0.16083745345785266,2665.8227613750487,525.7382306359375,0.5388250714265835,0.08424844815794405,3.360125742195019,21.035394467877328,0.40475573994870157,0.17084814430609285,0.00034375,0.8612541229206392,0.007883758453375246,0.9355671793519397,0.03135849873603147,0.027664761832074218,0.02277281369775546,0.014869141473926406,0.9357814875579246,0.02123152649190779,0.0017680844847201608,0.000627597875194052,1.6370779976717114,0.40475573994870157,0.3974586047100164,0.3838994392077374,0.11405247503012078,0.016756094161799684,0.028805679012393462
OR021@12_3,数据集/数据集/源域数据集/48kHz_DE_data/OR/Opposite/0021/OR021@12_3.mat,1,OR,48k_DE,1718.0,0.43119391770280213,0.43119391770280213,3.930246461703371,7.758306829974492,0.22363946135362262,0.18592819466389088,0.14078398184397076,24.091091652275033,9.111970104249389,17.56888979251624,0.15870109259598364,2673.1772480427903,510.41128600165723,0.5362166976385312,0.07554413597109917,3.3901756648050627,21.53982455470221,0.40451318916819756,0.17356534166614665,0.00034375,0.8614075188520506,0.0065782214251445155,0.939018476628125,0.030018069167918687,0.026841439731051117,0.021382969166480036,0.013507870140046662,0.9398424100908958,0.01999910958792165,0.0017732806321946826,0.0005950910477824983,1.6370779976717114,0.40451318916819756,0.39976156956899556,0.3766453392684003,0.12158671567885775,0.017277724048035938,0.027953507310477063
OR021@12_3,数据集/数据集/源域数据集/48kHz_DE_data/OR/Opposite/0021/OR021@12_3.mat,2,OR,48k_DE,1718.0,0.4287407218646305,0.4287407218646305,3.640799347449809,7.159993291461465,0.2297153423654995,0.18381860658500448,0.11810673879410129,20.012348549237597,8.490334243058689,15.846467623890048,0.15973875358603432,2667.9745141706285,535.4122903084774,0.5445203679202568,0.07377719207337732,3.2754348345535576,17.804598302522145,0.412383963338419,0.16414373728999299,0.00034375,0.8608901336759419,0.007526671533207968,0.9335717318726495,0.03319382394055573,0.028171171824616172,0.02289948707420275,0.014258563039269643,0.9340380986655568,0.023253565110959405,0.0018880339586700111,0.000703260180458312,1.6370779976717114,0.412383963338419,0.39226749607005124,0.3747172240000713,0.1215818469191574,0.01915219416796002,0.029300794271310892
OR021@12_3,数据集/数据集/源域数据集/48kHz_DE_data/OR/Opposite/0021/OR021@12_3.mat,3,OR,48k_DE,1718.0,0.4312788956387707,0.4312788956387707,3.6730484250917215,7.31026945159388,0.23229500177729268,0.18600148582339768,0.12341692479933686,19.73007924672459,8.51427024959922,15.80778729279446,0.16028810352194348,2661.464520124849,543.5152518951052,0.5483974153407019,0.07385038601926659,3.3194531265735194,17.68702274137624,0.4118588957728102,0.17136244550925867,0.00034375,0.8610561562440237,0.00788328671697543,0.9311610391214717,0.034535029593000977,0.030056383533462103,0.023949235179650263,0.014988215643058333,0.9313738828958491,0.023059721403408638,0.0018199278724935768,0.0006928054167413095,1.6370779976717114,0.4118588957728102,0.39049374302147993,0.378720038046438,0.1211715974908656,0.020285319817698474,0.03080206480224374
OR021@12_3,数据集/数据集/源域数据集/48kHz_DE_data/OR/Opposite/0021/OR021@12_3.mat,4,OR,48k_DE,1718.0,0.4074885986934165,0.4074885986934165,3.8620476472940926,7.500280640262643,0.2178535683971809,0.16604695806512426,0.1486270253820338,21.58637839672082,9.474276094774062,17.721863661012137,0.15748031496062992,2664.691073200593,553.6188587815112,0.5577228259843807,0.0643946992935851,3.376548308783028,19.855097502490864,0.42185581129060434,0.16510496141510242,0.00034375,0.8611410024066164,0.00843964229056008,0.9270894180259068,0.03475163547233076,0.0335593175681138,0.024390774798364753,0.015722510942754255,0.930052017468545,0.022795034035112963,0.0019041338599904655,0.0007862036797964589,1.6370779976717114,0.42185581129060434,0.3754926857913111,0.37457528501962456,0.12609762780122946,0.030444481653485383,0.03405840741319719
OR021@12_3,数据集/数据集/源域数据集/48kHz_DE_data/OR/Opposite/0021/OR021@12_3.mat,5,OR,48k_DE,1718.0,0.43277232083091177,0.43277232083091177,4.076736862251113,8.083016720004107,0.22106032192074557,0.18729188167737362,0.15048376945729317,23.362319688383973,9.417925978393047,18.4377789673721,0.1576023927241653,2672.2366062278898,528.957819983901,0.5457173015269772,0.06798362847748925,3.648994746950921,20.31201080531323,0.40896024808467935,0.1575511922291199,0.00034375,0.8602668399551711,0.007792772731570949,0.9411883190034348,0.0315486442039254,0.024436380826275916,0.022807469608388527,0.013149798653609645,0.9356080132916782,0.02053090759849169,0.0018273051087371462,0.0006523415322410822,1.6370779976717114,0.40896024808467935,0.39160463831485764,0.3741918090173522,0.129582352239815,0.02305773666020208,0.025242066999218656
OR021@12_3,数据集/数据集/源域数据集/48kHz_DE_data/OR/Opposite/0021/OR021@12_3.mat,6,OR,48k_DE,1718.0,0.45529082413523597,0.45529082413523597,4.0758898619254165,8.08301541710031,0.23038529565484459,0.20728973454174238,0.16008080270200556,21.688384759736564,8.951092604971858,17.689345887235962,0.16059329793078192,2680.2797093347963,498.90820137273886,0.5313749074804015,0.07628694600690876,3.73290674211396,17.99372289400679,0.39594767058080393,0.16717132690756173,0.00034375,0.8600872835811801,0.006917153650208327,0.948936156068269,0.027575763628178224,0.020362791644387337,0.02128457942091794,0.011549588354407237,0.9421452371319241,0.01857728710849172,0.00168063904276535,0.0005389952646433797,1.6370779976717114,0.39594767058080393,0.4104338422657478,0.37560064166622426,0.12447052643357885,0.015260958784839884,0.02139564904158223
OR021@12_3,数据集/数据集/源域数据集/48kHz_DE_data/OR/Opposite/0021/OR021@12_3.mat,7,OR,48k_DE,1718.0,0.41619938352357944,0.41619938352357944,3.650994559172676,7.081398621926864,0.2202052639140268,0.17322192684540755,0.17688279987293853,19.20823347519443,8.770048278938766,16.57601051089304,0.15876213147775134,2674.142291185691,529.0500076496047,0.5430544028709076,0.07790048845472512,3.457672054220025,16.453473279074196,0.4097731107538178,0.16981043359789813,0.00034375,0.8609287334305319,0.007783113585155032,0.9333605389857527,0.03113051492063813,0.029796453604546896,0.023141881118523094,0.01364761754878999,0.9356796134142913,0.02250626008779516,0.0018168243645956803,0.0006483107962574775,1.6370779976717114,0.4097731107538178,0.39272902633303386,0.38080022662095775,0.11830362022980263,0.021121432406276026,0.03151099406976408
OR021@12_3,数据集/数据集/源域数据集/48kHz_DE_data/OR/Opposite/0021/OR021@12_3.mat,8,OR,48k_DE,1718.0,0.4122803280957509,0.4122803280957509,3.988252742689963,7.597520406794028,0.21922723891096804,0.16997506893474001,0.20044626975808236,20.20891162720797,9.669025294241003,18.18449886415886,0.15772447048770066,2655.7755926251434,548.725549117013,0.543740913455905,0.07778835425785315,3.374140762454445,17.929312330606827,0.41191000025227364,0.1686158165611271,0.00034375,0.8616409914824915,0.008192858693613069,0.9294692536950281,0.03598644386935557,0.03062722384564824,0.023701372233041768,0.014435343318357533,0.9298080015221718,0.024717602408315942,0.0018532388402397776,0.0007066047647003294,1.6370779976717114,0.41191000025227364,0.3893344952709694,0.37981281626239194,0.12068579676546161,0.019798849709259218,0.03189579782326479
OR021@12_3,数据集/数据集/源域数据集/48kHz_DE_data/OR/Opposite/0021/OR021@12_3.mat,9,OR,48k_DE,1718.0,0.41765870213746625,0.41765870213746625,3.9889809953601283,7.597506717966522,0.21897191343078962,0.17443879147115274,0.18849767548855184,21.996888369966673,9.55012277444798,18.21557362814207,0.15754135384239762,2656.0891094489384,540.9836257592814,0.5419968695718672,0.07677311590046318,3.3845674261147534,19.53477924533885,0.4078375756068968,0.1698735453419534,0.00034375,0.8617543805132718,0.00807581882346932,0.934175894374489,0.034445132547518346,0.0283181880310078,0.024234556157939086,0.013981849521965057,0.9310319924835097,0.022790409130834986,0.001757010689396415,0.0006881564320748069,1.6370779976717114,0.4078375756068968,0.39033078131045534,0.38440013558849623,0.12078061804574657,0.01820944948809973,0.029386922649906302
OR021@12_3,数据集/数据集/源域数据集/48kHz_DE_data/OR/Opposite/0021/OR021@12_3.mat,10,OR,48k_DE,1718.0,0.4085689712249759,0.4085689712249759,3.5963522718753786,7.058016682797789,0.21489370618528503,0.16692860424783518,0.1479539049642686,21.723770266796606,8.801366478009179,16.733737559458266,0.15656473173411464,2663.339068449424,542.2890926270379,0.5493892016409223,0.07214484824655387,3.320330670101413,19.215249535098184,0.4136267595086433,0.16407632403100159,0.00034375,0.861953480611768,0.007949510974262768,0.9313996495769451,0.0335100668749131,0.03153912468098062,0.024588157093597626,0.013781782167117824,0.9317109812951372,0.02254381344654283,0.0017899813697018388,0.0006893740734774534,1.6370779976717114,0.4136267595086433,0.3836126465153004,0.38268873772031514,0.12218346144491159,0.02241431812438623,0.03325823326519035
OR021@12_3,数据集/数据集/源域数据集/48kHz_DE_data/OR/Opposite/0021/OR021@12_3.mat,11,OR,48k_DE,1718.0,0.4272741753477924,0.4272741753477924,3.559883754243224,6.994778625699491,0.2236576961345719,0.18256322091913602,0.13302396268337194,20.2468497905784,8.32757276246075,15.909601158583527,0.15870109259598364,2663.3542376967375,534.3915390309637,0.5408733722969202,0.07384437317907695,3.458383834145921,17.29340593430866,0.40862868762898996,0.16792857203909084,0.00034375,0.8611014485279279,0.007575135648112855,0.9344431516890805,0.033818109884100465,0.028471966715372544,0.023062022942671997,0.013373948178444008,0.933344045896354,0.022977826590639284,0.0017644062439603066,0.0006922261567980777,1.6370779976717114,0.40862868762898996,0.4007580785404498,0.3729158319038819,0.12190094810047121,0.018662945794930847,0.029709755953495866
OR021@12_3,数据集/数据集/源域数据集/48kHz_DE_data/OR/Opposite/0021/OR021@12_3.mat,12,OR,48k_DE,1718.0,0.402903272351005,0.402903272351005,3.560173283023205,6.8028874100323815,0.22023570922653124,0.1623310468711481,0.15154772060495078,17.617700757315564,8.831252231735244,16.156929371218183,0.1615088811572972,2660.293980809223,559.2491134125114,0.5525075548320407,0.07718773755045533,3.2520715023304296,15.661350908130524,0.4200749327294827,0.17826704893149325,0.00034375,0.8608025991218179,0.008449464412084941,0.9178635576493435,0.03560381862964167,0.037214077139443684,0.02670993319245181,0.01762884013375087,0.9268446329225397,0.02646132043281344,0.0018909563371041049,0.0007871405003034639,1.6370779976717114,0.4200749327294827,0.3913307211731505,0.37138627105936983,0.10982014840747482,0.0251697007174215,0.03856226332910452
OR021@12_3,数据集/数据集/源域数据集/48kHz_DE_data/OR/Opposite/0021/OR021@12_3.mat,13,OR,48k_DE,1718.0,0.37092286169874683,0.37092286169874683,3.3139938890177394,6.02662457990164,0.2075656062147039,0.13758376933078767,0.2133023760680598,15.874314786791068,8.929959197442255,15.958694115729676,0.1580296648965391,2648.241430761681,593.1532116628897,0.5646844299790357,0.06975204804535395,3.0988444201297165,14.089474638509918,0.4366481749229431,0.17185454992037652,0.00034375,0.8622321730513741,0.009809395892649796,0.9038035856599678,0.040948057021966085,0.042424752629936405,0.028510363660187422,0.020373792721457822,0.9181131072650026,0.032443809288990405,0.0020619191422799566,0.0008986635011593912,1.6370779976717114,0.4366481749229431,0.35831751252265237,0.3767530372423231,0.11286177533379275,0.03624045598743274,0.04426997693736308
OR007@3_0,数据集/数据集/源域数据集/48kHz_DE_data/OR/Orthogonal/0007/OR007@3_0.mat,0,OR,48k_DE,1797.0,0.4124842477941176,0.4124842477941176,1.9650516856046671,3.794613624682112,0.31135720022431534,0.17014325467827898,0.06928055978370723,4.199955796143207,4.759610742633465,6.305645160918834,0.18561923945553319,2921.2107178541796,548.2009101514366,0.6110130594831074,0.05200633866018306,1.6410381719725182,4.434386873573904,0.554887801677398,0.19826714912920754,0.00034375,0.8361514119620811,0.003859738540803517,0.6744437824582965,0.010054451781000286,0.23460407805865216,0.01721518461930296,0.0611693085169322,0.9427440706909986,0.026469897067970417,0.024895585409699415,0.0031137920322595503,3.6519198664440737,0.554887801677398,0.07497716851610939,0.2981921270054606,0.1921670865639117,0.08528718452598905,0.25080199258755365
OR007@3_0,数据集/数据集/源域数据集/48kHz_DE_data/OR/Orthogonal/0007/OR007@3_0.mat,1,OR,48k_DE,1797.0,0.4086000863693868,0.4086000863693868,1.689469720579805,3.3070354953538406,0.30791138822384345,0.16695403058107033,0.06341957034884804,4.166772531023642,4.124971316746427,5.474405039051253,0.1845815784654825,2901.363233333912,542.5470889416314,0.6067343614990552,0.05671842184093939,1.650314805711528,4.181315354590245,0.5482926417431617,0.19584841478895643,0.00034375,0.8361910287680627,0.003640388432686302,0.7115032489834117,0.009955347202225665,0.1982670368240277,0.01951270007812512,0.06132716859742442,0.9423355150568862,0.025861556066036472,0.023370958619726788,0.002830262536377513,3.6519198664440737,0.5482926417431617,0.07408490933876788,0.3092650000561252,0.211164635685811,0.08754933206882368,0.21920672527685547
OR007@3_0,数据集/数据集/源域数据集/48kHz_DE_data/OR/Orthogonal/0007/OR007@3_0.mat,2,OR,48k_DE,1797.0,0.4000717035039655,0.4000717035039655,1.7828456402155461,3.4954705734826623,0.30177258547432,0.16005736794456485,0.07808638748992122,4.239091601508897,4.442373555575913,5.89053411761802,0.18397118964780565,2900.4412835678913,557.8793971593318,0.6081500266101332,0.05220191206663231,1.6395813259212693,4.442261180220549,0.5485334136273247,0.2007277204657444,0.00034375,0.8372629448701181,0.004045897207711655,0.7059262841312467,0.009765005257661686,0.20048149232560372,0.02080159617271049,0.0626021980117851,0.9399930583424249,0.02722976740406374,0.023972920061026637,0.003522832923358336,3.6519198664440737,0.5485334136273247,0.07839953397406979,0.3129844232430624,0.20672494017639986,0.07976276856397015,0.22076648998759427
OR007@3_0,数据集/数据集/源域数据集/48kHz_DE_data/OR/Orthogonal/0007/OR007@3_0.mat,3,OR,48k_DE,1797.0,0.3921869368308181,0.3921869368308181,1.7824684987868957,3.5636603981543145,0.29738421209710963,0.15381059342074013,0.078188589555657,4.142826462109835,4.548015603995462,5.998150354701885,0.18452053958371484,2902.856498844732,562.0334800565581,0.6090658385830188,0.043024146764092754,1.6089719192687282,4.454330995466104,0.5475334385577092,0.21347766229237594,0.00034375,0.8374577158665175,0.003970946290784884,0.6927185216739756,0.010380988032125851,0.20845508092569914,0.0205528017936037,0.06689895911691336,0.9370539089987971,0.02821650651321163,0.02669543586467761,0.003469498214750986,3.6519198664440737,0.5475334385577092,0.06611502562661468,0.31428196742022496,0.20909012011408218,0.07677718569466475,0.2266418308371964
OR007@3_0,数据集/数据集/源域数据集/48kHz_DE_data/OR/Orthogonal/0007/OR007@3_0.mat,4,OR,48k_DE,1797.0,0.39694890739517613,0.39694890739517613,1.823305698622289,3.604629591827889,0.30120512541048683,0.1575684350822241,0.0736497595257908,4.077304307589907,4.590400014506396,6.0495942815292585,0.18525300616492707,2905.5967355961316,550.559050469461,0.606383936041998,0.04461037125678321,1.6037761866775002,4.285853748907226,0.5434915120022112,0.21102039264750813,0.00034375,0.8362428754160052,0.0033202574255235115,0.6980203525133237,0.00965586207705496,0.20477866708063042,0.020647203026898445,0.06818174409392824,0.9382284557808838,0.02551991438033272,0.026866991740564852,0.00324366990141612,3.6519198664440737,0.5434915120022112,0.0573330531551248,0.3214797401794725,0.2151484953246431,0.07543519354759276,0.2245657430270682
OR007@3_0,数据集/数据集/源域数据集/48kHz_DE_data/OR/Orthogonal/0007/OR007@3_0.mat,5,OR,48k_DE,1797.0,0.39584432918201967,0.39584432918201967,1.823706730435801,3.5323095886547162,0.300381497995366,0.15669273294556313,0.08928423884604002,4.064136327121618,4.599995937730588,6.062222026582171,0.18635170603674542,2919.0415253350607,546.557155858765,0.6064929820698931,0.045146559352198135,1.603756875634777,4.256366286074684,0.5427259122136497,0.20562410088634692,0.00034375,0.835583364293811,0.003398423950314276,0.6906200554433618,0.008500086918158747,0.21842295329441827,0.019421464463244678,0.06331822900524786,0.9398838845927467,0.023950902584504177,0.02742919347038084,0.00345567012949647,3.6519198664440737,0.5427259122136497,0.06316914191397933,0.32252149062052504,0.21039927214844684,0.06877740793127379,0.2382041905696964
OR007@3_0,数据集/数据集/源域数据集/48kHz_DE_data/OR/Orthogonal/0007/OR007@3_0.mat,6,OR,48k_DE,1797.0,0.3908557146871268,0.3908557146871268,1.706823078632251,3.3835513843306844,0.29700055334235287,0.1527681897035847,0.08307695581692774,4.016045748786975,4.376177315118547,5.759672397553658,0.18525300616492707,2918.776410446319,562.2882562000923,0.6093735888024602,0.0464969435319916,1.6075820244558074,4.213355339502372,0.5487424495861067,0.20892629765165632,0.00034375,0.8359803478473228,0.0045916447991683805,0.6777215540777792,0.009296808414571455,0.22787916526601032,0.019933942679731496,0.06244208366125922,0.9368111943945117,0.028132264638408067,0.027963180359466912,0.0035818160634593743,3.6519198664440737,0.5487424495861067,0.05751639836944518,0.3165187719725042,0.20041368362466686,0.07620775153952458,0.24735566562653044
OR007@3_0,数据集/数据集/源域数据集/48kHz_DE_data/OR/Orthogonal/0007/OR007@3_0.mat,7,OR,48k_DE,1797.0,0.3882982253680788,0.3882982253680788,1.8039385832374066,3.4983423008973666,0.29469596834987843,0.1507755118239993,0.08156827584068567,4.113809951151273,4.636888572902723,6.110174091142389,0.18470365622901788,2909.8083875944217,562.6902059780621,0.6097744262042818,0.04702487515226569,1.6105782908658846,4.462223965418267,0.5441640637739421,0.21546846666825262,0.00034375,0.8354229709654968,0.004297523178527413,0.6879460303522029,0.009374656467314668,0.21829060968437503,0.020613796466139377,0.06348767321147834,0.936710879659562,0.02641244333987197,0.027537083911948337,0.0036147707425858854,3.6519198664440737,0.5441640637739421,0.060593018700021546,0.3210829015282152,0.19687606175070146,0.07972406511009861,0.2382720009029684
OR007@3_0,数据集/数据集/源域数据集/48kHz_DE_data/OR/Orthogonal/0007/OR007@3_0.mat,8,OR,48k_DE,1797.0,0.39008856168650236,0.39008856168650236,1.804021216608535,3.552725743982422,0.2960025313217886,0.15216908595864415,0.0808060455959606,4.137219325567888,4.618448317999272,6.086673846471455,0.18580235610083623,2925.5756526206096,561.5577865219494,0.6101052494004631,0.04883491415802498,1.6150773852939213,4.526713629512841,0.5465847143396667,0.21042954342715225,0.00034375,0.8348280024182458,0.003510422145737629,0.6794794668111953,0.009470402592607723,0.22485085299935323,0.01997974850665439,0.0668370988186308,0.9373350016836051,0.024878974320940814,0.028218849190900296,0.003713255092030257,3.6519198664440737,0.5465847143396667,0.06524084511469401,0.3169661597674437,0.19152356997512507,0.07592683852152039,0.24774182665446812
OR007@3_1,数据集/数据集/源域数据集/48kHz_DE_data/OR/Orthogonal/0007/OR007@3_1.mat,0,OR,48k_DE,1773.0,0.4593717231100166,0.4593717231100166,2.1260824636616413,4.173220789957311,0.35154455167165016,0.21102237999306575,0.048913480709297054,3.9486975453140074,4.618530430719029,6.035740269566651,0.19025819446987732,2952.3470297599697,513.4515923826482,0.5823037806597061,0.08220410403430749,1.5820396313821115,4.4464120078213485,0.5413809217612257,0.1977996850430599,0.00034375,0.8320359469650579,0.003568766797092163,0.6848635074991913,0.006687096552075,0.23527208166876573,0.020509566834003897,0.055125708862370754,0.9566429775176232,0.022096923961800182,0.01160329541366115,0.002455881537960359,3.7013536379018612,0.5413809217612257,0.057293178993720835,0.3107142828259994,0.1757760517495924,0.09075390309208466,0.2712880150356462
OR007@3_1,数据集/数据集/源域数据集/48kHz_DE_data/OR/Orthogonal/0007/OR007@3_1.mat,1,OR,48k_DE,1773.0,0.45897146441858144,0.45897146441858144,2.0897092845157155,4.054089432912015,0.3513045986883675,0.2106548051505372,0.043978923548503135,3.9579069373169733,4.541696836917436,5.934441176957105,0.19001403894280658,2957.443734858114,513.3385629964997,0.5777979702890861,0.08375842571330361,1.5840404418876715,4.510417157429765,0.5434693224646567,0.19357108253824745,0.00034375,0.8319302330408955,0.0037905009679887135,0.6801725474386103,0.006322241906018579,0.23904307887062695,0.01988424119958692,0.05442194537731292,0.957792308423747,0.02356425150019905,0.011133371609470663,0.002619059102849707,3.7013536379018612,0.5434693224646567,0.060666790130638616,0.30451973647180963,0.17455467609437,0.09375762238107592,0.2737495326674594
OR007@3_1,数据集/数据集/源域数据集/48kHz_DE_data/OR/Orthogonal/0007/OR007@3_1.mat,2,OR,48k_DE,1773.0,0.4566841257422202,0.4566841257422202,2.090436968787245,4.154197419487942,0.3475616188178252,0.208560390704936,0.04851806597733866,4.051046678801276,4.563071719838368,5.997016130613588,0.18940365012512972,2944.9172936941673,520.0425553312546,0.5780113772003173,0.0865322473701694,1.6031139587625292,4.52595408819351,0.538526982821625,0.19841915391324297,0.00034375,0.8325613347527772,0.0036258097308177126,0.689243619417976,0.006937091019404191,0.2310094375695168,0.021381586344512194,0.05298056814835626,0.9565409653451782,0.023880718579616943,0.010369407490885546,0.002697523223974124,3.7013536379018612,0.538526982821625,0.06051283094834936,0.31132636311173045,0.18308060629101972,0.09044747755532911,0.2640583216465763
OR007@3_1,数据集/数据集/源域数据集/48kHz_DE_data/OR/Orthogonal/0007/OR007@3_1.mat,3,OR,48k_DE,1773.0,0.4561705961666252,0.4561705961666252,2.108720993268305,4.203512796344029,0.34613159175085795,0.20809161280701427,0.03919750256178672,4.098687050873004,4.6335894360529215,6.107519692405116,0.1889763779527559,2953.317748756519,515.8319232216953,0.5787086902958615,0.08770243422544495,1.6246738907087033,4.471628217296558,0.5326259946703739,0.20451986936766672,0.00034375,0.8325585563517468,0.0038420032205873085,0.705115388317929,0.006171100212254483,0.22063946445175972,0.02039903755268058,0.0496227878901904,0.9579531349501625,0.02184606703832886,0.010511032136712246,0.0026059012085686687,3.7013536379018612,0.5326259946703739,0.05660156002620826,0.3207699862204072,0.19143891922898995,0.09358611224754285,0.2529051851627503
OR007@3_1,数据集/数据集/源域数据集/48kHz_DE_data/OR/Orthogonal/0007/OR007@3_1.mat,4,OR,48k_DE,1773.0,0.4559756268423087,0.4559756268423087,2.1085329577377685,4.203514084619721,0.3449274000184323,0.20791377227423635,0.04827399891444195,4.17835869898023,4.630897869191036,6.12212055403782,0.1890374168345236,2945.7080112190006,520.905195558561,0.580898425058481,0.08706049543843188,1.6303035198581184,4.5920179448809355,0.5334985295527543,0.20427523539538867,0.00034375,0.8328629353698173,0.0036455639646341695,0.7092639968254473,0.007172506457233002,0.21512443640185816,0.02130970832821914,0.050523659990131545,0.9553951382724466,0.0223839108999401,0.011363711227332374,0.0025412652188629824,3.7013536379018612,0.5334985295527543,0.05030954758455205,0.322057953084302,0.19398148247044808,0.09802215089882114,0.24800839239234615
OR007@3_1,数据集/数据集/源域数据集/48kHz_DE_data/OR/Orthogonal/0007/OR007@3_1.mat,5,OR,48k_DE,1773.0,0.45386467186092555,0.45386467186092555,2.0845555377489378,4.1640207326838965,0.34309367317159556,0.20599314036342564,0.0598911977816419,4.165759195977885,4.59129970635146,6.074325926202649,0.18922053347982665,2944.5479890344513,518.979805640868,0.5829341701948203,0.08348661552776547,1.6285791040383715,4.53613216069918,0.5293254496074775,0.21420906317861735,0.00034375,0.8329654482956163,0.003605416603295932,0.7194867461790678,0.006941630389522005,0.20557723255516472,0.02045638533776677,0.05095454632599536,0.9563292687254575,0.02118889914468585,0.011477657903675107,0.002608925026970342,3.7013536379018612,0.5293254496074775,0.05072605951490354,0.3362270625578641,0.18639396458946916,0.10040940079334025,0.23922298491650318
OR007@3_1,数据集/数据集/源域数据集/48kHz_DE_data/OR/Orthogonal/0007/OR007@3_1.mat,6,OR,48k_DE,1773.0,0.45210095283939766,0.45210095283939766,2.027216323348712,3.9937750309990854,0.3444511378550798,0.2043952715582913,0.06233927394586967,4.016815759434677,4.472199680593713,5.870749842084887,0.1895257278886651,2952.0343635583417,521.8729362272298,0.5843951604577606,0.0839707552752989,1.6025334850981123,4.384335610277564,0.5357534325070408,0.20722414575368242,0.00034375,0.8324865693825343,0.0037197399741297774,0.7013409008085101,0.0071622428831836825,0.2175804336424486,0.02048627718725341,0.05493959763515961,0.9556216910091265,0.023248577009782962,0.011890321895137067,0.002684000894934596,3.7013536379018612,0.5357534325070408,0.04920708772856688,0.3301624022325435,0.1761892291553894,0.0978174413549032,0.25180892465566124
OR007@3_1,数据集/数据集/源域数据集/48kHz_DE_data/OR/Orthogonal/0007/OR007@3_1.mat,7,OR,48k_DE,1773.0,0.4551273263582217,0.4551273263582217,2.173793333706268,4.206567761576835,0.3475927729762973,0.2071408831979832,0.05954831877077749,4.01590421808981,4.783211946716896,6.263336679329042,0.1903802722334127,2950.9987465298564,522.7242224907576,0.5821808281465433,0.08370060243936006,1.5820109478059277,4.5163902024856135,0.5400916194181479,0.2018595637420886,0.00034375,0.8323538830327892,0.003524261698024227,0.692993787815923,0.007275212313760261,0.2266748278161773,0.020365761749862123,0.053754897994032574,0.9557989465863863,0.023569973521434633,0.011864467992485531,0.002816091513176688,3.7013536379018612,0.5400916194181479,0.0568639143248147,0.3200797904512578,0.1761472576084888,0.09299950197698438,0.2590823450236025
OR007@3_1,数据集/数据集/源域数据集/48kHz_DE_data/OR/Orthogonal/0007/OR007@3_1.mat,8,OR,48k_DE,1773.0,0.45653069719186723,0.45653069719186723,2.172272804691038,4.206565726165273,0.34760631114374185,0.20842027747849234,0.06354547320811971,4.089520766369953,4.761932576917266,6.254208040705951,0.19086858328755418,2957.0737421932486,514.2090963899996,0.5770244237071528,0.08847883924709235,1.583617495047684,4.69088720105092,0.5424500266604317,0.19787961402515442,0.00034375,0.8325126819449448,0.0036341514686651926,0.6802448793898076,0.006565309592292025,0.24101806246815202,0.01955128620538803,0.053439818838126145,0.9581269841418562,0.022481948014517875,0.010993060611373857,0.002641973390795038,3.7013536379018612,0.5424500266604317,0.060537895508193586,0.31002685644267974,0.17185608682210826,0.09035679021571294,0.2744340580555355
OR007@3_1,数据集/数据集/源域数据集/48kHz_DE_data/OR/Orthogonal/0007/OR007@3_1.mat,9,OR,48k_DE,1773.0,0.45553077466729086,0.45553077466729086,2.059219616090478,4.079631774919671,0.3456669252125688,0.20750828666898213,0.06432589732144377,4.184027278946694,4.5180416175924,5.95406758236713,0.18964780565220046,2944.948112050522,517.8264277931797,0.5783738354882941,0.09196561641379275,1.6125776143333297,4.761153114034167,0.542176591814058,0.19554303207458001,0.00034375,0.8331120799795032,0.0036764418859615306,0.6914308602098067,0.007073378852490009,0.22765927009669512,0.02086330219535554,0.05499723578291285,0.9564868875892607,0.023220426614474415,0.010840072165139537,0.0025253205844437262,3.7013536379018612,0.542176591814058,0.061261136909874475,0.3110507722104953,0.1807789557921013,0.09205284294899137,0.2590963738729704
OR007@3_1,数据集/数据集/源域数据集/48kHz_DE_data/OR/Orthogonal/0007/OR007@3_1.mat,10,OR,48k_DE,1773.0,0.4534343092107611,0.4534343092107611,2.0731680177581877,4.131873511296703,0.3422671825802363,0.2056026727694401,0.0687090489139844,4.306102356582164,4.580736132716866,6.06901430711067,0.18757248367209914,2946.9998105786344,511.73913172761695,0.5798125635240248,0.09515056490740838,1.6413288934983223,4.862453904672707,0.5343887365392416,0.20188334959191506,0.00034375,0.8335494685003307,0.00372524298025601,0.7103854188489162,0.0064092140220660156,0.21282148166470863,0.020174004672562067,0.05318645440564793,0.9570978638537488,0.021049886997579675,0.011563525199720402,0.0023929215471564986,3.7013536379018612,0.5343887365392416,0.05785783344582651,0.3214944041265747,0.1906764543553985,0.09628284192090113,0.24454746532502072
OR007@3_1,数据集/数据集/源域数据集/48kHz_DE_data/OR/Orthogonal/0007/OR007@3_1.mat,11,OR,48k_DE,1773.0,0.45294696972488235,0.45294696972488235,2.103552308338525,4.192826803735111,0.34267145801566623,0.20516095738295348,0.05883973874529612,4.234492833223952,4.637392854079163,6.130057443773017,0.18830495025331137,2943.2343881302522,519.6476739727107,0.5819213955051458,0.09369099036620791,1.6375246808435988,4.806574204000428,0.5334978561870554,0.20580370905665843,0.00034375,0.8334031088854831,0.003734950875671539,0.7152275994959286,0.00695724086604626,0.2073292743298311,0.021419917230977012,0.05268174220926033,0.9550771382854066,0.02202715948754186,0.011721396912039326,0.002564938393158176,3.7013536379018612,0.5334978561870554,0.05202880320252521,0.32192924023251995,0.19683761258138527,0.10077802554225843,0.23856991070741504
OR007@3_1,数据集/数据集/源域数据集/48kHz_DE_data/OR/Orthogonal/0007/OR007@3_1.mat,12,OR,48k_DE,1773.0,0.45361386738291876,0.45361386738291876,2.1033354082388014,4.192828388811893,0.34448704407658537,0.2057655406820882,0.05461546882829031,4.120137184676823,4.630249496376932,6.097291953997662,0.19019715558810962,2947.6557934461375,514.259282887175,0.5838652385899111,0.09023583275869536,1.6120346559833927,4.5997158216591,0.5319375053971646,0.21095413926255902,0.00034375,0.8329688725218544,0.0037065785147150994,0.7163820077203286,0.006624002994227902,0.20842946046138838,0.020385512170655484,0.05054817084183593,0.9567445095682042,0.021987058486774062,0.011477219841355524,0.002467085760035907,3.7013536379018612,0.5319375053971646,0.051594912653364425,0.32999241714503386,0.18443179133579501,0.10453437748822082,0.24198606969832068
OR007@3_1,数据集/数据集/源域数据集/48kHz_DE_data/OR/Orthogonal/0007/OR007@3_1.mat,13,OR,48k_DE,1773.0,0.45632876420262825,0.45632876420262825,2.0690319307960525,4.072793427325106,0.34758019886081115,0.2082359410386979,0.05706257911333055,4.0214100047848,4.5262213796451976,5.942779281968994,0.19105169993285723,2952.6676278816813,521.6102775032729,0.5864282454711306,0.08764928332978,1.5845098872135677,4.4325542322027935,0.5401886367373245,0.2015567646051197,0.00034375,0.8325847430226151,0.0037804734309280505,0.7019199549810131,0.007195938048063481,0.218507978028482,0.020502132454795985,0.053388809149608286,0.9565429433825845,0.02336312276576744,0.010846525053005368,0.002626781225676322,3.7013536379018612,0.5401886367373245,0.056856943398831156,0.3163351056034495,0.17668934411369852,0.1013222490328028,0.25484994433948405
OR007@3_2,数据集/数据集/源域数据集/48kHz_DE_data/OR/Orthogonal/0007/OR007@3_2.mat,0,OR,48k_DE,1750.0,0.44051408723810664,0.44051408723810664,2.0376111444285474,3.910537148479253,0.32647688658869944,0.19405266105522223,0.07213127974431098,4.432837342667296,4.630775350580915,6.248492280988301,0.1837880730025026,2885.903788022218,528.6267526983127,0.5997942453795052,0.04804705169066655,1.7220688742468429,4.328468885181052,0.51861443262506,0.21565197415550372,0.00034375,0.8393465806382698,0.0034124916288590266,0.7329516142030302,0.007609494234799631,0.19456616236554783,0.026637751083431284,0.04805263675926335,0.9533350092885944,0.021437096321016855,0.00765309909155182,0.0028339137254591723,3.75,0.51861443262506,0.056181494104762524,0.3676529204517314,0.19325815836288465,0.07852576735303952,0.2233628394674477
OR007@3_2,数据集/数据集/源域数据集/48kHz_DE_data/OR/Orthogonal/0007/OR007@3_2.mat,1,OR,48k_DE,1750.0,0.4445888983017013,0.4445888983017013,2.0386405202019566,3.9105398376322222,0.3303381534888993,0.19765928849312048,0.06093591411803336,4.388948678855062,4.591864060083204,6.180314914613189,0.18525300616492707,2886.620681977266,524.9864036531759,0.6014128630976838,0.04492798867174974,1.7043998465569827,4.327920092248172,0.5187686788852055,0.216915658804924,0.00034375,0.8394777058622878,0.003546858906522414,0.734245482131963,0.007749539721012618,0.19383033103423852,0.025666432391095374,0.04807457778549327,0.954206061801675,0.020972117921102866,0.0075384658294425574,0.002710002643467104,3.75,0.5187686788852055,0.054654626729307564,0.36999966739651163,0.18974810155462662,0.08239236004997257,0.22217214500566013
OR007@3_2,数据集/数据集/源域数据集/48kHz_DE_data/OR/Orthogonal/0007/OR007@3_2.mat,2,OR,48k_DE,1750.0,0.44692132428063364,0.44692132428063364,2.024196620712942,4.006313685421316,0.33280360252673674,0.19973867009675528,0.051934254498286,4.308237887308685,4.531320352595652,6.085128640120105,0.18629066715497772,2892.5583507037377,520.8440628314723,0.602676973752338,0.04459881740491676,1.7062447730978,4.215948577548829,0.5193808374113754,0.2188595585979311,0.00034375,0.8391357272130746,0.0032687626704199927,0.7326998330143055,0.008139937940198159,0.1968123677663094,0.02455570625314807,0.047177178751233936,0.9552099365385301,0.020494440097166597,0.007609534976573071,0.002650939926119012,3.75,0.5193808374113754,0.05647104147097883,0.37096327239022087,0.18189495516163576,0.08410643447961338,0.22377798200439364
OR007@3_2,数据集/数据集/源域数据集/48kHz_DE_data/OR/Orthogonal/0007/OR007@3_2.mat,3,OR,48k_DE,1750.0,0.4483960229535312,0.4483960229535312,2.023351548643679,4.006310755139314,0.33344963860377386,0.20105899340054367,0.05573281215119879,4.296791467743461,4.513291110303036,6.069115340607053,0.18604651162790697,2895.0659266797356,521.1349279902987,0.6024528504252445,0.0427738137876347,1.717177003020412,4.109929696114142,0.5192768628092521,0.21762151684895037,0.00034375,0.8387999190443725,0.003385109993473054,0.7385965302938097,0.007835973388378974,0.1920280838952656,0.02514291198102527,0.0468278633590378,0.9545094986704378,0.019813570061020983,0.00789974366255178,0.0025716447039381917,3.75,0.5192768628092521,0.059604361270710844,0.37225638628824315,0.1786074280742728,0.08472330452456556,0.22133334505083418
OR007@3_2,数据集/数据集/源域数据集/48kHz_DE_data/OR/Orthogonal/0007/OR007@3_2.mat,4,OR,48k_DE,1750.0,0.44962257741577577,0.44962257741577577,2.008040187074909,3.894300518243301,0.3347804974304606,0.20216046212200528,0.05480161719066127,4.283678184790108,4.471247963880878,6.005272193996394,0.18610755050967467,2901.7835700297105,521.4951284063351,0.6028271775518489,0.042354095132136345,1.7031702209824442,4.125227792599232,0.5253215863496218,0.21387727083535776,0.00034375,0.8382034512993635,0.0032565928008816978,0.7268192201217513,0.007216013103287913,0.20121866093295318,0.02524147509190705,0.04885047310208677,0.9549464287950283,0.020207736218138716,0.008053641100488357,0.002749031592904075,3.75,0.5253215863496218,0.05713187771405261,0.3629210554319814,0.17162348300736424,0.08969809921602369,0.23170811800338825
OR007@3_2,数据集/数据集/源域数据集/48kHz_DE_data/OR/Orthogonal/0007/OR007@3_2.mat,5,OR,48k_DE,1750.0,0.4503358836331262,0.4503358836331262,2.087215246426592,3.974571805394298,0.3355281100566306,0.2028024080876286,0.06597162157334267,4.312427032317613,4.645382414962591,6.235663264772281,0.18622962827321005,2903.059872618532,517.959693165477,0.6026290662638133,0.04346824255868118,1.7042867033052802,4.248650381982728,0.5227991054823894,0.21350305157549,0.00034375,0.8380268216735993,0.0031568832506559514,0.7374103872281551,0.007605145424065026,0.19300531773488197,0.024006579620068386,0.046488314947083435,0.95594360846444,0.020240533965595164,0.008021273149370317,0.0027051324266571075,3.75,0.5227991054823894,0.06634761789897475,0.36345634954697575,0.17164783160170546,0.0894689896782507,0.22729311747138456
OR007@3_2,数据集/数据集/源域数据集/48kHz_DE_data/OR/Orthogonal/0007/OR007@3_2.mat,6,OR,48k_DE,1750.0,0.4473721956132011,0.4473721956132011,2.0876689797032872,3.9888506176944656,0.3329918643012444,0.20014188140777622,0.056406015837424196,4.337500215728784,4.680199609696638,6.2892167803759635,0.18629066715497772,2903.165460500263,520.1033233845817,0.6030502519586304,0.04176942792462696,1.7097063308927252,4.254543746977271,0.5226677783706698,0.21622572225462933,0.00034375,0.8377594186212725,0.0034668868182614484,0.7331846285326136,0.007156883693270289,0.196812343460918,0.024259088034725405,0.047003636051377085,0.9559005113507674,0.020021166961074685,0.007887323229642196,0.0028146915563754924,3.75,0.5226677783706698,0.061738739337904844,0.3637472425925126,0.16859559084702236,0.09029958341150089,0.23357012935656002
OR007@3_2,数据集/数据集/源域数据集/48kHz_DE_data/OR/Orthogonal/0007/OR007@3_2.mat,7,OR,48k_DE,1750.0,0.4437635301503905,0.4437635301503905,1.9913609000818144,3.8921182793829,0.33109781884823153,0.19692607069153653,0.06078342029525174,4.311835252824531,4.497593729930282,6.028835437678806,0.1864127449185131,2899.494171181541,523.2044128833851,0.6048999182886623,0.04151216258473318,1.6893724108595274,4.306826194979333,0.5217201616250138,0.2172187253479211,0.00034375,0.8379892673412201,0.003459541006515144,0.7336313778350888,0.007671566092020822,0.19398859490045467,0.02487693778353901,0.04885242390845441,0.9550442410862081,0.020672237595878183,0.007674274175010853,0.002688584768104473,3.75,0.5217201616250138,0.06348775786290023,0.363932440092126,0.17415494814104324,0.08670827948708139,0.22672895818882635
OR007@3_2,数据集/数据集/源域数据集/48kHz_DE_data/OR/Orthogonal/0007/OR007@3_2.mat,8,OR,48k_DE,1750.0,0.4445492559114757,0.4445492559114757,1.9914823684629825,3.941854749931748,0.3314238751642379,0.19762404093144673,0.06279413312285764,4.355961836968029,4.485332365152413,6.016593077604182,0.18629066715497772,2899.643092964881,524.5400348781083,0.6040711454794389,0.041930977575929486,1.7047204977289563,4.390956929811664,0.5216702425649633,0.21849518702767956,0.00034375,0.8378875891285242,0.0035947975919804953,0.7241221741002529,0.007867201904644348,0.20382278271538323,0.024738977556548584,0.047871394590284236,0.9549817336305916,0.021346468830062516,0.007571434066820418,0.002666462556500707,3.75,0.5216702425649633,0.05805710132153427,0.36190449748748155,0.16949394024138098,0.08788227631324905,0.23815458819255433
OR007@3_2,数据集/数据集/源域数据集/48kHz_DE_data/OR/Orthogonal/0007/OR007@3_2.mat,9,OR,48k_DE,1750.0,0.44435264537132874,0.44435264537132874,1.950973302435653,3.7762327404829246,0.3299217681615454,0.19744927344849783,0.06495035455751556,4.369676280494711,4.386426249690632,5.907950728042995,0.18476469511078558,2895.9864264584658,517.4470322164509,0.6022267226995988,0.04460344734913781,1.7276360137607831,4.236383023352124,0.5207966908573247,0.216517492890664,0.00034375,0.8384850109539379,0.003533918371308435,0.7277667064085648,0.007262748588284972,0.1999505031864597,0.024780786161918235,0.0499159757525816,0.9557508683509602,0.01970119594159035,0.0074949403830813326,0.002503736961731428,3.75,0.5207966908573247,0.06267561555530504,0.3607928758494778,0.17490219850118865,0.08354913382031687,0.2348738585891889
OR007@3_2,数据集/数据集/源域数据集/48kHz_DE_data/OR/Orthogonal/0007/OR007@3_2.mat,10,OR,48k_DE,1750.0,0.4421520905983623,0.4421520905983623,1.8187414732103775,3.6155243184622847,0.3287476656049839,0.1954984712205024,0.07366011800998687,4.329053694001591,4.116595251014573,5.5367120593155414,0.18500885063785633,2894.2872964523613,526.8422528950805,0.6024262958900902,0.04516183438947889,1.7208254868501505,4.180184789668845,0.5182281688460391,0.22129030167483962,0.00034375,0.8387137451054433,0.0033521458739311826,0.722951890708297,0.008001014113704125,0.20183662245865489,0.025569130657411038,0.05217341791355963,0.953998395428486,0.020215636764530406,0.00782735074701396,0.002661559108576012,3.75,0.5182281688460391,0.05522039301514617,0.3683035243382847,0.17344870080883473,0.0794151937862373,0.23835918640741485
OR007@3_2,数据集/数据集/源域数据集/48kHz_DE_data/OR/Orthogonal/0007/OR007@3_2.mat,11,OR,48k_DE,1750.0,0.44178471276428066,0.44178471276428066,1.8798443591105356,3.7437000192237804,0.32878271247907553,0.19517373243221797,0.058184664376457626,4.347125986157472,4.262459451349519,5.727794919203586,0.18561923945553319,2897.222114526287,524.8555606294364,0.6031330492453946,0.04262716140447497,1.7104294911829858,4.264728397805966,0.5199329157690735,0.21781884379954067,0.00034375,0.8383077801852711,0.0033826187477544616,0.7212389183684546,0.007322046997975696,0.2040609697575742,0.02534316508983698,0.052018234404419425,0.954667038821374,0.019886083874773072,0.008023348170562921,0.0026427601549876543,3.75,0.5199329157690735,0.057480481976164566,0.36297065214340163,0.1812067704528718,0.07692855670804777,0.23461674214917172
OR007@3_2,数据集/数据集/源域数据集/48kHz_DE_data/OR/Orthogonal/0007/OR007@3_2.mat,12,OR,48k_DE,1750.0,0.44124592176975647,0.44124592176975647,1.957072653604147,3.8514084142109586,0.3275545117451461,0.19469796347844204,0.06488129982755714,4.385822647279187,4.440620270762794,5.982114326532906,0.18409326741134102,2896.7451620490438,528.9353238450035,0.6040209457109185,0.04412346651085227,1.7109029161052889,4.312141540205794,0.5209920211174793,0.21828613728767146,0.00034375,0.8385623033673419,0.003296668048696957,0.7229304080051493,0.00788255677673459,0.20141595966320333,0.025350394108696966,0.05230024287354213,0.9539317364834605,0.020441191916076757,0.008272007594407887,0.002747524713307276,3.75,0.5209920211174793,0.05777754211875266,0.36309354457259574,0.18052622791836112,0.07814303970183298,0.2299270912716866
OR007@3_2,数据集/数据集/源域数据集/48kHz_DE_data/OR/Orthogonal/0007/OR007@3_2.mat,13,OR,48k_DE,1750.0,0.44111308454419473,0.44111308454419473,1.957092644653496,3.8514396313342765,0.3269845117028945,0.19458075335609387,0.06187181814854167,4.404996789896742,4.439127612214171,5.9885798435149304,0.18397118964780565,2892.9639528748626,523.0958432788947,0.6018521955838153,0.04382112967264928,1.7272937864706457,4.3435678684345,0.5224990107876488,0.2117236309527571,0.00034375,0.8389496511307236,0.003728047439065559,0.7297134882639217,0.007175474164431059,0.19812733799375706,0.0254556639544362,0.04974720055191145,0.9544916544037028,0.019680997849668504,0.007942711207066133,0.002572397566638039,3.75,0.5224990107876488,0.0648018292769761,0.3571151316652618,0.1825671076593641,0.08067201999672381,0.22731977180766255
OR007@3_3,数据集/数据集/源域数据集/48kHz_DE_data/OR/Orthogonal/0007/OR007@3_3.mat,0,OR,48k_DE,1724.0,0.4465681312257941,0.4465681312257941,1.8432951115242424,3.5651850723202116,0.3385670972696413,0.19942309582649806,0.050837477030129155,4.038770899574733,4.141211194467462,5.463491789149417,0.18433742293841177,2923.1345726100435,528.9230172907393,0.5987831537003797,0.05056176024986534,1.6150679575542366,4.202662985819762,0.5417473320974133,0.17766527291839385,0.00034375,0.8349119635201544,0.003199724673313641,0.6968384373598442,0.007127304671558314,0.2244900491310754,0.026001087015698653,0.05169302092549785,0.9551619109677865,0.023864150160638906,0.007228588399942304,0.0029120860659810096,3.8065545243619487,0.5417473320974133,0.041841461737159566,0.3349555477699899,0.1417846339502954,0.11178786298736774,0.2763485218214602
OR007@3_3,数据集/数据集/源域数据集/48kHz_DE_data/OR/Orthogonal/0007/OR007@3_3.mat,1,OR,48k_DE,1724.0,0.4459210402789106,0.4459210402789106,1.8581121400395735,3.6998661341434245,0.3393292976585344,0.1988455741634258,0.05182223036122134,4.000510079248539,4.183582933328058,5.499406978991922,0.18445950070194714,2923.3219911510046,536.117962300113,0.6010633916208445,0.05007313834874705,1.6030650960714972,4.244856021024217,0.5470230427059275,0.172635099554357,0.00034375,0.8349685793459652,0.003342025745807014,0.6849533785057593,0.007497201349212272,0.2345338165358143,0.026793550519274723,0.052161398630314,0.9538101238964846,0.025114652893137863,0.007233638582627626,0.0030170817781972827,3.8065545243619487,0.5470230427059275,0.042987941128938466,0.3257293180236512,0.14189307472153823,0.11111293183295755,0.28239756419781187
OR007@3_3,数据集/数据集/源域数据集/48kHz_DE_data/OR/Orthogonal/0007/OR007@3_3.mat,2,OR,48k_DE,1724.0,0.4462757600425265,0.4462757600425265,1.8582289632263893,3.699661609793546,0.33955059386974357,0.1991620540015347,0.052983380899689625,4.022829330688942,4.178794688702584,5.493650406701491,0.18476469511078558,2930.8979767879778,534.8530619673367,0.5997964660674315,0.04999415732316475,1.6111825346882578,4.311255413029973,0.5446430055632498,0.17758080522132938,0.00034375,0.8346290161184468,0.003327056985390916,0.6911428652982585,0.007032341918256817,0.22840659812762248,0.0265932844546126,0.05245319747980694,0.9548190681195107,0.024704266127984622,0.006855423608248211,0.0030786658013376785,3.8065545243619487,0.5446430055632498,0.0467247917828658,0.33138988878765935,0.13825934131376813,0.10779387699132467,0.28178212073045794
OR007@3_3,数据集/数据集/源域数据集/48kHz_DE_data/OR/Orthogonal/0007/OR007@3_3.mat,3,OR,48k_DE,1724.0,0.4428007929192611,0.4428007929192611,1.8886283843382259,3.7302003260916115,0.3369733154360637,0.19607254220992637,0.046205142103681325,4.008648451407111,4.252364392865347,5.5888619869331055,0.18525300616492707,2926.22539815782,534.8022287135168,0.6003790723342713,0.049731583000441545,1.6042035565065382,4.3168236788857195,0.5439460257486198,0.17669334923760777,0.00034375,0.8341625213794327,0.0032116591303679794,0.693342210792032,0.007124378557461087,0.22410131358071006,0.02668004968502513,0.05413249111154549,0.9544533176816309,0.02512742146843596,0.007165135091567377,0.0030779316759024164,3.8065545243619487,0.5439460257486198,0.046208024695699935,0.3359529984695521,0.14356455954889427,0.10556697443022049,0.27263997505369697
OR007@3_3,数据集/数据集/源域数据集/48kHz_DE_data/OR/Orthogonal/0007/OR007@3_3.mat,4,OR,48k_DE,1724.0,0.4434267534019826,0.4434267534019826,1.9334980380824318,3.8224300618272524,0.3375168796351135,0.19662728563262272,0.04010113757085179,4.012387214979225,4.369156811394265,5.740605624716979,0.18531404504669474,2930.817077414774,534.7646263396006,0.6001509940215383,0.052272444400666675,1.6057631417004001,4.345372274411194,0.5438770773556245,0.17692028891384862,0.00034375,0.8348199575933382,0.0034836338005687175,0.6963418148867483,0.007192233377980161,0.22281559055199923,0.0258148764414394,0.05184877870162048,0.9547860405009408,0.02558961960473373,0.007362950798894887,0.0031892930624092494,3.8065545243619487,0.5438770773556245,0.051933964689296556,0.33932368279114006,0.13647144794062324,0.10652487919432024,0.2710211504427448
OR007@3_3,数据集/数据集/源域数据集/48kHz_DE_data/OR/Orthogonal/0007/OR007@3_3.mat,5,OR,48k_DE,1724.0,0.4451390058442597,0.4451390058442597,2.0299661171589287,3.911345266215126,0.33854447136383103,0.19814873452401585,0.04618568854497182,4.036183967666996,4.5652079966613295,6.002769479093073,0.18476469511078558,2924.044314919897,531.819798658315,0.6024268555162282,0.045550066252412195,1.6176444738393183,4.380193637032859,0.5403016774836717,0.1751564680442707,0.00034375,0.835241624766966,0.003502099532568135,0.704115944266191,0.006685077220627407,0.2183815783348242,0.02582885778301996,0.04997927598941074,0.9551388504218242,0.02412330249585398,0.007432570090285984,0.0031874599450989727,3.8065545243619487,0.5403016774836717,0.05958610056359347,0.3503321733143128,0.13479632813325995,0.10084850152060139,0.2618990333828004
OR007@3_3,数据集/数据集/源域数据集/48kHz_DE_data/OR/Orthogonal/0007/OR007@3_3.mat,6,OR,48k_DE,1724.0,0.4400663688306,0.4400663688306,2.029448014657089,4.000319114751738,0.33429528735981723,0.1936584089757497,0.04355762247091094,4.080283006069453,4.614101241029444,6.074039506496532,0.18415430629310872,2922.81291660911,535.2416122158469,0.6048766039408143,0.04267809483678124,1.6147278745290263,4.4745493863518995,0.5423564093204374,0.17510820457067625,0.00034375,0.8353924378678859,0.0030803595804885634,0.7019818052432252,0.007685407630084394,0.22007113722451963,0.026218755465574596,0.049670777180471394,0.9543911980093026,0.024984901469106223,0.007276188055542906,0.003088100410498599,3.8065545243619487,0.5423564093204374,0.059634860931603584,0.34588356326498,0.13021980651278406,0.1076903648139337,0.26493457821564637
OR007@3_3,数据集/数据集/源域数据集/48kHz_DE_data/OR/Orthogonal/0007/OR007@3_3.mat,7,OR,48k_DE,1724.0,0.4423891010089726,0.4423891010089726,1.9807400019048012,3.9521402689083622,0.335460469950027,0.195708116691527,0.04161109578911604,4.1577941688299225,4.484077380273352,5.913691351757291,0.18360495635719953,2924.866713676493,532.2217036919192,0.6031517882811219,0.04425822779171882,1.616225116437281,4.580194117927809,0.5381439509065465,0.177804494791329,0.00034375,0.835664108749577,0.0032108447324375746,0.7082479584141532,0.006643389752595202,0.21418713582043694,0.026912121076018997,0.05003185501466289,0.9545872720330373,0.024272030530978168,0.007305040033311262,0.003062052645001226,3.8065545243619487,0.5381439509065465,0.05567226052152723,0.35179341534765,0.12541320177134227,0.10760322672004057,0.26907584440124144
OR007@3_3,数据集/数据集/源域数据集/48kHz_DE_data/OR/Orthogonal/0007/OR007@3_3.mat,8,OR,48k_DE,1724.0,0.44323152208645133,0.44323152208645133,1.911812578030297,3.8004555381523595,0.33645696286831217,0.19645418217107238,0.050980501278984104,4.151588292789714,4.3059279740237395,5.672760846663914,0.18439846182017947,2924.9083257940906,537.0604608643746,0.6042257523236887,0.04668805668006914,1.6097906144197176,4.613131909042341,0.5351514318580947,0.17973483813068566,0.00034375,0.8352599691866479,0.003154576658606728,0.7100035268741516,0.007165005193943189,0.2133857580079742,0.027037180340654072,0.049763425825424645,0.9537487266509908,0.023480136405012616,0.00751519651771113,0.0031634097530016344,3.8065545243619487,0.5351514318580947,0.05310612723398819,0.35220795425321777,0.12413470278605429,0.1018138867296015,0.2793970099969193
OR007@3_3,数据集/数据集/源域数据集/48kHz_DE_data/OR/Orthogonal/0007/OR007@3_3.mat,9,OR,48k_DE,1724.0,0.4438249584307099,0.4438249584307099,1.8903549616786517,3.7495720178217278,0.3357659151935837,0.19698059372602136,0.040908182116000474,4.203754253788369,4.2591182703533255,5.629824147391076,0.1842763840566441,2930.8594640228416,526.9825939114282,0.6035046403249393,0.04845756381823269,1.6296488344292641,4.593003227873627,0.5296110997657888,0.18280483002412984,0.00034375,0.8347951530717964,0.0030645492390691358,0.7117332625596187,0.00648805762325406,0.2174302485823621,0.02577161725746459,0.04618138694946352,0.9562967005818255,0.021606485265129427,0.0070763092529254855,0.0028617224345730313,3.8065545243619487,0.5296110997657888,0.045278159457794426,0.3552521328643004,0.1285001041943021,0.10185975355157766,0.285452736513758
OR007@3_3,数据集/数据集/源域数据集/48kHz_DE_data/OR/Orthogonal/0007/OR007@3_3.mat,10,OR,48k_DE,1724.0,0.4429384112822445,0.4429384112822445,1.8881320683945486,3.729925425965183,0.3342390987028684,0.19619443618923876,0.04674593748138995,4.234128278196718,4.266360283800411,5.653916598399113,0.18360495635719953,2927.0794382933946,530.9833294227353,0.6043133606929949,0.05023386736172961,1.6463914325538795,4.5612270591158115,0.5337056881634872,0.181978915449568,0.00034375,0.8353595884796378,0.0031407587807909198,0.7036628829158134,0.006859357352164288,0.22438801633981262,0.02527870330244702,0.0466233253367499,0.956277601694046,0.022054002550692845,0.00701596156497307,0.0030886439850441342,3.8065545243619487,0.5337056881634872,0.03971857360687028,0.3421421397806755,0.13078961478537166,0.11072638965507728,0.28953453527684836
OR007@3_3,数据集/数据集/源域数据集/48kHz_DE_data/OR/Orthogonal/0007/OR007@3_3.mat,11,OR,48k_DE,1724.0,0.4416752937909136,0.4416752937909136,1.8413494716594765,3.64729891717937,0.3331639594046388,0.19507706514528983,0.04908702863790904,4.239521951815169,4.164557437863084,5.521080192297963,0.18384911188427028,2920.6171754327706,528.0838012455486,0.6034770399871201,0.047432322856739054,1.6312895175416209,4.574687740844507,0.5377248190391049,0.17927180493752953,0.00034375,0.8357364467235422,0.0029930189576245192,0.707709697495959,0.007281122088869133,0.21947438745331618,0.02554737409258692,0.04728825783773795,0.9559799750055265,0.022395741415553862,0.006831255260722237,0.002944495928764758,3.8065545243619487,0.5377248190391049,0.04881863997850598,0.3363612093605652,0.13555354715657644,0.1146860846295909,0.27611153944305594
OR007@3_3,数据集/数据集/源域数据集/48kHz_DE_data/OR/Orthogonal/0007/OR007@3_3.mat,12,OR,48k_DE,1724.0,0.4437043089969153,0.4437043089969153,1.913633320669805,3.714150127355172,0.33509726490195746,0.19687351382243012,0.04516982835372266,4.214742697488822,4.314512797524799,5.7128986036911895,0.18543612281023011,2923.122672607893,524.3612415038889,0.6028811542051472,0.045121989163446424,1.6178913633078023,4.498260353670796,0.5371729733687055,0.17952573872885544,0.00034375,0.835329757799034,0.0030669646119066037,0.6993403714621633,0.006635127404848299,0.22662206330133708,0.02633004457091201,0.0486142961436452,0.9561226011501442,0.022490838205643227,0.0065968140610282,0.0027411638218950993,3.8065545243619487,0.5371729733687055,0.042510877940975536,0.3479360127510338,0.12913522018548468,0.1174559350975929,0.2743350239587911
OR007@3_3,数据集/数据集/源域数据集/48kHz_DE_data/OR/Orthogonal/0007/OR007@3_3.mat,13,OR,48k_DE,1724.0,0.448800633176856,0.448800633176856,1.9636330190376314,3.8284901009014973,0.3404870220570617,0.20142200833994683,0.05668748539542425,4.126610894063131,4.381230886697241,5.775184707347029,0.1859244338643716,2928.142541433716,526.4414684031505,0.6023852453572688,0.043868219609098556,1.6040317479710453,4.488231623721052,0.5355193430656963,0.18159920845233785,0.00034375,0.8351420660706297,0.0028884833769037737,0.7003700030001571,0.006492361702910355,0.22501584899904653,0.02694609046175634,0.04850496840528321,0.95537373503029,0.02297039467168881,0.0069874391993207255,0.0029498501950723055,3.8065545243619487,0.5355193430656963,0.044878713844256006,0.35532837717686405,0.1292194714457157,0.11147170536446,0.27018723275169493
OR021@3_0,数据集/数据集/源域数据集/48kHz_DE_data/OR/Orthogonal/0021/OR021@3_0.mat,0,OR,48k_DE,1796.0,0.4063343409244442,0.4063343409244442,2.898776818899619,5.319926948915978,0.2816466784549777,0.16510759661450244,-0.2226365357537484,8.298108914327,7.132883603102156,10.290692542615712,0.16736861380699505,2599.8877578387437,793.4515994083687,0.6963069749570593,0.034883407251664826,1.964972535862607,11.228765570140252,0.6133704226729426,0.13219917036409898,0.00034375,0.8618919084060023,0.01874665074870038,0.6198194374902785,0.0373166500110466,0.14691840853997495,0.11078387316838831,0.15811684701868975,0.8236528498611162,0.0725864281167719,0.009277757627972456,0.002363197848849231,1.0439866369710467,0.6133704226729426,0.24432070584559154,0.12400997238356623,0.11314381095010627,0.1153968647529854,0.15946586835172868
OR021@3_0,数据集/数据集/源域数据集/48kHz_DE_data/OR/Orthogonal/0021/OR021@3_0.mat,1,OR,48k_DE,1796.0,0.4040486085343442,0.4040486085343442,2.8984845181000853,5.239877946575371,0.2798094271426922,0.16325527805853973,-0.297186700176883,8.255649319034633,7.168302405543979,10.351526865429893,0.167185497161692,2572.4166244070875,807.8819241825644,0.7013967990338869,0.029542440199670596,1.9514595764452691,11.063901540543421,0.6102439120562454,0.11692397554934729,0.00034375,0.8639377562975602,0.02002234121961643,0.6288565244766908,0.03939621703134311,0.14053241356446752,0.11906943791362097,0.15834352135607324,0.8116949851759406,0.06955986906992254,0.00959278402021822,0.0025100728469838645,1.0439866369710467,0.6102439120562454,0.24379832512159932,0.1455045172774799,0.11141316615317326,0.10823379469880312,0.15181575650591791
OR021@3_0,数据集/数据集/源域数据集/48kHz_DE_data/OR/Orthogonal/0021/OR021@3_0.mat,2,OR,48k_DE,1796.0,0.422211752273871,0.422211752273871,2.8927600545247727,5.4117917127284425,0.29125330804816485,0.1782627637581726,-0.3211533017758518,8.238182671366209,6.845037892703848,9.923362385409972,0.16755173045229813,2604.1568556840175,799.0265771401469,0.7006377079793727,0.031907118437437106,1.9754970202863642,10.527682589562982,0.6043943693047606,0.1305404868708148,0.00034375,0.8609336094000025,0.01754072614325056,0.6260851414414542,0.036943866417920336,0.14949858671528718,0.12212920111448829,0.1509100457800694,0.8136688809084396,0.07087077339980687,0.009503841507874311,0.002436333782187192,1.0439866369710467,0.6043943693047606,0.25053663251481967,0.14405526515265593,0.11554174696160606,0.09988807707911548,0.15401212233249656
OR021@3_0,数据集/数据集/源域数据集/48kHz_DE_data/OR/Orthogonal/0021/OR021@3_0.mat,3,OR,48k_DE,1796.0,0.41779768314365856,0.41779768314365856,2.8928236777258247,5.411889505612427,0.29221176071206423,0.1745549040402089,-0.2956217869826934,8.198332797130286,6.918875526992363,9.892787676282813,0.1698101690777025,2625.402629064218,782.3131772788495,0.7003478580570883,0.033532193757734495,1.9019609182278436,11.414022640230126,0.6171705798215252,0.10948492244789247,0.00034375,0.8591122621024636,0.015168512731951264,0.6115077580131855,0.03625221535281184,0.16027167412135215,0.11159067057643726,0.16077866339248173,0.8271573055757432,0.06512681901069531,0.009621453229757314,0.0021303558195501383,1.0439866369710467,0.6171705798215252,0.2185580404481391,0.13953112091296735,0.11722597210968753,0.11561246870485314,0.16926534789823047
OR021@3_0,数据集/数据集/源域数据集/48kHz_DE_data/OR/Orthogonal/0021/OR021@3_0.mat,4,OR,48k_DE,1796.0,0.4104283570959579,0.4104283570959579,2.8437433561969905,5.430601140890182,0.2891355705843589,0.16845143630848713,-0.18875975271777828,7.830032783316344,6.922398381716523,9.826881309772808,0.1693828969053287,2618.289288857054,785.5770848673881,0.6939673307664329,0.035619943410467245,1.885272406032375,11.17548937435836,0.6172077562204877,0.11409957238729349,0.00034375,0.8607455460486809,0.018446006306182504,0.625159556018527,0.03588592183957706,0.1421431460315797,0.10771094339863807,0.15854840260589897,0.8284625398851635,0.07185612644743847,0.009277976977628288,0.002113382728855191,1.0439866369710467,0.6172077562204877,0.22253488182750586,0.1510030647094161,0.11107184482948616,0.11744427061097135,0.15601604046609024
OR021@3_0,数据集/数据集/源域数据集/48kHz_DE_data/OR/Orthogonal/0021/OR021@3_0.mat,5,OR,48k_DE,1796.0,0.4120093636658433,0.4120093636658433,3.0217766960249244,5.627295977111556,0.28493335852913304,0.1697517157483331,-0.192305941728764,8.716016800916613,7.323388481711845,10.591103610886902,0.16700238051638894,2599.708102556652,798.9588920900933,0.6955401925485598,0.03417052951888228,1.9636801039687186,12.14708945719768,0.60201687939932,0.13342420232734933,0.00034375,0.8616618918935649,0.01917254265490129,0.6417644725198396,0.03900570134587622,0.13324849425881571,0.11047499803811121,0.14719868710103984,0.8219378473143159,0.0753360170783734,0.009200257920457542,0.0022529146804818674,1.0439866369710467,0.60201687939932,0.25385771452806,0.14517099576141945,0.11769729277002737,0.10006512183460217,0.1459220375407663
OR021@3_0,数据集/数据集/源域数据集/48kHz_DE_data/OR/Orthogonal/0021/OR021@3_0.mat,6,OR,48k_DE,1796.0,0.4124882928497212,0.4124882928497212,3.2470039238810333,5.876787902603344,0.28377166957414934,0.1701465917380774,-0.1938287770704317,8.694577445864132,7.861223693376022,11.42861707097717,0.16791796374290424,2598.918546979911,788.8907875381523,0.6974662707113892,0.028030943653722506,1.9906311689032716,11.677941814365383,0.6031872780313186,0.11595615880449632,0.00034375,0.8621661685136243,0.018025748224653425,0.6514314375929029,0.03754450997202423,0.1358875755287518,0.11019525628623543,0.13835448350295118,0.8248663621530413,0.07193463600113005,0.009160521559317522,0.0022002175320768322,1.0439866369710467,0.6031872780313186,0.23976244165450455,0.15316679843752376,0.13176177842470432,0.10255782161650634,0.14827920452007687
OR021@3_0,数据集/数据集/源域数据集/48kHz_DE_data/OR/Orthogonal/0021/OR021@3_0.mat,7,OR,48k_DE,1796.0,0.4164101887480316,0.4164101887480316,3.2468307362929725,5.891375646018133,0.2889338393279173,0.1733974452931713,-0.2314240770505555,8.282290528241292,7.790275610242342,11.227967494381785,0.16840627479704573,2609.265943108595,783.8211496970932,0.6948322769770537,0.03262714654797146,1.9639366525547965,11.12379408193509,0.6034284276960649,0.11932869892436852,0.00034375,0.8617939663706744,0.01616154011958845,0.6465886082182245,0.036919901606046475,0.13880610089939732,0.1138749524398019,0.14240002077903982,0.823448978829498,0.06988809619736877,0.009386820288091,0.002137946792563558,1.0439866369710467,0.6034284276960649,0.24170681229792607,0.1529981655228896,0.12454732570323249,0.10773395758544237,0.14622737821160534
OR021@3_0,数据集/数据集/源域数据集/48kHz_DE_data/OR/Orthogonal/0021/OR021@3_0.mat,8,OR,48k_DE,1796.0,0.41747893552200177,0.41747893552200177,3.2471815489053935,5.892954399957045,0.2886659237426127,0.1742886616045837,-0.2916267297336833,8.481198251710207,7.773221485204823,11.242199264610909,0.16974913019593482,2587.764056666276,796.9417704867179,0.6967200888382439,0.0308520949449741,1.9723651860778741,11.437410277044684,0.6095925671514599,0.12327229708216635,0.00034375,0.8614650368697225,0.01788297901117288,0.6303026408680829,0.041033039880524744,0.13661055051592955,0.11433587847762887,0.15678865227940497,0.8173053384396172,0.07386794568569675,0.009225195441659447,0.0022428416482866815,1.0439866369710467,0.6095925671514599,0.2435290918878264,0.1489199320889649,0.1095676675117726,0.1060178664949913,0.1433405924154593
OR021@3_1,数据集/数据集/源域数据集/48kHz_DE_data/OR/Orthogonal/0021/OR021@3_1.mat,0,OR,48k_DE,1770.0,0.7737227998942456,0.7737227998942456,4.747729744155066,9.357652180881447,0.5303526021279874,0.5986469710761909,0.10678811983214274,7.084286689723798,6.147664764637384,8.970408444445658,0.16651406946224745,2626.254813386582,723.9185539528887,0.6717616786293088,0.03521656194324651,2.0804055201138683,7.369041201013298,0.5662577865539931,0.1378290745572142,0.00034375,0.8609567764172588,0.018763227008756017,0.7607085530690642,0.036512918950449315,0.08647462572548939,0.08674908529170626,0.08870183011068884,0.8511906746539877,0.06198267201838996,0.006538440842699908,0.001954367010921469,1.0593220338983051,0.5662577865539931,0.2654198253824466,0.21966320853692536,0.17322665343051794,0.08693693650527375,0.08581562436995295
OR021@3_1,数据集/数据集/源域数据集/48kHz_DE_data/OR/Orthogonal/0021/OR021@3_1.mat,1,OR,48k_DE,1770.0,0.7661273947228914,0.7661273947228914,5.01009013464018,9.759906628529258,0.524508012631969,0.586951184944885,0.13125682099419703,7.1400065324154784,6.528298591559528,9.537098823299717,0.16779588597936887,2629.422193302422,713.7309823237297,0.6677210299834,0.034164297329735596,2.0788205726397324,7.500542762475521,0.5658832675963485,0.13533144318629445,0.00034375,0.8609839285589499,0.018422600750549092,0.7737056883992589,0.034181537257689965,0.07877968470737545,0.08567417659207818,0.08607885498668712,0.855013931131145,0.059402273212077486,0.006461435120848168,0.001859489192833922,1.0593220338983051,0.5658832675963485,0.27805219623447974,0.20099219399058962,0.1804888816414788,0.09631196093450577,0.07972045391734903
OR021@3_1,数据集/数据集/源域数据集/48kHz_DE_data/OR/Orthogonal/0021/OR021@3_1.mat,2,OR,48k_DE,1770.0,0.7661884092993106,0.7661884092993106,5.008715856093882,9.415326399627585,0.5259914403034738,0.587044678544608,0.11463765929158469,7.034177347915125,6.523476980184152,9.504934588406028,0.16645303058047978,2623.1926166893277,723.802454285097,0.6710332985151272,0.03008588958428005,2.0566270782875833,7.407887619587927,0.5698325419777841,0.14183549970860698,0.00034375,0.8617307925371118,0.01885070229122611,0.7592799110251898,0.03532798837839671,0.08357553936201274,0.08995215988288607,0.0936102148899652,0.8488899664989076,0.061534992878969075,0.0067353392779543626,0.0018279267699961765,1.0593220338983051,0.5698325419777841,0.2844434901517342,0.19371539719786754,0.16168547889279597,0.09990702510340162,0.08499574747303132
OR021@3_1,数据集/数据集/源域数据集/48kHz_DE_data/OR/Orthogonal/0021/OR021@3_1.mat,3,OR,48k_DE,1770.0,0.7631582925653935,0.7631582925653935,4.727277609811677,9.07591115437345,0.5204441150396302,0.5824105795113267,0.08443734926681261,7.263360691660445,6.180650090349143,9.065494024532125,0.16639199169871208,2620.3853744766507,722.8190160426698,0.6684270448639463,0.02892391820910692,2.0875592954776345,7.586280944792039,0.5651551908698847,0.14702150561316937,0.00034375,0.8617480066584682,0.019189397056359546,0.7648923806616122,0.036605459370632844,0.08415906449435843,0.08834446968409396,0.08607513859981758,0.8492784661350758,0.06300694670971783,0.006344454917797987,0.001702656016432182,1.0593220338983051,0.5651551908698847,0.2933278507419032,0.18869596144210504,0.1744944163613193,0.08905403799304636,0.08541860228334505
OR021@3_1,数据集/数据集/源域数据集/48kHz_DE_data/OR/Orthogonal/0021/OR021@3_1.mat,4,OR,48k_DE,1770.0,0.7665542021632366,0.7665542021632366,5.033094513400078,9.476553207482649,0.5207343254074575,0.5876053448541162,0.09336122355099857,7.30413510916744,6.554437363080342,9.650455070180179,0.16889458585118722,2621.536453870517,722.1495679886847,0.6690544004985803,0.028112925636019543,2.119815473595347,7.505460567995766,0.5621473441424787,0.14995039639003876,0.00034375,0.8613837659177512,0.019268444892912906,0.7702584736731349,0.036658804236181966,0.08429504308539408,0.08812168719488905,0.08157589597457801,0.8496719923862415,0.06189516950702171,0.006025885064002284,0.0018098121363033356,1.0593220338983051,0.5621473441424787,0.29313490788395385,0.19512676218871772,0.1808675451296119,0.08546537696729309,0.08714829617995669
OR021@3_1,数据集/数据集/源域数据集/48kHz_DE_data/OR/Orthogonal/0021/OR021@3_1.mat,5,OR,48k_DE,1770.0,0.7544779037647504,0.7544779037647504,5.666893441401727,10.621219689434374,0.5140773384774151,0.569236907269252,0.041854303257475155,7.84686781398486,7.501779601867052,11.011228151039555,0.16919978026002563,2615.5149561087383,730.3083976151515,0.6704144657900876,0.03170010195177927,2.0708099526028545,8.829406749034245,0.5785125695679795,0.1452064306566566,0.00034375,0.8619567977397183,0.020269508698633563,0.7474272110167837,0.03759051282176952,0.09786070206949862,0.09091570086014886,0.09010751858962374,0.8446822032537593,0.06254876928716144,0.006287717310883204,0.0018714948233174399,1.0593220338983051,0.5785125695679795,0.26979074585886137,0.18585996009409614,0.16871304566032894,0.1061734599755631,0.10142576502272153
OR021@3_1,数据集/数据集/源域数据集/48kHz_DE_data/OR/Orthogonal/0021/OR021@3_1.mat,6,OR,48k_DE,1770.0,0.7453986184742376,0.7453986184742376,5.667206206438536,10.621218889081264,0.5096253396481369,0.5556191004233021,0.013308859421187615,7.745221458867363,7.595557759960563,11.11035792146404,0.16785692486113654,2614.2486074408484,728.9609556533376,0.671971344901693,0.030963526025888477,2.067787062660802,8.85991699971659,0.576911548174523,0.13104903656294528,0.00034375,0.8619617877708982,0.02066318898053757,0.7498948221469242,0.036656490086379355,0.09768748146015861,0.08712000608349474,0.08880136268260518,0.8490241880742013,0.061679812035901914,0.006275291925049461,0.001760689602269604,1.0593220338983051,0.576911548174523,0.2654740738603562,0.19747744685567947,0.16076702139180202,0.11066885416729802,0.1022095807183319
OR021@3_1,数据集/数据集/源域数据集/48kHz_DE_data/OR/Orthogonal/0021/OR021@3_1.mat,7,OR,48k_DE,1770.0,0.7473367647617533,0.7473367647617533,5.259755330539861,9.70967777410089,0.5099283599080163,0.5585122399645641,0.00978193611900904,7.50671926827753,7.025407188687057,10.298577861349836,0.16639199169871208,2622.3025263999025,727.8243997868458,0.6738990933080731,0.028790647563579175,2.1143955440337088,8.229904904609636,0.5771939740893081,0.1319855768036669,0.00034375,0.8618267595793577,0.019493843613649888,0.7517886755990218,0.0359317438176148,0.09210988715762324,0.08918124946439128,0.09627676236317037,0.8485727561406784,0.05784771495834193,0.006549213180916104,0.0018080648980577892,1.0593220338983051,0.5771939740893081,0.2548619848889234,0.21007083458538964,0.15837010075128347,0.11146116296797327,0.09644070287506298
OR021@3_1,数据集/数据集/源域数据集/48kHz_DE_data/OR/Orthogonal/0021/OR021@3_1.mat,8,OR,48k_DE,1770.0,0.7613186094445588,0.7613186094445588,5.203027312927558,9.652413902141394,0.5170535741980853,0.5796060250865965,-0.035896251218845314,7.967950178096328,6.816464646971005,10.041076323826214,0.16779588597936887,2625.454867088157,723.3248419261491,0.6690172704942889,0.03451795542693021,2.124362687021403,8.900513615217495,0.566401603945461,0.12933153734843209,0.00034375,0.8607363618264117,0.020057611071059574,0.7729218851580573,0.03559004753333806,0.08044072007051267,0.0812314019220464,0.09045785428792578,0.8564963497593202,0.05434738436193228,0.006382148071464104,0.0016841958226910076,1.0593220338983051,0.566401603945461,0.2611735808755047,0.21841483262814,0.17474862187469767,0.10388581337249272,0.08469413928924507
OR021@3_1,数据集/数据集/源域数据集/48kHz_DE_data/OR/Orthogonal/0021/OR021@3_1.mat,9,OR,48k_DE,1770.0,0.7669816291838396,0.7669816291838396,5.202500700405311,9.30551446274903,0.5222345809332514,0.5882608195054968,-0.01911567786088069,7.575322383687699,6.762059538207526,9.936922368097791,0.16608679728987366,2627.940194925565,731.9516380292058,0.6706605236944727,0.033156641857912325,2.118660218707091,8.106181357978585,0.57271954096616,0.14381186754864914,0.00034375,0.8607440707153549,0.01983895845016231,0.7471677871729614,0.037090242949570626,0.09315019122199673,0.08566833546930451,0.09673130890076924,0.850477193823808,0.06081918559533862,0.0066744605828962834,0.001962768405837015,1.0593220338983051,0.57271954096616,0.27243110489711553,0.19477783980858027,0.17112771946704616,0.09312482500184181,0.09663780927344344
OR021@3_1,数据集/数据集/源域数据集/48kHz_DE_data/OR/Orthogonal/0021/OR021@3_1.mat,10,OR,48k_DE,1770.0,0.7656678615384046,0.7656678615384046,5.011094393573352,9.524479569904356,0.5245767189446029,0.5862472741927935,0.028801425455150884,7.066139466732699,6.5287533137558516,9.532522700942787,0.16578160288103522,2634.1806602066526,719.5013362966438,0.6673785953814857,0.030671202614701663,2.0871974436549414,7.312440842522649,0.5699161362387007,0.12921937781716114,0.00034375,0.860735629313787,0.019532957479169995,0.7622736987574863,0.035219402300832585,0.08841379966569668,0.08035048234724329,0.08818932391682563,0.8583592081758161,0.0591317362438562,0.0062997676334432115,0.0018345683899008806,1.0593220338983051,0.5699161362387007,0.26127099623210265,0.2012149153197166,0.19182199212632245,0.09437103048324941,0.0917221206514893
OR021@3_1,数据集/数据集/源域数据集/48kHz_DE_data/OR/Orthogonal/0021/OR021@3_1.mat,11,OR,48k_DE,1770.0,0.7787551925925642,0.7787551925925642,5.250421099147399,9.764383216176906,0.5315575456729471,0.6064596499898818,0.05875565253407417,7.1584189609278885,6.731447402034039,9.86342037526799,0.1693828969053287,2643.36229352873,723.7912005050875,0.6712900577226579,0.03366659360205005,2.0951149477449147,7.3700839643498215,0.5807479880851009,0.12537729964712932,0.00034375,0.8593612005805501,0.0193464689000276,0.7336155328852276,0.03268272796577162,0.10719912926101442,0.08673673533075368,0.0931718742614171,0.8544984991336657,0.06391429122493575,0.006481135148326935,0.0019260874725749808,1.0593220338983051,0.5807479880851009,0.25076212184299146,0.19548135708990588,0.16865524215674985,0.1043530225734365,0.10955980620561907
OR021@3_1,数据集/数据集/源域数据集/48kHz_DE_data/OR/Orthogonal/0021/OR021@3_1.mat,12,OR,48k_DE,1770.0,0.7678235765372645,0.7678235765372645,5.329658600950556,10.17536736447408,0.522159044496773,0.5895530446864765,0.026928305170378617,7.529458155396863,6.930588757315934,10.193059478975801,0.17048159677714705,2636.5667970414565,722.3896880989886,0.6708599700513425,0.030757183091036016,2.1014348223674784,8.036045083713637,0.577534114104567,0.1196954788035,0.00034375,0.8600059998954569,0.019670674375760193,0.751580600467696,0.03493726768236417,0.09811168462059706,0.08195736107989805,0.08859927900856814,0.856731647542904,0.059809373826958896,0.006461890281702136,0.0017407796012693195,1.0593220338983051,0.577534114104567,0.24685597438360057,0.21055221934047896,0.16689906049739686,0.11203530943138829,0.1010023390099534
OR021@3_1,数据集/数据集/源域数据集/48kHz_DE_data/OR/Orthogonal/0021/OR021@3_1.mat,13,OR,48k_DE,1770.0,0.7584057092143203,0.7584057092143203,5.32871013429689,10.175367589056542,0.5163737046348564,0.5751792197688761,-0.0016703547051583301,7.450278319206913,7.017612169293089,10.307831396054134,0.16724653604345968,2621.6923297112417,743.868320472352,0.6714617456295189,0.03310113821172122,2.082312594475151,7.916638937919532,0.5760075688512686,0.1271995860121799,0.00034375,0.8611535156570125,0.020473797717800186,0.743028883574267,0.03907489296363735,0.09654592750791215,0.08914063085484428,0.09230495966894377,0.8445342589182474,0.0659053098078107,0.00651511410256339,0.0020299511646184295,1.0593220338983051,0.5760075688512686,0.2621425420884631,0.20687540103741875,0.15636596003956246,0.10208272128220977,0.09862161470445624
OR021@3_2,数据集/数据集/源域数据集/48kHz_DE_data/OR/Orthogonal/0021/OR021@3_2.mat,0,OR,48k_DE,1746.0,0.6994470964168733,0.6994470964168733,4.272587765233594,8.470946975259782,0.4810017573734646,0.48922624068599485,0.10441934197479376,6.729383329092475,6.10273508789483,8.874729234641746,0.16620887505340903,2603.5566530953356,744.7994390832727,0.6747298246752801,0.03490240007300855,2.0758806740597637,6.953812176336635,0.5723935550141191,0.1406154684575651,0.00034375,0.8621444506909468,0.021876598971188058,0.7459246592560376,0.04190968289995805,0.09407497939514085,0.09233340041885515,0.08931689421452724,0.8374864108726949,0.0685014953981228,0.006024954800607326,0.002000894542292938,1.0738831615120275,0.5723935550141191,0.27132564767574013,0.19733850184819784,0.16537693981758128,0.09170927845318128,0.09473331500724747
OR021@3_2,数据集/数据集/源域数据集/48kHz_DE_data/OR/Orthogonal/0021/OR021@3_2.mat,1,OR,48k_DE,1746.0,0.7195570350009733,0.7195570350009733,3.9751831046264487,7.910377007080091,0.4935883626834286,0.517762326619392,0.09958361449737456,6.523915897835186,5.521619487084465,8.049568351292956,0.16504913629982298,2611.902972797166,742.9589450460851,0.6729075138597019,0.034387429434203816,2.1374152219701448,6.37769809384945,0.5639410737873404,0.15587112902987255,0.00034375,0.8616474309786792,0.021775784365550537,0.754360545062304,0.04182636832842203,0.0857991856229714,0.09179519244978773,0.09096210673717373,0.8381371555393484,0.06678157933661126,0.006133063310915616,0.001922905575478609,1.0738831615120275,0.5639410737873404,0.29755005978639754,0.18811630056717737,0.1587623424193138,0.09030047687275046,0.08876345130225397
OR021@3_2,数据集/数据集/源域数据集/48kHz_DE_data/OR/Orthogonal/0021/OR021@3_2.mat,2,OR,48k_DE,1746.0,0.7191514081120423,0.7191514081120423,4.521424282593087,8.581977845851807,0.49055245724485497,0.5171787477895331,0.07331696751749175,6.746728033155839,6.282319779867628,9.210220633029738,0.1646218641274492,2626.708590507352,732.0095522030142,0.6718992648245884,0.029119199979381116,2.1767265410139354,6.703029205696629,0.558997121963053,0.14977846832604852,0.00034375,0.8606798649036297,0.02068416189217336,0.774507230344692,0.040307097461104266,0.07504523196375654,0.08050160075266678,0.08588269263948295,0.8520475278300833,0.06266968621491358,0.0061431334403539055,0.001744637521591858,1.0738831615120275,0.558997121963053,0.29737136526782176,0.18637842041999172,0.16974647675869026,0.09800304935188367,0.0822762555151016
OR021@3_2,数据集/数据集/源域数据集/48kHz_DE_data/OR/Orthogonal/0021/OR021@3_2.mat,3,OR,48k_DE,1746.0,0.7341738427331548,0.7341738427331548,4.562791069734958,8.747286894366768,0.4995048339026076,0.5390112313535671,0.062190424464366845,6.979507611998138,6.202892409094666,9.118825375108466,0.16266861991088324,2629.95667990232,731.4935214420233,0.6752265448562499,0.02949978862642239,2.1819171832483577,7.149297865458466,0.5594297165971687,0.15452331706995204,0.00034375,0.8605227033270739,0.019466383120564812,0.7738338695723477,0.03933340539211673,0.07597183555914232,0.08552525252434877,0.09059299882713975,0.8487924215432805,0.05770539064988768,0.006556805430963079,0.0017405413541299619,1.0738831615120275,0.5594297165971687,0.3063123480433787,0.18667886963191374,0.15443247845439678,0.10263725003894182,0.08540552436741895
OR021@3_2,数据集/数据集/源域数据集/48kHz_DE_data/OR/Orthogonal/0021/OR021@3_2.mat,4,OR,48k_DE,1746.0,0.7234666908139533,0.7234666908139533,4.78273861136262,9.018364677984282,0.4912611316118673,0.5234040527172923,0.06519840323628565,7.249826432054971,6.608615365551192,9.732385936985963,0.162912775437954,2628.6232560572216,731.6657289936727,0.6703038060543339,0.03415714232186077,2.1787901354756363,7.645728348452017,0.5610880301078244,0.15356975535807132,0.00034375,0.8606444600327948,0.02132045716874005,0.7751932504962676,0.038501222893719,0.07616178473893373,0.08202830581810787,0.08858557526377522,0.8516620115466148,0.058120822963792666,0.006159412629804382,0.0017761549787374568,1.0738831615120275,0.5610880301078244,0.3071115195778982,0.18209347036188195,0.15072782150012712,0.11127511104428169,0.08226867703850854
OR021@3_2,数据集/数据集/源域数据集/48kHz_DE_data/OR/Orthogonal/0021/OR021@3_2.mat,5,OR,48k_DE,1746.0,0.7259321123598105,0.7259321123598105,4.783180777587229,9.126142710992738,0.4896726160352156,0.5269774317551765,0.0541978539743754,7.54758403301996,6.587907611653858,9.766491243387257,0.1649880974180553,2630.375616060527,716.1782651702041,0.66989617486422,0.030447484286265505,2.196274214703285,7.938929135026128,0.5545232672959727,0.1523606911315196,0.00034375,0.8610758951585457,0.019718910324178406,0.7859426599828727,0.03626587612651354,0.07320721200185279,0.08221012457283522,0.08560271077000468,0.8552689693386896,0.053401505940494205,0.0062238401182380595,0.0016825479424557022,1.0738831615120275,0.5545232672959727,0.3047821916968262,0.19683142917137603,0.15909971621758204,0.09898165247054411,0.0808861338340145
OR021@3_2,数据集/数据集/源域数据集/48kHz_DE_data/OR/Orthogonal/0021/OR021@3_2.mat,6,OR,48k_DE,1746.0,0.7318673621702351,0.7318673621702351,4.769084966026901,9.42800013667702,0.49521095362476547,0.535629835810018,0.06266128926062874,7.6587777838953475,6.50948214071138,9.621026869081087,0.16663614722578282,2618.826584522137,724.04584867089,0.6693562023359583,0.03269006292652169,2.1557883400547406,8.29540091192118,0.559942182832754,0.15001043899813024,0.00034375,0.8614878469179102,0.02106978226032399,0.778680968363499,0.037384457444455385,0.07800860332333001,0.08740842971204658,0.08340653169898492,0.847801700752228,0.05788949815744041,0.006005954085156053,0.0018410134075013728,1.0738831615120275,0.559942182832754,0.2857363924203504,0.20734247770418618,0.1576726989062058,0.10533471421092702,0.08485149690737222
OR021@3_2,数据集/数据集/源域数据集/48kHz_DE_data/OR/Orthogonal/0021/OR021@3_2.mat,7,OR,48k_DE,1746.0,0.7295377196806657,0.7295377196806657,4.656807850020565,9.020638797709871,0.4932768790825848,0.5322252844368656,0.047275945897796136,7.569594108704243,6.388036147044496,9.447994823738222,0.16523225294512606,2627.1250328423744,721.3169204594627,0.6684833310886158,0.028787162292948115,2.145261142948156,8.039446764405904,0.5544660089835499,0.1501162446548786,0.00034375,0.8608015738621742,0.01963845606001912,0.786846971083441,0.03862667959296875,0.07446863166100912,0.0814967094599921,0.07805831697241504,0.8540266378027414,0.05873884057536306,0.0058939082813619205,0.0017312062984472805,1.0738831615120275,0.5544660089835499,0.2956204975300388,0.20367925099016942,0.16032360308138258,0.10415324720619505,0.0775707797524879
OR021@3_2,数据集/数据集/源域数据集/48kHz_DE_data/OR/Orthogonal/0021/OR021@3_2.mat,8,OR,48k_DE,1746.0,0.7267716293379671,0.7267716293379671,4.332095283388306,8.570588602909943,0.49393170921105173,0.5281970012105635,0.046690401917123786,7.21253719663505,5.94868750052629,8.754725825493491,0.16175303668436794,2619.5825623827973,734.5047562334875,0.6724215956690046,0.028063208554678778,2.1422540818728764,7.463512693939851,0.560828330796536,0.15404180295331354,0.00034375,0.8613351360651428,0.02027465900846432,0.7781280755453951,0.04130874022614639,0.07315718988002402,0.08446235769642957,0.08569961039922269,0.8474830909742562,0.06097846772482202,0.006143991342051482,0.0018632677628983396,1.0738831615120275,0.560828330796536,0.29137922811707295,0.18632793713517207,0.1667081335310935,0.10540297570658944,0.08171142467892878
OR021@3_2,数据集/数据集/源域数据集/48kHz_DE_data/OR/Orthogonal/0021/OR021@3_2.mat,9,OR,48k_DE,1746.0,0.6996848084973506,0.6996848084973506,4.662430641355977,8.91546171914505,0.47308762636592955,0.4895588312419742,0.06014285518682246,7.679281327511443,6.6475957213281465,9.835050685561367,0.16199719221143868,2611.29137347913,729.3885095011784,0.6685022966913864,0.02938925184912387,2.188835621843922,8.291857794174426,0.5616973555685638,0.14208255754851382,0.00034375,0.8618340294564993,0.021287644091852763,0.7897351720776149,0.04032665688874318,0.06798431361554914,0.07936441913985237,0.08423804140478158,0.8528275429667442,0.05615036481636097,0.005851519568548427,0.0017381350789582388,1.0738831615120275,0.5616973555685638,0.2814445114596045,0.18549781447602148,0.17633273866814234,0.12009292449597449,0.07847649911484682
OR021@3_2,数据集/数据集/源域数据集/48kHz_DE_data/OR/Orthogonal/0021/OR021@3_2.mat,10,OR,48k_DE,1746.0,0.7095986813486914,0.7095986813486914,4.66207192378971,8.915662982054736,0.480486524186963,0.5035302885718017,0.008476590325263482,7.711330352803142,6.555038869679511,9.683659035713667,0.16358420313739852,2623.0429473297145,727.4175324018411,0.6718677128619771,0.0276598169117116,2.1545075496778896,8.411100799424968,0.5664580555730563,0.1416573598492627,0.00034375,0.8610806179391871,0.02101581913506805,0.7736629917965698,0.03785210549395952,0.0790584559585211,0.08165526295451078,0.09161988161925853,0.8529164191367142,0.05384637763909116,0.006218345373695852,0.0016630890179435804,1.0738831615120275,0.5664580555730563,0.2828843578007956,0.18218788455050536,0.17301393720769034,0.10926495761562748,0.09106317434513082
OR021@3_2,数据集/数据集/源域数据集/48kHz_DE_data/OR/Orthogonal/0021/OR021@3_2.mat,11,OR,48k_DE,1746.0,0.6972242863926467,0.6972242863926467,4.691562690986555,9.318740230074539,0.4764537964871405,0.4861217055357353,0.04303578453008405,7.742189589229381,6.740098342689713,9.865193789637098,0.16535433070866143,2611.322755417671,731.4869331612394,0.6687560935263132,0.03091003898590492,2.061574213746276,8.874609002070368,0.5691732248449474,0.13545206232151896,0.00034375,0.8619294899562044,0.024012865431087566,0.7726022463464083,0.03858230455393586,0.0779175585535631,0.0782634695870269,0.08555953947093796,0.8532213755446246,0.06195934781348668,0.005571963778782367,0.0017916114747643546,1.0738831615120275,0.5691732248449474,0.2676045143882187,0.20238348802952943,0.1730840913991581,0.10979061917245704,0.08401679442442164
OR021@3_2,数据集/数据集/源域数据集/48kHz_DE_data/OR/Orthogonal/0021/OR021@3_2.mat,12,OR,48k_DE,1746.0,0.7096654089332844,0.7096654089332844,4.691343775435673,8.969812455275548,0.4891712018866295,0.5036249926364458,0.02331321748043001,7.23252006477681,6.620136825613308,9.605412075476933,0.1659036806445706,2610.440579993544,736.3324044013458,0.6737152500967957,0.027914030436710494,2.0451784229096326,8.155800245843801,0.5730374326416287,0.1393466793787797,0.00034375,0.8621576796660575,0.0218833800208215,0.7543077547044593,0.04031042208457577,0.08568139942780964,0.08256585275171326,0.09495342153380494,0.8490349352961171,0.06301351667898028,0.005860687130718979,0.0018674275307583106,1.0738831615120275,0.5730374326416287,0.26975592238498247,0.20400643814043895,0.15979577119997584,0.10233082206732297,0.08651267708304311
OR021@3_2,数据集/数据集/源域数据集/48kHz_DE_data/OR/Orthogonal/0021/OR021@3_2.mat,13,OR,48k_DE,1746.0,0.7179996371684472,0.7179996371684472,4.948213360350488,9.57164949531777,0.4950430737271969,0.5155234789740217,-0.03477552780189471,7.406287783313398,6.876171226694923,9.975780789579403,0.1646218641274492,2608.9496423810842,745.4145023685752,0.6746911435652523,0.02767035266642631,2.0350620391922587,8.662660693492946,0.570470930587103,0.144261857348298,0.00034375,0.8620116144728206,0.023340025005074296,0.7626167261523913,0.04010681397364414,0.08076797482663003,0.08495396962415365,0.09027667311077242,0.845284126279277,0.0642429633334895,0.005975719566394368,0.0019089411039651812,1.0738831615120275,0.570470930587103,0.2711544429672285,0.20022056415316478,0.17184924098286014,0.09963792272028071,0.08458719439235533
OR021@3_3,数据集/数据集/源域数据集/48kHz_DE_data/OR/Orthogonal/0021/OR021@3_3.mat,0,OR,48k_DE,1719.0,0.6665718092544097,0.6665718092544097,4.636331002212961,8.58382007803467,0.45904209752530534,0.44431797689269725,-0.11064958989661385,7.523267096238897,6.948732443085009,10.090804366585575,0.15900628700482208,2571.6111959430473,775.7156598369357,0.6837190754439404,0.035724834765125134,2.0475586178285363,8.724956592484437,0.5801278957047652,0.12521223436940213,0.00034375,0.8653405167800935,0.021453848672125443,0.7361987030861333,0.04982318262254283,0.09175557607802955,0.09978612852267302,0.10846882959236295,0.8219312019593843,0.061202955323330005,0.006545432725158502,0.0021724118673666242,1.0907504363001745,0.5801278957047652,0.2573349436995752,0.20813672841416359,0.15294490573422323,0.08560927414278563,0.10546934123174208
OR021@3_3,数据集/数据集/源域数据集/48kHz_DE_data/OR/Orthogonal/0021/OR021@3_3.mat,1,OR,48k_DE,1719.0,0.6798563797979936,0.6798563797979936,4.637200244182262,8.850289347069555,0.46571180855771144,0.4622046971520338,-0.10674571775993097,7.779932129239977,6.81293725702319,9.94638471728234,0.159799792467802,2559.9793736239676,788.0075492863707,0.6876854321809813,0.02987466471506129,2.0837236059903814,9.102401965673698,0.5812109675170358,0.12586269077929846,0.00034375,0.8654169731854313,0.020261895842441917,0.732633192175927,0.053186238662529646,0.0853616507241252,0.10789425525951832,0.11603737016439519,0.8113868149701398,0.06338268080338516,0.006791376980468779,0.002370405252494539,1.0907504363001745,0.5812109675170358,0.26059003673596476,0.2041826867020093,0.15102154560969067,0.07987832093080127,0.10123250133262214
OR021@3_3,数据集/数据集/源域数据集/48kHz_DE_data/OR/Orthogonal/0021/OR021@3_3.mat,2,OR,48k_DE,1719.0,0.6770554361083865,0.6770554361083865,4.655265152597966,9.035519228039101,0.46425267019262384,0.45840406356391744,-0.09386669313639771,7.953262307074069,6.863045586912008,10.010884427397755,0.1623634255020448,2565.041743698599,785.0122830025448,0.6831454387902104,0.03366542950137252,2.084636432222279,9.591481263845173,0.5787153563326705,0.12216395039068291,0.00034375,0.8654950969452065,0.021353488780405543,0.7486894980820419,0.05381897402879346,0.07712676416057869,0.09742897212974755,0.10758619527587059,0.8203148575505125,0.0640281144744131,0.0066276490605722705,0.0023528069231836535,1.0907504363001745,0.5787153563326705,0.2548278899087315,0.21597572986860747,0.15521153457944956,0.08950553040985389,0.09432776282666583
OR021@3_3,数据集/数据集/源域数据集/48kHz_DE_data/OR/Orthogonal/0021/OR021@3_3.mat,3,OR,48k_DE,1719.0,0.6560979079759012,0.6560979079759012,4.6553301850265925,9.035522592104897,0.45253353930734697,0.43046446485035406,-0.08186992353377404,7.836883472970208,7.087085882644288,10.27607446659941,0.16358420313739852,2562.5929530986095,786.3505593664825,0.684060955524761,0.03746344705259734,2.0465736819879328,9.866076675917606,0.584450567234176,0.1232566629877937,0.00034375,0.865813744040158,0.021212731800808383,0.7365353815919262,0.05302062173994423,0.08188187515701574,0.10086026118205649,0.11522145177652282,0.8175480166196019,0.06378226539539428,0.006882437593234872,0.002349526100160442,1.0907504363001745,0.584450567234176,0.25882777533001855,0.20229372163525916,0.15036307128689141,0.09036830151249209,0.09982929071400504
OR021@3_3,数据集/数据集/源域数据集/48kHz_DE_data/OR/Orthogonal/0021/OR021@3_3.mat,4,OR,48k_DE,1719.0,0.6714985987303261,0.6714985987303261,4.4690627613927,8.56931651070804,0.46242911419486876,0.4509103680967916,-0.11119533636559084,7.775955415621988,6.650490267370018,9.657586871951965,0.1618751144479033,2565.372930017176,787.4663459300765,0.6854827646371799,0.03736595416467638,2.0426371064242717,9.50829969220506,0.5846991474444904,0.12473870367678008,0.00034375,0.8651114796612939,0.022057860122150368,0.727096750836821,0.05140046562843527,0.08386939270714504,0.10477769748083651,0.11808413082557916,0.8144824435709662,0.06818386600053249,0.006799577424960112,0.0025134170493822153,1.0907504363001745,0.5846991474444904,0.25178038258399943,0.21576256220254236,0.13775656691180713,0.08650677208349847,0.10214276902014119
OR021@3_3,数据集/数据集/源域数据集/48kHz_DE_data/OR/Orthogonal/0021/OR021@3_3.mat,5,OR,48k_DE,1719.0,0.6887071921516642,0.6887071921516642,4.744897433372303,9.133837049153207,0.471482896020813,0.4743175965214293,-0.12101982403311051,7.8491745029618665,6.883835111394041,10.055826731660941,0.16077641457608496,2579.4566403342574,777.156046255382,0.6816133970325878,0.03792894304256435,2.06849061389143,9.17638832030849,0.5769065860686453,0.11992015745453598,0.00034375,0.8638187359170029,0.022030950520711814,0.7459424440612082,0.05056514916862774,0.08864311535058846,0.09233015790048138,0.09726340119630479,0.8281819499214808,0.06561274017930735,0.0064372380403492175,0.002314415537854673,1.0907504363001745,0.5769065860686453,0.24945442064550838,0.2176431799440682,0.1632961822566681,0.08395427805179173,0.10735436903004168
OR021@3_3,数据集/数据集/源域数据集/48kHz_DE_data/OR/Orthogonal/0021/OR021@3_3.mat,6,OR,48k_DE,1719.0,0.6774006143462089,0.6774006143462089,4.7454629834896505,9.133834009916491,0.46880036697489164,0.4588715923166212,-0.07916771923641389,7.400889150583189,6.990656249494488,10.103955007284657,0.16120368674845878,2580.7376761912,770.8845346598686,0.6848019649711522,0.037419951545998066,2.0231628654192266,8.764066706857031,0.5839264931334274,0.11525377684796007,0.00034375,0.864728858710494,0.02082527854403448,0.7341027903987334,0.04902882221487577,0.09449284700538618,0.09721363729753381,0.10666491735702267,0.8259661053076677,0.06229764721893509,0.006528725738554753,0.002236941840886783,1.0907504363001745,0.5839264931334274,0.23705948232457869,0.2110190990880265,0.16982392019421508,0.08033759470632808,0.11597807675377327
OR021@3_3,数据集/数据集/源域数据集/48kHz_DE_data/OR/Orthogonal/0021/OR021@3_3.mat,7,OR,48k_DE,1719.0,0.6759566444215769,0.6759566444215769,4.52514191786094,8.27038312921275,0.46623687976073236,0.45691738513767816,-0.0805272947622179,7.159273187974387,6.678675954764667,9.686029573764586,0.16272965879265092,2557.803223878985,790.585637422066,0.6918461501655649,0.036558380305604106,2.056377179042835,8.00245466477674,0.5913818081562645,0.12148696723341365,0.00034375,0.865633607545246,0.022400762460578882,0.7125757261190607,0.0509194304645132,0.09597951585914996,0.1057796683564649,0.12103088284349807,0.8138396680019758,0.06769909347177207,0.006591658107209846,0.0024930938747035982,1.0907504363001745,0.5913818081562645,0.2386704172467686,0.20524278202396382,0.14613994789045895,0.08627865936614583,0.11739643466002934
OR021@3_3,数据集/数据集/源域数据集/48kHz_DE_data/OR/Orthogonal/0021/OR021@3_3.mat,8,OR,48k_DE,1719.0,0.6737551542303315,0.6737551542303315,4.325463362544418,8.385290214109006,0.4625202945019582,0.4539460078519377,-0.08178633329963972,7.179422995021265,6.409703626445288,9.338400273321648,0.16199719221143868,2567.6432108892504,782.470891056427,0.6886211371945412,0.03130298108537788,2.0896829359697757,7.92976206194408,0.5816597368985459,0.12439808738286187,0.00034375,0.8649525574601282,0.02185682462520583,0.7403033427715182,0.05028976892591578,0.08814313449221778,0.10104179214476858,0.10573508417316324,0.8197306124661399,0.06332944561401654,0.006587447179918837,0.002281241247836603,1.0907504363001745,0.5816597368985459,0.2619776987698502,0.19834220968886018,0.14671598509611675,0.09668777521990608,0.10843641552286087
OR021@3_3,数据集/数据集/源域数据集/48kHz_DE_data/OR/Orthogonal/0021/OR021@3_3.mat,9,OR,48k_DE,1719.0,0.6599665404211315,0.6599665404211315,4.657086022287532,8.775213193435235,0.45818904192545873,0.4355558344754369,-0.07659880390680454,7.151854061584392,7.051680713795809,10.157401993989518,0.16248550326558017,2559.375523275703,791.0796060685362,0.688705231333783,0.03218532440254551,2.028722628069943,8.504245126995192,0.590436092757683,0.11687561898048636,0.00034375,0.865795731442209,0.022576455328304965,0.7233592304234568,0.05281394832252715,0.09341690474410157,0.10302624662781978,0.11301392910894544,0.8144522016934871,0.06761453856395705,0.0066581235807652355,0.002384449988088847,1.0907504363001745,0.590436092757683,0.24279083258662065,0.20314668458542767,0.13987555566960147,0.10276480598050312,0.11269638529084758
OR021@3_3,数据集/数据集/源域数据集/48kHz_DE_data/OR/Orthogonal/0021/OR021@3_3.mat,10,OR,48k_DE,1719.0,0.674178669977772,0.674178669977772,4.65740521850196,8.775215015492225,0.46404470931576636,0.45451687905299754,-0.1169966479120254,7.429804859739544,6.908280327648948,10.036565766497493,0.16047122016724655,2549.4357410337993,802.5188397536883,0.6881792378676235,0.02947410020925436,2.078245476842669,8.56306392265978,0.587638962012611,0.12414414845150776,0.00034375,0.8660451104225118,0.02265951028610443,0.724216297663567,0.058268586911825265,0.0887039886850659,0.09925431351491477,0.11266025708704987,0.8129272677763781,0.07165259991402,0.0064164449670179955,0.0025423426897957352,1.0907504363001745,0.587638962012611,0.2558172863331392,0.1968610465052142,0.13922599765236301,0.09622840459302011,0.10773908942513906
OR021@3_3,数据集/数据集/源域数据集/48kHz_DE_data/OR/Orthogonal/0021/OR021@3_3.mat,11,OR,48k_DE,1719.0,0.690996530959191,0.690996530959191,4.601461742980835,8.521468939881464,0.4757226342945547,0.47747620579763617,-0.08897510419978447,7.234718024901586,6.6507944235560466,9.661305165508606,0.1610205701031557,2567.7253726835625,780.5507774625123,0.6823754165902799,0.032586982686448974,2.0723277279383767,8.090083490307158,0.5725096062811882,0.12618360897188027,0.00034375,0.8649055181361361,0.02135682523521035,0.7485630372481972,0.05407910603639595,0.08626164150366868,0.09399332458325982,0.09625352233901022,0.824036245205006,0.0663990670093759,0.0060910371571350624,0.0023081495769843915,1.0907504363001745,0.5725096062811882,0.2650705109457031,0.2182285174198856,0.14471403111575695,0.08650974296167875,0.10424768814802243
OR021@3_3,数据集/数据集/源域数据集/48kHz_DE_data/OR/Orthogonal/0021/OR021@3_3.mat,12,OR,48k_DE,1719.0,0.6708941515644491,0.6708941515644491,4.3080482404159035,8.22862625189584,0.4633138931766132,0.450098962603382,-0.058540612814862905,7.165959901464664,6.4100789135583085,9.283613035210271,0.16132576451199415,2578.906448811219,765.6472678650988,0.680408922181846,0.03253896792192128,2.0511626205689564,8.098553718182112,0.5733228193636338,0.12956185274558266,0.00034375,0.8648025870472753,0.022425640880425843,0.7429787404356286,0.048720533807084944,0.09207985551984155,0.09077263967345471,0.10084535415212997,0.8316454690043942,0.06181176463775174,0.006014234246603384,0.0020929891680261554,1.0907504363001745,0.5733228193636338,0.25673343144554966,0.2218253415031724,0.14655781316571273,0.08528540050732188,0.10996962111903116
OR021@3_3,数据集/数据集/源域数据集/48kHz_DE_data/OR/Orthogonal/0021/OR021@3_3.mat,13,OR,48k_DE,1719.0,0.6837120984758712,0.6837120984758712,4.2530630267397544,7.87959558582922,0.46976487311929943,0.4674622336022794,-0.031859436057830114,6.731068927263966,6.207741451666742,9.036880025194806,0.161936153329671,2583.0075078272516,765.0349601830375,0.682525214960847,0.031606993963240355,2.1030464415268857,6.8601627878579565,0.5819515843531476,0.1285103452051568,0.00034375,0.8638603995043393,0.020142724001072924,0.7387523383191557,0.04716375353554412,0.08883009383418267,0.0975521071941982,0.10755708005263662,0.8283168156601268,0.062426534179114444,0.0063575450927332,0.0022217529348021545,1.0907504363001745,0.5819515843531476,0.25156796243978263,0.19579941223365377,0.15714405179230878,0.09137304603563572,0.1130255984764046
N_0,数据集/数据集/源域数据集/48kHz_Normal_data/N_0.mat,0,N,48k_normal,1796.0,0.07271195641622537,0.07271195641622537,0.2834157604535314,0.5205061151538151,0.058475009932206584,0.005287028605875058,-0.07919952361556334,2.805267444567858,3.898448811546206,4.847609111735475,0.24946590978453276,3486.8166591159734,1903.0425976348943,0.5425683706467599,0.21930029542447768,1.3818952480542726,2.812872725197524,0.7088639401205944,0.1245198489812227,0.00025,0.7255173810295533,0.0643532999734389,0.36131894874345794,0.13318510121260896,0.04533546634113127,0.04763613282484384,0.08553489804363097,0.0769372526726999,0.3680604764958147,0.6285074389691158,0.127798337182367,4.175946547884187,0.7088639401205944,0.015178492985795867,0.10007590749353924,0.18504042562591416,0.05841683111461224,0.04518122397797544
N_0,数据集/数据集/源域数据集/48kHz_Normal_data/N_0.mat,1,N,48k_normal,1796.0,0.0722836173169908,0.0722836173169908,0.2967153642353454,0.5341976308725013,0.05844771919096852,0.005224921332429173,-0.08738880919961063,2.728712952777905,4.11118892686193,5.084584735520919,0.24855032655801745,3501.50886392588,1905.3989678765997,0.5442746319824613,0.21767050752821032,1.3645035765147318,2.7821912303252168,0.7311452899225505,0.1127170391004435,0.00025,0.7236363886888538,0.07262482461615273,0.33033123286094956,0.11979342764657164,0.051718433720069915,0.04969684105205997,0.09778010565732412,0.07867717017822097,0.3654268794668764,0.6285453784889891,0.1405506288434628,4.175946547884187,0.7311452899225505,0.014385432263341583,0.08931138742816253,0.17009872034100473,0.054476316914854536,0.04997041483750248
N_0,数据集/数据集/源域数据集/48kHz_Normal_data/N_0.mat,2,N,48k_normal,1796.0,0.07254993273391969,0.07254993273391969,0.29622821432473195,0.5309719997852113,0.05856870658488213,0.005263492739696271,-0.05444623675391888,2.773881750520734,4.092069934281766,5.069317688107842,0.24867240432155283,3464.577616345532,1942.1002429251394,0.5473732162811956,0.21846649114365446,1.3612617099104973,2.9568221031047552,0.7360722895504932,0.09925762407885144,0.00025,0.723811705571535,0.10337385744843305,0.33113308714899536,0.1011761162919304,0.053493910975719865,0.046221304872065314,0.09899033080833677,0.07653669178076898,0.3592152314331693,0.6219995589529645,0.14069285010027266,4.175946547884187,0.7360722895504932,0.013240725432342155,0.08566926770780499,0.16960938389139013,0.06069849293993997,0.04955386449228826
N_0,数据集/数据集/源域数据集/48kHz_Normal_data/N_0.mat,3,N,48k_normal,1796.0,0.07195274859599773,0.07195274859599773,0.2932769309650761,0.5630231504666354,0.057914387962314004,0.005177198030518853,0.011119075792569318,2.868339936645758,4.089934077670672,5.082465491493766,0.2500152597204419,3455.961637503548,1943.2279726520676,0.549650158598361,0.21684096879200804,1.37764646581101,3.182897247697657,0.7374791170330687,0.08857447416650312,0.00025,0.7224047873365813,0.10157036374149828,0.3289581398790661,0.10373304481821856,0.057403917754944724,0.04832202551180297,0.10371679777472673,0.07741102312922638,0.3595467238168131,0.6188971945583048,0.13465932917152318,4.175946547884187,0.7374791170330687,0.01718794589881703,0.07431596680583519,0.16795114238565373,0.06738784679501401,0.053807251667581935
N_0,数据集/数据集/源域数据集/48kHz_Normal_data/N_0.mat,4,N,48k_normal,1796.0,0.07130427150460462,0.07130427150460462,0.2929944965769602,0.5624206358642132,0.05737996687965927,0.005084299134802371,0.012508439521888284,2.8565259082851244,4.127950097941443,5.131679386920276,0.25514252578892754,3558.515096233997,1883.0508522291605,0.5439789589422814,0.22149843665413355,1.382977380737107,3.161280346316775,0.7248635665323544,0.10755794843819934,0.00025,0.7160349817587235,0.07940378375279306,0.3478148868090173,0.09485416298576325,0.05342528122386551,0.05185069252720123,0.10901701290727213,0.08223475909693778,0.3405668326500555,0.6407731382669877,0.13476969816174886,4.175946547884187,0.7248635665323544,0.01861815797857807,0.0865692824667831,0.18318199823515072,0.057069694161586734,0.052157771634790615
N_0,数据集/数据集/源域数据集/48kHz_Normal_data/N_0.mat,5,N,48k_normal,1796.0,0.0711678317292472,0.0711678317292472,0.24720760105718464,0.4863470022029325,0.057359430346808085,0.0050648602730424454,-0.023064762236878415,2.7728598053378626,3.4648875695322867,4.299321068040532,0.2531892815723616,3559.159631691765,1895.0352755022395,0.5486165565794093,0.218954278194728,1.3762071542201277,2.870709413206423,0.7265406916716591,0.1117673514393167,0.00025,0.7147237720068965,0.08906071282992473,0.3612829087200593,0.08752432331583092,0.051818336796445874,0.04898635801868857,0.10099471905051513,0.08251078179322949,0.3311746545626921,0.6402535447819272,0.13900602908228432,4.175946547884187,0.7265406916716591,0.01918531298592341,0.09272774690956576,0.18393822298242454,0.06316327032317064,0.04989772176980729
N_0,数据集/数据集/源域数据集/48kHz_Normal_data/N_0.mat,6,N,48k_normal,1796.0,0.0720666609968475,0.0720666609968475,0.24784636497065357,0.4951369364856517,0.05836165910022021,0.00519360362723454,-0.026399602658333472,2.692972201605251,3.4412391137724345,4.249361279739985,0.24635292681438076,3474.107713743124,1932.5928117543676,0.5517621867512764,0.21512662836899812,1.357833834739916,2.8004581875996113,0.746286171308904,0.08583105130054168,0.00025,0.723557730961677,0.10740608231834427,0.3396896757393745,0.08494926082157306,0.058256755579133165,0.0565041766972332,0.10955096134836848,0.07656682480148731,0.3363015635895557,0.6243837866928728,0.13859042495495133,4.175946547884187,0.746286171308904,0.018772429439312854,0.07868540592542844,0.17295766483992667,0.06751077095964969,0.05536779590811181
N_0,数据集/数据集/源域数据集/48kHz_Normal_data/N_0.mat,7,N,48k_normal,1796.0,0.07163535042287351,0.07163535042287351,0.2491016819520321,0.47384945062603057,0.058157516419684085,0.005131623430207885,-0.020314075638571672,2.66187324827021,3.4787821058883046,4.284987197725348,0.24806201550387597,3488.404216109334,1928.4224053285918,0.5467960584052005,0.2167890883205599,1.3487930130336319,2.824025012528591,0.7490301672950903,0.0754899721211031,0.00025,0.725380882160069,0.09926065780798325,0.31922269410170795,0.08933107190776605,0.056732251476957714,0.05893492216156684,0.1169913180203738,0.07412261577958373,0.34651109916277584,0.6275391849796146,0.14269010961790365,4.175946547884187,0.7490301672950903,0.016991415460305335,0.07164020996062903,0.1621099485374347,0.06667060492034643,0.05451732830461517
N_0,数据集/数据集/源域数据集/48kHz_Normal_data/N_0.mat,8,N,48k_normal,1796.0,0.0707808482313633,0.0707808482313633,0.24859240741529123,0.49551512660261576,0.05727691102512355,0.005009928476351285,-0.03340526827155963,2.7677693231535296,3.5126026146081086,4.340755447033681,0.2511139595922603,3517.6621186133866,1911.5343854587145,0.5527691147115822,0.20959987249576367,1.3610664247590247,3.031025174131397,0.7392324872376694,0.09026795895940798,0.00025,0.7210335134443466,0.08159904580557963,0.32532688301014423,0.10588597117956766,0.05180545341656556,0.050925891459775635,0.11185337643763092,0.0813527560577008,0.3569729502624061,0.6291544404083952,0.13794185478822973,4.175946547884187,0.7392324872376694,0.011888417781507966,0.07402569093794624,0.1701059597448468,0.0662989717048024,0.04947125835625061
N_0,数据集/数据集/源域数据集/48kHz_Normal_data/N_0.mat,9,N,48k_normal,1796.0,0.07202941774647857,0.07202941774647857,0.2486062388954592,0.48531260864509573,0.05832320342147597,0.005188237020896723,-0.03338754179197957,2.742967430240988,3.4462722726641415,4.256265491593416,0.24507111029725936,3451.8534702136144,1925.8968461772677,0.5569604656522223,0.20226542671297879,1.371835345025657,2.902716754621828,0.74236368151286,0.09090369767089938,0.00025,0.7259174261443704,0.0712509969081769,0.31871741739635856,0.13181626594843707,0.05795085942459969,0.05352106740615532,0.10502643381406566,0.0787273375822892,0.37093399135543204,0.6152525737092787,0.1333439723921599,4.175946547884187,0.74236368151286,0.016837592642404305,0.0737612329079762,0.16662123087269398,0.05900641444092911,0.055131046652062796
N_0,数据集/数据集/源域数据集/48kHz_Normal_data/N_0.mat,10,N,48k_normal,1796.0,0.07356579526730855,0.07356579526730855,0.2586279205376461,0.5026274658131443,0.05976228755252265,0.0054119262333115585,-0.04639936610279824,2.6418070187374973,3.523097419422616,4.337090426994702,0.2409815052188244,3409.8763828069427,1947.5061253954136,0.5526930919256202,0.20595131657179702,1.3543287081251298,2.653768405628624,0.7539405509314494,0.08010513095738664,0.00025,0.731579857764786,0.08432793310717787,0.2935943355866147,0.13091100497192915,0.0592781862637468,0.051388728244746405,0.11027216541815382,0.07626194342633794,0.38222796558118566,0.6080321376339523,0.13830238881275217,4.175946547884187,0.7539405509314494,0.02109408810282432,0.06885688938703496,0.14511204994407825,0.05620799160664708,0.056463316328172856
N_0,数据集/数据集/源域数据集/48kHz_Normal_data/N_0.mat,11,N,48k_normal,1796.0,0.07426674615506343,0.07426674615506343,0.25815471832593023,0.5026025645193899,0.06013362950789648,0.005515549584460628,-0.05065722434324476,2.6849167634483995,3.4895648958192242,4.310534383834321,0.24128669962766283,3366.614106286049,1963.2089862623711,0.5525022071044818,0.20465263812009474,1.3573772179514827,2.741701897118749,0.7449197585116265,0.08157700921618752,0.00025,0.7346647087936852,0.10581155360248376,0.3053490892971451,0.12213795859883499,0.049785870041183816,0.04503169209511527,0.10604443063663756,0.0807075960153307,0.39166061940555214,0.5982631257020116,0.1295170563755829,4.175946547884187,0.7449197585116265,0.020113679496232835,0.0763492069147967,0.14555084326019674,0.06102608989231868,0.04762336586128663
N_0,数据集/数据集/源域数据集/48kHz_Normal_data/N_0.mat,12,N,48k_normal,1796.0,0.07415557353106142,0.07415557353106142,0.2411173958384964,0.47671842590955876,0.05960172282893951,0.005499049085720658,-0.05211963057892539,2.795088514459827,3.2588694728713437,4.0548743571163275,0.24537630470609778,3397.1611259067354,1955.9563218051053,0.5489113142461163,0.20368763025051537,1.3970615812196352,2.8220265050028472,0.7259068724166634,0.09403079007645986,0.00025,0.7329102588922232,0.0856568490540774,0.3242825852122942,0.13799149324970486,0.04635923281042634,0.047587415278251936,0.08727440207483726,0.07100506554198822,0.40070107945323513,0.6088114267085478,0.12689478733440868,4.175946547884187,0.7259068724166634,0.02053515757818356,0.07553350013150933,0.16562651180428364,0.06083570945614445,0.04531827831306013
N_0,数据集/数据集/源域数据集/48kHz_Normal_data/N_0.mat,13,N,48k_normal,1796.0,0.07335032842976354,0.07335032842976354,0.2702234877734307,0.5057493872013338,0.05887328167466299,0.0053802706807541765,-0.06670884547369167,2.832139188130747,3.701368479610569,4.613061660588444,0.2487944820850882,3454.301563198637,1921.1507688166696,0.5455863622362641,0.20751284473217257,1.4060771451994405,2.849432883909124,0.7240415319333909,0.10026850738346352,0.00025,0.7262178517869033,0.05745423499425247,0.32604951384241315,0.1518454794569179,0.054391499693169386,0.04701296435005627,0.08985183883245298,0.07325186088069775,0.38325784626371645,0.6213750589221035,0.13472644525853303,4.175946547884187,0.7240415319333909,0.02518867216525177,0.07828468107372352,0.16440560328212137,0.05521725402939758,0.054362029018552256
N_0,数据集/数据集/源域数据集/48kHz_Normal_data/N_0.mat,14,N,48k_normal,1796.0,0.07338446138054425,0.07338446138054425,0.27595980982694474,0.5222416512454159,0.05909238643943683,0.0053852791721125896,-0.08155418832155932,2.795608820414124,3.77805309357085,4.693431056273587,0.24702435451382532,3433.0278629707136,1925.5516041668425,0.5486869607565662,0.20985458871290683,1.385035694064726,2.8227292777200246,0.7293786349262056,0.10663620741510403,0.00025,0.7267905451685498,0.06854475002332983,0.32203532062892304,0.14443009447522764,0.05269336136979301,0.04520700724762028,0.09956884640616037,0.0787469731793711,0.37560496610887073,0.614799431167778,0.13687953905262912,4.175946547884187,0.7293786349262056,0.019655097502254953,0.08235235602599396,0.16584387403360135,0.05114033554731609,0.05231555268870915
N_0,数据集/数据集/源域数据集/48kHz_Normal_data/N_0.mat,15,N,48k_normal,1796.0,0.07469688127380893,0.07469688127380893,0.27482786283486665,0.5226410383543668,0.06039354568738152,0.005579624072033506,-0.04494573218361978,2.7317815488431614,3.685913102036842,4.5590757719077075,0.24378929378013794,3425.4173575366535,1916.3279453224854,0.5425066331871933,0.21694404560827002,1.3676396784050326,2.823427204587189,0.7275744284912679,0.10950280521608943,0.00025,0.7309384158702212,0.08788022570440548,0.3308348335172623,0.1244411513581511,0.04945920836986078,0.04416869646022033,0.10192942345056134,0.0771649767924465,0.375584943082102,0.6201148506555235,0.12686915605790214,4.175946547884187,0.7275744284912679,0.013999317226825254,0.08114413967171757,0.18241523806065002,0.050692987375443206,0.04830870909928921
N_0,数据集/数据集/源域数据集/48kHz_Normal_data/N_0.mat,16,N,48k_normal,1796.0,0.07402366551971304,0.07402366551971304,0.24779359821906993,0.4866252253078577,0.05993266818397372,0.0054795030569743525,0.016600082524978948,2.708020658927498,3.3569679211834647,4.14658100825992,0.24201916620887506,3476.2226669875695,1896.9439513238754,0.540260208207693,0.21970590266239642,1.3592408522413775,2.8768146264222416,0.7300363643570295,0.09759593735722862,0.00025,0.7265257072116887,0.08704340986520527,0.33769166095124314,0.11033956945123559,0.05224728867901452,0.04626590704689886,0.10267774589237312,0.07855496622274219,0.3665407872217518,0.6307512582022061,0.12605970469540143,4.175946547884187,0.7300363643570295,0.015470339978274964,0.07696986770205674,0.18366718585028882,0.05855167384762866,0.05139449949571718
N_0,数据集/数据集/源域数据集/48kHz_Normal_data/N_0.mat,17,N,48k_normal,1796.0,0.07243041273470698,0.07243041273470698,0.24664061291170888,0.4898160755833372,0.058346061366080566,0.005246164688920002,0.020605880320575837,2.8030971506190974,3.3816757757263978,4.200672207951205,0.250198376365745,3552.1582328908185,1871.350707851712,0.5403376165396565,0.21847339825534248,1.3740368733948327,3.0021204796772283,0.7195166701449746,0.10641569039858277,0.00025,0.7195313685175299,0.07394630713876163,0.3625703491260606,0.10347195083491856,0.043675376578607185,0.04793913054320828,0.10856521564322329,0.08139820285803685,0.3488642819760015,0.6433882725107065,0.12251658481246232,4.175946547884187,0.7195166701449746,0.017445942221348883,0.09640235617604445,0.1848858822902223,0.06118404552227928,0.04229901105732884
N_1_(1772rpm),数据集/数据集/源域数据集/48kHz_Normal_data/N_1_(1772rpm).mat,0,N,48k_normal,1772.0,0.06491613729389337,0.06491613729389337,0.26188774116026337,0.4767948527160578,0.052154060571349886,0.004214104881159613,-0.1862387158839504,2.887244753320027,4.064043514746648,5.063477460529105,0.24592565464200697,3085.5874911925625,2684.987617468191,0.6069181667582167,0.11252675269685834,1.3907845940531873,3.100842268315,0.801522815810683,0.030985199938780444,0.00025,0.7188641673974537,0.2594008244599208,0.21479708587079102,0.12112575989308039,0.061176406526493254,0.057420063894838586,0.0847643158854788,0.09610933119488595,0.3313509781919422,0.33844863658064334,0.229947743242646,4.232505643340858,0.801522815810683,0.018145159549130974,0.04811092506419441,0.09431075866952096,0.0518079480370782,0.06002606679578709
N_1_(1772rpm),数据集/数据集/源域数据集/48kHz_Normal_data/N_1_(1772rpm).mat,1,N,48k_normal,1772.0,0.06536505046782268,0.06536505046782268,0.26273202590169475,0.4783952833510763,0.05246713770209459,0.0042725898226610055,-0.2011510186001482,2.898443670235133,4.054423265938224,5.058367223628621,0.24781785997680522,3155.0742746070305,2682.4198088683415,0.6009435856258921,0.11145663638468321,1.4052194891880072,3.032891421205928,0.7942475362901443,0.03592835419791194,0.00025,0.7166680552442726,0.2546033350437392,0.21925439452682438,0.11350291022727584,0.059089562323650875,0.0528102225589595,0.07890989405402103,0.09583496568111839,0.33440896683287075,0.35314439319569346,0.22914959010528646,4.232505643340858,0.7942475362901443,0.017573457871735736,0.049118345043822134,0.10054828632685414,0.049254241002270965,0.057753687759381035
N_1_(1772rpm),数据集/数据集/源域数据集/48kHz_Normal_data/N_1_(1772rpm).mat,2,N,48k_normal,1772.0,0.06513125649997671,0.06513125649997671,0.24277177294608931,0.45764765757549397,0.05215376334283037,0.004242080573265758,-0.18828031643299348,2.895212395117072,3.7586997098956068,4.699284318379594,0.2474516266861991,3080.3759627149407,2706.4748062310614,0.6058922577841,0.11514113979560359,1.4080243605906038,2.9495089837684385,0.8009417529508949,0.03357261055918262,0.00025,0.7210412716235584,0.26445704618407234,0.21207741842679736,0.12197311771055097,0.06674271071804683,0.054894212911244224,0.07869705496749656,0.09713081557962877,0.3264516415448406,0.3308725378102234,0.23256905319043467,4.232505643340858,0.8009417529508949,0.01950087776750166,0.049558373032829825,0.09828533518808763,0.04110374033285586,0.06526650103455393
N_1_(1772rpm),数据集/数据集/源域数据集/48kHz_Normal_data/N_1_(1772rpm).mat,3,N,48k_normal,1772.0,0.0646067052997959,0.0646067052997959,0.278396448368701,0.4924905652286746,0.05193406854727625,0.004174026369694675,-0.20930025928886029,2.883960608109676,4.346878236678336,5.416409262840302,0.24763474333150218,3116.629968611328,2714.4226509446958,0.6090102982589403,0.11271242543738522,1.3938173049212783,3.214636670555103,0.8051974544675716,0.03319150517923274,0.00025,0.7183559968345031,0.25170181783203704,0.20273957857592378,0.12666728459394228,0.06896919674502845,0.057720256931162034,0.08343672724480926,0.10064276212633001,0.31780897189997126,0.329367464138196,0.24373940953184203,4.232505643340858,0.8051974544675716,0.019179600985773544,0.047277777759625106,0.09133757461096428,0.040391632332265316,0.06885781182692077
N_1_(1772rpm),数据集/数据集/源域数据集/48kHz_Normal_data/N_1_(1772rpm).mat,4,N,48k_normal,1772.0,0.0655337045075454,0.0655337045075454,0.27966124691462046,0.5224134820140707,0.05270994341187994,0.0042946664264822765,-0.18663821195501493,2.893417338287213,4.305449156153608,5.36257318627333,0.24555942135140085,3088.264242289156,2691.0386089245476,0.606606191586787,0.11483949355005103,1.3996862956539768,3.2471874924191866,0.8041939628437527,0.03323962092110254,0.00025,0.7204961481159873,0.255829059885716,0.20260396175024317,0.12588772158301412,0.07036796644632641,0.0559463588424489,0.0788188989994933,0.10274753267590359,0.3298622991279537,0.33063251381779313,0.2339447929577289,132.2658013544018,0.8041939628437527,0.022571275109320468,0.044698112667574876,0.08563966742367937,0.04549713626379458,0.06858629705475171
N_1_(1772rpm),数据集/数据集/源域数据集/48kHz_Normal_data/N_1_(1772rpm).mat,5,N,48k_normal,1772.0,0.06543336325098319,0.06543336325098319,0.2606771749321784,0.5033840903395186,0.05250408389216142,0.004281525026335117,-0.15409393238238867,2.8819904672258025,4.01707989047535,5.012646751333957,0.24909967649392664,3112.8565549731406,2689.1132182272518,0.6108126526248168,0.11444164339328453,1.4026387680547514,3.0090895011058945,0.8051627539592737,0.03290470123358633,0.00025,0.7199407418481196,0.24962401480211205,0.20957382472551417,0.12384046245668827,0.06386986542159115,0.058864751417614214,0.08104969957180712,0.10644904025904213,0.33601472732986293,0.33071522820842614,0.2279668130433857,132.2658013544018,0.8051627539592737,0.016454954950354542,0.048940227482321574,0.09265104719112388,0.04828624428524038,0.06120606501776943
N_1_(1772rpm),数据集/数据集/源域数据集/48kHz_Normal_data/N_1_(1772rpm).mat,6,N,48k_normal,1772.0,0.0650176397006914,0.0650176397006914,0.22406902834236422,0.44670838479336933,0.05217396181127698,0.004227293472248922,-0.15550314185110295,2.8580450944686357,3.457718564813043,4.314637541859672,0.24903863761215894,3110.1189509673063,2694.135650370793,0.6153140144148892,0.11632985937927079,1.3937035274967473,3.163708583900024,0.8038017078460606,0.0353743653227723,0.00025,0.7194246834275287,0.2622120009773713,0.2178856768755557,0.11234381747611685,0.06291543373097909,0.05494526768777005,0.08755603543680411,0.11526397148181147,0.32734098077975826,0.3236488905441927,0.2202207401365994,4.232505643340858,0.8038017078460606,0.019200196685588544,0.055039934390185515,0.09796027249042821,0.042521324302734614,0.0607478868304551
N_1_(1772rpm),数据集/数据集/源域数据集/48kHz_Normal_data/N_1_(1772rpm).mat,7,N,48k_normal,1772.0,0.06528236828683252,0.06528236828683252,0.24061709336617365,0.46449112370211754,0.05236324326157723,0.0042617876091376366,-0.16122325350305336,2.852578296977713,3.7189248659531016,4.642523713251644,0.25032045412928033,3162.2754408671444,2685.2402394241553,0.6137470285493956,0.1152711566348852,1.3974603730259076,3.1539425740867424,0.8037414640098561,0.035310169571965956,0.00025,0.7174491787422538,0.2526953003653275,0.2170351701323491,0.10722605255123664,0.0656577562243813,0.056672887398568336,0.0881605525709827,0.11432283364058127,0.32292862334017436,0.33648892362386085,0.22505133146546408,4.232505643340858,0.8037414640098561,0.020645047011138364,0.05331201029103616,0.09706826044164539,0.04305910606838643,0.0638908339286265
N_1_(1772rpm),数据集/数据集/源域数据集/48kHz_Normal_data/N_1_(1772rpm).mat,8,N,48k_normal,1772.0,0.06565254486938299,0.06565254486938299,0.24988357016937268,0.46543501654066866,0.05244171613968135,0.004310256647826347,-0.1640495017443516,2.8952037027082085,3.835036014598436,4.805822498261142,0.2500762986022096,3146.661359622279,2682.976436443976,0.6069226959058726,0.11897888387787248,1.4064870583383762,2.994023457160219,0.7993986552373817,0.034353598813223245,0.00025,0.7184491546563945,0.2580437979400211,0.22285285350727582,0.10839628387872943,0.058977319437755735,0.052346628687698994,0.08746222945807156,0.10904089993105856,0.3318296893661421,0.3414663911157533,0.2178897619618402,132.2658013544018,0.7993986552373817,0.022435010724294373,0.0546387717882879,0.09851616554706534,0.04383149892085018,0.05764685414289967
N_1_(1772rpm),数据集/数据集/源域数据集/48kHz_Normal_data/N_1_(1772rpm).mat,9,N,48k_normal,1772.0,0.0647524887119374,0.0647524887119374,0.25023770840007,0.4443791466166523,0.051713474540712095,0.00419288479438958,-0.16159204861839538,2.9064356007193815,3.894467842283308,4.8816131499095,0.2508087651834218,3127.9211663655756,2705.9665068270506,0.6064005959300546,0.11526488982862142,1.4015406061025462,3.043269752023542,0.8012931245955066,0.03727118332263104,0.00025,0.7177633307881135,0.25500887909712583,0.21182045466836036,0.12088538770096416,0.06169550848518712,0.05339415268242317,0.0895365813143575,0.10561623310461196,0.32716484438474225,0.33175738738068916,0.2286317182170857,132.2658013544018,0.8012931245955066,0.023629957885750164,0.05587714820155098,0.08051145382079135,0.048097001263133383,0.0599083864825458
N_1_(1772rpm),数据集/数据集/源域数据集/48kHz_Normal_data/N_1_(1772rpm).mat,10,N,48k_normal,1772.0,0.06483069281184171,0.06483069281184171,0.3029200880251784,0.5261456181291038,0.05197736891626653,0.004203018730463385,-0.16161319271672842,2.9040704966711317,4.703091927238322,5.872368298516493,0.25209058170054327,3123.851529018836,2700.0835450143445,0.6088959633834287,0.11787969120943573,1.3893835784976616,3.1309835049418844,0.8066791550829371,0.038908757154767236,0.00025,0.7182980510400826,0.2551649936234674,0.20939805497349684,0.12114210674457924,0.06810200169814735,0.052368831152559074,0.08068534446583711,0.10821170836719651,0.3258836853132129,0.3306692940587673,0.236059298280599,132.2658013544018,0.8066791550829371,0.02305586533272614,0.052926837407261236,0.07225594828445375,0.05814726899037832,0.06524636827473777
N_1_(1772rpm),数据集/数据集/源域数据集/48kHz_Normal_data/N_1_(1772rpm).mat,11,N,48k_normal,1772.0,0.06602387298374374,0.06602387298374374,0.30436163142456873,0.5384186651206695,0.052843046505274036,0.0043591518037735255,-0.17856167377464982,2.9601752708061526,4.646527525880229,5.814996964258977,0.25105292071049257,3158.588280754585,2649.227350906702,0.607522710615173,0.11311869330574251,1.4034169401101904,3.2390310713705106,0.802500631879487,0.03762509191934721,0.00025,0.7198009281130726,0.2420373027941929,0.21913640493802858,0.11652214063928547,0.06825147183766377,0.054792599113143596,0.08621429450803138,0.10714589342058216,0.3192948336523684,0.35320047766838064,0.23188570045968315,132.2658013544018,0.802500631879487,0.021322413635515017,0.0558953442635881,0.08931087166452327,0.04957974341506124,0.06514508912862099
N_1_(1772rpm),数据集/数据集/源域数据集/48kHz_Normal_data/N_1_(1772rpm).mat,12,N,48k_normal,1772.0,0.06616991543592808,0.06616991543592808,0.2902894871080615,0.5245738473580958,0.05295458891477485,0.004378457708797873,-0.20775184333005542,2.970846005370932,4.430717108772877,5.549579135943085,0.2496490264298358,3183.5457264506413,2639.9283676092755,0.6089277135350442,0.10983305630062527,1.4176299458193782,3.456116306157274,0.7969034716665864,0.03632150970543628,0.00025,0.717166265439871,0.23748454833261876,0.22473723494414868,0.11598656399876808,0.06090457888795678,0.051063390298630766,0.09132053695480129,0.10904149413633807,0.31312973957494233,0.3604885992990614,0.239148044363122,4.232505643340858,0.7969034716665864,0.021378437228497412,0.05682205097163886,0.10076231662600578,0.04287309141951012,0.05842861243881635
N_1_(1772rpm),数据集/数据集/源域数据集/48kHz_Normal_data/N_1_(1772rpm).mat,13,N,48k_normal,1772.0,0.06514201660618268,0.06514201660618268,0.2902731927708591,0.5257933262169561,0.05195332888747358,0.004243482327520181,-0.17141255823384569,3.024137977419758,4.489742304295834,5.636922753204934,0.2506256485381188,3166.161431503085,2674.5733154299696,0.6112537041400092,0.11163785371867199,1.4267993666526302,3.5407211247338575,0.796205325054518,0.0396223414774775,0.00025,0.7171574586316235,0.24770115664054737,0.22528691061651068,0.11191377286118553,0.05737163320455602,0.05491120112314073,0.09302452244408967,0.10961853444668841,0.3172010746218885,0.34550834058685,0.23351963321729474,4.232505643340858,0.796205325054518,0.022777373698297455,0.06307576063312223,0.09243162988039105,0.04415851613982838,0.055783850455288164
N_1_(1772rpm),数据集/数据集/源域数据集/48kHz_Normal_data/N_1_(1772rpm).mat,14,N,48k_normal,1772.0,0.06475115946942747,0.06475115946942747,0.250867552576513,0.48651650166836197,0.05175847032962148,0.004192712652635227,-0.1372511696225763,2.968796577200124,3.9074433551155416,4.894271244097166,0.2458035768784716,3154.0498901375254,2687.055444793307,0.6097247380795671,0.11251781142507361,1.4151211884156718,3.2941261904450676,0.7942220657031438,0.03925582630895353,0.00025,0.7193710740923216,0.24671292126526168,0.21738780760930848,0.1178947079100323,0.052508477655207615,0.05754258308263429,0.08902357249754572,0.10376208160975794,0.33148905487866487,0.3425573647079587,0.23467497247973101,4.232505643340858,0.7942220657031438,0.016929651590901082,0.062206254511298326,0.0876866434083492,0.0486546803780393,0.0505934624741126
N_1_(1772rpm),数据集/数据集/源域数据集/48kHz_Normal_data/N_1_(1772rpm).mat,15,N,48k_normal,1772.0,0.06536999236982116,0.06536999236982116,0.24342246863925962,0.4724909543735837,0.05233214029858416,0.004273235902430476,-0.1494625310802649,2.9119510220822264,3.75805555939428,4.701005017846312,0.2466581212232192,3212.316450595226,2656.1059975284293,0.6067759681014742,0.10684242596069897,1.4070732177803695,3.179861966022702,0.7942042075627523,0.0380220370165066,0.00025,0.7141139103201687,0.23284271916153926,0.21980039330946188,0.11755229794180946,0.0550649310479033,0.05350997722517806,0.08256096951935915,0.10207913571015302,0.334952375390618,0.3646384891279212,0.23557222684878834,4.232505643340858,0.7942042075627523,0.01949257795776799,0.0587828539838776,0.08826513655749788,0.051432420225294484,0.05187338868777572
N_1_(1772rpm),数据集/数据集/源域数据集/48kHz_Normal_data/N_1_(1772rpm).mat,16,N,48k_normal,1772.0,0.06556499050357519,0.06556499050357519,0.26744936307014333,0.5127200884329198,0.05239173331438792,0.004298767979733904,-0.15642218906870115,2.9703151762051085,4.113511934306512,5.155136387994198,0.25025941524751266,3205.9450429642025,2663.558033314811,0.6082286831247707,0.10915791618280574,1.4056531264088437,3.269804742253604,0.7997297115528353,0.032197257478255845,0.00025,0.7159137231046783,0.23460630386847947,0.21950162561185674,0.11714143036119772,0.055672586736699683,0.05317830020838664,0.08095284710666392,0.10710350284091968,0.3357244162837535,0.3576351889370677,0.23460346383527553,132.2658013544018,0.7997297115528353,0.016203652803219133,0.05481289718212668,0.09251731882521384,0.053922633159900875,0.052349133134504955
N_1_(1772rpm),数据集/数据集/源域数据集/48kHz_Normal_data/N_1_(1772rpm).mat,17,N,48k_normal,1772.0,0.06486578674574195,0.06486578674574195,0.2663792009298262,0.5115429420040175,0.05191313840009859,0.004207570290144073,-0.1630612402178318,2.9571914371702404,4.13926357340898,5.17859554772496,0.2488555209668559,3142.1451674133,2693.461669962423,0.6155030823367847,0.11240791364101019,1.400012786871196,3.2506531541290005,0.8070182457015043,0.03274261865974708,0.00025,0.7198454702627866,0.24080611332385063,0.2156553147180411,0.12852421291946828,0.06346100759490755,0.05554292281575738,0.08465536202477247,0.11067864213479944,0.32965981540037875,0.33193880620398797,0.2324493327942147,132.2658013544018,0.8070182457015043,0.018600055176736664,0.048342046298653386,0.0952432967557952,0.05068046239562401,0.061616305422915976
N_1_(1772rpm),数据集/数据集/源域数据集/48kHz_Normal_data/N_1_(1772rpm).mat,18,N,48k_normal,1772.0,0.06463296759667289,0.06463296759667289,0.23929435219685502,0.46420253506335263,0.051688185640517824,0.004177420500352568,-0.15373540034530214,2.941005869614966,3.7299811571645582,4.6683893828611644,0.25355551486296773,3186.5575962456064,2703.2955872307657,0.6148368781565395,0.10852957040431628,1.40826463727875,3.2882113749390567,0.8050012727130793,0.03489074315933329,0.00025,0.7149548764186675,0.23838480414178226,0.20727472057141097,0.1249505446585049,0.06460030144887632,0.056059471962272726,0.07997408064460564,0.10597364211414133,0.3332208036253219,0.3390322113751009,0.23720846289952466,132.2658013544018,0.8050012727130793,0.021976704683177837,0.05031955379420393,0.082702021981671,0.049092960718039064,0.06341480728524368
N_1_(1772rpm),数据集/数据集/源域数据集/48kHz_Normal_data/N_1_(1772rpm).mat,19,N,48k_normal,1772.0,0.06528399616364422,0.06528399616364422,0.23564540798976552,0.46339711513549087,0.0523167657899796,0.004262000155094713,-0.1452718314676614,2.9003240378901967,3.6374899695872682,4.542971355158528,0.25166330952816945,3164.7335744903417,2699.3165344187973,0.6101411878789753,0.11230538769269961,1.4164321697534634,3.1343204779288607,0.7992725574992361,0.03605440577491412,0.00025,0.7162575093455139,0.24501701792674918,0.21459843681835614,0.12333276056177526,0.059867188498906,0.055724203589104834,0.07684065864617706,0.09962444446794073,0.3372647919599992,0.3424725148234364,0.23520475074266867,132.2658013544018,0.7992725574992361,0.023371912968136142,0.058582423489377485,0.08424183805305688,0.04565289451190717,0.05819093972726897
N_1_(1772rpm),数据集/数据集/源域数据集/48kHz_Normal_data/N_1_(1772rpm).mat,20,N,48k_normal,1772.0,0.06512430309388789,0.06512430309388789,0.23701925824321152,0.46679645134995024,0.051995751773461926,0.004241174853464575,-0.14053479463422744,2.9316447357868585,3.66918158264972,4.600158135305293,0.2523957761093817,3114.1486232001066,2707.082650943178,0.6121028630057145,0.11373627239207172,1.425065726566296,2.9644051040970973,0.7948343313932651,0.03937805523493008,0.00025,0.7215975387391711,0.25596418085621636,0.22889771182351784,0.12234325827337177,0.05980566112828592,0.05609699186626784,0.07558087076341138,0.10248133390960948,0.33565028904351935,0.33050780652394324,0.22635782872570648,4.232505643340858,0.7948343313932651,0.02132713257029211,0.06054038480339694,0.09561450459353481,0.048667179342153886,0.05903122930276804
N_1_(1772rpm),数据集/数据集/源域数据集/48kHz_Normal_data/N_1_(1772rpm).mat,21,N,48k_normal,1772.0,0.06508969252356048,0.06508969252356048,0.2369471764843418,0.4518797844356424,0.052082966747682674,0.004236668072811645,-0.1472383747771001,2.923583065639081,3.6728489887083167,4.595353610939817,0.25025941524751266,3122.5410880086333,2698.7791932938635,0.6126434954953174,0.11186758511905745,1.4099031209071513,3.059420885921895,0.7977030452808392,0.037157319285476574,0.00025,0.7202446904630616,0.2514309625319431,0.22993385741713285,0.12332924190323528,0.05819560118195953,0.05631950846544827,0.08076574979491793,0.10203267758576873,0.32748664679005723,0.3351158799774149,0.2295039839287895,132.2658013544018,0.7977030452808392,0.02003840301576275,0.058317860943160535,0.09560853025416811,0.05275833351620795,0.057439051082827
N_1_(1772rpm),数据集/数据集/源域数据集/48kHz_Normal_data/N_1_(1772rpm).mat,22,N,48k_normal,1772.0,0.06545589142034865,0.06545589142034865,0.23871666722863633,0.4534076944528238,0.05247928991111067,0.004284473721632471,-0.1601683358912305,2.883053839246465,3.6804304171910953,4.595903409712396,0.2509308429469572,3146.8087973332113,2689.7241671658544,0.6066934588809273,0.1100692546025284,1.4084626975492416,2.9549220190238987,0.8004073415313856,0.03429175373109636,0.00025,0.7182572256646341,0.2465071877978932,0.21868927886361972,0.12354508756480523,0.05637299020482519,0.054817360449028914,0.08750787490609857,0.09748256463761455,0.3201105301777749,0.3466831152633301,0.24228689529899547,4.232505643340858,0.8004073415313856,0.02321816235052314,0.059307791041344246,0.08649966413547308,0.04654564019093826,0.054842240026810145
N_1_(1772rpm),数据集/数据集/源域数据集/48kHz_Normal_data/N_1_(1772rpm).mat,23,N,48k_normal,1772.0,0.06583718808382018,0.06583718808382018,0.2439560073811179,0.4788547826587848,0.052503437077389,0.0043345353347843145,-0.17482931767455645,2.9696268746753294,3.738948515396217,4.694400635043806,0.2505646096563511,3103.631870686,2665.3541634544617,0.6088283440014557,0.11118735644993781,1.4297691214778006,2.96365409857335,0.7972933073736495,0.03731074328989473,0.00025,0.7222191729991455,0.2501326360254102,0.23767503548186253,0.1257219468777354,0.059750028255104316,0.0533633695330765,0.08284745022089811,0.09916084565325235,0.3157830542651007,0.34604027347143673,0.23120343127260778,4.232505643340858,0.7972933073736495,0.027780966398814225,0.06266041899416122,0.09353821505738744,0.05075988744248601,0.057966222100448876
N_1_(1772rpm),数据集/数据集/源域数据集/48kHz_Normal_data/N_1_(1772rpm).mat,24,N,48k_normal,1772.0,0.06485338734755323,0.06485338734755323,0.24368238185517152,0.478521136434333,0.05184448292717682,0.004205961850451778,-0.17689337438211838,2.9369270010290895,3.792960633320098,4.751700794913504,0.2483061710309467,3116.951401659008,2679.5551206044142,0.6144158643282536,0.11108005238519711,1.4168994615409551,3.105920802572791,0.8025334957377136,0.03223906655615717,0.00025,0.7208740895909133,0.24829824835029382,0.227669155219561,0.12645160601233998,0.06522881983545967,0.05541220434706832,0.08144325850386311,0.10226079300692467,0.3196323714383537,0.3394516888711022,0.22880856040399117,4.232505643340858,0.8025334957377136,0.024503427856088198,0.05619800928710016,0.09194833184275605,0.05140112626456996,0.06360410844007891
N_1_(1772rpm),数据集/数据集/源域数据集/48kHz_Normal_data/N_1_(1772rpm).mat,25,N,48k_normal,1772.0,0.06490286198550736,0.06490286198550736,0.249011099354351,0.47264410523879213,0.051825644780432625,0.004212381493909816,-0.1743122968697328,2.9607097030158513,3.8676938249196335,4.848986396055925,0.24757370444973448,3079.166370425671,2691.194506457067,0.6142273102325251,0.11496837706710024,1.416865099673159,3.141581395024992,0.8037848938140998,0.03259207248323933,0.00025,0.7223815950395817,0.2634602542602807,0.2134799374751639,0.1214233676593394,0.0695026552862538,0.05370463357501688,0.08389037203925355,0.10262565764523257,0.3230016927864482,0.33111594552888074,0.23033532253902875,132.2658013544018,0.8037848938140998,0.0225649534242031,0.04808561044661476,0.09077416990937585,0.04873126879148249,0.06565887130930234
N_1_(1772rpm),数据集/数据集/源域数据集/48kHz_Normal_data/N_1_(1772rpm).mat,26,N,48k_normal,1772.0,0.06506468665239586,0.06506468665239586,0.2523137247162074,0.4756361010706934,0.05177374892951985,0.00423341344917446,-0.19104155074146492,3.0332826818279908,3.907797451126174,4.916259237391882,0.2522126594640786,3146.03668393587,2682.7166724609824,0.6096818040327071,0.11307652238688588,1.4364641389995774,3.1650555294727964,0.7973095339084804,0.03721374637207815,0.00025,0.7182332646610298,0.25041393725518707,0.2316835847540797,0.11953172452075513,0.06306739442855257,0.05267469130585465,0.08183924102458712,0.10004583367114693,0.31597612470950365,0.34774890443707224,0.23068882777815036,4.232505643340858,0.7973095339084804,0.024424912593037137,0.05335027900724542,0.09946906021170372,0.05087167215436111,0.0588764436102321
N_1_(1772rpm),数据集/数据集/源域数据集/48kHz_Normal_data/N_1_(1772rpm).mat,27,N,48k_normal,1772.0,0.06473051030425189,0.06473051030425189,0.251987587971491,0.4616684694194614,0.05159150388452809,0.00419003896424886,-0.1844670610482026,2.979704923151598,3.92814327485197,4.935986572112368,0.25257889275468476,3124.890334773597,2701.406983520351,0.6043544199887214,0.11309730710742481,1.4264435588195072,3.1996545530666918,0.7915936838796751,0.04161164581946063,0.00025,0.7168640226757971,0.2609737539102382,0.23873996729181102,0.11571297524524884,0.060515856211836035,0.056153354196389824,0.07679295006635065,0.09278045778449971,0.3113218569167685,0.3433480348723403,0.2296948282945524,4.232505643340858,0.7915936838796751,0.03050335429005867,0.05584095755588746,0.1021803789721268,0.046439988830272325,0.05713497084376808
N_1_(1772rpm),数据集/数据集/源域数据集/48kHz_Normal_data/N_1_(1772rpm).mat,28,N,48k_normal,1772.0,0.06530209984866199,0.06530209984866199,0.24999211223423337,0.4752124764215398,0.05232989371863206,0.00426436424464462,-0.163367291875306,2.9098726299120137,3.8696093868988246,4.838139775696638,0.24739058780443143,3118.5982863972276,2687.4744393302735,0.6117632674828397,0.11302367112034808,1.4109060984023742,3.1738996201402023,0.8025924018760504,0.03324621980444567,0.00025,0.7220138963231398,0.25297117683229936,0.22199624714770827,0.12077669056920193,0.06392018542231329,0.054168977334459224,0.08520089895149466,0.10690587880513054,0.31069107551185154,0.3352062584891102,0.239264909992077,4.232505643340858,0.8025924018760504,0.02320715778756755,0.04806477438139222,0.09918189831735297,0.04832795062235929,0.061521894745823105
N_1_(1772rpm),数据集/数据集/源域数据集/48kHz_Normal_data/N_1_(1772rpm).mat,29,N,48k_normal,1772.0,0.06583863778273895,0.06583863778273895,0.2536935793565159,0.47853941102884745,0.05292210463306957,0.004334726225086701,-0.19081205527451292,2.9066995456009765,3.8961424835873215,4.85687946286064,0.24732954892266373,3088.3150978046237,2661.7662433426535,0.6102271152655973,0.11157899456463682,1.3992585620966163,3.193653508889457,0.8025119704337373,0.032089151016222284,0.00025,0.7221064741519004,0.25629018456036606,0.21590974710384903,0.1190490914456525,0.06853954449807365,0.052779894859900305,0.08981071868592927,0.10847201031785152,0.31543144726208994,0.3385098285780283,0.23176244575805635,4.232505643340858,0.8025119704337373,0.027807263234960848,0.042622363356616684,0.09316620328150979,0.049031037068778996,0.06648904750458767
N_2_(1750rpm),数据集/数据集/源域数据集/48kHz_Normal_data/N_2_(1750rpm).mat,0,N,48k_normal,1750.0,0.06333917098622646,0.06333917098622646,0.29226919492280784,0.5200361483335394,0.05090270470847261,0.004011850581222432,-0.1921136649183643,2.9106775095479542,4.644427978164427,5.785813112421468,0.282854178111457,3601.308214877261,2953.0767747667182,0.6172287206996026,0.13129856466042222,1.387755623134717,3.2308479422166285,0.8252652039045959,0.03846910416404313,0.000125,0.6536082017174732,0.2031039658746161,0.1529929299648155,0.12096768606950414,0.056190729617634085,0.06234838569470297,0.09545299939584106,0.11645722628181342,0.2801107070950398,0.28997617375933993,0.31053865719766965,275.8928571428571,0.8252652039045959,0.015121694812699286,0.03875509194302208,0.049080679575588655,0.046868963652463264,0.05093012756307267
N_2_(1750rpm),数据集/数据集/源域数据集/48kHz_Normal_data/N_2_(1750rpm).mat,1,N,48k_normal,1750.0,0.063483538190882,0.063483538190882,0.28004814770871606,0.506554128325989,0.05084884497267148,0.004030159621233173,-0.18452792066807458,2.9408052167706678,4.443211587409937,5.554071537197367,0.28138924494903256,3542.6197760037985,2939.843299743026,0.620373665992865,0.1274959593035015,1.3984961074240745,3.2272325355988505,0.826749888423333,0.03718523845750926,0.000125,0.6581696288915764,0.20554483086308736,0.15899208590111358,0.12473829681798079,0.055301960197257326,0.06389745727165003,0.09214966146969251,0.12078941395607493,0.2872019772673258,0.28409886107610294,0.30438939184626956,275.8928571428571,0.826749888423333,0.02017373325736023,0.04271805944218707,0.04548891752666706,0.047182719101860296,0.05223019674465047
N_2_(1750rpm),数据集/数据集/源域数据集/48kHz_Normal_data/N_2_(1750rpm).mat,2,N,48k_normal,1750.0,0.06312868149146797,0.06312868149146797,0.2802751654483909,0.48885113435753275,0.05040281736880252,0.00398523042685121,-0.18071793010453133,2.9975018701170004,4.473439786640469,5.6110492654106165,0.28456326680095223,3530.659550719413,2939.1335155897195,0.6241491999091471,0.12748034588533458,1.4055730036826357,3.2553371661763264,0.8244848116112445,0.03698947318625125,0.00025,0.6613997998314088,0.20222941533625896,0.164372004354685,0.13023806317801592,0.05944033700747654,0.062476579920295136,0.08566606652725973,0.12787446617686457,0.2851560508737058,0.2764803013897545,0.30618065230536223,275.8928571428571,0.8244848116112445,0.02151722409306666,0.045654105590689116,0.04707323688662536,0.046943497564360954,0.056553869053678756
N_2_(1750rpm),数据集/数据集/源域数据集/48kHz_Normal_data/N_2_(1750rpm).mat,3,N,48k_normal,1750.0,0.06360961068232197,0.06360961068232197,0.2531856244266944,0.4775455809422877,0.05087568468232678,0.0040461825711565706,-0.17929263863699632,2.9783807856844597,4.018107502615032,5.032569167802973,0.28456326680095223,3515.810841930779,2942.7152327045083,0.6226840890951039,0.12737077332913724,1.4006831719633144,3.1671084548050157,0.8245196572513757,0.0367713374509384,0.000125,0.6630676899801466,0.20614071930808175,0.1664431094740795,0.13200157076421007,0.058843708822461274,0.06291048003192508,0.08179653861863062,0.11638717365210448,0.2817753877627911,0.2828482397467506,0.3112273247192339,275.8928571428571,0.8245196572513757,0.020645149809974776,0.039641371849125515,0.04794533255780738,0.052587564419713594,0.05615680210421186
N_2_(1750rpm),数据集/数据集/源域数据集/48kHz_Normal_data/N_2_(1750rpm).mat,4,N,48k_normal,1750.0,0.06330535433068933,0.06330535433068933,0.25335569695957133,0.4774620505748014,0.05073576322330697,0.004007567886934127,-0.18927833532757032,2.925759670930249,4.040408991940975,5.0502331732578,0.2863944332539828,3529.7484688814125,2965.169433561816,0.615931949909663,0.12959853437422134,1.3946906324477812,3.0535548277223206,0.8225431063062353,0.04058236827684798,0.000125,0.6553456326150059,0.21217173545632256,0.1644625533624963,0.1320170567036614,0.05652425207889361,0.06361740101419085,0.07923743056176612,0.10067048512353374,0.2763614591591333,0.28832191326775836,0.3171422510345064,275.8928571428571,0.8225431063062353,0.020533043568520426,0.03386755937975198,0.04808563727719133,0.05581078285639345,0.05528383480642804
N_2_(1750rpm),数据集/数据集/源域数据集/48kHz_Normal_data/N_2_(1750rpm).mat,5,N,48k_normal,1750.0,0.06359283685492614,0.06359283685492614,0.3263383347208877,0.5571973426714795,0.05098189881462867,0.004044048899257253,-0.14757241993343198,2.9463362861346494,5.087284938270248,6.355635983052374,0.28187755600317405,3532.3594187997255,2969.2324123598896,0.6229584417977055,0.1302024467547275,1.4040661656333728,3.3086008277158183,0.823840135832404,0.04029220257755779,0.000125,0.6582282582548892,0.20878825394311187,0.17233649154475342,0.13395205732370133,0.06064322444249021,0.059782203729335785,0.08262612388221549,0.11976954762535702,0.2601052845856811,0.2726065802249053,0.3170923352629971,275.8928571428571,0.823840135832404,0.02103545639052446,0.03824648243499235,0.04999773203149379,0.058990707554721154,0.05747404302043422
N_2_(1750rpm),数据集/数据集/源域数据集/48kHz_Normal_data/N_2_(1750rpm).mat,6,N,48k_normal,1750.0,0.06332593624355494,0.06332593624355494,0.3262039793435481,0.5678726489833243,0.05076774597622495,0.004010174201122785,-0.13093373166979597,2.942590480714282,5.119668390030564,6.391638930857991,0.2793749618506989,3522.6470139447456,2966.380860356126,0.6222297499311701,0.12963063543816122,1.4055333527704867,3.3166319860102536,0.8239332818208136,0.04058636741440337,0.000125,0.6580108976563492,0.2112366545439417,0.1677634448444574,0.13163305693993807,0.06133209355925553,0.06196393515988982,0.08366373661965983,0.12079285903443064,0.2687328102103108,0.2703333034060662,0.3112334847227716,275.8928571428571,0.8239332818208136,0.017609106981075016,0.040122848643895814,0.04975272871010536,0.05626401536464754,0.057290883342383574
N_2_(1750rpm),数据集/数据集/源域数据集/48kHz_Normal_data/N_2_(1750rpm).mat,7,N,48k_normal,1750.0,0.0630012695891419,0.0630012695891419,0.25504713905820886,0.4699213039416723,0.05049068650240134,0.003969159969843736,-0.17135015870105094,2.8912938219894504,4.079728549802886,5.096347743854288,0.2843191112738815,3530.0504024757647,2956.9728587931486,0.6201849460300766,0.1288127393896684,1.4076726250562983,3.103272251179188,0.8261917319424099,0.04020787017226567,0.000125,0.6585862866398411,0.211211580613579,0.16311730410460767,0.12726773393182514,0.05744273241679844,0.06456774704735864,0.0866711614202983,0.11403914110601539,0.27896352166350563,0.280077126636146,0.30806982219365514,275.8928571428571,0.8261917319424099,0.01592823947708254,0.03677456526497521,0.04991071038730522,0.055991520799665795,0.05512776368215013
N_2_(1750rpm),数据集/数据集/源域数据集/48kHz_Normal_data/N_2_(1750rpm).mat,8,N,48k_normal,1750.0,0.06322716934907842,0.06322716934907842,0.25516683190324985,0.4550548822858798,0.050624441813270006,0.003997674943897041,-0.19523800711802863,2.9266523763749364,4.072970154683171,5.095192298552224,0.284013916865043,3540.093974082349,2931.4732801610944,0.6184027489091172,0.12626528469592416,1.4175473827973355,3.167205827665607,0.8204732321644975,0.037351731236623595,0.000125,0.658631780734836,0.20849403390967977,0.1693870017083742,0.12346505008706363,0.05948823162214037,0.0644746053695857,0.08755563382140985,0.10831877336499669,0.27775378757016717,0.2962380607876714,0.3069598884291005,275.8928571428571,0.8204732321644975,0.018363177304005128,0.04223499013669114,0.052580159737748974,0.05147641231697656,0.057303237348262634
N_2_(1750rpm),数据集/数据集/源域数据集/48kHz_Normal_data/N_2_(1750rpm).mat,9,N,48k_normal,1750.0,0.06294104880624339,0.06294104880624339,0.23163655622779886,0.4525567311325257,0.05037758364168449,0.003961575624829912,-0.19837113823506874,2.9454713996897643,3.7188286980699825,4.654261921703247,0.284807422328023,3588.9124490489985,2928.6730170599744,0.6111201542651997,0.12783364821166474,1.4164273904627915,3.0609317118751003,0.8127596600088017,0.03731163777868731,0.000125,0.6507149991609571,0.20595653419008422,0.1606449654943568,0.11931412363036503,0.0496682059211195,0.06279044688415408,0.08742362933929897,0.1003736779490758,0.28540150073384246,0.31072760902698615,0.31785041345250686,141.96428571428572,0.8127596600088017,0.014972002236367398,0.04528995127591755,0.05255449564883259,0.04455934136246089,0.04637114602812676
N_2_(1750rpm),数据集/数据集/源域数据集/48kHz_Normal_data/N_2_(1750rpm).mat,10,N,48k_normal,1750.0,0.06296579351490221,0.06296579351490221,0.23904067629094478,0.45952480527042616,0.05040412608895481,0.003964691152961302,-0.17299258658861763,2.916751283006773,3.8362087910494815,4.801605111781367,0.28749313312580116,3579.809244499012,2953.023598772373,0.6177803162809477,0.1305490558870772,1.4099068551083678,3.0140657372418502,0.8214890160805086,0.038158333142728984,0.000125,0.6507640705703761,0.20694632565518448,0.16107670816280784,0.12479195317316866,0.05268373197018721,0.06128552611684168,0.09036279424210988,0.10892266539031253,0.2791492857345815,0.29328027641238397,0.3149284516844996,275.8928571428571,0.8214890160805086,0.01678118884973772,0.04123195579916149,0.05582869904366661,0.044251945895296095,0.04773064493753826
N_2_(1750rpm),数据集/数据集/源域数据集/48kHz_Normal_data/N_2_(1750rpm).mat,11,N,48k_normal,1750.0,0.06349028923821118,0.06349028923821118,0.24401345610215736,0.4828995633072697,0.05075918851402759,0.004031016827551714,-0.17686806224854704,2.9385654504398993,3.884895354763966,4.869301425974653,0.28517365561862906,3558.9249665489306,2946.2784788189883,0.6199083298345823,0.12878281739484493,1.4152357154513069,3.128147804478828,0.8237989719346286,0.037486114599589476,0.000125,0.6552975000505351,0.20464426213878614,0.16232915816250987,0.12701456257946458,0.05766188984458717,0.06437822207724726,0.09438029609327,0.10969069121890088,0.27808168801234884,0.29160917548019555,0.30815479723659184,275.8928571428571,0.8237989719346286,0.019327872808344086,0.04115100577471471,0.05238224172303196,0.04472206013878488,0.053824682002950104
N_2_(1750rpm),数据集/数据集/源域数据集/48kHz_Normal_data/N_2_(1750rpm).mat,12,N,48k_normal,1750.0,0.06351275374259818,0.06351275374259818,0.244041034888201,0.48323322765235754,0.050865686764210105,0.004033869887967919,-0.17771440624609303,2.9213808444934286,3.882962018818506,4.857522870749605,0.2801074284319111,3531.163954180542,2945.177526776747,0.6218501662389838,0.1277754008582789,1.4108255591427636,3.134638379546127,0.8254892843926022,0.0383957994262516,0.000125,0.6593830236547923,0.21120956934109508,0.15289911466845454,0.12355469622230096,0.05978344094611702,0.06227869931011287,0.092320127959967,0.11958452288861561,0.28565554472892674,0.2826979660201931,0.30612215701265466,275.8928571428571,0.8254892843926022,0.017586049950047387,0.038076502848102156,0.049234345014560706,0.04367531246288098,0.05681786542951719
N_2_(1750rpm),数据集/数据集/源域数据集/48kHz_Normal_data/N_2_(1750rpm).mat,13,N,48k_normal,1750.0,0.06271512369868423,0.06271512369868423,0.25745551015504303,0.4819385489748004,0.05030252578037252,0.0039331867405412654,-0.15990428154061556,2.9003348848012926,4.064264677703344,5.074423745404754,0.28096197277665874,3551.9755124848925,2948.03688766462,0.6209632529247645,0.12975871052245094,1.3950781009139144,3.126787073720975,0.8264833084396974,0.037707354636040455,0.000125,0.6572472697809724,0.20537341800645403,0.16025717772383996,0.12455030366463621,0.062143279787905764,0.0621262958028138,0.08973591031797377,0.12667456401144955,0.27869560057646353,0.2777814004110087,0.3090525088969371,275.8928571428571,0.8264833084396974,0.017569976597340546,0.03830797509908137,0.05232797409834109,0.04836653329349062,0.056960577427977485
N_2_(1750rpm),数据集/数据集/源域数据集/48kHz_Normal_data/N_2_(1750rpm).mat,14,N,48k_normal,1750.0,0.06355597229465329,0.06355597229465329,0.3391511355620488,0.596504449813342,0.050881754399626236,0.0040393616143187365,-0.17842836977217358,3.0233336430347393,5.367968264910276,6.713498352503552,0.280717817249588,3543.751580904574,2909.8592064327104,0.6219387486935986,0.12560726970709432,1.3895527331702677,3.4424106625772644,0.8233655971173175,0.0345182130370935,0.00025,0.6616900304274297,0.19533323564886082,0.1818841975814531,0.12991691642155778,0.05804651609721146,0.06000684295555603,0.0922469406486639,0.1278857224812649,0.2744876189906812,0.28967187741397826,0.30170265791707535,275.8928571428571,0.8233655971173175,0.019949093355965702,0.04620459265221139,0.05465783533458705,0.05534426254583624,0.05495213143392844
N_2_(1750rpm),数据集/数据集/源域数据集/48kHz_Normal_data/N_2_(1750rpm).mat,15,N,48k_normal,1750.0,0.06381968066806241,0.06381968066806241,0.33897809306049353,0.5560860240373792,0.051147951274892835,0.004072951640573459,-0.17549928032296755,2.972182040080355,5.3453758519897505,6.679260110158782,0.27968015625953735,3511.527444652337,2908.736630504675,0.6236768190997936,0.12388937242228591,1.3957607292421073,3.3202898701325236,0.8256754620876811,0.03726453432721178,0.00025,0.663679676356336,0.1990849879121756,0.17321810293341214,0.1330760762187633,0.05988556792227638,0.06270418567193219,0.0948166565506955,0.11919447945174902,0.2723545806821608,0.29166413594933666,0.3027232141487783,275.8928571428571,0.8256754620876811,0.01979041787286117,0.041774477755997755,0.04990451457066656,0.05523407647301965,0.060159946621789716
N_2_(1750rpm),数据集/数据集/源域数据集/48kHz_Normal_data/N_2_(1750rpm).mat,16,N,48k_normal,1750.0,0.06285045630574095,0.06285045630574095,0.25714541300226446,0.4540100377956604,0.050383428251478464,0.003950179857839851,-0.16459120590770643,2.871666593003854,4.126987629555348,5.156064918542088,0.284990538973326,3542.8086329995203,2966.096402988374,0.6196734397847732,0.1304256489086992,1.41010178148308,2.9414612479338778,0.8230459370027722,0.04145716687970202,0.000125,0.6554551933323057,0.2055608465966586,0.15630343015504505,0.13124236970218034,0.05880559201682737,0.0699080937255658,0.09065869118573001,0.10472045967935566,0.27144317609506613,0.283116177392954,0.3151431378025195,275.8928571428571,0.8230459370027722,0.015070499408695521,0.03443563914456173,0.046825820564292936,0.055601719262222966,0.056091795312426515
N_2_(1750rpm),数据集/数据集/源域数据集/48kHz_Normal_data/N_2_(1750rpm).mat,17,N,48k_normal,1750.0,0.06261838127358055,0.06261838127358055,0.25754169980154556,0.45970782406970834,0.05030657544248767,0.003921061673323504,-0.16071752517403992,2.8519099275367386,4.152581325080658,5.178657633915458,0.2843191112738815,3581.4237873809584,2971.498466829773,0.6211458065788473,0.13270676979631546,1.4032640965640115,2.8916042746671433,0.825746268978951,0.042012601754065765,0.000125,0.6517789747605287,0.20414248857851214,0.14639744354845777,0.12553608220798407,0.060512257584567644,0.0675615076076823,0.09591998786328508,0.11360102485011518,0.26944705754514775,0.2798192953115588,0.31824152037139847,275.8928571428571,0.825746268978951,0.015282697618538262,0.02961094684254998,0.043419917716647966,0.05426318411710724,0.05738059187808386
N_2_(1750rpm),数据集/数据集/源域数据集/48kHz_Normal_data/N_2_(1750rpm).mat,18,N,48k_normal,1750.0,0.06313382899411986,0.06313382899411986,0.23432596340016523,0.4366635576255695,0.050673163580619233,0.003985880363458769,-0.145889373309345,2.867099517297366,3.750851128759657,4.681627516279371,0.2850515778550937,3556.8014128912696,2948.780516429577,0.6233716610072837,0.12967439620966423,1.4032614208955612,2.9777686239309036,0.82701742304552,0.042393651292913996,0.000125,0.6555692154855375,0.20713501896661504,0.16657185038047553,0.12191204629918716,0.05749053715128074,0.06571053352396393,0.0985172407469574,0.12081012264008582,0.26835491340746914,0.28051079070954393,0.30067918875839067,275.8928571428571,0.82701742304552,0.019878912718104522,0.03311814451556708,0.05149958976379401,0.05733971581816744,0.05606810765456688
N_2_(1750rpm),数据集/数据集/源域数据集/48kHz_Normal_data/N_2_(1750rpm).mat,19,N,48k_normal,1750.0,0.06304260946162975,0.06304260946162975,0.24475036113767534,0.44320607853205585,0.050495960796586734,0.003974370607731569,-0.17392110066361358,2.8973838848695146,3.9199189456445933,4.902462238929022,0.2854178111456998,3519.6106419514686,2941.4913138781717,0.6207927989465561,0.1265934472717233,1.3979909419629744,3.1339353658442306,0.8229613225015431,0.04206156875300324,0.000125,0.6566191247691266,0.21739269707547063,0.17554441710535648,0.11960515318930279,0.05475616877906356,0.062260525557760876,0.0912681742566812,0.11589279629270503,0.2751255051750619,0.28557938582332304,0.29533222133321113,275.8928571428571,0.8229613225015431,0.019033945138408264,0.03902217996855725,0.05543389300285039,0.0554684558492765,0.053539124866086106
N_2_(1750rpm),数据集/数据集/源域数据集/48kHz_Normal_data/N_2_(1750rpm).mat,20,N,48k_normal,1750.0,0.06297641739464754,0.06297641739464754,0.257054147013525,0.4579397239140929,0.05044149223386208,0.003966029147864866,-0.1863251491445102,2.905687869718199,4.118336806825742,5.149785002795966,0.2815723615943356,3550.3351887824847,2934.884783236787,0.6186989595636468,0.12701092534674763,1.4003416744269983,3.1408551916327574,0.8225627378466086,0.039866435705404296,0.000125,0.6560665380610874,0.208390426605935,0.1650572460947177,0.12158672693511756,0.05720779086717922,0.06531715427313692,0.08969798206784582,0.11254875598857988,0.27451609276028693,0.29197455990264376,0.3115707840457702,275.8928571428571,0.8225627378466086,0.01656556119808867,0.03979975175978437,0.047160209411404454,0.05545158182252446,0.0542587601667638
N_2_(1750rpm),数据集/数据集/源域数据集/48kHz_Normal_data/N_2_(1750rpm).mat,21,N,48k_normal,1750.0,0.06275266203782318,0.06275266203782318,0.25789476504586134,0.47295204456264156,0.05029546808769565,0.0039378965928332545,-0.17608402063121806,2.9012470015911633,4.149150733606852,5.18596771963234,0.28376976133797227,3559.0669232083264,2939.858448896714,0.6169228089641319,0.1281992077821365,1.403323316320852,3.0927891201063282,0.821584624529655,0.04006010723763828,0.000125,0.6547416816116844,0.20857242426589928,0.1600353817036819,0.11962501843776467,0.05653564133451925,0.06639993736399642,0.0934818445535902,0.11286776468792035,0.2767400666722165,0.290602390598834,0.3115623841857186,275.8928571428571,0.821584624529655,0.01711776405767379,0.03667049307231215,0.04692255879777717,0.05416957033287408,0.053756363623056344
N_2_(1750rpm),数据集/数据集/源域数据集/48kHz_Normal_data/N_2_(1750rpm).mat,22,N,48k_normal,1750.0,0.06268798104319057,0.06268798104319057,0.23259905233191372,0.44735252023594674,0.050188819477786875,0.00392978296727142,-0.17349364448631074,2.9070380244687604,3.7549066081424325,4.701144578989886,0.2866385887810535,3566.105506317796,2952.6952555804623,0.6161028655532704,0.1300346429573638,1.4094720520239168,3.1140078610012054,0.8205541708993379,0.04040376089428321,0.000125,0.6529087273455196,0.21092372984550223,0.16450408722841273,0.11940561802200063,0.05287919080799744,0.06485415859107371,0.09322405367102313,0.11142500782389501,0.27509114140051394,0.28909304037527633,0.30948409640680413,275.8928571428571,0.8205541708993379,0.014468451621522042,0.04302220138168859,0.045634081598396804,0.05792053846895648,0.049734377062944125
N_2_(1750rpm),数据集/数据集/源域数据集/48kHz_Normal_data/N_2_(1750rpm).mat,23,N,48k_normal,1750.0,0.06287609969894609,0.06287609969894609,0.23272232308386928,0.4485217108815036,0.05034077341163894,0.0039534039133518085,-0.17593329879120398,2.9317685937281572,3.739963206194705,4.679045144342795,0.2884087163523164,3587.402387511431,2948.92402039748,0.6211005910580525,0.13132806637108055,1.4108864351114472,3.1938053918539677,0.8268688458419429,0.038558678028408365,0.000125,0.6517464427515721,0.20035106871873262,0.1640870678247724,0.1212286398896049,0.05310646210528424,0.06693621973627922,0.0919739113987349,0.12375193865801157,0.2765380423014109,0.28134179373344775,0.31319849366148583,275.8928571428571,0.8268688458419429,0.01354498944936533,0.04148172061937022,0.046806136340647855,0.05774423780576549,0.051158676919719814
N_2_(1750rpm),数据集/数据集/源域数据集/48kHz_Normal_data/N_2_(1750rpm).mat,24,N,48k_normal,1750.0,0.06275350984850153,0.06275350984850153,0.22842130067747102,0.45627512351214083,0.05044487699999653,0.003938002998305979,-0.1587878957838084,2.8778772064560623,3.6725612599713147,4.57424016235328,0.2832204114020631,3562.0691128522653,2961.165505430607,0.6214448003523284,0.13088900214284238,1.3891375314340166,3.0666392767005894,0.8284964943308661,0.038055027017343084,0.000125,0.6535757363487416,0.20718375510628328,0.14619974957897455,0.12338114925209996,0.05622093392121774,0.06509821483684254,0.09205574329626016,0.12038943931031006,0.28687950022021813,0.2777159065427162,0.3156136531080085,275.8928571428571,0.8284964943308661,0.014240301648601565,0.03739082193047855,0.040091249072488046,0.049414343300345304,0.054926356768719965
N_2_(1750rpm),数据集/数据集/源域数据集/48kHz_Normal_data/N_2_(1750rpm).mat,25,N,48k_normal,1750.0,0.06256730950058202,0.06256730950058202,0.26057577602558407,0.48867476480825883,0.05031212927697976,0.003914668218141622,-0.1667891914532029,2.8584780656594426,4.200457967398193,5.231703820206536,0.27986327290484037,3555.2171735894644,2965.384823695845,0.6206453215317965,0.13005075592392945,1.3846786029605906,3.0811216826790684,0.8264069937414086,0.03933093790100034,0.000125,0.6554648001040164,0.20871573417120037,0.1503912077746499,0.12492336449327143,0.05583503184848653,0.06686492724509507,0.08908953360279037,0.11081212375721695,0.28454844676963936,0.28308342256856617,0.31673234882043105,275.8928571428571,0.8264069937414086,0.019174959361722282,0.03952222743922048,0.039539192005753745,0.04789078603285253,0.05113808363164078
N_2_(1750rpm),数据集/数据集/源域数据集/48kHz_Normal_data/N_2_(1750rpm).mat,26,N,48k_normal,1750.0,0.06249358949267995,0.06249358949267995,0.2608400756533553,0.4686922850927857,0.05012522079668187,0.0039054487276795977,-0.1824237781380868,2.8800799376859385,4.206951000897178,5.252359098970386,0.2849295000915583,3553.7058410330437,2967.5626266428044,0.619992242912588,0.1310615248964389,1.3990583171283038,3.0312552135462747,0.8274449241307856,0.04063524024556662,0.000125,0.6568342180011855,0.20783097570408704,0.15502976021542264,0.1282568801820796,0.05989227605677142,0.06442386817224637,0.08870249745952392,0.11374787871532237,0.28190947438551095,0.2794886687264327,0.31038441543117845,275.8928571428571,0.8274449241307856,0.020514400918774257,0.03879481250573798,0.0425753219000184,0.04851201386255321,0.05350461968165537
N_2_(1750rpm),数据集/数据集/源域数据集/48kHz_Normal_data/N_2_(1750rpm).mat,27,N,48k_normal,1750.0,0.06269094604499725,0.06269094604499725,0.2464237244728307,0.4490643948904235,0.05019282827146701,0.003930154716016756,-0.1463612098778028,2.8868032639584538,3.9615658676878986,4.95368476059846,0.2843191112738815,3526.85184984374,2956.2685823158154,0.6195674990018185,0.12880530038713864,1.4097373773906006,2.9809431733174865,0.8260187927940734,0.04066135118545249,0.000125,0.6579541751368636,0.21241967940305673,0.1534663447878691,0.12599731354282534,0.057893350748607776,0.06583299798500042,0.08688376075702364,0.11156091476280189,0.28703298534632893,0.2817086044114819,0.3095031930960189,275.8928571428571,0.8260187927940734,0.018059778841833424,0.03511694845538508,0.04570795658256298,0.05083209711008148,0.053315104257668465
N_2_(1750rpm),数据集/数据集/源域数据集/48kHz_Normal_data/N_2_(1750rpm).mat,28,N,48k_normal,1750.0,0.06278114362350493,0.06278114362350493,0.2457081822448868,0.4615384122696623,0.050245559157693936,0.003941471994675153,-0.14665347630286593,2.9233452149569663,3.945437139068083,4.935723535563044,0.2824269059390832,3565.645372372627,2955.5942505801754,0.6192039523888835,0.13112056537954406,1.4082555801639325,3.052171136891651,0.8256156759087346,0.04220227952685743,0.000125,0.655833372823421,0.2049104237397223,0.14882189692993467,0.12297207593686758,0.05541777278630312,0.06823451560171268,0.096011408048333,0.11905825216344526,0.2729986730114053,0.2788325170600889,0.3188359268472287,275.8928571428571,0.8256156759087346,0.015522514212656512,0.03443442227599909,0.04310242704058412,0.05160846644641602,0.053171433367547344
N_2_(1750rpm),数据集/数据集/源域数据集/48kHz_Normal_data/N_2_(1750rpm).mat,29,N,48k_normal,1750.0,0.06309938749363952,0.06309938749363952,0.23157787824892898,0.4508913327630368,0.050546807527095235,0.0039815327020724725,-0.11991267906663086,2.91331720096027,3.6382065059216204,4.546036217380968,0.2834035280473662,3556.8304125877953,2957.6411300255977,0.6174274538799684,0.1308447687299102,1.4016512949925721,3.0299707928060564,0.8223535489108822,0.04085112207694101,0.000125,0.6553514359507642,0.20281870565844654,0.1657965363339679,0.12963741375899265,0.05807334245125723,0.0651247090083566,0.09110134709919968,0.11737447159858382,0.2728703696818606,0.27938155462525743,0.30794928134413013,275.8928571428571,0.8223535489108822,0.015397901081262318,0.043010441427177956,0.05331310502367786,0.04978770839843847,0.05619736238752877
N_3,数据集/数据集/源域数据集/48kHz_Normal_data/N_3.mat,0,N,48k_normal,1725.0,0.06456720677199143,0.06456720677199143,0.24917556626694215,0.4668206407441208,0.05168744162805884,0.004168924190337096,-0.1265722633017094,2.947033373051105,3.882685123298533,4.853225248655908,0.297625587499237,3680.4544695409572,3007.3923520348326,0.6382748250229262,0.1446600920056135,1.3919760908234224,3.1269986221460955,0.846820769403569,0.03309756727355306,0.000125,0.6358771633198863,0.17313670276629553,0.14395547697652072,0.12999833169287933,0.06009713589374803,0.08559599496301802,0.10602964195116006,0.1304385973511915,0.2612255460161219,0.2542879118128777,0.33365267539249693,279.89130434782606,0.846820769403569,0.015269402764889063,0.030669118150172228,0.039799007624661376,0.05345015918647182,0.05456441192748431
N_3,数据集/数据集/源域数据集/48kHz_Normal_data/N_3.mat,1,N,48k_normal,1725.0,0.0647551019374722,0.0647551019374722,0.2499994552292197,0.4675542709198186,0.051848930727856915,0.004193223226932417,-0.11437957133980728,2.8910683024396193,3.8811407064571495,4.8494849012579095,0.29365806018433743,3666.122517601276,3011.932811095927,0.638202063094126,0.14468602866863198,1.3951360286738925,3.030720089300711,0.8450278631941989,0.03563483912305222,0.000125,0.6413525619965326,0.17108502872128611,0.15691755738815397,0.13612172930242947,0.06022526161813921,0.08502236551594275,0.1035634914600862,0.12764640614847422,0.2481465583932498,0.2537173770540944,0.3330519971329562,279.89130434782606,0.8450278631941989,0.021170234254081346,0.03376026616769674,0.045291747107934405,0.05184261709978155,0.05452751500034511
N_3,数据集/数据集/源域数据集/48kHz_Normal_data/N_3.mat,2,N,48k_normal,1725.0,0.06477394182669267,0.06477394182669267,0.2504443048415573,0.48527054931675284,0.051643191263091845,0.0041956635397677675,-0.10052449303966432,2.9546484900185455,3.8863718084002357,4.87664683791999,0.29439052676554966,3637.4366492701797,3008.6952838053485,0.6440880003044426,0.14409688450179292,1.4191596562368027,3.1371802970539084,0.8458970351626319,0.03581424606852596,0.000125,0.6433546272732483,0.16898458976567243,0.1609803952100209,0.13440433755465422,0.06674566462532701,0.09171139354150364,0.10283243576475344,0.14376382353919384,0.2396355985655828,0.23588634812778853,0.33157671256287535,279.89130434782606,0.8458970351626319,0.02020384174473459,0.0409099067905418,0.04396811969662748,0.05177128554811787,0.059395529226929034
N_3,数据集/数据集/源域数据集/48kHz_Normal_data/N_3.mat,3,N,48k_normal,1725.0,0.06439717740031455,0.06439717740031455,0.2483999059505788,0.4841701882677625,0.05151334140216128,0.004146996457127582,-0.10271954242066947,2.928754592497957,3.88038268354863,4.853740153594748,0.29835805408044924,3681.1790395090757,3007.4123534054465,0.6430501656880334,0.14603356517117286,1.4092204513856201,3.1241637882598012,0.8453746457959332,0.03391880302979697,0.000125,0.6385855955819894,0.16123652868716049,0.15066319920790638,0.13371566531752277,0.06096737667124408,0.09509609404778965,0.10386681865056922,0.13803431510370778,0.2534758923972736,0.2440843601810651,0.3376193109806224,279.89130434782606,0.8453746457959332,0.015084901997927008,0.03621725266336597,0.037741530569088154,0.05763196773138419,0.055254597211368675
N_3,数据集/数据集/源域数据集/48kHz_Normal_data/N_3.mat,4,N,48k_normal,1725.0,0.06440623669665635,0.06440623669665635,0.24830397884193342,0.4656358384889183,0.05174242408838058,0.0041481633254257235,-0.1280289461509059,2.852190434197785,3.879576322921201,4.832113139030992,0.29628273210034795,3703.6477254426077,3016.796172833122,0.6379775731277201,0.1472047010902758,1.3947874754061087,3.0268425332218056,0.8462438878012829,0.03224686112307178,0.000125,0.6380369951263047,0.16458067275991617,0.14310218035744776,0.13718938684500984,0.058532993090911214,0.08447596987256802,0.10081960899479075,0.12766112411811661,0.2568894707076322,0.25604299018901955,0.34787198274120007,279.89130434782606,0.8462438878012829,0.017536617216482458,0.030002828011446724,0.03344781023107341,0.05656028082663742,0.05362162521132626
N_3,数据集/数据集/源域数据集/48kHz_Normal_data/N_3.mat,5,N,48k_normal,1725.0,0.06415699687174026,0.06415699687174026,0.25467466783729026,0.5018286562538569,0.05135953070434636,0.00411612024760049,-0.15536784654556368,2.922559405418662,3.993725705808571,4.992277148320657,0.30049441494231827,3698.571101555921,3027.144602174689,0.6386866354429387,0.14771448351876518,1.408921113621089,3.117777718577111,0.8468126057861695,0.034435658155905824,0.000125,0.6349011592162025,0.17740024038306768,0.15372455527392212,0.12373018214573818,0.06064837925250386,0.0867662007592013,0.10334015157408033,0.13192887232453912,0.24306307226976034,0.24854986656623673,0.33961235397061496,279.89130434782606,0.8468126057861695,0.01843372510809317,0.03871051505791236,0.04058942092172351,0.0516026228235618,0.05424783776888413
N_3,数据集/数据集/源域数据集/48kHz_Normal_data/N_3.mat,6,N,48k_normal,1725.0,0.06443249147354112,0.06443249147354112,0.2605891392438794,0.5153471710416946,0.051545706986345405,0.00415154595748795,-0.13562140685438817,2.9616016222053863,4.009272801535028,5.017307872449927,0.3006164927058536,3674.6999038793574,3017.797429524399,0.6405440490342287,0.14635833977943488,1.4120279507779656,3.1771544662291373,0.8432855674739421,0.03724899443503227,0.000125,0.6372308522773503,0.17857132893750688,0.1525024119262814,0.12261040685621184,0.06725067210111757,0.09105414832921277,0.10508266434409547,0.13399466907825303,0.24381903079844583,0.24560444481384144,0.3294751256380234,279.89130434782606,0.8432855674739421,0.017771509870873028,0.04133708613541273,0.043612927693036346,0.046035854062098605,0.059744271315937625
N_3,数据集/数据集/源域数据集/48kHz_Normal_data/N_3.mat,7,N,48k_normal,1725.0,0.06440189764310159,0.06440189764310159,0.26048709691219774,0.4864951890419854,0.051602243118892624,0.004147604420032534,-0.11021765971108971,2.893075665398639,4.01396219200205,5.013875668098545,0.2999450650064091,3701.7535822082154,3027.009740477264,0.6327654859633622,0.1484837934486581,1.4001834691014465,3.0221595993033876,0.8417289547163561,0.03748466511871105,0.000125,0.6348897448989744,0.17427787759266414,0.14127905178752115,0.13048115440300243,0.06204934397523863,0.08455000548416036,0.10790267556080067,0.12655703351745468,0.25131730900230964,0.25268647820800516,0.33579716133775334,279.89130434782606,0.8417289547163561,0.017081131862451002,0.03717087834814812,0.03322703536072674,0.05016883135891289,0.05576152824702445
N_3,数据集/数据集/源域数据集/48kHz_Normal_data/N_3.mat,8,N,48k_normal,1725.0,0.06397454156456948,0.06397454156456948,0.24499387672287373,0.46075944256757906,0.05120713736584475,0.004092741968396829,-0.13425774553799627,2.8951582040154995,3.8566985277946704,4.822131862955975,0.30269181468595496,3721.2122416569614,3037.645140422017,0.6303160340342668,0.14978576053968481,1.396581333138665,2.977309957654149,0.8382532483276935,0.036369114271054014,0.000125,0.629017997710034,0.16848797067220328,0.15216361185929098,0.13973451479567187,0.0535391341345932,0.08201370930547303,0.09758917924219243,0.11537774794569822,0.2568820811765517,0.2600941609448133,0.340378530456091,279.89130434782606,0.8382532483276935,0.01759241888560409,0.03805564856356875,0.03902430342714391,0.054029646458395045,0.049031176454517225
N_3,数据集/数据集/源域数据集/48kHz_Normal_data/N_3.mat,9,N,48k_normal,1725.0,0.06429653161155602,0.06429653161155602,0.2517469819832702,0.4977256786537745,0.05142487473474065,0.004134043977275823,-0.17530156421988885,2.969774295496251,3.8668249309856755,4.844370058449313,0.2984190929622169,3707.8008682580708,3010.5896548611518,0.6338105691318995,0.14639813718985126,1.4164353308127218,3.181354034010406,0.8374010990603052,0.03162727047084106,0.000125,0.6336812344101584,0.1605523009013709,0.16245865339110524,0.1432010224800071,0.06307109876986843,0.0852299531545188,0.09246202862288179,0.11715434008136627,0.2475789191802469,0.2648662888113615,0.3428746426189935,279.89130434782606,0.8374010990603052,0.019880698282577613,0.04143011948260964,0.04514307499478355,0.051364819022017054,0.05831652837651844
N_3,数据集/数据集/源域数据集/48kHz_Normal_data/N_3.mat,10,N,48k_normal,1725.0,0.06426413360403788,0.06426413360403788,0.25216333953478026,0.49809599938834026,0.051265596431428404,0.00412987886787763,-0.15055555414162064,2.9967787315984897,3.8794691583602106,4.871179607520384,0.29707623756332785,3736.2718957129255,3011.5086799094834,0.6375508849093847,0.14798915403758411,1.427590535762366,3.1673398122338785,0.8399364414548514,0.031341859510668264,0.000125,0.6332956547488863,0.16188014079906696,0.1563659726194534,0.13215192393953634,0.06188566552127377,0.0879239606366823,0.0982457552471384,0.1279221086862419,0.24395797146224862,0.2583523910970385,0.3472878501323741,279.89130434782606,0.8399364414548514,0.01914967201745907,0.04465957195360151,0.038612228056032795,0.0495632757385421,0.05554459238014016
N_3,数据集/数据集/源域数据集/48kHz_Normal_data/N_3.mat,11,N,48k_normal,1725.0,0.06456027110925426,0.06456027110925426,0.22900160893243468,0.4565194837380506,0.05149747180785022,0.004168028605700411,-0.11662468885435251,2.962678250665008,3.570267724570005,4.478577493153995,0.2946346822926204,3677.5647577661803,3011.7300218230293,0.6429827732371673,0.14586856927591738,1.4145504286637318,3.0368383133137224,0.8462595621760165,0.03227673363176209,0.000125,0.6348531250083229,0.1649667003188382,0.14196109526131984,0.13395142419060546,0.060281434732235295,0.0923338708889483,0.0967683576444647,0.13753439806850215,0.2615414813769594,0.2432063305423664,0.34585314173449877,279.89130434782606,0.8462595621760165,0.023052993675280117,0.03495196164573744,0.03396686211199938,0.04569018000539386,0.054145062584116554
N_3,数据集/数据集/源域数据集/48kHz_Normal_data/N_3.mat,12,N,48k_normal,1725.0,0.06538096462128125,0.06538096462128125,0.24706065559012805,0.4854733960427259,0.052247709536548656,0.004274670534809231,-0.1385483926109987,2.9750899536778896,3.8084715264538467,4.770588944591457,0.29225416590368064,3629.6423653171323,2995.8495532054753,0.6428492886364443,0.14215648530977018,1.4060985326452318,3.119709492110639,0.8462261787114848,0.030716656506559088,0.000125,0.6436167421046878,0.16603994462605862,0.15860328966738838,0.13816097390083257,0.059027321014169166,0.09189681068082683,0.09605172637337671,0.13353644166065146,0.2618434183583579,0.24874622826330092,0.33450421436529354,279.89130434782606,0.8462261787114848,0.027030525374374757,0.02956181429223364,0.04349455977729905,0.053903176407225105,0.05603900222789987
N_3,数据集/数据集/源域数据集/48kHz_Normal_data/N_3.mat,13,N,48k_normal,1725.0,0.06507413324020575,0.06507413324020575,0.24788451212651083,0.48698864611238757,0.05196304925190353,0.004234642816964051,-0.1451444364809774,2.970984319433932,3.8414739623755816,4.816721826487672,0.2971372764450955,3650.7827990896863,2983.9890240288473,0.6411852075265181,0.14165925218166503,1.4140263628317593,3.1672501012589582,0.8448760285467762,0.031856075600710576,0.000125,0.6427915771979986,0.16755158995236924,0.16711777954551174,0.13406577016754334,0.05740755109841032,0.0865574811463584,0.10287442999782596,0.13226251518176685,0.2511585689056358,0.25886055983444206,0.3307999107650107,279.89130434782606,0.8448760285467762,0.02359359243184599,0.03768267448221499,0.04314430074753776,0.05783167003307359,0.05205877644207699
N_3,数据集/数据集/源域数据集/48kHz_Normal_data/N_3.mat,14,N,48k_normal,1725.0,0.06436221835349842,0.06436221835349842,0.23774026347563237,0.464110938228234,0.05142898004420265,0.004142495151383409,-0.1261050957769097,2.931761232991685,3.720359953246377,4.659715641894562,0.29628273210034795,3674.100919249808,3011.0609632005107,0.6398139136313444,0.14489405480307158,1.4204834232945063,3.0431699692767507,0.841375751977734,0.03387203511682869,0.000125,0.638290285539707,0.16790832347354243,0.16153924470220146,0.13522823793834302,0.06160100911521965,0.08796540790284348,0.09677965234381075,0.13116906160378883,0.24476573162471657,0.2514172422033395,0.33939665896229304,279.89130434782606,0.841375751977734,0.022283816325949782,0.0383174956592002,0.042574894314406815,0.053635366212298814,0.052985447058124954
N_3,数据集/数据集/源域数据集/48kHz_Normal_data/N_3.mat,15,N,48k_normal,1725.0,0.06411158989218979,0.06411158989218979,0.2279403976456884,0.4540593898572366,0.051184657634301425,0.004110295958504332,-0.10080134129378554,2.9476796691986187,3.5508665416488965,4.450578338411474,0.2976866263810047,3703.4768239710343,3038.363376457607,0.6397215450275162,0.15002546014853985,1.420576183869603,3.03494050805519,0.848936113714668,0.03491541517362472,0.000125,0.6357238988024968,0.17115628631240404,0.13424012111564929,0.12725363487954586,0.06610334743516444,0.09385584994236498,0.10102135744421652,0.13363120566386752,0.24682944591681563,0.2400449538434217,0.3506914365662725,279.89130434782606,0.848936113714668,0.019852934852422496,0.029821417458427747,0.03402875953305173,0.04598975480332862,0.05804095919605617
N_3,数据集/数据集/源域数据集/48kHz_Normal_data/N_3.mat,16,N,48k_normal,1725.0,0.06506752825592246,0.06506752825592246,0.2533051460385211,0.48197295476331425,0.05195778214386443,0.004233783233335267,-0.12372342254239854,2.9729459169151076,3.9196544311755828,4.9126477542468905,0.294512604529085,3670.1452513272984,2998.240480898934,0.6405176260337491,0.1436501788324796,1.4074863501379435,3.1589345705283485,0.8498765542790139,0.03231678477742914,0.000125,0.6393871769605964,0.16447636789553907,0.1269840181475931,0.1361631226757949,0.06494766128775564,0.08834647421642687,0.10537058866338707,0.12914338960950245,0.2624260263562682,0.2572252908488788,0.3441366278643832,279.89130434782606,0.8498765542790139,0.015412756662350204,0.03185983207275536,0.03177474387912767,0.043682465865353605,0.05968449065910497
N_3,数据集/数据集/源域数据集/48kHz_Normal_data/N_3.mat,17,N,48k_normal,1725.0,0.06591390954596779,0.06591390954596779,0.2708530812899154,0.5035016137429568,0.05265093273997917,0.004344643471634025,-0.15811375851863277,2.9849266339561225,4.140562732845983,5.189221174749729,0.2906061160959531,3644.8063694820894,2954.531380062856,0.6396943590522508,0.13732805502297293,1.4140648909393643,3.1893013098862184,0.8427390580873553,0.02946251858518385,0.000125,0.6439568949726364,0.16317760019484412,0.1505758083681545,0.13524396927106155,0.057613639015783584,0.08633474729444335,0.10380082541025082,0.12678402542777314,0.2620264255428475,0.2734491378070338,0.3388823832702007,279.89130434782606,0.8427390580873553,0.01855757851893248,0.035658612418289416,0.04163971432814003,0.049896584897541514,0.0529716264629047
N_3,数据集/数据集/源域数据集/48kHz_Normal_data/N_3.mat,18,N,48k_normal,1725.0,0.06563021564150534,0.06563021564150534,0.2717627634531797,0.5036697680794545,0.05247493526764163,0.004307325205150493,-0.15994293119814154,2.952226814584397,4.174429402953901,5.227817682385979,0.29304767136666054,3661.5259063937146,2987.04312870005,0.6396901354827961,0.1422252632516276,1.4164842401724356,3.1461429386161703,0.8427428243860833,0.032315601120484705,0.000125,0.6445340887101918,0.1708527580093114,0.15033687268809873,0.12960840940771093,0.06124567393410364,0.08704527896264469,0.10283534004897166,0.1311499284114501,0.2546026056942503,0.2596371466782259,0.33864638441399475,279.89130434782606,0.8427428243860833,0.02106413889798208,0.03779671185794466,0.03841093518328226,0.046853464355630925,0.057934495133757195
N_3,数据集/数据集/源域数据集/48kHz_Normal_data/N_3.mat,19,N,48k_normal,1725.0,0.06468979341473713,0.06468979341473713,0.2533299914753048,0.48027216750629764,0.05178684989025639,0.004184769372041368,-0.1217721295380944,2.9326240464628515,3.9478424321305883,4.936771547228377,0.2981138985533785,3669.7783171152205,3028.936591880694,0.638700071277264,0.1469405486636554,1.4036885333590774,3.0363529925808095,0.8447966002629329,0.035532730144973,0.000125,0.6384450959414832,0.17086865094129192,0.1428735415667126,0.13829840072810898,0.05923216222390854,0.0872129586552726,0.09986358784775583,0.1271800799711106,0.2581527658100983,0.24677899563308042,0.3416562110768826,279.89130434782606,0.8447966002629329,0.02323881847216377,0.036618193646709124,0.03149142133000662,0.04587927182959869,0.05543659799420847
N_3,数据集/数据集/源域数据集/48kHz_Normal_data/N_3.mat,20,N,48k_normal,1725.0,0.06428590396907626,0.06428590396907626,0.24420665579831174,0.4722225153931684,0.05154881555872885,0.0041326774491212935,-0.11497215586805835,2.9036771831722996,3.824627067485658,4.772970000383725,0.29829701519868157,3707.852057489949,3024.821385043071,0.6364199179386018,0.14775104570556752,1.384254131153499,2.9490896882636055,0.8466108297666326,0.036036068410688946,0.000125,0.6339431390628554,0.17541303481778597,0.138247119637623,0.12648061110776881,0.05229354277224258,0.08528363857435699,0.10515312296913176,0.12473533118405548,0.25978918160728554,0.25676630501189,0.34199107028899384,279.89130434782606,0.8466108297666326,0.018466978205273,0.03125555441782034,0.033798212834575535,0.049917529897807095,0.04748069336787786
N_3,数据集/数据集/源域数据集/48kHz_Normal_data/N_3.mat,21,N,48k_normal,1725.0,0.06525605134760074,0.06525605134760074,0.2645787729390027,0.516173681939925,0.052276686896703235,0.004258352237480704,-0.1352679482262596,2.940542151679932,4.0849240484732965,5.104442678683707,0.2916437770860038,3662.68222619013,2994.8489349160973,0.6353099111260437,0.14236712886815173,1.393215411699423,3.1266555598123587,0.8435839075648444,0.034178680623114514,0.000125,0.642793534495988,0.17359464940265537,0.15546185977763347,0.1345052901435674,0.05628194834357697,0.08058839106145588,0.10085072054173663,0.12512249485708257,0.25576973929782926,0.2637058250055243,0.334160659644643,279.89130434782606,0.8435839075648444,0.019647896532160335,0.034204434321722724,0.040779275869847816,0.05602789362730304,0.050073805109357127
N_3,数据集/数据集/源域数据集/48kHz_Normal_data/N_3.mat,22,N,48k_normal,1725.0,0.06527756513472394,0.06527756513472394,0.2657780134964714,0.5163739918189156,0.05216866282232081,0.004261160509918127,-0.12934854974170867,2.9725415172257184,4.096722796963646,5.129735649825906,0.29457364341085274,3630.555649655787,2990.3895129564057,0.6378493388666485,0.14034271809582424,1.4067514991769838,3.2021208989553642,0.8425918340846794,0.03400045316395417,0.000125,0.6439634311458763,0.17279832572280784,0.15770917006771204,0.1357852170386089,0.06249033864992746,0.08629429628136964,0.0992586479587918,0.1273696610017919,0.25230151218285835,0.2582266898262532,0.3333139719227883,279.89130434782606,0.8425918340846794,0.02032082605758952,0.04107037508743503,0.03963712635340194,0.05252044254860203,0.05481532325797532
N_3,数据集/数据集/源域数据集/48kHz_Normal_data/N_3.mat,23,N,48k_normal,1725.0,0.06472540407992664,0.06472540407992664,0.27064139693367706,0.5175927227127071,0.05165016851198186,0.004189377933309783,-0.09786933339523834,2.984833908792065,4.159719871406962,5.214859479000573,0.29963987059757063,3657.974448497091,3018.6648426856405,0.6364547637843979,0.1452870908443275,1.420062803397661,3.2079134423993967,0.8420845927836219,0.033470174365354474,0.000125,0.6389967909115782,0.17388381785845813,0.16145875160466722,0.13137908886146243,0.06240922949262617,0.09034819757310536,0.0991536951169773,0.12854335978007497,0.25006811529104517,0.2490526015853977,0.32849393381693937,279.89130434782606,0.8420845927836219,0.021993437271746068,0.04686357467172112,0.04097170927699452,0.047683013103794455,0.05671082551357353
N_3,数据集/数据集/源域数据集/48kHz_Normal_data/N_3.mat,24,N,48k_normal,1725.0,0.06491846161735623,0.06491846161735623,0.3171781766085509,0.5885114080510082,0.05169391557475235,0.004214406658764154,-0.11069153692864736,3.0576121175968245,4.914220572454862,6.177424514875851,0.2971983153268632,3672.2751006334006,3002.342970038285,0.6429152868881273,0.14427539733653788,1.4166120727106883,3.372368983421331,0.8476121065650176,0.031721313976256535,0.000125,0.638766995963126,0.16690140200744571,0.15378248056572633,0.13591722851063062,0.05991658201671796,0.08345303822804344,0.09680036938249714,0.13953569446882336,0.26164698652128404,0.24843129282042758,0.3354417193115697,279.89130434782606,0.8476121065650176,0.020810576370360212,0.03848276978379351,0.0392553848617853,0.050655360694627526,0.05635089219278267
N_3,数据集/数据集/源域数据集/48kHz_Normal_data/N_3.mat,25,N,48k_normal,1725.0,0.06477789913238288,0.06477789913238288,0.31748382480074056,0.5582682462582809,0.051661973036453486,0.0041961762160051715,-0.13706148382331512,3.0189970060021705,4.933195107361236,6.193467514261128,0.29567234328267106,3671.2281040624557,2978.698884283985,0.6418419341374249,0.14173316776720046,1.4147738378250343,3.284539498137873,0.8473252679403894,0.030734853094239994,0.000125,0.6386726516590425,0.164659036547522,0.14893992253563235,0.13180022398688176,0.06355383946282799,0.08522196635945216,0.1001566056030914,0.13658187339942512,0.26257800636079287,0.26001148132505375,0.33452141110924044,279.89130434782606,0.8473252679403894,0.014137281436263829,0.034522558874074384,0.03960813450424554,0.05489815020614988,0.059321162722357504
N_3,数据集/数据集/源域数据集/48kHz_Normal_data/N_3.mat,26,N,48k_normal,1725.0,0.06466787266778376,0.06466787266778376,0.24199553324117018,0.46248206214903487,0.05164383774530296,0.004181933755376694,-0.11874271913994829,2.9524850047002236,3.766064217980285,4.718757886108065,0.29567234328267106,3649.37712560855,3018.0577686238566,0.6361734885350635,0.14493469613520601,1.398934603740293,3.1661725323822303,0.8426512969154578,0.033336884644521704,0.000125,0.6425203561267886,0.17339367891871127,0.1668322519686636,0.13374761366971002,0.05883504894739235,0.09342659441830997,0.09608121228844552,0.11819915384726573,0.2577406346964586,0.255419750410213,0.3227975138907541,279.89130434782606,0.8426512969154578,0.021703327756089238,0.03486801248230404,0.041254781374893336,0.06231413640171594,0.05664376117607122
N_3,数据集/数据集/源域数据集/48kHz_Normal_data/N_3.mat,27,N,48k_normal,1725.0,0.06415335109044001,0.06415335109044001,0.24659296303318953,0.4605829244275108,0.05128612779537357,0.004115652456133261,-0.14368992744989148,2.951931494521171,3.872998792932847,4.849147642332885,0.29744247085393394,3685.2684377119795,3032.861127987082,0.6368096075702147,0.1477924770446853,1.4011574398782318,3.1775337636791146,0.8424787449435324,0.03603989422201276,0.000125,0.6382039678929367,0.1789295384978527,0.15699027037249869,0.1250270205289442,0.05564185860506742,0.090741008348387,0.10184684326580869,0.12422004102367365,0.25320315080068095,0.2500449284910619,0.3294634559747583,279.89130434782606,0.8424787449435324,0.020105230653834735,0.039586138993283844,0.034687511840183205,0.05794097713936477,0.052096520091137515
N_3,数据集/数据集/源域数据集/48kHz_Normal_data/N_3.mat,28,N,48k_normal,1725.0,0.06431533090573523,0.06431533090573523,0.2643399052223251,0.5135052481204492,0.05148201689112507,0.004136461789514221,-0.14377411510991325,2.947405218661846,4.1383414590260825,5.174442921996747,0.2993346761887322,3684.930374327707,2996.245566742673,0.641889718600375,0.14438316096161008,1.41448950899653,3.214515965408897,0.8477542832866712,0.03461203291979646,0.000125,0.6353758682365722,0.16621557296974934,0.14140801923042182,0.13005285198594088,0.06335284933357734,0.08828133841385385,0.11205254611537636,0.1356528337242322,0.25174891606448135,0.25380709793561906,0.33361499526178456,279.89130434782606,0.8477542832866712,0.017357585952563266,0.03543186185574191,0.033786640192068194,0.048736681064256646,0.05966797310796145
N_3,数据集/数据集/源域数据集/48kHz_Normal_data/N_3.mat,29,N,48k_normal,1725.0,0.0651999123113585,0.0651999123113585,0.3241564092662322,0.5895573500519729,0.0520520332161382,0.004251028565408837,-0.12801953737858993,3.016023966434901,4.995547283157474,6.2615741987487645,0.29866324848928766,3662.9782351411363,2965.923400451696,0.6463766143246664,0.14077799413371825,1.4165655299826552,3.3578074931633193,0.8484001613526451,0.03136575713052688,0.000125,0.64174055325186,0.1632920237440632,0.15659539773996894,0.13171566361708514,0.06737799119205154,0.08616902369819783,0.11059056915670375,0.14266260142513604,0.2510461583677437,0.2563629508332455,0.3244265635106291,279.89130434782606,0.8484001613526451,0.023912155357535072,0.03336813810146922,0.03759573062800048,0.0567255684070379,0.061286385475951846
