file_id,file_path,window_id,label,branch,rpm,shape_skew,shape_kurtosis,shape_crest,zcr,psd_entropy,psd_peak_ratio,psd_0_500,psd_500_1000,psd_1000_2000,psd_4000_8000,env_kurtosis,env_entropy,env_peak_ratio,env_0_500,env_500_1000,env_2000_4000,order_0.5_2,order_2_4,order_4_8,order_8_16
B007_0,数据集/数据集/源域数据集/48kHz_DE_data/B/0007/B007_0.mat,0,B,48k_DE,1796.0,-0.012755514079107773,3.0769963432406207,3.868770423748862,0.18586339498260393,0.6363769469230418,0.03558573250402586,0.020735768311752917,0.028110375924529248,0.03797999026997757,0.012345607868249165,3.261322238212681,0.6633505566913064,0.04330086215447646,0.6056593053936382,0.19442365988434218,0.09540262949389905,0.07595822792258712,0.12117306829951817,0.17674897050884425,0.21888516392440446
B007_0,数据集/数据集/源域数据集/48kHz_DE_data/B/0007/B007_0.mat,1,B,48k_DE,1796.0,-0.04019095737315527,3.0560210511020265,3.615717387215694,0.18604651162790697,0.6376889801414559,0.037423200094206695,0.018045733456193442,0.028267940332714275,0.03729338785709085,0.01169809430672729,3.136838204843847,0.6605390606835262,0.041596689085194004,0.6041396483245189,0.20613430101991492,0.09476305919608,0.09882982768681253,0.10928668853565587,0.1859869028900394,0.19459665905909926
B007_0,数据集/数据集/源域数据集/48kHz_DE_data/B/0007/B007_0.mat,2,B,48k_DE,1796.0,-0.03592818959425469,3.0960901071678206,3.743737535072233,0.18555820057376549,0.6356844967424697,0.04150377507769121,0.01787435910833668,0.03139457502567361,0.03669991985014179,0.011438795076587377,3.2426246566203756,0.656636779860811,0.04197462648113422,0.6251501507278878,0.19000838905767303,0.09506449609430598,0.10531452559740476,0.1087266668267093,0.20721663855732797,0.18369859643227587
B007_0,数据集/数据集/源域数据集/48kHz_DE_data/B/0007/B007_0.mat,3,B,48k_DE,1796.0,-0.03811685337785531,3.202990426996816,4.268557839087608,0.18488677287432095,0.6330997939069098,0.04422046365674609,0.019318218144182043,0.03431291761412936,0.03503764457398363,0.01156980786863799,3.4609856578268143,0.659811094409073,0.04667241950823146,0.5877378890037743,0.2263713091349508,0.09852457210268513,0.09104337685218711,0.10247058687910765,0.1917151809640703,0.18103052777385767
B007_0,数据集/数据集/源域数据集/48kHz_DE_data/B/0007/B007_0.mat,4,B,48k_DE,1796.0,-0.042285511100738,3.269431683978388,4.731346690357846,0.18311664530305805,0.6383281310573196,0.04951059391844191,0.021329241563279172,0.03617244363751416,0.036335680087683876,0.011708446358549686,3.634912878262947,0.6608168421002063,0.040750699257994134,0.577395110243772,0.23616489235777446,0.10087932535829161,0.09010428846922917,0.12189162422364647,0.17878042490397034,0.16763824678415304
B007_0,数据集/数据集/源域数据集/48kHz_DE_data/B/0007/B007_0.mat,5,B,48k_DE,1796.0,-0.01809267422478082,3.124983401683343,4.6569060258488575,0.18397118964780565,0.6355049305554875,0.0484133321088485,0.021730205237984024,0.03613693994397675,0.03706771947709085,0.011530911689129234,3.4680698227064215,0.6689002338145333,0.036494091813423855,0.6061416859043199,0.19028439968013938,0.11003899825546654,0.0916241618577257,0.12189297096902021,0.16957415295529826,0.20512415280820492
B007_0,数据集/数据集/源域数据集/48kHz_DE_data/B/0007/B007_0.mat,6,B,48k_DE,1796.0,0.01009978270504567,3.090827828084615,4.522082070871039,0.18574131721906856,0.6338890420061535,0.05187144549470777,0.020464206992635965,0.037026069835464574,0.04185100285120782,0.011544193024890367,3.291261607622003,0.6675284548870667,0.03929670226148059,0.6117731431325788,0.1791384771555003,0.11518026391292432,0.10233616717656982,0.13417285231027817,0.16572767479584363,0.18853201834306998
B007_0,数据集/数据集/源域数据集/48kHz_DE_data/B/0007/B007_0.mat,7,B,48k_DE,1796.0,0.0020821631016538222,3.118768580153415,4.685339857030932,0.18586339498260393,0.6397069463431828,0.04402647321300753,0.017388966675005973,0.03403552816332716,0.04505281035347865,0.011941611911527034,3.3585913008527517,0.6672712078662674,0.0395082068604518,0.5983432344351545,0.19434009440249525,0.10773497411057532,0.09173594869192601,0.12831849708043525,0.18063565967622672,0.18085971792863642
B007_0,数据集/数据集/源域数据集/48kHz_DE_data/B/0007/B007_0.mat,8,B,48k_DE,1796.0,-0.008947912522281255,2.925143145969575,3.8929145405316294,0.1842153451748764,0.6393949446668075,0.044328851344516175,0.019796802561360093,0.02829989445564437,0.043826414801618946,0.011845909547989045,3.09730384137399,0.6753961483140902,0.033235947458734726,0.5825199191856986,0.19741458786762492,0.10463152264082456,0.07821119349008057,0.10572220998037156,0.18819959439848796,0.2014416030096042
B007_0,数据集/数据集/源域数据集/48kHz_DE_data/B/0007/B007_0.mat,9,B,48k_DE,1796.0,-0.019482739492535803,3.013408472132708,4.479038139216045,0.18500885063785633,0.6360510284848243,0.04900387571077594,0.022551702848115137,0.025199950638221006,0.04315043489087245,0.012162214582287185,3.4284620270126456,0.6746939690951206,0.05047974818315506,0.5767281547666328,0.20613588151307602,0.10460094248435343,0.08412470371475421,0.1142177943551532,0.17928101389929185,0.1860338644454382
B007_0,数据集/数据集/源域数据集/48kHz_DE_data/B/0007/B007_0.mat,10,B,48k_DE,1796.0,-0.025868827930283993,3.1852481507562396,4.595107077031118,0.18696209485442228,0.6335562350289409,0.04159623930752864,0.01853126688293605,0.02569714373811307,0.04140624419281261,0.012527936265449525,3.7963495561501146,0.6651763738313049,0.04624749272827556,0.5983391130666939,0.20597564858264342,0.10104494955112493,0.08782650844004289,0.11421105627823513,0.1818815781084241,0.20007649800271637
B007_0,数据集/数据集/源域数据集/48kHz_DE_data/B/0007/B007_0.mat,11,B,48k_DE,1796.0,-6.930303405473827e-05,3.1351655443346935,3.924330644235577,0.18500885063785633,0.6320992254698518,0.04680244369234775,0.016088204996430506,0.02561606493866031,0.039741175982661844,0.012599202078874218,3.3790510099980198,0.6602467263231302,0.03667517949320109,0.6151468438954644,0.2057210228953459,0.09003899987188875,0.08065270350383853,0.09945588860171015,0.19537919487805513,0.22539697818839305
B007_0,数据集/数据集/源域数据集/48kHz_DE_data/B/0007/B007_0.mat,12,B,48k_DE,1796.0,-0.032581971412439216,3.149469219119247,3.790100622422514,0.18391015076603798,0.6349314435301411,0.042559495983765946,0.018404794900916524,0.025898596485970357,0.04042981254382098,0.013101845745988196,3.2557802711522275,0.6638297296913148,0.038863710484970226,0.6180704550063337,0.20181999222856845,0.08850231101887203,0.07203594316527645,0.10314205506254558,0.1897204089011586,0.23345292647359553
B007_0,数据集/数据集/源域数据集/48kHz_DE_data/B/0007/B007_0.mat,13,B,48k_DE,1796.0,-0.05594042080795137,3.1467917528945293,4.093383456693743,0.185069889519624,0.6371018062369708,0.04400682885423052,0.019807248040368736,0.026925122121547514,0.038864868906607716,0.013759869227033365,3.3167584166660165,0.6647408148804806,0.04650662701669536,0.6045984711250668,0.20609106470600358,0.09764668993388934,0.07323799783200123,0.10843678833930104,0.1685151788960957,0.23533603433522488
B007_1,数据集/数据集/源域数据集/48kHz_DE_data/B/0007/B007_1.mat,0,B,48k_DE,1772.0,-0.026055240042105375,3.048404868931548,4.123676876436367,0.18409326741134102,0.635456318762209,0.044631766761010556,0.020589775261053087,0.0350248294446041,0.030627527941755977,0.005834680228347064,3.2536148065993142,0.6599956049599155,0.05168935098971634,0.6208784403654746,0.1889782703886695,0.11194578062539648,0.10377454692118877,0.12559023271385605,0.15962727399790957,0.2116549441168134
B007_1,数据集/数据集/源域数据集/48kHz_DE_data/B/0007/B007_1.mat,1,B,48k_DE,1772.0,-0.023174596699303787,2.936629575373382,4.12263224576601,0.18329976194836112,0.6361430172108008,0.048453205357130026,0.021537510510565166,0.035964265463399925,0.029189799614154254,0.005836545676717187,3.0292804954995196,0.6680127548073804,0.038771160342828716,0.6132372671108594,0.17834054302382873,0.12459579190557588,0.08124778340616243,0.0986607101987451,0.15270825700629242,0.26696626339298696
B007_1,数据集/数据集/源域数据集/48kHz_DE_data/B/0007/B007_1.mat,2,B,48k_DE,1772.0,-0.0178044360578891,3.018750917002522,4.080721025979318,0.18305560642129037,0.6338691953652517,0.045959558792906745,0.02180046734624631,0.03284171582976345,0.029340187990297403,0.006134545826152153,3.124919315978351,0.6609874737421348,0.04298103554180516,0.6358416943713723,0.175672362886135,0.10927578809046298,0.07587268663387288,0.11926785136813853,0.1521120294465103,0.27381201035232056
B007_1,数据集/数据集/源域数据集/48kHz_DE_data/B/0007/B007_1.mat,3,B,48k_DE,1772.0,-0.03129964215509628,3.042651940245205,3.6885561988542337,0.18262833424891656,0.6359121141779119,0.05563400491697599,0.020618288166665527,0.03360854304390157,0.02809049764089081,0.006515891943932962,3.182206493346663,0.6593638188265952,0.050592109014904116,0.6429396479441922,0.17351231030814115,0.10515361677786353,0.09147222819884347,0.13317822824947242,0.16186763761455017,0.2365246501376765
B007_1,数据集/数据集/源域数据集/48kHz_DE_data/B/0007/B007_1.mat,4,B,48k_DE,1772.0,-0.011695930297253573,2.9490597510625967,3.941454517056526,0.18317768418482575,0.6327149752300547,0.06113130399029833,0.01892628210319149,0.034535614275464054,0.02965921326038829,0.006153635038033872,3.1682752683316737,0.6737021205713316,0.042038177357235695,0.5950839058544978,0.20446177444628366,0.11237046363889056,0.08328376421537224,0.09789985114442504,0.14347891483178943,0.2449791975728074
B007_1,数据集/数据集/源域数据集/48kHz_DE_data/B/0007/B007_1.mat,5,B,48k_DE,1772.0,0.001858061532733859,2.9052261570868025,3.903761205857777,0.18268937313068426,0.6373678352753909,0.044981544863655576,0.019578383406296095,0.03392175977788513,0.02850008676009988,0.0056862527809590354,3.091706710174412,0.6702841338900197,0.04199212572710852,0.6013146154674133,0.20387898779103364,0.11061994633949371,0.1038396041715735,0.07258701006027081,0.15379358392096676,0.2490738527768267
B007_1,数据集/数据集/源域数据集/48kHz_DE_data/B/0007/B007_1.mat,6,B,48k_DE,1772.0,0.011949052479920298,3.0661620199565838,4.709938746049764,0.18311664530305805,0.6406276521006119,0.04758991301570368,0.02153329967633744,0.035426305249966344,0.028932953479345023,0.006072526822915319,3.5315446569331876,0.6666597904801753,0.04051353106309095,0.6142081608651,0.19023472906358882,0.11371177912799377,0.09671301248062546,0.08862343407850622,0.19413172916247431,0.21132994301916724
B007_1,数据集/数据集/源域数据集/48kHz_DE_data/B/0007/B007_1.mat,7,B,48k_DE,1772.0,0.023736178165162894,3.1723648491357737,4.677728205528518,0.18305560642129037,0.639059129599584,0.04170277196573833,0.020210266391463675,0.033777634014482576,0.03143191532041564,0.005974818906512799,3.6880514628354844,0.661893315872089,0.050094151062927056,0.6060876897894495,0.2061542761138366,0.10745338605807637,0.08704869578448747,0.10514908100760313,0.21088155818593662,0.17932684474951952
B007_1,数据集/数据集/源域数据集/48kHz_DE_data/B/0007/B007_1.mat,8,B,48k_DE,1772.0,0.011839910946243785,3.165117682450591,4.103262394125401,0.18281145089421963,0.6361114308926199,0.04955532636053462,0.01901104979457098,0.0328850501546024,0.030858780673815412,0.005580080381556016,3.4407908142539814,0.6599086921806023,0.05479863338282675,0.6074558052600015,0.20933381218776098,0.10016720527702955,0.09266385693446888,0.1391558034959901,0.19006869712693306,0.17059472692218083
B007_1,数据集/数据集/源域数据集/48kHz_DE_data/B/0007/B007_1.mat,9,B,48k_DE,1772.0,0.016217888783860008,3.104496310061494,4.222456752413745,0.1806750900323506,0.644057195846114,0.0427996645709727,0.021690521345804514,0.03786613134832341,0.03285121801259455,0.006353496623352159,3.1841401553966198,0.6752906401944929,0.033766514531869074,0.5692997149604666,0.2317251588940991,0.11168675496586211,0.09250897952239319,0.10204113549423875,0.1464126878023072,0.2127467065828829
B007_1,数据集/数据集/源域数据集/48kHz_DE_data/B/0007/B007_1.mat,10,B,48k_DE,1772.0,-0.0005549462457332652,3.072068425065225,4.402586234343655,0.1815296343770982,0.6391093790526984,0.03953974528287778,0.021735345379314038,0.03382026422156332,0.03234805907758521,0.005892791116956657,3.3344650246981287,0.665878440323277,0.045280526319397524,0.5893387359680922,0.2203615591993774,0.10552182212182361,0.08782856379751516,0.13994897970417058,0.14386425033818345,0.19836196152815488
B007_1,数据集/数据集/源域数据集/48kHz_DE_data/B/0007/B007_1.mat,11,B,48k_DE,1772.0,-0.0042616376985784915,3.085556077219186,4.290328655671889,0.18323872306659342,0.6327594502771734,0.04513622559543702,0.020358197289326335,0.03221784591651485,0.031640888352384815,0.005566369433747203,3.412083289097356,0.6626127528065001,0.046719524871264614,0.6100133045337554,0.20186948430583554,0.10599731367523704,0.08835840405902409,0.13599233720903953,0.16486059909655512,0.20421215087930433
B007_1,数据集/数据集/源域数据集/48kHz_DE_data/B/0007/B007_1.mat,12,B,48k_DE,1772.0,0.03075740537476134,3.0772766481137834,4.162410202529019,0.1833608008301288,0.6333662394522414,0.044921816221725405,0.0199953240005889,0.030881552057108116,0.031670594520429175,0.005671746285202269,3.2210636127611636,0.6612346368209382,0.04589268609534901,0.6392567765325671,0.1793869057664017,0.10487997343394223,0.07472457728572772,0.1324914465506165,0.16363413061834978,0.25091926619042104
B007_1,数据集/数据集/源域数据集/48kHz_DE_data/B/0007/B007_1.mat,13,B,48k_DE,1772.0,0.04987878691456131,3.0568658025376703,4.217944839895747,0.18384911188427028,0.6318712574286143,0.04867347638170528,0.02128381225646896,0.03034179788748895,0.030861269341950714,0.00593801696158001,3.299482102319184,0.662338802676801,0.03822288024631471,0.6394932862504267,0.17591325481730363,0.10432717840148822,0.07565146952366134,0.12490451739404632,0.18482771615668672,0.23639598547327476
B007_2,数据集/数据集/源域数据集/48kHz_DE_data/B/0007/B007_2.mat,0,B,48k_DE,1747.0,0.042603081167374456,3.1814218160317864,4.1767179114356345,0.18012574009644144,0.6459081780771355,0.04526724216885808,0.02054486216465853,0.03722983846444272,0.04556008734636431,0.004538048138679565,3.8544908720424553,0.6812387691374631,0.04003645066740531,0.5809696209590988,0.19915773015067362,0.11019069155246607,0.06732823679255943,0.12737793100762704,0.1394289399550588,0.21331391279476375
B007_2,数据集/数据集/源域数据集/48kHz_DE_data/B/0007/B007_2.mat,1,B,48k_DE,1747.0,-0.005184900502350398,3.0919007337018485,4.581419664155518,0.18085820667765368,0.6463693817937783,0.03800104640744227,0.020604937994868462,0.03748252686310527,0.04524534537214832,0.004715225504255236,3.6684263806862596,0.6819917654286582,0.035837624732615266,0.5862797191910425,0.1927245377056279,0.11237636603649302,0.050482135013465775,0.1156356652520942,0.14475872822713315,0.2384812884108223
B007_2,数据集/数据集/源域数据集/48kHz_DE_data/B/0007/B007_2.mat,2,B,48k_DE,1747.0,0.026318713301008448,3.074112282625227,4.579445364363184,0.1820789843130074,0.6411908623515191,0.04703543498332406,0.020718092815224874,0.034034500756818645,0.03979722389854311,0.004657444264908867,3.5009359922582037,0.6846667148199416,0.030763654724523803,0.5852530518459033,0.19157593219440358,0.10933967152257479,0.06594232847811121,0.089892130354689,0.1396467129320503,0.2557647051205154
B007_2,数据集/数据集/源域数据集/48kHz_DE_data/B/0007/B007_2.mat,3,B,48k_DE,1747.0,0.02833424924076228,3.1222782210377713,4.063881446352663,0.1820789843130074,0.6421111119007408,0.044796061266388375,0.02166763869353675,0.034298108872185346,0.042711117115445174,0.004841988095272981,3.500552051727165,0.680114230626906,0.03285939083644886,0.5993943763563886,0.1842834282710107,0.10352289414534216,0.059681159057233764,0.11578838540779379,0.16126412879722515,0.2412515436220097
B007_2,数据集/数据集/源域数据集/48kHz_DE_data/B/0007/B007_2.mat,4,B,48k_DE,1747.0,-0.012191915740944484,3.0636640365871104,4.049379662539575,0.1807361289141183,0.6402626456950062,0.054236092138947374,0.02029916356538575,0.036775828279611955,0.04512564400122752,0.004604127134665812,3.242843569778294,0.6794779763961196,0.03521872125644212,0.6029741245599557,0.17776776185797769,0.1102247896044266,0.05256077368597472,0.11496039313659913,0.15664376845480618,0.2466686648726469
B007_2,数据集/数据集/源域数据集/48kHz_DE_data/B/0007/B007_2.mat,5,B,48k_DE,1747.0,-0.006138698790620185,3.0027626683822732,3.9202239912361416,0.1823841787218458,0.6425004217984094,0.045972820250759605,0.020678741882382796,0.03839197152914493,0.043714169038974446,0.004561330447407455,3.2296554682419893,0.6869598452167751,0.029388026988815787,0.5803647719099561,0.18723357908067467,0.11158008610866486,0.060608394915871555,0.10360602671312588,0.1202901016546205,0.25668773559113967
B007_2,数据集/数据集/源域数据集/48kHz_DE_data/B/0007/B007_2.mat,6,B,48k_DE,1747.0,0.0015536335261415342,2.993982324959945,3.7023322312526843,0.1820179454312397,0.6366014645875331,0.04315590787064889,0.01962010365688799,0.03332422110805972,0.03796472087677955,0.004580982175826171,3.172768144990685,0.6750012326004403,0.0331576663615802,0.6155888197569669,0.17968107766891717,0.10000716049370861,0.04899977636284796,0.12289107031038438,0.1428388928771915,0.26775033156622546
B007_2,数据集/数据集/源域数据集/48kHz_DE_data/B/0007/B007_2.mat,7,B,48k_DE,1747.0,0.0039624391524678325,3.0309634335912836,3.658252212920309,0.18024781785997682,0.6298261836178056,0.05845421046535795,0.018936554736672894,0.03177382868735523,0.039041540843731085,0.004489320742782087,3.179075593005088,0.6682389731968804,0.032444360231284185,0.6419672362965897,0.16093921071026596,0.09762140466888432,0.061902272531854215,0.10330945491558549,0.17143959089937777,0.281195322194532
B007_2,数据集/数据集/源域数据集/48kHz_DE_data/B/0007/B007_2.mat,8,B,48k_DE,1747.0,0.012699301157427087,3.0445324271273098,3.9776598655005713,0.18049197338704756,0.6239726382723323,0.06896381663848954,0.016373619399124534,0.03151525426057624,0.04100324369486395,0.004181522648148775,3.264881864530627,0.664860772135882,0.03685670561435886,0.6454057371584547,0.16018399609107525,0.0931492027847091,0.08557421150749693,0.13016805034093307,0.14494225074114822,0.25741953123530714
B007_2,数据集/数据集/源域数据集/48kHz_DE_data/B/0007/B007_2.mat,9,B,48k_DE,1747.0,-0.007055663978179003,3.018851050947206,4.045626563706021,0.18012574009644144,0.6300427926225861,0.06257416712710762,0.017387917163007173,0.033351006198880914,0.04308613401890888,0.004378320574398407,3.3241700274332415,0.6718196776997586,0.03881157821242656,0.6133874514773737,0.17428957768055128,0.10124612415361109,0.09068882160235923,0.13243647942415346,0.13610948841811202,0.22916551693813786
B007_2,数据集/数据集/源域数据集/48kHz_DE_data/B/0007/B007_2.mat,10,B,48k_DE,1747.0,-0.03247172516507718,3.0351737208830083,4.289210792774053,0.1803088567417445,0.6289531557381897,0.04852540627624858,0.01726595048551689,0.0325193501022056,0.038296582524879046,0.00413111782558881,3.3894411116426912,0.6705198500907893,0.034560950717484336,0.617925174854198,0.18147208241493976,0.09861985603016372,0.0662319981516052,0.11480867900613366,0.15283004832216313,0.2551351788860617
B007_2,数据集/数据集/源域数据集/48kHz_DE_data/B/0007/B007_2.mat,11,B,48k_DE,1747.0,-0.03157314625589253,2.986226240655111,4.307351434398489,0.1811634010864921,0.6286861788487625,0.05382884065522511,0.01691720820112225,0.03179423683044456,0.038055497883985365,0.004129993169779302,3.318041195476723,0.6716982181514479,0.03484545448194402,0.6124882312577531,0.1862787468332827,0.09511982205421803,0.054471520397946685,0.11473057409125817,0.16328978408227032,0.2499704944259203
B007_2,数据集/数据集/源域数据集/48kHz_DE_data/B/0007/B007_2.mat,12,B,48k_DE,1747.0,-0.02879410490445598,3.311289338997561,5.248215696944467,0.18098028444118905,0.6255576890062127,0.06598464700490954,0.01643464123145245,0.030748123176176482,0.03845167606473017,0.004236227643165634,4.632242689710563,0.6627428252792422,0.04140557597671136,0.6332700447507733,0.17809457815365354,0.08743885278199835,0.06720896942662768,0.15733474364768235,0.15327938108369607,0.2272015085027151
B007_2,数据集/数据集/源域数据集/48kHz_DE_data/B/0007/B007_2.mat,13,B,48k_DE,1747.0,-0.010911366398294998,3.3448114970879916,5.27991928608652,0.18104132332295672,0.6236630669039521,0.06781815559857196,0.017790362093217597,0.03175903435509048,0.03712106728754973,0.004349338892116213,4.701590258566373,0.6610680124761067,0.0410294465345266,0.6235363249964585,0.18940544366831788,0.08773702994195962,0.06662637117207665,0.14945391540863753,0.14810693550867077,0.23025175256675728
B007_3,数据集/数据集/源域数据集/48kHz_DE_data/B/0007/B007_3.mat,0,B,48k_DE,1721.0,0.03332127943702567,3.031975497565033,3.6794813884154576,0.18024781785997682,0.6346294276803598,0.075158021168978,0.014833160003154352,0.03888025506643568,0.08545379281587179,0.003784691192930478,3.1149070663285006,0.6917528297483229,0.05521228117120234,0.5564448477877475,0.16460064052543924,0.11221339010746732,0.04654326991237174,0.14266452753637524,0.10182771316154623,0.23341637307988997
B007_3,数据集/数据集/源域数据集/48kHz_DE_data/B/0007/B007_3.mat,1,B,48k_DE,1721.0,0.030697240516219745,3.022105537849671,4.122257583620508,0.1781114569981078,0.6410886229498847,0.06229233529928828,0.015862362939019627,0.0419359009276678,0.08211105171219799,0.0038752227602209745,3.249095671302602,0.6975557254750901,0.039641343486176775,0.5368005582556891,0.1890486582568445,0.11798958425318144,0.06395981281823244,0.12527194523213037,0.12272146187481321,0.1901143926197745
B007_3,数据集/数据集/源域数据集/48kHz_DE_data/B/0007/B007_3.mat,2,B,48k_DE,1721.0,0.032206366905207395,3.026558883191553,4.117181688601681,0.17792834035280475,0.6391692813622527,0.06593235665814304,0.016252142124262396,0.038207753789475135,0.08253985152152393,0.004010693477506441,3.305454850990369,0.7004090064883924,0.03754728292479647,0.5439532424101373,0.1780198111122286,0.1224368391032032,0.07082784191238388,0.11663737598409538,0.11080636631556423,0.21396669051495898
B007_3,数据集/数据集/源域数据集/48kHz_DE_data/B/0007/B007_3.mat,3,B,48k_DE,1721.0,0.03293034948666474,3.1044676522795376,4.410934600334336,0.17646340719038028,0.6410054723300385,0.06787059352803054,0.01567569164822098,0.03433086646402201,0.09365430443809913,0.004008000313406105,3.4932093120646446,0.6964774665381374,0.03339488857260327,0.5624185235799471,0.15918007331072584,0.10699843432271411,0.08206802183026696,0.1058480194744922,0.1180610423768356,0.22455915545744187
B007_3,数据集/数据集/源域数据集/48kHz_DE_data/B/0007/B007_3.mat,4,B,48k_DE,1721.0,0.012882585064847437,3.058664454006696,4.4285213026131425,0.17798937923457242,0.6419987692864226,0.065525034819426,0.016095167073629887,0.03653978937765243,0.08938071967471227,0.003906415304614922,3.4097928693135726,0.7072326615561131,0.02574804569558421,0.4934382100911369,0.21589948265465006,0.11258895502096174,0.06612169489721349,0.08582325148784337,0.11092071028486816,0.19338914210434
B007_3,数据集/数据集/源域数据集/48kHz_DE_data/B/0007/B007_3.mat,5,B,48k_DE,1721.0,0.013297944071949064,2.9084182227221946,3.4535021937128576,0.18098028444118905,0.6357193441594877,0.06779397347910374,0.014932723323021674,0.03698755715285614,0.08078811061339909,0.003942342704236538,2.963800881938502,0.7093876297068077,0.023411335683973817,0.4888754095408047,0.21965508088611074,0.12260398399770077,0.04751167626094943,0.08264721621159793,0.12235136834736365,0.2021964238208027
B007_3,数据集/数据集/源域数据集/48kHz_DE_data/B/0007/B007_3.mat,6,B,48k_DE,1721.0,0.03945143599363219,2.9303646368711553,3.6044646225452146,0.17957639016053226,0.6446213119145527,0.05434670444259525,0.016582621959897608,0.03953807066719653,0.09384607940904036,0.004355700906438595,3.0034435060843334,0.70967710379058,0.02416848934960003,0.5150072879714002,0.1820319630391299,0.1321797706609667,0.053516608950508956,0.07717362023069829,0.12552602604289662,0.22533544939441708
B007_3,数据集/数据集/源域数据集/48kHz_DE_data/B/0007/B007_3.mat,7,B,48k_DE,1721.0,0.04596252704915464,3.091271237345427,4.127392890644608,0.1781114569981078,0.6414086400024203,0.056817531619274504,0.017503728711640788,0.04027457154381848,0.09309449312334034,0.004499327735322879,3.4591718661726434,0.6980938902788616,0.03971766465932658,0.553547661011928,0.16176645065991407,0.1259874148125516,0.09670528544553648,0.09132728657744872,0.11456402919582584,0.21397218955505373
B007_3,数据集/数据集/源域数据集/48kHz_DE_data/B/0007/B007_3.mat,8,B,48k_DE,1721.0,0.032598921649361054,3.2186228679261157,4.402981288517312,0.1785387291704816,0.6439178117004719,0.04491150766099589,0.017284045374479168,0.04144045602680779,0.09208275698678425,0.004480807843241263,3.7614144380078924,0.6957480435385395,0.0341408045670535,0.5540176371367201,0.1715534105921847,0.11654744647178715,0.09341281315262918,0.08602838567628147,0.12106062625241228,0.21580652379494514
B007_3,数据集/数据集/源域数据集/48kHz_DE_data/B/0007/B007_3.mat,9,B,48k_DE,1721.0,0.0008859704966235615,3.020237550074902,4.369118254599922,0.1793932735152292,0.6466373715177525,0.04195226195754155,0.017053879824412633,0.03952714204857824,0.09457390764114794,0.0044167708616251085,3.3193087040254,0.7075318154297895,0.02608931689234199,0.5184557190389812,0.18229563002840915,0.12612933533226395,0.07117848852062514,0.08068634341810133,0.11297244203505563,0.2115594836213579
B007_3,数据集/数据集/源域数据集/48kHz_DE_data/B/0007/B007_3.mat,10,B,48k_DE,1721.0,-0.00100985216298438,2.984930021716945,3.9465037991424228,0.18006470121467374,0.6504222482434706,0.038915960097454724,0.017858247119598634,0.0400499643248026,0.09123719467252207,0.004587778880082638,3.0581067711098338,0.7083506866971838,0.03207801244632271,0.5169678775325496,0.18880421451046983,0.12461797273694937,0.0748677059199269,0.08809366354142527,0.12974024427180356,0.19174406276562223
B007_3,数据集/数据集/源域数据集/48kHz_DE_data/B/0007/B007_3.mat,11,B,48k_DE,1721.0,-0.007169176818472837,3.0819379544210923,3.9707449144817537,0.17829457364341086,0.6498700731830275,0.03794944849606678,0.01753861178978578,0.041857533436071785,0.09056949415364796,0.004277989541895619,3.135323451325301,0.704398640297687,0.02960926921137309,0.5055841502339431,0.20956674392761485,0.11399657613954621,0.06789732055387107,0.07719761172232223,0.15722889751702335,0.17787439713017483
B007_3,数据集/数据集/源域数据集/48kHz_DE_data/B/0007/B007_3.mat,12,B,48k_DE,1721.0,-0.013040429815373024,3.0998732216113454,4.695387014494496,0.17585301837270342,0.6511418223636591,0.03131478236479469,0.01643333658582264,0.04245101749718912,0.09581716120348929,0.0042694223470883105,3.4520930668393124,0.7043251951250923,0.027562755983453025,0.5024009349156052,0.20364212429307774,0.1112437554710661,0.07111395988557521,0.08067327458111737,0.1572856996208959,0.16309986108180002
B007_3,数据集/数据集/源域数据集/48kHz_DE_data/B/0007/B007_3.mat,13,B,48k_DE,1721.0,-0.005637531407040269,3.0178993340819065,4.654446669607196,0.17780626258926938,0.6457937648907727,0.036490667721203976,0.01657775652222721,0.04285468305664098,0.0879898426434924,0.00413906512662648,3.4327299895307024,0.7031018120788893,0.026973553201779906,0.5064451620467652,0.20808179211062855,0.11665686038326395,0.07537945923507551,0.08980793008350056,0.1391198431379066,0.17414473194158928
B014_0,数据集/数据集/源域数据集/48kHz_DE_data/B/0014/B014_0.mat,0,B,48k_DE,1797.0,-0.00014464155430274475,5.755020655487144,6.852013929638919,0.158823170359519,0.6779515176849512,0.028492028326314693,0.0697305056023729,0.06361364650230163,0.09699521385340551,0.01608742689266706,9.547266941487816,0.6493625872713936,0.08335058370984558,0.6653981917370767,0.09976264140307457,0.11448488560446864,0.12506096697405822,0.089779703431697,0.2589391177097317,0.17319696657403622
B014_0,数据集/数据集/源域数据集/48kHz_DE_data/B/0014/B014_0.mat,1,B,48k_DE,1797.0,0.023563715941361148,8.699778626635585,8.669055425959504,0.16059329793078192,0.6641819691758903,0.03847775122753537,0.04179544960440005,0.051884819920774226,0.06993904171302734,0.014497296905820252,15.975318688973038,0.6109770369092801,0.08962390958713665,0.7458848845909776,0.09081196265804621,0.07699798468719256,0.15668156236301872,0.09830296996617477,0.2664087142207184,0.19413759156713295
B014_0,数据集/数据集/源域数据集/48kHz_DE_data/B/0014/B014_0.mat,2,B,48k_DE,1797.0,-0.07860025003529564,9.21989404669792,7.934720105077137,0.1637062809009339,0.6548534023577197,0.04024245736654662,0.03312823729218202,0.0441675124338189,0.05868963881515806,0.012039023254249782,13.949814053482228,0.5838500485045067,0.0936669328982258,0.7875575048500812,0.08704848317392642,0.06050859077992713,0.1672766379801074,0.08882819191086125,0.30917898616829453,0.20175831756649645
B014_0,数据集/数据集/源域数据集/48kHz_DE_data/B/0014/B014_0.mat,3,B,48k_DE,1797.0,-0.09998169042365897,10.369902671962024,8.414817871535083,0.1654764084721968,0.6471714336638084,0.03739189900509824,0.028766961886163768,0.03774108326132627,0.046763872530128314,0.009908177722990187,14.624134243993309,0.5663168676851069,0.10041912597886483,0.8147598233132631,0.09046859512682671,0.04804623736492812,0.19013843475200407,0.09697712634418697,0.28325584584929453,0.21988813332969387
B014_0,数据集/数据集/源域数据集/48kHz_DE_data/B/0014/B014_0.mat,4,B,48k_DE,1797.0,-0.03874288118535434,11.705269786537505,7.866856861573635,0.16504913629982298,0.6347582540544998,0.040334483460747944,0.02227310393764097,0.030162486527297878,0.03424026938953789,0.008298682166068348,15.023119331208177,0.5499635394566342,0.09876018347045401,0.8339257634136581,0.0971339684652684,0.033611396374738776,0.17922859984695164,0.09564266625482538,0.2818626003051499,0.2343586027068683
B014_0,数据集/数据集/源域数据集/48kHz_DE_data/B/0014/B014_0.mat,5,B,48k_DE,1797.0,-0.00753447623650157,12.59325877659738,8.399544689405616,0.1654764084721968,0.6436189202194709,0.0402035734220561,0.02661800576858402,0.035654503574069955,0.04245724801660781,0.00952627170939817,17.121987926958916,0.566314998565462,0.09960571638130553,0.8111810587631992,0.10040381143224497,0.04314930779885827,0.15661731416303695,0.10839717733634398,0.3010979968859885,0.21303411466723188
B014_0,数据集/数据集/源域数据集/48kHz_DE_data/B/0014/B014_0.mat,6,B,48k_DE,1797.0,-0.002630728194988515,12.342617728742056,9.689895689166713,0.16218030885674176,0.6745800728144533,0.033194539055197536,0.049745443123645254,0.062010815010462926,0.0801922351651768,0.014347390000765766,22.50546903919994,0.6214466883620179,0.06071250925488107,0.7103624686658253,0.11257129662111642,0.08406399606365236,0.14643769695184547,0.15586520444364277,0.23106281827865036,0.1686324637981206
B014_0,数据集/数据集/源域数据集/48kHz_DE_data/B/0014/B014_0.mat,7,B,48k_DE,1797.0,-0.0764407663038003,10.831096052642414,9.609918252828612,0.15741927607886225,0.6813401045165681,0.032058503902545145,0.05508963159536007,0.08921081693224377,0.09918151234280215,0.01853716209227543,23.78207011799106,0.6622414989287309,0.08525076876071673,0.6265989862249083,0.10965937874125882,0.12545225553726813,0.08632974774658937,0.12857414405850537,0.21261432968399493,0.17841017122008385
B014_0,数据集/数据集/源域数据集/48kHz_DE_data/B/0014/B014_0.mat,8,B,48k_DE,1797.0,0.021646520224046534,9.673444185626671,8.453943558893327,0.1615088811572972,0.6700021292209661,0.04208694782348894,0.0400602991622366,0.07142666037957118,0.0728626960843279,0.014780629855237598,18.655255876282258,0.6258179007812494,0.09037736571253324,0.7084982150436716,0.09988835589209015,0.09089612705353593,0.1173539101983342,0.09441553123869538,0.2721850744604261,0.21032760778282514
B014_0,数据集/数据集/源域数据集/48kHz_DE_data/B/0014/B014_0.mat,9,B,48k_DE,1797.0,0.10999799476797417,9.442733160417133,7.936836711507891,0.1662699139351767,0.6596122513260627,0.034840494369657624,0.03360619848180872,0.04968846428499557,0.05705891998921923,0.011874081346887251,14.650132749933912,0.5952015695553172,0.08102821538090402,0.7675565379688147,0.09843527762431566,0.061358231926497454,0.13551871627761136,0.09197386793566939,0.2911721664215776,0.23135683746750735
B014_0,数据集/数据集/源域数据集/48kHz_DE_data/B/0014/B014_0.mat,10,B,48k_DE,1797.0,0.09037043706934525,9.73736325081026,7.752878055305534,0.16559848623573217,0.6495665254678978,0.02895073825640415,0.02936284649068962,0.042185484556755706,0.05851397748755812,0.010596217320727321,13.520249061834384,0.5776469425557025,0.09049976668910596,0.7897119239931375,0.092447364828102,0.05373368607689188,0.1446572231762426,0.09481407069085192,0.28772340907426214,0.23918934708237746
B014_0,数据集/数据集/源域数据集/48kHz_DE_data/B/0014/B014_0.mat,11,B,48k_DE,1797.0,0.0034162076299864225,9.701316418091157,7.5034044132152795,0.16315693096502473,0.6564974907644834,0.030042441089999393,0.029055200852403575,0.0538485158281542,0.07561026829268229,0.012457360108192487,13.755029210338591,0.5821488618329841,0.09264989174329623,0.7785192086835999,0.08769618932879993,0.06093986012261995,0.17466030554458087,0.0889743661285657,0.2656670023531104,0.23031728522297282
B014_0,数据集/数据集/源域数据集/48kHz_DE_data/B/0014/B014_0.mat,12,B,48k_DE,1797.0,-0.03421302086713752,8.782159123603767,7.356735451286589,0.16272965879265092,0.6558801188728778,0.03489160982562706,0.03377044122492192,0.05262912276620964,0.07402076197626496,0.011978547367159767,13.286617604069729,0.6016687831218002,0.08081193109571612,0.7457427181926379,0.10678237411231736,0.0685211850937483,0.1499035084785204,0.07714775857448383,0.25586154933235017,0.24342351864207826
B014_0,数据集/数据集/源域数据集/48kHz_DE_data/B/0014/B014_0.mat,13,B,48k_DE,1797.0,-0.012002857224236852,9.392327821824663,7.133050153555364,0.16089849233962034,0.6442623132861851,0.03708967276881144,0.03493760305003713,0.03755365776486197,0.048460197725520175,0.007817446684572486,12.632818319826928,0.5820497446431951,0.08378998298821819,0.7885028920599054,0.10375160417370649,0.05262279688012852,0.14271250225691162,0.10013919050911571,0.267754671873689,0.24953607118982304
B014_1,数据集/数据集/源域数据集/48kHz_DE_data/B/0014/B014_1.mat,0,B,48k_DE,1772.0,-0.05156340466983975,8.3155689911065,8.86477506725564,0.15003357138497223,0.6427591455865805,0.056291991381510975,0.13137498862146524,0.046333101984045354,0.028200233589575303,0.006081060445244904,15.187268938452268,0.6137250616577132,0.08792354491625393,0.7308227140513839,0.06877527986701903,0.14626617112611812,0.22203265711797707,0.12694284454451743,0.165728744476151,0.19212118640950987
B014_1,数据集/数据集/源域数据集/48kHz_DE_data/B/0014/B014_1.mat,1,B,48k_DE,1772.0,0.2581710342916616,23.802373753626142,13.59355622329516,0.15119331013855827,0.6340234684235995,0.03934826143654219,0.09523343856778546,0.044827333976350046,0.022280427080815905,0.004433954641708016,43.395363124014075,0.56100322821502,0.11692107778824977,0.8044006830181526,0.05645295147392277,0.10090629175887021,0.3071585652595924,0.1203799742804306,0.22931871516362967,0.12834404977374192
B014_1,数据集/数据集/源域数据集/48kHz_DE_data/B/0014/B014_1.mat,2,B,48k_DE,1772.0,0.24895809457648632,15.38444953823963,11.662572172080273,0.1546114875175487,0.6284484433098465,0.03447622821592073,0.07202632414753145,0.034640442328582426,0.018067294571579542,0.003879507755689733,25.68959373460596,0.5489331083272253,0.12318479185173847,0.8267155740429425,0.05800752680099272,0.08390597673734652,0.3095825801181248,0.13400035207960606,0.22346685167552732,0.1341069193359651
B014_1,数据集/数据集/源域数据集/48kHz_DE_data/B/0014/B014_1.mat,3,B,48k_DE,1772.0,0.1376173338814158,7.2495229192130175,7.135620325944105,0.1527192821827504,0.637576622713148,0.04178331455605384,0.0968006941050063,0.0382387267120162,0.019112680977879107,0.004816262403004517,9.550150551292084,0.5898805070419731,0.10106983109042422,0.7607056498232082,0.07833532308593136,0.12079677202980922,0.2507328382352934,0.1417497470102121,0.19186359458307495,0.15156021674070871
B014_1,数据集/数据集/源域数据集/48kHz_DE_data/B/0014/B014_1.mat,4,B,48k_DE,1772.0,-0.053384720053410564,16.28684193311395,11.607502261499842,0.15247512665567967,0.6315506788800818,0.04102764767991606,0.0898839260761942,0.03422949598597258,0.018196394106062837,0.004600780314566458,30.423788782175013,0.5720325360984609,0.10149931029699295,0.8115464836546148,0.06939988912619378,0.0892730139969073,0.25347242669932124,0.1670431618927059,0.20271970439228326,0.16290661238819934
B014_1,数据集/数据集/源域数据集/48kHz_DE_data/B/0014/B014_1.mat,5,B,48k_DE,1772.0,-0.09913261032674614,20.5435310548279,12.384322340365603,0.14612708295184032,0.6371435564272506,0.04531854949969902,0.10758311880432336,0.040551186642620814,0.02048655615799644,0.004900598717444556,37.07270709622116,0.5701716840409111,0.10028904602342861,0.8158251960228665,0.05863776328193402,0.0934544745107278,0.25011585205354075,0.1683317542479635,0.21718804244581624,0.15687082608447156
B014_1,数据集/数据集/源域数据集/48kHz_DE_data/B/0014/B014_1.mat,6,B,48k_DE,1772.0,-0.0763734550076444,6.986848950199875,8.107226958555286,0.14399072208997132,0.6491322156390159,0.08824490945754661,0.18570494344462218,0.06974864311283636,0.035861980673745714,0.007776965624837229,14.432392001089832,0.648588254966673,0.07434836243155858,0.6566855746450857,0.06713166277159321,0.20066275115957116,0.16827596510278517,0.10281645870619635,0.20049467162384632,0.15718400264687882
B014_1,数据集/数据集/源域数据集/48kHz_DE_data/B/0014/B014_1.mat,7,B,48k_DE,1772.0,0.13085007152630687,8.80045019666754,9.434334273511716,0.14893487151315388,0.6318589188155226,0.08165889687020772,0.15117981421041968,0.045210335170849894,0.026120874934575815,0.006100726825132781,18.358411369173805,0.6168944143180295,0.07053288119335721,0.7278211446785751,0.07013807366387927,0.15026331590389244,0.12282618758169798,0.1553841082469171,0.2619000814739538,0.16439879076498184
B014_1,数据集/数据集/源域数据集/48kHz_DE_data/B/0014/B014_1.mat,8,B,48k_DE,1772.0,0.09553613674701139,9.913621010225693,8.142373523339172,0.15168162119269976,0.6330163165534287,0.05597955142104751,0.10408711925197267,0.030024298503922,0.020082075465324943,0.006551801548580831,14.626563636716263,0.5777772377225594,0.0815597599578894,0.7941624280989463,0.07079247212936932,0.10210649610521509,0.15012553986906024,0.15338955215095634,0.3066245019027236,0.16869023768350327
B014_1,数据集/数据集/源域数据集/48kHz_DE_data/B/0014/B014_1.mat,9,B,48k_DE,1772.0,0.010035133130624105,8.99671032493294,7.746331806539489,0.15485564304461943,0.6353682845155226,0.04899742732055702,0.09136921937393454,0.02685910253218533,0.017328219313693008,0.007310317284271944,12.50826562394767,0.5768720973052917,0.09318794515947225,0.7913396619804833,0.08291563845764897,0.09172946455552439,0.16137624292261946,0.1312489865100298,0.3031267822466854,0.17607068325159758
B014_1,数据集/数据集/源域数据集/48kHz_DE_data/B/0014/B014_1.mat,10,B,48k_DE,1772.0,0.0026268468237519776,7.3696477417697634,7.236463346928877,0.1541231764634072,0.6379443366376397,0.06178810075108551,0.11783120622547646,0.0327658656917646,0.020925506505997445,0.00734125751809156,12.022180019440778,0.6087910931288205,0.08403224737958638,0.7280362451087009,0.09734736489216399,0.1272237094984785,0.12790656280674464,0.15005229902861536,0.2769998758433644,0.15658504669394346
B014_1,数据集/数据集/源域数据集/48kHz_DE_data/B/0014/B014_1.mat,11,B,48k_DE,1772.0,0.10802252945164555,4.894583188748668,5.463225439549681,0.15296343770982115,0.6405137431635474,0.06572497185825306,0.12101757783134003,0.03491022420003226,0.02091276851493507,0.007352862915462309,6.098181302466486,0.6363117396025518,0.059258915703634854,0.6666955749876025,0.12084897142066933,0.15804305941965943,0.10810850137281267,0.18865601056477782,0.22004299223453988,0.14111170151036811
B014_1,数据集/数据集/源域数据集/48kHz_DE_data/B/0014/B014_1.mat,12,B,48k_DE,1772.0,0.23024560803970454,6.466693964095812,7.836513866608174,0.15448940975401332,0.6470664326994453,0.04947771284639538,0.10751265031105936,0.044827987780304814,0.019569611851556323,0.006091475065103125,9.462193130666313,0.6233927372703365,0.06962269932231696,0.7043789282302378,0.10632556914007676,0.13582742379070972,0.17453220736256114,0.15640015272423985,0.1997080382669328,0.16357010303878103
B014_1,数据集/数据集/源域数据集/48kHz_DE_data/B/0014/B014_1.mat,13,B,48k_DE,1772.0,0.18240993243571027,6.5671304423389865,7.669424287097365,0.15723615943355918,0.6524999440268373,0.04595036176205842,0.11112950633782286,0.04684745421396339,0.022012712444939415,0.006201655983258576,9.94645877135668,0.6256004290868915,0.08452317677991324,0.705879533172236,0.09095350535567484,0.1450129409354875,0.2071449626450642,0.11644482405277343,0.1855369364742718,0.18330937329431277
B014_2,数据集/数据集/源域数据集/48kHz_DE_data/B/0014/B014_2.mat,0,B,48k_DE,1748.0,0.2688213764854983,22.14883647645155,12.893889391251514,0.15229201001037662,0.6315675568742704,0.045272454006518005,0.10451683880275678,0.042846420602766125,0.02811219506911512,0.005288250628643171,36.069272624728136,0.5613696561022635,0.09423861471919491,0.8086641456599001,0.05091817473044654,0.09816235946507254,0.26413512879485157,0.1893706486530024,0.2129325607609789,0.1285267798005297
B014_2,数据集/数据集/源域数据集/48kHz_DE_data/B/0014/B014_2.mat,1,B,48k_DE,1748.0,0.34521481449006347,11.226017497728922,9.659010936703718,0.14985045473966918,0.6486827578083859,0.06855201535258362,0.15845736533895452,0.06463616670105067,0.04289915458919466,0.00684842320054323,20.939236812932947,0.626725189833426,0.10979876992685991,0.6815323496321671,0.06728645831880571,0.17502975998346562,0.2059396460180923,0.14182261054497938,0.17473689656149702,0.14399646443171216
B014_2,数据集/数据集/源域数据集/48kHz_DE_data/B/0014/B014_2.mat,2,B,48k_DE,1748.0,0.14594734105718027,7.259364994234374,8.758266582501845,0.15216993224684125,0.6479265890301026,0.07175643528467567,0.1623537350140928,0.06409582429292492,0.04179153920966125,0.005332474706905486,13.680708971261733,0.6485676539110635,0.07135885683464654,0.6568101602748844,0.07193570541898796,0.19216706660684763,0.16172462230956575,0.11090491026103046,0.19086146245977595,0.17583414019439259
B014_2,数据集/数据集/源域数据集/48kHz_DE_data/B/0014/B014_2.mat,3,B,48k_DE,1748.0,0.05375478227324687,5.925129505458569,6.914257797591668,0.15284135994628578,0.6396418575414836,0.07766466404759298,0.1586462622720024,0.05661362824256008,0.04130200959646651,0.0056871894954333944,10.444732202311448,0.6591433146296138,0.06883874972564509,0.623783815687078,0.09256825648000336,0.19021714156635883,0.09207592161768162,0.10909238793142818,0.2319852912413586,0.17497310166182062
B014_2,数据集/数据集/源域数据集/48kHz_DE_data/B/0014/B014_2.mat,4,B,48k_DE,1748.0,0.53138039554538,43.51929098093978,16.763051259485028,0.1558322651529024,0.6443725433841923,0.049900312926103516,0.10757708253041667,0.045048789496368986,0.02855624842170286,0.005081779578116027,71.14613887182753,0.5946451411883982,0.1454579217419706,0.7370372295019114,0.08643909079342149,0.1209193422570527,0.25761664880323126,0.114597610927331,0.16158908646628675,0.14808491200292062
B014_2,数据集/数据集/源域数据集/48kHz_DE_data/B/0014/B014_2.mat,5,B,48k_DE,1748.0,0.44719652677239347,26.318181098086264,14.413203450066845,0.16138680339376182,0.6210215381066154,0.04487240065321425,0.06662099484461234,0.030828319488937127,0.019247630731989537,0.0034396529755644565,43.356591062228944,0.5425437105505875,0.13815953647103074,0.8241808744501666,0.07078100694403272,0.07509164032634603,0.3166851264901407,0.14285378876155963,0.19091071349095098,0.13034162561170848
B014_2,数据集/数据集/源域数据集/48kHz_DE_data/B/0014/B014_2.mat,6,B,48k_DE,1748.0,0.39619036836428606,15.145775271677405,11.930960009911399,0.15778550936946836,0.633300437801943,0.043771973837359875,0.08392628468221687,0.04235018431661483,0.023602204802576573,0.004541171306462338,25.515057755171483,0.587767127393504,0.1262292767856049,0.7718318146009182,0.0754276836400383,0.10713541282699203,0.258259590982755,0.10829149595727092,0.19547605693097936,0.16690962290386532
B014_2,数据集/数据集/源域数据集/48kHz_DE_data/B/0014/B014_2.mat,7,B,48k_DE,1748.0,0.40888183772330433,19.098896892422477,13.265328718507734,0.1562595373252762,0.6279416259024095,0.04381796753342298,0.07029485239236719,0.034230001013609984,0.02028474129096463,0.004436649171928241,38.21914115541054,0.5725050035846522,0.10656219671789274,0.8014546579365736,0.08111872312565974,0.08137902574615444,0.2546701918866584,0.15189979621521496,0.18616253056345572,0.16595752408614184
B014_2,数据集/数据集/源域数据集/48kHz_DE_data/B/0014/B014_2.mat,8,B,48k_DE,1748.0,0.07158622576819838,17.590553964899875,10.81443058463039,0.15827382042360985,0.635501285390158,0.042930486497983464,0.08274914529618012,0.03827547163823256,0.023552745558207935,0.005118270319180289,32.97019707880298,0.5737065036455066,0.0977577874390722,0.7971127747618753,0.06456546657942651,0.09700329683218967,0.2595860961278601,0.1658907156027457,0.18766641879291002,0.16036188684966646
B014_2,数据集/数据集/源域数据集/48kHz_DE_data/B/0014/B014_2.mat,9,B,48k_DE,1748.0,-0.27534552896780495,26.735280462981596,11.86155948939792,0.1557712262711347,0.6175690352735699,0.039903429532926735,0.07661706383497954,0.03152410610766328,0.024886332334901035,0.0034284460557180503,38.61625550575538,0.5296462780782607,0.09284236446485482,0.8751599663166271,0.03334421445306169,0.062159402842312445,0.2642264416310422,0.23059311126737136,0.20915624214061695,0.14944845309428917
B014_2,数据集/数据集/源域数据集/48kHz_DE_data/B/0014/B014_2.mat,10,B,48k_DE,1748.0,-0.15179373583747358,27.675520822335333,12.350940153448688,0.15638161508881157,0.6213536344419496,0.042054226959538754,0.0759118942860655,0.03310745004340679,0.025280814851238308,0.005832308999602792,40.41210186700805,0.5287507657331871,0.10330246951155839,0.8723346546428566,0.03566234068891466,0.06129304748439116,0.25804881878995983,0.21499066289696828,0.23249331776530127,0.1457515243154596
B014_2,数据集/数据集/源域数据集/48kHz_DE_data/B/0014/B014_2.mat,11,B,48k_DE,1748.0,0.27409988897571713,17.391665909966676,11.3995606811786,0.1579686260147714,0.650493278866748,0.045294417488852205,0.10353937237311436,0.04121737370494712,0.026019742255724794,0.015273255870258004,29.556701916584856,0.5989054386666615,0.09387782682719782,0.746764376886742,0.07861991499969558,0.11720310355160374,0.23198994025090014,0.12612633437341075,0.20225824711717397,0.1676231811089619
B014_2,数据集/数据集/源域数据集/48kHz_DE_data/B/0014/B014_2.mat,12,B,48k_DE,1748.0,0.010167277082876866,7.965495726580961,7.493671008529035,0.15973875358603432,0.6450478346882859,0.04825976864704288,0.09747864874383118,0.0356179195317507,0.0254114617565304,0.0151823775189532,11.871996136415705,0.5999486801165284,0.08995759770199452,0.7660276787130313,0.06968867279054242,0.1079918179399367,0.20137943463842953,0.14845225385910646,0.21442904311456043,0.18228295129657301
B014_2,数据集/数据集/源域数据集/48kHz_DE_data/B/0014/B014_2.mat,13,B,48k_DE,1748.0,0.08064410433665262,7.981878951150524,8.20369312845526,0.1580296648965391,0.6474283938731125,0.05971978177026538,0.11889628097831768,0.046598793660667236,0.03341566790074546,0.012018457959750808,13.65987624927774,0.6164801490708306,0.0708493604918786,0.7391871023091234,0.0689426112802624,0.12717094848427862,0.177091599539303,0.1548441637197529,0.21476919452393303,0.17265215365808048
B014_3,数据集/数据集/源域数据集/48kHz_DE_data/B/0014/B014_3.mat,0,B,48k_DE,1725.0,0.00534820941479482,6.190294139983555,7.203214530588009,0.15357382652749801,0.6619871575343631,0.04620003362883125,0.11283730660784684,0.06008257920405836,0.08145763432977758,0.006473949651552204,10.010473124340313,0.6499849561717008,0.07029109411786197,0.6509370872522305,0.07722431579820148,0.15954422205745175,0.17061277996465643,0.13784355953320815,0.16071511843860303,0.1569818931647577
B014_3,数据集/数据集/源域数据集/48kHz_DE_data/B/0014/B014_3.mat,1,B,48k_DE,1725.0,0.20628052464675012,6.5149017475441875,7.0769039070816895,0.15381798205456876,0.6490624476879846,0.04219513528168938,0.08312323440094928,0.04286796389973814,0.063953584391558,0.005885524138943502,8.156644361154886,0.6288395478869485,0.08902873541848015,0.6939572540956923,0.09268671288176904,0.11702058992853728,0.21111228716425004,0.12707911425696272,0.15677468033788486,0.17384190187691312
B014_3,数据集/数据集/源域数据集/48kHz_DE_data/B/0014/B014_3.mat,2,B,48k_DE,1725.0,0.2925344854113404,10.115724256394266,10.167086352896726,0.1588842092412867,0.6360310968107373,0.04303204520366862,0.06420219779315713,0.03981111073364854,0.045680420392039345,0.004548944042814094,15.330662034516099,0.5849117400855973,0.09749709413164459,0.7706440074257185,0.07568859812012751,0.09026562253647694,0.2611918543327761,0.16758612005199455,0.1596559509406858,0.16257542036152467
B014_3,数据集/数据集/源域数据集/48kHz_DE_data/B/0014/B014_3.mat,3,B,48k_DE,1725.0,0.2790232137604656,14.570321330636183,10.730017475087482,0.1607153756943173,0.6275715996293477,0.046710760290237255,0.059648009271921744,0.038367281916777025,0.03968635264397281,0.004138670237277514,22.174402831531868,0.5468592459272636,0.10043139476646065,0.832913197473137,0.04615690018793641,0.07379014205959551,0.28695932841292365,0.18636081727922113,0.2019782811721603,0.13215586124152295
B014_3,数据集/数据集/源域数据集/48kHz_DE_data/B/0014/B014_3.mat,4,B,48k_DE,1725.0,0.32669848084298475,17.41824004253112,11.156689165513802,0.16224134773850943,0.6297277340464411,0.04757482881217841,0.05884227880972047,0.035548959995508174,0.04476194079778345,0.004285258333479724,29.28835940445878,0.5504068635881048,0.09569346930245004,0.8372945496706313,0.04250293407460034,0.06960091410338994,0.27001434515888245,0.1846043903708886,0.2227275339504926,0.13674230031742524
B014_3,数据集/数据集/源域数据集/48kHz_DE_data/B/0014/B014_3.mat,5,B,48k_DE,1725.0,0.26723182911172244,16.911184413679972,12.129938324883442,0.16126472563022645,0.6387253166088811,0.04620892576968586,0.06526138033212181,0.04046307621475532,0.05323282024634218,0.004832632288494665,31.71834122686458,0.5661218878167734,0.09330870916827638,0.8081858541760415,0.054144338613597444,0.07623049504586632,0.2494724541309883,0.21712382613632752,0.18938176237148335,0.12376874503036486
B014_3,数据集/数据集/源域数据集/48kHz_DE_data/B/0014/B014_3.mat,6,B,48k_DE,1725.0,0.007304525413892901,13.96367759842572,10.607897080661767,0.15479460416285173,0.6478270477311043,0.04402863249631824,0.09233222266983851,0.0516831583873967,0.07556602860824797,0.006529337046838393,34.47842467512396,0.601334353341879,0.08782352073750027,0.7200114669597935,0.06752512954066336,0.10868616857704455,0.2401060024012835,0.22006688931551754,0.15076617743704632,0.08944429946952805
B014_3,数据集/数据集/源域数据集/48kHz_DE_data/B/0014/B014_3.mat,7,B,48k_DE,1725.0,0.11941644178510202,7.449051855175715,8.512354452205514,0.15259720441921504,0.6571921917380448,0.06255866005825987,0.1199852224568673,0.057879065249698956,0.10768068394392535,0.00877933707391375,18.120557052694828,0.7066540169584586,0.048204445374455285,0.5235057422532733,0.10197259814964417,0.1807675899910833,0.11401179421913894,0.09387898631577506,0.17128409075417583,0.1296898062402707
B014_3,数据集/数据集/源域数据集/48kHz_DE_data/B/0014/B014_3.mat,8,B,48k_DE,1725.0,0.5661091691974576,19.796397762822817,13.078740269255018,0.15357382652749801,0.6579852268013399,0.04402756597404476,0.09889437930224579,0.05495071186892655,0.07496792884424489,0.005806901941878774,39.43372095410695,0.6341788077610796,0.09103622936015224,0.6852483622861126,0.07504843585155213,0.13311291552464988,0.19604914939115795,0.1318643821020419,0.1821080927124243,0.1445970722731637
B014_3,数据集/数据集/源域数据集/48kHz_DE_data/B/0014/B014_3.mat,9,B,48k_DE,1725.0,0.5791682978985109,19.329742472998312,11.335340716497296,0.15772447048770066,0.6373077496973095,0.05207609117189593,0.06600184669071753,0.0424736537190351,0.04935842180750751,0.003560915606811268,29.626177113027914,0.5714266544109069,0.09286561463804682,0.8069686377753513,0.05464131220556619,0.08235233504215667,0.23375960728420397,0.18198531925256503,0.21519866570575408,0.1404594904924374
B014_3,数据集/数据集/源域数据集/48kHz_DE_data/B/0014/B014_3.mat,10,B,48k_DE,1725.0,0.3491230351685096,15.60353452167973,10.713756375905842,0.16041018128547885,0.6310820690407775,0.04891458669141337,0.0518000465890213,0.03663857183640053,0.04428015528609052,0.0041945635257240954,22.377900278854455,0.5614998559895105,0.08889322885922175,0.822515080763801,0.06048938053625803,0.06605590304954277,0.2420153301135692,0.20065556611954252,0.20500664572387672,0.14770476725278114
B014_3,数据集/数据集/源域数据集/48kHz_DE_data/B/0014/B014_3.mat,11,B,48k_DE,1725.0,0.1372906357184241,13.19467755681764,10.551300129496196,0.1558322651529024,0.636934743184129,0.0429479594166479,0.05937692965355944,0.0439841039770479,0.05399875746071389,0.004295426112184132,21.918886413455926,0.5669430687939877,0.09320443713290366,0.8092582630392992,0.05971398920413802,0.07214730430550823,0.25081391422306515,0.20091259410633244,0.19876928583633977,0.13841537255649297
B014_3,数据集/数据集/源域数据集/48kHz_DE_data/B/0014/B014_3.mat,12,B,48k_DE,1725.0,-0.020503236407079368,7.271185080300218,8.186804393785728,0.1554049929805286,0.6532801826682461,0.041366980045203616,0.09124361254463023,0.059487457899692564,0.07956336344269743,0.0054808032018239024,13.621818960636174,0.6406025402361981,0.06267351392276954,0.6954899367531254,0.07401912977765905,0.1265844678476168,0.16935511228917863,0.12030871957457669,0.20808739219298672,0.17250736880620993
B014_3,数据集/数据集/源域数据集/48kHz_DE_data/B/0014/B014_3.mat,13,B,48k_DE,1725.0,-0.016300959473341693,5.3392250958004555,7.054769464367308,0.15656473173411464,0.6599940355313694,0.04932730901843513,0.09906346322869625,0.05623635011990968,0.08625458763909732,0.007394780743347063,8.741890401166547,0.6753990581536542,0.05853650154610534,0.6020888760457966,0.097378372638808,0.15811571676176714,0.15552637367537214,0.10978633785790674,0.14686178614916154,0.170861113073574
B021_0,数据集/数据集/源域数据集/48kHz_DE_data/B/0021/B021_0.mat,0,B,48k_DE,1797.0,0.022147639012075865,2.9989289778696038,4.090292501889205,0.16858939144234877,0.5553415699340559,0.10122773179378552,0.008675552242712182,0.021861668969906503,0.030243214809598993,0.008379110889708526,3.170662379623427,0.6047278027826538,0.05378009516221604,0.7640527722628487,0.08817289560456097,0.04810309095055602,0.14966443081090047,0.1559852844136665,0.24819468105339348,0.19411400401764928
B021_0,数据集/数据集/源域数据集/48kHz_DE_data/B/0021/B021_0.mat,1,B,48k_DE,1797.0,0.014086949000376782,2.9963596728247284,3.6461515688101542,0.16956601355063175,0.5597840261750854,0.09919244377304738,0.009400772101588122,0.025809442956531987,0.030245651978336507,0.00889411999888312,3.1022401219088502,0.6106545343096065,0.05947549303685445,0.7591831960503291,0.08321114100674565,0.05509604335698357,0.16171664560135313,0.15359742218179837,0.23087535008094637,0.2003409388767996
B021_0,数据集/数据集/源域数据集/48kHz_DE_data/B/0021/B021_0.mat,2,B,48k_DE,1797.0,0.020863607749868528,3.0413192195499605,4.235479967934879,0.1693828969053287,0.5620692574001487,0.0956472969653353,0.00840989780049256,0.026822813728823777,0.030946488519724837,0.008837572651643262,3.4967700524069514,0.6099216019770024,0.0595500961001205,0.7676143936573422,0.08006769047995571,0.053841473620703205,0.15187285816334134,0.13541827136991133,0.2556023842954585,0.2106567663145072
B021_0,数据集/数据集/源域数据集/48kHz_DE_data/B/0021/B021_0.mat,3,B,48k_DE,1797.0,0.007094657966057201,3.076000568603314,4.200572247222256,0.16956601355063175,0.5585453288969833,0.08692342639293203,0.009198009440118561,0.025574755716854216,0.03355784233122657,0.008827591987419614,3.6466570152062494,0.610368582995724,0.049786198440678456,0.7628635657013879,0.0828742357349138,0.05415374163147588,0.14465226747825213,0.12590986035091267,0.2730027405746809,0.20338746497431265
B021_0,数据集/数据集/源域数据集/48kHz_DE_data/B/0021/B021_0.mat,4,B,48k_DE,1797.0,0.012748289639052883,3.537470296321438,5.1329117513451274,0.17035951901361168,0.5664108020014211,0.07387412177584594,0.009831876502780444,0.027392866984427507,0.03352278184944219,0.008527750810198584,5.334284599677145,0.6041675628451822,0.07165025390726676,0.7731777975851395,0.0728984813088473,0.054507546256500214,0.17451857535664658,0.1429464067872402,0.23738722220166097,0.1947184064622282
B021_0,数据集/数据集/源域数据集/48kHz_DE_data/B/0021/B021_0.mat,5,B,48k_DE,1797.0,-0.0007607897626583683,3.980315813537195,5.245089386477709,0.17084783006775317,0.5533901508416541,0.07531920225494297,0.007853007822337306,0.019113099669822293,0.023482718079025886,0.006675076182780043,5.411423934390023,0.5841101489691971,0.061034288649885485,0.8151209113335262,0.06902452167453585,0.043761349498076536,0.1705081898951572,0.17271669397592504,0.23601481447570571,0.2244777359042643
B021_0,数据集/数据集/源域数据集/48kHz_DE_data/B/0021/B021_0.mat,6,B,48k_DE,1797.0,-0.023569850052899244,4.010979382528653,5.498107283761469,0.1690166636147226,0.5562967889291198,0.08915854240017915,0.010133636173526112,0.020911941839312668,0.022709377318252556,0.007721210527549749,5.393495957449644,0.5914315920675755,0.05497390253373365,0.8065796443668681,0.07761823518015479,0.047193795147127064,0.15246160599404238,0.15354366554330007,0.25529176913397505,0.2330803408019432
B021_0,数据集/数据集/源域数据集/48kHz_DE_data/B/0021/B021_0.mat,7,B,48k_DE,1797.0,-0.0211734269594115,3.0910709764498097,4.250402858580911,0.1690166636147226,0.552665910324781,0.08790346743873671,0.009367199100075533,0.025296503464621947,0.02114404338491445,0.00771335812870944,3.120128357105747,0.5875472207599165,0.06327830915238246,0.8055972991294116,0.06964182755041694,0.051717699585797555,0.1463786416671944,0.15394920593325392,0.29919594773005964,0.18414546327525977
B021_0,数据集/数据集/源域数据集/48kHz_DE_data/B/0021/B021_0.mat,8,B,48k_DE,1797.0,-0.009962953482092706,2.9808951091504987,4.187862951757259,0.1698712079594702,0.5527293605476913,0.10498375117483166,0.008414898542624012,0.024379756280721455,0.02258730223731812,0.007732930969357631,3.0404023279025783,0.5938150552068107,0.05059670697178209,0.7933520149448879,0.07719065564963394,0.05143843606871727,0.11657175634335322,0.16056924599482847,0.31670955600935247,0.1807202374166733
B021_0,数据集/数据集/源域数据集/48kHz_DE_data/B/0021/B021_0.mat,9,B,48k_DE,1797.0,-0.023940898031348714,2.828056531784522,3.484478211677822,0.16950497466886408,0.5552174198090055,0.10796201880871026,0.010327715102335627,0.026384113700352933,0.027822002653593348,0.008476411407529546,2.774599355183929,0.6038706828822743,0.07394477726291168,0.7630606760636375,0.08222601461499546,0.05744638245120297,0.14429752127277246,0.10827456513334395,0.30773951046550174,0.1862581159812099
B021_0,数据集/数据集/源域数据集/48kHz_DE_data/B/0021/B021_0.mat,10,B,48k_DE,1797.0,-0.0379561023213171,2.904565120320842,3.7636754135715003,0.1698712079594702,0.5582447107359123,0.10090643126968138,0.011801195579940041,0.029320429263399186,0.02674988071826353,0.008203970249705397,3.042888156191349,0.6073445718069984,0.06586078492822207,0.750969845235213,0.08448845598155869,0.06489585246398419,0.16266847455351402,0.0983295443400126,0.2865998088341333,0.18121850246264293
B021_0,数据集/数据集/源域数据集/48kHz_DE_data/B/0021/B021_0.mat,11,B,48k_DE,1797.0,-0.015234161540413313,3.013920309037883,3.835727724555304,0.16974913019593482,0.5528683063887839,0.11722044376452899,0.011902462448914856,0.027165259407255355,0.025675209373163782,0.008043555955734038,3.3429616314748207,0.6108420878288636,0.06766910929137482,0.7547540245314824,0.08938067183090818,0.0622492111688654,0.168321208479227,0.11757235047389163,0.23158064422662708,0.21628006053859009
B021_0,数据集/数据集/源域数据集/48kHz_DE_data/B/0021/B021_0.mat,12,B,48k_DE,1797.0,-0.0008939048265869351,2.930483159466722,3.8110251372783255,0.16871146920588415,0.5572545997449487,0.0938781168158743,0.010553116708802771,0.025943800498009834,0.02715129158070227,0.008074884633235328,3.049789272625207,0.600923425208249,0.07724242767188917,0.770287847694165,0.0803893306525781,0.05661832345891562,0.19466810601953655,0.1356940185233371,0.22407996887089354,0.20218904144568212
B021_0,数据集/数据集/源域数据集/48kHz_DE_data/B/0021/B021_0.mat,13,B,48k_DE,1797.0,-0.002782300559654832,2.8130224904717958,3.613730624301735,0.16822315815174266,0.5434258902425796,0.11224078275571858,0.007762451518089481,0.024593734949559794,0.029045170617443803,0.0074119382503164315,2.6817943558077904,0.5955610726260869,0.07279488323955491,0.7840768541954725,0.07388336854804112,0.04828431115424685,0.1734191626230253,0.12162874374423116,0.27277029071105874,0.20511940849140917
B021_1,数据集/数据集/源域数据集/48kHz_DE_data/B/0021/B021_1.mat,0,B,48k_DE,1774.0,-0.024038386550704987,3.06624044622934,3.8808961838141003,0.16919978026002563,0.5580795324922986,0.07404043522277354,0.01709347773833728,0.014714298178630788,0.027810426057812542,0.004694475584775848,3.1764856472485805,0.595647523822691,0.06923972485899417,0.7817922718728465,0.0828388728866132,0.05492924353403137,0.18280854061241122,0.13776749023210297,0.2624396985136277,0.18593127854838265
B021_1,数据集/数据集/源域数据集/48kHz_DE_data/B/0021/B021_1.mat,1,B,48k_DE,1774.0,-0.025994487195634575,7.68619440396959,6.696704048720408,0.1706647134224501,0.5477008355607627,0.09026892649923511,0.007015536777673233,0.006318181805645204,0.014794994540401583,0.0028628615606362895,10.166036873653931,0.5112704560143698,0.1466385303356852,0.8931401564241088,0.05759212844462125,0.018521632076459297,0.32724881161777697,0.1480373505847811,0.221792131581894,0.16767349251604202
B021_1,数据集/数据集/源域数据集/48kHz_DE_data/B/0021/B021_1.mat,2,B,48k_DE,1774.0,-0.02570071488909539,7.724886501493735,6.720929223258622,0.17078679118598547,0.549460987377446,0.08686114483017296,0.007390596145366846,0.006293113339718187,0.01469471880763843,0.0029033214540298605,10.371140361507575,0.5129200197529229,0.14539172532467298,0.8889682959475627,0.060471776419162654,0.019816428578301355,0.3245605827104315,0.14845171730761023,0.22471182829041905,0.16225979499360552
B021_1,数据集/数据集/源域数据集/48kHz_DE_data/B/0021/B021_1.mat,3,B,48k_DE,1774.0,-0.0408384172647136,3.1684409871295474,4.251861291669761,0.16871146920588415,0.5500755549290884,0.07699376064060284,0.016171852015395293,0.013865868146034412,0.022743736712204005,0.004847216257825984,3.5683408717115888,0.5907357525532192,0.07502374957980738,0.7921469339535709,0.08398623348014236,0.053280195884523276,0.1345130414186951,0.14615414558329612,0.30595079760742594,0.18478323854634252
B021_1,数据集/数据集/源域数据集/48kHz_DE_data/B/0021/B021_1.mat,4,B,48k_DE,1774.0,-0.032289871966200055,3.164728734372833,4.149673773404951,0.16834523591527803,0.5550355639688934,0.06609961389063855,0.015671681838260985,0.0136082585356829,0.027850207959452533,0.004644401895869392,3.450619001232177,0.5906580296804709,0.06142389873545565,0.7915032995388264,0.08114998259310642,0.0501804291961003,0.14596547257266101,0.1610293019255618,0.2907333462395522,0.17593276411828201
B021_1,数据集/数据集/源域数据集/48kHz_DE_data/B/0021/B021_1.mat,5,B,48k_DE,1774.0,-0.0169216039565316,8.65723274883664,6.237339832826616,0.17060367454068243,0.541192377023104,0.0769864239327708,0.006412568981057754,0.005777235231869337,0.010926004510206377,0.002507887817106493,11.138099583454721,0.4831968209127978,0.1558558468391399,0.915176031636126,0.0452594311101684,0.01547720050588143,0.37876997227777726,0.2058696570288854,0.15801361906201342,0.14498690727492397
B021_1,数据集/数据集/源域数据集/48kHz_DE_data/B/0021/B021_1.mat,6,B,48k_DE,1774.0,0.014158257998981164,11.559529475616522,8.166387653477022,0.1698101690777025,0.5370001645812141,0.09603418709189696,0.004761932625849767,0.0045991077828872505,0.009830196638591962,0.0020688603464585668,15.685358387826513,0.47251356090356594,0.1370762353669471,0.9368410134385975,0.034043350063538216,0.010562720061258472,0.33879654327935527,0.24092476852062975,0.20213992639624248,0.12166540553542651
B021_1,数据集/数据集/源域数据集/48kHz_DE_data/B/0021/B021_1.mat,7,B,48k_DE,1774.0,0.059840622876432784,23.25374100260531,11.560285228724103,0.1693828969053287,0.5572966340377948,0.07272885844873268,0.014947521792257607,0.013883503907195591,0.025605609749163708,0.004778322748419622,61.6051273483474,0.584452459569281,0.07364607333580374,0.8002254273673755,0.08289980906347491,0.04637364160642848,0.19115536950744338,0.13370030543784003,0.2580748108490101,0.18952134291139947
B021_1,数据集/数据集/源域数据集/48kHz_DE_data/B/0021/B021_1.mat,8,B,48k_DE,1774.0,0.0010430592149038612,6.703454576912654,6.048738798249549,0.17096990783128854,0.5525869225522038,0.07073878972898032,0.007888578380730187,0.00816977630222212,0.018703098101084663,0.003506104713839063,10.366422945412463,0.5423121361020072,0.0800757808322916,0.8655577598221569,0.06476198816309324,0.023566250488073086,0.18524462135859715,0.21422732368668487,0.2945974167561916,0.1531589896926614
B021_1,数据集/数据集/源域数据集/48kHz_DE_data/B/0021/B021_1.mat,9,B,48k_DE,1774.0,0.009932137477653298,6.405452958806506,5.968213429096967,0.17035951901361168,0.5517089367486201,0.0740637134632638,0.007718833042489595,0.008229049654437746,0.01805981748513741,0.0032990981329419212,10.326771982661054,0.5429799442971804,0.07891311520464107,0.8636439657356807,0.06717485256180125,0.0243885849424278,0.1809542593525312,0.22716496478663742,0.2928665851907914,0.14516565700170883
B021_1,数据集/数据集/源域数据集/48kHz_DE_data/B/0021/B021_1.mat,10,B,48k_DE,1774.0,0.004647708374239536,2.962728238217894,3.6839683404287937,0.16907770249649026,0.5493199968347813,0.06682264605387488,0.013221602953504816,0.01257092095669735,0.025071078328212072,0.004177406173567517,3.1988422337446165,0.5910861215006552,0.05279740165888322,0.7935048205593197,0.0869435318106831,0.04696084341838847,0.1468144962356969,0.17910929622536376,0.2466776400158138,0.200093924530513
B021_1,数据集/数据集/源域数据集/48kHz_DE_data/B/0021/B021_1.mat,11,B,48k_DE,1774.0,0.03136599689553451,9.087457481178884,8.063687313991982,0.17060367454068243,0.5609060786022975,0.064834647924019,0.0067972085629893955,0.0071204111180702395,0.014108864383538398,0.003310489610986695,14.042043215132836,0.5116102060684043,0.12304730683117254,0.876981318422762,0.07120018452377175,0.018989903857016238,0.26916074582690364,0.10330689169802522,0.32698914455654854,0.14653995888826388
B021_1,数据集/数据集/源域数据集/48kHz_DE_data/B/0021/B021_1.mat,12,B,48k_DE,1774.0,0.031158745674985607,8.06001895731864,7.622964207493632,0.17127510224012696,0.5583846723839093,0.06448120033210054,0.005507373662305558,0.006164154096128208,0.012458881659245118,0.0031247113158269424,11.669146043420852,0.5087151360789582,0.12640831196941113,0.8879701490458922,0.06848884567765472,0.014894064695667819,0.2588505109813412,0.10431622177058258,0.3420951148484424,0.15459232415177931
B021_1,数据集/数据集/源域数据集/48kHz_DE_data/B/0021/B021_1.mat,13,B,48k_DE,1774.0,0.03738900987180938,4.593396214876606,6.330769267949378,0.1693828969053287,0.558364003927203,0.06613600611744089,0.011706189321592014,0.011072816717783417,0.02285888079212766,0.004027861834907823,8.954418353440145,0.5760767616301283,0.08302640517501443,0.8169648575814327,0.0836611872567746,0.035225767560800085,0.16880012882599607,0.16138297263959098,0.27661817573855935,0.19737006665127715
B021_2,数据集/数据集/源域数据集/48kHz_DE_data/B/0021/B021_2.mat,0,B,48k_DE,1754.0,0.030277603931111962,5.250138861868795,7.689851504585899,0.16645303058047978,0.5748404330420064,0.053824190240265475,0.010981882895613278,0.015622377584324575,0.05527965408374779,0.0032727487255262734,13.86596499859824,0.598566008264093,0.05474831606404604,0.7661449527905931,0.08610718861111517,0.03736258778926328,0.133614448084149,0.17463530028329707,0.2620246280939929,0.18363900280713363
B021_2,数据集/数据集/源域数据集/48kHz_DE_data/B/0021/B021_2.mat,1,B,48k_DE,1754.0,0.086344233059119,15.173033108850547,9.908481343554987,0.16889458585118722,0.5582656546357377,0.07060753861473446,0.0033285753627584776,0.00537965033542725,0.02119424905800111,0.0021295898430283384,25.525435592612883,0.5038222606479758,0.08431293223503097,0.9147548832390759,0.045215785975634214,0.009616238139577474,0.19419447793749794,0.24798626198172838,0.291011681759045,0.15298931318582684
B021_2,数据集/数据集/源域数据集/48kHz_DE_data/B/0021/B021_2.mat,2,B,48k_DE,1754.0,0.055054277789067206,13.096686063132799,7.998482666615639,0.16810108038820729,0.5527731741036096,0.04741999682723556,0.002223021500331311,0.003344664323866546,0.014284316979142455,0.001425268551146101,17.212677691203886,0.48150183694592796,0.09925588389156657,0.9426959835633923,0.03265352411029654,0.005711402805000978,0.23969721489130608,0.2461821775991229,0.26460105623699354,0.16281844379564744
B021_2,数据集/数据集/源域数据集/48kHz_DE_data/B/0021/B021_2.mat,3,B,48k_DE,1754.0,0.028927452007464608,22.23681624280689,10.695788171194415,0.16303485320148936,0.5506352105034332,0.0613340858449986,0.004163150460651874,0.005705308835517863,0.02233537674308686,0.001393773736876866,30.141786560057916,0.4920451423661897,0.09159799634815398,0.9323156311602216,0.030685084686288513,0.00900323895846147,0.2338322827355697,0.22802920144059144,0.2580132559713799,0.18675886453802718
B021_2,数据集/数据集/源域数据集/48kHz_DE_data/B/0021/B021_2.mat,4,B,48k_DE,1754.0,0.03131557557038565,10.057951144353105,9.144764780686089,0.16504913629982298,0.5770159051354327,0.05582515842956965,0.007269287191006161,0.010834894821619952,0.04242262268218794,0.003032927860505231,20.72388076532826,0.5401041005440756,0.08377430014882734,0.8520544409249275,0.05663593748616355,0.022505140334688933,0.1869567975485809,0.23127486437742367,0.290071958301977,0.11679873896882058
B021_2,数据集/数据集/源域数据集/48kHz_DE_data/B/0021/B021_2.mat,5,B,48k_DE,1754.0,0.034845218624016655,11.988261523773406,8.065129578731236,0.1693828969053287,0.5478473778271451,0.06675399056125687,0.002392835998103628,0.003916113187825103,0.013789790428316578,0.0016706749234842696,14.972222484954257,0.4804318113330893,0.10519077963765935,0.9293431841579342,0.04127309890232482,0.007633071335024081,0.24289568260619457,0.261392268688476,0.268496781310956,0.12740305248936556
B021_2,数据集/数据集/源域数据集/48kHz_DE_data/B/0021/B021_2.mat,6,B,48k_DE,1754.0,0.038698311282214806,14.72205044601793,8.6406965747278,0.1679790026246719,0.5431340817597555,0.06708409184729795,0.0027941330139814105,0.004322657260398056,0.01442730325173011,0.0015641356899796525,17.432394325737473,0.4882766477810839,0.10824909893710666,0.9239353668041601,0.04441836390926473,0.008528569524883265,0.2206893341318837,0.25022420540816254,0.2798532604473166,0.15060414000751524
B021_2,数据集/数据集/源域数据集/48kHz_DE_data/B/0021/B021_2.mat,7,B,48k_DE,1754.0,0.04569956238916671,3.2669522860034776,4.1163097718003065,0.1649270585362876,0.5692383639257053,0.07665231993337297,0.012945051399526798,0.018635706213306256,0.0640112709998444,0.0035961234131579836,3.5199145139706176,0.61378141592204,0.060095886901858464,0.7274354268002892,0.09079709183823235,0.04713352366755984,0.0858694902046377,0.12503241029832712,0.29263931389092357,0.20758995182455073
B021_2,数据集/数据集/源域数据集/48kHz_DE_data/B/0021/B021_2.mat,8,B,48k_DE,1754.0,0.06327994185557925,24.707781334837225,12.065836367518598,0.16620887505340903,0.5765361164512955,0.06408893342619258,0.005374667370084322,0.007689996181476043,0.02951584412901332,0.0025921177241848706,43.51650760085055,0.5088134338920567,0.11679079279900197,0.8775193411614114,0.06516280611602905,0.014036889240678108,0.31380060036375856,0.22550444363284658,0.18973211944610438,0.12946354528098084
B021_2,数据集/数据集/源域数据集/48kHz_DE_data/B/0021/B021_2.mat,9,B,48k_DE,1754.0,0.03487708460223435,8.530423954635587,7.02807955536848,0.16858939144234877,0.5575554028298227,0.056298849401707214,0.0019811170001334034,0.002931868405510779,0.011600722788679501,0.0014714804514894284,8.730426510316319,0.4673156425525059,0.15236547985543444,0.9402002870912,0.0384402257565724,0.005204766585587386,0.3534653440692482,0.18845968268707675,0.2360035166282654,0.14752404305014458
B021_2,数据集/数据集/源域数据集/48kHz_DE_data/B/0021/B021_2.mat,10,B,48k_DE,1754.0,0.02871050092057943,7.356522139456039,6.199812264674191,0.16791796374290424,0.5554946020609723,0.057469086647354006,0.0022854228230997932,0.003410400721115976,0.013292761952426008,0.0012434172877646467,6.978142896521748,0.47961602070930337,0.10473714113806817,0.9385261725736237,0.03649974068370307,0.006028640067665107,0.264397749886683,0.2009857841465557,0.29231365103336304,0.16268777605794116
B021_2,数据集/数据集/源域数据集/48kHz_DE_data/B/0021/B021_2.mat,11,B,48k_DE,1754.0,0.01851067997056506,9.412759377465136,7.130931872485113,0.16639199169871208,0.5678037516162215,0.05246443074890711,0.006616872604851327,0.009289538483391884,0.0330700697972562,0.002061438987328845,16.289973682276376,0.5373407719733371,0.08289041459751766,0.8723403212571976,0.049661816255033936,0.019437887889927525,0.157042542360792,0.2091107432352738,0.29876361338818636,0.1870053980614431
B021_2,数据集/数据集/源域数据集/48kHz_DE_data/B/0021/B021_2.mat,12,B,48k_DE,1754.0,0.006940803020190405,3.138073104929243,4.5599318817367145,0.16517121406335836,0.5726104413919569,0.06953226061460026,0.014249105474902742,0.01895955291140501,0.06526798068793543,0.0036923378092073742,3.862502984378133,0.6186448474113415,0.06395204108486466,0.7217933848291848,0.0794870003717349,0.05207883299795405,0.09140695822652158,0.1915660391434758,0.24536372671661918,0.17753165797724887
B021_2,数据集/数据集/源域数据集/48kHz_DE_data/B/0021/B021_2.mat,13,B,48k_DE,1754.0,0.05282635752505007,17.88209261064164,10.200307938817144,0.16529329182689373,0.5541087702369238,0.06664850972340958,0.004074408544419636,0.005725143326959066,0.020461763887360953,0.0014796490561369562,22.345186629233606,0.48766536676460465,0.14187353050721913,0.923551563517099,0.03919461769172114,0.008924515386995258,0.217832546180923,0.2505440545851391,0.27014246585565443,0.16285043619632467
B021_3,数据集/数据集/源域数据集/48kHz_DE_data/B/0021/B021_3.mat,0,B,48k_DE,1729.0,0.05098925213479525,14.9468176919265,8.900193988640288,0.1602270646401758,0.5437971939380774,0.08518130829194087,0.0024929987015629845,0.004968360202401093,0.043141830642259765,0.0013468452690816384,18.61252743056776,0.5021293416935102,0.10235773949761097,0.8959637040424704,0.04511014325884501,0.007571063969651066,0.23677011203844045,0.2732001917363115,0.20501224636992005,0.14354793092654256
B021_3,数据集/数据集/源域数据集/48kHz_DE_data/B/0021/B021_3.mat,1,B,48k_DE,1729.0,0.04587160768053928,12.43005417979221,8.378618498665606,0.16218030885674176,0.5461438193787547,0.0803649113095294,0.002327757556906837,0.004165588830626377,0.03863321343811937,0.0012232956974151015,15.783687889843275,0.5014104070678548,0.10718913544423553,0.9039884694913345,0.0422018600266583,0.00679817359433908,0.22095448939881684,0.268307720888486,0.2186969724979596,0.16257720599046355
B021_3,数据集/数据集/源域数据集/48kHz_DE_data/B/0021/B021_3.mat,2,B,48k_DE,1729.0,0.04929933071688501,7.523825871660025,7.849743881283903,0.15754135384239762,0.5710386039940779,0.07592038024285314,0.007659953131760884,0.012627218497126445,0.12729484634893715,0.0022072476896507613,16.045691973136723,0.6246851360170689,0.05313381344369408,0.6869039394148109,0.07320231800839966,0.028870014820096646,0.11175671951601727,0.13933395261295842,0.20712932342546164,0.21774022738778567
B021_3,数据集/数据集/源域数据集/48kHz_DE_data/B/0021/B021_3.mat,3,B,48k_DE,1729.0,0.05943401857220354,15.79925761197128,11.583526728279665,0.1576023927241653,0.5735132383105401,0.06923680361743076,0.006701142949970323,0.011553523909701673,0.11290863120725894,0.0024878342838684717,45.26148667230932,0.5802454321888791,0.09066581935998066,0.7668733418438909,0.06009532409114682,0.020920211827453763,0.19456067775386038,0.17392454050217634,0.22993902128185767,0.14746172556202547
B021_3,数据集/数据集/源域数据集/48kHz_DE_data/B/0021/B021_3.mat,4,B,48k_DE,1729.0,0.05602199578288414,9.838567185124433,6.9166637644663655,0.16407251419154,0.5378404974986843,0.07125414230495687,0.0014658860598690316,0.0029603168958311932,0.025460580058471037,0.0012026911820457913,9.734971091448932,0.4723243516807907,0.13402181440012417,0.9268107562509864,0.037697701847766885,0.004691632984264671,0.35481628554892974,0.14320308181269842,0.25567607616803895,0.15004658480696692
B021_3,数据集/数据集/源域数据集/48kHz_DE_data/B/0021/B021_3.mat,5,B,48k_DE,1729.0,0.05287598103343036,10.089200454714495,7.097435662192348,0.1624244643838125,0.5351043944032423,0.06799652777621948,0.0015838905180199684,0.0033138193780004855,0.026553190497501815,0.0010535642762089996,10.371737273258377,0.4726642493463115,0.1345043846407986,0.9238265664561962,0.03864775980541161,0.004974047206201738,0.35630468241510577,0.13973308696019252,0.25381629593113064,0.1518945575219248
B021_3,数据集/数据集/源域数据集/48kHz_DE_data/B/0021/B021_3.mat,6,B,48k_DE,1729.0,0.003084929597658706,3.605832711965593,5.399473008366544,0.15534395409876092,0.5705235714558062,0.0632467469757476,0.008449397087998037,0.017428155061581248,0.14530263177398278,0.0021399168961657436,5.23914664401843,0.6491036722556691,0.05153074647725664,0.6066144284620025,0.08930861128057997,0.038087579209571294,0.07338838984379442,0.17557497679976827,0.17819105105690858,0.16517538482189867
B021_3,数据集/数据集/源域数据集/48kHz_DE_data/B/0021/B021_3.mat,7,B,48k_DE,1729.0,0.054278639289186574,20.19378055488456,10.2909061903283,0.15784654825123604,0.5735184846674938,0.06218229223839108,0.005984927174036923,0.011890900600992264,0.09549437262878482,0.0020009384319539187,38.90578788768869,0.5650308745927599,0.08350399723168819,0.7846924807633926,0.06663769179723368,0.01976881643249844,0.21249118868710312,0.20636421672121996,0.2120059933657057,0.12070693718124226
B021_3,数据集/数据集/源域数据集/48kHz_DE_data/B/0021/B021_3.mat,8,B,48k_DE,1729.0,0.05012684094460292,12.178723422047831,6.609043850421754,0.16266861991088324,0.546973875131777,0.06436404026005567,0.0013560482444502711,0.003105619485152078,0.022513546081270555,0.001149519020685543,13.036969780310033,0.4699927391168967,0.13390424747388907,0.9414513188291768,0.030846995281770772,0.0036848368668078507,0.2968001962486297,0.2456300783667932,0.25167875652683264,0.11666006069833415
B021_3,数据集/数据集/源域数据集/48kHz_DE_data/B/0021/B021_3.mat,9,B,48k_DE,1729.0,0.04737379598016874,12.793689283537521,6.96205577633003,0.16230238662027713,0.5470914716385652,0.06701856398550056,0.0017270549271572095,0.003618107662992305,0.0279252402080481,0.0011358108450952287,14.051655176422125,0.4752604140126795,0.11661161975239229,0.9374629595963918,0.029468122196790934,0.004450677341377385,0.2680308350758322,0.2536829846605733,0.26344170570512737,0.1242709970261574
B021_3,数据集/数据集/源域数据集/48kHz_DE_data/B/0021/B021_3.mat,10,B,48k_DE,1729.0,0.003933814100158171,8.526993980309078,7.356671211531009,0.157663431605933,0.5728954079702433,0.0645061269612427,0.008102526205249986,0.014477799214138908,0.12400141843751447,0.002204080662095136,17.527074068636097,0.6156850041216579,0.06861873893803419,0.7043584441231343,0.07421114252535899,0.0301042746692332,0.13830054792112326,0.1831245660422354,0.20920590651395737,0.15365280777176893
B021_3,数据集/数据集/源域数据集/48kHz_DE_data/B/0021/B021_3.mat,11,B,48k_DE,1729.0,0.007833072280529877,3.3888824505138846,5.716485764115793,0.15509979857169018,0.568651239650725,0.07452271873012357,0.010275276570575741,0.01670281492009763,0.15302707195834334,0.002443748100217343,4.466804095408318,0.6445350853054496,0.05883010999769442,0.6156793590007197,0.0852787156842817,0.035753370346389986,0.09020924218012896,0.18268510003825336,0.1780239942275835,0.14820537620411164
B021_3,数据集/数据集/源域数据集/48kHz_DE_data/B/0021/B021_3.mat,12,B,48k_DE,1729.0,0.07767401598283545,23.198405751444163,9.325541594234057,0.15900628700482208,0.547504249862711,0.06437223547257193,0.003053766744646632,0.005137452444835242,0.048197776168256504,0.0013782153447209973,29.363117295146473,0.49975860529723115,0.115427573989604,0.8872077924465366,0.05002562201821737,0.0077673388699259,0.17426764977498332,0.28583002956332476,0.2954497859977934,0.10446705531743034
B021_3,数据集/数据集/源域数据集/48kHz_DE_data/B/0021/B021_3.mat,13,B,48k_DE,1729.0,0.06358707576568387,13.428415239346121,7.396142493049641,0.15998290911310506,0.542515395755958,0.06312916392886223,0.0018803735320312876,0.003276211122527513,0.0297482835636931,0.0011386387493962534,14.172330087877892,0.4822839258576139,0.10281362113898591,0.9250952019783413,0.03839579549563627,0.005213010228238774,0.22796296763456125,0.27641797096934423,0.2680742868263392,0.12064236479399791
IR007_0,数据集/数据集/源域数据集/48kHz_DE_data/IR/0007/IR007_0.mat,0,IR,48k_DE,1796.0,0.03044428694725331,6.079291965252683,5.465553231168821,0.19538546053836295,0.7047627657910923,0.04518797904966094,0.006321448792555522,0.047770316821445294,0.15180845536121,0.19048487074348996,6.530850293303255,0.6294045971806465,0.14760392755089705,0.502724202982801,0.09821977779312747,0.09206723126481942,0.009657140038896934,0.0575189047330558,0.28688310967884145,0.13465546514210716
IR007_0,数据集/数据集/源域数据集/48kHz_DE_data/IR/0007/IR007_0.mat,1,IR,48k_DE,1796.0,0.00972202127385206,5.896909817227987,5.472557657830148,0.19587377159250444,0.6988342660308459,0.044952384520854496,0.00626267679293845,0.04760958308860753,0.15942001212139859,0.1857706670256258,6.3235349142059,0.6278621658498307,0.1448100375752243,0.5106130735312165,0.10592882766930038,0.09175883545456841,0.008335578945275172,0.05420667729366759,0.2922664511411526,0.14164761571269627
IR007_0,数据集/数据集/源域数据集/48kHz_DE_data/IR/0007/IR007_0.mat,2,IR,48k_DE,1796.0,0.028967918729830722,5.906389808939008,5.229329522693143,0.19575169382896906,0.6978734445860106,0.04586021274005807,0.006600027163236781,0.04757940918670741,0.15829487898154807,0.18406487837230276,6.358022749486705,0.6258682176709861,0.1487903808285125,0.5038841907614943,0.10256346005922859,0.09272827656755415,0.00780546104076436,0.05014806594743587,0.29186772523452165,0.14048802835567317
IR007_0,数据集/数据集/源域数据集/48kHz_DE_data/IR/0007/IR007_0.mat,3,IR,48k_DE,1796.0,0.01327989062672577,6.049099016745971,5.535914601332071,0.19526338277482758,0.7095106283557241,0.04205226287024247,0.006551067356236404,0.04587357564013041,0.1565289454904958,0.18040506577900686,6.4588204969442415,0.6221352466079956,0.15342987627555163,0.5213860433187714,0.09671243695004063,0.08519447657133018,0.010641709405761562,0.052728418770745834,0.30003733067124166,0.14329887227061147
IR007_0,数据集/数据集/源域数据集/48kHz_DE_data/IR/0007/IR007_0.mat,4,IR,48k_DE,1796.0,-0.02637754514752823,6.0409295817571325,5.497262589978502,0.19416468290300923,0.7080169271070843,0.039840317703222994,0.006183208731339106,0.04474110803500432,0.16130014374735305,0.17937061993148595,6.467139170213047,0.6243669986550657,0.14607094904976534,0.5294309195727966,0.09919364164424938,0.0862418904084179,0.010567299982132622,0.051887119654301844,0.298387227747526,0.15394248956525217
IR007_0,数据集/数据集/源域数据集/48kHz_DE_data/IR/0007/IR007_0.mat,5,IR,48k_DE,1796.0,0.02554072473801567,6.078150104611604,5.471254807249367,0.1956296160654337,0.6971654376222147,0.04563166441998517,0.006332533518944238,0.046704554221381915,0.15873732578737196,0.17742931400383005,6.566916613842778,0.6263931685739111,0.1434223322045535,0.5217363490233728,0.09403318466048285,0.09320823181794147,0.011057252662142218,0.0571726171732981,0.2891391247209995,0.15021725621030363
IR007_0,数据集/数据集/源域数据集/48kHz_DE_data/IR/0007/IR007_0.mat,6,IR,48k_DE,1796.0,0.005589827292861066,6.072102641443149,5.412953048896052,0.19489714948422146,0.7090881383286668,0.03869651941446077,0.007341322807265751,0.047266048522802605,0.15801317528769976,0.17944498540394135,6.4635074612118935,0.6274936153567651,0.14819873395988506,0.5114973791591089,0.09660402705457151,0.09216605540938451,0.010390757769742263,0.05324259470667332,0.2887206170184103,0.14531837415455473
IR007_0,数据集/数据集/源域数据集/48kHz_DE_data/IR/0007/IR007_0.mat,7,IR,48k_DE,1796.0,-0.030527800537693956,6.129832220732367,5.432831045887931,0.19196728315937253,0.7153370882544703,0.03916888061952076,0.0078111186885912245,0.04391781628201852,0.15984163638607504,0.17552778594982382,6.501187187069873,0.6303901192148172,0.14102153515431554,0.5249958351325379,0.10434945348600537,0.08746059207761331,0.009260934507014791,0.05414212618376004,0.2866778482484931,0.16145967264565284
IR007_0,数据集/数据集/源域数据集/48kHz_DE_data/IR/0007/IR007_0.mat,8,IR,48k_DE,1796.0,0.009173876341480881,6.111008665869161,5.454456804621671,0.19141793322346334,0.7034471527662296,0.040488995107701466,0.007613273211552232,0.04550392200044346,0.15817878044207798,0.1827483537090775,6.482276519313767,0.6298830268422277,0.14186125533845095,0.5133746374385478,0.09462308982168136,0.09029360982209829,0.009998778116409732,0.06056548858532437,0.280651762976785,0.14850518783580374
IR007_0,数据集/数据集/源域数据集/48kHz_DE_data/IR/0007/IR007_0.mat,9,IR,48k_DE,1796.0,0.018651436288541462,6.106343979253087,5.993044203260743,0.19385948849417078,0.7078835372535214,0.03781358053556821,0.007575235528125444,0.047971897035808314,0.15782593007566403,0.18796490114916004,6.533984157812743,0.6277558062409714,0.14578133236438198,0.5131334145989414,0.09211979051974514,0.09274622458169797,0.01103544929776469,0.061382593414039295,0.28504039172370244,0.14229420595252834
IR007_0,数据集/数据集/源域数据集/48kHz_DE_data/IR/0007/IR007_0.mat,10,IR,48k_DE,1796.0,-0.013645748155492524,6.04721733745352,6.01921495621417,0.19538546053836295,0.7126460196605291,0.040147113219905,0.007762874402341695,0.04758539498430364,0.16238445543722968,0.17578032106092084,6.4991970685400124,0.6274211889840634,0.14294410965235738,0.5231177819291394,0.09734622949299965,0.08671385746105183,0.011811268929564389,0.05977628107314726,0.28918404670543607,0.14990439754673998
IR007_0,数据集/数据集/源域数据集/48kHz_DE_data/IR/0007/IR007_0.mat,11,IR,48k_DE,1796.0,0.006878207354617859,6.004854248521913,5.792031184883516,0.1959958493560398,0.7086927576824643,0.03944464857729011,0.008453476956066339,0.048581067770269735,0.15740979731156035,0.179702919836142,6.459947058128307,0.6279312142456814,0.14639885110840803,0.5145102299921442,0.09126239335211257,0.09133601231203047,0.011031298410662783,0.05821650222259695,0.29080244400063204,0.14230317152038266
IR007_0,数据集/数据集/源域数据集/48kHz_DE_data/IR/0007/IR007_0.mat,12,IR,48k_DE,1796.0,0.015443704827122779,5.996201095471836,5.767185696418273,0.19495818836598913,0.7117510921162095,0.03876540650595586,0.007258043453480705,0.04770460357722211,0.1530812657022349,0.19187247774308874,6.461608775539349,0.626644284760089,0.14985337969289986,0.5099486585193977,0.09688071227431805,0.09315620360949295,0.009941475382823207,0.052059413372217096,0.29749200294059336,0.13772553625686024
IR007_0,数据集/数据集/源域数据集/48kHz_DE_data/IR/0007/IR007_0.mat,13,IR,48k_DE,1796.0,0.0019254413966974463,5.930172908095245,5.630783832049336,0.19385948849417078,0.7127162862604006,0.039899534209822375,0.006727277846933679,0.04578526632812186,0.15668712382150957,0.18721777058010738,6.272544740199994,0.629251132748908,0.14439759454917114,0.5153446459204343,0.10191393509635463,0.08578630068648979,0.010241707858907803,0.04951103714703276,0.29440990865040917,0.1485208683736635
IR007_1,数据集/数据集/源域数据集/48kHz_DE_data/IR/0007/IR007_1.mat,0,IR,48k_DE,1772.0,-0.05263366012142448,7.394897662435677,5.511769192495169,0.18720625038149302,0.6862366364816924,0.062934401819271,0.006116440644609132,0.050528668284958556,0.16001354169298992,0.11826487745299143,7.350630929701703,0.5954049415909184,0.1805547088826381,0.5439066183550378,0.09696313192057265,0.06825467260110019,0.010820066929396292,0.047521918172038366,0.31205256570252105,0.15830718703015312
IR007_1,数据集/数据集/源域数据集/48kHz_DE_data/IR/0007/IR007_1.mat,1,IR,48k_DE,1772.0,-0.07092978978867989,7.370372134573393,5.529420685572804,0.18940365012512972,0.6879927482734722,0.061503452180414586,0.005623611071116667,0.04962102563164209,0.16076098074210268,0.12550050706686888,7.426362003824132,0.5942085359115588,0.1808389313185538,0.550555201268838,0.10214486068464695,0.0665244206576425,0.010846163996671833,0.04700865612329931,0.31435225576010856,0.16295118560682445
IR007_1,数据集/数据集/源域数据集/48kHz_DE_data/IR/0007/IR007_1.mat,2,IR,48k_DE,1772.0,-0.060721715045355694,7.3824575223960425,5.663705492197962,0.19196728315937253,0.6853093374504902,0.06226951726075221,0.005721061354134398,0.049915653405910865,0.16263593353497738,0.1255731893322421,7.420167547887187,0.5919896272082303,0.1850807736184091,0.5560129385654311,0.09775743717953467,0.06754926382908852,0.011088750003568926,0.049177114194129165,0.3164863870378885,0.16409184535910593
IR007_1,数据集/数据集/源域数据集/48kHz_DE_data/IR/0007/IR007_1.mat,3,IR,48k_DE,1772.0,-0.06657514354020402,7.25954103868015,5.684948510478366,0.1917231276323018,0.6897532691347713,0.060638383911482636,0.005644282543464106,0.04834546528284121,0.1618177768413957,0.12434406689126411,7.262852615891384,0.5965570881567668,0.18393724337879935,0.5599607959501359,0.09994247470667776,0.07025815667272166,0.011512214764382472,0.05057925558523147,0.31754716811676176,0.165529369905412
IR007_1,数据集/数据集/源域数据集/48kHz_DE_data/IR/0007/IR007_1.mat,4,IR,48k_DE,1772.0,-0.10250990175255793,7.2852037937212595,5.54482074569638,0.19227247756821095,0.6944688799712495,0.05842033527558275,0.0051622676604372855,0.04781331440111712,0.16645385481691816,0.12106987426897003,7.369597466897454,0.5957298594694027,0.1825634195815401,0.5575754341802036,0.09920698158996143,0.07039275509486871,0.013101884124808528,0.04770887678187989,0.3168133559637104,0.16496107868818374
IR007_1,数据集/数据集/源域数据集/48kHz_DE_data/IR/0007/IR007_1.mat,5,IR,48k_DE,1772.0,-0.09530724652048696,7.299025917022383,5.550637361136671,0.19141793322346334,0.6935933414679132,0.058279132749507905,0.00518459358601709,0.049054711423681,0.16265211445137137,0.13058210689146232,7.336918090620258,0.5961327111967797,0.18163668007740963,0.5553469771246824,0.09452324829999516,0.07126881435313673,0.01148946663554858,0.0490648148457128,0.31289712932010455,0.16878437714749064
IR007_1,数据集/数据集/源域数据集/48kHz_DE_data/IR/0007/IR007_1.mat,6,IR,48k_DE,1772.0,-0.0980936726209772,7.306664292316079,5.4148521463034,0.18781663919916988,0.6899418993181142,0.059072189685434345,0.005319693242119821,0.04882638392625459,0.16784482664458616,0.13065534423913364,7.288805271073702,0.5949173986325536,0.18255870477476566,0.5661966775245908,0.09836804841135346,0.06943571136414024,0.012488486365373223,0.050451554288165744,0.31641198343534854,0.17316739161813985
IR007_1,数据集/数据集/源域数据集/48kHz_DE_data/IR/0007/IR007_1.mat,7,IR,48k_DE,1772.0,-0.1055140658885251,7.343643365256695,5.638662654630874,0.1886711835439175,0.6883895409906616,0.05923146719023643,0.005384241085229477,0.050229087381879915,0.16616274208621967,0.1264110899622809,7.420795967936681,0.6019029157355815,0.17564562001773898,0.5476561148470888,0.10068763475996814,0.07206290531411463,0.01225224002722568,0.05396478421618848,0.3061006164448189,0.16296420142927984
IR007_1,数据集/数据集/源域数据集/48kHz_DE_data/IR/0007/IR007_1.mat,8,IR,48k_DE,1772.0,-0.15766553131503358,7.395227363212369,5.704144673033205,0.19007507782457425,0.692552535728628,0.05771205446216337,0.005645379963042967,0.05194436020953217,0.16969542640893415,0.12332238728091752,7.505034238053839,0.5992675744384877,0.17269104997919038,0.5500061581260232,0.09751216569547512,0.07129110907825649,0.012267019432383749,0.05306015649885919,0.30396767754061266,0.16826119360536798
IR007_1,数据集/数据集/源域数据集/48kHz_DE_data/IR/0007/IR007_1.mat,9,IR,48k_DE,1772.0,-0.12896091218785966,7.421576820290381,5.693238730398499,0.1895257278886651,0.6884392545632794,0.06017423268216455,0.005542602432327981,0.0516986064545964,0.16619344359609978,0.12350653083909516,7.582963751862629,0.5976814565513974,0.17520157448262333,0.5480216184697092,0.09531112488756549,0.06905420089505436,0.012486091163792104,0.05761429370430899,0.2984128114034252,0.16618417899406285
IR007_1,数据集/数据集/源域数据集/48kHz_DE_data/IR/0007/IR007_1.mat,10,IR,48k_DE,1772.0,-0.1336829228006198,7.360718178827091,5.536348539246603,0.1898309222975035,0.6906971189037667,0.060053740146424645,0.0060710059005663845,0.051460308229999654,0.16677073480573618,0.12117943521652173,7.528767988773575,0.5956408792677693,0.17662216449521068,0.5554511707079537,0.09582542449431151,0.06982241254191332,0.011684341136454343,0.05456186057457091,0.3050824554510433,0.16922944522997163
IR007_1,数据集/数据集/源域数据集/48kHz_DE_data/IR/0007/IR007_1.mat,11,IR,48k_DE,1772.0,-0.13957607710313133,7.33084046880388,5.662324311149403,0.19056338887871574,0.685930304065063,0.06132492607546094,0.006499341020608102,0.04993475370815602,0.16447937299216073,0.11776697210909093,7.363228239300507,0.5952611508966209,0.17731944398697597,0.5540243531222998,0.09435354257853924,0.06898562885821355,0.012494923929490052,0.05121741417656973,0.307728666146024,0.1675953345139749
IR007_1,数据集/数据集/源域数据集/48kHz_DE_data/IR/0007/IR007_1.mat,12,IR,48k_DE,1772.0,-0.1081571583000706,7.400681621144764,5.692283415739499,0.19154001098699872,0.688923504391595,0.06105679750890445,0.00618229666137206,0.049791648738108325,0.16422757151132522,0.12138100927800204,7.398930510676042,0.5918265934379862,0.18119440869681358,0.5551797370737575,0.0924930711190287,0.06837464803492987,0.011440037360533792,0.049981590265758415,0.3169275779454517,0.16231382872575645
IR007_1,数据集/数据集/源域数据集/48kHz_DE_data/IR/0007/IR007_1.mat,13,IR,48k_DE,1772.0,-0.1160090671904172,7.448049971657726,5.5808408570931345,0.19349325520356467,0.6867310203084231,0.06305489930653427,0.006685436330011645,0.04838974545717997,0.1633065699171893,0.12190572227383965,7.426863547603948,0.5915396869376829,0.1788928929115988,0.55650238528611,0.09269554290898728,0.06534275330041081,0.011620761422291211,0.05121622864095294,0.313958335185078,0.1646218488230677
IR007_2,数据集/数据集/源域数据集/48kHz_DE_data/IR/0007/IR007_2.mat,0,IR,48k_DE,1748.0,-0.0665401208044857,7.357137575436599,5.466142919302693,0.1868400170908869,0.7004694459023731,0.05160647516582983,0.005978223311419625,0.05569245815242809,0.17710418910487477,0.10985110362350993,8.019273834963686,0.6114423547204559,0.15946347471131986,0.5189367738437454,0.09304302776418528,0.07951009436737254,0.018645317574523552,0.05084904899675724,0.2660427431247489,0.14957066714445413
IR007_2,数据集/数据集/源域数据集/48kHz_DE_data/IR/0007/IR007_2.mat,1,IR,48k_DE,1748.0,-0.08395133550753503,7.545975199177968,5.451812689177598,0.18580235610083623,0.7004147140504,0.05198775381079746,0.005394116513314907,0.057274246557504446,0.1755156162943204,0.11481306446169577,8.207670221978326,0.6126682824543594,0.159573694388894,0.5195390605130167,0.09810267644714425,0.0766454046184407,0.02045726529564129,0.05534268865371626,0.26488932832950457,0.14783881789869155
IR007_2,数据集/数据集/源域数据集/48kHz_DE_data/IR/0007/IR007_2.mat,2,IR,48k_DE,1748.0,-0.09744443765504734,7.537932445663543,5.432198662243748,0.18470365622901788,0.6949759296140612,0.05339320339852179,0.005500783458860468,0.055148131818506786,0.17413996708347093,0.11226417286366824,8.147666927749594,0.6092945642696227,0.1606934864966942,0.5226719249677652,0.09723957208878255,0.07434532089746908,0.019930399483440036,0.052113273506313645,0.2694274240060502,0.14881291513410694
IR007_2,数据集/数据集/源域数据集/48kHz_DE_data/IR/0007/IR007_2.mat,3,IR,48k_DE,1748.0,-0.09163508034516979,7.485151221311897,5.582038750867311,0.18445950070194714,0.6910903599167035,0.055940384561330166,0.005564509382285552,0.05470176763813994,0.17629888063538554,0.11400682338364035,8.08960893692736,0.6094120680895492,0.15966651466319565,0.5223841385125059,0.09313856032479431,0.07348839188560949,0.019927373473227816,0.05048736564573442,0.26584229515905056,0.1522255055603835
IR007_2,数据集/数据集/源域数据集/48kHz_DE_data/IR/0007/IR007_2.mat,4,IR,48k_DE,1748.0,-0.09227039303462178,7.495563639013997,5.55168072197713,0.18452053958371484,0.6876752259868267,0.05761170397269275,0.005453283769649619,0.053045894473597435,0.1753770247935203,0.11286172416065969,8.211187894530253,0.609791598123757,0.15810525799688638,0.5179600965893031,0.09188347688829474,0.07344789147541532,0.01996600659406381,0.05184483441957618,0.2621991762799682,0.15034389917792837
IR007_2,数据集/数据集/源域数据集/48kHz_DE_data/IR/0007/IR007_2.mat,5,IR,48k_DE,1748.0,-0.0690511253129053,7.508793082267553,5.765357007794989,0.1851309284013917,0.6936198217211577,0.05334352555323933,0.005523637601687869,0.05372150515395331,0.17170605011390128,0.1131893460662203,8.300984097340834,0.6122687859608744,0.15714332992884295,0.5211023482566844,0.09850942513081296,0.07370017515682313,0.020529105947259055,0.05630126303441832,0.26239450352596466,0.14780198415050422
IR007_2,数据集/数据集/源域数据集/48kHz_DE_data/IR/0007/IR007_2.mat,6,IR,48k_DE,1748.0,-0.06148187561124364,7.515619970086577,5.8161981016365365,0.18519196728315937,0.6934337995666218,0.05536448885605134,0.005368467456251391,0.056049040912316495,0.17337858089127778,0.11449280986828046,8.314565908016247,0.6108492350700508,0.15900820897744844,0.5217355891327464,0.09817780866205106,0.07445419018757281,0.019930412021141194,0.05254357197573983,0.2665730489887727,0.14755678430352454
IR007_2,数据集/数据集/源域数据集/48kHz_DE_data/IR/0007/IR007_2.mat,7,IR,48k_DE,1748.0,-0.05872022671523486,7.5061452432641245,5.657473464802159,0.18476469511078558,0.697597937638026,0.05285053277940591,0.005599966475877693,0.057182162903213415,0.17604402606227024,0.11354908756822142,8.110321002798539,0.6127332624387614,0.15816333443135452,0.5196587670739645,0.0975545016922548,0.07434162780362456,0.019599621617201284,0.053302797503765154,0.266157395565496,0.14722119984944027
IR007_2,数据集/数据集/源域数据集/48kHz_DE_data/IR/0007/IR007_2.mat,8,IR,48k_DE,1748.0,-0.08720352356661881,7.462612723206998,5.953503594244963,0.18470365622901788,0.6955490632118799,0.05467777426334015,0.0052821972198132915,0.05934995328860445,0.1781599111916891,0.10979697403823903,8.141321855522857,0.6127690002821624,0.1574871817853969,0.5208223287778874,0.09537673765626666,0.07712895508261501,0.02066058062739657,0.05386686361848852,0.2644460682315945,0.15043422628031874
IR007_2,数据集/数据集/源域数据集/48kHz_DE_data/IR/0007/IR007_2.mat,9,IR,48k_DE,1748.0,-0.07064371787777894,7.4174649105666335,5.958357174430419,0.18500885063785633,0.6878761172863894,0.057330354490732705,0.005435167256391704,0.05945778346662979,0.1757171491089182,0.11109498197745636,8.109055591210725,0.6103694242870047,0.16169081659153686,0.5206915484371736,0.09532632937008403,0.07535510328321776,0.02093075115620394,0.05196496911249433,0.27101198701315266,0.1459075768464099
IR007_2,数据集/数据集/源域数据集/48kHz_DE_data/IR/0007/IR007_2.mat,10,IR,48k_DE,1748.0,-0.08698765043210462,7.434966264092501,5.710222780651372,0.1864127449185131,0.689709348953541,0.05737287686437124,0.005327902338377494,0.06057832779219685,0.17301499703506454,0.11423977140844076,8.08337556390548,0.6101554696896933,0.16431123508084483,0.5214399389832711,0.09796072723799568,0.0749000031941881,0.02156065114237433,0.050803432484130565,0.27168809131155963,0.14696832578252958
IR007_2,数据集/数据集/源域数据集/48kHz_DE_data/IR/0007/IR007_2.mat,11,IR,48k_DE,1748.0,-0.07964720565147079,7.317500469755681,5.71900123755169,0.1846426173472502,0.6972411076155992,0.05343141487805198,0.005503436987822841,0.05946422107968993,0.17646101770740194,0.1092980982485118,7.953257961329928,0.6104976591166026,0.1653513007678397,0.5188935314853623,0.09643373932694448,0.0797867055242739,0.01897931742447749,0.051184604964113686,0.27600262379793944,0.14405208027510838
IR007_2,数据集/数据集/源域数据集/48kHz_DE_data/IR/0007/IR007_2.mat,12,IR,48k_DE,1748.0,-0.09986616659339889,7.335387142369833,5.6592820067066265,0.18220106207654277,0.6942216927547479,0.05626558833789598,0.005292100616160689,0.058771480185040255,0.1764232773927214,0.11039054057326486,7.927716156367007,0.6100573063311501,0.16564276873758133,0.5158467428028141,0.09510847153388391,0.07794109852424061,0.020471400448824326,0.051033306360536684,0.2726139225165604,0.14217985517727083
IR007_2,数据集/数据集/源域数据集/48kHz_DE_data/IR/0007/IR007_2.mat,13,IR,48k_DE,1748.0,-0.11711650397907719,7.458149078725042,5.650060840549101,0.18531404504669474,0.6877213468034774,0.05703368126152501,0.00523092469452412,0.05820244847848414,0.1749956260613952,0.11325416451438756,7.935286373375306,0.6088764923624898,0.16252146346252724,0.5114196923582545,0.09800440035280586,0.0730250039648409,0.02106626919194983,0.05100846116102259,0.27071677753353063,0.13979788458882403
IR007_3,数据集/数据集/源域数据集/48kHz_DE_data/IR/0007/IR007_3.mat,0,IR,48k_DE,1721.0,-0.14568138234017977,6.771559683237898,5.158636509972064,0.18366599523896723,0.6943683068253789,0.053330059804050804,0.005399503480648471,0.057214484568645016,0.19831572778490197,0.1399586738523237,7.222258574805428,0.6240139809970344,0.14539988979212498,0.5720923362249307,0.07535000144117279,0.10470314269694361,0.018866875421478843,0.04272346408129736,0.24227601354512515,0.2240796793710803
IR007_3,数据集/数据集/源域数据集/48kHz_DE_data/IR/0007/IR007_3.mat,1,IR,48k_DE,1721.0,-0.16803166965322083,6.756200362944752,5.324349766092586,0.18610755050967467,0.697070303628723,0.05495194694808895,0.005122472594270389,0.05613170257988087,0.19104628538340346,0.14295991409810002,7.000700474208473,0.6219286394765696,0.14869448884365682,0.5753468614985099,0.07370179820098426,0.10348331972376558,0.018621862689892077,0.04227206931230371,0.24529191262133615,0.22331444931487782
IR007_3,数据集/数据集/源域数据集/48kHz_DE_data/IR/0007/IR007_3.mat,2,IR,48k_DE,1721.0,-0.19004261899487432,6.808567082190681,5.3519859021568434,0.18494781175608863,0.7033466606930988,0.050733425356544716,0.0051655853609875475,0.059563091488420025,0.1930760491436465,0.13886832891139336,7.1630066506188,0.6231865216649297,0.14634186406947633,0.57940996040336,0.07518100135923987,0.10717949615049535,0.016353206491449307,0.042349859361528304,0.24920623272682468,0.2291475204608903
IR007_3,数据集/数据集/源域数据集/48kHz_DE_data/IR/0007/IR007_3.mat,3,IR,48k_DE,1721.0,-0.12517262622842654,6.829636248022689,5.275931396217195,0.18220106207654277,0.6921545785187583,0.0569901039965829,0.004984725206279784,0.05884100734568202,0.20008240976954647,0.14183822021070983,7.231922791079541,0.6254330366578463,0.1437113096091754,0.5620612351818299,0.07658577670134281,0.10934510480661329,0.0163623777712579,0.03947228195438678,0.2381245478024902,0.22845471660851763
IR007_3,数据集/数据集/源域数据集/48kHz_DE_data/IR/0007/IR007_3.mat,4,IR,48k_DE,1721.0,-0.13490666099722604,6.771986757149752,5.34934238357157,0.17994262345113837,0.6939573890218317,0.054863684093107046,0.004795572035600037,0.05937922993115853,0.20367964777622605,0.14325113143288848,7.2243649160709476,0.6265073830209352,0.1435061691817159,0.5583625301943194,0.07738008459618,0.10480262372209756,0.02047566635898287,0.0399561673656459,0.2377646572707763,0.22136831446637234
IR007_3,数据集/数据集/源域数据集/48kHz_DE_data/IR/0007/IR007_3.mat,5,IR,48k_DE,1721.0,-0.17101634840799518,6.742635424154188,5.467032725741819,0.17969846792406763,0.7023345052312081,0.04846942137895363,0.00509968587080565,0.05837705811826938,0.19750934540196233,0.1441487371453678,7.188094788292367,0.6235472751149989,0.1453876913084255,0.571137182366156,0.08160273356047289,0.10426656253769134,0.01866270903419905,0.0407176235898892,0.24580818416605085,0.22253977971952288
IR007_3,数据集/数据集/源域数据集/48kHz_DE_data/IR/0007/IR007_3.mat,6,IR,48k_DE,1721.0,-0.16317373806252017,6.839495238149502,5.488842126058004,0.18183482878593665,0.701680998958402,0.05248953819193862,0.005314767179472095,0.05941423541176061,0.19287903778785362,0.1411709493327009,7.109764680657347,0.6239211365207702,0.1477696612494812,0.570301507297088,0.0771395435140653,0.10633180520644096,0.01671635173941818,0.04432836299351631,0.24533422435946403,0.22033230163102202
IR007_3,数据集/数据集/源域数据集/48kHz_DE_data/IR/0007/IR007_3.mat,7,IR,48k_DE,1721.0,-0.1673364864483754,6.838752999493692,5.24946176282842,0.18348287859366416,0.7043518635069358,0.05175411634249026,0.005280733951204028,0.06199612979480086,0.19529146052141558,0.13489632299359966,7.135954795130038,0.624092582183043,0.1528450068819147,0.568664620547822,0.07785517390995765,0.11169941476857118,0.017325126756993613,0.039030217468325155,0.2510339637721592,0.21744354762960807
IR007_3,数据集/数据集/源域数据集/48kHz_DE_data/IR/0007/IR007_3.mat,8,IR,48k_DE,1721.0,-0.15029517805029272,6.733670843249784,5.23058142537429,0.18299456753952267,0.7102931142187217,0.04540131093763156,0.005564026007164933,0.05965120581614289,0.20261558683493205,0.13764632853926947,7.152397458303626,0.6252153210126916,0.15020379912298604,0.5695259406748403,0.07868254221590538,0.11270479863191077,0.017172245987207166,0.040359685268157953,0.2529098136907236,0.21629058949044702
IR007_3,数据集/数据集/源域数据集/48kHz_DE_data/IR/0007/IR007_3.mat,9,IR,48k_DE,1721.0,-0.1242866068365859,6.681396646876195,5.341192951047662,0.18189586766770433,0.7074516203992316,0.04959393694225991,0.005244057835432593,0.05959124973460384,0.2023366216993157,0.1377017813252947,7.097495418406586,0.6277561167182614,0.14770904921067488,0.5587430295672083,0.07653575508200124,0.10981258810438643,0.01862805074823528,0.03956832894785424,0.2440165001663881,0.21411841714774307
IR007_3,数据集/数据集/源域数据集/48kHz_DE_data/IR/0007/IR007_3.mat,10,IR,48k_DE,1721.0,-0.16273995537508779,6.747399664941194,5.3453318410271455,0.18433742293841177,0.6916482366191922,0.057615655670252355,0.005418977942609176,0.06081959063283127,0.19943896358608704,0.1424542969315139,7.145512230609911,0.6278253109057056,0.14419142857590736,0.5607052515523225,0.07693193440597085,0.10605074605916218,0.018298771646208127,0.03945565894867168,0.24091150067381178,0.2199400172970128
IR007_3,数据集/数据集/源域数据集/48kHz_DE_data/IR/0007/IR007_3.mat,11,IR,48k_DE,1721.0,-0.1823790489383357,6.841453194120295,5.354812342648423,0.18616858939144235,0.6937698291753749,0.054671314147090734,0.005321924160000866,0.0598606626428204,0.19663095831810626,0.14567859327992247,7.261013818285965,0.6242667527358559,0.1449769759811321,0.5741966617811273,0.0754964985399201,0.10737758646896221,0.016629351513435992,0.04024591363628125,0.24705136211299286,0.22750419715116393
IR007_3,数据集/数据集/源域数据集/48kHz_DE_data/IR/0007/IR007_3.mat,12,IR,48k_DE,1721.0,-0.12306542673212922,6.807260898682126,5.151100716357528,0.18049197338704756,0.6931553463269433,0.056135825614137706,0.005051630034655814,0.05900004769310003,0.19536101563474015,0.14595422540314745,7.306913194464259,0.6254952526594081,0.1458502722625782,0.5679954866964749,0.07397201293670408,0.1075419974085774,0.017123908577775456,0.039253177884828905,0.2448643509463889,0.2251085125517345
IR007_3,数据集/数据集/源域数据集/48kHz_DE_data/IR/0007/IR007_3.mat,13,IR,48k_DE,1721.0,-0.13065885912816758,6.708246486547661,5.470120795978836,0.17957639016053226,0.6918135362594758,0.056979666571249116,0.005296407666934126,0.059799689076227014,0.19902922116759955,0.14229716319737398,7.2485144607010765,0.6244403150195018,0.14545974147061988,0.5669474123407304,0.07468160119650616,0.105879119337576,0.019238516953444185,0.039986213988840516,0.24316443008809052,0.22293343577788738
IR014_0,数据集/数据集/源域数据集/48kHz_DE_data/IR/0014/IR014_0.mat,0,IR,48k_DE,1796.0,-0.088571371774725,12.551016805055985,7.425737843754807,0.16773484709760117,0.6171997292201787,0.05112760436506026,0.011466973665435401,0.025838753652860987,0.008163353633516163,0.005297689557879013,14.859273231860927,0.5209572863266422,0.09404579727120443,0.8555942931298265,0.09360726712707325,0.02314977117514565,0.17660032088824817,0.2722785391258486,0.2921366626776068,0.10125904454023618
IR014_0,数据集/数据集/源域数据集/48kHz_DE_data/IR/0014/IR014_0.mat,1,IR,48k_DE,1796.0,-0.1098780175423118,11.781852390596505,7.442461748594849,0.169321858023561,0.6267463855222639,0.04253785542885636,0.013020537756530977,0.023308332260370896,0.007875062718493562,0.005515005581762226,14.599850626154742,0.5328909415779972,0.09532577081682157,0.8321525830894265,0.11555893023570926,0.025844286333685698,0.17456829589809275,0.2644665862496507,0.27204881790672036,0.1102550316744635
IR014_0,数据集/数据集/源域数据集/48kHz_DE_data/IR/0014/IR014_0.mat,2,IR,48k_DE,1796.0,-0.1045424707632528,10.134303452728759,7.711893694282859,0.17133614112189466,0.6320842930263103,0.038106202867638474,0.01301876192751017,0.02230045497341162,0.00817247335213524,0.0058889353793645845,12.75081459475532,0.545443982424658,0.1032546787457357,0.8072860311234906,0.13438360241566163,0.027634406118835667,0.1499368690386767,0.25408258852953697,0.2567338931886573,0.13293799497502667
IR014_0,数据集/数据集/源域数据集/48kHz_DE_data/IR/0014/IR014_0.mat,3,IR,48k_DE,1796.0,-0.09011386471320645,10.059675599829532,7.883879349634788,0.17090886894952084,0.6296422478321568,0.04724531955831669,0.0138454572348204,0.01942255112818142,0.008229913454866627,0.006097980583085985,12.068037327743742,0.5392448957892985,0.10414007183153036,0.8349660335412915,0.11054701595462882,0.02847517569175128,0.15698486471325823,0.24438321675572997,0.2557234366590177,0.1572327779021965
IR014_1,数据集/数据集/源域数据集/48kHz_DE_data/IR/0014/IR014_1.mat,0,IR,48k_DE,1772.0,0.08585388798154821,21.099266565728414,11.049603474882062,0.16120368674845878,0.5648932258391948,0.08436671948111225,0.0076316246031109345,0.010070566489220202,0.010262107035768835,0.002620645610742866,22.072793744645622,0.4664761423807847,0.11616263466074524,0.9478702178557622,0.028086020195290797,0.009088845423955045,0.2534862047060438,0.2987465044935459,0.26977005416566335,0.11443657241032898
IR014_1,数据集/数据集/源域数据集/48kHz_DE_data/IR/0014/IR014_1.mat,1,IR,48k_DE,1772.0,0.06634014357631765,19.818874690937577,10.779745895355603,0.16053225904901422,0.568202452942177,0.08566873550800289,0.008984976991487597,0.01102369914157772,0.010996221559739507,0.0028852385180675867,20.343320000022498,0.4645718432887737,0.12262972597043541,0.947058902168522,0.026061098256992335,0.01061360110790026,0.2679270016463477,0.3018268761353091,0.25616720367573115,0.11003637713266948
IR014_1,数据集/数据集/源域数据集/48kHz_DE_data/IR/0014/IR014_1.mat,2,IR,48k_DE,1772.0,0.04794143010942883,19.643191640289547,9.124638563327128,0.16089849233962034,0.5613889609241507,0.09101592439510924,0.009117499933739358,0.012040822776552088,0.01052636806800978,0.002744142970187557,19.380923663383463,0.45583947634252003,0.10773866214658598,0.9526414356489243,0.022071726805137373,0.010816698876642567,0.2610267913497051,0.33878620441832413,0.25195820575935435,0.08633926086302435
IR014_1,数据集/数据集/源域数据集/48kHz_DE_data/IR/0014/IR014_1.mat,3,IR,48k_DE,1772.0,0.09726586779704383,20.34328869647905,9.387614621139113,0.16010498687664043,0.5575734280144294,0.09972148993218712,0.00954912998180777,0.012987766605939428,0.011390448992404621,0.002930465377262794,20.267317217128046,0.4513717598445669,0.12773177897691165,0.9522127353125626,0.02067641781006188,0.011742319906887993,0.2820072756671944,0.3300765588444013,0.24607967024016328,0.08222555260866013
IR014_1,数据集/数据集/源域数据集/48kHz_DE_data/IR/0014/IR014_1.mat,4,IR,48k_DE,1772.0,0.14722392588845246,17.499389018329843,9.099235959348901,0.16077641457608496,0.561494352725435,0.09026912632048173,0.010447399480532638,0.011665626311307215,0.011199097758494954,0.0028182517519801647,18.414294659017497,0.4686618718989137,0.12054298069284186,0.9396686607304032,0.030843685486729052,0.013131695209722728,0.25834407551809446,0.29636077249497256,0.27462826848832966,0.09708634982375883
IR014_1,数据集/数据集/源域数据集/48kHz_DE_data/IR/0014/IR014_1.mat,5,IR,48k_DE,1772.0,0.1897228646017085,19.151489650459446,8.61229457767395,0.16211926997497406,0.560134095345954,0.08200224351183028,0.009476818649034949,0.01029256327661756,0.010178371968810928,0.0027114824056802093,18.922544774461212,0.4552702571630968,0.1256690710892183,0.9491051341604105,0.026072915388187262,0.011352297604080235,0.2922547481355931,0.297981008818112,0.26296609943614735,0.08078400781377858
IR014_1,数据集/数据集/源域数据集/48kHz_DE_data/IR/0014/IR014_1.mat,6,IR,48k_DE,1772.0,0.20344792319039837,19.65533357864464,9.129790497987395,0.161936153329671,0.567775667127417,0.07719839353454437,0.010072171892113227,0.012728638565632382,0.012563088949128077,0.002887617121685415,20.196588824673768,0.4590897676586205,0.1254565297120268,0.9432657867945408,0.027319158809578994,0.012095624569741791,0.28882462005581266,0.3116771508416374,0.2432114255342237,0.08584409477391443
IR014_1,数据集/数据集/源域数据集/48kHz_DE_data/IR/0014/IR014_1.mat,7,IR,48k_DE,1772.0,0.20278104003273728,18.216219101821185,8.330478392848068,0.16120368674845878,0.5591830687667708,0.08633249572993429,0.008599885956804111,0.011064149201074515,0.010237829707704826,0.002610413917607175,18.37517829280434,0.4588860298788088,0.120433381268862,0.9477698913581576,0.02571592066615447,0.010373505230546476,0.2598422505026639,0.3348868176222411,0.24547874492864685,0.09799418613141306
IR014_1,数据集/数据集/源域数据集/48kHz_DE_data/IR/0014/IR014_1.mat,8,IR,48k_DE,1772.0,0.1721932229539297,17.081358722598285,8.05352851674426,0.16077641457608496,0.5626060975903294,0.08637612147421568,0.009412212850207312,0.011049111054205354,0.010582305641991318,0.0026527229210917733,16.19241270369549,0.456030591088107,0.129374995237651,0.9457037532863046,0.02787337618092649,0.010593398798180926,0.26799550979967357,0.3371173832318408,0.23704983391223045,0.09657110842490792
IR014_1,数据集/数据集/源域数据集/48kHz_DE_data/IR/0014/IR014_1.mat,9,IR,48k_DE,1772.0,0.16570934699973913,19.26334430607836,10.158627227452744,0.15912836476835746,0.5580237950661323,0.0957077462625051,0.008142716404615263,0.009643751776626006,0.008562020703885957,0.002486893485060018,18.808023194979366,0.45600120791105947,0.1224991532554652,0.9509888060015315,0.026304082438205385,0.009007412811327867,0.2784377772996544,0.32826639317198,0.23643439009761774,0.09524800957389734
IR014_1,数据集/数据集/源域数据集/48kHz_DE_data/IR/0014/IR014_1.mat,10,IR,48k_DE,1772.0,0.1555950998842478,18.482093580733256,9.895364067425543,0.158823170359519,0.5567444414609832,0.10039317635900416,0.008961239273200965,0.010556756323518723,0.009885468915198042,0.0027885939660718317,17.923284068188426,0.4537234360141349,0.1356572317839764,0.9488521127782401,0.025571125832185196,0.009497235903788905,0.2960410243940698,0.319308594533874,0.2317601206019225,0.08854403355824553
IR014_1,数据集/数据集/源域数据集/48kHz_DE_data/IR/0014/IR014_1.mat,11,IR,48k_DE,1772.0,0.10504740983440751,20.21785077537123,9.801819187689471,0.15943355917719587,0.5511013777802939,0.09256004816035635,0.007523948328636939,0.009768983784627424,0.009672790593726754,0.002603426295316836,20.053974115317214,0.4529045954275374,0.1281044659849811,0.9562874148574784,0.02133344285576921,0.008523219708059257,0.28199896203408836,0.30680345774716794,0.26021715036900267,0.09416794220316609
IR014_1,数据集/数据集/源域数据集/48kHz_DE_data/IR/0014/IR014_1.mat,12,IR,48k_DE,1772.0,0.08232551257827087,20.22749845918032,9.734844065954507,0.1584569370689129,0.5511615216143303,0.08792219715146898,0.007327018429302126,0.010479261774706709,0.009829448989037226,0.002565519513972145,20.105082020886933,0.4459597017208647,0.13554627037825365,0.9582075685663215,0.020086811165753154,0.008447590857842508,0.2990154799640798,0.3182559775760788,0.2444360975101967,0.08312652672151967
IR014_1,数据集/数据集/源域数据集/48kHz_DE_data/IR/0014/IR014_1.mat,13,IR,48k_DE,1772.0,0.038690478911447175,15.750988127993592,7.9879651968951775,0.15961667582249894,0.5602421355088278,0.09458895382219303,0.007919896511149617,0.012611323689031156,0.011437797402340985,0.0025517829105384244,15.761127563313963,0.46375106356438,0.1262095909417485,0.9413567137580242,0.030962229793960454,0.009772853441200574,0.2738575157015597,0.3056680060474526,0.2550876729523765,0.09224294822504352
IR014_2,数据集/数据集/源域数据集/48kHz_DE_data/IR/0014/IR014_2.mat,0,IR,48k_DE,1751.0,0.06716774384648165,19.119950578274345,9.906167720913462,0.1571751205517915,0.5804968066684574,0.06120571026786635,0.01104493863012004,0.015610711383410827,0.030224082747961654,0.0031513080340608395,20.63367979808612,0.4769586649472245,0.12772423899388463,0.9198431801982762,0.03670092552311153,0.013390107813672749,0.26211055026364455,0.29298398109033896,0.2544387791203847,0.09922616835282541
IR014_2,数据集/数据集/源域数据集/48kHz_DE_data/IR/0014/IR014_2.mat,1,IR,48k_DE,1751.0,0.07200736178514514,18.549169780409173,8.956413522390445,0.1579686260147714,0.5717262533210731,0.06481935465804531,0.009429115347906665,0.012574413363169227,0.024604808628254187,0.0029130438729581248,18.07772187112655,0.46448495972002896,0.12655570249544432,0.929895963516325,0.034633264078274426,0.011242245496993791,0.29361244351178845,0.3036588760198791,0.22970068637381225,0.08705967306899919
IR014_2,数据集/数据集/源域数据集/48kHz_DE_data/IR/0014/IR014_2.mat,2,IR,48k_DE,1751.0,0.06802874207622081,18.893514236184686,9.28864089075684,0.1607153756943173,0.5668584107151515,0.0714372279600845,0.008969157162451906,0.010874884930161257,0.02208383037945893,0.0028079658469712045,18.040106144195256,0.45919739860311587,0.12544440227834838,0.9344601894729305,0.03402131525918544,0.00967929086460187,0.29752823946688856,0.3161937391292984,0.2138575976195806,0.08620344439471646
IR014_2,数据集/数据集/源域数据集/48kHz_DE_data/IR/0014/IR014_2.mat,3,IR,48k_DE,1751.0,0.10440798413812419,19.463657429222064,9.596894795383673,0.1618751144479033,0.5721694541048319,0.0746709788116658,0.009693967860956497,0.012179266256645437,0.02260545350716335,0.0027986301762238943,19.541797689071853,0.46464264792982946,0.1260680406121587,0.9295259074221386,0.03658176733051535,0.010896561454178597,0.2838307731605868,0.31736364058975286,0.21645587554777487,0.09381403040386768
IR014_2,数据集/数据集/源域数据集/48kHz_DE_data/IR/0014/IR014_2.mat,4,IR,48k_DE,1751.0,0.1409743172046125,18.794356213747093,9.113728219957926,0.15992187023133736,0.564814238822235,0.0845746891137046,0.009124263696523935,0.011635812514630028,0.02033344975639548,0.002609220009811341,18.94252103394675,0.4662985204494204,0.11419882754419339,0.9323021303704925,0.03633092034449936,0.010577002253650488,0.2632589894419944,0.32185035536378964,0.23145983489964111,0.09872784521727355
IR014_2,数据集/数据集/源域数据集/48kHz_DE_data/IR/0014/IR014_2.mat,5,IR,48k_DE,1751.0,0.2022709176861224,23.745954861041692,10.676214668221421,0.1593725202954282,0.5641928367557149,0.0802429009306619,0.008972216988067622,0.011514380381829755,0.01935736498054258,0.002580194011990012,24.722960032095756,0.4603718758217707,0.11970713702429144,0.9384410891128635,0.03245516899897833,0.009981770439476768,0.2849626807026493,0.3173863629549549,0.2263834147826872,0.09145309074172031
IR014_2,数据集/数据集/源域数据集/48kHz_DE_data/IR/0014/IR014_2.mat,6,IR,48k_DE,1751.0,0.23561173522645587,22.601376439141184,10.937990572485779,0.15961667582249894,0.5718532675920837,0.06623550357475459,0.009590817378219894,0.011560413107021668,0.021275558740551207,0.002700904023823037,23.991563818748602,0.4666566548585393,0.11984164537090562,0.9333158112907992,0.036433194984038526,0.010676936813028608,0.2767598605630347,0.3118415254244816,0.2306570308630895,0.1001928233345789
IR014_2,数据集/数据集/源域数据集/48kHz_DE_data/IR/0014/IR014_2.mat,7,IR,48k_DE,1751.0,0.2040966645663532,21.362275799801367,10.447843121843468,0.15949459805896357,0.5747214204159198,0.06863673088984126,0.00883484553328561,0.011949579040541412,0.02174385416810337,0.0026975304759160627,22.51776596562174,0.4639429929287416,0.12070302258165563,0.9329096232371343,0.03678581914698475,0.010096656016437408,0.2780799326548186,0.32124920851098676,0.22455929784100795,0.10083481590900305
IR014_2,数据集/数据集/源域数据集/48kHz_DE_data/IR/0014/IR014_2.mat,8,IR,48k_DE,1751.0,0.16882141599538752,21.254733408477527,10.16760677949341,0.1585179759506806,0.5667521726614738,0.07019573774880135,0.007898375058349569,0.01081793988679668,0.02049865118256116,0.0026841434486614434,21.19548021463898,0.4498351044108456,0.1268043757531223,0.9435289802445509,0.02783428450966148,0.00876625827770561,0.29597485885115377,0.33743041367765686,0.21826497539157677,0.08346179615051634
IR014_2,数据集/数据集/源域数据集/48kHz_DE_data/IR/0014/IR014_2.mat,9,IR,48k_DE,1751.0,0.12809889625051563,19.112690453710652,9.073888980778552,0.15943355917719587,0.5695609315411396,0.06122098617770853,0.008961981013512857,0.011850238147439334,0.02130424074536543,0.00305095463295703,18.285775057881587,0.451874579721446,0.13075941259361437,0.9405859561839401,0.028504885984280543,0.010127594128093408,0.29679680804018066,0.3309289102340538,0.22158241539659407,0.07864873940800292
IR014_2,数据集/数据集/源域数据集/48kHz_DE_data/IR/0014/IR014_2.mat,10,IR,48k_DE,1751.0,0.07525408956040114,19.947323995944686,9.820861013457305,0.16010498687664043,0.5771717288961374,0.07645196926722735,0.010317697421002688,0.014580996817914997,0.026563294473924876,0.003352263895696946,21.556221652814003,0.472427340135563,0.12479001845599105,0.9208036714573365,0.03958248771849121,0.012962711925659131,0.28076641057920054,0.2955730095640459,0.23470622172886682,0.0937211802011248
IR014_2,数据集/数据集/源域数据集/48kHz_DE_data/IR/0014/IR014_2.mat,11,IR,48k_DE,1751.0,-0.0031602821929452244,18.299026121161894,9.010890345608466,0.15857901483244827,0.5748183227745014,0.07843822287397023,0.01011966768744638,0.01430038254579481,0.025964261014138346,0.0031334220874701447,19.191810903181253,0.47487871438626084,0.11761900378701881,0.9193659840106047,0.04172697328126091,0.013179303477019866,0.27532923671417897,0.2811696073017639,0.257190180353485,0.09426114953911893
IR014_2,数据集/数据集/源域数据集/48kHz_DE_data/IR/0014/IR014_2.mat,12,IR,48k_DE,1751.0,0.02508193243639479,20.114822630106715,9.820316407104714,0.1585179759506806,0.5661073301424578,0.08213657924035765,0.008687038992694096,0.012634586785592527,0.02261688160428622,0.002833461330437532,20.3621288562813,0.466573744973172,0.11569647115081641,0.9267467422161086,0.03779834425773194,0.011241477818798869,0.2870594958717262,0.2922638344400394,0.25176276249629664,0.08535320366170729
IR014_2,数据集/数据集/源域数据集/48kHz_DE_data/IR/0014/IR014_2.mat,13,IR,48k_DE,1751.0,0.05238056685466682,20.44499393135722,10.339330365443667,0.16095953122138804,0.5746283237390571,0.07713599658500588,0.009150286688016084,0.013068113348491749,0.023530708586330894,0.0027983507768087547,22.043699996263204,0.4683595176574679,0.11612874825604919,0.923341919968312,0.03951208616134567,0.01227205240841396,0.2840361167353288,0.3088223595926043,0.235076006594047,0.08405645455988735
IR014_3,数据集/数据集/源域数据集/48kHz_DE_data/IR/0014/IR014_3.mat,0,IR,48k_DE,1726.0,0.3067580076145158,6.653685733350465,4.20034484112455,0.23597631691387413,0.3617934368758911,0.4118255130924893,0.00907299952407243,0.0026736685293710784,0.006784401487109953,0.6824201120333602,3.9644782049537075,0.4737471238050704,0.23330694234721402,0.4994903462665785,0.018315308416826125,0.03421909552081423,0.2522540479728176,0.11059567963318463,0.08453448406872753,0.036395220701041044
IR014_3,数据集/数据集/源域数据集/48kHz_DE_data/IR/0014/IR014_3.mat,1,IR,48k_DE,1726.0,0.2238612341804696,6.583412229461451,6.192782268683368,0.2360983946774095,0.4057225609148354,0.36744221215703354,0.008666438399068678,0.0027473263872093154,0.016175117250308506,0.6086928043259854,4.471297527683234,0.48775400490686877,0.14939785478058487,0.6431600102323168,0.020212095355914648,0.024432592756074775,0.2961023604700474,0.1870726553664947,0.11061897585468601,0.03447060457263318
IR014_3,数据集/数据集/源域数据集/48kHz_DE_data/IR/0014/IR014_3.mat,2,IR,48k_DE,1726.0,-0.031864130682895495,17.468780227623466,9.663334436352015,0.16224134773850943,0.570638464403187,0.0657408146282933,0.009149599196424366,0.01174244002074477,0.07054034628529546,0.00339929797864791,20.20578240213947,0.4690351218324791,0.13238389079706317,0.9017811126161988,0.035974593633973685,0.010163926768804928,0.31889967375825873,0.31727352171805784,0.18743966000797704,0.06432278232359828
IR014_3,数据集/数据集/源域数据集/48kHz_DE_data/IR/0014/IR014_3.mat,3,IR,48k_DE,1726.0,0.10535059652737785,17.137422583807744,9.455134229648623,0.14759201611426478,0.566507037119446,0.0612113931324138,0.007003188937126729,0.012119950296012656,0.06851040102232071,0.0021481319543216774,19.23348597263029,0.46775550009830075,0.13368155757983216,0.9073238089875628,0.03454363097825551,0.008736006254260346,0.31164801586890917,0.31816212298492297,0.18967423507777514,0.0724046977980456
IR014_3,数据集/数据集/源域数据集/48kHz_DE_data/IR/0014/IR014_3.mat,4,IR,48k_DE,1726.0,0.13412325486635424,15.923706013777371,9.241582594173863,0.147164743941891,0.5696682415188646,0.06101334910582217,0.007579777792901968,0.011906823534810386,0.0735383295394195,0.0021301379952334827,18.086387266142044,0.47024684465982053,0.13998790102034384,0.9021215154501213,0.03634257756139556,0.009169705980335608,0.30347087074130064,0.30845636030111745,0.20760237271037524,0.07076220214567334
IR014_3,数据集/数据集/源域数据集/48kHz_DE_data/IR/0014/IR014_3.mat,5,IR,48k_DE,1726.0,0.1783041376135675,17.83064861948311,10.074458830980848,0.14685954953305255,0.5696185402744329,0.061836661696103974,0.007557474890359838,0.01091838264899423,0.06885472561713307,0.0022417679619174857,20.44626606814354,0.46678303206105687,0.13050054985905946,0.909943085737564,0.0344073201064904,0.008849989578754046,0.29321491306876685,0.3154438546505661,0.22490422677957353,0.06559376920813255
IR014_3,数据集/数据集/源域数据集/48kHz_DE_data/IR/0014/IR014_3.mat,6,IR,48k_DE,1726.0,0.2335965065770071,19.60104274427745,10.097970012762206,0.14905694927668925,0.5647885886919044,0.07011552145302617,0.006813808208840588,0.010130166764048508,0.06771200306425358,0.0022447071114673994,21.472046043372604,0.46059650082764725,0.1313177011216674,0.9175384840632786,0.029470974577396395,0.008735441912609571,0.3041114296780241,0.3216097874331107,0.21459153537556447,0.06407368914003059
IR014_3,数据集/数据集/源域数据集/48kHz_DE_data/IR/0014/IR014_3.mat,7,IR,48k_DE,1726.0,0.15832768740328673,16.363662374958572,9.14047156785516,0.14917902704022462,0.5706760327469577,0.07665699382759872,0.007819444680587114,0.012709240568658832,0.08034199500376576,0.002159402455975346,18.44310683502917,0.47280499158676403,0.1380127566090832,0.8964188860940149,0.03804909693594289,0.010566697700099997,0.3173694357187068,0.30334544040911354,0.1945423046305687,0.0674407823762308
IR014_3,数据集/数据集/源域数据集/48kHz_DE_data/IR/0014/IR014_3.mat,8,IR,48k_DE,1726.0,0.08486712532708263,13.614546758780335,8.649975721729541,0.14679851065128488,0.5744503087195848,0.07643529005441087,0.007861888838762396,0.012898909386207373,0.08186918577441359,0.002145503458910447,15.805585376050677,0.48642691857225184,0.1280795418689623,0.8822347221714611,0.044090698919927895,0.0099898754908465,0.29001228551053687,0.3044822921908575,0.20036668265431093,0.07487301704264894
IR014_3,数据集/数据集/源域数据集/48kHz_DE_data/IR/0014/IR014_3.mat,9,IR,48k_DE,1726.0,0.05848525368901139,13.506167714984901,7.996249762311613,0.14594396630653728,0.5746602334804926,0.06875556313163439,0.006874827218472265,0.013752677274233703,0.08175696840533127,0.0022164300742410384,14.893727226256496,0.47955386371827907,0.13423079651082065,0.8864767943024668,0.041243966436887304,0.009713324515668831,0.2976596982057948,0.314563893572843,0.19282949201186575,0.06822859867331825
IR014_3,数据集/数据集/源域数据集/48kHz_DE_data/IR/0014/IR014_3.mat,10,IR,48k_DE,1726.0,0.0313295345734217,15.007394791834969,9.000582790523403,0.14740889946896174,0.5807047975844613,0.05714635752231117,0.007116933433993744,0.015088089370516648,0.08684083458932018,0.00234699142174274,17.42896893215433,0.48714916337874675,0.1272715661113278,0.8803212270613138,0.04386112028538832,0.011984614468386277,0.3014520510113215,0.28987497807683643,0.20914565503854315,0.06688891102228481
IR014_3,数据集/数据集/源域数据集/48kHz_DE_data/IR/0014/IR014_3.mat,11,IR,48k_DE,1726.0,-0.0017878762889820753,14.964752258616986,9.649114001076946,0.14856863822254776,0.5799626278940266,0.054793345881613734,0.007544784142496363,0.012273602883540456,0.08164467768415798,0.0023745548954151553,18.835364447995786,0.4936436013349782,0.1150313909576253,0.8818606596883087,0.04819049804346053,0.01159848569609362,0.2705691342439763,0.2910142447132521,0.22929435142267,0.0771423234205269
IR014_3,数据集/数据集/源域数据集/48kHz_DE_data/IR/0014/IR014_3.mat,12,IR,48k_DE,1726.0,0.02692960620282771,12.928675330866954,7.523841048978822,0.14826344381370934,0.5778158811636049,0.052599828551759376,0.00816839936718791,0.011474451592469894,0.08203453942981628,0.0024293487947629256,14.16884643370494,0.49258901213711614,0.12411517764946875,0.8813241058784292,0.04678891652747676,0.011373646926413933,0.2678555016174475,0.3002246605146736,0.22174612743329916,0.08125963864497487
IR014_3,数据集/数据集/源域数据集/48kHz_DE_data/IR/0014/IR014_3.mat,13,IR,48k_DE,1726.0,0.09609618724394561,17.428898700453754,9.352164008649689,0.1475309772324971,0.5725244706674871,0.060471603137806355,0.007196898096930599,0.010604414520519363,0.06987660554122821,0.0024150421647461695,19.017908783118457,0.473266445844597,0.12976841101761094,0.9059100712737664,0.03764857187546821,0.009722811613674696,0.2950252984607505,0.31209311702850845,0.20837652090387637,0.07590563044276172
IR021_0,数据集/数据集/源域数据集/48kHz_DE_data/IR/0021/IR021_0.mat,0,IR,48k_DE,1796.0,-2.7025392368092355e-05,4.225794078182469,4.713595618787193,0.16175303668436794,0.5935386533208463,0.05928337961848659,0.02085871762981589,0.030113480649930153,0.0284749070485959,0.0012366875762337094,4.302870079012535,0.5436094585201617,0.13114243973284626,0.8225824446010663,0.07326484479632615,0.05747873883844364,0.1215805356837458,0.18786807059505786,0.3511691223392923,0.15958775142572912
IR021_0,数据集/数据集/源域数据集/48kHz_DE_data/IR/0021/IR021_0.mat,1,IR,48k_DE,1796.0,0.002597567814751645,4.136108628105395,4.477497100555944,0.1628517365561863,0.585126626121366,0.06011067538180586,0.020805465972581788,0.029123319342832587,0.02655378639614786,0.0011702349774353972,4.165716783849185,0.5429821300565986,0.13566101114511112,0.8278071594631218,0.07027621581695667,0.0569892183913743,0.12452350074001312,0.1922775502299759,0.3416914158933175,0.16554366078717303
IR021_0,数据集/数据集/源域数据集/48kHz_DE_data/IR/0021/IR021_0.mat,2,IR,48k_DE,1796.0,0.00229738233913575,4.175854059909829,4.573989974945135,0.16144784227552952,0.5909056398155907,0.05962970981610945,0.021046177029941677,0.02831213521838385,0.02921424410950924,0.0011869712664672129,4.216947550560286,0.5480255260671703,0.13747919300879782,0.8180682197125035,0.07621034718254124,0.0608286155766023,0.10700547364004664,0.1713681884148613,0.3745847387168284,0.15937218480346357
IR021_0,数据集/数据集/源域数据集/48kHz_DE_data/IR/0021/IR021_0.mat,3,IR,48k_DE,1796.0,-0.017881348224286404,4.025688407463894,4.642916454856548,0.1598608313495697,0.5910187467563267,0.05673860049250176,0.021238210632789044,0.02989162771900825,0.030044306599037045,0.001243751226650854,3.9302336211842155,0.5429390851827829,0.13429231176612375,0.8216718323360742,0.0714162454508453,0.06056970287338687,0.13291957795013923,0.16701729890490727,0.3558769452851284,0.16093728173673522
IR021_0,数据集/数据集/源域数据集/48kHz_DE_data/IR/0021/IR021_0.mat,4,IR,48k_DE,1796.0,-0.038578530277884944,4.088069173108977,4.618336351676159,0.1610205701031557,0.5862835776745358,0.054211463707383015,0.020436993006559424,0.028763613900527615,0.027467234437128753,0.0011908384745919509,3.9374346642281886,0.5416426429416471,0.12826440242238868,0.8331323955552504,0.06719287253423038,0.05496850530798626,0.13716057923025535,0.19414239390882537,0.3247970984292615,0.1737303557467299
IR021_0,数据集/数据集/源域数据集/48kHz_DE_data/IR/0021/IR021_0.mat,5,IR,48k_DE,1796.0,-0.04306179391613778,4.0336991974675795,4.5850311531266845,0.16163095892083257,0.5933564192579746,0.05600747498745555,0.020608425634744885,0.027073183879618698,0.029503552815475422,0.0012197520272586905,3.9539349908415105,0.5493819593426706,0.13346920220449685,0.814792724040162,0.07936243674862781,0.06256403915003549,0.11318485449809407,0.1713043574492106,0.3603801637547388,0.16649782120581025
IR021_0,数据集/数据集/源域数据集/48kHz_DE_data/IR/0021/IR021_0.mat,6,IR,48k_DE,1796.0,-0.03633352974772036,4.02998668676638,4.872698244343456,0.16254654214734787,0.5896098817407616,0.053504227457369,0.01899477289994298,0.026575652242808574,0.027922552635519928,0.0012521025012033264,4.017679708136204,0.5364147377827698,0.14575927613030548,0.8234841555409194,0.07473704577872184,0.05913618718568157,0.13055853779074533,0.15721186151622485,0.3784464258023695,0.1532951628422686
IR021_0,数据集/数据集/源域数据集/48kHz_DE_data/IR/0021/IR021_0.mat,7,IR,48k_DE,1796.0,-0.04022678222679308,4.377812561136885,4.869653813098626,0.16211926997497406,0.5824342599955158,0.05525580018911716,0.01918699886786089,0.027003375831297714,0.025430052855770328,0.0012330087246480098,4.7739106696541995,0.5366631138949016,0.13496856997927353,0.8386875972030744,0.06690788419069792,0.05316026132818299,0.14783490468609367,0.17189048598979262,0.3480681315590066,0.16603010324678522
IR021_0,数据集/数据集/源域数据集/48kHz_DE_data/IR/0021/IR021_0.mat,8,IR,48k_DE,1796.0,-0.04942855194600919,4.732065498145593,5.284600883199464,0.16126472563022645,0.5905537659354102,0.05746069526786342,0.018650227600757803,0.024644931681570573,0.02729776815256583,0.0012586454666435548,5.729653401699563,0.537791011441962,0.1388243975126244,0.832095026341227,0.07424574228250512,0.0542885438228587,0.1345587777509644,0.150141716697371,0.38467298662047056,0.1567982805030092
IR021_0,数据集/数据集/源域数据集/48kHz_DE_data/IR/0021/IR021_0.mat,9,IR,48k_DE,1796.0,-0.05542325693800699,4.51507162278612,5.25066473854741,0.1610816089849234,0.588228969955663,0.06038907177904415,0.01818752648358578,0.027136652039985932,0.026083276431930293,0.0012366833375448785,5.173942491652645,0.5356239856892007,0.13384903684133184,0.838109459421598,0.06825538402182885,0.05266503787425916,0.14268826228602563,0.17935124166504512,0.35516415365593207,0.15439275557257345
IR021_0,数据集/数据集/源域数据集/48kHz_DE_data/IR/0021/IR021_0.mat,10,IR,48k_DE,1796.0,-0.057207351776275006,4.197853443538369,4.511596029653386,0.16120368674845878,0.5797632977822544,0.06310003300486158,0.017607294089630573,0.027012844751971715,0.02434389668827093,0.0011450272976618351,4.197972426350506,0.5389708946720195,0.13037365492510017,0.8401940457211416,0.06619838222376145,0.04916312495590109,0.13309788717327087,0.19030027039078834,0.3350850477846951,0.17750294438604858
IR021_0,数据集/数据集/源域数据集/48kHz_DE_data/IR/0021/IR021_0.mat,11,IR,48k_DE,1796.0,-0.054960852499216076,4.261108624475445,4.471709834621312,0.161936153329671,0.5884228616100987,0.057480758307953114,0.018875807083022042,0.025975323349572123,0.027297998184841046,0.001185284848907734,4.235230065511747,0.5455305616554514,0.1294641921393856,0.8287620457129321,0.0732639948812792,0.05310408836884332,0.12316871298466361,0.15624510500439073,0.3718584840240096,0.17245703878312849
IR021_0,数据集/数据集/源域数据集/48kHz_DE_data/IR/0021/IR021_0.mat,12,IR,48k_DE,1796.0,-0.05032230307734774,4.296739015366085,4.832955713023026,0.16181407556613564,0.5848704932127995,0.058982851436738426,0.019189576001271393,0.028900374152204533,0.027137112331863996,0.001199182156597722,4.354075334580115,0.5376627730315247,0.12510936186145766,0.8343133319215572,0.06704308291364662,0.055633471608959484,0.12823716222819725,0.20474712853516586,0.33947265300388685,0.1562946254089023
IR021_0,数据集/数据集/源域数据集/48kHz_DE_data/IR/0021/IR021_0.mat,13,IR,48k_DE,1796.0,-0.03867774184553779,4.210182074100674,4.7325752392869695,0.16126472563022645,0.580399528864524,0.056519521340048895,0.019951501968488605,0.030460777121753064,0.025705160958781125,0.001122571710654868,4.122525501445802,0.5412917408863116,0.12809478472469935,0.8317291038428947,0.0662921012773827,0.05452438722780006,0.10868998135966512,0.2192685968676019,0.32535310435820847,0.17438227472192544
IR021_1,数据集/数据集/源域数据集/48kHz_DE_data/IR/0021/IR021_1.mat,0,IR,48k_DE,1774.0,0.017265164358557104,3.76941138171716,4.694640006873421,0.16218030885674176,0.5436266061490257,0.10568734515059423,0.010613218224540652,0.013011747214056972,0.01669697317527882,0.0007937707323116723,4.299105327187411,0.5232564198016109,0.11356225848155029,0.8699998599969826,0.06318419669718751,0.035817247344576586,0.16997030647933434,0.2557999059642913,0.24374738625390616,0.189760698243622
IR021_1,数据集/数据集/源域数据集/48kHz_DE_data/IR/0021/IR021_1.mat,1,IR,48k_DE,1774.0,0.02013881140827808,3.9933823674735964,4.613996793825357,0.161936153329671,0.5388087738138494,0.10291407566908663,0.01153403436905048,0.014253588914789233,0.01625627111902755,0.0007901911629491075,4.645582180057806,0.5120447345248725,0.12834164673908802,0.8807307014772545,0.054751622498672006,0.03469372906754385,0.17808197624119124,0.2929736335716288,0.23065714807198812,0.17123710861974348
IR021_1,数据集/数据集/源域数据集/48kHz_DE_data/IR/0021/IR021_1.mat,2,IR,48k_DE,1774.0,0.01017588949199732,3.8433729539229446,4.555013489863384,0.16175303668436794,0.5447474797149511,0.09046538890301455,0.012047367495892865,0.01371887174171578,0.01786351509872879,0.0008181143704743244,4.529047688356813,0.5232561498355444,0.12163659481178031,0.8707725971161624,0.060448616504313636,0.03788346104062498,0.15265319152534215,0.26689858190272087,0.2560694750989492,0.190051615667784
IR021_1,数据集/数据集/源域数据集/48kHz_DE_data/IR/0021/IR021_1.mat,3,IR,48k_DE,1774.0,0.01599827704341263,3.5478030053683063,4.381115264299015,0.16120368674845878,0.5450983033356784,0.0824890721800239,0.01142146721626751,0.013226521769267717,0.017106104342403197,0.0007929298737418106,4.01061499688119,0.5266224570148049,0.1081338522775887,0.8687833610096649,0.06142931979927665,0.03899708244841083,0.1777722642136728,0.23521200585597976,0.25492655359974814,0.1938385077597166
IR021_1,数据集/数据集/源域数据集/48kHz_DE_data/IR/0021/IR021_1.mat,4,IR,48k_DE,1774.0,0.02678200094274252,3.710448848493641,5.494139750561459,0.16181407556613564,0.5463910734423976,0.079555959277822,0.011709537382239454,0.014365034014869313,0.018094675907244423,0.0007657640298580436,4.8838687183612155,0.5288221621937675,0.1204726812368755,0.8603837710880986,0.06516982575782752,0.042176267255062634,0.14520534533761442,0.27151247705065906,0.25013592090672504,0.1861490144523508
IR021_1,数据集/数据集/源域数据集/48kHz_DE_data/IR/0021/IR021_1.mat,5,IR,48k_DE,1774.0,0.021057105913627226,3.8138397529512265,5.302177017566241,0.16218030885674176,0.5414328691935761,0.0992082309323049,0.009849612492842257,0.012882281554702743,0.01659285674364787,0.0007491918623682352,5.018835251998501,0.51781536090691,0.12198334880692603,0.8737612325549187,0.06261073713963979,0.03433794444101169,0.1436637332870268,0.29077890804665046,0.2466881788687639,0.18541697585360362
IR021_1,数据集/数据集/源域数据集/48kHz_DE_data/IR/0021/IR021_1.mat,6,IR,48k_DE,1774.0,0.009997981364470117,3.796566786734057,4.780593548582535,0.16138680339376182,0.5384810865265504,0.10374418962809391,0.00974832235259576,0.01282723466406322,0.01586282855766139,0.00069623539572323,4.693405708801002,0.5133078256088246,0.11744495490519576,0.8767021468074622,0.060584901806582915,0.0337348078321655,0.1604554138690505,0.28606615109244504,0.23738205742616691,0.18625130673201812
IR021_1,数据集/数据集/源域数据集/48kHz_DE_data/IR/0021/IR021_1.mat,7,IR,48k_DE,1774.0,0.017017786432279376,3.7496674106880987,4.791154882598375,0.16169199780260027,0.5413488319242227,0.09933303012262756,0.010949656386059926,0.013294508494993543,0.017320133515677082,0.0007604014648334088,4.640629234437388,0.5255597045350863,0.10075392580058778,0.8629572196693348,0.06685130906414595,0.038800330608120596,0.13878638397735205,0.25958166768341556,0.26702227080961455,0.19067539342659084
IR021_1,数据集/数据集/源域数据集/48kHz_DE_data/IR/0021/IR021_1.mat,8,IR,48k_DE,1774.0,0.022625059931822185,4.021234982111943,5.081461340095592,0.16175303668436794,0.5358757833829233,0.11014781121881621,0.010700092395318753,0.013800611760968631,0.016338679530773906,0.0007174814116576905,5.17368477270298,0.5096845373144714,0.11592941010206492,0.8781496008161341,0.05665517146207407,0.0365249092126091,0.14341010199172036,0.31378641319929285,0.2414549598435735,0.1728551658501294
IR021_1,数据集/数据集/源域数据集/48kHz_DE_data/IR/0021/IR021_1.mat,9,IR,48k_DE,1774.0,0.014894481287953476,4.204306013261462,5.0425835150092615,0.16089849233962034,0.5405655347715176,0.10776528109216012,0.010298159361412885,0.012400662423533847,0.01582430842550031,0.0007417173517560833,5.467327139035947,0.5097222073119534,0.1174322886850544,0.8872728081496055,0.053294098551056386,0.03236685144482891,0.15401563936204857,0.29257607762131943,0.24508824473932653,0.18753834126208843
IR021_1,数据集/数据集/源域数据集/48kHz_DE_data/IR/0021/IR021_1.mat,10,IR,48k_DE,1774.0,0.029020917679626456,4.0085848739580685,4.81656307379362,0.16120368674845878,0.5363361969039611,0.1062170023442765,0.009699535508497522,0.012632066307339053,0.014763501397186171,0.0007563733372261325,5.120886744115503,0.5034745513825529,0.12890056369818145,0.887431313632374,0.05406167168786145,0.031369311922000084,0.16367052323583944,0.29827408405946326,0.2368489626660103,0.18186360954151914
IR021_1,数据集/数据集/源域数据集/48kHz_DE_data/IR/0021/IR021_1.mat,11,IR,48k_DE,1774.0,0.043296662402381836,4.033494822630656,4.903677189985388,0.1615088811572972,0.5349485238020512,0.11190928477903649,0.009621635839378638,0.013281716970087083,0.015832051411809687,0.0007831446958063313,5.064596056382434,0.5096400257519503,0.1310788946502664,0.8792755883038483,0.058858407530145394,0.0330182586836806,0.13749989011055674,0.2943076270180086,0.2524424756788693,0.18695243463544883
IR021_1,数据集/数据集/源域数据集/48kHz_DE_data/IR/0021/IR021_1.mat,12,IR,48k_DE,1774.0,0.02863518071169694,3.8436455296927377,4.80146031652658,0.16218030885674176,0.5339981413054871,0.10961386766556247,0.008455221406866895,0.012112772990054555,0.014875686923410842,0.0007390026453058896,4.697553407416999,0.5052873567656949,0.13938365200992833,0.8840579752401083,0.059035826453172846,0.029539743181676643,0.15171251584733167,0.30638058404029406,0.23043801406755846,0.18591080780607122
IR021_1,数据集/数据集/源域数据集/48kHz_DE_data/IR/0021/IR021_1.mat,13,IR,48k_DE,1774.0,0.023897767425234147,3.6408170544296827,4.785174676420975,0.16138680339376182,0.5293776459254205,0.11533728460964471,0.008601460286494958,0.011388025539292706,0.014492242204498735,0.0006841761050942119,4.241546835870694,0.5029261647701676,0.137807020921689,0.8861396456601099,0.05688691978802348,0.030232821474858583,0.13452068889919608,0.29787542734753836,0.2580432372183645,0.19067418084018922
IR021_2,数据集/数据集/源域数据集/48kHz_DE_data/IR/0021/IR021_2.mat,0,IR,48k_DE,1752.0,0.053687478544787635,3.819397871115841,4.449430659170353,0.15992187023133736,0.47884857155457,0.19753623662768222,0.004355853549415708,0.007547546071110292,0.009306785487758339,0.0004204981949910433,4.157522728538857,0.45575793184110863,0.1744310852563394,0.9328009868539394,0.03370843879600159,0.015225978227600724,0.2748948576153332,0.30527676097174616,0.16834367014418783,0.1769964048925505
IR021_2,数据集/数据集/源域数据集/48kHz_DE_data/IR/0021/IR021_2.mat,1,IR,48k_DE,1752.0,0.05600397065113135,3.8439696705779296,4.471046181954957,0.16041018128547885,0.4738119550522295,0.20328246138473227,0.004587991786274322,0.007293983450072685,0.009849984586268373,0.0004348534808640558,4.284436322732784,0.4597552078662637,0.18586918447986692,0.9259575992983835,0.038557993060507986,0.016321538371746994,0.2554911138558373,0.32242134860022953,0.16511404790136638,0.17568466617639492
IR021_2,数据集/数据集/源域数据集/48kHz_DE_data/IR/0021/IR021_2.mat,2,IR,48k_DE,1752.0,0.05376310780653345,3.74579420245927,4.590912212541513,0.16034914240371118,0.4777752534309443,0.19987370644737557,0.004883516223760576,0.008087680414433885,0.009996232534973174,0.00045212870302778653,3.9831161319232646,0.45581323556022485,0.19868223757553602,0.9279197049342691,0.03515326724769865,0.016806058666384526,0.2551380536127163,0.3387840034879084,0.15575912402050116,0.16965309773667667
IR021_2,数据集/数据集/源域数据集/48kHz_DE_data/IR/0021/IR021_2.mat,3,IR,48k_DE,1752.0,0.05963491064688883,3.692638636191584,4.234464373263348,0.16047122016724655,0.4803020216187916,0.1986936023018961,0.004776721794896473,0.008358241783008433,0.00963123431914035,0.0004536055654515563,3.844602063558954,0.46527983410973867,0.18849977284511404,0.9231620790094259,0.03783101089246148,0.01726370814870755,0.2588386812667625,0.29911440306133885,0.1675139700790494,0.18765634035090387
IR021_2,数据集/数据集/源域数据集/48kHz_DE_data/IR/0021/IR021_2.mat,4,IR,48k_DE,1752.0,0.06294342160939707,3.620252082010525,4.032491984055692,0.16175303668436794,0.4747138682313916,0.2128166230679998,0.004301732380513644,0.0071556998485102705,0.008357625128033225,0.00042046548020421555,3.735375478860159,0.462826915571693,0.1781792070132184,0.9270244008354205,0.03827599430127389,0.01554334723584209,0.2598394770801862,0.2882578197884886,0.17218351643433955,0.19717271605470535
IR021_2,数据集/数据集/源域数据集/48kHz_DE_data/IR/0021/IR021_2.mat,5,IR,48k_DE,1752.0,0.06223357186790984,3.577605385528238,3.9736872510653436,0.16163095892083257,0.4737606102966772,0.20854176274331768,0.004172600838924349,0.007023343131189302,0.007925245634785588,0.00041485315783768993,3.558746142808445,0.46153721928999325,0.17493190144974097,0.9293847046890853,0.037070160848646734,0.015255704589227823,0.2720711059449273,0.28005048490971957,0.17741890209703481,0.19166240365558085
IR021_2,数据集/数据集/源域数据集/48kHz_DE_data/IR/0021/IR021_2.mat,6,IR,48k_DE,1752.0,0.06519295623838585,3.615074715809733,4.175151110919095,0.16047122016724655,0.4778424815588695,0.19629217052435163,0.004699689832321963,0.007501153617058132,0.008999976715335785,0.0004369363813853188,3.5999873139277856,0.4619864232881859,0.18190330261825596,0.9273284454937252,0.036625200748696754,0.016709430556883273,0.26250103892884685,0.3023652457322366,0.16981747463718289,0.18571937297150806
IR021_2,数据集/数据集/源域数据集/48kHz_DE_data/IR/0021/IR021_2.mat,7,IR,48k_DE,1752.0,0.06646019086276754,3.727242176922566,4.270443691984039,0.15998290911310506,0.47579978677524615,0.19315965610616942,0.00495219824088562,0.0080742828684894,0.009121844792818336,0.0004498482260786156,3.6321371574389327,0.4605810740459316,0.18016326637517424,0.9277840172975501,0.03610387331294739,0.017503374560017746,0.2643346064296904,0.32021697849786096,0.15488752556850136,0.17999236951442155
IR021_2,数据集/数据集/源域数据集/48kHz_DE_data/IR/0021/IR021_2.mat,8,IR,48k_DE,1752.0,0.0652725127978139,3.6523544659974463,4.24336390558673,0.1607153756943173,0.4781857681712606,0.1902228719056429,0.004942709873500461,0.007832341322652323,0.009528496438076793,0.00045578594477878537,3.5929886697299627,0.4625229721035734,0.16938871827972438,0.9287281299239217,0.03532955966166304,0.017222840495761817,0.25075784668675544,0.33354428098106087,0.1620820093556795,0.17456312182500028
IR021_2,数据集/数据集/源域数据集/48kHz_DE_data/IR/0021/IR021_2.mat,9,IR,48k_DE,1752.0,0.06362597991474787,3.627108552926867,4.176029484513498,0.1598608313495697,0.47665145569593775,0.19286118830304247,0.004758690115521246,0.008201386792838062,0.009493716451213767,0.00041771787670189203,3.5370452976006406,0.46030317537380094,0.17083036007857505,0.9283459935339604,0.03502933700692528,0.017380126125525357,0.2703649784470263,0.3085429369813399,0.16562292596580472,0.17645976794421933
IR021_2,数据集/数据集/源域数据集/48kHz_DE_data/IR/0021/IR021_2.mat,10,IR,48k_DE,1752.0,0.05925434102057781,3.572617463734531,4.369792758118882,0.15925044253189283,0.4750443602623501,0.18551671282385854,0.004528357258738575,0.007345771792799231,0.008830078295383311,0.00040778756437721917,3.620498961553267,0.45870094350295787,0.16226405866753152,0.9299430187842176,0.03609550596686287,0.016080333392453027,0.2909905052376671,0.28314425103229,0.1620028092877943,0.1860325984836749
IR021_2,数据集/数据集/源域数据集/48kHz_DE_data/IR/0021/IR021_2.mat,11,IR,48k_DE,1752.0,0.05035342436372824,3.514199657267332,4.4407593328830535,0.16010498687664043,0.46787672556049115,0.19836780574595353,0.004700610882547308,0.007377536001835028,0.008870103892813085,0.000418330296450381,3.648424191116841,0.4607975180293759,0.15245073041913546,0.9304991673098053,0.0346950689503992,0.01673597099636613,0.2824984864049068,0.28300841753649597,0.17133473195262133,0.18436055058959386
IR021_2,数据集/数据集/源域数据集/48kHz_DE_data/IR/0021/IR021_2.mat,12,IR,48k_DE,1752.0,0.04935139044130575,3.330287343002845,4.44121318087038,0.16059329793078192,0.4671829520815182,0.2056697892717387,0.004840032214464833,0.008184603342923976,0.009042207879935189,0.0004153220918446357,3.179640494522295,0.46323241700849904,0.15772163072846326,0.9267014552335427,0.035547532625542784,0.018624370923945668,0.2813660696453845,0.2806899677283355,0.1633078995327308,0.19190919513559374
IR021_2,数据集/数据集/源域数据集/48kHz_DE_data/IR/0021/IR021_2.mat,13,IR,48k_DE,1752.0,0.04667869773978235,3.3941672120907094,4.1888103210384955,0.16120368674845878,0.46874144667889905,0.20298773621988692,0.004963906115634815,0.00848488466824856,0.009056978910420838,0.0004371535157780334,3.504796523998439,0.4677297537706255,0.16556671948333487,0.9208017757123673,0.04004819381467549,0.01920170163870944,0.25560307481286687,0.292523571235895,0.16758140236286112,0.19545009500694444
IR021_3,数据集/数据集/源域数据集/48kHz_DE_data/IR/0021/IR021_3.mat,0,IR,48k_DE,1727.0,0.04848109393895037,3.7597997341723075,4.499189155259632,0.15839589818714522,0.4693561870903663,0.2073820838204761,0.003351030356104427,0.0071757673151842975,0.009487334804987941,0.000399106475419233,3.8023775958510857,0.46085236937221724,0.16222871747839915,0.93620067502218,0.03452919346532041,0.011116447334117052,0.24567312638708708,0.3586983306701541,0.12052660289979311,0.1997264008503539
IR021_3,数据集/数据集/源域数据集/48kHz_DE_data/IR/0021/IR021_3.mat,1,IR,48k_DE,1727.0,0.04981434981862661,3.7766704099149178,4.467075209356527,0.15833485930537752,0.48035149431596946,0.19818654117436943,0.0033849819012559397,0.007200463764803293,0.009615219948915829,0.00042856732247476405,3.865245046271444,0.4722657269633981,0.1469925709088577,0.9310944651681625,0.03761242757213505,0.012034092378511241,0.1994724651164124,0.3679093625908231,0.14252601503637932,0.21338249409373636
IR021_3,数据集/数据集/源域数据集/48kHz_DE_data/IR/0021/IR021_3.mat,2,IR,48k_DE,1727.0,0.05640675789133857,3.4771879423903003,4.058362381093698,0.15748031496062992,0.47229203966765654,0.2006744437879017,0.0032831391357834127,0.0071612055437092125,0.009711429306456725,0.00040446081371300126,3.3282923109469933,0.47351365526542594,0.14007837493793857,0.9305400682571052,0.0372947344863438,0.01256214262587283,0.22858372625087045,0.3440524026846641,0.1401995442949855,0.21081606992093885
IR021_3,数据集/数据集/源域数据集/48kHz_DE_data/IR/0021/IR021_3.mat,3,IR,48k_DE,1727.0,0.04620834696734984,3.5571198709002134,4.267330447078746,0.15790758713300374,0.47000365593028276,0.20088198247363606,0.0030667047374396458,0.006894152999560353,0.009412884378461562,0.0003793737684487842,3.5181148837057177,0.45903804274802074,0.17486930298589515,0.9362504017941635,0.033882338703255736,0.01136363724786616,0.22855003190972928,0.37595595382928904,0.12878851606568587,0.19508589851284897
IR021_3,数据集/数据集/源域数据集/48kHz_DE_data/IR/0021/IR021_3.mat,4,IR,48k_DE,1727.0,0.04332500203047666,3.690897706577141,4.350649477396604,0.157663431605933,0.4708047135875922,0.20328233395567383,0.003323718890131905,0.0072355357956061135,0.009636996763587253,0.00036933980173003115,3.71694626736734,0.46723264263177,0.1642703031716785,0.9343181466168532,0.03479837860658723,0.012080647938813808,0.23638131158592723,0.3488678748923947,0.13381850721923763,0.20387779957416424
IR021_3,数据集/数据集/源域数据集/48kHz_DE_data/IR/0021/IR021_3.mat,5,IR,48k_DE,1727.0,0.050040236557201995,3.521787496006088,4.182709470793106,0.15735823719709455,0.46398466494272467,0.2124466570474438,0.003317867533109257,0.0068432471971470515,0.009396332935205304,0.00036565912338293283,3.5228997251369822,0.4645859946542682,0.15985256727447478,0.9352777800185426,0.034192277933532536,0.01184807485538072,0.2606326598364409,0.33493035131627963,0.13303218020274182,0.19311982630998795
IR021_3,数据集/数据集/源域数据集/48kHz_DE_data/IR/0021/IR021_3.mat,6,IR,48k_DE,1727.0,0.04434952695280835,3.621439467883185,4.377984897486002,0.1579686260147714,0.47073800864798343,0.20878960671539845,0.0034282556025165703,0.0072018640793909475,0.010163410933722113,0.0003847606172051113,3.880999413519954,0.4697546041379514,0.15621634127818174,0.9312485343613996,0.035207027220621634,0.01257792444227562,0.23628547113197823,0.3419635005280107,0.14465170165360824,0.19930301166133899
IR021_3,数据集/数据集/源域数据集/48kHz_DE_data/IR/0021/IR021_3.mat,7,IR,48k_DE,1727.0,0.041132678009806634,3.6252254860537203,4.296127634737212,0.15784654825123604,0.46824443054352416,0.21012144447176523,0.0031365377837163366,0.006798466541230503,0.00931022889725898,0.0003760369181014109,3.9003622643942504,0.4673304167216724,0.16135428374385974,0.9336167488210386,0.03506822920724822,0.01195665376785499,0.22468991614061054,0.35473315835095365,0.14475176367512937,0.20216235782644934
IR021_3,数据集/数据集/源域数据集/48kHz_DE_data/IR/0021/IR021_3.mat,8,IR,48k_DE,1727.0,0.04567855158071993,3.5516201724415994,4.377811730459493,0.15815174266007448,0.4592842911923164,0.22508640441944067,0.003058285585377687,0.006914354967977751,0.009373861521794584,0.00037235714283800046,3.639311965053681,0.46623692450528875,0.162792324561651,0.9308718123597665,0.038034469333056264,0.011781364581117537,0.23388296714772286,0.3392970252300747,0.14097078929908657,0.20942786137080907
IR021_3,数据集/数据集/源域数据集/48kHz_DE_data/IR/0021/IR021_3.mat,9,IR,48k_DE,1727.0,0.041825215297962175,3.6781759389635624,4.400020253050373,0.15809070377830678,0.4655396437639055,0.22506312310392365,0.0032549324810157046,0.007260424751389156,0.010239472858405006,0.00039760407535456484,3.82693442942057,0.46663582928774655,0.1732509804756681,0.9307593445579673,0.038261533173498494,0.01170922659605922,0.20704187455881154,0.36247147298757226,0.142034148697692,0.20922137794009776
IR021_3,数据集/数据集/源域数据集/48kHz_DE_data/IR/0021/IR021_3.mat,10,IR,48k_DE,1727.0,0.03843314931592656,3.515443631704483,4.306204223694014,0.15821278154184215,0.4593934532656311,0.23478745545535606,0.0030729113638156853,0.006609945422218283,0.009727375309941862,0.00039193116778369903,3.6566884121089145,0.46367897072574715,0.18995891146440638,0.9300904339552766,0.038848535883304385,0.011621443337104222,0.1920898999751425,0.3819879185054407,0.13459708365281547,0.213792275757567
IR021_3,数据集/数据集/源域数据集/48kHz_DE_data/IR/0021/IR021_3.mat,11,IR,48k_DE,1727.0,0.03606982408204153,3.4574252326569277,4.175026969829242,0.15857901483244827,0.46598446796310056,0.2226333010224578,0.0030633394826785195,0.006494376589429929,0.009139955015217676,0.0004080198022560294,3.618426507520764,0.46074086339282794,0.19006733953152752,0.9321215467655305,0.03717983277404718,0.011002272619728677,0.18648654293788594,0.3948792658990987,0.13517964581797276,0.20790365767316887
IR021_3,数据集/数据集/源域数据集/48kHz_DE_data/IR/0021/IR021_3.mat,12,IR,48k_DE,1727.0,0.032193790668796976,3.552313851093341,4.251886878786916,0.15790758713300374,0.47396465556706957,0.20971225412082758,0.0032812389412086467,0.006664168852679564,0.00970427961293992,0.0003956265224631272,3.7161236574360133,0.46723231350588285,0.16954882605252863,0.931784929071982,0.03761052203694202,0.011391619096239383,0.20884269375563147,0.370539785117393,0.1413239790660585,0.20116116910559453
IR021_3,数据集/数据集/源域数据集/48kHz_DE_data/IR/0021/IR021_3.mat,13,IR,48k_DE,1727.0,0.038755038228392824,3.5240369633216297,4.068618710199076,0.1580296648965391,0.4666585300021162,0.2107051334429196,0.003064627218018269,0.00626141191074916,0.009272914360959271,0.0003835028789191316,3.5599997997092623,0.4647311941094112,0.1723506645903996,0.9304847007385817,0.03958757893170908,0.011098808427399697,0.2176527561344505,0.36634135102920523,0.1314438062564374,0.20428587325817868
OR007@6_0,数据集/数据集/源域数据集/48kHz_DE_data/OR/Centered/0007/OR007@6_0.mat,0,OR,48k_DE,1796.0,0.07555328446645089,6.80933221620684,4.902024730546438,0.2030153207593237,0.5324405057344295,0.10540976046430611,0.00029014156677709254,0.0006558777326685609,0.0018373463360602848,0.0028301264266537,4.688913703612007,0.39216930546257006,0.3385608586278985,0.7767406629338133,0.21745034435614774,0.0020317385765502355,0.034908914980407935,0.4858025173304832,0.1527945429793722,0.1011432259753122
OR007@6_0,数据集/数据集/源域数据集/48kHz_DE_data/OR/Centered/0007/OR007@6_0.mat,1,OR,48k_DE,1796.0,0.07826962601139312,6.8346673299363685,4.919710597638176,0.20313739852285906,0.5364027515158123,0.10295805327571127,0.0003821504177400146,0.0006909760738336147,0.0017967482843961298,0.002913348264160687,4.675323361452563,0.3950064207841295,0.3484178000889569,0.783938070438716,0.210534249235766,0.00197783628807393,0.052684751235890295,0.4857119764746646,0.14513715778028097,0.09833795237542607
OR007@6_0,数据集/数据集/源域数据集/48kHz_DE_data/OR/Centered/0007/OR007@6_0.mat,2,OR,48k_DE,1796.0,0.09384532608158967,6.827702922148406,4.8118621659328396,0.20325947628639443,0.5427805502557317,0.1006345217755573,0.0005750098953724216,0.0007741021300520112,0.0017660046528509008,0.002939053432159801,4.695616098217477,0.3897020757487987,0.34208285040617387,0.778841259514059,0.2151218403025228,0.002344120857225191,0.03515608884236321,0.4868489027664254,0.15249064406873405,0.10279250706605178
OR007@6_0,数据集/数据集/源域数据集/48kHz_DE_data/OR/Centered/0007/OR007@6_0.mat,3,OR,48k_DE,1796.0,0.08351199840045193,6.657831552856883,4.835167244012998,0.2025880485869499,0.5398298702446572,0.09868820395814633,0.0005003535295260332,0.0007285690468371029,0.001958010502400412,0.0028781960226758776,4.561574234460323,0.3931817787680712,0.3389864744572762,0.7731398018008957,0.22055859936441125,0.0023174460955669566,0.033973748513865316,0.48330658718379305,0.15095467297342688,0.10212042808985781
OR007@6_0,数据集/数据集/源域数据集/48kHz_DE_data/OR/Centered/0007/OR007@6_0.mat,4,OR,48k_DE,1796.0,0.07469826776784938,6.529392196487791,4.716302670902878,0.2020386986510407,0.5447811062747815,0.101536527580665,0.00032718619162854927,0.0005466444340901849,0.0018859651971318554,0.002831963497525554,4.4114821964747515,0.3859573486089851,0.35758317905473264,0.779966149053597,0.21422691270389005,0.002010227714615053,0.036927045482243424,0.494046379887938,0.14700029832791736,0.09897456346671611
OR007@6_0,数据集/数据集/源域数据集/48kHz_DE_data/OR/Centered/0007/OR007@6_0.mat,5,OR,48k_DE,1796.0,0.07748628904630032,6.487239103417473,4.7131843642303295,0.20222181529634378,0.5460706084988242,0.1013120312933344,0.00027192246523502224,0.0005352516004003459,0.001842619406119253,0.002921056854938712,4.358654321603799,0.3855311398571789,0.3496459872994955,0.7827802680585683,0.21139226320463408,0.002055230808822571,0.031360151062151786,0.4973461920769741,0.15390265783407597,0.09813875424515865
OR007@6_0,数据集/数据集/源域数据集/48kHz_DE_data/OR/Centered/0007/OR007@6_0.mat,6,OR,48k_DE,1796.0,0.06534580433451924,6.413877936032643,4.599459968070061,0.20240493194164683,0.5460590901186388,0.09320062741997547,0.000391624984503948,0.0006588161082155811,0.002034385398526403,0.0029190000418247986,4.2865221128468445,0.38436231551079686,0.3539728650207242,0.7767584475011803,0.21692693334231106,0.0022802029889033796,0.0278874315542848,0.4970687666861227,0.15120710953925184,0.09856717252626576
OR007@6_0,数据集/数据集/源域数据集/48kHz_DE_data/OR/Centered/0007/OR007@6_0.mat,7,OR,48k_DE,1796.0,0.059154659076955156,6.599128458187785,4.748051364719502,0.20057376548861625,0.5454027511609428,0.09637358777112083,0.0006385830769028971,0.0007679493605371248,0.00183665875079021,0.003087736629895592,4.465516908168878,0.3880421763813656,0.3526300364206162,0.785475278408842,0.2082317248166102,0.0024390864115608184,0.035863009997419745,0.49700888094431606,0.15207806882646963,0.09854465648114044
OR007@6_0,数据集/数据集/源域数据集/48kHz_DE_data/OR/Centered/0007/OR007@6_0.mat,8,OR,48k_DE,1796.0,0.06340005776013893,6.712760989477149,4.877451629278277,0.20093999877922236,0.5458976302018044,0.09238685906744915,0.0006563781504466971,0.0007403592955692685,0.0017603764195631764,0.002998086834613754,4.623645942410915,0.39445958801809206,0.3325518193183248,0.7854008751899468,0.20812493764926543,0.0023408365540718186,0.035027683697924576,0.48885850625625943,0.15817123295010932,0.10121699825625587
OR007@6_0,数据集/数据集/源域数据集/48kHz_DE_data/OR/Centered/0007/OR007@6_0.mat,9,OR,48k_DE,1796.0,0.0754829045701984,6.721645578031956,4.886149735560379,0.20368674845876825,0.5436313231429994,0.09385572853197603,0.0004362390043077364,0.0007128594496316852,0.001826238192604346,0.0030928326669218647,4.589591248016916,0.39230993698015443,0.3469647398686292,0.7808864543608323,0.21207073743538163,0.002221154641893642,0.03773373387160699,0.4888001208180694,0.15141454726793382,0.10033815275090292
OR007@6_0,数据集/数据集/源域数据集/48kHz_DE_data/OR/Centered/0007/OR007@6_0.mat,10,OR,48k_DE,1796.0,0.08428480634075208,6.842086887533718,4.859557734613827,0.20368674845876825,0.5482059474686223,0.08568275519388603,0.00028862458235923106,0.0006937366260082688,0.0017658881614003575,0.0032958801656506583,4.651271707610429,0.39473390538408754,0.3467701734871431,0.7875557231204764,0.2059326756081293,0.0021417220456995244,0.047612002237840095,0.48654919334561086,0.15581980872326381,0.09496645776617675
OR007@6_0,数据集/数据集/源域数据集/48kHz_DE_data/OR/Centered/0007/OR007@6_0.mat,11,OR,48k_DE,1796.0,0.08191180648879473,6.847666404960015,4.714910212429817,0.2016724653604346,0.5474866490040958,0.08863710518275424,0.0002832850051244153,0.0006814700521816133,0.0018330619307600667,0.003306736107615561,4.63528128167746,0.3973433905102617,0.3273714623471695,0.7867410857961743,0.20735141989085135,0.0021319777468510144,0.04051113667640308,0.48281581765481546,0.16276860745086524,0.0984856939228257
OR007@6_0,数据集/数据集/源域数据集/48kHz_DE_data/OR/Centered/0007/OR007@6_0.mat,12,OR,48k_DE,1796.0,0.07879021874251356,6.749240309759255,4.807755990761892,0.20112311542452543,0.5467973515269106,0.09637114287897211,0.00040673143954414177,0.0006450309510724502,0.002021535561948512,0.0030593682941815223,4.555974786160916,0.3937770670877571,0.3461506421555962,0.7824088415026275,0.21153642447560744,0.002225621190135064,0.03741875361400369,0.4881464950987357,0.15207311206093024,0.10208735725080041
OR007@6_0,数据集/数据集/源域数据集/48kHz_DE_data/OR/Centered/0007/OR007@6_0.mat,13,OR,48k_DE,1796.0,0.07910637421568623,6.7482031361547055,4.723674536979171,0.20130623206982848,0.5456452086766034,0.09220756552681351,0.000530050005391734,0.00059031196212111,0.0019341546841601125,0.0028879734263284568,4.571468729030846,0.39285684508021756,0.3535625067186151,0.7893078492495844,0.20485802694677283,0.002275021004055718,0.04631633584421856,0.49266840577813104,0.14778467819532173,0.10035064014651358
OR007@6_1,数据集/数据集/源域数据集/48kHz_DE_data/OR/Centered/0007/OR007@6_1.mat,0,OR,48k_DE,1774.0,0.07859605782674144,6.86595487148992,4.868599336522455,0.1978270158090704,0.5321823061023243,0.10525994103416723,0.0005494338129095198,0.0008173085349893858,0.0018066198631736332,0.003174537473274565,4.907254178968539,0.42110669069086365,0.28447409668697987,0.7582116751777713,0.23333867742429418,0.002611125540577912,0.050159581013894255,0.4509904965449088,0.150174274692629,0.10432510829470958
OR007@6_1,数据集/数据集/源域数据集/48kHz_DE_data/OR/Centered/0007/OR007@6_1.mat,1,OR,48k_DE,1774.0,0.06745314176327771,6.8869049742237465,4.836679767778871,0.19801013245437343,0.5300161438721992,0.10854787823364086,0.0005324722728906773,0.0008992487051145751,0.0019683203531207128,0.0032765604367411983,4.905989394698268,0.42011074013307115,0.29184590473051764,0.7596247700643526,0.23182848528983335,0.002730817558625631,0.053722194594789975,0.45197904754871365,0.14688206226962813,0.10464055293525945
OR007@6_1,数据集/数据集/源域数据集/48kHz_DE_data/OR/Centered/0007/OR007@6_1.mat,2,OR,48k_DE,1774.0,0.06290292369514812,6.833994793526063,4.772355089654495,0.19770493804553502,0.5325875710351647,0.10559757056956044,0.000568321014004167,0.0008203344793058684,0.0018664567810842243,0.0034129738769480044,4.842017672693214,0.422312609266148,0.28141729189941195,0.7614329640418074,0.23028233194972852,0.0025641206663314987,0.05215694074984113,0.44883510545321037,0.1543444197031688,0.1039241090510557
OR007@6_1,数据集/数据集/源域数据集/48kHz_DE_data/OR/Centered/0007/OR007@6_1.mat,3,OR,48k_DE,1774.0,0.06999501439016158,6.784126644582828,4.774297543744934,0.19691143258255508,0.5271478445842503,0.10808722122910183,0.0005762687292567563,0.000917399528587792,0.001945824864166099,0.0033658558279601293,4.805416688071288,0.4180167237292864,0.293116553618021,0.7567416474523205,0.23434173607348313,0.0027118960400556833,0.04873836251205574,0.4525889638139301,0.14822535156030744,0.10519280706111114
OR007@6_1,数据集/数据集/源域数据集/48kHz_DE_data/OR/Centered/0007/OR007@6_1.mat,4,OR,48k_DE,1774.0,0.06659252239006908,6.93401627042887,4.886724712360378,0.19752182140023195,0.5274515321700359,0.10809985019644076,0.0006079671184400354,0.0008666655197731224,0.00173552650589439,0.0034186767752847633,4.976329839307946,0.42091786453331864,0.2860301625481099,0.7610301117467553,0.23055386215973972,0.0025219035022536946,0.05188620596571132,0.4484023390132743,0.1512656010557949,0.10663343300039758
OR007@6_1,数据集/数据集/源域数据集/48kHz_DE_data/OR/Centered/0007/OR007@6_1.mat,5,OR,48k_DE,1774.0,0.06857243441774502,6.9609190122527425,4.917038992904061,0.1981932490996765,0.5224352784102341,0.10892694333042231,0.0005788320020948291,0.0008890609036943404,0.0019876616595538273,0.0033712953318290927,5.002191419909698,0.4185860671144899,0.28889794291922666,0.7563208858626442,0.23478067057494184,0.0026834101794804876,0.04731651804906405,0.4498043470472742,0.1485855762293183,0.1071947350468583
OR007@6_1,数据集/数据集/源域数据集/48kHz_DE_data/OR/Centered/0007/OR007@6_1.mat,6,OR,48k_DE,1774.0,0.07958683638077838,6.863417054843592,4.889748100625993,0.19739974363669657,0.521192663265428,0.11213754856198004,0.0005382401322802707,0.0009793152560389584,0.0019592343099944505,0.0034605285188544234,4.90693613162636,0.41648403365844977,0.29490049980730515,0.7573181768546294,0.23381392685372088,0.002878334932223001,0.048535586056056824,0.45293633856368226,0.15094936619454363,0.10209681141685308
OR007@6_1,数据集/数据集/源域数据集/48kHz_DE_data/OR/Centered/0007/OR007@6_1.mat,7,OR,48k_DE,1774.0,0.07405762128172678,6.8074867697988415,4.864857275830239,0.19758286028199964,0.5136707806213147,0.11529207418561402,0.0005345187525732659,0.0009081970579490707,0.001794273668731034,0.0032395647146693956,4.909920552391757,0.4158824622046965,0.29013025796389885,0.749484328861154,0.24168133664689517,0.002818492145386245,0.04213674456838839,0.45282598827842635,0.14928504594165207,0.10320997762001884
OR007@6_1,数据集/数据集/源域数据集/48kHz_DE_data/OR/Centered/0007/OR007@6_1.mat,8,OR,48k_DE,1774.0,0.07698073527840323,6.88036214258398,4.920492165885288,0.1981932490996765,0.5177447310696568,0.11260842490120632,0.0005025758299950863,0.0009605272722545925,0.001859429044261994,0.0032577976772277875,5.013953799935828,0.4141082646922992,0.29976604467486695,0.7481218689064679,0.2427793447748971,0.0029474191157161634,0.04557554613871933,0.45593479011153537,0.14598854761953411,0.09893186330092224
OR007@6_1,数据集/数据集/源域数据集/48kHz_DE_data/OR/Centered/0007/OR007@6_1.mat,9,OR,48k_DE,1774.0,0.08193221201892355,7.050867889161059,4.988160627705248,0.19849844350851492,0.5148848232957183,0.116915213959572,0.0005027192292394347,0.0008201139502057482,0.0019437667207460071,0.00323276882813028,5.173622537319365,0.417299323096952,0.2881389678531702,0.7489208739457672,0.24221533728436725,0.002878884302924909,0.044313949334860825,0.4534617050759617,0.1508482472891482,0.09802859438085539
OR007@6_1,数据集/数据集/源域数据集/48kHz_DE_data/OR/Centered/0007/OR007@6_1.mat,10,OR,48k_DE,1774.0,0.07699641225716596,7.002201196746477,4.985261822915449,0.19831532686321188,0.5177814921527415,0.1137784214782793,0.00047341260182043164,0.000893905906120511,0.001987186363321234,0.003243008498641348,5.138952762330158,0.4134628554433719,0.3004461683207105,0.7471099802970288,0.24347911764055163,0.0029234222063033396,0.04204014555606606,0.45758694170393455,0.1475095892526888,0.09753082743103424
OR007@6_1,数据集/数据集/源域数据集/48kHz_DE_data/OR/Centered/0007/OR007@6_1.mat,11,OR,48k_DE,1774.0,0.07216016209674678,6.8407563672573195,4.881232334197563,0.19788805469083806,0.5191444883221455,0.11477420701551953,0.00046623341693427593,0.000899613998038326,0.0017983112540825334,0.003217660320091897,4.925860019885561,0.4150991879900568,0.29240416904955296,0.7495685958492533,0.24179257963211007,0.0027160473444440498,0.04469655171479377,0.45445877401424967,0.15259533523836977,0.09552042194760098
OR007@6_1,数据集/数据集/源域数据集/48kHz_DE_data/OR/Centered/0007/OR007@6_1.mat,12,OR,48k_DE,1774.0,0.07022073989365907,6.837024418242269,4.793003174723389,0.19721662699139353,0.5192074854573615,0.11232102953946828,0.0005156617396077833,0.0007980291926573368,0.0019405792075423002,0.0032079764640056616,4.915819641710455,0.4128170674189919,0.30110127516775326,0.7505794389559168,0.24025924665014378,0.002782809900291911,0.043952006133746835,0.4579365372363398,0.14788920418706758,0.0979374026314806
OR007@6_1,数据集/数据集/源域数据集/48kHz_DE_data/OR/Centered/0007/OR007@6_1.mat,13,OR,48k_DE,1774.0,0.07922944123434673,6.955531262128154,4.7692382739455965,0.1978270158090704,0.5215539910374494,0.11458185961746517,0.0004944950345084202,0.0008510070069638712,0.0018303809219039986,0.0032692151141495416,5.03139070001033,0.41760254662229945,0.2934967498817491,0.7536081811249016,0.23758741785448778,0.0027601911468932154,0.05148198230607841,0.45228364080257316,0.14986581050382886,0.09758792187696244
OR007@6_2,数据集/数据集/源域数据集/48kHz_DE_data/OR/Centered/0007/OR007@6_2.mat,0,OR,48k_DE,1750.0,0.0803067248216763,6.980460157155424,4.917476541777032,0.1990477934444241,0.5476064193447909,0.08058059259914845,0.0006641421893932056,0.0008855223115141192,0.0022348310239270297,0.0030698486241745424,4.916821916051645,0.41120108705312103,0.27881970674558176,0.767552903119946,0.22343520041288584,0.0027401683048627473,0.03668539694586182,0.45555879117498443,0.12473889286369375,0.14644257447352915
OR007@6_2,数据集/数据集/源域数据集/48kHz_DE_data/OR/Centered/0007/OR007@6_2.mat,1,OR,48k_DE,1750.0,0.08705611998862106,7.013327443501953,4.974083925903697,0.19886467679912104,0.5477855558602325,0.08160537217063685,0.0006893183837256711,0.000995805477477536,0.002198496823247743,0.003162883713596282,4.9891054584614745,0.4105131673032267,0.27742931059301273,0.7659255801124863,0.22497878201478125,0.002771237384884595,0.03517992056044104,0.45504680837290257,0.12498332685436825,0.1471305032156245
OR007@6_2,数据集/数据集/源域数据集/48kHz_DE_data/OR/Centered/0007/OR007@6_2.mat,2,OR,48k_DE,1750.0,0.07126268592542197,6.92463439428624,4.8396932863627935,0.1989867545626564,0.5479433631508746,0.08281693046148483,0.0006128627369482828,0.0009971252088499555,0.002325201569611793,0.00310020730114083,4.923458452052643,0.4079204310771704,0.27952645453778785,0.7658005120808612,0.22533576095181776,0.002570085729493481,0.03203330843012273,0.4596094504212554,0.12530359450724468,0.14618891927842131
OR007@6_2,数据集/数据集/源域数据集/48kHz_DE_data/OR/Centered/0007/OR007@6_2.mat,3,OR,48k_DE,1750.0,0.09006562905328885,7.0269250591391135,4.9843498308320795,0.19874259903558567,0.5516257803676909,0.08008016959005333,0.0006564231945273135,0.0010024749898379505,0.0023693365954989103,0.003033000230959743,4.93626603980762,0.41221573258674166,0.2766327937372824,0.764139049856149,0.22671697478917782,0.002747629065206842,0.03649171581673451,0.45111112238182405,0.1280737317487297,0.14438900624290704
OR007@6_2,数据集/数据集/源域数据集/48kHz_DE_data/OR/Centered/0007/OR007@6_2.mat,4,OR,48k_DE,1750.0,0.09502501910223901,7.0163247936943565,4.989240019361145,0.19929194897149485,0.5552531955220973,0.07645337904339453,0.0006784479588419309,0.0010050608824299638,0.0022311649907317778,0.0031536513262366366,4.957077644489652,0.4107345558891485,0.2775408612333438,0.7645149268548858,0.22652491166439045,0.0027075300660030065,0.034285160528638864,0.4515242249038265,0.12967653155682923,0.14510895936576104
OR007@6_2,数据集/数据集/源域数据集/48kHz_DE_data/OR/Centered/0007/OR007@6_2.mat,5,OR,48k_DE,1750.0,0.07708951874699665,7.083747449282336,5.14113098453308,0.20002441555270709,0.5539134671329248,0.0762939005446963,0.000593236409026224,0.0008873316472534777,0.0021394260307454342,0.002986149591026828,5.052935902699984,0.4104191542770218,0.27845633458889146,0.768888008841593,0.22254058304666255,0.002443854368004268,0.03686291897733316,0.4537202141573535,0.12813996280141596,0.1452981923939355
OR007@6_2,数据集/数据集/源域数据集/48kHz_DE_data/OR/Centered/0007/OR007@6_2.mat,6,OR,48k_DE,1750.0,0.09081490077128765,7.0280362281917395,5.161215656505659,0.1994750656167979,0.5584685915918377,0.07118061751015592,0.0006089918454377954,0.0008555077151366791,0.00229261170249205,0.0030226353321583066,4.957189049950509,0.4105328877049344,0.2796768418573927,0.7697448643693856,0.22144125674376536,0.0026016592240384515,0.036994210869707084,0.4553534250303379,0.13023600701990193,0.1422822160402204
OR007@6_2,数据集/数据集/源域数据集/48kHz_DE_data/OR/Centered/0007/OR007@6_2.mat,7,OR,48k_DE,1750.0,0.09023592995803045,6.959016934039159,4.89136045796226,0.19996337667093939,0.5543266614315951,0.07631602787938428,0.0006046540008002128,0.0008753234467280285,0.0023412210889628693,0.003127860559635108,4.906390543935885,0.4150867898655762,0.27310035647638176,0.7695733738798528,0.22120701514079458,0.0026004757211769767,0.041684277583238116,0.44977028775760614,0.13096294161034672,0.14227052242241206
OR007@6_2,数据集/数据集/源域数据集/48kHz_DE_data/OR/Centered/0007/OR007@6_2.mat,8,OR,48k_DE,1750.0,0.07116386652036343,6.85650019118236,4.844202815445995,0.20008545443447476,0.5562889196479249,0.07226554952436026,0.0005665463511983828,0.0008332418406484674,0.0022619335519119084,0.003045367211207258,4.778442013012566,0.40979596149981534,0.2784373429538394,0.766945976856335,0.2239397409408751,0.0023887487119570614,0.03551387881752099,0.45558618671983764,0.12842361576496855,0.14380152868165083
OR007@6_2,数据集/数据集/源域数据集/48kHz_DE_data/OR/Centered/0007/OR007@6_2.mat,9,OR,48k_DE,1750.0,0.08260105777355667,6.923667163231433,4.809456162541662,0.20093999877922236,0.5536041262562861,0.07676650993433787,0.0006169143489489522,0.0008529108560908831,0.002349823505885687,0.002978460868927262,4.80460622883432,0.413996240174727,0.27533074207473696,0.7684719247631582,0.22252362940036916,0.002473450626837422,0.04223623227917099,0.4516988142554707,0.12853396217484486,0.1423878101723697
OR007@6_2,数据集/数据集/源域数据集/48kHz_DE_data/OR/Centered/0007/OR007@6_2.mat,10,OR,48k_DE,1750.0,0.080491184313135,6.946281483785146,4.825156113236048,0.20100103766099006,0.5557618352398292,0.07266490399447124,0.000650297950627023,0.0008270738911727927,0.002074422046894223,0.0030517039580188116,4.8377451786316366,0.4077402138406434,0.2825716082172787,0.7683372627385922,0.22280780401059766,0.002498223218524751,0.03434855574431299,0.45754180680677703,0.13003276878889392,0.14293299065187956
OR007@6_2,数据集/数据集/源域数据集/48kHz_DE_data/OR/Centered/0007/OR007@6_2.mat,11,OR,48k_DE,1750.0,0.06708680634214798,6.917792132992365,4.635660429787334,0.20026857107977783,0.5518836907389175,0.07756328487553246,0.000596040384042136,0.0008596889804748649,0.0021280441423650476,0.003007898781903825,4.830087383115833,0.41308883283557846,0.2747691816774547,0.76792350997491,0.22324278479093312,0.0025090484739674094,0.03880494963874606,0.45136835912355494,0.1287858463575776,0.14461005265437754
OR007@6_2,数据集/数据集/源域数据集/48kHz_DE_data/OR/Centered/0007/OR007@6_2.mat,12,OR,48k_DE,1750.0,0.07505771693085785,7.052787903758548,4.778007471246122,0.199841298907404,0.5528683055963513,0.0778885716398661,0.0006790038974096781,0.0009295617886558579,0.002314268797728584,0.003095812750490031,5.026806308250918,0.41699584440661697,0.2712771763767394,0.7645769178398437,0.22635000908083105,0.0026823577165028317,0.04011155036114914,0.44623229175768564,0.12810902166229396,0.1451304442120406
OR007@6_2,数据集/数据集/源域数据集/48kHz_DE_data/OR/Centered/0007/OR007@6_2.mat,13,OR,48k_DE,1750.0,0.0834732325487453,6.992287280682809,4.826384795476085,0.19996337667093939,0.5518825659677943,0.08169509829240004,0.0006978270242370575,0.0009552575267331336,0.0024152810298441463,0.003163264552989578,5.024706162447638,0.4182655410492883,0.26907223810313147,0.7654627384620598,0.2252256049119334,0.002767150731373268,0.04209216514543198,0.4438795466672138,0.12659236104976698,0.14795378774203063
OR007@6_3,数据集/数据集/源域数据集/48kHz_DE_data/OR/Centered/0007/OR007@6_3.mat,0,OR,48k_DE,1725.0,0.07875571566548013,7.307625420132773,5.176983297720463,0.20277116523225294,0.5474223000402777,0.08464856298321997,0.0005664796760201765,0.0009026717125888771,0.004255804363256418,0.0029067399578749944,5.330535904803441,0.4219549535376276,0.2406628020298851,0.7551274625646384,0.23389949550470665,0.0031508610879445883,0.036781416891370225,0.43643322252550676,0.12364073163747202,0.15374560277563326
OR007@6_3,数据集/数据集/源域数据集/48kHz_DE_data/OR/Centered/0007/OR007@6_3.mat,1,OR,48k_DE,1725.0,0.07374351896777148,7.39438073528506,4.940186936125945,0.2030153207593237,0.5526139545187234,0.0754791053295306,0.0005794872924557761,0.0010360233790275336,0.004158464155258551,0.0028759372448495086,5.396376129948871,0.4257685205326152,0.23533092604083242,0.7552349791819841,0.23359525782938814,0.00331283395714699,0.037256754465810095,0.43397236895103475,0.12464207323599151,0.15502218553399008
OR007@6_3,数据集/数据集/源域数据集/48kHz_DE_data/OR/Centered/0007/OR007@6_3.mat,2,OR,48k_DE,1725.0,0.06711328309029857,7.332499563682059,4.925599707070876,0.2020386986510407,0.5506871828118639,0.07954255683437605,0.0005886104576157025,0.0009721053514593356,0.004008664143395357,0.0029025261127337,5.3410160810661065,0.42269504446314415,0.23940571572079283,0.7558876479255445,0.23308060123705138,0.003309409983091412,0.035402796926314636,0.43809402589851687,0.12447241598226665,0.15338447864360247
OR007@6_3,数据集/数据集/源域数据集/48kHz_DE_data/OR/Centered/0007/OR007@6_3.mat,3,OR,48k_DE,1725.0,0.08600725983028551,7.354300362230982,5.132384198754899,0.20148934871513155,0.5514834932043746,0.07863321236691205,0.0005617993178558827,0.0009215604721157485,0.004055412806491999,0.0029679068731708487,5.353957207540367,0.4223867318945381,0.2404968351637814,0.7558411424947287,0.23301828209654898,0.0031844322580036515,0.038726410716308945,0.4381668623556906,0.12559229526738278,0.1485413389494405
OR007@6_3,数据集/数据集/源域数据集/48kHz_DE_data/OR/Centered/0007/OR007@6_3.mat,4,OR,48k_DE,1725.0,0.08643287578045972,7.426875682783172,5.131434331960438,0.20216077641457608,0.5487643960022658,0.07969435798048245,0.0006173399593363173,0.0010774593091405812,0.004049548166464223,0.002946246168681168,5.380164663781087,0.42434768321643035,0.2364133649655532,0.7559715126275348,0.23308836514000508,0.003299950058955949,0.03669131545646313,0.4375166237895207,0.12828103999134438,0.1488325599971375
OR007@6_3,数据集/数据集/源域数据集/48kHz_DE_data/OR/Centered/0007/OR007@6_3.mat,5,OR,48k_DE,1725.0,0.0793939244665974,7.445961350122357,4.970481176918559,0.20222181529634378,0.548302357682704,0.07980292246147784,0.0006550370078208998,0.0010278028438969764,0.004195554645473497,0.0029610519932679762,5.36029958950275,0.4253351324021715,0.2362212564104744,0.7586450890074455,0.23056270452359726,0.0033058928020418296,0.03871491653565686,0.4352215494325903,0.13019111666838012,0.14986235938710313
OR007@6_3,数据集/数据集/源域数据集/48kHz_DE_data/OR/Centered/0007/OR007@6_3.mat,6,OR,48k_DE,1725.0,0.09528477079454378,7.494202168116832,5.1136138024872935,0.20264908746871757,0.5470360708648776,0.08262705974396671,0.000629375507070493,0.0010128928125697364,0.004228495014916168,0.0028442512969137647,5.444079993653472,0.42827781955789346,0.23258457450952832,0.75886257272407,0.2303816457546629,0.003283708621096469,0.042662876852397724,0.43083294137591815,0.13058414025104392,0.14880213156687502
OR007@6_3,数据集/数据集/源域数据集/48kHz_DE_data/OR/Centered/0007/OR007@6_3.mat,7,OR,48k_DE,1725.0,0.09501090375753221,7.455142732410733,5.149649993430662,0.20197765976927304,0.5473513037462767,0.08263105653078395,0.0006037940062241616,0.0010301826431572017,0.004075678494917385,0.0029331999507658233,5.437246785761052,0.42558326783190936,0.2345630661795756,0.7587834992305864,0.23057482584519146,0.003382058232989672,0.040604865757692385,0.43712090368894296,0.12695303667474556,0.1484443940102096
OR007@6_3,数据集/数据集/源域数据集/48kHz_DE_data/OR/Centered/0007/OR007@6_3.mat,8,OR,48k_DE,1725.0,0.07776011095732752,7.364795406225849,5.010815366837321,0.20155038759689922,0.5424450291319354,0.0868891362193875,0.0006057608767338638,0.0009515557954669191,0.003955292211559858,0.0029289975590203864,5.3032560711541405,0.42238451061887805,0.24189648709090367,0.7608111418360889,0.22891478561049736,0.0032585335630240927,0.04259333887745405,0.4423419237014856,0.12501160530966135,0.14610794693334617
OR007@6_3,数据集/数据集/源域数据集/48kHz_DE_data/OR/Centered/0007/OR007@6_3.mat,9,OR,48k_DE,1725.0,0.07074678099843075,7.390661556727013,5.0107009588079,0.20240493194164683,0.5423976748761369,0.09163297485342164,0.0005978535908890994,0.0008876842029752498,0.004133403973574721,0.0029423619387378233,5.381905165673478,0.4224752511662882,0.23934991493997246,0.7583485850398908,0.2308657651318654,0.0032740909560012195,0.03826543404197143,0.4422861012486026,0.12628341136331278,0.14682089834775636
OR007@6_3,数据集/数据集/源域数据集/48kHz_DE_data/OR/Centered/0007/OR007@6_3.mat,10,OR,48k_DE,1725.0,0.07846586758646298,7.427508122454292,5.022937048007704,0.2030153207593237,0.539475760437126,0.08917523688938422,0.0005573180178350211,0.0009276957321148963,0.004155519507311573,0.0029067993393615023,5.4253591427486265,0.4267322965091708,0.23370750343905006,0.7616018857512392,0.22797445126894028,0.00321593992222959,0.042541783611087416,0.4357766663735302,0.12915815868928426,0.14944003381293308
OR007@6_3,数据集/数据集/源域数据集/48kHz_DE_data/OR/Centered/0007/OR007@6_3.mat,11,OR,48k_DE,1725.0,0.07413843097442155,7.4199336752103555,5.0064102020393495,0.2030153207593237,0.5389589830962985,0.09145079190686466,0.0005663046145299709,0.0011173233318984544,0.004314936664015762,0.0029720988064649676,5.393910600067465,0.42517279029478267,0.23955222113575725,0.7594733713757448,0.22953938422687925,0.003498883795621686,0.043741596770273776,0.4387589185879354,0.12684209212138756,0.14518288825873985
OR007@6_3,数据集/数据集/源域数据集/48kHz_DE_data/OR/Centered/0007/OR007@6_3.mat,12,OR,48k_DE,1725.0,0.06822602992067978,7.4140577167195545,5.182633004357052,0.20325947628639443,0.5430992058389515,0.08941166870068759,0.0006064023447326639,0.0010421446062932487,0.004426229457955128,0.003095733205910548,5.392479042131579,0.42442589180682927,0.237503900650827,0.7604949656367959,0.22836315306104962,0.0034067085836117306,0.0392057887703242,0.4396304551612337,0.12972477263923038,0.1471383797226495
OR007@6_3,数据集/数据集/源域数据集/48kHz_DE_data/OR/Centered/0007/OR007@6_3.mat,13,OR,48k_DE,1725.0,0.08355582406874593,7.417750279695817,5.136865809805645,0.2025270097051822,0.5436609022643439,0.08901610694057559,0.0006582627821581241,0.0009395706038579247,0.0041742594863884664,0.0029566269370057347,5.40100469012242,0.4270010588690734,0.23404490047800766,0.7597949706019025,0.22967512517129854,0.003304111796902379,0.04187518376540269,0.4344246270807732,0.12835029155622182,0.1502196757208571
OR014@6_0,数据集/数据集/源域数据集/48kHz_DE_data/OR/Centered/0014/OR014@6_0.mat,0,OR,48k_DE,1796.0,0.021140202427196077,3.119527951587607,4.057395437191019,0.17231276323017763,0.6291681133598162,0.048038105650555676,0.02222621378611647,0.05245944217867427,0.028535788513726013,0.006097210558485119,3.317679242601382,0.655642946993943,0.047567376675732395,0.6457164383922716,0.14641537838528026,0.11677891656237946,0.09844941813780317,0.1282168069378418,0.2174402549343835,0.1891746205088754
OR014@6_0,数据集/数据集/源域数据集/48kHz_DE_data/OR/Centered/0014/OR014@6_0.mat,1,OR,48k_DE,1796.0,0.004473569636351737,3.0877463575537316,4.110392132390574,0.17267899652078375,0.6316908232040865,0.04757892145117086,0.02188991114516089,0.055781552130496605,0.028690283216573416,0.005896249933795993,3.3573156430548297,0.6642055322592959,0.05158620446755843,0.6278424684893812,0.14952626381217402,0.12162046754739549,0.06839369823002014,0.13963850932877936,0.2170096321548599,0.18843707989374428
OR014@6_0,数据集/数据集/源域数据集/48kHz_DE_data/OR/Centered/0014/OR014@6_0.mat,2,OR,48k_DE,1796.0,-0.016365063917387984,3.3376427031449505,4.058303035293822,0.17414392968320822,0.6298082804479835,0.047749653522136754,0.023035781958782288,0.052396606204371865,0.029721393851774514,0.006224709075652347,3.685643869227949,0.6502904864665463,0.05809669221250728,0.6575768057514042,0.13468564435532482,0.11182662500522965,0.07328483359316006,0.16077293794017547,0.24536265493605328,0.16426181411372567
OR014@6_0,数据集/数据集/源域数据集/48kHz_DE_data/OR/Centered/0014/OR014@6_0.mat,3,OR,48k_DE,1796.0,-0.014892619355553768,3.3092283513972425,3.9616761317400244,0.17414392968320822,0.6289879347565648,0.0530689727942523,0.022172061232767912,0.04656870190241271,0.030919995812989595,0.006458250354238614,3.5724145748108405,0.6455552428741913,0.052168247009436605,0.6683848685662165,0.13782146030194786,0.10307289851261449,0.07461691728626406,0.1600472419183063,0.2601680794031899,0.16277375334622102
OR014@6_0,数据集/数据集/源域数据集/48kHz_DE_data/OR/Centered/0014/OR014@6_0.mat,4,OR,48k_DE,1796.0,-0.013417364111267578,3.281244418844123,4.1455038027529625,0.17359457974729903,0.6327865825906525,0.05309019620458565,0.026179863256005402,0.04897324665472272,0.03404217669044723,0.006319848251358594,3.804358781812302,0.6630893821612966,0.04491136287063259,0.6265943830347929,0.16129223281128488,0.11485042429993457,0.09694593732965076,0.13949237856157623,0.21022308992490718,0.1671218123394303
OR014@6_0,数据集/数据集/源域数据集/48kHz_DE_data/OR/Centered/0014/OR014@6_0.mat,5,OR,48k_DE,1796.0,-0.02073805426858222,3.156390639160677,4.240838250592463,0.17353354086553135,0.635114711771773,0.06279954782271631,0.02552033708092408,0.04877223264180636,0.036570681265341645,0.0064357991002506176,3.8460578441626367,0.6735325230530643,0.04192092043821623,0.5898190133851278,0.1855315836657501,0.11826564785609689,0.09851596766452497,0.13892314705839806,0.17913722675024848,0.1537557739505102
OR014@6_0,数据集/数据集/源域数据集/48kHz_DE_data/OR/Centered/0014/OR014@6_0.mat,6,OR,48k_DE,1796.0,-0.013441598260206758,3.017766923909191,3.9434014405578153,0.1737776963926021,0.6276840146816287,0.06735020164731523,0.020850330921555617,0.04273483932735233,0.03415052111492679,0.006724217358698648,3.4144931474625992,0.6675548681763755,0.05189144575662893,0.6139433310052191,0.17091740295707666,0.10829157824696209,0.071862616907384,0.15317662791853867,0.1905844860284096,0.177096274232926
OR014@6_0,数据集/数据集/源域数据集/48kHz_DE_data/OR/Centered/0014/OR014@6_0.mat,7,OR,48k_DE,1796.0,-0.011062105391858486,3.11109750770041,4.298933528994434,0.17530366843679424,0.6228873226656114,0.05258872124857339,0.021936773608709163,0.040121609651727515,0.029454367094749967,0.0062306625993809265,3.4264648524465833,0.6610754934318152,0.04423715043942988,0.6426194258113492,0.15892249085886867,0.10307797465068216,0.08033695865355757,0.13649669404454504,0.21375414994201908,0.19168715231695166
OR014@6_0,数据集/数据集/源域数据集/48kHz_DE_data/OR/Centered/0014/OR014@6_0.mat,8,OR,48k_DE,1796.0,0.03264391980033641,5.444003200778903,6.796127072894111,0.17389977415613747,0.6007976178373657,0.059449616250408205,0.015959661272866577,0.03154117032481753,0.020052815123174143,0.004414065240963464,10.967244715699803,0.6075511134616807,0.06278110200062798,0.734133349442049,0.14413810035187433,0.06495415382301477,0.17352860664190575,0.13416315897830108,0.23497067465704702,0.15914989441366564
OR014@6_0,数据集/数据集/源域数据集/48kHz_DE_data/OR/Centered/0014/OR014@6_0.mat,9,OR,48k_DE,1796.0,0.03638499711929119,6.539553363386712,6.271951181734798,0.17219068546664226,0.5942276033548721,0.06497554041219508,0.011265418717989964,0.02929295548284746,0.017804190401336278,0.0038574883426822494,11.12975794532645,0.573718541332006,0.09681040459282894,0.7852598261604075,0.12064151555004377,0.04860913913086231,0.20511337580118694,0.16129457074096337,0.24272039524089575,0.13809774426523308
OR014@6_0,数据集/数据集/源域数据集/48kHz_DE_data/OR/Centered/0014/OR014@6_0.mat,10,OR,48k_DE,1796.0,-0.010941586373269212,6.356917143008781,7.098763953666281,0.17335042422022828,0.6163450077959681,0.05933781540615083,0.015190964226134916,0.039325045950248605,0.02404038346264507,0.00520967666223309,13.856643275564842,0.6117672040328503,0.09118241250530561,0.7275608858972687,0.13200126431732023,0.0697277065045735,0.1666968151392551,0.15281563187754227,0.21621014382600956,0.15944858578416252
OR014@6_0,数据集/数据集/源域数据集/48kHz_DE_data/OR/Centered/0014/OR014@6_0.mat,11,OR,48k_DE,1796.0,-0.02225135221181673,3.0782297748924585,4.187554757377907,0.17499847402795582,0.6327793808982555,0.052814754574445996,0.02142941970358075,0.04868504367009656,0.02730353981539452,0.006587833795955352,3.236052952209849,0.6643556361977696,0.04692803468157372,0.623639501325316,0.1646138049653692,0.11036576039294466,0.0891438756897911,0.11734560552320795,0.2065106968374201,0.19758466259794327
OR014@6_0,数据集/数据集/源域数据集/48kHz_DE_data/OR/Centered/0014/OR014@6_0.mat,12,OR,48k_DE,1796.0,0.005312070466204602,3.0606045118444745,4.120720058007921,0.17524262955502656,0.6276119738228421,0.04778820853876377,0.021167719241233795,0.04247126223409435,0.02675477301092028,0.0061142319128621525,3.351061205822008,0.6562610414763163,0.04556120513867881,0.6467811851621779,0.16137534386745483,0.10105837766552425,0.09104191474821043,0.13512878043830923,0.20777527494416637,0.19798201757931697
OR014@6_0,数据集/数据集/源域数据集/48kHz_DE_data/OR/Centered/0014/OR014@6_0.mat,13,OR,48k_DE,1796.0,-0.0011399402296063555,3.0763077957027485,4.3076481459108535,0.1742660074467436,0.6283406971603437,0.0533522998699541,0.023594789301077848,0.0469425308322206,0.030577729551813183,0.005860098975877961,3.515398053920821,0.6663728018716691,0.05203997408257948,0.6241616694736215,0.16666950639872774,0.10844870649361482,0.09297261469898273,0.1411949623759916,0.18109560119113985,0.19105211091649268
OR014@6_1,数据集/数据集/源域数据集/48kHz_DE_data/OR/Centered/0014/OR014@6_1.mat,0,OR,48k_DE,1772.0,-0.03960121000217118,3.1938458315833,4.480579862101441,0.18220106207654277,0.6224458770737623,0.05053976376856988,0.025409924087641502,0.029675531646825244,0.011560976490562052,0.004134413151782685,3.7758455027782314,0.6573979759124133,0.05622604003794075,0.6158613979901071,0.223379996024766,0.09964216137172548,0.11959034647901785,0.1009983412035986,0.16988192773507893,0.20556072459988617
OR014@6_1,数据集/数据集/源域数据集/48kHz_DE_data/OR/Centered/0014/OR014@6_1.mat,1,OR,48k_DE,1772.0,-0.03443584318397839,3.11371777268978,4.181297705189864,0.1823841787218458,0.6223425038823593,0.055597627548509325,0.025849036882926408,0.02978892381796003,0.012314660729498042,0.0044943306711216465,3.418900337644235,0.6606467588660258,0.04258762768311355,0.6147225546071083,0.22052095351963608,0.10378827307194095,0.11262116553704345,0.09141945171448844,0.1736608292299976,0.21399834856516167
OR014@6_1,数据集/数据集/源域数据集/48kHz_DE_data/OR/Centered/0014/OR014@6_1.mat,2,OR,48k_DE,1772.0,-0.0238526313258394,3.058958339096739,3.6975566816458807,0.18329976194836112,0.6298199011204381,0.05608031061537932,0.025980741564827856,0.029943932190752802,0.014211532294887188,0.004399312052391117,3.1905075740528623,0.6643560641542563,0.03606669897493712,0.6113834123546807,0.22336571384993123,0.10490096323353729,0.0862296723905095,0.09179771614698878,0.18861801357441713,0.21439849402526337
OR014@6_1,数据集/数据集/源域数据集/48kHz_DE_data/OR/Centered/0014/OR014@6_1.mat,3,OR,48k_DE,1772.0,-0.014696225158090175,3.193776698762794,4.613926560021019,0.18452053958371484,0.6300390599491027,0.051528347509937275,0.025773788914798895,0.026988210799126774,0.01211977062763923,0.004137098493049381,3.836334021682759,0.655260187640485,0.04451925243393248,0.6280445485851718,0.21544418841661098,0.09830266584058434,0.09674630894523975,0.1049792654239032,0.18270490101748535,0.2199466980716448
OR014@6_1,数据集/数据集/源域数据集/48kHz_DE_data/OR/Centered/0014/OR014@6_1.mat,4,OR,48k_DE,1772.0,-0.0004921362430717679,3.149854725819722,4.534516152083627,0.18397118964780565,0.6213330327227723,0.060644116828464184,0.024193450916486604,0.02559136729145339,0.01079402152510755,0.0038292633843612423,3.7636529789416477,0.6499152280992946,0.04023831360395498,0.6359577259368301,0.2158416179560283,0.09176508903857004,0.10793681364030742,0.10733601311477806,0.15951262056328364,0.23585620037707708
OR014@6_1,数据集/数据集/源域数据集/48kHz_DE_data/OR/Centered/0014/OR014@6_1.mat,5,OR,48k_DE,1772.0,0.01870745343294079,2.968079624538726,4.053398455602251,0.18104132332295672,0.6194720445619291,0.06637523264067297,0.02406733981042763,0.027075341078303627,0.011707560974849734,0.003945721294422377,3.2819070498151874,0.6591402072182091,0.041368061932412714,0.6149034427950498,0.2267481651997736,0.09561410028850445,0.10563030161841869,0.09573232671284897,0.14103891260106485,0.2411956050737874
OR014@6_1,数据集/数据集/源域数据集/48kHz_DE_data/OR/Centered/0014/OR014@6_1.mat,6,OR,48k_DE,1772.0,0.030716882559156878,2.977274889079238,4.025430625297057,0.18195690654947203,0.6197538797186571,0.06570891214835826,0.023647679059716643,0.02780139362506043,0.01122011969015034,0.003837126886192076,3.119952556082463,0.6610340863051483,0.0455435503864534,0.6081511919857253,0.23418391842993766,0.09493635612707353,0.09123908393795595,0.08792165436893018,0.15521058584186667,0.25018915390521784
OR014@6_1,数据集/数据集/源域数据集/48kHz_DE_data/OR/Centered/0014/OR014@6_1.mat,7,OR,48k_DE,1772.0,0.0258568666509686,3.025861004630397,3.8402484655239375,0.18391015076603798,0.620666661716521,0.0490711647800872,0.022316105439523618,0.02847802483563281,0.011876089455392076,0.003596584401476046,3.0623729782446225,0.6604124409283795,0.04129235753069154,0.6153838458388774,0.22904293769573697,0.09352978900748211,0.08421510804670149,0.09306810722154031,0.15684774787287742,0.2596479081022348
OR014@6_1,数据集/数据集/源域数据集/48kHz_DE_data/OR/Centered/0014/OR014@6_1.mat,8,OR,48k_DE,1772.0,0.00840463376762824,3.162790846971591,4.248095242102045,0.18384911188427028,0.6200010521414016,0.050705775627049206,0.02257927056002465,0.02791443889936597,0.011932967450269552,0.003724337295452482,3.6032822921682803,0.65197767952119,0.0442911069719535,0.6547172756356857,0.19660177623193278,0.09130588752931974,0.11505899680330718,0.09249737488313439,0.15823178186812295,0.2585020653214786
OR014@6_1,数据集/数据集/源域数据集/48kHz_DE_data/OR/Centered/0014/OR014@6_1.mat,9,OR,48k_DE,1772.0,-0.010962399573392453,3.2361057535188134,4.354034126506231,0.18311664530305805,0.6226885005585598,0.052136332075054206,0.024635764686039906,0.03139014233426644,0.012028480090532359,0.004032531160022374,3.8765742081536803,0.6558396607203317,0.0437453610992098,0.6459648013647036,0.19401169896335185,0.0989262923006238,0.1204608003160413,0.08002770389232522,0.1946022819891238,0.21849207191371708
OR014@6_1,数据集/数据集/源域数据集/48kHz_DE_data/OR/Centered/0014/OR014@6_1.mat,10,OR,48k_DE,1772.0,-0.02224969960348719,3.160328349229746,4.547275077286267,0.18085820667765368,0.6254079896343612,0.060580446868281755,0.02679392721456632,0.0331421422488276,0.013048062423647224,0.004121361448364511,3.570259819182395,0.6618755797744339,0.03850957864397314,0.6298188871354583,0.19750232605687465,0.10411453173141541,0.10842833383420274,0.0804489533160554,0.1843963092556013,0.2285264761203217
OR014@6_1,数据集/数据集/源域数据集/48kHz_DE_data/OR/Centered/0014/OR014@6_1.mat,11,OR,48k_DE,1772.0,-0.024674343201181913,3.007998698929404,4.652411788655936,0.18110236220472442,0.6292598362686537,0.06172395773505129,0.02670951165120457,0.033448951789230054,0.013655471926933341,0.004399603160758639,3.1592069505704434,0.6686881991448671,0.03723635034824759,0.5981249187752279,0.22105735683854444,0.10745432965589186,0.10129667086880866,0.08670370551207418,0.1601364693164507,0.22430629617113695
OR014@6_1,数据集/数据集/源域数据集/48kHz_DE_data/OR/Centered/0014/OR014@6_1.mat,12,OR,48k_DE,1772.0,-0.026165142080814274,3.079774423557871,4.272307144632323,0.18146859549533054,0.6268231046815977,0.05503702328298748,0.025548309217824156,0.02982282203157707,0.012190529502907652,0.00425491954651224,3.3183595423324843,0.6594074021996242,0.040270595094309074,0.609620025371349,0.22546778651368587,0.10255688660085172,0.10570538225398693,0.09878128818168246,0.162800342846842,0.21601361519078482
OR014@6_1,数据集/数据集/源域数据集/48kHz_DE_data/OR/Centered/0014/OR014@6_1.mat,13,OR,48k_DE,1772.0,-0.026059183632022923,3.1325436841330756,4.1330709392876175,0.18085820667765368,0.6276845101916191,0.05220809944570601,0.023238089970137443,0.026207106396711023,0.01200267668757116,0.004151229482623906,3.3680911880737856,0.6518584086767745,0.0420724582276067,0.6323107001739613,0.22128918607234865,0.0863504300607611,0.1068318765784162,0.10279835728874027,0.18599035923519514,0.20897462328364022
OR014@6_2,数据集/数据集/源域数据集/48kHz_DE_data/OR/Centered/0014/OR014@6_2.mat,0,OR,48k_DE,1749.0,-0.007746391880116566,2.9689285286170803,4.028285143494599,0.18329976194836112,0.612530947308261,0.06175056313102098,0.020549233392563718,0.033367502788375664,0.01321953802877801,0.0030930953919191028,3.268521670159055,0.6580153708582285,0.03284774115755135,0.6291390309061599,0.20081241369997235,0.10026354820126746,0.08910104265565058,0.11756276961989605,0.1508829268584783,0.22718412393066956
OR014@6_2,数据集/数据集/源域数据集/48kHz_DE_data/OR/Centered/0014/OR014@6_2.mat,1,OR,48k_DE,1749.0,-0.015588464690682508,15.620532460834742,9.116131569908266,0.18439846182017947,0.5915498121572408,0.058662774519660454,0.009107566292166826,0.014864296219880209,0.006375687174204464,0.0024933036726730883,25.033904856047133,0.5215423134544888,0.1609128207726975,0.8322959286450005,0.12064962232780789,0.02578002219923946,0.14540757533527118,0.2920215831380532,0.2272262056640722,0.1352849717066148
OR014@6_2,数据集/数据集/源域数据集/48kHz_DE_data/OR/Centered/0014/OR014@6_2.mat,2,OR,48k_DE,1749.0,-0.03091242465643992,15.431458396668072,9.080131532133217,0.18305560642129037,0.5912640121671547,0.056368284897986884,0.008384137270432052,0.014937744337875676,0.005934351243999342,0.0024924476763868247,24.568290861494106,0.5201522185098384,0.16092314588675746,0.8381654371015991,0.11732328262316624,0.025195119617294898,0.1368354694058433,0.29886770417061564,0.2342330117682543,0.13739357058355664
OR014@6_2,数据集/数据集/源域数据集/48kHz_DE_data/OR/Centered/0014/OR014@6_2.mat,3,OR,48k_DE,1749.0,-0.03188939021182625,3.104566175167354,3.8340012442157385,0.17975950680583533,0.6082577850254568,0.06146091472730411,0.019449877176826565,0.03158478209294145,0.012086883810455813,0.002905360708931536,3.213698558343845,0.6420953051749243,0.04560399074082741,0.6966837346929841,0.1566402531919157,0.08900211273870112,0.09273380690424515,0.1476456992704009,0.17205190843665863,0.25130187906088053
OR014@6_2,数据集/数据集/源域数据集/48kHz_DE_data/OR/Centered/0014/OR014@6_2.mat,4,OR,48k_DE,1749.0,-0.010796703923778732,3.1172447601224236,3.907571232745006,0.17994262345113837,0.6142743826215813,0.05784918427820539,0.021575156207299516,0.03145797513388633,0.01291954940744964,0.0030281481106155567,3.383011726565881,0.6459651370485331,0.05445937490562083,0.6685220250438252,0.1747768470763713,0.09378549822737896,0.13136992573096548,0.1366928878279935,0.11448259432663425,0.2450907625940109
OR014@6_2,数据集/数据集/源域数据集/48kHz_DE_data/OR/Centered/0014/OR014@6_2.mat,5,OR,48k_DE,1749.0,0.005279383356001923,2.9668344611195,3.7332665656163293,0.1820789843130074,0.6147720291158888,0.06537436709635898,0.02156200531364396,0.03227254373453791,0.012562264301318475,0.0031934825789353568,3.146277335019043,0.6563738740574856,0.05696753047794564,0.6317777513253267,0.19813728291191,0.10224659095106463,0.12235605918167766,0.11531918885273583,0.12472677887471163,0.23372972007664175
OR014@6_2,数据集/数据集/源域数据集/48kHz_DE_data/OR/Centered/0014/OR014@6_2.mat,6,OR,48k_DE,1749.0,0.0015085307774040553,3.279610761509469,4.274933502617593,0.18220106207654277,0.6172968740874111,0.055676344175226045,0.0190998900649009,0.030532994156598152,0.011208336231087213,0.0030916631771533793,4.060951427080212,0.6453139545786919,0.0590284515362785,0.653374801545616,0.19435664603572392,0.08865963909071575,0.1273293931895712,0.10559155234495887,0.18769670388825427,0.19967877722814464
OR014@6_2,数据集/数据集/源域数据集/48kHz_DE_data/OR/Centered/0014/OR014@6_2.mat,7,OR,48k_DE,1749.0,-0.012114362307401058,3.450360494000109,4.299376091961092,0.18165171214063358,0.6180605491432053,0.04766650624960735,0.01971336801513895,0.029947789959961908,0.011653794762971405,0.0030399128680826614,4.23252886534161,0.6376424447349592,0.06767620166876034,0.6710366146184175,0.1855605096937966,0.08256533589933938,0.13771809485185346,0.1438239063721487,0.15316541977412462,0.19707798653619626
OR014@6_2,数据集/数据集/源域数据集/48kHz_DE_data/OR/Centered/0014/OR014@6_2.mat,8,OR,48k_DE,1749.0,-0.011553246057919228,3.1458646450168253,4.323454479160125,0.18232313984007814,0.6178421133988159,0.06618010152130775,0.021790847873178653,0.03592836378555181,0.01362763260788523,0.003253236831738361,3.6199696325812054,0.6542478631372892,0.058583661423001754,0.6517674637835239,0.17740791600588168,0.10082929703758962,0.10168735702517719,0.16944413707858375,0.12379543562274925,0.2198622905111685
OR014@6_2,数据集/数据集/源域数据集/48kHz_DE_data/OR/Centered/0014/OR014@6_2.mat,9,OR,48k_DE,1749.0,0.0007062159998679944,3.095964174545393,4.321370835336952,0.18140755661356284,0.6163806307676708,0.05777683250245595,0.020747923727006363,0.034839660148737656,0.011927056606517444,0.0030869189498633517,3.5435186135545758,0.6517417006768079,0.05218255755028344,0.6558280221551516,0.18212515100175522,0.09335592441840744,0.07659159379781794,0.17978151623810135,0.14288267973370475,0.21982736218045004
OR014@6_2,数据集/数据集/源域数据集/48kHz_DE_data/OR/Centered/0014/OR014@6_2.mat,10,OR,48k_DE,1749.0,0.02436184005367841,3.0887452172978422,4.091657694879418,0.18085820667765368,0.6151619846892262,0.06292335676205973,0.020572898203716987,0.035129337485211444,0.012540528920880584,0.0031335186704168423,3.4562355077494162,0.6530685169404719,0.0535734071145836,0.6283578623842588,0.20827920265430078,0.0968751084710206,0.0801476154960793,0.17414853448237227,0.13067997332914774,0.20849612821510427
OR014@6_2,数据集/数据集/源域数据集/48kHz_DE_data/OR/Centered/0014/OR014@6_2.mat,11,OR,48k_DE,1749.0,-0.0051343995706506955,3.0903068315477844,3.94246304124867,0.18085820667765368,0.6117640493759489,0.05843053019106674,0.018637656323355074,0.03485517658508307,0.012072596859860228,0.0029307163689951546,3.153127306968713,0.6463824938556111,0.05084574385469009,0.6533642681807076,0.19520965211670135,0.091509983506591,0.08235724813597424,0.15432782266216397,0.14117890623565485,0.23353253378613803
OR014@6_2,数据集/数据集/源域数据集/48kHz_DE_data/OR/Centered/0014/OR014@6_2.mat,12,OR,48k_DE,1749.0,-0.008150601085461836,3.176649536683516,4.048526681124666,0.18214002319477507,0.6122132501965474,0.05458781645119397,0.01889687354604261,0.03382131593182031,0.012495483818982092,0.002996034508743547,3.2994052940217937,0.6448308638378025,0.04621428395585115,0.6662291545268871,0.18463204987257645,0.08813647381153042,0.08067050015428627,0.13229515315095255,0.17555950286474648,0.23885864869437504
OR014@6_2,数据集/数据集/源域数据集/48kHz_DE_data/OR/Centered/0014/OR014@6_2.mat,13,OR,48k_DE,1749.0,0.00046052147893414124,3.1077701472569754,4.098206574047582,0.1806750900323506,0.6141709439203831,0.05667730360234535,0.021330682776968278,0.03585202973359893,0.012477836361277906,0.003123703541839914,3.3421866069971133,0.6542246296815755,0.04650305298630002,0.6420121034526733,0.19357885494335456,0.09960398517273526,0.07025357992033987,0.1338273168882601,0.15653465612012318,0.2458868921841642
OR014@6_3,数据集/数据集/源域数据集/48kHz_DE_data/OR/Centered/0014/OR014@6_3.mat,0,OR,48k_DE,1723.0,0.0019351252670214976,3.04233376632675,4.566580264916512,0.18049197338704756,0.6079872701891681,0.09531403636339525,0.015888858342451486,0.03301255416337754,0.044807802664260765,0.002776436889324028,3.5179949660337915,0.6577258659374906,0.04806167215377296,0.6436391842503746,0.1507070237134231,0.09122180488338061,0.1312782002697085,0.14336513140455578,0.12888026736504735,0.19286028230868357
OR014@6_3,数据集/数据集/源域数据集/48kHz_DE_data/OR/Centered/0014/OR014@6_3.mat,1,OR,48k_DE,1723.0,-0.00157859954744409,2.9351355052025383,4.0869666635604025,0.1798815845693707,0.6110272315971773,0.08801322155828047,0.01588815609844511,0.034286157047207735,0.04310149710242601,0.0028438789003984465,3.3292125617403427,0.6665363198821287,0.056762397168189385,0.6147205017387123,0.16629360775545665,0.09678994711028907,0.1141088786329813,0.11738025763386761,0.13639774853056477,0.20535067645394245
OR014@6_3,数据集/数据集/源域数据集/48kHz_DE_data/OR/Centered/0014/OR014@6_3.mat,2,OR,48k_DE,1723.0,0.02265363534673456,2.9112707724296003,3.983746164782864,0.17914911798815847,0.6031267993953418,0.08762788154955303,0.01588148981341344,0.02971981362302336,0.042122951041448385,0.0029198712204511206,3.190196587537694,0.6601920018679848,0.05377029249218908,0.6268404980832387,0.16419908357038965,0.09231745846722653,0.13902384457995182,0.1115515804397131,0.1368033760234841,0.21413956769305967
OR014@6_3,数据集/数据集/源域数据集/48kHz_DE_data/OR/Centered/0014/OR014@6_3.mat,3,OR,48k_DE,1723.0,0.029938648430998478,2.9710403209799834,3.8949966454274967,0.17792834035280475,0.6043240391847986,0.09280819491286668,0.01514590096389273,0.03061958835468052,0.04266332330944173,0.0027731653995629883,3.137055950976255,0.6564533998655653,0.04943816363204934,0.641491115838565,0.16092026755916208,0.08825013403959907,0.1330156452674521,0.12984023914521048,0.13580719534881278,0.21499684401484748
OR014@6_3,数据集/数据集/源域数据集/48kHz_DE_data/OR/Centered/0014/OR014@6_3.mat,4,OR,48k_DE,1723.0,0.008226988880798956,3.030531272467044,4.336736113960302,0.1781114569981078,0.597966650680173,0.10184744755019474,0.014981937791225102,0.03212856185303887,0.04279824838058275,0.002548887041514847,3.368535798402305,0.654496795574992,0.05825018467222955,0.6295213237625104,0.17176118175229826,0.08545988668130923,0.15139216344567372,0.11269047951629182,0.1266281654273084,0.19224857433764778
OR014@6_3,数据集/数据集/源域数据集/48kHz_DE_data/OR/Centered/0014/OR014@6_3.mat,5,OR,48k_DE,1723.0,-0.00031985834965358247,3.0442102402402162,4.205206498518836,0.17927119575169384,0.5872458916918925,0.12094661717910583,0.014421509127731989,0.028261404065743848,0.04110377361272618,0.002614649325511502,3.297456369510153,0.6469052315395937,0.05647149106428842,0.6478661582035008,0.16148248471530574,0.08046474045476561,0.15014829863450826,0.13905459722396976,0.12162802697020701,0.19285402066598886
OR014@6_3,数据集/数据集/源域数据集/48kHz_DE_data/OR/Centered/0014/OR014@6_3.mat,6,OR,48k_DE,1723.0,0.019715272323268092,3.0389216582666054,4.014047530615346,0.177684184825734,0.5905353414235289,0.121192229664689,0.014189732990700468,0.03131129931414558,0.041310776542687826,0.0026758496096321673,3.3256592686517767,0.6525022994109587,0.05715508142451066,0.6355466801215981,0.16089540227960278,0.0864569393435036,0.10590642023568733,0.1704275515619396,0.14906331910595172,0.18223175172552583
OR014@6_3,数据集/数据集/源域数据集/48kHz_DE_data/OR/Centered/0014/OR014@6_3.mat,7,OR,48k_DE,1723.0,0.01921271614629231,2.972322320948171,4.056583553948024,0.1781114569981078,0.5919449538625665,0.11173052832774694,0.014379996875861983,0.03131457539093856,0.04191784888606091,0.0023929570153859206,3.272103147194561,0.6553555056934375,0.05693031979733505,0.6420640598762922,0.15455635853881336,0.08930793619411849,0.13321145570210594,0.12186273540654181,0.1341876400179015,0.2211903333033082
OR014@6_3,数据集/数据集/源域数据集/48kHz_DE_data/OR/Centered/0014/OR014@6_3.mat,8,OR,48k_DE,1723.0,0.010838254165258078,2.9325569427021883,4.144892363698457,0.17927119575169384,0.6006675105375459,0.10989098300270306,0.015933821425763297,0.02955607894422331,0.044276488279840216,0.00254165130921184,3.043848869625314,0.656287550078408,0.059898222901501826,0.640665826012301,0.15879962638987377,0.09155337321817696,0.1483426335635048,0.11808468466774907,0.11192328810138402,0.21977364824594178
OR014@6_3,数据集/数据集/源域数据集/48kHz_DE_data/OR/Centered/0014/OR014@6_3.mat,9,OR,48k_DE,1723.0,-0.0031589734496881242,3.048311957820712,4.48102109887574,0.17878288469755235,0.5954362478896571,0.10817916851992365,0.015124323312522107,0.031043384668458143,0.04330880029460854,0.0026242205787782844,3.4516652585763277,0.6556788810684704,0.06758025339826686,0.6437724530650538,0.1561886130068433,0.08983953493257775,0.13542720059448224,0.11840011842470613,0.1652863159192857,0.19023117885856247
OR014@6_3,数据集/数据集/源域数据集/48kHz_DE_data/OR/Centered/0014/OR014@6_3.mat,10,OR,48k_DE,1723.0,-0.02003143485495069,3.1161557905757755,4.471299395225945,0.17866080693401698,0.5968321190532677,0.1071215688742667,0.015000205825439157,0.03230252942607209,0.044376287934549875,0.0027938732857697374,3.469181457932266,0.6474584822056437,0.05927924862453348,0.6652455515178123,0.14244113245395862,0.08267293546422318,0.15999964773566977,0.1181293669950743,0.17103110113315242,0.18858063543892994
OR014@6_3,数据集/数据集/源域数据集/48kHz_DE_data/OR/Centered/0014/OR014@6_3.mat,11,OR,48k_DE,1723.0,-0.006552747747629691,3.0641437677346954,3.8689749355554244,0.17695171824452177,0.5956976190980487,0.10782927619431637,0.016037197362119157,0.03184528340894045,0.04366579983569561,0.002780629979198713,3.183103453356561,0.6441517437081573,0.05869032331532918,0.682634977327127,0.1286908030653517,0.08414271748986335,0.15651696904837928,0.13929968349515298,0.15156049572042513,0.2091608688441827
OR014@6_3,数据集/数据集/源域数据集/48kHz_DE_data/OR/Centered/0014/OR014@6_3.mat,12,OR,48k_DE,1723.0,0.019811481413118424,3.032783704720506,3.9877514871669053,0.17719587377159252,0.5984655799084093,0.09918083565198478,0.016684404764467115,0.03301647341754468,0.04542908839468722,0.002570172280586314,3.2270021986613258,0.65551325310224,0.04900663989473824,0.6562634822630279,0.13779874173157888,0.09177399079104283,0.1271285864765687,0.1428707044864585,0.15060442437161906,0.20580873849366432
OR014@6_3,数据集/数据集/源域数据集/48kHz_DE_data/OR/Centered/0014/OR014@6_3.mat,13,OR,48k_DE,1723.0,0.022278258015509797,2.934253499263671,3.9711450408353426,0.1803698956235122,0.6025672892221947,0.09936864400127157,0.01602795307008862,0.03270960915303779,0.04740957778458819,0.0028593305703259646,3.125934252468494,0.664067425731214,0.04653155212455889,0.630159396923075,0.14840551530845097,0.09720586330965827,0.11275662207267596,0.12734611667269324,0.167647621582019,0.18739945018950901
OR021@6_0,数据集/数据集/源域数据集/48kHz_DE_data/OR/Centered/0021/OR021@6_0.mat,0,OR,48k_DE,1796.0,-0.4359470238773449,18.588918242164027,8.455525003316085,0.1588842092412867,0.6328966535204661,0.04961262504406022,0.011313212780531268,0.05510600551488348,0.025702525505395927,0.0036490658733015573,15.454154565802112,0.5191265062509973,0.1198378673939419,0.8200713287740333,0.1092533461887383,0.039040910940068035,0.25663006265003196,0.2898628070248381,0.2042769600425414,0.05735646327337244
OR021@6_0,数据集/数据集/源域数据集/48kHz_DE_data/OR/Centered/0021/OR021@6_0.mat,1,OR,48k_DE,1796.0,-0.445686847649707,19.034639985809676,8.750492018692885,0.15821278154184215,0.6310191213749282,0.052136246200267945,0.009800011937949478,0.0512298309643554,0.025740732754261173,0.003814763971585565,15.768859590446135,0.5123038579877066,0.1195466972880194,0.8331497234867357,0.10069921315899344,0.03529899879024338,0.2604429981097238,0.293856690115785,0.2143857228804899,0.05667880120080763
OR021@6_0,数据集/数据集/源域数据集/48kHz_DE_data/OR/Centered/0021/OR021@6_0.mat,2,OR,48k_DE,1796.0,-0.25444880423199373,19.163060221417247,9.399277249348671,0.15662577061588231,0.6319063081315979,0.05638274854212291,0.011122520673286434,0.056554130921327606,0.026711796683141123,0.0038519797312920627,15.93699905123636,0.5044322371973523,0.1377614814864141,0.8351862384413781,0.09964408883454653,0.03657280825456952,0.27778400912689327,0.2911835699379379,0.19882202920121025,0.05670494109446486
OR021@6_0,数据集/数据集/源域数据集/48kHz_DE_data/OR/Centered/0021/OR021@6_0.mat,3,OR,48k_DE,1796.0,-0.13552342746705306,21.185534288427554,9.51664879585983,0.15503875968992248,0.6244491325263545,0.04875736225963133,0.010350909709769596,0.050758233467472554,0.02375786452364302,0.003759652524298858,18.235967942682603,0.4993308635777317,0.11864809710815843,0.8719126770039558,0.0692034180212798,0.03565939576055026,0.26249789149417024,0.2993724276275217,0.23485763778448604,0.06350057923945228
OR021@6_0,数据集/数据集/源域数据集/48kHz_DE_data/OR/Centered/0021/OR021@6_0.mat,4,OR,48k_DE,1796.0,-0.1028279849615316,20.14096214931861,9.135582580010897,0.15723615943355918,0.6346130842925651,0.046709679830418065,0.010716677191958703,0.04856323194932334,0.02405253918337085,0.004085110843666969,17.135082450586648,0.5014594735724569,0.11871452231379884,0.8640105009906285,0.07753775566334734,0.03446640889853816,0.26101038133020893,0.3067095978725254,0.22396461343503032,0.06404983113594594
OR021@6_0,数据集/数据集/源域数据集/48kHz_DE_data/OR/Centered/0021/OR021@6_0.mat,5,OR,48k_DE,1796.0,-0.19470781729887807,19.211580595224405,9.212033532038694,0.15906732588658976,0.6273971891917877,0.05413330587704617,0.009980154199804069,0.051043534588574004,0.02302649285618993,0.0041057739419319535,16.004177195300006,0.4972313883630385,0.13799459642818276,0.8565497395399612,0.08379807105261872,0.03395315454527109,0.2913694567626006,0.29321964981197324,0.2032496737311938,0.057170769813446605
OR021@6_0,数据集/数据集/源域数据集/48kHz_DE_data/OR/Centered/0021/OR021@6_0.mat,6,OR,48k_DE,1796.0,-0.3741885674994535,19.243989326479976,8.893062676619087,0.15595434291643778,0.6302269209765904,0.04843139650071344,0.010013522277514777,0.051465543525744104,0.0236101207171724,0.004263302263790712,16.425294383522353,0.5156359226122417,0.11776328597789867,0.827494024110159,0.10711695498126565,0.03310295349922094,0.2504722460209879,0.29075094270227764,0.22313156011894694,0.052734461496567436
OR021@6_0,数据集/数据集/源域数据集/48kHz_DE_data/OR/Centered/0021/OR021@6_0.mat,7,OR,48k_DE,1796.0,-0.37514055827053766,18.436505899969948,8.867733073475305,0.15552707074406397,0.630045634851798,0.055777689943905716,0.012593538917998904,0.05412677632427863,0.025608105888540095,0.004117717048073006,15.74066042435521,0.5145511550781808,0.11733909816249086,0.8320224177427141,0.10013832992126419,0.035020329179453635,0.2475218399767021,0.29354691860796617,0.22714748422423217,0.058557775168127345
OR021@6_0,数据集/数据集/源域数据集/48kHz_DE_data/OR/Centered/0021/OR021@6_0.mat,8,OR,48k_DE,1796.0,-0.024353108573828705,23.453416346604094,10.666320503099683,0.15961667582249894,0.6184471671227245,0.05746088484156401,0.009976915972466482,0.04341429586787123,0.020616071076270014,0.003677577308762808,20.26285503493382,0.4866529351440769,0.13797894496062837,0.8828342839130735,0.07205168132721586,0.027505420699356235,0.28668667077624804,0.2980346123133672,0.22125838913461915,0.06838729877627574
OR021@6_0,数据集/数据集/源域数据集/48kHz_DE_data/OR/Centered/0021/OR021@6_0.mat,9,OR,48k_DE,1796.0,0.05195826515453573,23.443546971718366,10.477041577030352,0.15900628700482208,0.6203250379543153,0.04896624995538023,0.007034980265414843,0.039386799477984,0.019403475136515438,0.004557651938902555,20.361973003802724,0.49416570039897545,0.12366336842475366,0.8704846599155965,0.08692835676681376,0.02422225641075355,0.26313830050790243,0.3026106083799813,0.23263430523309223,0.06404365383216816
OR021@6_0,数据集/数据集/源域数据集/48kHz_DE_data/OR/Centered/0021/OR021@6_0.mat,10,OR,48k_DE,1796.0,-0.17361213196647893,20.865765432168836,9.568677596949678,0.15772447048770066,0.6242164970935519,0.04830476039925245,0.01136446581328161,0.050277128462927555,0.024054254218197457,0.004606893755879334,17.95846501573667,0.5011383637814286,0.12091818246810931,0.8545601608725897,0.08796066961278663,0.03161278754141323,0.26067837499557384,0.30423261534983415,0.2238052501692196,0.058945145840230403
OR021@6_0,数据集/数据集/源域数据集/48kHz_DE_data/OR/Centered/0021/OR021@6_0.mat,11,OR,48k_DE,1796.0,-0.19969450738749717,21.373006370240546,9.478669811699183,0.15839589818714522,0.6293048436961407,0.04366767796370508,0.011112486906758317,0.050504274451890915,0.023151895807029508,0.004489576977866742,18.340089547417534,0.5022432702026315,0.13738216450398683,0.8495716087421106,0.09472985867557775,0.030722239138377388,0.2831640907699262,0.2865402365626198,0.20392373576107725,0.06641257803151433
OR021@6_0,数据集/数据集/源域数据集/48kHz_DE_data/OR/Centered/0021/OR021@6_0.mat,12,OR,48k_DE,1796.0,-0.21792409319350822,22.07242357612906,9.672486033424986,0.1567478483794177,0.6282612130321871,0.042657527726759306,0.007977703604522442,0.04432599264814533,0.022300977071221875,0.004911141489362122,19.48100096878613,0.5064613909533203,0.11955178092848524,0.8474423163198632,0.10044729173995541,0.02733177405159981,0.2583785264792225,0.29285191293535434,0.2272879091063295,0.06015558821684936
OR021@6_0,数据集/数据集/源域数据集/48kHz_DE_data/OR/Centered/0021/OR021@6_0.mat,13,OR,48k_DE,1796.0,-0.16311656067340416,20.877804421951627,9.28039721768401,0.1571140816700238,0.6267666087980669,0.0443197380273801,0.010222859932158403,0.04915112919107563,0.025863991265218128,0.004804113863510394,18.293635054356855,0.4938063908956185,0.128133836345681,0.8687440409782977,0.07722584524824971,0.030000042781300668,0.27578655469213137,0.3020664641124437,0.22791595172023857,0.05782634442054449
OR021@6_1,数据集/数据集/源域数据集/48kHz_DE_data/OR/Centered/0021/OR021@6_1.mat,0,OR,48k_DE,1771.0,-0.15928183324601994,22.206594049343146,9.113751658682503,0.16736861380699505,0.6339580330323848,0.035701768776267295,0.008260593856501935,0.04682979054450531,0.018972417921157652,0.0047334155637442496,18.810831878042258,0.5045813513345845,0.11947149294757071,0.8322519089440672,0.1151487143863392,0.028751267535784605,0.2770946256667837,0.30213363675047805,0.19498321802334126,0.04815763320583932
OR021@6_1,数据集/数据集/源域数据集/48kHz_DE_data/OR/Centered/0021/OR021@6_1.mat,1,OR,48k_DE,1771.0,-0.29598824837682264,20.617877534894305,9.17008304125973,0.16480498077275224,0.6301160566244592,0.03691790373974419,0.007544698026516001,0.04685925638124662,0.01951362873522918,0.003715698968096021,17.42835193929105,0.5090496229035946,0.11677192761210944,0.8262531366995991,0.11894891031338857,0.028981582938708172,0.26407532538689776,0.30127631931730453,0.20301682015206307,0.0488502257531882
OR021@6_1,数据集/数据集/源域数据集/48kHz_DE_data/OR/Centered/0021/OR021@6_1.mat,2,OR,48k_DE,1771.0,-0.3604945742993236,20.65591852136042,10.203792930206276,0.16279069767441862,0.6365056006366097,0.035522304671623164,0.007731811099943054,0.05378316128344502,0.021610376108923843,0.004263448144719327,17.632332590581278,0.5140804858901953,0.11568626546762384,0.8165509322910541,0.12351507894336573,0.03061299685594255,0.265164809390732,0.2952031839281812,0.1998169983055925,0.04896188718152383
OR021@6_1,数据集/数据集/源域数据集/48kHz_DE_data/OR/Centered/0021/OR021@6_1.mat,3,OR,48k_DE,1771.0,-0.3676967277096445,20.586480292429833,10.36294796679358,0.1632790087285601,0.6364309543175399,0.034332188355459606,0.008042264543159894,0.05194011265786126,0.020795756538002457,0.004776535738842149,17.758715955389572,0.5125993814336756,0.11977439875051635,0.8206928955891826,0.11968617348868969,0.031135258123470348,0.26749124636741756,0.29432273889131444,0.20081720832055727,0.04863090992430137
OR021@6_1,数据集/数据集/源域数据集/48kHz_DE_data/OR/Centered/0021/OR021@6_1.mat,4,OR,48k_DE,1771.0,-0.3006253361513114,22.139459193931508,10.419590222324345,0.16688030275285357,0.6329463339438838,0.03734394301444517,0.0076103309442555915,0.05029465714905408,0.020740596877747257,0.00520931972549401,19.727105507896503,0.5069530557735674,0.11645138355293062,0.8313044523208476,0.11271573301787062,0.029065682790064083,0.267864437319021,0.3002741428575886,0.20745390693053908,0.0478784029837156
OR021@6_1,数据集/数据集/源域数据集/48kHz_DE_data/OR/Centered/0021/OR021@6_1.mat,5,OR,48k_DE,1771.0,-0.20674045782436323,22.344702688078197,10.100429072000091,0.16742965268876275,0.6294380064401982,0.03989813370506294,0.007168391977268947,0.04615168554814534,0.0200338588002459,0.004481795872786005,19.332838359670525,0.5026819765013649,0.12379412468564399,0.8401266470148914,0.11050235671157374,0.025977975366506423,0.27229505836313594,0.2964728464746142,0.21274648786849285,0.051079673752442434
OR021@6_1,数据集/数据集/源域数据集/48kHz_DE_data/OR/Centered/0021/OR021@6_1.mat,6,OR,48k_DE,1771.0,-0.33787400437023385,19.133696334208718,8.021843790066628,0.16584264176280292,0.6284355096500761,0.03842252273476335,0.007230556979844443,0.0482045010768582,0.022566397464470547,0.003815053896057412,15.897270612309216,0.5086154539556458,0.11425825581436352,0.8373343178099593,0.10736432514997309,0.028487009925995364,0.2586819390435693,0.2979933473671646,0.2185837809112108,0.05482390111911924
OR021@6_1,数据集/数据集/源域数据集/48kHz_DE_data/OR/Centered/0021/OR021@6_1.mat,7,OR,48k_DE,1771.0,-0.5196700662557724,19.463470516574674,9.092827612107335,0.16511017518159068,0.6346774485713582,0.035092789106542614,0.009826987772517623,0.05507830406724421,0.023281178173142025,0.004219403033860937,16.348656149700172,0.5190397624271004,0.12077344774363644,0.8093363750015106,0.12283283014169598,0.03372013746325143,0.27025546103503767,0.2869931225123936,0.1922131771643687,0.04987133304128132
OR021@6_1,数据集/数据集/源域数据集/48kHz_DE_data/OR/Centered/0021/OR021@6_1.mat,8,OR,48k_DE,1771.0,-0.5337913367933027,19.242573282561846,9.311396676601419,0.16419459195507538,0.6311584713617501,0.03581001431754542,0.008495741510696549,0.0518710557331522,0.023705281845209737,0.004095206986304416,16.366181074042338,0.5118050302974855,0.12320144434503515,0.8222501779213743,0.11490754224479423,0.03247818001220794,0.2661620365897513,0.2961627479645146,0.20292519732863318,0.04701740687928582
OR021@6_1,数据集/数据集/源域数据集/48kHz_DE_data/OR/Centered/0021/OR021@6_1.mat,9,OR,48k_DE,1771.0,-0.5008680621994445,18.572082774780657,8.79809009630082,0.16364524201916622,0.6247628700077988,0.04131603805319855,0.008905149250653333,0.05888440781199166,0.023612229271111767,0.004137591923342092,15.948654110149155,0.5052251373458375,0.121538465551955,0.8413301707374303,0.09317911091084383,0.03755280912161465,0.2623431757996126,0.3111494150059627,0.20504690636867776,0.0517018254957594
OR021@6_1,数据集/数据集/源域数据集/48kHz_DE_data/OR/Centered/0021/OR021@6_1.mat,10,OR,48k_DE,1771.0,-0.3208264850111575,20.317557637092364,9.055170696711569,0.161936153329671,0.6120165994429828,0.048555602589006326,0.008076236767293578,0.05355171400259574,0.023298835454703355,0.003617271072502593,17.31793006695495,0.4927224985017223,0.11469165104590248,0.8770722108016298,0.0661088750892459,0.03406557206708618,0.2652994878125766,0.3173225807388625,0.22436617031650832,0.05937566796933172
OR021@6_1,数据集/数据集/源域数据集/48kHz_DE_data/OR/Centered/0021/OR021@6_1.mat,11,OR,48k_DE,1771.0,-0.2592920563662772,19.92947436220844,9.064988362524845,0.16315693096502473,0.6195093840419461,0.048419778378824045,0.009113286479500275,0.05299262560929954,0.022978791917272604,0.004207166399939531,16.847033616895768,0.4923169332098506,0.11669679167031863,0.8800425273887184,0.06506261187263805,0.03368850644750218,0.2741348783934587,0.31424078921817744,0.21542997065459607,0.06592640986928021
OR021@6_1,数据集/数据集/源域数据集/48kHz_DE_data/OR/Centered/0021/OR021@6_1.mat,12,OR,48k_DE,1771.0,-0.3729807826187022,18.659937790078516,8.797816804527654,0.16260758102911554,0.6272009705499636,0.0432837324558366,0.00851797102364453,0.05994504239220028,0.024463216467624203,0.004705300692330812,16.213796230033832,0.49851297094747504,0.11951810117380815,0.870221554374493,0.06486213429849357,0.0400826169100247,0.2679067903612743,0.3100650336663704,0.22070601631707903,0.06157294790068834
OR021@6_1,数据集/数据集/源域数据集/48kHz_DE_data/OR/Centered/0021/OR021@6_1.mat,13,OR,48k_DE,1771.0,-0.3281804880495813,17.177905845945162,8.369341767913149,0.16144784227552952,0.6343271765703289,0.03856869317688359,0.008633479070112996,0.060860631760760654,0.025202428645776473,0.004671464827595709,14.6554824659831,0.5037095496204802,0.11869165050086306,0.8545310831658501,0.07951945963738327,0.04084037168254168,0.26362676068900226,0.3108630532251487,0.21285658981455355,0.05826844877138864
OR021@6_2,数据集/数据集/源域数据集/48kHz_DE_data/OR/Centered/0021/OR021@6_2.mat,0,OR,48k_DE,1747.0,-0.309124557457093,20.381613939018,10.499173734723893,0.16120368674845878,0.636973988302127,0.03321950679520537,0.008190753208062704,0.048839398793044005,0.02452818082277113,0.004062145592565948,17.931294214650414,0.509521745632284,0.12211322001631485,0.8332338940285111,0.10661439869787988,0.03389283289432384,0.2679980692145702,0.302483079859686,0.18733079514147155,0.06011223152043487
OR021@6_2,数据集/数据集/源域数据集/48kHz_DE_data/OR/Centered/0021/OR021@6_2.mat,1,OR,48k_DE,1747.0,-0.32881265882681027,22.92563826763819,10.711909874118026,0.16572056399926754,0.6375666942209143,0.03076736035900735,0.0074578377170137974,0.0439156985383824,0.023008937317008628,0.004591437810467329,21.067255138962494,0.510259769941954,0.12039734917838317,0.8311589932802502,0.11929276854829564,0.02676418509671379,0.2650258384012029,0.2932171875308441,0.1919156593077548,0.0657131386460402
OR021@6_2,数据集/数据集/源域数据集/48kHz_DE_data/OR/Centered/0021/OR021@6_2.mat,2,OR,48k_DE,1747.0,-0.3575149744637424,21.9479305098734,10.869640468887017,0.1659036806445706,0.6337642225897133,0.03652282833496579,0.007867618420424832,0.04497560517302725,0.024572820202194912,0.0038399260717733373,19.63884193540507,0.5075722866626137,0.11965814725547357,0.8300272505228531,0.11876815983369662,0.02799285424349215,0.2649932356074286,0.3003816408396883,0.19184073637920943,0.06021886485629663
OR021@6_2,数据集/数据集/源域数据集/48kHz_DE_data/OR/Centered/0021/OR021@6_2.mat,3,OR,48k_DE,1747.0,-0.34342963523798975,23.859516118136202,10.971803956847287,0.16419459195507538,0.6330331926507468,0.034489585462040846,0.0072288538849374934,0.04424568319653032,0.022363219665825884,0.004304963412720738,20.620366442268555,0.5086553020743689,0.11812734543662812,0.8199832744325164,0.130856323611863,0.025344549435696015,0.27045450342657185,0.29307091892223036,0.190950491766527,0.05396641356398297
OR021@6_2,数据集/数据集/源域数据集/48kHz_DE_data/OR/Centered/0021/OR021@6_2.mat,4,OR,48k_DE,1747.0,-0.2651723982436513,27.11569532873077,11.160017208213626,0.1641335530733077,0.6322515566830033,0.03452181175557023,0.006840930422420862,0.04113735822372182,0.02220917066402565,0.004037509966476892,23.959430399490742,0.5029401008502906,0.11365695198243132,0.8423561136276241,0.11565190064738846,0.02229097537796768,0.26769782293860456,0.2931620671974168,0.20602371652996007,0.0633854021673627
OR021@6_2,数据集/数据集/源域数据集/48kHz_DE_data/OR/Centered/0021/OR021@6_2.mat,5,OR,48k_DE,1747.0,-0.40488936335705034,22.9316865236491,11.197902685511037,0.16657510834401515,0.6336179503274282,0.035079507656215286,0.008160079900318255,0.0477155889474438,0.024267423724579715,0.004971114665028849,20.592309718850764,0.5040130163269836,0.12041126277853187,0.8463193895037362,0.10149018618438674,0.03010372439892745,0.28146535092485325,0.2923024236856639,0.19249491271737076,0.06352354350828228
OR021@6_2,数据集/数据集/源域数据集/48kHz_DE_data/OR/Centered/0021/OR021@6_2.mat,6,OR,48k_DE,1747.0,-0.6292018529969838,18.706465358169996,9.156617477090707,0.16443874748214612,0.6372398931088894,0.03667077517739245,0.009820630102493521,0.06251453446471726,0.029990699092639107,0.005269522028841446,16.849504890332426,0.5182045138445724,0.12104349378721857,0.8160922275923628,0.10918711825541236,0.041001884599826656,0.27588027447513463,0.2894305959067684,0.18017641316607122,0.05408497830279349
OR021@6_2,数据集/数据集/源域数据集/48kHz_DE_data/OR/Centered/0021/OR021@6_2.mat,7,OR,48k_DE,1747.0,-0.560656056633269,21.081348130442592,9.887744043377696,0.16315693096502473,0.6380628715049171,0.03745686108169767,0.009260145314646475,0.059921259448293886,0.028788878228907706,0.004650306341116959,19.11065298103181,0.5174097555261974,0.12005823308335299,0.8115420987356706,0.12022477896558259,0.03678059410250162,0.27020697173013825,0.2964725358293253,0.17550074206840263,0.05549999859776801
OR021@6_2,数据集/数据集/源域数据集/48kHz_DE_data/OR/Centered/0021/OR021@6_2.mat,8,OR,48k_DE,1747.0,-0.28807423869044063,21.146761419741665,9.154219106901262,0.16260758102911554,0.6242164247412335,0.03951736936618242,0.007459994458267276,0.05070999722158309,0.02515226783776815,0.003743113624257093,17.95382093763587,0.4930088995825286,0.12033301707041953,0.8711631418253575,0.0759576135862154,0.03086496379283845,0.2827744296748589,0.3086584875597917,0.20275333719057162,0.062039593990434024
OR021@6_2,数据集/数据集/源域数据集/48kHz_DE_data/OR/Centered/0021/OR021@6_2.mat,9,OR,48k_DE,1747.0,-0.22556883313283432,18.923385681437424,9.352258674032953,0.16395043642800464,0.6263985778404794,0.04268818683506381,0.007813249578094358,0.05228618038631432,0.02542071338272021,0.0041162854094966405,16.364852141459888,0.4906794383123233,0.12390347059675151,0.878219024118191,0.06646550189135442,0.03349027277092644,0.27882798717793883,0.31491146766229206,0.20680099318359313,0.06319190031254737
OR021@6_2,数据集/数据集/源域数据集/48kHz_DE_data/OR/Centered/0021/OR021@6_2.mat,10,OR,48k_DE,1747.0,-0.22766433664114472,16.752271431127674,8.523890558719275,0.1641335530733077,0.635107777105129,0.03575299954556854,0.008260303890921816,0.05704163376249716,0.02819697149708565,0.005852879925835884,14.731494759283411,0.49860464961469353,0.1251538062511818,0.8633302825162039,0.07209627354434607,0.039571543187718654,0.2758331495781792,0.3117461023551895,0.19996643548408743,0.06213908988431515
OR021@6_2,数据集/数据集/源域数据集/48kHz_DE_data/OR/Centered/0021/OR021@6_2.mat,11,OR,48k_DE,1747.0,-0.23746309045366557,18.83257894119511,8.773475626738431,0.1615088811572972,0.6342872382864447,0.0369247018044451,0.008592647348656847,0.058848467523346125,0.028525779867107786,0.005836499054726011,16.331420076922242,0.4978389885615912,0.12025816168914574,0.8676934447301281,0.06576707073921007,0.039187420630801766,0.2815642349227208,0.30708179286579,0.20511632713658873,0.05936877363457083
OR021@6_2,数据集/数据集/源域数据集/48kHz_DE_data/OR/Centered/0021/OR021@6_2.mat,12,OR,48k_DE,1747.0,-0.32906825104139004,19.97442237271656,8.680512683913685,0.16169199780260027,0.6403665730771684,0.0365858505250209,0.00830156705514222,0.05545732475866427,0.02566437730935549,0.005765112268452281,16.882610088196333,0.505193620623046,0.1161319416113644,0.8452683638702272,0.0914762004438853,0.034718164163647154,0.2755377418784884,0.30441379314975836,0.19564640678603484,0.05440723096541734
OR021@6_2,数据集/数据集/源域数据集/48kHz_DE_data/OR/Centered/0021/OR021@6_2.mat,13,OR,48k_DE,1747.0,-0.36208545903047035,20.730996534256764,9.126416742185185,0.16437770860037845,0.6385139720772384,0.03783806552609523,0.006971987383664106,0.04868740689932393,0.022928387316191158,0.005635911437011493,17.71684216061195,0.50358978024045,0.12255270411922076,0.8374652548813969,0.10361927102292033,0.031298782489877455,0.28201598687872426,0.302544491271823,0.18918176302079948,0.049781430954751106
OR021@6_3,数据集/数据集/源域数据集/48kHz_DE_data/OR/Centered/0021/OR021@6_3.mat,0,OR,48k_DE,1719.0,-0.4657824502803906,18.941869591152837,10.27510458008503,0.1676738082158335,0.6416007376670029,0.04001240128347899,0.00782727703237664,0.0443380320382684,0.03657653632978145,0.00511569665229569,17.404453637194717,0.5213496403528272,0.11633088757989524,0.8058948898421214,0.1330568152863879,0.030306726823314572,0.27252638361294623,0.28602861193178875,0.1671715688853209,0.06491399448963164
OR021@6_3,数据集/数据集/源域数据集/48kHz_DE_data/OR/Centered/0021/OR021@6_3.mat,1,OR,48k_DE,1719.0,-0.5265896058024571,19.428007616075227,10.701679919622196,0.16688030275285357,0.6459959498563275,0.03716244272539329,0.008145446210385186,0.050410642534632934,0.039229712095687465,0.005349939317183478,18.30716716534601,0.5216689736802427,0.1191086264608473,0.8050177227086842,0.12671557712028458,0.03551136721712522,0.27386169346964284,0.2910775128548415,0.16523154041107582,0.06146920043403322
OR021@6_3,数据集/数据集/源域数据集/48kHz_DE_data/OR/Centered/0021/OR021@6_3.mat,2,OR,48k_DE,1719.0,-0.3269949326879276,23.251888188478397,11.120022476122209,0.16395043642800464,0.6384084731487916,0.035191742603607086,0.006949421707893916,0.04574639396904095,0.036772586209218354,0.004531829208121012,21.183643868880623,0.5013642538926666,0.11431449260647955,0.84893264411836,0.09397361730303613,0.030561632320526586,0.28038210461010943,0.3101146482742865,0.18609966846535203,0.05763663951471336
OR021@6_3,数据集/数据集/源域数据集/48kHz_DE_data/OR/Centered/0021/OR021@6_3.mat,3,OR,48k_DE,1719.0,-0.2671625720014644,24.754980886628367,11.33631342133026,0.16334004761032778,0.6281948256901536,0.03988356959149541,0.006970763952486297,0.04466799110755623,0.034645343046368286,0.0042827726770228655,22.392989269066877,0.49547398529343467,0.11498145930919683,0.8610345376259714,0.0844373779542008,0.02967491078387894,0.28551264389369213,0.31033614233057655,0.19257809996187397,0.057588886960108006
OR021@6_3,数据集/数据集/源域数据集/48kHz_DE_data/OR/Centered/0021/OR021@6_3.mat,4,OR,48k_DE,1719.0,-0.3289030391404851,16.504486313945034,8.187166592456048,0.16816211926997499,0.6431526081250166,0.051030378713463526,0.008512823297816975,0.04935555767830629,0.03851558864758431,0.0054757597404839,14.275667293369647,0.5077658409937885,0.12891389238521977,0.838248500214218,0.09476667419325198,0.03782555469042553,0.28974431392010025,0.30437312391265825,0.1659891781053299,0.06633844990042197
OR021@6_3,数据集/数据集/源域数据集/48kHz_DE_data/OR/Centered/0021/OR021@6_3.mat,5,OR,48k_DE,1719.0,-0.32173828948192484,16.20030181638109,8.232721909699713,0.1685283525605811,0.6423090520456292,0.04865592983578647,0.0075805208449166205,0.04498807854908244,0.03502866979391144,0.005749256936089479,14.005204620367074,0.5086047477233568,0.1251670700463179,0.8291365661080893,0.106635598277739,0.03620481449225476,0.28342713121917346,0.30615593413783737,0.16920650429725925,0.059146710863356614
OR021@6_3,数据集/数据集/源域数据集/48kHz_DE_data/OR/Centered/0021/OR021@6_3.mat,6,OR,48k_DE,1719.0,-0.2985334844093816,19.58820868086191,9.835014974690388,0.16474394189098457,0.6400534453989296,0.033144124960779384,0.006767559614536398,0.04669564411105398,0.03399906356209378,0.005030183621496818,17.75056768848114,0.4993795019803439,0.11978931155701243,0.8570611129071455,0.08172592683763043,0.033575593079215135,0.2821740923022992,0.30853083420059574,0.19573496134765528,0.058132693514265366
OR021@6_3,数据集/数据集/源域数据集/48kHz_DE_data/OR/Centered/0021/OR021@6_3.mat,7,OR,48k_DE,1719.0,-0.236845455468902,18.415535082872537,9.783881575712094,0.16230238662027713,0.6372132541774381,0.04034138215226516,0.008088025217986088,0.04801164173502848,0.03470541549482267,0.004366438995132885,16.45780321280634,0.49863385497314433,0.125326133480197,0.8606253641207876,0.07866574376029355,0.034429074200136675,0.290075264965617,0.30562813502866304,0.18725806538006107,0.06533480678348107
OR021@6_3,数据集/数据集/源域数据集/48kHz_DE_data/OR/Centered/0021/OR021@6_3.mat,8,OR,48k_DE,1719.0,-0.23308829986876614,16.839362906163934,7.972878472955398,0.1607153756943173,0.643311431051227,0.0456233607513707,0.00837956768526326,0.04984347526766634,0.03926503475149225,0.005147848166260249,14.64801829811011,0.5095086224032093,0.12099279910714848,0.8379539961481965,0.09500001400770801,0.035627107254080616,0.2835964178971962,0.3027593238856756,0.17390014053294275,0.06703831807329873
OR021@6_3,数据集/数据集/源域数据集/48kHz_DE_data/OR/Centered/0021/OR021@6_3.mat,9,OR,48k_DE,1719.0,-0.12328154920455536,18.990991363419813,9.241809509994331,0.16175303668436794,0.6345691878565961,0.03718016912685704,0.006712035973302811,0.0407042592578273,0.03408784840781428,0.00447744924619988,16.829533510309993,0.49459660368682384,0.1281584523730694,0.8628489764904301,0.08230024374253514,0.02964731402263661,0.28742891222883493,0.31583793305683566,0.18440855881866555,0.06258965557564361
OR021@6_3,数据集/数据集/源域数据集/48kHz_DE_data/OR/Centered/0021/OR021@6_3.mat,10,OR,48k_DE,1719.0,-0.013943645980863218,20.603203907942362,10.563827199376647,0.16486601965451994,0.635659108815534,0.04829096171291036,0.0066619217122545074,0.036124336398418284,0.030715146826091673,0.004403202062610327,17.666416819513195,0.48944154830118497,0.1306181454186439,0.8683021334970749,0.08220388461555818,0.027894719497647616,0.2982999535092049,0.31842159309082013,0.17540009075472426,0.06392098065309829
OR021@6_3,数据集/数据集/源域数据集/48kHz_DE_data/OR/Centered/0021/OR021@6_3.mat,11,OR,48k_DE,1719.0,-0.12311241637104363,21.27479811195468,10.618943002183745,0.16504913629982298,0.6361090638271434,0.04477449501898338,0.00685518199878652,0.0364844498143274,0.030367508116151878,0.00492732574537928,18.179695572925908,0.4953792519435509,0.11889309704617136,0.8570784063360595,0.0923362688031071,0.026948301442611285,0.2951730774478686,0.31016508727490205,0.17746998390719954,0.06217485552850106
OR021@6_3,数据集/数据集/源域数据集/48kHz_DE_data/OR/Centered/0021/OR021@6_3.mat,12,OR,48k_DE,1719.0,-0.3230678548269596,19.426653316804433,8.922231257663862,0.16553744735396447,0.6389874316160312,0.046190463876900005,0.006645619562552919,0.03665671624150308,0.03212324567555744,0.004808782184547695,16.86675205205142,0.5113929137465455,0.12112569531799602,0.8184309084257672,0.1256598686587054,0.026626443566528914,0.2728151807005776,0.29691531102286056,0.17603225711054293,0.057932784573382266
OR021@6_3,数据集/数据集/源域数据集/48kHz_DE_data/OR/Centered/0021/OR021@6_3.mat,13,OR,48k_DE,1719.0,-0.0711232200325504,20.210790206458316,9.459707884138451,0.16907770249649026,0.6380603328913014,0.05044644755980734,0.006133513016644335,0.03526344559353865,0.02969842911489398,0.0044403611327864965,16.963240056950998,0.4996997994704948,0.13453184241742083,0.8404327640850008,0.10776007384028935,0.027228187354875998,0.29140576677593377,0.29937651813134986,0.17722456263627642,0.05825865100707636
OR007@12_0,数据集/数据集/源域数据集/48kHz_DE_data/OR/Opposite/0007/OR007@12_0.mat,0,OR,48k_DE,1796.0,-0.0003577173357044354,5.999124320453886,6.306103998564503,0.17487639626442045,0.5882354840292698,0.08977265383636024,0.011277227849399109,0.01554231430363147,0.013550538561464707,0.006246437061048412,9.593568740959011,0.55618617604279,0.15242804734097115,0.7281975599894522,0.2019388747025662,0.03312202217697407,0.11805919945755768,0.29955303354806856,0.18883861963802748,0.10988970392146263
OR007@12_0,数据集/数据集/源域数据集/48kHz_DE_data/OR/Opposite/0007/OR007@12_0.mat,1,OR,48k_DE,1796.0,0.0020006411774517083,5.64433384143798,5.87663571849716,0.17530366843679424,0.5917042086158284,0.08657222645552214,0.010404315456421835,0.01803796865113239,0.013276848770630055,0.00723683927500688,8.01579271492913,0.5716380508207257,0.14258565252500136,0.6876944691996304,0.2354072936759911,0.037068261477696346,0.1127624919370742,0.26354493955534203,0.18345140517525213,0.11832564459133722
OR007@12_0,数据集/数据集/源域数据集/48kHz_DE_data/OR/Opposite/0007/OR007@12_0.mat,2,OR,48k_DE,1796.0,0.040345221071505726,5.489563701741203,6.120255736395936,0.17640236830861258,0.5863562258107399,0.09343893971741085,0.007942771749000387,0.01956874059917493,0.012900605027314981,0.00697302626081646,7.95681713149723,0.563022702846281,0.13252336623783798,0.7254892826152525,0.19957526815721163,0.034414351111482645,0.12513399184349897,0.28074535793040795,0.20248413125088915,0.10192536077656246
OR007@12_0,数据集/数据集/源域数据集/48kHz_DE_data/OR/Opposite/0007/OR007@12_0.mat,3,OR,48k_DE,1796.0,0.0828185306791667,5.157268691520331,6.328374011174691,0.17499847402795582,0.5934164269229826,0.08452075910850083,0.00992638535803277,0.023798837595438303,0.017291415626967472,0.008072136063463919,7.963862933150311,0.5915874214372839,0.1286564534764256,0.6596218969351985,0.24021928621258623,0.04767748934827938,0.1001801737039692,0.24051888526829965,0.18185308648337795,0.12085385349194382
OR007@12_0,数据集/数据集/源域数据集/48kHz_DE_data/OR/Opposite/0007/OR007@12_0.mat,4,OR,48k_DE,1796.0,0.05188532418520475,4.366645980952785,4.9521472284673145,0.17475431850088508,0.5978157669017792,0.08835518435904006,0.012285473562482956,0.021429134987848045,0.018920075293692485,0.008715480147612071,5.487827458224955,0.5903076522429237,0.14093812347414816,0.6459726358499674,0.2510748099098886,0.046985368951886784,0.10339353951435176,0.25972253582630545,0.16366494966455256,0.10511982012127974
OR007@12_0,数据集/数据集/源域数据集/48kHz_DE_data/OR/Opposite/0007/OR007@12_0.mat,5,OR,48k_DE,1796.0,0.02165839420832104,4.506661927475233,5.232030223825593,0.1759140572544711,0.6013554793993793,0.08749088728231973,0.01169048505389022,0.021760382743199358,0.017164469345594013,0.008759764397768863,5.768147240487768,0.5833520821770827,0.1405715921301368,0.6739265070351583,0.22447740459660243,0.04726972081728205,0.09283784400338313,0.2881411479113804,0.1719488191019792,0.11037809858871768
OR007@12_0,数据集/数据集/源域数据集/48kHz_DE_data/OR/Opposite/0007/OR007@12_0.mat,6,OR,48k_DE,1796.0,0.03233735111477068,5.159511314569374,5.533605551713268,0.17444912409204663,0.6010320022819887,0.08705074492380714,0.009728203279488994,0.025342401964079875,0.018138866788068565,0.008745626925000645,6.9937747047948395,0.5818184110618615,0.1354316646384807,0.6873769434969657,0.2132052415689751,0.04692825533231292,0.09180471186771215,0.27423369020475896,0.188197105489078,0.12431104581096031
OR007@12_0,数据集/数据集/源域数据集/48kHz_DE_data/OR/Opposite/0007/OR007@12_0.mat,7,OR,48k_DE,1796.0,0.00995377701717875,5.4164986959311605,5.45545643397074,0.1729231520478545,0.5925530366219058,0.08977373565644559,0.008152902441722346,0.021778917506822787,0.019782531426660418,0.007683997514094175,7.596651624634511,0.5671128919937724,0.14046707965693564,0.7084156889878305,0.20581172997229766,0.038883420366172164,0.10567438467401881,0.2868037454735748,0.2029010675732319,0.10548503876406345
OR007@12_0,数据集/数据集/源域数据集/48kHz_DE_data/OR/Opposite/0007/OR007@12_0.mat,8,OR,48k_DE,1796.0,-0.024362729597302603,5.695902024693031,5.866471177599879,0.1732283464566929,0.590028285458993,0.08663323377048686,0.007220408595286702,0.020526985282304046,0.017396457048839322,0.006764102840408995,8.624602417905303,0.5548993008311695,0.12980480553136228,0.752403524044243,0.17313461196078048,0.031653253636801784,0.12673882153003607,0.3153531235493844,0.19190151007734563,0.10502212254590389
OR007@12_1,数据集/数据集/源域数据集/48kHz_DE_data/OR/Opposite/0007/OR007@12_1.mat,0,OR,48k_DE,1772.0,0.034715351910393995,12.803399547772626,7.968969166733075,0.1754257462003296,0.5772790165863314,0.07919853170887875,0.007316335175239083,0.008178397804822941,0.015428446543706096,0.003564065140899747,17.585509995714617,0.5178358388958197,0.11450713238783793,0.8226894779271873,0.14074325965668755,0.01565526666450317,0.22742575717041513,0.2968537001126038,0.19543139853955235,0.08493826084747379
OR007@12_1,数据集/数据集/源域数据集/48kHz_DE_data/OR/Opposite/0007/OR007@12_1.mat,1,OR,48k_DE,1772.0,0.04126063139540176,12.42525968278764,7.59823718212197,0.1759140572544711,0.5762804626739094,0.07836922893948164,0.006889897437484843,0.008203933659163514,0.014866905793563423,0.003374009982684062,17.090184580543873,0.512297433848162,0.11119389097177303,0.8339742292375607,0.13058061870006557,0.015199784257552992,0.22916340198132668,0.3010732133683907,0.20556763407763146,0.08070606295195126
OR007@12_1,数据集/数据集/源域数据集/48kHz_DE_data/OR/Opposite/0007/OR007@12_1.mat,2,OR,48k_DE,1772.0,0.04598806523469444,12.556700148438178,7.870291619127273,0.1762802905450772,0.584997913823426,0.07631724460159323,0.008005240811692323,0.009667497651431482,0.016386788212097804,0.00372688557067235,17.481296781530972,0.5157000857498947,0.1167453394393872,0.8325081622390398,0.12662687102947243,0.017312407469191615,0.2315163208471375,0.2903064101377197,0.21121185386827226,0.08092359553694416
OR007@12_1,数据集/数据集/源域数据集/48kHz_DE_data/OR/Opposite/0007/OR007@12_1.mat,3,OR,48k_DE,1772.0,0.006120556838825153,11.933534055526696,7.127662281824328,0.17750106818043093,0.5827433610523753,0.07307242678416877,0.007977265542854627,0.009330559057179607,0.01532666357670257,0.0036910043764323483,16.311775362647115,0.5155812277656083,0.11796582113354431,0.8406022467743218,0.11991211457103977,0.016740626213724866,0.21078375880071445,0.29798894654647606,0.22502162859125718,0.08574820534892603
OR007@12_1,数据集/数据集/源域数据集/48kHz_DE_data/OR/Opposite/0007/OR007@12_1.mat,4,OR,48k_DE,1772.0,0.006738185728164427,10.725247738202114,7.208898386734517,0.17359457974729903,0.5813041321641699,0.08131802989407168,0.008105701868204376,0.01120940359731783,0.016710390308850773,0.004236281742552105,14.428609249970979,0.5214856922207044,0.1227911345607528,0.825032160845212,0.13130212895306007,0.019181238996946678,0.1951433099514526,0.30379776195824126,0.2239204660374432,0.08582415425212592
OR007@12_1,数据集/数据集/源域数据集/48kHz_DE_data/OR/Opposite/0007/OR007@12_1.mat,5,OR,48k_DE,1772.0,0.01913118115162009,9.932308361362958,6.534706849518149,0.17280107428431912,0.5817087503508228,0.08606560217350072,0.008298153963343121,0.01051558662061368,0.01694609755852395,0.004088988110168578,13.462155987105477,0.5224272385626558,0.12176865215204859,0.8145796656685179,0.1420314283977058,0.0192618317574998,0.2005483667593264,0.294295845531066,0.224880963149753,0.07539744362165925
OR007@12_1,数据集/数据集/源域数据集/48kHz_DE_data/OR/Opposite/0007/OR007@12_1.mat,6,OR,48k_DE,1772.0,-0.009343594747965174,9.11549848761371,6.545317638880988,0.17475431850088508,0.5839006786793277,0.0819460626619437,0.008578507687753685,0.009641320004045977,0.018737112900553056,0.003872211989546118,11.853136547581029,0.5183641638532721,0.12601663879633387,0.8200591158960234,0.13699680958548605,0.019568921782845538,0.21593694501778615,0.29994745445727267,0.21072710233670827,0.07526915189140763
OR007@12_1,数据集/数据集/源域数据集/48kHz_DE_data/OR/Opposite/0007/OR007@12_1.mat,7,OR,48k_DE,1772.0,0.00315993186880293,8.552006077374143,6.543893980369343,0.1750595129097235,0.5918194784404318,0.07059099031429127,0.009013704132789365,0.009291995131096097,0.018924720314249407,0.0040542363844663434,10.45380713930256,0.524970206262606,0.13408630820677156,0.8153342611964436,0.13989882495508027,0.019531912552219154,0.18974581256263726,0.29057948734199335,0.2357945863029068,0.08036299673372742
OR007@12_1,数据集/数据集/源域数据集/48kHz_DE_data/OR/Opposite/0007/OR007@12_1.mat,8,OR,48k_DE,1772.0,0.018755989392050008,8.847367776712272,6.630512745496128,0.17554782396386498,0.5873857805609302,0.07131287100786435,0.008579202927534979,0.009313887616841092,0.01755161396480195,0.004007650577570687,10.953639397194886,0.5223772574453976,0.13549185710589728,0.8231300033201565,0.1324577327761145,0.01880306772255027,0.18354103998068075,0.30223238040656963,0.23618374090822888,0.08322392825524061
OR007@12_1,数据集/数据集/源域数据集/48kHz_DE_data/OR/Opposite/0007/OR007@12_1.mat,9,OR,48k_DE,1772.0,0.004805996517405401,8.411353143631139,6.15916198709236,0.17487639626442045,0.5907494328404327,0.07618838144659554,0.009673460112114977,0.010140109444449347,0.018377058447397725,0.004491257012286597,10.91177929682587,0.5291279311318999,0.13850792557136052,0.8042393912553553,0.14663582867041514,0.022147572157961423,0.1824070899017142,0.2880781354674273,0.23611127069242827,0.0829625823939344
OR007@12_1,数据集/数据集/源域数据集/48kHz_DE_data/OR/Opposite/0007/OR007@12_1.mat,10,OR,48k_DE,1772.0,0.043150461440905404,9.197711393678768,6.614567803854183,0.17670756271745103,0.5824888478259742,0.0853044048541414,0.008571305075597172,0.009936643824646837,0.017089356145205046,0.0039064896110398315,12.163274341969213,0.5233643242651158,0.11877025382127827,0.8214074386230656,0.13428589971915872,0.01986064137043297,0.1886137313527692,0.2904992707482586,0.2456210720614087,0.08126866792864537
OR007@12_1,数据集/数据集/源域数据集/48kHz_DE_data/OR/Opposite/0007/OR007@12_1.mat,11,OR,48k_DE,1772.0,0.07062276680916332,9.815902528435624,6.830862265429414,0.1763413294268449,0.5855845929358039,0.08604697814115307,0.009039507882039837,0.010791336275939055,0.01793170511848732,0.004040542963020005,13.073734486158008,0.5300989715184086,0.11954579199977229,0.8039778365455326,0.1483267809195906,0.021050291069563923,0.18758854882156073,0.2880715238219254,0.22689669609512872,0.08877667177767003
OR007@12_1,数据集/数据集/源域数据集/48kHz_DE_data/OR/Opposite/0007/OR007@12_1.mat,12,OR,48k_DE,1772.0,0.04499764226178584,11.081923294644636,7.302026523643579,0.174571201855582,0.5818373527954653,0.08044310127435672,0.007974850690014,0.009775973276279203,0.016303024177414267,0.0036823076502109486,15.138778605651401,0.51961245718292,0.10337518909222622,0.8271149528658686,0.13179792655878958,0.017766767143062,0.20548115554738017,0.2917995343370471,0.235631472998209,0.07953911047446266
OR007@12_1,数据集/数据集/源域数据集/48kHz_DE_data/OR/Opposite/0007/OR007@12_1.mat,13,OR,48k_DE,1772.0,0.058160073489372105,11.442343646047354,7.200245757119133,0.1759750961362388,0.5844602440526071,0.07627334771687375,0.008751027775203798,0.01119946880310182,0.017537502972906807,0.0040762285426981315,15.010970562551176,0.5200302944143347,0.11838848175646192,0.8223053020100775,0.13375121818757787,0.02091116033615882,0.20135692383855133,0.2979413962578226,0.23016849838657527,0.07980511991187451
OR007@12_2,数据集/数据集/源域数据集/48kHz_DE_data/OR/Opposite/0007/OR007@12_2.mat,0,OR,48k_DE,1749.0,0.05974583806998912,11.392385874953918,8.366965031209565,0.1751205517914912,0.6062533628691197,0.057289667140075946,0.008064878178254681,0.012796559376603686,0.029523070865511848,0.004675344085847503,15.776235270303992,0.5329828313841928,0.12612217949409682,0.8048097204866281,0.13594379878330579,0.022062326163205588,0.1791856842391153,0.31986857521770456,0.20314504286724377,0.08236957008012248
OR007@12_2,数据集/数据集/源域数据集/48kHz_DE_data/OR/Opposite/0007/OR007@12_2.mat,1,OR,48k_DE,1749.0,0.06067788240040713,10.666508098949267,7.223560885716785,0.174571201855582,0.60093141161316,0.0555228424599384,0.006637817895342948,0.011182834178437044,0.02470443047411169,0.0040300975910570755,13.993040381567031,0.5211644756695275,0.12709624922481372,0.8168033721854848,0.13127403920851824,0.018420019440269438,0.1942871003054149,0.33761552205450696,0.1852219846768774,0.07742390046190527
OR007@12_2,数据集/数据集/源域数据集/48kHz_DE_data/OR/Opposite/0007/OR007@12_2.mat,2,OR,48k_DE,1749.0,0.03673790382469661,11.091530615355635,6.972985037619566,0.17396081303790514,0.5975963311129755,0.05953965771351759,0.0062489113750770825,0.009793416011332394,0.02272726738726281,0.003908329015735036,14.259356470675117,0.5167466020544239,0.12070852112890525,0.8268218042323795,0.12796465224221487,0.016329899358851346,0.20378203488363297,0.32324978079175265,0.20577903776252449,0.07340693504328834
OR007@12_2,数据集/数据集/源域数据集/48kHz_DE_data/OR/Opposite/0007/OR007@12_2.mat,3,OR,48k_DE,1749.0,0.05308930371828197,10.898399780701855,7.059169202453506,0.17566990172740035,0.6053152142561026,0.05545493490097012,0.007407916605925084,0.011995628706738738,0.026514405782553367,0.004360871590978345,15.460988475556833,0.5289181556114817,0.11401927024165724,0.8072872470348835,0.1378330200772309,0.021250972485699595,0.19949084039216844,0.3152635906444155,0.1947612498963779,0.07658358348236012
OR007@12_2,数据集/数据集/源域数据集/48kHz_DE_data/OR/Opposite/0007/OR007@12_2.mat,4,OR,48k_DE,1749.0,0.06815456347841269,11.07837530541844,7.700301012715538,0.17530366843679424,0.6031015978832052,0.05768825443455819,0.006977739276171298,0.012605178842527922,0.027280752599388853,0.0041549255763937976,15.80340098064832,0.5241382410818509,0.12817716557865952,0.810126213384075,0.13186831688087305,0.021805253675502737,0.17828099956255822,0.3404173322581977,0.20561053969085377,0.06983305205775564
OR007@12_2,数据集/数据集/源域数据集/48kHz_DE_data/OR/Opposite/0007/OR007@12_2.mat,5,OR,48k_DE,1749.0,0.04057818718441922,12.378818072860513,7.475796333320647,0.17432704632851126,0.6025819139009626,0.0547892363340922,0.006791939389767112,0.01200600218871185,0.027822604385246905,0.00394556663995184,17.370829830010575,0.5169419351486726,0.11337632978892385,0.8302562219747996,0.11497115558502156,0.01943633577096083,0.21212623540135814,0.3225536925123397,0.2128575457186423,0.06186103567497178
OR007@12_2,数据集/数据集/源域数据集/48kHz_DE_data/OR/Opposite/0007/OR007@12_2.mat,6,OR,48k_DE,1749.0,0.031822085949747954,12.749423679531821,7.277227651296411,0.17524262955502656,0.5991220175216225,0.05527153661745265,0.007164390294108878,0.012263891459031069,0.025711805927189576,0.0037837873403563935,17.138754312957133,0.5126800821804572,0.10831289540688328,0.8422763769515753,0.10886910518692691,0.018955602825124093,0.22572978440731623,0.31697827258123223,0.21070897215219558,0.06843761069761685
OR007@12_2,数据集/数据集/源域数据集/48kHz_DE_data/OR/Opposite/0007/OR007@12_2.mat,7,OR,48k_DE,1749.0,0.03473036647569483,11.100838840584084,7.512047134871103,0.17530366843679424,0.6096675943582787,0.055605355814126685,0.008769838189994945,0.014284495004407134,0.029919548408814483,0.00449396657552778,15.277864228128403,0.5332057060819692,0.11646033138338058,0.8094152721411365,0.12777894298895043,0.024958944712471745,0.20507359897820884,0.30755370999886283,0.19263848633283664,0.07630961498725986
OR007@12_2,数据集/数据集/源域数据集/48kHz_DE_data/OR/Opposite/0007/OR007@12_2.mat,8,OR,48k_DE,1749.0,0.02178035417695919,10.517010616035897,7.007803862540225,0.17408289080144052,0.6025835134251334,0.058850277421423236,0.007402090295298247,0.011500339413926159,0.026258081344056865,0.0039464973650348845,13.681400285392876,0.5186354430592215,0.1178435656467676,0.8276057805492951,0.1226956090470221,0.01876551586094869,0.208139607724633,0.32113341323068134,0.204732514327376,0.06981237059122317
OR007@12_2,数据集/数据集/源域数据集/48kHz_DE_data/OR/Opposite/0007/OR007@12_2.mat,9,OR,48k_DE,1749.0,0.02807023379731834,11.437758822821825,7.792387364989803,0.17475431850088508,0.603120095990619,0.05453358142403837,0.007521567614790316,0.011805934338856128,0.024209853330955225,0.003753469986079412,14.645560812194772,0.5138795080811215,0.1293938042364721,0.8334018299859511,0.11818927750306583,0.01868973072237039,0.20011502093968828,0.33674127708988244,0.2055530225210677,0.06975190200223756
OR007@12_2,数据集/数据集/源域数据集/48kHz_DE_data/OR/Opposite/0007/OR007@12_2.mat,10,OR,48k_DE,1749.0,0.03056629024576374,10.740553379240705,8.003532155827168,0.17579197949093572,0.6011325509454932,0.048930200349904425,0.00752790400234146,0.010645229769554588,0.024415840530832116,0.0036629195246719345,14.106008972995417,0.5132982740150774,0.12408683126565251,0.8377900142696636,0.11474029537844256,0.01853353216572903,0.19734036889945514,0.33438793545916706,0.21337739379509885,0.07191806696661222
OR007@12_2,数据集/数据集/源域数据集/48kHz_DE_data/OR/Opposite/0007/OR007@12_2.mat,11,OR,48k_DE,1749.0,0.02186945438403894,9.998788009655074,7.650604283732445,0.17603613501800647,0.6018361556441847,0.0455661859137817,0.008059580911693393,0.01176884487249797,0.02589764142694365,0.004227820815691546,13.226255294345423,0.5273789998464906,0.12283773870695251,0.822038596435623,0.12240478507658782,0.021066235085743516,0.19085115681398093,0.3135151834598605,0.2081758507611929,0.08431549455917695
OR007@12_2,数据集/数据集/源域数据集/48kHz_DE_data/OR/Opposite/0007/OR007@12_2.mat,12,OR,48k_DE,1749.0,0.03854875996309674,11.289046671808537,7.1315655243696865,0.17438808521027896,0.5964711045596992,0.047700360811150117,0.006984393937661876,0.010931153355677396,0.023674134170749178,0.003948178870524228,13.956759590681434,0.5173388773788266,0.10842092068403811,0.8417115696720364,0.11132204564997535,0.018254558138712396,0.2101791832746957,0.31176206737849876,0.21137967009875802,0.08437405510996597
OR007@12_2,数据集/数据集/源域数据集/48kHz_DE_data/OR/Opposite/0007/OR007@12_2.mat,13,OR,48k_DE,1749.0,0.0239790678993067,11.65067953702186,6.934232377038996,0.17225172434840993,0.5983948925428301,0.04709530589195615,0.007041332238590862,0.011148188549469085,0.02522017626159272,0.003936022618222174,14.836461660264243,0.5184503523437746,0.11637650431932066,0.8352395351293734,0.11808662039235594,0.018478329146481284,0.1971477287004114,0.31206042744161205,0.22619124644161562,0.08044508678983976
OR007@12_3,数据集/数据集/源域数据集/48kHz_DE_data/OR/Opposite/0007/OR007@12_3.mat,0,OR,48k_DE,1723.0,0.005275493019981859,10.588540613904334,7.676535058962098,0.1689556247329549,0.6189344654873881,0.04239985658516493,0.009264006918549781,0.015053172865944374,0.056370100245351294,0.004243252407842485,15.997618891069775,0.5486481504721573,0.10147330578374393,0.7887287388713037,0.11941215694928899,0.026300345236385934,0.18979332964281487,0.304383608023178,0.19038606752336165,0.08414737161944058
OR007@12_3,数据集/数据集/源域数据集/48kHz_DE_data/OR/Opposite/0007/OR007@12_3.mat,1,OR,48k_DE,1723.0,-0.001288087083159896,8.366192527298109,7.054020454716348,0.16858939144234877,0.6144357054281369,0.042450929486940896,0.009460783422349092,0.01406880066828429,0.05799549782513525,0.004063243416163914,12.19745687301377,0.5479636965556056,0.11133877001326759,0.789435950696332,0.11785881660112701,0.026977598492404813,0.16355212952185252,0.3159132733827314,0.20674208807659933,0.09017997014584384
OR007@12_3,数据集/数据集/源域数据集/48kHz_DE_data/OR/Opposite/0007/OR007@12_3.mat,2,OR,48k_DE,1723.0,0.037033766936417835,11.016778466559865,8.625623525042295,0.16858939144234877,0.6086553706762603,0.04883597105283682,0.009689354393748437,0.01510331605253289,0.055436010416228546,0.0037368445640140425,19.12203036203368,0.5402406281480159,0.10429771481113412,0.7978033000777265,0.11641954249907593,0.02646858360099842,0.20029530349478195,0.3123718436311352,0.1808524622398224,0.08247233429039347
OR007@12_3,数据集/数据集/源域数据集/48kHz_DE_data/OR/Opposite/0007/OR007@12_3.mat,3,OR,48k_DE,1723.0,0.05568385982566703,11.668047111396287,8.550578845787209,0.1671244582799243,0.6131073347851175,0.049630857737256305,0.010128036272377676,0.015202764679717979,0.058968272679715154,0.003930198997046001,18.68925121783701,0.5391510635893694,0.10512287899524865,0.7956333713596897,0.11645397504576514,0.02646058912096483,0.2077280197734689,0.3171232822245202,0.1666400536131307,0.08086555487358037
OR007@12_3,数据集/数据集/源域数据集/48kHz_DE_data/OR/Opposite/0007/OR007@12_3.mat,4,OR,48k_DE,1723.0,0.026531412550455057,9.835732586129573,7.122800504860766,0.1676738082158335,0.6131584093045541,0.047451249324924116,0.009285008650218493,0.014247595369170312,0.06150328958150122,0.0040031140276684755,14.195952937224584,0.5412886234777358,0.11002607493557251,0.7931577444917812,0.11756502945979731,0.024786223726365544,0.18302509827575006,0.3221413537491206,0.19017388808272645,0.07662622828003775
OR007@12_3,数据集/数据集/源域数据集/48kHz_DE_data/OR/Opposite/0007/OR007@12_3.mat,5,OR,48k_DE,1723.0,0.03014874292194663,11.096308395841504,7.820684670814102,0.16883354696941952,0.6139025681811439,0.043628758325004985,0.0093738001915737,0.01580462150009455,0.06147750317215916,0.004218881346879555,17.76189766959438,0.5483869537053185,0.10709921435565294,0.78578846800126,0.12127516204579242,0.02747658560665954,0.19942983787839907,0.3037023221684178,0.17447733075491584,0.0883104073609392
OR007@12_3,数据集/数据集/源域数据集/48kHz_DE_data/OR/Opposite/0007/OR007@12_3.mat,6,OR,48k_DE,1723.0,0.04978656600152692,10.718802490166244,7.2904556390647794,0.16944393578709638,0.6138323132381318,0.04399289031784684,0.00919567843077262,0.01509091773504047,0.060789023174309544,0.004246100603486398,15.458378851384886,0.5506143383093554,0.09523931929638436,0.7809883035609951,0.12725930556531595,0.027644134892684684,0.210841537443656,0.28488953328753985,0.1743312473399847,0.09330211883825533
OR007@12_3,数据集/数据集/源域数据集/48kHz_DE_data/OR/Opposite/0007/OR007@12_3.mat,7,OR,48k_DE,1723.0,0.042404878580587495,10.193272555933182,7.134919469809084,0.16779588597936887,0.6096452656230521,0.04807428541861706,0.008830658877933302,0.013647865136953123,0.05399423445363052,0.003884113716864118,14.779048499802668,0.5380227523278589,0.10541610564962592,0.7974822792007107,0.12294418757063637,0.024850760641516655,0.19480030549276903,0.3064142369973449,0.1999748506854527,0.07642137036710123
OR007@12_3,数据集/数据集/源域数据集/48kHz_DE_data/OR/Opposite/0007/OR007@12_3.mat,8,OR,48k_DE,1723.0,0.03298983819898985,11.072112029474937,7.380102368279269,0.1676738082158335,0.6220676807574667,0.037685591913876604,0.010341791912342918,0.016650038030933505,0.06195076594509398,0.003999151917370242,16.1681578268105,0.5504902082374116,0.11338199417678078,0.7727786246388442,0.1293431083850001,0.03204713908336604,0.17397246159539143,0.31777164945805586,0.1869144676433763,0.07727674468936663
OR007@12_3,数据集/数据集/源域数据集/48kHz_DE_data/OR/Opposite/0007/OR007@12_3.mat,9,OR,48k_DE,1723.0,0.01674266609308058,10.590390080307499,7.348678889633938,0.16944393578709638,0.6193500367030553,0.03717833951450257,0.00888830273473392,0.01673400825817339,0.061644693204182976,0.0037515575085749447,15.495927945441785,0.5493607517033352,0.10859524074300221,0.7797803439107795,0.12581706787504837,0.030116294267695493,0.2054818042457363,0.29761142046891836,0.16764483090884313,0.09255620726142644
OR007@12_3,数据集/数据集/源域数据集/48kHz_DE_data/OR/Opposite/0007/OR007@12_3.mat,10,OR,48k_DE,1723.0,-0.03178316421090014,7.78037201761585,6.479389039059692,0.167185497161692,0.6160417871322205,0.043967226586976896,0.009523654159739672,0.015749137362839057,0.06269676200339454,0.004100399626654314,12.016248062257585,0.552015579341888,0.112253915927999,0.7770953657564061,0.11871177187170141,0.03171235391675045,0.1927543042609527,0.30928574708449635,0.1700403858840661,0.0869158342364767
OR007@12_3,数据集/数据集/源域数据集/48kHz_DE_data/OR/Opposite/0007/OR007@12_3.mat,11,OR,48k_DE,1723.0,-0.004288192769562981,10.584113893354354,7.813812704037816,0.16779588597936887,0.6150763835698903,0.04043147163747191,0.00941726548032934,0.014071905317109668,0.05884506866747421,0.003993708933922442,16.208796202110616,0.5379355846398022,0.1118480248404869,0.7975783442615745,0.11476143642114568,0.026532973735541407,0.2084426420315547,0.3160828661311851,0.17536022616228744,0.08231176874705336
OR007@12_3,数据集/数据集/源域数据集/48kHz_DE_data/OR/Opposite/0007/OR007@12_3.mat,12,OR,48k_DE,1723.0,0.03131097282326452,10.719826184983349,7.949654421256701,0.16877250808765185,0.6261874617611932,0.03689441055712833,0.010856769602933657,0.018534046569859564,0.06467864877670833,0.004392730239786537,16.686965833518702,0.5625055774383034,0.1083871206365411,0.7502958896873952,0.1434257124468381,0.033297112863937064,0.19172363459662245,0.2849991915216003,0.1660887377922325,0.08972207885084452
OR007@12_3,数据集/数据集/源域数据集/48kHz_DE_data/OR/Opposite/0007/OR007@12_3.mat,13,OR,48k_DE,1723.0,0.04063580115366874,9.666210790515597,7.82948567209351,0.1676738082158335,0.6140356846988109,0.04653795700061706,0.009688001399324589,0.01635409497767617,0.055606082459978105,0.0037616797106779097,15.544452667541819,0.549661551066368,0.09990884258253475,0.7828503499155914,0.12946641726817473,0.02575611816872661,0.20214205733295504,0.2843185930980972,0.18054899652650552,0.09159834230433302
OR021@12_0,数据集/数据集/源域数据集/48kHz_DE_data/OR/Opposite/0021/OR021@12_0.mat,0,OR,48k_DE,1796.0,0.14148466523279837,26.35125360841794,9.296691756546354,0.16883354696941952,0.5076143903906127,0.07087393805372266,0.003133572172951543,0.014437089344740753,0.008325916705900705,0.002563130617546621,19.888624371981155,0.3857550222439881,0.14946296516343188,0.9728086024260882,0.012178053076445185,0.009917879951382796,0.39123355432409657,0.3801472139639014,0.1640999881631217,0.01374901664108583
OR021@12_0,数据集/数据集/源域数据集/48kHz_DE_data/OR/Opposite/0021/OR021@12_0.mat,1,OR,48k_DE,1796.0,0.11525576396872127,22.946983259056505,9.110669883895211,0.16810108038820729,0.5187393785980752,0.0736426975682302,0.0038964117633033817,0.016264407772417985,0.009911091162309184,0.0035825838986094124,17.088614375461713,0.39111777267769454,0.14660383099204433,0.9685298055725512,0.014019166174517305,0.010908383167309648,0.40081193934230996,0.3732068643807041,0.1605476934386396,0.018972421703524277
OR021@12_0,数据集/数据集/源域数据集/48kHz_DE_data/OR/Opposite/0021/OR021@12_0.mat,2,OR,48k_DE,1796.0,0.12914373518086597,24.72009823003073,8.846489234837557,0.16724653604345968,0.507188297066989,0.0766587192355069,0.003431410344972052,0.013717401415169514,0.008432185477317437,0.002700789031611006,18.49087579330125,0.38027342294878697,0.14615881906103806,0.9756325615554489,0.010236801142854827,0.00935397983774562,0.4042145458168128,0.38285663367202866,0.1600115725043339,0.01225877704172605
OR021@12_0,数据集/数据集/源域数据集/48kHz_DE_data/OR/Opposite/0021/OR021@12_0.mat,3,OR,48k_DE,1796.0,0.1389018578321657,24.866586670880647,9.175774264982095,0.16645303058047978,0.5068553722279903,0.07339370257522995,0.003152307066177252,0.013704255411498958,0.008396493111806565,0.0024240345895972597,18.81779101709573,0.3848614324198075,0.14880041095871732,0.9752316198001197,0.010622160655278804,0.009391984657016739,0.38690218417590033,0.3792351241426182,0.17155248729695038,0.013710514538383355
OR021@12_0,数据集/数据集/源域数据集/48kHz_DE_data/OR/Opposite/0021/OR021@12_0.mat,4,OR,48k_DE,1796.0,0.1591254143302596,23.097581218047527,8.774084131066326,0.16736861380699505,0.5174719644215957,0.06981427644478806,0.004032117328759097,0.017772522445555352,0.01000336714831991,0.0031033654520045066,17.55353214322224,0.3915111696427355,0.1511946349721165,0.9661126665217807,0.014575820186332246,0.012257852115108813,0.3905520897279605,0.37696587136136234,0.1690853959483312,0.01626559213975584
OR021@12_0,数据集/数据集/源域数据集/48kHz_DE_data/OR/Opposite/0021/OR021@12_0.mat,5,OR,48k_DE,1796.0,0.14457170151977253,25.804721193149785,8.598217379865398,0.16944393578709638,0.508577618570974,0.07599054385633529,0.0031596307838285707,0.014652717942550334,0.008254779043352254,0.0028717051412930623,19.27594903480468,0.3855542640649199,0.14698739985376783,0.9730855694523317,0.012005979508016781,0.009666330393647688,0.40360198498032873,0.3734402256468699,0.161997424883009,0.015329608688300564
OR021@12_0,数据集/数据集/源域数据集/48kHz_DE_data/OR/Opposite/0021/OR021@12_0.mat,6,OR,48k_DE,1796.0,0.15566222716745715,27.376193838613588,8.935294721691342,0.1684673136788134,0.5071374889982684,0.07397471515012771,0.003069790598877903,0.013049611175024454,0.007790226230788961,0.0027486258804560733,20.826439486902654,0.3894428000155267,0.14620894134696313,0.9719077963633735,0.01402320991056465,0.009121440122247288,0.3812927515531305,0.38118476542445445,0.16731957869183778,0.01676448073649403
OR021@12_0,数据集/数据集/源域数据集/48kHz_DE_data/OR/Opposite/0021/OR021@12_0.mat,7,OR,48k_DE,1796.0,0.1781329920882623,27.110287584664366,10.148422300441458,0.16834523591527803,0.5148667784498056,0.07361809558768694,0.004455785841286543,0.017458774087383024,0.009872846891716334,0.0035824712785386325,21.24382437956441,0.3928228939578919,0.14124946342856973,0.9661777802971766,0.015209613909459614,0.012014314485764994,0.38533654826246166,0.380793698243783,0.16686951000886013,0.01617257887957432
OR021@12_0,数据集/数据集/源域数据集/48kHz_DE_data/OR/Opposite/0021/OR021@12_0.mat,8,OR,48k_DE,1796.0,0.15493366246424684,24.669984838071063,9.798568661952823,0.16858939144234877,0.518680501112706,0.07641321758232243,0.005294265687582302,0.02115891047305161,0.01000296912748459,0.0038043024238961047,19.075236013508995,0.39139027062720483,0.14215661606987895,0.9636137096380252,0.01432037531533802,0.014793122636595228,0.4003249666592959,0.37857361251690647,0.15040185751402346,0.015951030438258327
OR021@12_1,数据集/数据集/源域数据集/48kHz_DE_data/OR/Opposite/0021/OR021@12_1.mat,0,OR,48k_DE,1771.0,0.16074446241709162,20.106649398293026,8.451507333831474,0.16346212537386315,0.5187581795967496,0.08010199977626396,0.00598185566493189,0.024185832672493725,0.010098008331607084,0.0019216184264574127,15.402647614580252,0.39112186568241375,0.1621332572315393,0.9590522133196288,0.01782189434640349,0.01652531810142859,0.38529246599486244,0.39851652925525854,0.13518435776829046,0.017011697914606543
OR021@12_1,数据集/数据集/源域数据集/48kHz_DE_data/OR/Opposite/0021/OR021@12_1.mat,1,OR,48k_DE,1771.0,0.16265870766901452,20.55169783056594,8.681372482226038,0.16260758102911554,0.5168144207466628,0.0765443223340125,0.005589518910363399,0.02186836607075724,0.009487940305471301,0.0018609947752117396,15.812256812540129,0.38789132777799146,0.15647047982328563,0.9610482843988934,0.017692889937228312,0.01496498702688927,0.39072449941162485,0.3954847036964461,0.13989408872101386,0.013826472660451552
OR021@12_1,数据集/数据集/源域数据集/48kHz_DE_data/OR/Opposite/0021/OR021@12_1.mat,2,OR,48k_DE,1771.0,0.17100702274593055,24.219264013107697,8.986409174559755,0.15912836476835746,0.5295588280346325,0.0766597972150615,0.006451118949187773,0.027097278640694958,0.010533924320415822,0.0021317050547442827,19.460108264353497,0.3947755174228437,0.16471728474794844,0.9518257438569504,0.02321742728034355,0.017608829038962135,0.38814033738739506,0.3918576281622015,0.13726088263502964,0.015154352233454219
OR021@12_1,数据集/数据集/源域数据集/48kHz_DE_data/OR/Opposite/0021/OR021@12_1.mat,3,OR,48k_DE,1771.0,0.16940298977200932,22.64186504806998,8.590249326963407,0.15955563694073124,0.518278763339541,0.07593003992297122,0.005065472224398887,0.0237095304204306,0.00924642975610791,0.0017450774140049042,17.43005332972238,0.38459011065794385,0.16522060251681758,0.9610641776622276,0.017803616069691993,0.015099478330358877,0.40713147552692336,0.38551936779908513,0.14046292954118497,0.011664487524678812
OR021@12_1,数据集/数据集/源域数据集/48kHz_DE_data/OR/Opposite/0021/OR021@12_1.mat,4,OR,48k_DE,1771.0,0.14767153871945032,21.770220253824103,8.565856719080736,0.16517121406335836,0.5254554998942388,0.07378476564201744,0.005339492935561186,0.02208097271687817,0.009561995929705766,0.001738530261421737,16.706413181408177,0.3922808895856096,0.16598486137171994,0.9580962178789693,0.020267109615536922,0.015007481592336294,0.3943264378587685,0.38499433268293015,0.14381436352445864,0.016452577076581258
OR021@12_1,数据集/数据集/源域数据集/48kHz_DE_data/OR/Opposite/0021/OR021@12_1.mat,5,OR,48k_DE,1771.0,0.14247019164485392,23.021885193073135,8.875023910424085,0.1659647195263383,0.5204192848105826,0.0781091997969138,0.005133043532570055,0.021501445878830103,0.009053257111549027,0.0016573033963748584,17.55884725240223,0.38613153687137436,0.15734182607485334,0.9627101103715768,0.017463234300514656,0.013991682501439147,0.401109218424932,0.387694292363963,0.14270250324722286,0.012548086728965438
OR021@12_1,数据集/数据集/源域数据集/48kHz_DE_data/OR/Opposite/0021/OR021@12_1.mat,6,OR,48k_DE,1771.0,0.1415054120456147,24.730219411530637,9.014548376377794,0.16334004761032778,0.5176125343734997,0.08102018390309691,0.005028242037193755,0.019982527243399082,0.00913257493557877,0.0016247734822035646,19.636459797751513,0.38781113799539263,0.15884271509296516,0.964530863787703,0.016433070211556183,0.013225932148561537,0.3835911435637008,0.3924696617120467,0.15537948387005424,0.013207245002369373
OR021@12_1,数据集/数据集/源域数据集/48kHz_DE_data/OR/Opposite/0021/OR021@12_1.mat,7,OR,48k_DE,1771.0,0.13563360810061864,24.8510518762564,9.023598963028691,0.16138680339376182,0.5170395258484057,0.07907100688786232,0.005455283283387212,0.022341179589678597,0.009569638884561029,0.0017138681933712195,19.724347674123017,0.3857178090045852,0.1592710965296305,0.9639713299238992,0.015062551312470196,0.014454037772261953,0.39303832208565076,0.3955026242422567,0.1463130833066564,0.013721513365374229
OR021@12_1,数据集/数据集/源域数据集/48kHz_DE_data/OR/Opposite/0021/OR021@12_1.mat,8,OR,48k_DE,1771.0,0.17160836702513022,26.220667571518828,9.90325879739397,0.16218030885674176,0.5230404960429049,0.07258646459799149,0.0059781454443623315,0.026449847757158276,0.010845134524495712,0.0020499025830470275,20.94930620494473,0.3965749274132493,0.15785169785043632,0.9561746272437103,0.018413353009731594,0.01737500642058804,0.3900280276017406,0.3853902016437423,0.14236063045221822,0.017922324106375447
OR021@12_1,数据集/数据集/源域数据集/48kHz_DE_data/OR/Opposite/0021/OR021@12_1.mat,9,OR,48k_DE,1771.0,0.16915400521627988,22.254152302853793,8.779055016696455,0.16272965879265092,0.5280291809927384,0.07754699563078102,0.006695892500309199,0.028270906478634412,0.010926574514950044,0.0020813912255994954,17.583973148936668,0.4005225443355241,0.15403254839169056,0.9511523764320491,0.02041454036788033,0.019966654562186707,0.38643117775612446,0.3892190258332909,0.14005895546052857,0.020129273619971275
OR021@12_1,数据集/数据集/源域数据集/48kHz_DE_data/OR/Opposite/0021/OR021@12_1.mat,10,OR,48k_DE,1771.0,0.13186568041575739,21.35829921046089,8.569033589142704,0.16419459195507538,0.5097518975680905,0.07996959105965784,0.005146304607720887,0.022038077643326798,0.008633950415546123,0.0014974870212094164,16.42215664986358,0.3855114141293693,0.15570068038683157,0.9679738388218551,0.010860082768225714,0.015667172847798762,0.3812774750463899,0.4006647049224324,0.15318955081686886,0.01387120162139855
OR021@12_1,数据集/数据集/源域数据集/48kHz_DE_data/OR/Opposite/0021/OR021@12_1.mat,11,OR,48k_DE,1771.0,0.13073864734713223,20.834047775845946,8.77039554306393,0.16608679728987366,0.5173533897666616,0.07390960567613081,0.0053059158315211215,0.02183579402830342,0.009070541544229272,0.001669404532950459,16.61794391986229,0.3872558886826969,0.16290894568835698,0.9635628665773421,0.015076851015237576,0.015110172055553785,0.38207364738587196,0.4015754410725041,0.15029886651065824,0.013600723474737774
OR021@12_1,数据集/数据集/源域数据集/48kHz_DE_data/OR/Opposite/0021/OR021@12_1.mat,12,OR,48k_DE,1771.0,0.16905859425322703,22.958920147966875,9.500504323700701,0.1646218641274492,0.5175697535196939,0.0744075848085801,0.005793618771873179,0.024154166949786546,0.009154520289310185,0.0018738497369726256,18.634870812430126,0.3880156051388577,0.16001327722679223,0.9592638480487703,0.017171136320220628,0.01680790723186532,0.3945102015198239,0.39755166893555893,0.13328408086560126,0.013197748512260105
OR021@12_1,数据集/数据集/源域数据集/48kHz_DE_data/OR/Opposite/0021/OR021@12_1.mat,13,OR,48k_DE,1771.0,0.18431276671862143,23.698299761218035,9.50274054014224,0.16315693096502473,0.5137895735003168,0.07142727272369896,0.005288045995837867,0.021391216785117455,0.008864970281248602,0.0016759184336989639,18.809427634540942,0.3880637763104251,0.15902754316717674,0.9636101249166236,0.01469453587190194,0.015362041069994368,0.3848910101993232,0.4002590099813544,0.14272978837289765,0.014609249584158194
OR021@12_2,数据集/数据集/源域数据集/48kHz_DE_data/OR/Opposite/0021/OR021@12_2.mat,0,OR,48k_DE,1746.0,0.1419492176779814,20.402143869982567,8.843722688150807,0.162912775437954,0.5340312117062989,0.07355060436756425,0.008076401953169172,0.02779631832395756,0.012436644215245981,0.0018549953602890353,16.962562708228834,0.3997446491918836,0.1593407707705445,0.9433031456491767,0.025707063045621082,0.02168592318071618,0.38858018475814066,0.39091270342257556,0.12854949300139387,0.015576218633631315
OR021@12_2,数据集/数据集/源域数据集/48kHz_DE_data/OR/Opposite/0021/OR021@12_2.mat,1,OR,48k_DE,1746.0,0.15021558733708673,18.38811810909057,8.21520366879133,0.1615088811572972,0.5505804095182969,0.07650372866499994,0.009848712170297313,0.03202912432650354,0.014447806935834164,0.0020674808367639433,15.61373669940752,0.4146195902948773,0.15218502046629653,0.926290772361913,0.036618106978373706,0.02517588175651109,0.3874891802860758,0.37893623779354785,0.11992389037658198,0.02265965302917099
OR021@12_2,数据集/数据集/源域数据集/48kHz_DE_data/OR/Opposite/0021/OR021@12_2.mat,2,OR,48k_DE,1746.0,0.15880011754081427,20.916980830718323,9.421586820173054,0.16120368674845878,0.5416646971729588,0.07859520276989579,0.00860302096697229,0.030154551169149748,0.013608729001414514,0.0018429390861221654,17.75759715756133,0.4073058313404526,0.16037007759831412,0.9359713641219733,0.030301708999637453,0.022986533118361147,0.3928091747170693,0.37678356602915736,0.12393901089055803,0.021113421888508347
OR021@12_2,数据集/数据集/源域数据集/48kHz_DE_data/OR/Opposite/0021/OR021@12_2.mat,3,OR,48k_DE,1746.0,0.1739595874813764,21.78738101223241,9.475454634876417,0.16401147530977234,0.5365552754538694,0.08095355874916559,0.008199687447486592,0.02876731838824948,0.013037972788746958,0.002012593431141376,18.64098266923993,0.40594892761542056,0.16049689257785243,0.9438755859290412,0.023817693312831397,0.0223436370472742,0.39072088419236056,0.3735094958265906,0.13352092153571468,0.021519428685456685
OR021@12_2,数据集/数据集/源域数据集/48kHz_DE_data/OR/Opposite/0021/OR021@12_2.mat,4,OR,48k_DE,1746.0,0.20770597578511477,20.720877972852982,8.859166275099003,0.1645608252456815,0.5406142594498654,0.0840199568093237,0.008799495897624165,0.030116535507114968,0.014185946285038059,0.002057361969421185,17.50005665493046,0.4109995065124826,0.16242346825191933,0.9349916430612697,0.030172572119868776,0.023648363671990677,0.38331291800157585,0.38269116544897613,0.12450452895938156,0.02363741938783136
OR021@12_2,数据集/数据集/源域数据集/48kHz_DE_data/OR/Opposite/0021/OR021@12_2.mat,5,OR,48k_DE,1746.0,0.1673344167352037,21.342425162760964,8.96693537720532,0.1632179698467924,0.5271986848521134,0.0870276155942816,0.007268768642000788,0.026705771894647738,0.012588215724045691,0.0017020603905061426,17.66186315975752,0.40149462697404703,0.15956390149244123,0.9437586305387884,0.0264303445594996,0.020001019423963762,0.3911384791815298,0.38833071843855926,0.12757159929246298,0.019325802746899778
OR021@12_2,数据集/数据集/源域数据集/48kHz_DE_data/OR/Opposite/0021/OR021@12_2.mat,6,OR,48k_DE,1746.0,0.13784401960960233,25.76340483080281,9.766805152427233,0.16266861991088324,0.5453762427411333,0.07568967559254695,0.008446444975994088,0.030374087625251157,0.013459738497577981,0.002042658095554479,23.103874731206222,0.41177091742738514,0.16206662199822613,0.9381062697992454,0.028262209961400362,0.023366125303520082,0.3786513487512974,0.3799361498518198,0.13785938671819079,0.024991429341400147
OR021@12_2,数据集/数据集/源域数据集/48kHz_DE_data/OR/Opposite/0021/OR021@12_2.mat,7,OR,48k_DE,1746.0,0.19994554599697334,24.12176245351657,9.347518536115277,0.1615699200390649,0.5480408295495353,0.07242381751092182,0.008134955732248095,0.032505158558659944,0.014228349460005979,0.0022203106725191047,20.299163608992984,0.41308770071987333,0.15895102263757863,0.9361700648197668,0.0302212692618204,0.023387080045242398,0.38420215762194687,0.370422809882351,0.13488973835026316,0.022587836911286328
OR021@12_2,数据集/数据集/源域数据集/48kHz_DE_data/OR/Opposite/0021/OR021@12_2.mat,8,OR,48k_DE,1746.0,0.18687528223654043,20.39352171586901,8.68137293262927,0.16083745345785266,0.5559762681719073,0.07106822342747766,0.009374030706339534,0.0390752623931175,0.015444289159707794,0.0029448895751963498,17.6275103640579,0.4287812278251532,0.16266672933100948,0.9148299387579361,0.04357768039913868,0.028559077944218282,0.36892250977733515,0.3742624774890658,0.11865686052447096,0.02834910663581518
OR021@12_2,数据集/数据集/源域数据集/48kHz_DE_data/OR/Opposite/0021/OR021@12_2.mat,9,OR,48k_DE,1746.0,0.1701050859201297,25.311014841896903,10.08103145240129,0.1637673197827016,0.5450995130203211,0.0788504647448003,0.008084917504457844,0.03205442828912294,0.01429696912354748,0.002228545878061082,22.363189827964927,0.4134360750808568,0.15679545461598945,0.9300596423305615,0.03567261867194751,0.022673446542175457,0.3911569051268126,0.37712296210847446,0.12035730673235387,0.022794318270218113
OR021@12_2,数据集/数据集/源域数据集/48kHz_DE_data/OR/Opposite/0021/OR021@12_2.mat,10,OR,48k_DE,1746.0,0.17740580019827198,25.814603341099208,9.512997418509173,0.1649880974180553,0.5209329899885854,0.08402584697786433,0.005818985220018874,0.023090975766541226,0.011110159536688327,0.001600306993213442,21.78070562198038,0.3927664426962022,0.16121803106724697,0.9558812350486219,0.01988547879133716,0.01620658685526366,0.3991370447977687,0.3796395727500881,0.1393322074360685,0.015887922697736857
OR021@12_2,数据集/数据集/源域数据集/48kHz_DE_data/OR/Opposite/0021/OR021@12_2.mat,11,OR,48k_DE,1746.0,0.19131978394116003,23.51893007141819,9.622245636026967,0.16364524201916622,0.5394877741130701,0.07636442097090076,0.007178529717548257,0.028452132955004653,0.013393918119214082,0.0019354022557703514,20.371109304571544,0.40518799966739355,0.16843666080556782,0.9454777482913848,0.023293168577378683,0.020830556284194435,0.385066967942942,0.37672923211958476,0.13986127548357843,0.02182630856234324
OR021@12_2,数据集/数据集/源域数据集/48kHz_DE_data/OR/Opposite/0021/OR021@12_2.mat,12,OR,48k_DE,1746.0,0.2045117182344361,21.791727140911007,9.383028896923557,0.16266861991088324,0.5278076451033261,0.08228096930363961,0.006538228821527688,0.029440837076848983,0.012879613328558474,0.001966727641694389,18.19975145388627,0.3996941982977767,0.1675263212962086,0.9486413262227994,0.019325025909715354,0.02171073477919892,0.3864299441377347,0.38604446425858535,0.1432822745778494,0.018203504554980956
OR021@12_2,数据集/数据集/源域数据集/48kHz_DE_data/OR/Opposite/0021/OR021@12_2.mat,13,OR,48k_DE,1746.0,0.20339640671873774,21.30396551880903,9.772578547861675,0.1641335530733077,0.522422881732162,0.08741334986624576,0.006429979285640039,0.02837481607346314,0.012336792540843576,0.001895380769771896,18.241168424844172,0.3990697847002084,0.17099454583013676,0.9478354569628024,0.020904739038257163,0.020518749827359392,0.3873306669085082,0.3868239212839686,0.13649224800337392,0.017021006175748605
OR021@12_3,数据集/数据集/源域数据集/48kHz_DE_data/OR/Opposite/0021/OR021@12_3.mat,0,OR,48k_DE,1718.0,0.14048795734927289,23.16991768590335,9.050270179365679,0.16083745345785266,0.5388250714265835,0.08424844815794405,0.007883758453375246,0.03135849873603147,0.02277281369775546,0.0017680844847201608,21.035394467877328,0.40475573994870157,0.17084814430609285,0.9355671793519397,0.027664761832074218,0.02123152649190779,0.3974586047100164,0.3838994392077374,0.11405247503012078,0.016756094161799684
OR021@12_3,数据集/数据集/源域数据集/48kHz_DE_data/OR/Opposite/0021/OR021@12_3.mat,1,OR,48k_DE,1718.0,0.14078398184397076,24.091091652275033,9.111970104249389,0.15870109259598364,0.5362166976385312,0.07554413597109917,0.0065782214251445155,0.030018069167918687,0.021382969166480036,0.0017732806321946826,21.53982455470221,0.40451318916819756,0.17356534166614665,0.939018476628125,0.026841439731051117,0.01999910958792165,0.39976156956899556,0.3766453392684003,0.12158671567885775,0.017277724048035938
OR021@12_3,数据集/数据集/源域数据集/48kHz_DE_data/OR/Opposite/0021/OR021@12_3.mat,2,OR,48k_DE,1718.0,0.11810673879410129,20.012348549237597,8.490334243058689,0.15973875358603432,0.5445203679202568,0.07377719207337732,0.007526671533207968,0.03319382394055573,0.02289948707420275,0.0018880339586700111,17.804598302522145,0.412383963338419,0.16414373728999299,0.9335717318726495,0.028171171824616172,0.023253565110959405,0.39226749607005124,0.3747172240000713,0.1215818469191574,0.01915219416796002
OR021@12_3,数据集/数据集/源域数据集/48kHz_DE_data/OR/Opposite/0021/OR021@12_3.mat,3,OR,48k_DE,1718.0,0.12341692479933686,19.73007924672459,8.51427024959922,0.16028810352194348,0.5483974153407019,0.07385038601926659,0.00788328671697543,0.034535029593000977,0.023949235179650263,0.0018199278724935768,17.68702274137624,0.4118588957728102,0.17136244550925867,0.9311610391214717,0.030056383533462103,0.023059721403408638,0.39049374302147993,0.378720038046438,0.1211715974908656,0.020285319817698474
OR021@12_3,数据集/数据集/源域数据集/48kHz_DE_data/OR/Opposite/0021/OR021@12_3.mat,4,OR,48k_DE,1718.0,0.1486270253820338,21.58637839672082,9.474276094774062,0.15748031496062992,0.5577228259843807,0.0643946992935851,0.00843964229056008,0.03475163547233076,0.024390774798364753,0.0019041338599904655,19.855097502490864,0.42185581129060434,0.16510496141510242,0.9270894180259068,0.0335593175681138,0.022795034035112963,0.3754926857913111,0.37457528501962456,0.12609762780122946,0.030444481653485383
OR021@12_3,数据集/数据集/源域数据集/48kHz_DE_data/OR/Opposite/0021/OR021@12_3.mat,5,OR,48k_DE,1718.0,0.15048376945729317,23.362319688383973,9.417925978393047,0.1576023927241653,0.5457173015269772,0.06798362847748925,0.007792772731570949,0.0315486442039254,0.022807469608388527,0.0018273051087371462,20.31201080531323,0.40896024808467935,0.1575511922291199,0.9411883190034348,0.024436380826275916,0.02053090759849169,0.39160463831485764,0.3741918090173522,0.129582352239815,0.02305773666020208
OR021@12_3,数据集/数据集/源域数据集/48kHz_DE_data/OR/Opposite/0021/OR021@12_3.mat,6,OR,48k_DE,1718.0,0.16008080270200556,21.688384759736564,8.951092604971858,0.16059329793078192,0.5313749074804015,0.07628694600690876,0.006917153650208327,0.027575763628178224,0.02128457942091794,0.00168063904276535,17.99372289400679,0.39594767058080393,0.16717132690756173,0.948936156068269,0.020362791644387337,0.01857728710849172,0.4104338422657478,0.37560064166622426,0.12447052643357885,0.015260958784839884
OR021@12_3,数据集/数据集/源域数据集/48kHz_DE_data/OR/Opposite/0021/OR021@12_3.mat,7,OR,48k_DE,1718.0,0.17688279987293853,19.20823347519443,8.770048278938766,0.15876213147775134,0.5430544028709076,0.07790048845472512,0.007783113585155032,0.03113051492063813,0.023141881118523094,0.0018168243645956803,16.453473279074196,0.4097731107538178,0.16981043359789813,0.9333605389857527,0.029796453604546896,0.02250626008779516,0.39272902633303386,0.38080022662095775,0.11830362022980263,0.021121432406276026
OR021@12_3,数据集/数据集/源域数据集/48kHz_DE_data/OR/Opposite/0021/OR021@12_3.mat,8,OR,48k_DE,1718.0,0.20044626975808236,20.20891162720797,9.669025294241003,0.15772447048770066,0.543740913455905,0.07778835425785315,0.008192858693613069,0.03598644386935557,0.023701372233041768,0.0018532388402397776,17.929312330606827,0.41191000025227364,0.1686158165611271,0.9294692536950281,0.03062722384564824,0.024717602408315942,0.3893344952709694,0.37981281626239194,0.12068579676546161,0.019798849709259218
OR021@12_3,数据集/数据集/源域数据集/48kHz_DE_data/OR/Opposite/0021/OR021@12_3.mat,9,OR,48k_DE,1718.0,0.18849767548855184,21.996888369966673,9.55012277444798,0.15754135384239762,0.5419968695718672,0.07677311590046318,0.00807581882346932,0.034445132547518346,0.024234556157939086,0.001757010689396415,19.53477924533885,0.4078375756068968,0.1698735453419534,0.934175894374489,0.0283181880310078,0.022790409130834986,0.39033078131045534,0.38440013558849623,0.12078061804574657,0.01820944948809973
OR021@12_3,数据集/数据集/源域数据集/48kHz_DE_data/OR/Opposite/0021/OR021@12_3.mat,10,OR,48k_DE,1718.0,0.1479539049642686,21.723770266796606,8.801366478009179,0.15656473173411464,0.5493892016409223,0.07214484824655387,0.007949510974262768,0.0335100668749131,0.024588157093597626,0.0017899813697018388,19.215249535098184,0.4136267595086433,0.16407632403100159,0.9313996495769451,0.03153912468098062,0.02254381344654283,0.3836126465153004,0.38268873772031514,0.12218346144491159,0.02241431812438623
OR021@12_3,数据集/数据集/源域数据集/48kHz_DE_data/OR/Opposite/0021/OR021@12_3.mat,11,OR,48k_DE,1718.0,0.13302396268337194,20.2468497905784,8.32757276246075,0.15870109259598364,0.5408733722969202,0.07384437317907695,0.007575135648112855,0.033818109884100465,0.023062022942671997,0.0017644062439603066,17.29340593430866,0.40862868762898996,0.16792857203909084,0.9344431516890805,0.028471966715372544,0.022977826590639284,0.4007580785404498,0.3729158319038819,0.12190094810047121,0.018662945794930847
OR021@12_3,数据集/数据集/源域数据集/48kHz_DE_data/OR/Opposite/0021/OR021@12_3.mat,12,OR,48k_DE,1718.0,0.15154772060495078,17.617700757315564,8.831252231735244,0.1615088811572972,0.5525075548320407,0.07718773755045533,0.008449464412084941,0.03560381862964167,0.02670993319245181,0.0018909563371041049,15.661350908130524,0.4200749327294827,0.17826704893149325,0.9178635576493435,0.037214077139443684,0.02646132043281344,0.3913307211731505,0.37138627105936983,0.10982014840747482,0.0251697007174215
OR021@12_3,数据集/数据集/源域数据集/48kHz_DE_data/OR/Opposite/0021/OR021@12_3.mat,13,OR,48k_DE,1718.0,0.2133023760680598,15.874314786791068,8.929959197442255,0.1580296648965391,0.5646844299790357,0.06975204804535395,0.009809395892649796,0.040948057021966085,0.028510363660187422,0.0020619191422799566,14.089474638509918,0.4366481749229431,0.17185454992037652,0.9038035856599678,0.042424752629936405,0.032443809288990405,0.35831751252265237,0.3767530372423231,0.11286177533379275,0.03624045598743274
OR007@3_0,数据集/数据集/源域数据集/48kHz_DE_data/OR/Orthogonal/0007/OR007@3_0.mat,0,OR,48k_DE,1797.0,0.06928055978370723,4.199955796143207,4.759610742633465,0.18561923945553319,0.6110130594831074,0.05200633866018306,0.003859738540803517,0.010054451781000286,0.01721518461930296,0.024895585409699415,4.434386873573904,0.554887801677398,0.19826714912920754,0.6744437824582965,0.23460407805865216,0.026469897067970417,0.07497716851610939,0.2981921270054606,0.1921670865639117,0.08528718452598905
OR007@3_0,数据集/数据集/源域数据集/48kHz_DE_data/OR/Orthogonal/0007/OR007@3_0.mat,1,OR,48k_DE,1797.0,0.06341957034884804,4.166772531023642,4.124971316746427,0.1845815784654825,0.6067343614990552,0.05671842184093939,0.003640388432686302,0.009955347202225665,0.01951270007812512,0.023370958619726788,4.181315354590245,0.5482926417431617,0.19584841478895643,0.7115032489834117,0.1982670368240277,0.025861556066036472,0.07408490933876788,0.3092650000561252,0.211164635685811,0.08754933206882368
OR007@3_0,数据集/数据集/源域数据集/48kHz_DE_data/OR/Orthogonal/0007/OR007@3_0.mat,2,OR,48k_DE,1797.0,0.07808638748992122,4.239091601508897,4.442373555575913,0.18397118964780565,0.6081500266101332,0.05220191206663231,0.004045897207711655,0.009765005257661686,0.02080159617271049,0.023972920061026637,4.442261180220549,0.5485334136273247,0.2007277204657444,0.7059262841312467,0.20048149232560372,0.02722976740406374,0.07839953397406979,0.3129844232430624,0.20672494017639986,0.07976276856397015
OR007@3_0,数据集/数据集/源域数据集/48kHz_DE_data/OR/Orthogonal/0007/OR007@3_0.mat,3,OR,48k_DE,1797.0,0.078188589555657,4.142826462109835,4.548015603995462,0.18452053958371484,0.6090658385830188,0.043024146764092754,0.003970946290784884,0.010380988032125851,0.0205528017936037,0.02669543586467761,4.454330995466104,0.5475334385577092,0.21347766229237594,0.6927185216739756,0.20845508092569914,0.02821650651321163,0.06611502562661468,0.31428196742022496,0.20909012011408218,0.07677718569466475
OR007@3_0,数据集/数据集/源域数据集/48kHz_DE_data/OR/Orthogonal/0007/OR007@3_0.mat,4,OR,48k_DE,1797.0,0.0736497595257908,4.077304307589907,4.590400014506396,0.18525300616492707,0.606383936041998,0.04461037125678321,0.0033202574255235115,0.00965586207705496,0.020647203026898445,0.026866991740564852,4.285853748907226,0.5434915120022112,0.21102039264750813,0.6980203525133237,0.20477866708063042,0.02551991438033272,0.0573330531551248,0.3214797401794725,0.2151484953246431,0.07543519354759276
OR007@3_0,数据集/数据集/源域数据集/48kHz_DE_data/OR/Orthogonal/0007/OR007@3_0.mat,5,OR,48k_DE,1797.0,0.08928423884604002,4.064136327121618,4.599995937730588,0.18635170603674542,0.6064929820698931,0.045146559352198135,0.003398423950314276,0.008500086918158747,0.019421464463244678,0.02742919347038084,4.256366286074684,0.5427259122136497,0.20562410088634692,0.6906200554433618,0.21842295329441827,0.023950902584504177,0.06316914191397933,0.32252149062052504,0.21039927214844684,0.06877740793127379
OR007@3_0,数据集/数据集/源域数据集/48kHz_DE_data/OR/Orthogonal/0007/OR007@3_0.mat,6,OR,48k_DE,1797.0,0.08307695581692774,4.016045748786975,4.376177315118547,0.18525300616492707,0.6093735888024602,0.0464969435319916,0.0045916447991683805,0.009296808414571455,0.019933942679731496,0.027963180359466912,4.213355339502372,0.5487424495861067,0.20892629765165632,0.6777215540777792,0.22787916526601032,0.028132264638408067,0.05751639836944518,0.3165187719725042,0.20041368362466686,0.07620775153952458
OR007@3_0,数据集/数据集/源域数据集/48kHz_DE_data/OR/Orthogonal/0007/OR007@3_0.mat,7,OR,48k_DE,1797.0,0.08156827584068567,4.113809951151273,4.636888572902723,0.18470365622901788,0.6097744262042818,0.04702487515226569,0.004297523178527413,0.009374656467314668,0.020613796466139377,0.027537083911948337,4.462223965418267,0.5441640637739421,0.21546846666825262,0.6879460303522029,0.21829060968437503,0.02641244333987197,0.060593018700021546,0.3210829015282152,0.19687606175070146,0.07972406511009861
OR007@3_0,数据集/数据集/源域数据集/48kHz_DE_data/OR/Orthogonal/0007/OR007@3_0.mat,8,OR,48k_DE,1797.0,0.0808060455959606,4.137219325567888,4.618448317999272,0.18580235610083623,0.6101052494004631,0.04883491415802498,0.003510422145737629,0.009470402592607723,0.01997974850665439,0.028218849190900296,4.526713629512841,0.5465847143396667,0.21042954342715225,0.6794794668111953,0.22485085299935323,0.024878974320940814,0.06524084511469401,0.3169661597674437,0.19152356997512507,0.07592683852152039
OR007@3_1,数据集/数据集/源域数据集/48kHz_DE_data/OR/Orthogonal/0007/OR007@3_1.mat,0,OR,48k_DE,1773.0,0.048913480709297054,3.9486975453140074,4.618530430719029,0.19025819446987732,0.5823037806597061,0.08220410403430749,0.003568766797092163,0.006687096552075,0.020509566834003897,0.01160329541366115,4.4464120078213485,0.5413809217612257,0.1977996850430599,0.6848635074991913,0.23527208166876573,0.022096923961800182,0.057293178993720835,0.3107142828259994,0.1757760517495924,0.09075390309208466
OR007@3_1,数据集/数据集/源域数据集/48kHz_DE_data/OR/Orthogonal/0007/OR007@3_1.mat,1,OR,48k_DE,1773.0,0.043978923548503135,3.9579069373169733,4.541696836917436,0.19001403894280658,0.5777979702890861,0.08375842571330361,0.0037905009679887135,0.006322241906018579,0.01988424119958692,0.011133371609470663,4.510417157429765,0.5434693224646567,0.19357108253824745,0.6801725474386103,0.23904307887062695,0.02356425150019905,0.060666790130638616,0.30451973647180963,0.17455467609437,0.09375762238107592
OR007@3_1,数据集/数据集/源域数据集/48kHz_DE_data/OR/Orthogonal/0007/OR007@3_1.mat,2,OR,48k_DE,1773.0,0.04851806597733866,4.051046678801276,4.563071719838368,0.18940365012512972,0.5780113772003173,0.0865322473701694,0.0036258097308177126,0.006937091019404191,0.021381586344512194,0.010369407490885546,4.52595408819351,0.538526982821625,0.19841915391324297,0.689243619417976,0.2310094375695168,0.023880718579616943,0.06051283094834936,0.31132636311173045,0.18308060629101972,0.09044747755532911
OR007@3_1,数据集/数据集/源域数据集/48kHz_DE_data/OR/Orthogonal/0007/OR007@3_1.mat,3,OR,48k_DE,1773.0,0.03919750256178672,4.098687050873004,4.6335894360529215,0.1889763779527559,0.5787086902958615,0.08770243422544495,0.0038420032205873085,0.006171100212254483,0.02039903755268058,0.010511032136712246,4.471628217296558,0.5326259946703739,0.20451986936766672,0.705115388317929,0.22063946445175972,0.02184606703832886,0.05660156002620826,0.3207699862204072,0.19143891922898995,0.09358611224754285
OR007@3_1,数据集/数据集/源域数据集/48kHz_DE_data/OR/Orthogonal/0007/OR007@3_1.mat,4,OR,48k_DE,1773.0,0.04827399891444195,4.17835869898023,4.630897869191036,0.1890374168345236,0.580898425058481,0.08706049543843188,0.0036455639646341695,0.007172506457233002,0.02130970832821914,0.011363711227332374,4.5920179448809355,0.5334985295527543,0.20427523539538867,0.7092639968254473,0.21512443640185816,0.0223839108999401,0.05030954758455205,0.322057953084302,0.19398148247044808,0.09802215089882114
OR007@3_1,数据集/数据集/源域数据集/48kHz_DE_data/OR/Orthogonal/0007/OR007@3_1.mat,5,OR,48k_DE,1773.0,0.0598911977816419,4.165759195977885,4.59129970635146,0.18922053347982665,0.5829341701948203,0.08348661552776547,0.003605416603295932,0.006941630389522005,0.02045638533776677,0.011477657903675107,4.53613216069918,0.5293254496074775,0.21420906317861735,0.7194867461790678,0.20557723255516472,0.02118889914468585,0.05072605951490354,0.3362270625578641,0.18639396458946916,0.10040940079334025
OR007@3_1,数据集/数据集/源域数据集/48kHz_DE_data/OR/Orthogonal/0007/OR007@3_1.mat,6,OR,48k_DE,1773.0,0.06233927394586967,4.016815759434677,4.472199680593713,0.1895257278886651,0.5843951604577606,0.0839707552752989,0.0037197399741297774,0.0071622428831836825,0.02048627718725341,0.011890321895137067,4.384335610277564,0.5357534325070408,0.20722414575368242,0.7013409008085101,0.2175804336424486,0.023248577009782962,0.04920708772856688,0.3301624022325435,0.1761892291553894,0.0978174413549032
OR007@3_1,数据集/数据集/源域数据集/48kHz_DE_data/OR/Orthogonal/0007/OR007@3_1.mat,7,OR,48k_DE,1773.0,0.05954831877077749,4.01590421808981,4.783211946716896,0.1903802722334127,0.5821808281465433,0.08370060243936006,0.003524261698024227,0.007275212313760261,0.020365761749862123,0.011864467992485531,4.5163902024856135,0.5400916194181479,0.2018595637420886,0.692993787815923,0.2266748278161773,0.023569973521434633,0.0568639143248147,0.3200797904512578,0.1761472576084888,0.09299950197698438
OR007@3_1,数据集/数据集/源域数据集/48kHz_DE_data/OR/Orthogonal/0007/OR007@3_1.mat,8,OR,48k_DE,1773.0,0.06354547320811971,4.089520766369953,4.761932576917266,0.19086858328755418,0.5770244237071528,0.08847883924709235,0.0036341514686651926,0.006565309592292025,0.01955128620538803,0.010993060611373857,4.69088720105092,0.5424500266604317,0.19787961402515442,0.6802448793898076,0.24101806246815202,0.022481948014517875,0.060537895508193586,0.31002685644267974,0.17185608682210826,0.09035679021571294
OR007@3_1,数据集/数据集/源域数据集/48kHz_DE_data/OR/Orthogonal/0007/OR007@3_1.mat,9,OR,48k_DE,1773.0,0.06432589732144377,4.184027278946694,4.5180416175924,0.18964780565220046,0.5783738354882941,0.09196561641379275,0.0036764418859615306,0.007073378852490009,0.02086330219535554,0.010840072165139537,4.761153114034167,0.542176591814058,0.19554303207458001,0.6914308602098067,0.22765927009669512,0.023220426614474415,0.061261136909874475,0.3110507722104953,0.1807789557921013,0.09205284294899137
OR007@3_1,数据集/数据集/源域数据集/48kHz_DE_data/OR/Orthogonal/0007/OR007@3_1.mat,10,OR,48k_DE,1773.0,0.0687090489139844,4.306102356582164,4.580736132716866,0.18757248367209914,0.5798125635240248,0.09515056490740838,0.00372524298025601,0.0064092140220660156,0.020174004672562067,0.011563525199720402,4.862453904672707,0.5343887365392416,0.20188334959191506,0.7103854188489162,0.21282148166470863,0.021049886997579675,0.05785783344582651,0.3214944041265747,0.1906764543553985,0.09628284192090113
OR007@3_1,数据集/数据集/源域数据集/48kHz_DE_data/OR/Orthogonal/0007/OR007@3_1.mat,11,OR,48k_DE,1773.0,0.05883973874529612,4.234492833223952,4.637392854079163,0.18830495025331137,0.5819213955051458,0.09369099036620791,0.003734950875671539,0.00695724086604626,0.021419917230977012,0.011721396912039326,4.806574204000428,0.5334978561870554,0.20580370905665843,0.7152275994959286,0.2073292743298311,0.02202715948754186,0.05202880320252521,0.32192924023251995,0.19683761258138527,0.10077802554225843
OR007@3_1,数据集/数据集/源域数据集/48kHz_DE_data/OR/Orthogonal/0007/OR007@3_1.mat,12,OR,48k_DE,1773.0,0.05461546882829031,4.120137184676823,4.630249496376932,0.19019715558810962,0.5838652385899111,0.09023583275869536,0.0037065785147150994,0.006624002994227902,0.020385512170655484,0.011477219841355524,4.5997158216591,0.5319375053971646,0.21095413926255902,0.7163820077203286,0.20842946046138838,0.021987058486774062,0.051594912653364425,0.32999241714503386,0.18443179133579501,0.10453437748822082
OR007@3_1,数据集/数据集/源域数据集/48kHz_DE_data/OR/Orthogonal/0007/OR007@3_1.mat,13,OR,48k_DE,1773.0,0.05706257911333055,4.0214100047848,4.5262213796451976,0.19105169993285723,0.5864282454711306,0.08764928332978,0.0037804734309280505,0.007195938048063481,0.020502132454795985,0.010846525053005368,4.4325542322027935,0.5401886367373245,0.2015567646051197,0.7019199549810131,0.218507978028482,0.02336312276576744,0.056856943398831156,0.3163351056034495,0.17668934411369852,0.1013222490328028
OR007@3_2,数据集/数据集/源域数据集/48kHz_DE_data/OR/Orthogonal/0007/OR007@3_2.mat,0,OR,48k_DE,1750.0,0.07213127974431098,4.432837342667296,4.630775350580915,0.1837880730025026,0.5997942453795052,0.04804705169066655,0.0034124916288590266,0.007609494234799631,0.026637751083431284,0.00765309909155182,4.328468885181052,0.51861443262506,0.21565197415550372,0.7329516142030302,0.19456616236554783,0.021437096321016855,0.056181494104762524,0.3676529204517314,0.19325815836288465,0.07852576735303952
OR007@3_2,数据集/数据集/源域数据集/48kHz_DE_data/OR/Orthogonal/0007/OR007@3_2.mat,1,OR,48k_DE,1750.0,0.06093591411803336,4.388948678855062,4.591864060083204,0.18525300616492707,0.6014128630976838,0.04492798867174974,0.003546858906522414,0.007749539721012618,0.025666432391095374,0.0075384658294425574,4.327920092248172,0.5187686788852055,0.216915658804924,0.734245482131963,0.19383033103423852,0.020972117921102866,0.054654626729307564,0.36999966739651163,0.18974810155462662,0.08239236004997257
OR007@3_2,数据集/数据集/源域数据集/48kHz_DE_data/OR/Orthogonal/0007/OR007@3_2.mat,2,OR,48k_DE,1750.0,0.051934254498286,4.308237887308685,4.531320352595652,0.18629066715497772,0.602676973752338,0.04459881740491676,0.0032687626704199927,0.008139937940198159,0.02455570625314807,0.007609534976573071,4.215948577548829,0.5193808374113754,0.2188595585979311,0.7326998330143055,0.1968123677663094,0.020494440097166597,0.05647104147097883,0.37096327239022087,0.18189495516163576,0.08410643447961338
OR007@3_2,数据集/数据集/源域数据集/48kHz_DE_data/OR/Orthogonal/0007/OR007@3_2.mat,3,OR,48k_DE,1750.0,0.05573281215119879,4.296791467743461,4.513291110303036,0.18604651162790697,0.6024528504252445,0.0427738137876347,0.003385109993473054,0.007835973388378974,0.02514291198102527,0.00789974366255178,4.109929696114142,0.5192768628092521,0.21762151684895037,0.7385965302938097,0.1920280838952656,0.019813570061020983,0.059604361270710844,0.37225638628824315,0.1786074280742728,0.08472330452456556
OR007@3_2,数据集/数据集/源域数据集/48kHz_DE_data/OR/Orthogonal/0007/OR007@3_2.mat,4,OR,48k_DE,1750.0,0.05480161719066127,4.283678184790108,4.471247963880878,0.18610755050967467,0.6028271775518489,0.042354095132136345,0.0032565928008816978,0.007216013103287913,0.02524147509190705,0.008053641100488357,4.125227792599232,0.5253215863496218,0.21387727083535776,0.7268192201217513,0.20121866093295318,0.020207736218138716,0.05713187771405261,0.3629210554319814,0.17162348300736424,0.08969809921602369
OR007@3_2,数据集/数据集/源域数据集/48kHz_DE_data/OR/Orthogonal/0007/OR007@3_2.mat,5,OR,48k_DE,1750.0,0.06597162157334267,4.312427032317613,4.645382414962591,0.18622962827321005,0.6026290662638133,0.04346824255868118,0.0031568832506559514,0.007605145424065026,0.024006579620068386,0.008021273149370317,4.248650381982728,0.5227991054823894,0.21350305157549,0.7374103872281551,0.19300531773488197,0.020240533965595164,0.06634761789897475,0.36345634954697575,0.17164783160170546,0.0894689896782507
OR007@3_2,数据集/数据集/源域数据集/48kHz_DE_data/OR/Orthogonal/0007/OR007@3_2.mat,6,OR,48k_DE,1750.0,0.056406015837424196,4.337500215728784,4.680199609696638,0.18629066715497772,0.6030502519586304,0.04176942792462696,0.0034668868182614484,0.007156883693270289,0.024259088034725405,0.007887323229642196,4.254543746977271,0.5226677783706698,0.21622572225462933,0.7331846285326136,0.196812343460918,0.020021166961074685,0.061738739337904844,0.3637472425925126,0.16859559084702236,0.09029958341150089
OR007@3_2,数据集/数据集/源域数据集/48kHz_DE_data/OR/Orthogonal/0007/OR007@3_2.mat,7,OR,48k_DE,1750.0,0.06078342029525174,4.311835252824531,4.497593729930282,0.1864127449185131,0.6048999182886623,0.04151216258473318,0.003459541006515144,0.007671566092020822,0.02487693778353901,0.007674274175010853,4.306826194979333,0.5217201616250138,0.2172187253479211,0.7336313778350888,0.19398859490045467,0.020672237595878183,0.06348775786290023,0.363932440092126,0.17415494814104324,0.08670827948708139
OR007@3_2,数据集/数据集/源域数据集/48kHz_DE_data/OR/Orthogonal/0007/OR007@3_2.mat,8,OR,48k_DE,1750.0,0.06279413312285764,4.355961836968029,4.485332365152413,0.18629066715497772,0.6040711454794389,0.041930977575929486,0.0035947975919804953,0.007867201904644348,0.024738977556548584,0.007571434066820418,4.390956929811664,0.5216702425649633,0.21849518702767956,0.7241221741002529,0.20382278271538323,0.021346468830062516,0.05805710132153427,0.36190449748748155,0.16949394024138098,0.08788227631324905
OR007@3_2,数据集/数据集/源域数据集/48kHz_DE_data/OR/Orthogonal/0007/OR007@3_2.mat,9,OR,48k_DE,1750.0,0.06495035455751556,4.369676280494711,4.386426249690632,0.18476469511078558,0.6022267226995988,0.04460344734913781,0.003533918371308435,0.007262748588284972,0.024780786161918235,0.0074949403830813326,4.236383023352124,0.5207966908573247,0.216517492890664,0.7277667064085648,0.1999505031864597,0.01970119594159035,0.06267561555530504,0.3607928758494778,0.17490219850118865,0.08354913382031687
OR007@3_2,数据集/数据集/源域数据集/48kHz_DE_data/OR/Orthogonal/0007/OR007@3_2.mat,10,OR,48k_DE,1750.0,0.07366011800998687,4.329053694001591,4.116595251014573,0.18500885063785633,0.6024262958900902,0.04516183438947889,0.0033521458739311826,0.008001014113704125,0.025569130657411038,0.00782735074701396,4.180184789668845,0.5182281688460391,0.22129030167483962,0.722951890708297,0.20183662245865489,0.020215636764530406,0.05522039301514617,0.3683035243382847,0.17344870080883473,0.0794151937862373
OR007@3_2,数据集/数据集/源域数据集/48kHz_DE_data/OR/Orthogonal/0007/OR007@3_2.mat,11,OR,48k_DE,1750.0,0.058184664376457626,4.347125986157472,4.262459451349519,0.18561923945553319,0.6031330492453946,0.04262716140447497,0.0033826187477544616,0.007322046997975696,0.02534316508983698,0.008023348170562921,4.264728397805966,0.5199329157690735,0.21781884379954067,0.7212389183684546,0.2040609697575742,0.019886083874773072,0.057480481976164566,0.36297065214340163,0.1812067704528718,0.07692855670804777
OR007@3_2,数据集/数据集/源域数据集/48kHz_DE_data/OR/Orthogonal/0007/OR007@3_2.mat,12,OR,48k_DE,1750.0,0.06488129982755714,4.385822647279187,4.440620270762794,0.18409326741134102,0.6040209457109185,0.04412346651085227,0.003296668048696957,0.00788255677673459,0.025350394108696966,0.008272007594407887,4.312141540205794,0.5209920211174793,0.21828613728767146,0.7229304080051493,0.20141595966320333,0.020441191916076757,0.05777754211875266,0.36309354457259574,0.18052622791836112,0.07814303970183298
OR007@3_2,数据集/数据集/源域数据集/48kHz_DE_data/OR/Orthogonal/0007/OR007@3_2.mat,13,OR,48k_DE,1750.0,0.06187181814854167,4.404996789896742,4.439127612214171,0.18397118964780565,0.6018521955838153,0.04382112967264928,0.003728047439065559,0.007175474164431059,0.0254556639544362,0.007942711207066133,4.3435678684345,0.5224990107876488,0.2117236309527571,0.7297134882639217,0.19812733799375706,0.019680997849668504,0.0648018292769761,0.3571151316652618,0.1825671076593641,0.08067201999672381
OR007@3_3,数据集/数据集/源域数据集/48kHz_DE_data/OR/Orthogonal/0007/OR007@3_3.mat,0,OR,48k_DE,1724.0,0.050837477030129155,4.038770899574733,4.141211194467462,0.18433742293841177,0.5987831537003797,0.05056176024986534,0.003199724673313641,0.007127304671558314,0.026001087015698653,0.007228588399942304,4.202662985819762,0.5417473320974133,0.17766527291839385,0.6968384373598442,0.2244900491310754,0.023864150160638906,0.041841461737159566,0.3349555477699899,0.1417846339502954,0.11178786298736774
OR007@3_3,数据集/数据集/源域数据集/48kHz_DE_data/OR/Orthogonal/0007/OR007@3_3.mat,1,OR,48k_DE,1724.0,0.05182223036122134,4.000510079248539,4.183582933328058,0.18445950070194714,0.6010633916208445,0.05007313834874705,0.003342025745807014,0.007497201349212272,0.026793550519274723,0.007233638582627626,4.244856021024217,0.5470230427059275,0.172635099554357,0.6849533785057593,0.2345338165358143,0.025114652893137863,0.042987941128938466,0.3257293180236512,0.14189307472153823,0.11111293183295755
OR007@3_3,数据集/数据集/源域数据集/48kHz_DE_data/OR/Orthogonal/0007/OR007@3_3.mat,2,OR,48k_DE,1724.0,0.052983380899689625,4.022829330688942,4.178794688702584,0.18476469511078558,0.5997964660674315,0.04999415732316475,0.003327056985390916,0.007032341918256817,0.0265932844546126,0.006855423608248211,4.311255413029973,0.5446430055632498,0.17758080522132938,0.6911428652982585,0.22840659812762248,0.024704266127984622,0.0467247917828658,0.33138988878765935,0.13825934131376813,0.10779387699132467
OR007@3_3,数据集/数据集/源域数据集/48kHz_DE_data/OR/Orthogonal/0007/OR007@3_3.mat,3,OR,48k_DE,1724.0,0.046205142103681325,4.008648451407111,4.252364392865347,0.18525300616492707,0.6003790723342713,0.049731583000441545,0.0032116591303679794,0.007124378557461087,0.02668004968502513,0.007165135091567377,4.3168236788857195,0.5439460257486198,0.17669334923760777,0.693342210792032,0.22410131358071006,0.02512742146843596,0.046208024695699935,0.3359529984695521,0.14356455954889427,0.10556697443022049
OR007@3_3,数据集/数据集/源域数据集/48kHz_DE_data/OR/Orthogonal/0007/OR007@3_3.mat,4,OR,48k_DE,1724.0,0.04010113757085179,4.012387214979225,4.369156811394265,0.18531404504669474,0.6001509940215383,0.052272444400666675,0.0034836338005687175,0.007192233377980161,0.0258148764414394,0.007362950798894887,4.345372274411194,0.5438770773556245,0.17692028891384862,0.6963418148867483,0.22281559055199923,0.02558961960473373,0.051933964689296556,0.33932368279114006,0.13647144794062324,0.10652487919432024
OR007@3_3,数据集/数据集/源域数据集/48kHz_DE_data/OR/Orthogonal/0007/OR007@3_3.mat,5,OR,48k_DE,1724.0,0.04618568854497182,4.036183967666996,4.5652079966613295,0.18476469511078558,0.6024268555162282,0.045550066252412195,0.003502099532568135,0.006685077220627407,0.02582885778301996,0.007432570090285984,4.380193637032859,0.5403016774836717,0.1751564680442707,0.704115944266191,0.2183815783348242,0.02412330249585398,0.05958610056359347,0.3503321733143128,0.13479632813325995,0.10084850152060139
OR007@3_3,数据集/数据集/源域数据集/48kHz_DE_data/OR/Orthogonal/0007/OR007@3_3.mat,6,OR,48k_DE,1724.0,0.04355762247091094,4.080283006069453,4.614101241029444,0.18415430629310872,0.6048766039408143,0.04267809483678124,0.0030803595804885634,0.007685407630084394,0.026218755465574596,0.007276188055542906,4.4745493863518995,0.5423564093204374,0.17510820457067625,0.7019818052432252,0.22007113722451963,0.024984901469106223,0.059634860931603584,0.34588356326498,0.13021980651278406,0.1076903648139337
OR007@3_3,数据集/数据集/源域数据集/48kHz_DE_data/OR/Orthogonal/0007/OR007@3_3.mat,7,OR,48k_DE,1724.0,0.04161109578911604,4.1577941688299225,4.484077380273352,0.18360495635719953,0.6031517882811219,0.04425822779171882,0.0032108447324375746,0.006643389752595202,0.026912121076018997,0.007305040033311262,4.580194117927809,0.5381439509065465,0.177804494791329,0.7082479584141532,0.21418713582043694,0.024272030530978168,0.05567226052152723,0.35179341534765,0.12541320177134227,0.10760322672004057
OR007@3_3,数据集/数据集/源域数据集/48kHz_DE_data/OR/Orthogonal/0007/OR007@3_3.mat,8,OR,48k_DE,1724.0,0.050980501278984104,4.151588292789714,4.3059279740237395,0.18439846182017947,0.6042257523236887,0.04668805668006914,0.003154576658606728,0.007165005193943189,0.027037180340654072,0.00751519651771113,4.613131909042341,0.5351514318580947,0.17973483813068566,0.7100035268741516,0.2133857580079742,0.023480136405012616,0.05310612723398819,0.35220795425321777,0.12413470278605429,0.1018138867296015
OR007@3_3,数据集/数据集/源域数据集/48kHz_DE_data/OR/Orthogonal/0007/OR007@3_3.mat,9,OR,48k_DE,1724.0,0.040908182116000474,4.203754253788369,4.2591182703533255,0.1842763840566441,0.6035046403249393,0.04845756381823269,0.0030645492390691358,0.00648805762325406,0.02577161725746459,0.0070763092529254855,4.593003227873627,0.5296110997657888,0.18280483002412984,0.7117332625596187,0.2174302485823621,0.021606485265129427,0.045278159457794426,0.3552521328643004,0.1285001041943021,0.10185975355157766
OR007@3_3,数据集/数据集/源域数据集/48kHz_DE_data/OR/Orthogonal/0007/OR007@3_3.mat,10,OR,48k_DE,1724.0,0.04674593748138995,4.234128278196718,4.266360283800411,0.18360495635719953,0.6043133606929949,0.05023386736172961,0.0031407587807909198,0.006859357352164288,0.02527870330244702,0.00701596156497307,4.5612270591158115,0.5337056881634872,0.181978915449568,0.7036628829158134,0.22438801633981262,0.022054002550692845,0.03971857360687028,0.3421421397806755,0.13078961478537166,0.11072638965507728
OR007@3_3,数据集/数据集/源域数据集/48kHz_DE_data/OR/Orthogonal/0007/OR007@3_3.mat,11,OR,48k_DE,1724.0,0.04908702863790904,4.239521951815169,4.164557437863084,0.18384911188427028,0.6034770399871201,0.047432322856739054,0.0029930189576245192,0.007281122088869133,0.02554737409258692,0.006831255260722237,4.574687740844507,0.5377248190391049,0.17927180493752953,0.707709697495959,0.21947438745331618,0.022395741415553862,0.04881863997850598,0.3363612093605652,0.13555354715657644,0.1146860846295909
OR007@3_3,数据集/数据集/源域数据集/48kHz_DE_data/OR/Orthogonal/0007/OR007@3_3.mat,12,OR,48k_DE,1724.0,0.04516982835372266,4.214742697488822,4.314512797524799,0.18543612281023011,0.6028811542051472,0.045121989163446424,0.0030669646119066037,0.006635127404848299,0.02633004457091201,0.0065968140610282,4.498260353670796,0.5371729733687055,0.17952573872885544,0.6993403714621633,0.22662206330133708,0.022490838205643227,0.042510877940975536,0.3479360127510338,0.12913522018548468,0.1174559350975929
OR007@3_3,数据集/数据集/源域数据集/48kHz_DE_data/OR/Orthogonal/0007/OR007@3_3.mat,13,OR,48k_DE,1724.0,0.05668748539542425,4.126610894063131,4.381230886697241,0.1859244338643716,0.6023852453572688,0.043868219609098556,0.0028884833769037737,0.006492361702910355,0.02694609046175634,0.0069874391993207255,4.488231623721052,0.5355193430656963,0.18159920845233785,0.7003700030001571,0.22501584899904653,0.02297039467168881,0.044878713844256006,0.35532837717686405,0.1292194714457157,0.11147170536446
OR021@3_0,数据集/数据集/源域数据集/48kHz_DE_data/OR/Orthogonal/0021/OR021@3_0.mat,0,OR,48k_DE,1796.0,-0.2226365357537484,8.298108914327,7.132883603102156,0.16736861380699505,0.6963069749570593,0.034883407251664826,0.01874665074870038,0.0373166500110466,0.11078387316838831,0.009277757627972456,11.228765570140252,0.6133704226729426,0.13219917036409898,0.6198194374902785,0.14691840853997495,0.0725864281167719,0.24432070584559154,0.12400997238356623,0.11314381095010627,0.1153968647529854
OR021@3_0,数据集/数据集/源域数据集/48kHz_DE_data/OR/Orthogonal/0021/OR021@3_0.mat,1,OR,48k_DE,1796.0,-0.297186700176883,8.255649319034633,7.168302405543979,0.167185497161692,0.7013967990338869,0.029542440199670596,0.02002234121961643,0.03939621703134311,0.11906943791362097,0.00959278402021822,11.063901540543421,0.6102439120562454,0.11692397554934729,0.6288565244766908,0.14053241356446752,0.06955986906992254,0.24379832512159932,0.1455045172774799,0.11141316615317326,0.10823379469880312
OR021@3_0,数据集/数据集/源域数据集/48kHz_DE_data/OR/Orthogonal/0021/OR021@3_0.mat,2,OR,48k_DE,1796.0,-0.3211533017758518,8.238182671366209,6.845037892703848,0.16755173045229813,0.7006377079793727,0.031907118437437106,0.01754072614325056,0.036943866417920336,0.12212920111448829,0.009503841507874311,10.527682589562982,0.6043943693047606,0.1305404868708148,0.6260851414414542,0.14949858671528718,0.07087077339980687,0.25053663251481967,0.14405526515265593,0.11554174696160606,0.09988807707911548
OR021@3_0,数据集/数据集/源域数据集/48kHz_DE_data/OR/Orthogonal/0021/OR021@3_0.mat,3,OR,48k_DE,1796.0,-0.2956217869826934,8.198332797130286,6.918875526992363,0.1698101690777025,0.7003478580570883,0.033532193757734495,0.015168512731951264,0.03625221535281184,0.11159067057643726,0.009621453229757314,11.414022640230126,0.6171705798215252,0.10948492244789247,0.6115077580131855,0.16027167412135215,0.06512681901069531,0.2185580404481391,0.13953112091296735,0.11722597210968753,0.11561246870485314
OR021@3_0,数据集/数据集/源域数据集/48kHz_DE_data/OR/Orthogonal/0021/OR021@3_0.mat,4,OR,48k_DE,1796.0,-0.18875975271777828,7.830032783316344,6.922398381716523,0.1693828969053287,0.6939673307664329,0.035619943410467245,0.018446006306182504,0.03588592183957706,0.10771094339863807,0.009277976977628288,11.17548937435836,0.6172077562204877,0.11409957238729349,0.625159556018527,0.1421431460315797,0.07185612644743847,0.22253488182750586,0.1510030647094161,0.11107184482948616,0.11744427061097135
OR021@3_0,数据集/数据集/源域数据集/48kHz_DE_data/OR/Orthogonal/0021/OR021@3_0.mat,5,OR,48k_DE,1796.0,-0.192305941728764,8.716016800916613,7.323388481711845,0.16700238051638894,0.6955401925485598,0.03417052951888228,0.01917254265490129,0.03900570134587622,0.11047499803811121,0.009200257920457542,12.14708945719768,0.60201687939932,0.13342420232734933,0.6417644725198396,0.13324849425881571,0.0753360170783734,0.25385771452806,0.14517099576141945,0.11769729277002737,0.10006512183460217
OR021@3_0,数据集/数据集/源域数据集/48kHz_DE_data/OR/Orthogonal/0021/OR021@3_0.mat,6,OR,48k_DE,1796.0,-0.1938287770704317,8.694577445864132,7.861223693376022,0.16791796374290424,0.6974662707113892,0.028030943653722506,0.018025748224653425,0.03754450997202423,0.11019525628623543,0.009160521559317522,11.677941814365383,0.6031872780313186,0.11595615880449632,0.6514314375929029,0.1358875755287518,0.07193463600113005,0.23976244165450455,0.15316679843752376,0.13176177842470432,0.10255782161650634
OR021@3_0,数据集/数据集/源域数据集/48kHz_DE_data/OR/Orthogonal/0021/OR021@3_0.mat,7,OR,48k_DE,1796.0,-0.2314240770505555,8.282290528241292,7.790275610242342,0.16840627479704573,0.6948322769770537,0.03262714654797146,0.01616154011958845,0.036919901606046475,0.1138749524398019,0.009386820288091,11.12379408193509,0.6034284276960649,0.11932869892436852,0.6465886082182245,0.13880610089939732,0.06988809619736877,0.24170681229792607,0.1529981655228896,0.12454732570323249,0.10773395758544237
OR021@3_0,数据集/数据集/源域数据集/48kHz_DE_data/OR/Orthogonal/0021/OR021@3_0.mat,8,OR,48k_DE,1796.0,-0.2916267297336833,8.481198251710207,7.773221485204823,0.16974913019593482,0.6967200888382439,0.0308520949449741,0.01788297901117288,0.041033039880524744,0.11433587847762887,0.009225195441659447,11.437410277044684,0.6095925671514599,0.12327229708216635,0.6303026408680829,0.13661055051592955,0.07386794568569675,0.2435290918878264,0.1489199320889649,0.1095676675117726,0.1060178664949913
OR021@3_1,数据集/数据集/源域数据集/48kHz_DE_data/OR/Orthogonal/0021/OR021@3_1.mat,0,OR,48k_DE,1770.0,0.10678811983214274,7.084286689723798,6.147664764637384,0.16651406946224745,0.6717616786293088,0.03521656194324651,0.018763227008756017,0.036512918950449315,0.08674908529170626,0.006538440842699908,7.369041201013298,0.5662577865539931,0.1378290745572142,0.7607085530690642,0.08647462572548939,0.06198267201838996,0.2654198253824466,0.21966320853692536,0.17322665343051794,0.08693693650527375
OR021@3_1,数据集/数据集/源域数据集/48kHz_DE_data/OR/Orthogonal/0021/OR021@3_1.mat,1,OR,48k_DE,1770.0,0.13125682099419703,7.1400065324154784,6.528298591559528,0.16779588597936887,0.6677210299834,0.034164297329735596,0.018422600750549092,0.034181537257689965,0.08567417659207818,0.006461435120848168,7.500542762475521,0.5658832675963485,0.13533144318629445,0.7737056883992589,0.07877968470737545,0.059402273212077486,0.27805219623447974,0.20099219399058962,0.1804888816414788,0.09631196093450577
OR021@3_1,数据集/数据集/源域数据集/48kHz_DE_data/OR/Orthogonal/0021/OR021@3_1.mat,2,OR,48k_DE,1770.0,0.11463765929158469,7.034177347915125,6.523476980184152,0.16645303058047978,0.6710332985151272,0.03008588958428005,0.01885070229122611,0.03532798837839671,0.08995215988288607,0.0067353392779543626,7.407887619587927,0.5698325419777841,0.14183549970860698,0.7592799110251898,0.08357553936201274,0.061534992878969075,0.2844434901517342,0.19371539719786754,0.16168547889279597,0.09990702510340162
OR021@3_1,数据集/数据集/源域数据集/48kHz_DE_data/OR/Orthogonal/0021/OR021@3_1.mat,3,OR,48k_DE,1770.0,0.08443734926681261,7.263360691660445,6.180650090349143,0.16639199169871208,0.6684270448639463,0.02892391820910692,0.019189397056359546,0.036605459370632844,0.08834446968409396,0.006344454917797987,7.586280944792039,0.5651551908698847,0.14702150561316937,0.7648923806616122,0.08415906449435843,0.06300694670971783,0.2933278507419032,0.18869596144210504,0.1744944163613193,0.08905403799304636
OR021@3_1,数据集/数据集/源域数据集/48kHz_DE_data/OR/Orthogonal/0021/OR021@3_1.mat,4,OR,48k_DE,1770.0,0.09336122355099857,7.30413510916744,6.554437363080342,0.16889458585118722,0.6690544004985803,0.028112925636019543,0.019268444892912906,0.036658804236181966,0.08812168719488905,0.006025885064002284,7.505460567995766,0.5621473441424787,0.14995039639003876,0.7702584736731349,0.08429504308539408,0.06189516950702171,0.29313490788395385,0.19512676218871772,0.1808675451296119,0.08546537696729309
OR021@3_1,数据集/数据集/源域数据集/48kHz_DE_data/OR/Orthogonal/0021/OR021@3_1.mat,5,OR,48k_DE,1770.0,0.041854303257475155,7.84686781398486,7.501779601867052,0.16919978026002563,0.6704144657900876,0.03170010195177927,0.020269508698633563,0.03759051282176952,0.09091570086014886,0.006287717310883204,8.829406749034245,0.5785125695679795,0.1452064306566566,0.7474272110167837,0.09786070206949862,0.06254876928716144,0.26979074585886137,0.18585996009409614,0.16871304566032894,0.1061734599755631
OR021@3_1,数据集/数据集/源域数据集/48kHz_DE_data/OR/Orthogonal/0021/OR021@3_1.mat,6,OR,48k_DE,1770.0,0.013308859421187615,7.745221458867363,7.595557759960563,0.16785692486113654,0.671971344901693,0.030963526025888477,0.02066318898053757,0.036656490086379355,0.08712000608349474,0.006275291925049461,8.85991699971659,0.576911548174523,0.13104903656294528,0.7498948221469242,0.09768748146015861,0.061679812035901914,0.2654740738603562,0.19747744685567947,0.16076702139180202,0.11066885416729802
OR021@3_1,数据集/数据集/源域数据集/48kHz_DE_data/OR/Orthogonal/0021/OR021@3_1.mat,7,OR,48k_DE,1770.0,0.00978193611900904,7.50671926827753,7.025407188687057,0.16639199169871208,0.6738990933080731,0.028790647563579175,0.019493843613649888,0.0359317438176148,0.08918124946439128,0.006549213180916104,8.229904904609636,0.5771939740893081,0.1319855768036669,0.7517886755990218,0.09210988715762324,0.05784771495834193,0.2548619848889234,0.21007083458538964,0.15837010075128347,0.11146116296797327
OR021@3_1,数据集/数据集/源域数据集/48kHz_DE_data/OR/Orthogonal/0021/OR021@3_1.mat,8,OR,48k_DE,1770.0,-0.035896251218845314,7.967950178096328,6.816464646971005,0.16779588597936887,0.6690172704942889,0.03451795542693021,0.020057611071059574,0.03559004753333806,0.0812314019220464,0.006382148071464104,8.900513615217495,0.566401603945461,0.12933153734843209,0.7729218851580573,0.08044072007051267,0.05434738436193228,0.2611735808755047,0.21841483262814,0.17474862187469767,0.10388581337249272
OR021@3_1,数据集/数据集/源域数据集/48kHz_DE_data/OR/Orthogonal/0021/OR021@3_1.mat,9,OR,48k_DE,1770.0,-0.01911567786088069,7.575322383687699,6.762059538207526,0.16608679728987366,0.6706605236944727,0.033156641857912325,0.01983895845016231,0.037090242949570626,0.08566833546930451,0.0066744605828962834,8.106181357978585,0.57271954096616,0.14381186754864914,0.7471677871729614,0.09315019122199673,0.06081918559533862,0.27243110489711553,0.19477783980858027,0.17112771946704616,0.09312482500184181
OR021@3_1,数据集/数据集/源域数据集/48kHz_DE_data/OR/Orthogonal/0021/OR021@3_1.mat,10,OR,48k_DE,1770.0,0.028801425455150884,7.066139466732699,6.5287533137558516,0.16578160288103522,0.6673785953814857,0.030671202614701663,0.019532957479169995,0.035219402300832585,0.08035048234724329,0.0062997676334432115,7.312440842522649,0.5699161362387007,0.12921937781716114,0.7622736987574863,0.08841379966569668,0.0591317362438562,0.26127099623210265,0.2012149153197166,0.19182199212632245,0.09437103048324941
OR021@3_1,数据集/数据集/源域数据集/48kHz_DE_data/OR/Orthogonal/0021/OR021@3_1.mat,11,OR,48k_DE,1770.0,0.05875565253407417,7.1584189609278885,6.731447402034039,0.1693828969053287,0.6712900577226579,0.03366659360205005,0.0193464689000276,0.03268272796577162,0.08673673533075368,0.006481135148326935,7.3700839643498215,0.5807479880851009,0.12537729964712932,0.7336155328852276,0.10719912926101442,0.06391429122493575,0.25076212184299146,0.19548135708990588,0.16865524215674985,0.1043530225734365
OR021@3_1,数据集/数据集/源域数据集/48kHz_DE_data/OR/Orthogonal/0021/OR021@3_1.mat,12,OR,48k_DE,1770.0,0.026928305170378617,7.529458155396863,6.930588757315934,0.17048159677714705,0.6708599700513425,0.030757183091036016,0.019670674375760193,0.03493726768236417,0.08195736107989805,0.006461890281702136,8.036045083713637,0.577534114104567,0.1196954788035,0.751580600467696,0.09811168462059706,0.059809373826958896,0.24685597438360057,0.21055221934047896,0.16689906049739686,0.11203530943138829
OR021@3_1,数据集/数据集/源域数据集/48kHz_DE_data/OR/Orthogonal/0021/OR021@3_1.mat,13,OR,48k_DE,1770.0,-0.0016703547051583301,7.450278319206913,7.017612169293089,0.16724653604345968,0.6714617456295189,0.03310113821172122,0.020473797717800186,0.03907489296363735,0.08914063085484428,0.00651511410256339,7.916638937919532,0.5760075688512686,0.1271995860121799,0.743028883574267,0.09654592750791215,0.0659053098078107,0.2621425420884631,0.20687540103741875,0.15636596003956246,0.10208272128220977
OR021@3_2,数据集/数据集/源域数据集/48kHz_DE_data/OR/Orthogonal/0021/OR021@3_2.mat,0,OR,48k_DE,1746.0,0.10441934197479376,6.729383329092475,6.10273508789483,0.16620887505340903,0.6747298246752801,0.03490240007300855,0.021876598971188058,0.04190968289995805,0.09233340041885515,0.006024954800607326,6.953812176336635,0.5723935550141191,0.1406154684575651,0.7459246592560376,0.09407497939514085,0.0685014953981228,0.27132564767574013,0.19733850184819784,0.16537693981758128,0.09170927845318128
OR021@3_2,数据集/数据集/源域数据集/48kHz_DE_data/OR/Orthogonal/0021/OR021@3_2.mat,1,OR,48k_DE,1746.0,0.09958361449737456,6.523915897835186,5.521619487084465,0.16504913629982298,0.6729075138597019,0.034387429434203816,0.021775784365550537,0.04182636832842203,0.09179519244978773,0.006133063310915616,6.37769809384945,0.5639410737873404,0.15587112902987255,0.754360545062304,0.0857991856229714,0.06678157933661126,0.29755005978639754,0.18811630056717737,0.1587623424193138,0.09030047687275046
OR021@3_2,数据集/数据集/源域数据集/48kHz_DE_data/OR/Orthogonal/0021/OR021@3_2.mat,2,OR,48k_DE,1746.0,0.07331696751749175,6.746728033155839,6.282319779867628,0.1646218641274492,0.6718992648245884,0.029119199979381116,0.02068416189217336,0.040307097461104266,0.08050160075266678,0.0061431334403539055,6.703029205696629,0.558997121963053,0.14977846832604852,0.774507230344692,0.07504523196375654,0.06266968621491358,0.29737136526782176,0.18637842041999172,0.16974647675869026,0.09800304935188367
OR021@3_2,数据集/数据集/源域数据集/48kHz_DE_data/OR/Orthogonal/0021/OR021@3_2.mat,3,OR,48k_DE,1746.0,0.062190424464366845,6.979507611998138,6.202892409094666,0.16266861991088324,0.6752265448562499,0.02949978862642239,0.019466383120564812,0.03933340539211673,0.08552525252434877,0.006556805430963079,7.149297865458466,0.5594297165971687,0.15452331706995204,0.7738338695723477,0.07597183555914232,0.05770539064988768,0.3063123480433787,0.18667886963191374,0.15443247845439678,0.10263725003894182
OR021@3_2,数据集/数据集/源域数据集/48kHz_DE_data/OR/Orthogonal/0021/OR021@3_2.mat,4,OR,48k_DE,1746.0,0.06519840323628565,7.249826432054971,6.608615365551192,0.162912775437954,0.6703038060543339,0.03415714232186077,0.02132045716874005,0.038501222893719,0.08202830581810787,0.006159412629804382,7.645728348452017,0.5610880301078244,0.15356975535807132,0.7751932504962676,0.07616178473893373,0.058120822963792666,0.3071115195778982,0.18209347036188195,0.15072782150012712,0.11127511104428169
OR021@3_2,数据集/数据集/源域数据集/48kHz_DE_data/OR/Orthogonal/0021/OR021@3_2.mat,5,OR,48k_DE,1746.0,0.0541978539743754,7.54758403301996,6.587907611653858,0.1649880974180553,0.66989617486422,0.030447484286265505,0.019718910324178406,0.03626587612651354,0.08221012457283522,0.0062238401182380595,7.938929135026128,0.5545232672959727,0.1523606911315196,0.7859426599828727,0.07320721200185279,0.053401505940494205,0.3047821916968262,0.19683142917137603,0.15909971621758204,0.09898165247054411
OR021@3_2,数据集/数据集/源域数据集/48kHz_DE_data/OR/Orthogonal/0021/OR021@3_2.mat,6,OR,48k_DE,1746.0,0.06266128926062874,7.6587777838953475,6.50948214071138,0.16663614722578282,0.6693562023359583,0.03269006292652169,0.02106978226032399,0.037384457444455385,0.08740842971204658,0.006005954085156053,8.29540091192118,0.559942182832754,0.15001043899813024,0.778680968363499,0.07800860332333001,0.05788949815744041,0.2857363924203504,0.20734247770418618,0.1576726989062058,0.10533471421092702
OR021@3_2,数据集/数据集/源域数据集/48kHz_DE_data/OR/Orthogonal/0021/OR021@3_2.mat,7,OR,48k_DE,1746.0,0.047275945897796136,7.569594108704243,6.388036147044496,0.16523225294512606,0.6684833310886158,0.028787162292948115,0.01963845606001912,0.03862667959296875,0.0814967094599921,0.0058939082813619205,8.039446764405904,0.5544660089835499,0.1501162446548786,0.786846971083441,0.07446863166100912,0.05873884057536306,0.2956204975300388,0.20367925099016942,0.16032360308138258,0.10415324720619505
OR021@3_2,数据集/数据集/源域数据集/48kHz_DE_data/OR/Orthogonal/0021/OR021@3_2.mat,8,OR,48k_DE,1746.0,0.046690401917123786,7.21253719663505,5.94868750052629,0.16175303668436794,0.6724215956690046,0.028063208554678778,0.02027465900846432,0.04130874022614639,0.08446235769642957,0.006143991342051482,7.463512693939851,0.560828330796536,0.15404180295331354,0.7781280755453951,0.07315718988002402,0.06097846772482202,0.29137922811707295,0.18632793713517207,0.1667081335310935,0.10540297570658944
OR021@3_2,数据集/数据集/源域数据集/48kHz_DE_data/OR/Orthogonal/0021/OR021@3_2.mat,9,OR,48k_DE,1746.0,0.06014285518682246,7.679281327511443,6.6475957213281465,0.16199719221143868,0.6685022966913864,0.02938925184912387,0.021287644091852763,0.04032665688874318,0.07936441913985237,0.005851519568548427,8.291857794174426,0.5616973555685638,0.14208255754851382,0.7897351720776149,0.06798431361554914,0.05615036481636097,0.2814445114596045,0.18549781447602148,0.17633273866814234,0.12009292449597449
OR021@3_2,数据集/数据集/源域数据集/48kHz_DE_data/OR/Orthogonal/0021/OR021@3_2.mat,10,OR,48k_DE,1746.0,0.008476590325263482,7.711330352803142,6.555038869679511,0.16358420313739852,0.6718677128619771,0.0276598169117116,0.02101581913506805,0.03785210549395952,0.08165526295451078,0.006218345373695852,8.411100799424968,0.5664580555730563,0.1416573598492627,0.7736629917965698,0.0790584559585211,0.05384637763909116,0.2828843578007956,0.18218788455050536,0.17301393720769034,0.10926495761562748
OR021@3_2,数据集/数据集/源域数据集/48kHz_DE_data/OR/Orthogonal/0021/OR021@3_2.mat,11,OR,48k_DE,1746.0,0.04303578453008405,7.742189589229381,6.740098342689713,0.16535433070866143,0.6687560935263132,0.03091003898590492,0.024012865431087566,0.03858230455393586,0.0782634695870269,0.005571963778782367,8.874609002070368,0.5691732248449474,0.13545206232151896,0.7726022463464083,0.0779175585535631,0.06195934781348668,0.2676045143882187,0.20238348802952943,0.1730840913991581,0.10979061917245704
OR021@3_2,数据集/数据集/源域数据集/48kHz_DE_data/OR/Orthogonal/0021/OR021@3_2.mat,12,OR,48k_DE,1746.0,0.02331321748043001,7.23252006477681,6.620136825613308,0.1659036806445706,0.6737152500967957,0.027914030436710494,0.0218833800208215,0.04031042208457577,0.08256585275171326,0.005860687130718979,8.155800245843801,0.5730374326416287,0.1393466793787797,0.7543077547044593,0.08568139942780964,0.06301351667898028,0.26975592238498247,0.20400643814043895,0.15979577119997584,0.10233082206732297
OR021@3_2,数据集/数据集/源域数据集/48kHz_DE_data/OR/Orthogonal/0021/OR021@3_2.mat,13,OR,48k_DE,1746.0,-0.03477552780189471,7.406287783313398,6.876171226694923,0.1646218641274492,0.6746911435652523,0.02767035266642631,0.023340025005074296,0.04010681397364414,0.08495396962415365,0.005975719566394368,8.662660693492946,0.570470930587103,0.144261857348298,0.7626167261523913,0.08076797482663003,0.0642429633334895,0.2711544429672285,0.20022056415316478,0.17184924098286014,0.09963792272028071
OR021@3_3,数据集/数据集/源域数据集/48kHz_DE_data/OR/Orthogonal/0021/OR021@3_3.mat,0,OR,48k_DE,1719.0,-0.11064958989661385,7.523267096238897,6.948732443085009,0.15900628700482208,0.6837190754439404,0.035724834765125134,0.021453848672125443,0.04982318262254283,0.09978612852267302,0.006545432725158502,8.724956592484437,0.5801278957047652,0.12521223436940213,0.7361987030861333,0.09175557607802955,0.061202955323330005,0.2573349436995752,0.20813672841416359,0.15294490573422323,0.08560927414278563
OR021@3_3,数据集/数据集/源域数据集/48kHz_DE_data/OR/Orthogonal/0021/OR021@3_3.mat,1,OR,48k_DE,1719.0,-0.10674571775993097,7.779932129239977,6.81293725702319,0.159799792467802,0.6876854321809813,0.02987466471506129,0.020261895842441917,0.053186238662529646,0.10789425525951832,0.006791376980468779,9.102401965673698,0.5812109675170358,0.12586269077929846,0.732633192175927,0.0853616507241252,0.06338268080338516,0.26059003673596476,0.2041826867020093,0.15102154560969067,0.07987832093080127
OR021@3_3,数据集/数据集/源域数据集/48kHz_DE_data/OR/Orthogonal/0021/OR021@3_3.mat,2,OR,48k_DE,1719.0,-0.09386669313639771,7.953262307074069,6.863045586912008,0.1623634255020448,0.6831454387902104,0.03366542950137252,0.021353488780405543,0.05381897402879346,0.09742897212974755,0.0066276490605722705,9.591481263845173,0.5787153563326705,0.12216395039068291,0.7486894980820419,0.07712676416057869,0.0640281144744131,0.2548278899087315,0.21597572986860747,0.15521153457944956,0.08950553040985389
OR021@3_3,数据集/数据集/源域数据集/48kHz_DE_data/OR/Orthogonal/0021/OR021@3_3.mat,3,OR,48k_DE,1719.0,-0.08186992353377404,7.836883472970208,7.087085882644288,0.16358420313739852,0.684060955524761,0.03746344705259734,0.021212731800808383,0.05302062173994423,0.10086026118205649,0.006882437593234872,9.866076675917606,0.584450567234176,0.1232566629877937,0.7365353815919262,0.08188187515701574,0.06378226539539428,0.25882777533001855,0.20229372163525916,0.15036307128689141,0.09036830151249209
OR021@3_3,数据集/数据集/源域数据集/48kHz_DE_data/OR/Orthogonal/0021/OR021@3_3.mat,4,OR,48k_DE,1719.0,-0.11119533636559084,7.775955415621988,6.650490267370018,0.1618751144479033,0.6854827646371799,0.03736595416467638,0.022057860122150368,0.05140046562843527,0.10477769748083651,0.006799577424960112,9.50829969220506,0.5846991474444904,0.12473870367678008,0.727096750836821,0.08386939270714504,0.06818386600053249,0.25178038258399943,0.21576256220254236,0.13775656691180713,0.08650677208349847
OR021@3_3,数据集/数据集/源域数据集/48kHz_DE_data/OR/Orthogonal/0021/OR021@3_3.mat,5,OR,48k_DE,1719.0,-0.12101982403311051,7.8491745029618665,6.883835111394041,0.16077641457608496,0.6816133970325878,0.03792894304256435,0.022030950520711814,0.05056514916862774,0.09233015790048138,0.0064372380403492175,9.17638832030849,0.5769065860686453,0.11992015745453598,0.7459424440612082,0.08864311535058846,0.06561274017930735,0.24945442064550838,0.2176431799440682,0.1632961822566681,0.08395427805179173
OR021@3_3,数据集/数据集/源域数据集/48kHz_DE_data/OR/Orthogonal/0021/OR021@3_3.mat,6,OR,48k_DE,1719.0,-0.07916771923641389,7.400889150583189,6.990656249494488,0.16120368674845878,0.6848019649711522,0.037419951545998066,0.02082527854403448,0.04902882221487577,0.09721363729753381,0.006528725738554753,8.764066706857031,0.5839264931334274,0.11525377684796007,0.7341027903987334,0.09449284700538618,0.06229764721893509,0.23705948232457869,0.2110190990880265,0.16982392019421508,0.08033759470632808
OR021@3_3,数据集/数据集/源域数据集/48kHz_DE_data/OR/Orthogonal/0021/OR021@3_3.mat,7,OR,48k_DE,1719.0,-0.0805272947622179,7.159273187974387,6.678675954764667,0.16272965879265092,0.6918461501655649,0.036558380305604106,0.022400762460578882,0.0509194304645132,0.1057796683564649,0.006591658107209846,8.00245466477674,0.5913818081562645,0.12148696723341365,0.7125757261190607,0.09597951585914996,0.06769909347177207,0.2386704172467686,0.20524278202396382,0.14613994789045895,0.08627865936614583
OR021@3_3,数据集/数据集/源域数据集/48kHz_DE_data/OR/Orthogonal/0021/OR021@3_3.mat,8,OR,48k_DE,1719.0,-0.08178633329963972,7.179422995021265,6.409703626445288,0.16199719221143868,0.6886211371945412,0.03130298108537788,0.02185682462520583,0.05028976892591578,0.10104179214476858,0.006587447179918837,7.92976206194408,0.5816597368985459,0.12439808738286187,0.7403033427715182,0.08814313449221778,0.06332944561401654,0.2619776987698502,0.19834220968886018,0.14671598509611675,0.09668777521990608
OR021@3_3,数据集/数据集/源域数据集/48kHz_DE_data/OR/Orthogonal/0021/OR021@3_3.mat,9,OR,48k_DE,1719.0,-0.07659880390680454,7.151854061584392,7.051680713795809,0.16248550326558017,0.688705231333783,0.03218532440254551,0.022576455328304965,0.05281394832252715,0.10302624662781978,0.0066581235807652355,8.504245126995192,0.590436092757683,0.11687561898048636,0.7233592304234568,0.09341690474410157,0.06761453856395705,0.24279083258662065,0.20314668458542767,0.13987555566960147,0.10276480598050312
OR021@3_3,数据集/数据集/源域数据集/48kHz_DE_data/OR/Orthogonal/0021/OR021@3_3.mat,10,OR,48k_DE,1719.0,-0.1169966479120254,7.429804859739544,6.908280327648948,0.16047122016724655,0.6881792378676235,0.02947410020925436,0.02265951028610443,0.058268586911825265,0.09925431351491477,0.0064164449670179955,8.56306392265978,0.587638962012611,0.12414414845150776,0.724216297663567,0.0887039886850659,0.07165259991402,0.2558172863331392,0.1968610465052142,0.13922599765236301,0.09622840459302011
OR021@3_3,数据集/数据集/源域数据集/48kHz_DE_data/OR/Orthogonal/0021/OR021@3_3.mat,11,OR,48k_DE,1719.0,-0.08897510419978447,7.234718024901586,6.6507944235560466,0.1610205701031557,0.6823754165902799,0.032586982686448974,0.02135682523521035,0.05407910603639595,0.09399332458325982,0.0060910371571350624,8.090083490307158,0.5725096062811882,0.12618360897188027,0.7485630372481972,0.08626164150366868,0.0663990670093759,0.2650705109457031,0.2182285174198856,0.14471403111575695,0.08650974296167875
OR021@3_3,数据集/数据集/源域数据集/48kHz_DE_data/OR/Orthogonal/0021/OR021@3_3.mat,12,OR,48k_DE,1719.0,-0.058540612814862905,7.165959901464664,6.4100789135583085,0.16132576451199415,0.680408922181846,0.03253896792192128,0.022425640880425843,0.048720533807084944,0.09077263967345471,0.006014234246603384,8.098553718182112,0.5733228193636338,0.12956185274558266,0.7429787404356286,0.09207985551984155,0.06181176463775174,0.25673343144554966,0.2218253415031724,0.14655781316571273,0.08528540050732188
OR021@3_3,数据集/数据集/源域数据集/48kHz_DE_data/OR/Orthogonal/0021/OR021@3_3.mat,13,OR,48k_DE,1719.0,-0.031859436057830114,6.731068927263966,6.207741451666742,0.161936153329671,0.682525214960847,0.031606993963240355,0.020142724001072924,0.04716375353554412,0.0975521071941982,0.0063575450927332,6.8601627878579565,0.5819515843531476,0.1285103452051568,0.7387523383191557,0.08883009383418267,0.062426534179114444,0.25156796243978263,0.19579941223365377,0.15714405179230878,0.09137304603563572
N_0,数据集/数据集/源域数据集/48kHz_Normal_data/N_0.mat,0,N,48k_normal,1796.0,-0.07919952361556334,2.805267444567858,3.898448811546206,0.24946590978453276,0.5425683706467599,0.21930029542447768,0.0643532999734389,0.13318510121260896,0.04763613282484384,0.6285074389691158,2.812872725197524,0.7088639401205944,0.1245198489812227,0.36131894874345794,0.04533546634113127,0.3680604764958147,0.015178492985795867,0.10007590749353924,0.18504042562591416,0.05841683111461224
N_0,数据集/数据集/源域数据集/48kHz_Normal_data/N_0.mat,1,N,48k_normal,1796.0,-0.08738880919961063,2.728712952777905,4.11118892686193,0.24855032655801745,0.5442746319824613,0.21767050752821032,0.07262482461615273,0.11979342764657164,0.04969684105205997,0.6285453784889891,2.7821912303252168,0.7311452899225505,0.1127170391004435,0.33033123286094956,0.051718433720069915,0.3654268794668764,0.014385432263341583,0.08931138742816253,0.17009872034100473,0.054476316914854536
N_0,数据集/数据集/源域数据集/48kHz_Normal_data/N_0.mat,2,N,48k_normal,1796.0,-0.05444623675391888,2.773881750520734,4.092069934281766,0.24867240432155283,0.5473732162811956,0.21846649114365446,0.10337385744843305,0.1011761162919304,0.046221304872065314,0.6219995589529645,2.9568221031047552,0.7360722895504932,0.09925762407885144,0.33113308714899536,0.053493910975719865,0.3592152314331693,0.013240725432342155,0.08566926770780499,0.16960938389139013,0.06069849293993997
N_0,数据集/数据集/源域数据集/48kHz_Normal_data/N_0.mat,3,N,48k_normal,1796.0,0.011119075792569318,2.868339936645758,4.089934077670672,0.2500152597204419,0.549650158598361,0.21684096879200804,0.10157036374149828,0.10373304481821856,0.04832202551180297,0.6188971945583048,3.182897247697657,0.7374791170330687,0.08857447416650312,0.3289581398790661,0.057403917754944724,0.3595467238168131,0.01718794589881703,0.07431596680583519,0.16795114238565373,0.06738784679501401
N_0,数据集/数据集/源域数据集/48kHz_Normal_data/N_0.mat,4,N,48k_normal,1796.0,0.012508439521888284,2.8565259082851244,4.127950097941443,0.25514252578892754,0.5439789589422814,0.22149843665413355,0.07940378375279306,0.09485416298576325,0.05185069252720123,0.6407731382669877,3.161280346316775,0.7248635665323544,0.10755794843819934,0.3478148868090173,0.05342528122386551,0.3405668326500555,0.01861815797857807,0.0865692824667831,0.18318199823515072,0.057069694161586734
N_0,数据集/数据集/源域数据集/48kHz_Normal_data/N_0.mat,5,N,48k_normal,1796.0,-0.023064762236878415,2.7728598053378626,3.4648875695322867,0.2531892815723616,0.5486165565794093,0.218954278194728,0.08906071282992473,0.08752432331583092,0.04898635801868857,0.6402535447819272,2.870709413206423,0.7265406916716591,0.1117673514393167,0.3612829087200593,0.051818336796445874,0.3311746545626921,0.01918531298592341,0.09272774690956576,0.18393822298242454,0.06316327032317064
N_0,数据集/数据集/源域数据集/48kHz_Normal_data/N_0.mat,6,N,48k_normal,1796.0,-0.026399602658333472,2.692972201605251,3.4412391137724345,0.24635292681438076,0.5517621867512764,0.21512662836899812,0.10740608231834427,0.08494926082157306,0.0565041766972332,0.6243837866928728,2.8004581875996113,0.746286171308904,0.08583105130054168,0.3396896757393745,0.058256755579133165,0.3363015635895557,0.018772429439312854,0.07868540592542844,0.17295766483992667,0.06751077095964969
N_0,数据集/数据集/源域数据集/48kHz_Normal_data/N_0.mat,7,N,48k_normal,1796.0,-0.020314075638571672,2.66187324827021,3.4787821058883046,0.24806201550387597,0.5467960584052005,0.2167890883205599,0.09926065780798325,0.08933107190776605,0.05893492216156684,0.6275391849796146,2.824025012528591,0.7490301672950903,0.0754899721211031,0.31922269410170795,0.056732251476957714,0.34651109916277584,0.016991415460305335,0.07164020996062903,0.1621099485374347,0.06667060492034643
N_0,数据集/数据集/源域数据集/48kHz_Normal_data/N_0.mat,8,N,48k_normal,1796.0,-0.03340526827155963,2.7677693231535296,3.5126026146081086,0.2511139595922603,0.5527691147115822,0.20959987249576367,0.08159904580557963,0.10588597117956766,0.050925891459775635,0.6291544404083952,3.031025174131397,0.7392324872376694,0.09026795895940798,0.32532688301014423,0.05180545341656556,0.3569729502624061,0.011888417781507966,0.07402569093794624,0.1701059597448468,0.0662989717048024
N_0,数据集/数据集/源域数据集/48kHz_Normal_data/N_0.mat,9,N,48k_normal,1796.0,-0.03338754179197957,2.742967430240988,3.4462722726641415,0.24507111029725936,0.5569604656522223,0.20226542671297879,0.0712509969081769,0.13181626594843707,0.05352106740615532,0.6152525737092787,2.902716754621828,0.74236368151286,0.09090369767089938,0.31871741739635856,0.05795085942459969,0.37093399135543204,0.016837592642404305,0.0737612329079762,0.16662123087269398,0.05900641444092911
N_0,数据集/数据集/源域数据集/48kHz_Normal_data/N_0.mat,10,N,48k_normal,1796.0,-0.04639936610279824,2.6418070187374973,3.523097419422616,0.2409815052188244,0.5526930919256202,0.20595131657179702,0.08432793310717787,0.13091100497192915,0.051388728244746405,0.6080321376339523,2.653768405628624,0.7539405509314494,0.08010513095738664,0.2935943355866147,0.0592781862637468,0.38222796558118566,0.02109408810282432,0.06885688938703496,0.14511204994407825,0.05620799160664708
N_0,数据集/数据集/源域数据集/48kHz_Normal_data/N_0.mat,11,N,48k_normal,1796.0,-0.05065722434324476,2.6849167634483995,3.4895648958192242,0.24128669962766283,0.5525022071044818,0.20465263812009474,0.10581155360248376,0.12213795859883499,0.04503169209511527,0.5982631257020116,2.741701897118749,0.7449197585116265,0.08157700921618752,0.3053490892971451,0.049785870041183816,0.39166061940555214,0.020113679496232835,0.0763492069147967,0.14555084326019674,0.06102608989231868
N_0,数据集/数据集/源域数据集/48kHz_Normal_data/N_0.mat,12,N,48k_normal,1796.0,-0.05211963057892539,2.795088514459827,3.2588694728713437,0.24537630470609778,0.5489113142461163,0.20368763025051537,0.0856568490540774,0.13799149324970486,0.047587415278251936,0.6088114267085478,2.8220265050028472,0.7259068724166634,0.09403079007645986,0.3242825852122942,0.04635923281042634,0.40070107945323513,0.02053515757818356,0.07553350013150933,0.16562651180428364,0.06083570945614445
N_0,数据集/数据集/源域数据集/48kHz_Normal_data/N_0.mat,13,N,48k_normal,1796.0,-0.06670884547369167,2.832139188130747,3.701368479610569,0.2487944820850882,0.5455863622362641,0.20751284473217257,0.05745423499425247,0.1518454794569179,0.04701296435005627,0.6213750589221035,2.849432883909124,0.7240415319333909,0.10026850738346352,0.32604951384241315,0.054391499693169386,0.38325784626371645,0.02518867216525177,0.07828468107372352,0.16440560328212137,0.05521725402939758
N_0,数据集/数据集/源域数据集/48kHz_Normal_data/N_0.mat,14,N,48k_normal,1796.0,-0.08155418832155932,2.795608820414124,3.77805309357085,0.24702435451382532,0.5486869607565662,0.20985458871290683,0.06854475002332983,0.14443009447522764,0.04520700724762028,0.614799431167778,2.8227292777200246,0.7293786349262056,0.10663620741510403,0.32203532062892304,0.05269336136979301,0.37560496610887073,0.019655097502254953,0.08235235602599396,0.16584387403360135,0.05114033554731609
N_0,数据集/数据集/源域数据集/48kHz_Normal_data/N_0.mat,15,N,48k_normal,1796.0,-0.04494573218361978,2.7317815488431614,3.685913102036842,0.24378929378013794,0.5425066331871933,0.21694404560827002,0.08788022570440548,0.1244411513581511,0.04416869646022033,0.6201148506555235,2.823427204587189,0.7275744284912679,0.10950280521608943,0.3308348335172623,0.04945920836986078,0.375584943082102,0.013999317226825254,0.08114413967171757,0.18241523806065002,0.050692987375443206
N_0,数据集/数据集/源域数据集/48kHz_Normal_data/N_0.mat,16,N,48k_normal,1796.0,0.016600082524978948,2.708020658927498,3.3569679211834647,0.24201916620887506,0.540260208207693,0.21970590266239642,0.08704340986520527,0.11033956945123559,0.04626590704689886,0.6307512582022061,2.8768146264222416,0.7300363643570295,0.09759593735722862,0.33769166095124314,0.05224728867901452,0.3665407872217518,0.015470339978274964,0.07696986770205674,0.18366718585028882,0.05855167384762866
N_0,数据集/数据集/源域数据集/48kHz_Normal_data/N_0.mat,17,N,48k_normal,1796.0,0.020605880320575837,2.8030971506190974,3.3816757757263978,0.250198376365745,0.5403376165396565,0.21847339825534248,0.07394630713876163,0.10347195083491856,0.04793913054320828,0.6433882725107065,3.0021204796772283,0.7195166701449746,0.10641569039858277,0.3625703491260606,0.043675376578607185,0.3488642819760015,0.017445942221348883,0.09640235617604445,0.1848858822902223,0.06118404552227928
N_1_(1772rpm),数据集/数据集/源域数据集/48kHz_Normal_data/N_1_(1772rpm).mat,0,N,48k_normal,1772.0,-0.1862387158839504,2.887244753320027,4.064043514746648,0.24592565464200697,0.6069181667582167,0.11252675269685834,0.2594008244599208,0.12112575989308039,0.057420063894838586,0.33844863658064334,3.100842268315,0.801522815810683,0.030985199938780444,0.21479708587079102,0.061176406526493254,0.3313509781919422,0.018145159549130974,0.04811092506419441,0.09431075866952096,0.0518079480370782
N_1_(1772rpm),数据集/数据集/源域数据集/48kHz_Normal_data/N_1_(1772rpm).mat,1,N,48k_normal,1772.0,-0.2011510186001482,2.898443670235133,4.054423265938224,0.24781785997680522,0.6009435856258921,0.11145663638468321,0.2546033350437392,0.11350291022727584,0.0528102225589595,0.35314439319569346,3.032891421205928,0.7942475362901443,0.03592835419791194,0.21925439452682438,0.059089562323650875,0.33440896683287075,0.017573457871735736,0.049118345043822134,0.10054828632685414,0.049254241002270965
N_1_(1772rpm),数据集/数据集/源域数据集/48kHz_Normal_data/N_1_(1772rpm).mat,2,N,48k_normal,1772.0,-0.18828031643299348,2.895212395117072,3.7586997098956068,0.2474516266861991,0.6058922577841,0.11514113979560359,0.26445704618407234,0.12197311771055097,0.054894212911244224,0.3308725378102234,2.9495089837684385,0.8009417529508949,0.03357261055918262,0.21207741842679736,0.06674271071804683,0.3264516415448406,0.01950087776750166,0.049558373032829825,0.09828533518808763,0.04110374033285586
N_1_(1772rpm),数据集/数据集/源域数据集/48kHz_Normal_data/N_1_(1772rpm).mat,3,N,48k_normal,1772.0,-0.20930025928886029,2.883960608109676,4.346878236678336,0.24763474333150218,0.6090102982589403,0.11271242543738522,0.25170181783203704,0.12666728459394228,0.057720256931162034,0.329367464138196,3.214636670555103,0.8051974544675716,0.03319150517923274,0.20273957857592378,0.06896919674502845,0.31780897189997126,0.019179600985773544,0.047277777759625106,0.09133757461096428,0.040391632332265316
N_1_(1772rpm),数据集/数据集/源域数据集/48kHz_Normal_data/N_1_(1772rpm).mat,4,N,48k_normal,1772.0,-0.18663821195501493,2.893417338287213,4.305449156153608,0.24555942135140085,0.606606191586787,0.11483949355005103,0.255829059885716,0.12588772158301412,0.0559463588424489,0.33063251381779313,3.2471874924191866,0.8041939628437527,0.03323962092110254,0.20260396175024317,0.07036796644632641,0.3298622991279537,0.022571275109320468,0.044698112667574876,0.08563966742367937,0.04549713626379458
N_1_(1772rpm),数据集/数据集/源域数据集/48kHz_Normal_data/N_1_(1772rpm).mat,5,N,48k_normal,1772.0,-0.15409393238238867,2.8819904672258025,4.01707989047535,0.24909967649392664,0.6108126526248168,0.11444164339328453,0.24962401480211205,0.12384046245668827,0.058864751417614214,0.33071522820842614,3.0090895011058945,0.8051627539592737,0.03290470123358633,0.20957382472551417,0.06386986542159115,0.33601472732986293,0.016454954950354542,0.048940227482321574,0.09265104719112388,0.04828624428524038
N_1_(1772rpm),数据集/数据集/源域数据集/48kHz_Normal_data/N_1_(1772rpm).mat,6,N,48k_normal,1772.0,-0.15550314185110295,2.8580450944686357,3.457718564813043,0.24903863761215894,0.6153140144148892,0.11632985937927079,0.2622120009773713,0.11234381747611685,0.05494526768777005,0.3236488905441927,3.163708583900024,0.8038017078460606,0.0353743653227723,0.2178856768755557,0.06291543373097909,0.32734098077975826,0.019200196685588544,0.055039934390185515,0.09796027249042821,0.042521324302734614
N_1_(1772rpm),数据集/数据集/源域数据集/48kHz_Normal_data/N_1_(1772rpm).mat,7,N,48k_normal,1772.0,-0.16122325350305336,2.852578296977713,3.7189248659531016,0.25032045412928033,0.6137470285493956,0.1152711566348852,0.2526953003653275,0.10722605255123664,0.056672887398568336,0.33648892362386085,3.1539425740867424,0.8037414640098561,0.035310169571965956,0.2170351701323491,0.0656577562243813,0.32292862334017436,0.020645047011138364,0.05331201029103616,0.09706826044164539,0.04305910606838643
N_1_(1772rpm),数据集/数据集/源域数据集/48kHz_Normal_data/N_1_(1772rpm).mat,8,N,48k_normal,1772.0,-0.1640495017443516,2.8952037027082085,3.835036014598436,0.2500762986022096,0.6069226959058726,0.11897888387787248,0.2580437979400211,0.10839628387872943,0.052346628687698994,0.3414663911157533,2.994023457160219,0.7993986552373817,0.034353598813223245,0.22285285350727582,0.058977319437755735,0.3318296893661421,0.022435010724294373,0.0546387717882879,0.09851616554706534,0.04383149892085018
N_1_(1772rpm),数据集/数据集/源域数据集/48kHz_Normal_data/N_1_(1772rpm).mat,9,N,48k_normal,1772.0,-0.16159204861839538,2.9064356007193815,3.894467842283308,0.2508087651834218,0.6064005959300546,0.11526488982862142,0.25500887909712583,0.12088538770096416,0.05339415268242317,0.33175738738068916,3.043269752023542,0.8012931245955066,0.03727118332263104,0.21182045466836036,0.06169550848518712,0.32716484438474225,0.023629957885750164,0.05587714820155098,0.08051145382079135,0.048097001263133383
N_1_(1772rpm),数据集/数据集/源域数据集/48kHz_Normal_data/N_1_(1772rpm).mat,10,N,48k_normal,1772.0,-0.16161319271672842,2.9040704966711317,4.703091927238322,0.25209058170054327,0.6088959633834287,0.11787969120943573,0.2551649936234674,0.12114210674457924,0.052368831152559074,0.3306692940587673,3.1309835049418844,0.8066791550829371,0.038908757154767236,0.20939805497349684,0.06810200169814735,0.3258836853132129,0.02305586533272614,0.052926837407261236,0.07225594828445375,0.05814726899037832
N_1_(1772rpm),数据集/数据集/源域数据集/48kHz_Normal_data/N_1_(1772rpm).mat,11,N,48k_normal,1772.0,-0.17856167377464982,2.9601752708061526,4.646527525880229,0.25105292071049257,0.607522710615173,0.11311869330574251,0.2420373027941929,0.11652214063928547,0.054792599113143596,0.35320047766838064,3.2390310713705106,0.802500631879487,0.03762509191934721,0.21913640493802858,0.06825147183766377,0.3192948336523684,0.021322413635515017,0.0558953442635881,0.08931087166452327,0.04957974341506124
N_1_(1772rpm),数据集/数据集/源域数据集/48kHz_Normal_data/N_1_(1772rpm).mat,12,N,48k_normal,1772.0,-0.20775184333005542,2.970846005370932,4.430717108772877,0.2496490264298358,0.6089277135350442,0.10983305630062527,0.23748454833261876,0.11598656399876808,0.051063390298630766,0.3604885992990614,3.456116306157274,0.7969034716665864,0.03632150970543628,0.22473723494414868,0.06090457888795678,0.31312973957494233,0.021378437228497412,0.05682205097163886,0.10076231662600578,0.04287309141951012
N_1_(1772rpm),数据集/数据集/源域数据集/48kHz_Normal_data/N_1_(1772rpm).mat,13,N,48k_normal,1772.0,-0.17141255823384569,3.024137977419758,4.489742304295834,0.2506256485381188,0.6112537041400092,0.11163785371867199,0.24770115664054737,0.11191377286118553,0.05491120112314073,0.34550834058685,3.5407211247338575,0.796205325054518,0.0396223414774775,0.22528691061651068,0.05737163320455602,0.3172010746218885,0.022777373698297455,0.06307576063312223,0.09243162988039105,0.04415851613982838
N_1_(1772rpm),数据集/数据集/源域数据集/48kHz_Normal_data/N_1_(1772rpm).mat,14,N,48k_normal,1772.0,-0.1372511696225763,2.968796577200124,3.9074433551155416,0.2458035768784716,0.6097247380795671,0.11251781142507361,0.24671292126526168,0.1178947079100323,0.05754258308263429,0.3425573647079587,3.2941261904450676,0.7942220657031438,0.03925582630895353,0.21738780760930848,0.052508477655207615,0.33148905487866487,0.016929651590901082,0.062206254511298326,0.0876866434083492,0.0486546803780393
N_1_(1772rpm),数据集/数据集/源域数据集/48kHz_Normal_data/N_1_(1772rpm).mat,15,N,48k_normal,1772.0,-0.1494625310802649,2.9119510220822264,3.75805555939428,0.2466581212232192,0.6067759681014742,0.10684242596069897,0.23284271916153926,0.11755229794180946,0.05350997722517806,0.3646384891279212,3.179861966022702,0.7942042075627523,0.0380220370165066,0.21980039330946188,0.0550649310479033,0.334952375390618,0.01949257795776799,0.0587828539838776,0.08826513655749788,0.051432420225294484
N_1_(1772rpm),数据集/数据集/源域数据集/48kHz_Normal_data/N_1_(1772rpm).mat,16,N,48k_normal,1772.0,-0.15642218906870115,2.9703151762051085,4.113511934306512,0.25025941524751266,0.6082286831247707,0.10915791618280574,0.23460630386847947,0.11714143036119772,0.05317830020838664,0.3576351889370677,3.269804742253604,0.7997297115528353,0.032197257478255845,0.21950162561185674,0.055672586736699683,0.3357244162837535,0.016203652803219133,0.05481289718212668,0.09251731882521384,0.053922633159900875
N_1_(1772rpm),数据集/数据集/源域数据集/48kHz_Normal_data/N_1_(1772rpm).mat,17,N,48k_normal,1772.0,-0.1630612402178318,2.9571914371702404,4.13926357340898,0.2488555209668559,0.6155030823367847,0.11240791364101019,0.24080611332385063,0.12852421291946828,0.05554292281575738,0.33193880620398797,3.2506531541290005,0.8070182457015043,0.03274261865974708,0.2156553147180411,0.06346100759490755,0.32965981540037875,0.018600055176736664,0.048342046298653386,0.0952432967557952,0.05068046239562401
N_1_(1772rpm),数据集/数据集/源域数据集/48kHz_Normal_data/N_1_(1772rpm).mat,18,N,48k_normal,1772.0,-0.15373540034530214,2.941005869614966,3.7299811571645582,0.25355551486296773,0.6148368781565395,0.10852957040431628,0.23838480414178226,0.1249505446585049,0.056059471962272726,0.3390322113751009,3.2882113749390567,0.8050012727130793,0.03489074315933329,0.20727472057141097,0.06460030144887632,0.3332208036253219,0.021976704683177837,0.05031955379420393,0.082702021981671,0.049092960718039064
N_1_(1772rpm),数据集/数据集/源域数据集/48kHz_Normal_data/N_1_(1772rpm).mat,19,N,48k_normal,1772.0,-0.1452718314676614,2.9003240378901967,3.6374899695872682,0.25166330952816945,0.6101411878789753,0.11230538769269961,0.24501701792674918,0.12333276056177526,0.055724203589104834,0.3424725148234364,3.1343204779288607,0.7992725574992361,0.03605440577491412,0.21459843681835614,0.059867188498906,0.3372647919599992,0.023371912968136142,0.058582423489377485,0.08424183805305688,0.04565289451190717
N_1_(1772rpm),数据集/数据集/源域数据集/48kHz_Normal_data/N_1_(1772rpm).mat,20,N,48k_normal,1772.0,-0.14053479463422744,2.9316447357868585,3.66918158264972,0.2523957761093817,0.6121028630057145,0.11373627239207172,0.25596418085621636,0.12234325827337177,0.05609699186626784,0.33050780652394324,2.9644051040970973,0.7948343313932651,0.03937805523493008,0.22889771182351784,0.05980566112828592,0.33565028904351935,0.02132713257029211,0.06054038480339694,0.09561450459353481,0.048667179342153886
N_1_(1772rpm),数据集/数据集/源域数据集/48kHz_Normal_data/N_1_(1772rpm).mat,21,N,48k_normal,1772.0,-0.1472383747771001,2.923583065639081,3.6728489887083167,0.25025941524751266,0.6126434954953174,0.11186758511905745,0.2514309625319431,0.12332924190323528,0.05631950846544827,0.3351158799774149,3.059420885921895,0.7977030452808392,0.037157319285476574,0.22993385741713285,0.05819560118195953,0.32748664679005723,0.02003840301576275,0.058317860943160535,0.09560853025416811,0.05275833351620795
N_1_(1772rpm),数据集/数据集/源域数据集/48kHz_Normal_data/N_1_(1772rpm).mat,22,N,48k_normal,1772.0,-0.1601683358912305,2.883053839246465,3.6804304171910953,0.2509308429469572,0.6066934588809273,0.1100692546025284,0.2465071877978932,0.12354508756480523,0.054817360449028914,0.3466831152633301,2.9549220190238987,0.8004073415313856,0.03429175373109636,0.21868927886361972,0.05637299020482519,0.3201105301777749,0.02321816235052314,0.059307791041344246,0.08649966413547308,0.04654564019093826
N_1_(1772rpm),数据集/数据集/源域数据集/48kHz_Normal_data/N_1_(1772rpm).mat,23,N,48k_normal,1772.0,-0.17482931767455645,2.9696268746753294,3.738948515396217,0.2505646096563511,0.6088283440014557,0.11118735644993781,0.2501326360254102,0.1257219468777354,0.0533633695330765,0.34604027347143673,2.96365409857335,0.7972933073736495,0.03731074328989473,0.23767503548186253,0.059750028255104316,0.3157830542651007,0.027780966398814225,0.06266041899416122,0.09353821505738744,0.05075988744248601
N_1_(1772rpm),数据集/数据集/源域数据集/48kHz_Normal_data/N_1_(1772rpm).mat,24,N,48k_normal,1772.0,-0.17689337438211838,2.9369270010290895,3.792960633320098,0.2483061710309467,0.6144158643282536,0.11108005238519711,0.24829824835029382,0.12645160601233998,0.05541220434706832,0.3394516888711022,3.105920802572791,0.8025334957377136,0.03223906655615717,0.227669155219561,0.06522881983545967,0.3196323714383537,0.024503427856088198,0.05619800928710016,0.09194833184275605,0.05140112626456996
N_1_(1772rpm),数据集/数据集/源域数据集/48kHz_Normal_data/N_1_(1772rpm).mat,25,N,48k_normal,1772.0,-0.1743122968697328,2.9607097030158513,3.8676938249196335,0.24757370444973448,0.6142273102325251,0.11496837706710024,0.2634602542602807,0.1214233676593394,0.05370463357501688,0.33111594552888074,3.141581395024992,0.8037848938140998,0.03259207248323933,0.2134799374751639,0.0695026552862538,0.3230016927864482,0.0225649534242031,0.04808561044661476,0.09077416990937585,0.04873126879148249
N_1_(1772rpm),数据集/数据集/源域数据集/48kHz_Normal_data/N_1_(1772rpm).mat,26,N,48k_normal,1772.0,-0.19104155074146492,3.0332826818279908,3.907797451126174,0.2522126594640786,0.6096818040327071,0.11307652238688588,0.25041393725518707,0.11953172452075513,0.05267469130585465,0.34774890443707224,3.1650555294727964,0.7973095339084804,0.03721374637207815,0.2316835847540797,0.06306739442855257,0.31597612470950365,0.024424912593037137,0.05335027900724542,0.09946906021170372,0.05087167215436111
N_1_(1772rpm),数据集/数据集/源域数据集/48kHz_Normal_data/N_1_(1772rpm).mat,27,N,48k_normal,1772.0,-0.1844670610482026,2.979704923151598,3.92814327485197,0.25257889275468476,0.6043544199887214,0.11309730710742481,0.2609737539102382,0.11571297524524884,0.056153354196389824,0.3433480348723403,3.1996545530666918,0.7915936838796751,0.04161164581946063,0.23873996729181102,0.060515856211836035,0.3113218569167685,0.03050335429005867,0.05584095755588746,0.1021803789721268,0.046439988830272325
N_1_(1772rpm),数据集/数据集/源域数据集/48kHz_Normal_data/N_1_(1772rpm).mat,28,N,48k_normal,1772.0,-0.163367291875306,2.9098726299120137,3.8696093868988246,0.24739058780443143,0.6117632674828397,0.11302367112034808,0.25297117683229936,0.12077669056920193,0.054168977334459224,0.3352062584891102,3.1738996201402023,0.8025924018760504,0.03324621980444567,0.22199624714770827,0.06392018542231329,0.31069107551185154,0.02320715778756755,0.04806477438139222,0.09918189831735297,0.04832795062235929
N_1_(1772rpm),数据集/数据集/源域数据集/48kHz_Normal_data/N_1_(1772rpm).mat,29,N,48k_normal,1772.0,-0.19081205527451292,2.9066995456009765,3.8961424835873215,0.24732954892266373,0.6102271152655973,0.11157899456463682,0.25629018456036606,0.1190490914456525,0.052779894859900305,0.3385098285780283,3.193653508889457,0.8025119704337373,0.032089151016222284,0.21590974710384903,0.06853954449807365,0.31543144726208994,0.027807263234960848,0.042622363356616684,0.09316620328150979,0.049031037068778996
N_2_(1750rpm),数据集/数据集/源域数据集/48kHz_Normal_data/N_2_(1750rpm).mat,0,N,48k_normal,1750.0,-0.1921136649183643,2.9106775095479542,4.644427978164427,0.282854178111457,0.6172287206996026,0.13129856466042222,0.2031039658746161,0.12096768606950414,0.06234838569470297,0.28997617375933993,3.2308479422166285,0.8252652039045959,0.03846910416404313,0.1529929299648155,0.056190729617634085,0.2801107070950398,0.015121694812699286,0.03875509194302208,0.049080679575588655,0.046868963652463264
N_2_(1750rpm),数据集/数据集/源域数据集/48kHz_Normal_data/N_2_(1750rpm).mat,1,N,48k_normal,1750.0,-0.18452792066807458,2.9408052167706678,4.443211587409937,0.28138924494903256,0.620373665992865,0.1274959593035015,0.20554483086308736,0.12473829681798079,0.06389745727165003,0.28409886107610294,3.2272325355988505,0.826749888423333,0.03718523845750926,0.15899208590111358,0.055301960197257326,0.2872019772673258,0.02017373325736023,0.04271805944218707,0.04548891752666706,0.047182719101860296
N_2_(1750rpm),数据集/数据集/源域数据集/48kHz_Normal_data/N_2_(1750rpm).mat,2,N,48k_normal,1750.0,-0.18071793010453133,2.9975018701170004,4.473439786640469,0.28456326680095223,0.6241491999091471,0.12748034588533458,0.20222941533625896,0.13023806317801592,0.062476579920295136,0.2764803013897545,3.2553371661763264,0.8244848116112445,0.03698947318625125,0.164372004354685,0.05944033700747654,0.2851560508737058,0.02151722409306666,0.045654105590689116,0.04707323688662536,0.046943497564360954
N_2_(1750rpm),数据集/数据集/源域数据集/48kHz_Normal_data/N_2_(1750rpm).mat,3,N,48k_normal,1750.0,-0.17929263863699632,2.9783807856844597,4.018107502615032,0.28456326680095223,0.6226840890951039,0.12737077332913724,0.20614071930808175,0.13200157076421007,0.06291048003192508,0.2828482397467506,3.1671084548050157,0.8245196572513757,0.0367713374509384,0.1664431094740795,0.058843708822461274,0.2817753877627911,0.020645149809974776,0.039641371849125515,0.04794533255780738,0.052587564419713594
N_2_(1750rpm),数据集/数据集/源域数据集/48kHz_Normal_data/N_2_(1750rpm).mat,4,N,48k_normal,1750.0,-0.18927833532757032,2.925759670930249,4.040408991940975,0.2863944332539828,0.615931949909663,0.12959853437422134,0.21217173545632256,0.1320170567036614,0.06361740101419085,0.28832191326775836,3.0535548277223206,0.8225431063062353,0.04058236827684798,0.1644625533624963,0.05652425207889361,0.2763614591591333,0.020533043568520426,0.03386755937975198,0.04808563727719133,0.05581078285639345
N_2_(1750rpm),数据集/数据集/源域数据集/48kHz_Normal_data/N_2_(1750rpm).mat,5,N,48k_normal,1750.0,-0.14757241993343198,2.9463362861346494,5.087284938270248,0.28187755600317405,0.6229584417977055,0.1302024467547275,0.20878825394311187,0.13395205732370133,0.059782203729335785,0.2726065802249053,3.3086008277158183,0.823840135832404,0.04029220257755779,0.17233649154475342,0.06064322444249021,0.2601052845856811,0.02103545639052446,0.03824648243499235,0.04999773203149379,0.058990707554721154
N_2_(1750rpm),数据集/数据集/源域数据集/48kHz_Normal_data/N_2_(1750rpm).mat,6,N,48k_normal,1750.0,-0.13093373166979597,2.942590480714282,5.119668390030564,0.2793749618506989,0.6222297499311701,0.12963063543816122,0.2112366545439417,0.13163305693993807,0.06196393515988982,0.2703333034060662,3.3166319860102536,0.8239332818208136,0.04058636741440337,0.1677634448444574,0.06133209355925553,0.2687328102103108,0.017609106981075016,0.040122848643895814,0.04975272871010536,0.05626401536464754
N_2_(1750rpm),数据集/数据集/源域数据集/48kHz_Normal_data/N_2_(1750rpm).mat,7,N,48k_normal,1750.0,-0.17135015870105094,2.8912938219894504,4.079728549802886,0.2843191112738815,0.6201849460300766,0.1288127393896684,0.211211580613579,0.12726773393182514,0.06456774704735864,0.280077126636146,3.103272251179188,0.8261917319424099,0.04020787017226567,0.16311730410460767,0.05744273241679844,0.27896352166350563,0.01592823947708254,0.03677456526497521,0.04991071038730522,0.055991520799665795
N_2_(1750rpm),数据集/数据集/源域数据集/48kHz_Normal_data/N_2_(1750rpm).mat,8,N,48k_normal,1750.0,-0.19523800711802863,2.9266523763749364,4.072970154683171,0.284013916865043,0.6184027489091172,0.12626528469592416,0.20849403390967977,0.12346505008706363,0.0644746053695857,0.2962380607876714,3.167205827665607,0.8204732321644975,0.037351731236623595,0.1693870017083742,0.05948823162214037,0.27775378757016717,0.018363177304005128,0.04223499013669114,0.052580159737748974,0.05147641231697656
N_2_(1750rpm),数据集/数据集/源域数据集/48kHz_Normal_data/N_2_(1750rpm).mat,9,N,48k_normal,1750.0,-0.19837113823506874,2.9454713996897643,3.7188286980699825,0.284807422328023,0.6111201542651997,0.12783364821166474,0.20595653419008422,0.11931412363036503,0.06279044688415408,0.31072760902698615,3.0609317118751003,0.8127596600088017,0.03731163777868731,0.1606449654943568,0.0496682059211195,0.28540150073384246,0.014972002236367398,0.04528995127591755,0.05255449564883259,0.04455934136246089
N_2_(1750rpm),数据集/数据集/源域数据集/48kHz_Normal_data/N_2_(1750rpm).mat,10,N,48k_normal,1750.0,-0.17299258658861763,2.916751283006773,3.8362087910494815,0.28749313312580116,0.6177803162809477,0.1305490558870772,0.20694632565518448,0.12479195317316866,0.06128552611684168,0.29328027641238397,3.0140657372418502,0.8214890160805086,0.038158333142728984,0.16107670816280784,0.05268373197018721,0.2791492857345815,0.01678118884973772,0.04123195579916149,0.05582869904366661,0.044251945895296095
N_2_(1750rpm),数据集/数据集/源域数据集/48kHz_Normal_data/N_2_(1750rpm).mat,11,N,48k_normal,1750.0,-0.17686806224854704,2.9385654504398993,3.884895354763966,0.28517365561862906,0.6199083298345823,0.12878281739484493,0.20464426213878614,0.12701456257946458,0.06437822207724726,0.29160917548019555,3.128147804478828,0.8237989719346286,0.037486114599589476,0.16232915816250987,0.05766188984458717,0.27808168801234884,0.019327872808344086,0.04115100577471471,0.05238224172303196,0.04472206013878488
N_2_(1750rpm),数据集/数据集/源域数据集/48kHz_Normal_data/N_2_(1750rpm).mat,12,N,48k_normal,1750.0,-0.17771440624609303,2.9213808444934286,3.882962018818506,0.2801074284319111,0.6218501662389838,0.1277754008582789,0.21120956934109508,0.12355469622230096,0.06227869931011287,0.2826979660201931,3.134638379546127,0.8254892843926022,0.0383957994262516,0.15289911466845454,0.05978344094611702,0.28565554472892674,0.017586049950047387,0.038076502848102156,0.049234345014560706,0.04367531246288098
N_2_(1750rpm),数据集/数据集/源域数据集/48kHz_Normal_data/N_2_(1750rpm).mat,13,N,48k_normal,1750.0,-0.15990428154061556,2.9003348848012926,4.064264677703344,0.28096197277665874,0.6209632529247645,0.12975871052245094,0.20537341800645403,0.12455030366463621,0.0621262958028138,0.2777814004110087,3.126787073720975,0.8264833084396974,0.037707354636040455,0.16025717772383996,0.062143279787905764,0.27869560057646353,0.017569976597340546,0.03830797509908137,0.05232797409834109,0.04836653329349062
N_2_(1750rpm),数据集/数据集/源域数据集/48kHz_Normal_data/N_2_(1750rpm).mat,14,N,48k_normal,1750.0,-0.17842836977217358,3.0233336430347393,5.367968264910276,0.280717817249588,0.6219387486935986,0.12560726970709432,0.19533323564886082,0.12991691642155778,0.06000684295555603,0.28967187741397826,3.4424106625772644,0.8233655971173175,0.0345182130370935,0.1818841975814531,0.05804651609721146,0.2744876189906812,0.019949093355965702,0.04620459265221139,0.05465783533458705,0.05534426254583624
N_2_(1750rpm),数据集/数据集/源域数据集/48kHz_Normal_data/N_2_(1750rpm).mat,15,N,48k_normal,1750.0,-0.17549928032296755,2.972182040080355,5.3453758519897505,0.27968015625953735,0.6236768190997936,0.12388937242228591,0.1990849879121756,0.1330760762187633,0.06270418567193219,0.29166413594933666,3.3202898701325236,0.8256754620876811,0.03726453432721178,0.17321810293341214,0.05988556792227638,0.2723545806821608,0.01979041787286117,0.041774477755997755,0.04990451457066656,0.05523407647301965
N_2_(1750rpm),数据集/数据集/源域数据集/48kHz_Normal_data/N_2_(1750rpm).mat,16,N,48k_normal,1750.0,-0.16459120590770643,2.871666593003854,4.126987629555348,0.284990538973326,0.6196734397847732,0.1304256489086992,0.2055608465966586,0.13124236970218034,0.0699080937255658,0.283116177392954,2.9414612479338778,0.8230459370027722,0.04145716687970202,0.15630343015504505,0.05880559201682737,0.27144317609506613,0.015070499408695521,0.03443563914456173,0.046825820564292936,0.055601719262222966
N_2_(1750rpm),数据集/数据集/源域数据集/48kHz_Normal_data/N_2_(1750rpm).mat,17,N,48k_normal,1750.0,-0.16071752517403992,2.8519099275367386,4.152581325080658,0.2843191112738815,0.6211458065788473,0.13270676979631546,0.20414248857851214,0.12553608220798407,0.0675615076076823,0.2798192953115588,2.8916042746671433,0.825746268978951,0.042012601754065765,0.14639744354845777,0.060512257584567644,0.26944705754514775,0.015282697618538262,0.02961094684254998,0.043419917716647966,0.05426318411710724
N_2_(1750rpm),数据集/数据集/源域数据集/48kHz_Normal_data/N_2_(1750rpm).mat,18,N,48k_normal,1750.0,-0.145889373309345,2.867099517297366,3.750851128759657,0.2850515778550937,0.6233716610072837,0.12967439620966423,0.20713501896661504,0.12191204629918716,0.06571053352396393,0.28051079070954393,2.9777686239309036,0.82701742304552,0.042393651292913996,0.16657185038047553,0.05749053715128074,0.26835491340746914,0.019878912718104522,0.03311814451556708,0.05149958976379401,0.05733971581816744
N_2_(1750rpm),数据集/数据集/源域数据集/48kHz_Normal_data/N_2_(1750rpm).mat,19,N,48k_normal,1750.0,-0.17392110066361358,2.8973838848695146,3.9199189456445933,0.2854178111456998,0.6207927989465561,0.1265934472717233,0.21739269707547063,0.11960515318930279,0.062260525557760876,0.28557938582332304,3.1339353658442306,0.8229613225015431,0.04206156875300324,0.17554441710535648,0.05475616877906356,0.2751255051750619,0.019033945138408264,0.03902217996855725,0.05543389300285039,0.0554684558492765
N_2_(1750rpm),数据集/数据集/源域数据集/48kHz_Normal_data/N_2_(1750rpm).mat,20,N,48k_normal,1750.0,-0.1863251491445102,2.905687869718199,4.118336806825742,0.2815723615943356,0.6186989595636468,0.12701092534674763,0.208390426605935,0.12158672693511756,0.06531715427313692,0.29197455990264376,3.1408551916327574,0.8225627378466086,0.039866435705404296,0.1650572460947177,0.05720779086717922,0.27451609276028693,0.01656556119808867,0.03979975175978437,0.047160209411404454,0.05545158182252446
N_2_(1750rpm),数据集/数据集/源域数据集/48kHz_Normal_data/N_2_(1750rpm).mat,21,N,48k_normal,1750.0,-0.17608402063121806,2.9012470015911633,4.149150733606852,0.28376976133797227,0.6169228089641319,0.1281992077821365,0.20857242426589928,0.11962501843776467,0.06639993736399642,0.290602390598834,3.0927891201063282,0.821584624529655,0.04006010723763828,0.1600353817036819,0.05653564133451925,0.2767400666722165,0.01711776405767379,0.03667049307231215,0.04692255879777717,0.05416957033287408
N_2_(1750rpm),数据集/数据集/源域数据集/48kHz_Normal_data/N_2_(1750rpm).mat,22,N,48k_normal,1750.0,-0.17349364448631074,2.9070380244687604,3.7549066081424325,0.2866385887810535,0.6161028655532704,0.1300346429573638,0.21092372984550223,0.11940561802200063,0.06485415859107371,0.28909304037527633,3.1140078610012054,0.8205541708993379,0.04040376089428321,0.16450408722841273,0.05287919080799744,0.27509114140051394,0.014468451621522042,0.04302220138168859,0.045634081598396804,0.05792053846895648
N_2_(1750rpm),数据集/数据集/源域数据集/48kHz_Normal_data/N_2_(1750rpm).mat,23,N,48k_normal,1750.0,-0.17593329879120398,2.9317685937281572,3.739963206194705,0.2884087163523164,0.6211005910580525,0.13132806637108055,0.20035106871873262,0.1212286398896049,0.06693621973627922,0.28134179373344775,3.1938053918539677,0.8268688458419429,0.038558678028408365,0.1640870678247724,0.05310646210528424,0.2765380423014109,0.01354498944936533,0.04148172061937022,0.046806136340647855,0.05774423780576549
N_2_(1750rpm),数据集/数据集/源域数据集/48kHz_Normal_data/N_2_(1750rpm).mat,24,N,48k_normal,1750.0,-0.1587878957838084,2.8778772064560623,3.6725612599713147,0.2832204114020631,0.6214448003523284,0.13088900214284238,0.20718375510628328,0.12338114925209996,0.06509821483684254,0.2777159065427162,3.0666392767005894,0.8284964943308661,0.038055027017343084,0.14619974957897455,0.05622093392121774,0.28687950022021813,0.014240301648601565,0.03739082193047855,0.040091249072488046,0.049414343300345304
N_2_(1750rpm),数据集/数据集/源域数据集/48kHz_Normal_data/N_2_(1750rpm).mat,25,N,48k_normal,1750.0,-0.1667891914532029,2.8584780656594426,4.200457967398193,0.27986327290484037,0.6206453215317965,0.13005075592392945,0.20871573417120037,0.12492336449327143,0.06686492724509507,0.28308342256856617,3.0811216826790684,0.8264069937414086,0.03933093790100034,0.1503912077746499,0.05583503184848653,0.28454844676963936,0.019174959361722282,0.03952222743922048,0.039539192005753745,0.04789078603285253
N_2_(1750rpm),数据集/数据集/源域数据集/48kHz_Normal_data/N_2_(1750rpm).mat,26,N,48k_normal,1750.0,-0.1824237781380868,2.8800799376859385,4.206951000897178,0.2849295000915583,0.619992242912588,0.1310615248964389,0.20783097570408704,0.1282568801820796,0.06442386817224637,0.2794886687264327,3.0312552135462747,0.8274449241307856,0.04063524024556662,0.15502976021542264,0.05989227605677142,0.28190947438551095,0.020514400918774257,0.03879481250573798,0.0425753219000184,0.04851201386255321
N_2_(1750rpm),数据集/数据集/源域数据集/48kHz_Normal_data/N_2_(1750rpm).mat,27,N,48k_normal,1750.0,-0.1463612098778028,2.8868032639584538,3.9615658676878986,0.2843191112738815,0.6195674990018185,0.12880530038713864,0.21241967940305673,0.12599731354282534,0.06583299798500042,0.2817086044114819,2.9809431733174865,0.8260187927940734,0.04066135118545249,0.1534663447878691,0.057893350748607776,0.28703298534632893,0.018059778841833424,0.03511694845538508,0.04570795658256298,0.05083209711008148
N_2_(1750rpm),数据集/数据集/源域数据集/48kHz_Normal_data/N_2_(1750rpm).mat,28,N,48k_normal,1750.0,-0.14665347630286593,2.9233452149569663,3.945437139068083,0.2824269059390832,0.6192039523888835,0.13112056537954406,0.2049104237397223,0.12297207593686758,0.06823451560171268,0.2788325170600889,3.052171136891651,0.8256156759087346,0.04220227952685743,0.14882189692993467,0.05541777278630312,0.2729986730114053,0.015522514212656512,0.03443442227599909,0.04310242704058412,0.05160846644641602
N_2_(1750rpm),数据集/数据集/源域数据集/48kHz_Normal_data/N_2_(1750rpm).mat,29,N,48k_normal,1750.0,-0.11991267906663086,2.91331720096027,3.6382065059216204,0.2834035280473662,0.6174274538799684,0.1308447687299102,0.20281870565844654,0.12963741375899265,0.0651247090083566,0.27938155462525743,3.0299707928060564,0.8223535489108822,0.04085112207694101,0.1657965363339679,0.05807334245125723,0.2728703696818606,0.015397901081262318,0.043010441427177956,0.05331310502367786,0.04978770839843847
N_3,数据集/数据集/源域数据集/48kHz_Normal_data/N_3.mat,0,N,48k_normal,1725.0,-0.1265722633017094,2.947033373051105,3.882685123298533,0.297625587499237,0.6382748250229262,0.1446600920056135,0.17313670276629553,0.12999833169287933,0.08559599496301802,0.2542879118128777,3.1269986221460955,0.846820769403569,0.03309756727355306,0.14395547697652072,0.06009713589374803,0.2612255460161219,0.015269402764889063,0.030669118150172228,0.039799007624661376,0.05345015918647182
N_3,数据集/数据集/源域数据集/48kHz_Normal_data/N_3.mat,1,N,48k_normal,1725.0,-0.11437957133980728,2.8910683024396193,3.8811407064571495,0.29365806018433743,0.638202063094126,0.14468602866863198,0.17108502872128611,0.13612172930242947,0.08502236551594275,0.2537173770540944,3.030720089300711,0.8450278631941989,0.03563483912305222,0.15691755738815397,0.06022526161813921,0.2481465583932498,0.021170234254081346,0.03376026616769674,0.045291747107934405,0.05184261709978155
N_3,数据集/数据集/源域数据集/48kHz_Normal_data/N_3.mat,2,N,48k_normal,1725.0,-0.10052449303966432,2.9546484900185455,3.8863718084002357,0.29439052676554966,0.6440880003044426,0.14409688450179292,0.16898458976567243,0.13440433755465422,0.09171139354150364,0.23588634812778853,3.1371802970539084,0.8458970351626319,0.03581424606852596,0.1609803952100209,0.06674566462532701,0.2396355985655828,0.02020384174473459,0.0409099067905418,0.04396811969662748,0.05177128554811787
N_3,数据集/数据集/源域数据集/48kHz_Normal_data/N_3.mat,3,N,48k_normal,1725.0,-0.10271954242066947,2.928754592497957,3.88038268354863,0.29835805408044924,0.6430501656880334,0.14603356517117286,0.16123652868716049,0.13371566531752277,0.09509609404778965,0.2440843601810651,3.1241637882598012,0.8453746457959332,0.03391880302979697,0.15066319920790638,0.06096737667124408,0.2534758923972736,0.015084901997927008,0.03621725266336597,0.037741530569088154,0.05763196773138419
N_3,数据集/数据集/源域数据集/48kHz_Normal_data/N_3.mat,4,N,48k_normal,1725.0,-0.1280289461509059,2.852190434197785,3.879576322921201,0.29628273210034795,0.6379775731277201,0.1472047010902758,0.16458067275991617,0.13718938684500984,0.08447596987256802,0.25604299018901955,3.0268425332218056,0.8462438878012829,0.03224686112307178,0.14310218035744776,0.058532993090911214,0.2568894707076322,0.017536617216482458,0.030002828011446724,0.03344781023107341,0.05656028082663742
N_3,数据集/数据集/源域数据集/48kHz_Normal_data/N_3.mat,5,N,48k_normal,1725.0,-0.15536784654556368,2.922559405418662,3.993725705808571,0.30049441494231827,0.6386866354429387,0.14771448351876518,0.17740024038306768,0.12373018214573818,0.0867662007592013,0.24854986656623673,3.117777718577111,0.8468126057861695,0.034435658155905824,0.15372455527392212,0.06064837925250386,0.24306307226976034,0.01843372510809317,0.03871051505791236,0.04058942092172351,0.0516026228235618
N_3,数据集/数据集/源域数据集/48kHz_Normal_data/N_3.mat,6,N,48k_normal,1725.0,-0.13562140685438817,2.9616016222053863,4.009272801535028,0.3006164927058536,0.6405440490342287,0.14635833977943488,0.17857132893750688,0.12261040685621184,0.09105414832921277,0.24560444481384144,3.1771544662291373,0.8432855674739421,0.03724899443503227,0.1525024119262814,0.06725067210111757,0.24381903079844583,0.017771509870873028,0.04133708613541273,0.043612927693036346,0.046035854062098605
N_3,数据集/数据集/源域数据集/48kHz_Normal_data/N_3.mat,7,N,48k_normal,1725.0,-0.11021765971108971,2.893075665398639,4.01396219200205,0.2999450650064091,0.6327654859633622,0.1484837934486581,0.17427787759266414,0.13048115440300243,0.08455000548416036,0.25268647820800516,3.0221595993033876,0.8417289547163561,0.03748466511871105,0.14127905178752115,0.06204934397523863,0.25131730900230964,0.017081131862451002,0.03717087834814812,0.03322703536072674,0.05016883135891289
N_3,数据集/数据集/源域数据集/48kHz_Normal_data/N_3.mat,8,N,48k_normal,1725.0,-0.13425774553799627,2.8951582040154995,3.8566985277946704,0.30269181468595496,0.6303160340342668,0.14978576053968481,0.16848797067220328,0.13973451479567187,0.08201370930547303,0.2600941609448133,2.977309957654149,0.8382532483276935,0.036369114271054014,0.15216361185929098,0.0535391341345932,0.2568820811765517,0.01759241888560409,0.03805564856356875,0.03902430342714391,0.054029646458395045
N_3,数据集/数据集/源域数据集/48kHz_Normal_data/N_3.mat,9,N,48k_normal,1725.0,-0.17530156421988885,2.969774295496251,3.8668249309856755,0.2984190929622169,0.6338105691318995,0.14639813718985126,0.1605523009013709,0.1432010224800071,0.0852299531545188,0.2648662888113615,3.181354034010406,0.8374010990603052,0.03162727047084106,0.16245865339110524,0.06307109876986843,0.2475789191802469,0.019880698282577613,0.04143011948260964,0.04514307499478355,0.051364819022017054
N_3,数据集/数据集/源域数据集/48kHz_Normal_data/N_3.mat,10,N,48k_normal,1725.0,-0.15055555414162064,2.9967787315984897,3.8794691583602106,0.29707623756332785,0.6375508849093847,0.14798915403758411,0.16188014079906696,0.13215192393953634,0.0879239606366823,0.2583523910970385,3.1673398122338785,0.8399364414548514,0.031341859510668264,0.1563659726194534,0.06188566552127377,0.24395797146224862,0.01914967201745907,0.04465957195360151,0.038612228056032795,0.0495632757385421
N_3,数据集/数据集/源域数据集/48kHz_Normal_data/N_3.mat,11,N,48k_normal,1725.0,-0.11662468885435251,2.962678250665008,3.570267724570005,0.2946346822926204,0.6429827732371673,0.14586856927591738,0.1649667003188382,0.13395142419060546,0.0923338708889483,0.2432063305423664,3.0368383133137224,0.8462595621760165,0.03227673363176209,0.14196109526131984,0.060281434732235295,0.2615414813769594,0.023052993675280117,0.03495196164573744,0.03396686211199938,0.04569018000539386
N_3,数据集/数据集/源域数据集/48kHz_Normal_data/N_3.mat,12,N,48k_normal,1725.0,-0.1385483926109987,2.9750899536778896,3.8084715264538467,0.29225416590368064,0.6428492886364443,0.14215648530977018,0.16603994462605862,0.13816097390083257,0.09189681068082683,0.24874622826330092,3.119709492110639,0.8462261787114848,0.030716656506559088,0.15860328966738838,0.059027321014169166,0.2618434183583579,0.027030525374374757,0.02956181429223364,0.04349455977729905,0.053903176407225105
N_3,数据集/数据集/源域数据集/48kHz_Normal_data/N_3.mat,13,N,48k_normal,1725.0,-0.1451444364809774,2.970984319433932,3.8414739623755816,0.2971372764450955,0.6411852075265181,0.14165925218166503,0.16755158995236924,0.13406577016754334,0.0865574811463584,0.25886055983444206,3.1672501012589582,0.8448760285467762,0.031856075600710576,0.16711777954551174,0.05740755109841032,0.2511585689056358,0.02359359243184599,0.03768267448221499,0.04314430074753776,0.05783167003307359
N_3,数据集/数据集/源域数据集/48kHz_Normal_data/N_3.mat,14,N,48k_normal,1725.0,-0.1261050957769097,2.931761232991685,3.720359953246377,0.29628273210034795,0.6398139136313444,0.14489405480307158,0.16790832347354243,0.13522823793834302,0.08796540790284348,0.2514172422033395,3.0431699692767507,0.841375751977734,0.03387203511682869,0.16153924470220146,0.06160100911521965,0.24476573162471657,0.022283816325949782,0.0383174956592002,0.042574894314406815,0.053635366212298814
N_3,数据集/数据集/源域数据集/48kHz_Normal_data/N_3.mat,15,N,48k_normal,1725.0,-0.10080134129378554,2.9476796691986187,3.5508665416488965,0.2976866263810047,0.6397215450275162,0.15002546014853985,0.17115628631240404,0.12725363487954586,0.09385584994236498,0.2400449538434217,3.03494050805519,0.848936113714668,0.03491541517362472,0.13424012111564929,0.06610334743516444,0.24682944591681563,0.019852934852422496,0.029821417458427747,0.03402875953305173,0.04598975480332862
N_3,数据集/数据集/源域数据集/48kHz_Normal_data/N_3.mat,16,N,48k_normal,1725.0,-0.12372342254239854,2.9729459169151076,3.9196544311755828,0.294512604529085,0.6405176260337491,0.1436501788324796,0.16447636789553907,0.1361631226757949,0.08834647421642687,0.2572252908488788,3.1589345705283485,0.8498765542790139,0.03231678477742914,0.1269840181475931,0.06494766128775564,0.2624260263562682,0.015412756662350204,0.03185983207275536,0.03177474387912767,0.043682465865353605
N_3,数据集/数据集/源域数据集/48kHz_Normal_data/N_3.mat,17,N,48k_normal,1725.0,-0.15811375851863277,2.9849266339561225,4.140562732845983,0.2906061160959531,0.6396943590522508,0.13732805502297293,0.16317760019484412,0.13524396927106155,0.08633474729444335,0.2734491378070338,3.1893013098862184,0.8427390580873553,0.02946251858518385,0.1505758083681545,0.057613639015783584,0.2620264255428475,0.01855757851893248,0.035658612418289416,0.04163971432814003,0.049896584897541514
N_3,数据集/数据集/源域数据集/48kHz_Normal_data/N_3.mat,18,N,48k_normal,1725.0,-0.15994293119814154,2.952226814584397,4.174429402953901,0.29304767136666054,0.6396901354827961,0.1422252632516276,0.1708527580093114,0.12960840940771093,0.08704527896264469,0.2596371466782259,3.1461429386161703,0.8427428243860833,0.032315601120484705,0.15033687268809873,0.06124567393410364,0.2546026056942503,0.02106413889798208,0.03779671185794466,0.03841093518328226,0.046853464355630925
N_3,数据集/数据集/源域数据集/48kHz_Normal_data/N_3.mat,19,N,48k_normal,1725.0,-0.1217721295380944,2.9326240464628515,3.9478424321305883,0.2981138985533785,0.638700071277264,0.1469405486636554,0.17086865094129192,0.13829840072810898,0.0872129586552726,0.24677899563308042,3.0363529925808095,0.8447966002629329,0.035532730144973,0.1428735415667126,0.05923216222390854,0.2581527658100983,0.02323881847216377,0.036618193646709124,0.03149142133000662,0.04587927182959869
N_3,数据集/数据集/源域数据集/48kHz_Normal_data/N_3.mat,20,N,48k_normal,1725.0,-0.11497215586805835,2.9036771831722996,3.824627067485658,0.29829701519868157,0.6364199179386018,0.14775104570556752,0.17541303481778597,0.12648061110776881,0.08528363857435699,0.25676630501189,2.9490896882636055,0.8466108297666326,0.036036068410688946,0.138247119637623,0.05229354277224258,0.25978918160728554,0.018466978205273,0.03125555441782034,0.033798212834575535,0.049917529897807095
N_3,数据集/数据集/源域数据集/48kHz_Normal_data/N_3.mat,21,N,48k_normal,1725.0,-0.1352679482262596,2.940542151679932,4.0849240484732965,0.2916437770860038,0.6353099111260437,0.14236712886815173,0.17359464940265537,0.1345052901435674,0.08058839106145588,0.2637058250055243,3.1266555598123587,0.8435839075648444,0.034178680623114514,0.15546185977763347,0.05628194834357697,0.25576973929782926,0.019647896532160335,0.034204434321722724,0.040779275869847816,0.05602789362730304
N_3,数据集/数据集/源域数据集/48kHz_Normal_data/N_3.mat,22,N,48k_normal,1725.0,-0.12934854974170867,2.9725415172257184,4.096722796963646,0.29457364341085274,0.6378493388666485,0.14034271809582424,0.17279832572280784,0.1357852170386089,0.08629429628136964,0.2582266898262532,3.2021208989553642,0.8425918340846794,0.03400045316395417,0.15770917006771204,0.06249033864992746,0.25230151218285835,0.02032082605758952,0.04107037508743503,0.03963712635340194,0.05252044254860203
N_3,数据集/数据集/源域数据集/48kHz_Normal_data/N_3.mat,23,N,48k_normal,1725.0,-0.09786933339523834,2.984833908792065,4.159719871406962,0.29963987059757063,0.6364547637843979,0.1452870908443275,0.17388381785845813,0.13137908886146243,0.09034819757310536,0.2490526015853977,3.2079134423993967,0.8420845927836219,0.033470174365354474,0.16145875160466722,0.06240922949262617,0.25006811529104517,0.021993437271746068,0.04686357467172112,0.04097170927699452,0.047683013103794455
N_3,数据集/数据集/源域数据集/48kHz_Normal_data/N_3.mat,24,N,48k_normal,1725.0,-0.11069153692864736,3.0576121175968245,4.914220572454862,0.2971983153268632,0.6429152868881273,0.14427539733653788,0.16690140200744571,0.13591722851063062,0.08345303822804344,0.24843129282042758,3.372368983421331,0.8476121065650176,0.031721313976256535,0.15378248056572633,0.05991658201671796,0.26164698652128404,0.020810576370360212,0.03848276978379351,0.0392553848617853,0.050655360694627526
N_3,数据集/数据集/源域数据集/48kHz_Normal_data/N_3.mat,25,N,48k_normal,1725.0,-0.13706148382331512,3.0189970060021705,4.933195107361236,0.29567234328267106,0.6418419341374249,0.14173316776720046,0.164659036547522,0.13180022398688176,0.08522196635945216,0.26001148132505375,3.284539498137873,0.8473252679403894,0.030734853094239994,0.14893992253563235,0.06355383946282799,0.26257800636079287,0.014137281436263829,0.034522558874074384,0.03960813450424554,0.05489815020614988
N_3,数据集/数据集/源域数据集/48kHz_Normal_data/N_3.mat,26,N,48k_normal,1725.0,-0.11874271913994829,2.9524850047002236,3.766064217980285,0.29567234328267106,0.6361734885350635,0.14493469613520601,0.17339367891871127,0.13374761366971002,0.09342659441830997,0.255419750410213,3.1661725323822303,0.8426512969154578,0.033336884644521704,0.1668322519686636,0.05883504894739235,0.2577406346964586,0.021703327756089238,0.03486801248230404,0.041254781374893336,0.06231413640171594
N_3,数据集/数据集/源域数据集/48kHz_Normal_data/N_3.mat,27,N,48k_normal,1725.0,-0.14368992744989148,2.951931494521171,3.872998792932847,0.29744247085393394,0.6368096075702147,0.1477924770446853,0.1789295384978527,0.1250270205289442,0.090741008348387,0.2500449284910619,3.1775337636791146,0.8424787449435324,0.03603989422201276,0.15699027037249869,0.05564185860506742,0.25320315080068095,0.020105230653834735,0.039586138993283844,0.034687511840183205,0.05794097713936477
N_3,数据集/数据集/源域数据集/48kHz_Normal_data/N_3.mat,28,N,48k_normal,1725.0,-0.14377411510991325,2.947405218661846,4.1383414590260825,0.2993346761887322,0.641889718600375,0.14438316096161008,0.16621557296974934,0.13005285198594088,0.08828133841385385,0.25380709793561906,3.214515965408897,0.8477542832866712,0.03461203291979646,0.14140801923042182,0.06335284933357734,0.25174891606448135,0.017357585952563266,0.03543186185574191,0.033786640192068194,0.048736681064256646
N_3,数据集/数据集/源域数据集/48kHz_Normal_data/N_3.mat,29,N,48k_normal,1725.0,-0.12801953737858993,3.016023966434901,4.995547283157474,0.29866324848928766,0.6463766143246664,0.14077799413371825,0.1632920237440632,0.13171566361708514,0.08616902369819783,0.2563629508332455,3.3578074931633193,0.8484001613526451,0.03136575713052688,0.15659539773996894,0.06737799119205154,0.2510461583677437,0.023912155357535072,0.03336813810146922,0.03759573062800048,0.0567255684070379
