file_id,file_path,window_id,branch,rpm,window_samples,window_revolutions,angle_samples,angle_order_resolution,shape_skew,shape_kurtosis,shape_crest,zcr,angle_psd_peak_ratio,angle_order_entropy,angle_order_0_5_2,angle_order_2_4,angle_order_4_8,angle_order_8_16,envelope_kurtosis,envelope_order_entropy,env_500_2000_kurtosis,env_500_2000_order_entropy,env_500_2000_order_0_5_2,env_500_2000_order_2_4,env_500_2000_order_4_8,env_500_2000_order_8_16,env_2000_4000_kurtosis,env_2000_4000_order_entropy,env_2000_4000_order_0_5_2,env_2000_4000_order_2_4,env_2000_4000_order_4_8,env_2000_4000_order_8_16,env_4000_8000_kurtosis,env_4000_8000_order_entropy,env_4000_8000_order_0_5_2,env_4000_8000_order_2_4,env_4000_8000_order_4_8,env_4000_8000_order_8_16
A,数据集/数据集/目标域数据集/A.mat,0,target_32k,630.0,24381,8,2048,0.25,0.026574127655678712,2.9069135485514837,3.6507901653663883,0.6936980947728383,0.19828532373873012,0.7343519103675284,0.0010042277331337075,0.005288934586778592,0.027699610589996194,0.026849827080556297,3.9619804541576777,0.9665576961471619,3.615055872705835,0.8933739443167998,0.03140975705549643,0.0732729941773616,0.09737183706691449,0.14912395572033968,3.916679706108778,0.9573388408128078,0.028363152980174576,0.023915546038644625,0.054939620443094354,0.12686142067578476,3.7532475529361036,0.9604239751529594,0.025673970031061154,0.034558570740536254,0.05975377769365683,0.08651231819912825
A,数据集/数据集/目标域数据集/A.mat,1,target_32k,630.0,24381,8,2048,0.25,0.04610166482116392,2.963999020437717,3.7040304035482725,0.6746458231558378,0.21651221059062906,0.7194807038552022,0.000961117636278103,0.004900879479692456,0.02928823474019179,0.03169966991332862,4.099127999978795,0.9604895557945792,4.226224152196478,0.888416148359811,0.05391684457244847,0.06638220733451143,0.11449519522314966,0.1444441830921591,4.115111310792618,0.956835266767782,0.029956785493834674,0.030447206217296553,0.07350489373063515,0.10590665929806437,4.175283179659694,0.9609347621072415,0.029211951470337515,0.04016747412983755,0.08552280673906346,0.10180508059477382
A,数据集/数据集/目标域数据集/A.mat,2,target_32k,630.0,24381,8,2048,0.25,0.08727549604549963,2.8161447019082155,3.571616442318769,0.7010258915486077,0.21186570660160292,0.7096734577576765,0.0009891327958868879,0.0053362101555274434,0.022925016291822833,0.03248595445667427,4.080349163372698,0.9623267295906379,4.050816687880453,0.8834271500284617,0.06943620934931752,0.03161980729417233,0.09346340647878411,0.18994409765417572,4.135689897641573,0.9579337840067547,0.030992733310057592,0.023919464945759725,0.054494316474636456,0.10610140977181133,4.827307371956625,0.9610839010688379,0.025990452019683863,0.04662750049157571,0.0932634747441336,0.10664783400944676
A,数据集/数据集/目标域数据集/A.mat,3,target_32k,630.0,24381,8,2048,0.25,0.027572311958596323,2.7938044527216763,3.6414513798010404,0.7151929653150952,0.23058952274106792,0.69789074504407,0.0010497230952043707,0.004529669857330267,0.017004599233776587,0.029616092718454865,4.698001168407397,0.962892793964873,4.251985650078994,0.8947430426397118,0.05749140953115214,0.039371501259832874,0.09557367143149291,0.16537669212572503,3.77777034990453,0.9598298929731528,0.028524245008374173,0.028990971977336653,0.05625509546604527,0.09775205525485835,4.88566210562514,0.9588909187032953,0.036326741709278694,0.04670427065837912,0.05945276848489948,0.10515283235962365
A,数据集/数据集/目标域数据集/A.mat,4,target_32k,630.0,24381,8,2048,0.25,0.009756672578394847,2.8640741441770547,3.117384982074897,0.6858817782120176,0.22139420118351508,0.7001429883862103,0.0010334886684903815,0.0047117250470429806,0.015114410307349491,0.03160039880462674,5.095975339327078,0.9660099135448771,4.534496122277949,0.8923754238669304,0.05371041766415031,0.03811552285721214,0.09287573439301479,0.1377232769418172,3.4069538149684644,0.9590702723286569,0.021264922667345657,0.031563301925671625,0.09532101329078979,0.09519607432025536,4.928598151760887,0.9593385687546285,0.039715292511538144,0.03786681556233553,0.04225128425439729,0.09430434636444336
A,数据集/数据集/目标域数据集/A.mat,5,target_32k,630.0,24381,8,2048,0.25,0.07013344844425215,2.7822144493154894,3.003049578351231,0.6834391792867611,0.22825968837883273,0.7002133496994712,0.0010169591269258464,0.004922349252924364,0.01608467533092502,0.026544713643911498,4.443522420867921,0.9669093959899909,4.726168967876427,0.8842291137389776,0.05944549957571174,0.03518852664374626,0.08711668755588489,0.18133480147454512,3.5035625528626366,0.9615000086799408,0.016618580528122377,0.034028650132120516,0.07916474060163195,0.08568175629476389,4.3841514884514785,0.9582138541289404,0.034959946325159745,0.05031689369776374,0.05596872548700398,0.09620897408744644
A,数据集/数据集/目标域数据集/A.mat,6,target_32k,630.0,24381,8,2048,0.25,0.0072148379612068094,2.831459517991324,3.157628293762384,0.6834391792867611,0.2535532408855493,0.6893554496601392,0.0010196874737672169,0.005698896535649677,0.02036641662763322,0.03136077601906874,3.343303856532923,0.9696443649571751,3.9924039922540597,0.8881314045218702,0.05341973552954144,0.0313681652037243,0.12306253937321705,0.1486974529978686,3.4253167641926123,0.9624768738007219,0.012937394257754998,0.02907709021589895,0.06366288673794993,0.12213531898162634,3.659905289788718,0.9661940387376942,0.017572453775219807,0.032224309796711675,0.06325722131923199,0.07951664733324097
A,数据集/数据集/目标域数据集/A.mat,7,target_32k,630.0,24381,8,2048,0.25,6.970107385659246e-05,2.6697364552726746,3.5315717287257065,0.709819247679531,0.20681701877134145,0.7211724139324788,0.0010723956412401884,0.005203808771064624,0.02474156224114368,0.03789623093656869,3.4380305296078166,0.9693254989214042,3.4762818147309456,0.8881463757781763,0.06754777916758087,0.036637443191458466,0.11304645550187806,0.18264331262813757,3.2330930993987166,0.9640776561305366,0.02651733325794586,0.01498649387718841,0.06748399215263834,0.10105137709949905,3.8223132248720613,0.9670100948617664,0.015485743002521346,0.032077011939150274,0.061523932339860546,0.09419567938385118
A,数据集/数据集/目标域数据集/A.mat,8,target_32k,630.0,24381,8,2048,0.25,-0.0072883178853482495,2.763847373482345,3.6122150220820886,0.688324377137274,0.2194688175615857,0.7072194349531087,0.0010292020818424227,0.004507295318050303,0.024527899117718247,0.03604826268448308,3.7453744397673487,0.9621250177488733,4.2155779431782365,0.8860613388842409,0.08315615271453786,0.04921023045854375,0.09630455641886113,0.1444179845706221,3.5439895975365787,0.9578255714210264,0.04287951536543588,0.027160571608406788,0.061024332652805,0.11430273907748409,4.207185716370237,0.9692972824735957,0.031506295416408515,0.03461768915676551,0.05721524407552856,0.09907580215236893
A,数据集/数据集/目标域数据集/A.mat,9,target_32k,630.0,24381,8,2048,0.25,0.03945503374336856,2.901324963450861,3.4273339248213577,0.6795310210063508,0.17955357870264857,0.7438013698061935,0.0010177876548914157,0.004222928191999221,0.02288239230774812,0.02704405926869313,3.4247379210145117,0.9656471118301445,3.7100259832347073,0.8905960335445996,0.06551004135293748,0.031709280426423854,0.08544711266896757,0.15422624282063518,3.3095974451952643,0.9488060723475358,0.04763597209462252,0.029726680593045705,0.08178395923514761,0.12300327213966683,4.717798549525896,0.9619364790320131,0.019917930708740313,0.054149683359134525,0.05581298786451592,0.09907358367008023
A,数据集/数据集/目标域数据集/A.mat,10,target_32k,630.0,24381,8,2048,0.25,0.09383674362890303,2.830142086357425,3.355017416713587,0.6805080605764533,0.19308440041038794,0.7281170216299003,0.0010808440542222485,0.003976805412996262,0.019886992662267584,0.02682829797350504,3.7138634356386744,0.9620581334744249,4.224697973538391,0.8922784257617881,0.06698093406577514,0.02871376730582191,0.0938078561828571,0.14068716453277177,3.306358412459046,0.9610064078170443,0.037507306466061235,0.044979286449253794,0.052995223288796786,0.10438622230530165,4.774291418758405,0.9639378256198201,0.019595446532952292,0.04129585264612211,0.06695343676456726,0.1132348642115188
A,数据集/数据集/目标域数据集/A.mat,11,target_32k,630.0,24381,8,2048,0.25,0.07847804730854555,2.8752638005972124,3.249116214579695,0.6756228627259404,0.25569903769958396,0.6867184206933262,0.0011205937206789525,0.0040637278643333745,0.02017849049571565,0.021667995109122987,3.7801445983026283,0.9663150925596018,4.206739360323211,0.8855874796448295,0.05663922072603891,0.02484641691978005,0.09792961344668885,0.14460542034858684,3.5330643098913663,0.9575825058851931,0.030366857059076584,0.043768522600662184,0.08284033318120969,0.06876082842490112,4.984583243924071,0.9624416604374233,0.024488588018849324,0.03302621535080918,0.07200340657426245,0.0990965999054029
A,数据集/数据集/目标域数据集/A.mat,12,target_32k,630.0,24381,8,2048,0.25,0.06138580052625932,2.7621566875406756,3.1102416097091505,0.7161700048851979,0.24546080839389872,0.674121168829586,0.0011313660504379533,0.0037112105409428196,0.018589369618279356,0.02264949031253387,3.5993412699031,0.9620381277703777,3.425135152815398,0.8820347019346176,0.06226803713234952,0.041536397593739505,0.11280876287231247,0.13651614536947504,3.504414457465002,0.9533920270180433,0.021255443201235256,0.04610024696534969,0.07630236310152606,0.09869127886178514,4.552919977751514,0.9625117242002925,0.04251796622355931,0.0421602839645706,0.045172615165347756,0.09996127485425234
A,数据集/数据集/目标域数据集/A.mat,13,target_32k,630.0,24381,8,2048,0.25,0.06231937199470271,2.766359692997303,3.677993379753901,0.6912554958475818,0.23457592762997512,0.6960005535917743,0.001023046065982851,0.004249955023424222,0.019004860118604548,0.02505681016667119,3.9105030558061578,0.9677718919743201,3.9491231325833827,0.9057303721069232,0.057272047381458906,0.04209947736096952,0.07583051659149743,0.14347840435361253,3.9398049643172204,0.9593190594475399,0.03462668190414306,0.025164575397480144,0.06451374270800568,0.10282117861180975,5.390521638270948,0.9628566886660764,0.038223713862774775,0.04246729027735909,0.05768703366079402,0.10217906646587205
A,数据集/数据集/目标域数据集/A.mat,14,target_32k,630.0,24381,8,2048,0.25,-0.008407303922371422,2.873132687336872,3.637107803644565,0.6785539814362481,0.21135723512507407,0.7255478189999061,0.0010612677923252803,0.004109035734079837,0.021338012812490228,0.026554691601440767,4.2415961571109815,0.9650444144332456,3.8420832580622855,0.900609389100543,0.05920404694564689,0.023173710429479785,0.11702002534989675,0.1526602968161778,4.183885242238505,0.956842675460005,0.03495163529409041,0.02107565299022927,0.061128502007792275,0.11380143418276005,5.562072863160516,0.9601398416351824,0.03369394629710232,0.03368526450416568,0.08567949472282146,0.09513197923929284
A,数据集/数据集/目标域数据集/A.mat,15,target_32k,630.0,24381,8,2048,0.25,-0.056176877204065986,2.873165038530168,3.512257949483797,0.6814851001465559,0.2068016967705843,0.7288306780877676,0.0012327594597997993,0.004711560352729012,0.025335785299295324,0.03003687860182519,4.5455342754868715,0.9641658257009278,4.750705416293688,0.883713282462961,0.08394838439739404,0.02628101015813778,0.08806011908173518,0.18794788917541302,3.974527637015631,0.9630345627417614,0.028360314542132104,0.020998346116122005,0.04883585726941988,0.11501323416506547,4.536990697927594,0.9597115760493155,0.029527273488092868,0.03575038911468942,0.07614718671701233,0.08638573740772171
A,数据集/数据集/目标域数据集/A.mat,16,target_32k,630.0,24381,8,2048,0.25,0.08364055975018507,3.108503870469581,4.23623908323703,0.6658524670249145,0.16130099093203953,0.7475818625450843,0.001251241054348076,0.004142078272776334,0.02212567036393465,0.026839252086555753,4.795282283998887,0.9672478434019863,5.059398473259118,0.887042837250181,0.08813743972624027,0.03376686070188931,0.09349565254875651,0.1772792307546386,3.404080866487445,0.9666738731299005,0.01575375266330131,0.023093474775065383,0.05435869188050406,0.09718724179914127,4.669839478247478,0.9602967218050386,0.027802337480586668,0.04704169365642006,0.04452003205780852,0.08693104266447503
A,数据集/数据集/目标域数据集/A.mat,17,target_32k,630.0,24381,8,2048,0.25,0.15410594835727093,2.989183116143889,4.2218804313855625,0.6858817782120176,0.17283150047959972,0.7420321205925416,0.0012651437932835385,0.004982061697519854,0.018082099951448345,0.021964619554040807,4.485407377269841,0.969152501163766,3.4742245876608298,0.8931842955589602,0.056983801275874206,0.05150061587343586,0.10231515528559355,0.12942908211841517,3.5489123635678745,0.962048738693872,0.029745144334300838,0.02139906229924387,0.06768233989893863,0.10317392781303437,6.182226598000426,0.9609547388745457,0.02724922208659733,0.04524489802000006,0.0698619341906391,0.09856428921420414
A,数据集/数据集/目标域数据集/A.mat,18,target_32k,630.0,24381,8,2048,0.25,0.0443481854885945,2.7679126730279107,3.151876895727615,0.6941866145578895,0.1853030831361698,0.7554384373709568,0.0011923868028959719,0.004187448027621389,0.01667647396684485,0.026657397902722292,5.105211892614554,0.9644824582703371,3.983043714828584,0.8999928721282301,0.054473803889790846,0.035222706942228905,0.11106659024328573,0.14173355182168546,3.736632382058875,0.9572302678447415,0.01259810637731369,0.030040616822793218,0.0723496618301305,0.1168084798308864,8.820569030340417,0.9516279903480708,0.03339215467176218,0.028323916725132563,0.07690802570476736,0.10762854742442676
A,数据集/数据集/目标域数据集/A.mat,19,target_32k,630.0,24381,8,2048,0.25,-0.1302906513566512,2.8289254913573325,3.3531758977706105,0.6814851001465559,0.17486669441191344,0.7540396401581474,0.0011206221627962953,0.00499031753308907,0.025932281284636788,0.032966279084491054,5.002909624042593,0.9708550873525701,4.048353299010483,0.90174044381577,0.0411437260942305,0.021468654414423107,0.09298385367953936,0.14183876560832,3.8510789509739234,0.9614243645210423,0.02101171329552399,0.020477233257988083,0.05675975773086779,0.116629391416219,8.001994119418933,0.9570131144441912,0.01719678149792917,0.02626036349765433,0.06269839735394984,0.1314103125168033
B,数据集/数据集/目标域数据集/B.mat,0,target_32k,630.0,24381,8,2048,0.25,-0.16503129496092234,2.978695943861158,3.4512303545497467,0.3409868099658036,0.06053391629934206,0.8231574646666834,0.02567949379692697,0.018358298047372115,0.1102109828208938,0.11212640799909629,9.004591036992831,0.8724106208440119,3.3464107601003286,0.9446462203262477,0.028840622501566247,0.03803587268196502,0.05607685893892839,0.15018509860440823,4.79896015140701,0.9333499203689598,0.08455759598661955,0.06230528692914329,0.05600765799366911,0.07151422579518416,9.649451714161348,0.880770768936917,0.13428599695113225,0.07808096984229529,0.14427300441375815,0.10647919173305935
B,数据集/数据集/目标域数据集/B.mat,1,target_32k,630.0,24381,8,2048,0.25,-0.07420371521159423,2.886542608146213,3.551798582819858,0.3585735222276502,0.05314779861001329,0.8457461824153404,0.02787152917878537,0.01869094872227585,0.07432895641400915,0.11118452096593939,9.497268677922248,0.8527855812287887,3.196210675922683,0.9341758293320767,0.04336152395916914,0.045490624471009725,0.0633326587088248,0.14676302260587776,7.175987819929584,0.9288240489539832,0.08695467441667674,0.10091533804399007,0.0796329330906545,0.07429242837391234,9.837096259565751,0.8642386443199497,0.1709695670616229,0.0658295299706893,0.13516099570646542,0.10024474503733675
B,数据集/数据集/目标域数据集/B.mat,2,target_32k,630.0,24381,8,2048,0.25,0.0318902904209257,3.0051215937743128,3.561873042336366,0.3585735222276502,0.07455618573866979,0.8124855484703497,0.02750548004256036,0.01814320814593649,0.08240062052033811,0.09530289415710419,10.296763481614171,0.8858884320379352,3.4645756888056756,0.9376942181759474,0.064698881052036,0.0369532707206794,0.05390189656917382,0.14216009882011457,8.137156627055129,0.9434003711349208,0.057903927376114335,0.054598965128577065,0.07375734733880254,0.11135884022332951,9.438965500273024,0.8858357543736103,0.14228700134885078,0.08970672955336025,0.08923341734324164,0.12262478870400964
B,数据集/数据集/目标域数据集/B.mat,3,target_32k,630.0,24381,8,2048,0.25,0.08352218815610796,3.1882176299857194,3.602532565933433,0.36980947728383,0.06250224604692836,0.8362156041585918,0.028691418093970616,0.01725986550371838,0.09033020948588569,0.10330509411755885,15.755068841054142,0.8455319425917555,3.4892802487529235,0.9434399685226014,0.03825251938038651,0.0337055136478416,0.05484624260988592,0.10838048349512176,5.4325277043058104,0.9008960355325452,0.17015596498168253,0.06671179759368663,0.05783634377735615,0.1078689835067761,13.049967237164761,0.8717492050238058,0.19211549486038143,0.06148300495617744,0.10775441350783725,0.11565306046403429
B,数据集/数据集/目标域数据集/B.mat,4,target_32k,630.0,24381,8,2048,0.25,0.09999718044596687,3.0672464137272546,3.5566233086208294,0.35906204201270153,0.06319242854142329,0.8375118155574852,0.02940595448757738,0.01924135664511122,0.08206926542128601,0.10494064240184607,16.945280777195673,0.9174763529039619,3.1623950504597027,0.942837938852096,0.031104240928520613,0.03111957684440273,0.054422309255581544,0.11785155588192993,5.198317888630829,0.939054429357529,0.09355462535255876,0.06977356232230228,0.04063487222083899,0.09204662030107275,13.764526571197509,0.9031006155926263,0.08707394813632122,0.0929938416477888,0.13778757311408793,0.09937250639614388
B,数据集/数据集/目标域数据集/B.mat,5,target_32k,630.0,24381,8,2048,0.25,0.08071696361790451,2.9270653579451418,3.3652426532939446,0.3434294088910601,0.061654016699506306,0.8346167878519236,0.029858841203268538,0.01953151771818757,0.12209986361673775,0.11308767065652159,7.400317526711698,0.8695841201471128,3.0781949869920386,0.9377782498873329,0.04783412308652226,0.02248858647505863,0.06899316092265417,0.11536377325437507,4.818029261357742,0.92729715436383,0.13099902931535515,0.05287223990725026,0.05420689549838379,0.09168275264615887,8.649294246035646,0.8825949943593464,0.15718326486294532,0.08997069163123884,0.07342011191786012,0.14822446822198132
B,数据集/数据集/目标域数据集/B.mat,6,target_32k,630.0,24381,8,2048,0.25,-0.000771642627571905,2.989432537861315,3.4415720471096183,0.3639472398632145,0.0663502063365746,0.8110645209689437,0.027029577911541775,0.01828767960697292,0.14449748463216566,0.09471319709639418,8.813484378329457,0.9089888127488651,3.2385216691352636,0.945616921340014,0.028383970165121203,0.030176341318093807,0.07679636694438462,0.0967600303356456,4.478114494215162,0.9358595180960959,0.08940840526981954,0.055508797952832256,0.0939474455385976,0.10645213775300191,7.597481039405376,0.9109576157563104,0.10477724831811934,0.06627421542762708,0.08435306905276767,0.14526782423975515
B,数据集/数据集/目标域数据集/B.mat,7,target_32k,630.0,24381,8,2048,0.25,-0.055837490733972546,2.9569972104457656,3.3665184692303023,0.3639472398632145,0.05924420258775724,0.8239262194801209,0.02819864976737485,0.01885943983946309,0.1326718365994692,0.09571046006422505,10.338984895455093,0.9073599932146633,3.9374054041645707,0.9395474069858615,0.018175071671021115,0.027043494468524887,0.05273194493038393,0.15079844434907125,4.501088010265195,0.9518642112269196,0.07220083208037845,0.03679755553986404,0.05908776152431321,0.10328065724027786,8.784564316713364,0.9019165183891786,0.1310089959804233,0.051041509450390286,0.11303928227075459,0.1433050649799889
B,数据集/数据集/目标域数据集/B.mat,8,target_32k,630.0,24381,8,2048,0.25,-0.04790520438017609,3.02990248012573,3.386608503782126,0.3688324377137274,0.06936709308738818,0.8233002202908318,0.029192775791530668,0.019756620628647706,0.0960387182014231,0.11113448033241463,14.980942489388505,0.8593678399024208,3.8364306634614938,0.9354856992226132,0.03850432713807473,0.02679259276858805,0.061678562159453235,0.1682623684317842,5.283949801294536,0.9405926557371898,0.08316984372337628,0.0491264082413843,0.06417102656850099,0.1100831734534688,13.271222242309234,0.8819010925909139,0.14665601090182162,0.08559128927096869,0.08863717371605769,0.13948069668160146
B,数据集/数据集/目标域数据集/B.mat,9,target_32k,630.0,24381,8,2048,0.25,-0.09524330380816143,2.96085183471937,3.437857545048095,0.3639472398632145,0.0582697594272238,0.8404142145949434,0.028493666975070046,0.019003005719771676,0.06527904654414032,0.13162746336024572,15.09490496844368,0.8498708735971436,3.5521787139235217,0.9372484453499529,0.0523900181921408,0.04444332078865121,0.05934852525354788,0.13897189070473942,5.322648028649442,0.9439079971659066,0.08000390250906972,0.04007360373174496,0.0768277919389771,0.1145234210675053,12.342789629020514,0.8784414552978919,0.17750908006664629,0.08629714098077215,0.07504155171662492,0.12728913863690017
B,数据集/数据集/目标域数据集/B.mat,10,target_32k,630.0,24381,8,2048,0.25,-0.14164156294858657,2.970752119477025,3.8988432857064677,0.35368832437713726,0.06300371939061737,0.8424772669635918,0.028568554292137543,0.018792245170902052,0.061245257451252026,0.1015436728300649,13.34116774057423,0.89476898416509,3.394249275408225,0.9429196876315146,0.04501901830214631,0.03457089238764736,0.0909625213703496,0.1107326029249555,5.141022104620067,0.9319398815765106,0.10313454402190061,0.051333215505820984,0.09760731174971767,0.08423359083035631,9.352328316997205,0.900060760111541,0.13731864280240524,0.0730506408332308,0.09924767535387909,0.11956047000188796
B,数据集/数据集/目标域数据集/B.mat,11,target_32k,630.0,24381,8,2048,0.25,-0.13022766011475556,3.077989531786888,3.848534355311659,0.3639472398632145,0.06243830492519814,0.8366705438753043,0.03028986593738475,0.019734580674234736,0.05578372939654171,0.10336894333154438,9.130260071401096,0.8852475666641476,3.2841718011574423,0.9498523814896522,0.02590730971039124,0.032250545339275176,0.05290464769097789,0.08817901891062888,4.7196890032217045,0.9324815894766598,0.10934261100272913,0.04707044614079904,0.0838355185250071,0.08981501902531792,9.68809133496681,0.8941556305262545,0.1636499027450775,0.06604818586222842,0.09346885308667674,0.08950149645665921
B,数据集/数据集/目标域数据集/B.mat,12,target_32k,630.0,24381,8,2048,0.25,-0.00577466948318827,2.9309817661835784,3.631969520614993,0.3605276013678554,0.056936522685600406,0.8336995427323338,0.033031973117562397,0.02076968509388167,0.052449824732198246,0.09188696556785425,12.312408007059714,0.9031488732834683,3.707282983334448,0.9481060441207485,0.0220548196487945,0.03126173253380185,0.06593307083546326,0.10422722496781452,4.16685412743092,0.950674837922941,0.06319703091378268,0.05559171126332065,0.0677236395841697,0.10832037527497311,14.872276903123344,0.9090873867551557,0.09464231000568984,0.052068621395653054,0.11594830762264595,0.1258413422602572
B,数据集/数据集/目标域数据集/B.mat,13,target_32k,630.0,24381,8,2048,0.25,0.014783491747354383,3.010649536360285,3.544553063519072,0.34929164631167564,0.0696423990358267,0.825148814803906,0.03069379743566234,0.021115331164629735,0.06369570486860601,0.08293093342530931,12.697308099200463,0.8838949678592148,3.505539332358478,0.9334162716710465,0.03318889721950087,0.04209331129112583,0.08692244666560889,0.12052470127671527,4.730337510699236,0.9359900356788158,0.1044166771758596,0.06141148003721926,0.0470823584007496,0.1282758315475338,14.492858265451396,0.9022996752981247,0.11365640889234238,0.05213180343255505,0.11354196476790608,0.13766961838480984
B,数据集/数据集/目标域数据集/B.mat,14,target_32k,630.0,24381,8,2048,0.25,0.003933645677831999,3.0620751057504028,4.118965690224753,0.3419638495359062,0.0644157800094017,0.8219835785289064,0.027740751507086527,0.018763033046643236,0.09984500039592917,0.07962083564761448,9.808063653621671,0.9238759446858088,3.7425154524524893,0.9358568235340342,0.0301300659544953,0.061465835005268456,0.06974381374635887,0.14235575581809953,4.628136258612127,0.9321454022095925,0.08845011608845361,0.04199411469205882,0.07369664611787796,0.14365217992484497,8.616043180804077,0.9324777933466825,0.07444313626624599,0.04773987366012866,0.09335943796180506,0.12654759285825964
B,数据集/数据集/目标域数据集/B.mat,15,target_32k,630.0,24381,8,2048,0.25,-0.010485221124896825,2.96830410370507,4.081997147580511,0.34049829018075234,0.0589658387274545,0.8171412593196986,0.027613782122469222,0.01885682927023969,0.10014197746476136,0.08573612469729427,11.059231160188965,0.8866944785069416,3.9155274596644407,0.9363130988743749,0.04437316723246759,0.05129963166162986,0.06972350834416037,0.11447303628302495,4.610780422269959,0.9308923049959318,0.09591895360713332,0.04808408594003132,0.07522478266830537,0.10396303455049084,9.454764712258486,0.9078195174911401,0.10732079044305719,0.05554407285362155,0.1180215089118307,0.1478781467853511
B,数据集/数据集/目标域数据集/B.mat,16,target_32k,630.0,24381,8,2048,0.25,-0.07222464585771464,2.956870344054864,3.262112411184668,0.3463605276013679,0.05830304894248321,0.8335420026064159,0.02839394726433627,0.018936435471838847,0.1095261469612036,0.08634339603314467,9.199491647599856,0.9167544389898649,4.132528896554634,0.9444345784169828,0.035140591802477215,0.024003986766195133,0.0767520355015493,0.1174362648834034,5.2610645404261085,0.9492969664649561,0.06369308341140784,0.049516689371617954,0.0690911482779758,0.09730767108309082,8.750266850043285,0.9136728601463083,0.05896820230554246,0.068483942934063,0.11203119685928115,0.19567713600133316
B,数据集/数据集/目标域数据集/B.mat,17,target_32k,630.0,24381,8,2048,0.25,-0.07288779970450547,2.9825317546595067,3.322463374950608,0.3439179286761114,0.05673731907083386,0.8349440402073532,0.029031749496023364,0.018770163808136828,0.09129905121937588,0.1131284219666309,11.255751262119537,0.8394801527232734,3.7866102014293537,0.9440014649611868,0.03464611638576486,0.024937818918233857,0.06628920575349713,0.1385997763423062,5.006450290071097,0.9215674857834099,0.14174535994442922,0.048256998840942325,0.05159605071577548,0.0859479711100925,12.938117826957196,0.868394396333542,0.2021134172214114,0.04776691276111451,0.08120894044535382,0.12219364242534908
B,数据集/数据集/目标域数据集/B.mat,18,target_32k,630.0,24381,8,2048,0.25,-0.06142570259387478,2.9539463287119463,3.585701477775901,0.35661944308744503,0.051298088967005086,0.8358909159790399,0.02799155929134305,0.017926524539119238,0.07742920884115491,0.11227426297334991,18.73457337028894,0.9251318174379262,3.703158713892044,0.9395484877662146,0.03612949863506402,0.043957536789140134,0.058581701280719475,0.1299521199199726,3.7330782935008338,0.9517704017311371,0.04907103414926911,0.05933303278086457,0.06859197985838529,0.11419432485144125,16.4471467043472,0.9263216483210466,0.06776572141280525,0.06461385190681514,0.09143780546292993,0.13167686203738874
B,数据集/数据集/目标域数据集/B.mat,19,target_32k,630.0,24381,8,2048,0.25,-0.06350304350842548,3.020037955145951,3.668533716292711,0.35564240351734244,0.058705615065845394,0.8393442158756275,0.02949729097198856,0.01940979654697824,0.08445430231290921,0.1053841283031552,16.7867959636841,0.8811254257660432,3.7710200440238606,0.9436962339540033,0.02789784673854569,0.04609778297240938,0.05273055575550968,0.13464671898219682,3.6580881337245716,0.9533562795175673,0.030269566466566207,0.07103158793278112,0.09130662016328839,0.10069024455132365,16.52411814739589,0.8785121570167871,0.15246843371479152,0.11081800695116667,0.08491537617983513,0.08552427673792777
C,数据集/数据集/目标域数据集/C.mat,0,target_32k,630.0,24381,8,2048,0.25,0.23006575729469833,39.302378083408605,13.91567581105872,0.6712261846604788,0.022958905939993134,0.8937917338695905,0.002877079565386633,0.003802576456554798,0.015230871667568585,0.02577586592466959,20.532752553910758,0.7281733732131781,27.805516537835572,0.8152435223830977,0.1650364230508131,0.09772706330257969,0.13721451092777537,0.13301447194658186,27.200420491586907,0.8737459930877727,0.1485790851178037,0.08066332087389569,0.09873979086487132,0.1402787283281128,26.352805556901103,0.7647888567093855,0.16150056730142784,0.04471504229204805,0.06757105238517727,0.29523722456185447
C,数据集/数据集/目标域数据集/C.mat,1,target_32k,630.0,24381,8,2048,0.25,1.5580195260735366,46.13710410692093,14.514702067430061,0.6487542745481192,0.03531557203801506,0.874577154544737,0.0022755894211433144,0.00246325578903055,0.011268190482951789,0.02137686718071905,21.80772161776992,0.7211716827905587,32.59038616105814,0.8088273195926582,0.16679730317237493,0.09416510478680111,0.11817131695034518,0.1335327798877871,33.69629679352442,0.8898329212044843,0.12188646995173023,0.054439065734446096,0.07947923044193524,0.1685761359917327,26.608829258413913,0.7637725464398233,0.17110786024962543,0.04279576192906487,0.05499964937466494,0.3020063807046951
C,数据集/数据集/目标域数据集/C.mat,2,target_32k,630.0,24381,8,2048,0.25,1.6948200015420032,31.45280101019405,11.83981925375603,0.6497313141182218,0.031589526580146646,0.8901592729874778,0.0036821801818816544,0.00400284081423245,0.010583566402868273,0.02915098231516298,22.7135022111631,0.7238575214568862,29.82731106219776,0.8012973038891006,0.16661765797439773,0.08870490478712975,0.11252293739986897,0.11579863812583065,30.228521630064716,0.9033886957173943,0.0948250158264229,0.044018487005715416,0.08031711898361306,0.17383779762455207,27.179164195004443,0.7619607254170742,0.1689222475603967,0.04621185531719374,0.048936084011906626,0.3021527612623701
C,数据集/数据集/目标域数据集/C.mat,3,target_32k,630.0,24381,8,2048,0.25,-5.377989262519865,150.6690908182073,22.850673857226404,0.6521739130434783,0.018673309559551928,0.9491359560999977,0.005131640154698928,0.006760536749903257,0.014468469596424303,0.04130918878164507,21.16073734593786,0.7254567245419261,35.30786665431339,0.8224841585012179,0.16091183082520596,0.07675407277635761,0.11728208315003452,0.1513469400633645,20.305662066198014,0.8707188432033454,0.15493091385044291,0.057966914533866924,0.08817999872557193,0.16044986194793842,24.96803882710564,0.7752570879430948,0.15881490409981164,0.0487109427325907,0.07218640225696635,0.2919490533131495
C,数据集/数据集/目标域数据集/C.mat,4,target_32k,630.0,24381,8,2048,0.25,-6.635746380152177,154.51401922485474,22.90946149889824,0.6404494382022472,0.02144382546009069,0.9344407469752967,0.004648513732068708,0.005826456780648304,0.014499936253136675,0.03370150866233963,23.80919648189369,0.7293545116835902,39.395936076660675,0.829283071376036,0.149234155462848,0.0832897267716568,0.13714919285625937,0.1401652824919124,24.914576885122266,0.8774515619795442,0.14268988549503048,0.07906936763437812,0.08059815151802564,0.1548435865004509,28.29188073246714,0.7700222117899923,0.16589597108506102,0.052545945356913246,0.06645088522174478,0.2990507080437289
C,数据集/数据集/目标域数据集/C.mat,5,target_32k,630.0,24381,8,2048,0.25,-1.7395284631891805,36.72508508368726,11.833597486288252,0.626770884220811,0.030067994963704263,0.8819910446302305,0.0018370326245015461,0.002542770935375468,0.010314844122807112,0.019787323560197186,22.286630258434002,0.7155479158040328,28.307042146170883,0.805092946411544,0.18707435377735585,0.10774922203824998,0.1260224937784208,0.12628723277444667,30.320510104018897,0.887196146874669,0.11779587919693883,0.0791793916940342,0.07297513930052443,0.16868210808970993,26.08695328424293,0.761055656707071,0.16973739805530952,0.053503140131182715,0.04831259487827255,0.31798517316502
C,数据集/数据集/目标域数据集/C.mat,6,target_32k,630.0,24381,8,2048,0.25,-1.0677102521810842,24.402011235772452,11.833268414309977,0.6692721055202736,0.036449678930083905,0.8709999162583809,0.0017328701837398494,0.002520892838652277,0.008551401047517585,0.021641642391251728,20.434729912540874,0.7147879130227123,26.157091220608713,0.8016845521143916,0.17764086726744874,0.11737009108515327,0.12909063513035238,0.11454942298413573,24.698417804044187,0.8759317869013824,0.1425364420899485,0.05491906952005125,0.08094744083069756,0.1445917306511704,22.522182188063912,0.7607895437614627,0.17340197615609118,0.051163536556751876,0.049626973525606,0.312551158469151
C,数据集/数据集/目标域数据集/C.mat,7,target_32k,630.0,24381,8,2048,0.25,-0.6485923868137811,20.213078271972503,9.173244117580985,0.6541279921836834,0.03630855810706009,0.8296683874162042,0.0011747602676650385,0.0012929404943266003,0.011205319532330546,0.02307258470329005,23.83782593297362,0.7353157414974671,31.39704716328451,0.7966208925367998,0.1684770644126522,0.10209068363537235,0.1246680305659301,0.11774084625836437,22.957545088031925,0.86770821843019,0.16021914323308178,0.07333211258990974,0.0830729047381956,0.16244527108847887,26.11845312644782,0.7733127570250246,0.16636041970002471,0.04669144390596928,0.05626386173183313,0.293607092062541
C,数据集/数据集/目标域数据集/C.mat,8,target_32k,630.0,24381,8,2048,0.25,-3.0595134460605835,74.51574475522727,18.661948159263453,0.6404494382022472,0.03315063446973951,0.8382316824088026,0.000801621143179399,0.0006581662508694338,0.010189900999656831,0.016904817259228763,20.272507154006757,0.7313866540605565,47.18498391368676,0.7967737763414536,0.17876891663616,0.10355419825801132,0.11473115903448461,0.1223458344137316,25.073374273589664,0.8783993904530123,0.15275522162526525,0.07120214524146967,0.0701820542988461,0.1580048705034826,24.023850965151393,0.7629060429141707,0.1764741282513005,0.04868921822186539,0.05237828370888635,0.31355586287188275
C,数据集/数据集/目标域数据集/C.mat,9,target_32k,630.0,24381,8,2048,0.25,-1.9805716246739808,56.93149271370144,16.76523117595739,0.6741573033707865,0.02962541742043057,0.9002926913881175,0.002901089619859313,0.003399205326053584,0.012146578263695472,0.022578277156063403,17.746353876785125,0.7043822658358156,39.043502462156155,0.8188605107776866,0.14993988093203897,0.10242009227797733,0.13061036605369855,0.12953948470194676,29.359932703215925,0.8827214847298505,0.10101688453519708,0.05186061470754723,0.08881277752398306,0.18675138220040752,21.70527334777107,0.7576535509148338,0.17084295457276347,0.043502078050877725,0.06273302261097025,0.31198531670667046
C,数据集/数据集/目标域数据集/C.mat,10,target_32k,630.0,24381,8,2048,0.25,-0.4602928556072155,30.12976622982507,11.220712597195629,0.6629213483146067,0.027089277069943154,0.8734828404595021,0.0016839913442191637,0.002509204340890827,0.010375510771896456,0.02241335711602309,22.25691436681054,0.7251904032919285,30.307932320616437,0.802930374403947,0.17289529048436242,0.12307405184760364,0.14892906890388724,0.10937426177000942,25.499583257593194,0.8743143758118898,0.1506202381211849,0.0842272002236235,0.07343811148331991,0.16285609021465072,26.895772491351252,0.7734196255075712,0.1612992174361189,0.04847497830134212,0.058320948909479656,0.29477498363431254
C,数据集/数据集/目标域数据集/C.mat,11,target_32k,630.0,24381,8,2048,0.25,-1.6440810730258362,28.5005302894008,10.789595433499152,0.6570591108939912,0.027041611262445173,0.8871818424108302,0.0028933746376241473,0.004407509385103373,0.01250851935437029,0.025532770312394638,22.540441769980507,0.7332412479444537,33.39548825044393,0.822451725265403,0.15102305865402182,0.10661816969175045,0.13065889177706375,0.11662311715767959,20.0850964749521,0.8881778319216278,0.1337523264586389,0.06719790182164201,0.07317890351866373,0.1642700326475027,26.705435458511555,0.7796263276562466,0.16593086426388498,0.05642336753062293,0.06348476489123782,0.28569511836470074
C,数据集/数据集/目标域数据集/C.mat,12,target_32k,630.0,24381,8,2048,0.25,0.062093673465245615,36.65283023206148,12.283635729547079,0.6453346360527601,0.026767445516795916,0.904700394520837,0.003942331478176421,0.004775727731757981,0.0160981838684922,0.03148250458849228,20.500081037996146,0.7462061609271706,27.6552699275526,0.8146648767789604,0.14952238429012224,0.10247774467856274,0.12443473391360563,0.11084766179728185,21.940751785031566,0.8816791421495873,0.1346096255140966,0.058280390182879914,0.07400608844654279,0.17968762363020346,24.852087793052572,0.7859103663876522,0.15122326864592828,0.051878628690532884,0.07816840606756088,0.28103192285704803
C,数据集/数据集/目标域数据集/C.mat,13,target_32k,630.0,24381,8,2048,0.25,-0.40608211651152115,52.548458006318285,14.619966647207207,0.6492427943331704,0.03301431934722225,0.9044161100626995,0.004300354515331629,0.004993357067940916,0.017431310569406645,0.035727435688619615,21.98832393259236,0.7405017430335074,30.04861617632586,0.8076926727807485,0.16422786122581556,0.08986909547881304,0.12470657527340577,0.11991984449164567,21.68753439972844,0.8915715749314969,0.13616382887968348,0.06370552428309924,0.08613369405199588,0.13481334224570268,25.619567112200453,0.7817138412729006,0.14598054355308465,0.04479094452046227,0.07098014298295716,0.29247098338140565
C,数据集/数据集/目标域数据集/C.mat,14,target_32k,630.0,24381,8,2048,0.25,-1.9247872478422314,55.39878377413561,14.179062263311907,0.6472887151929653,0.02808458287095796,0.892495117265667,0.0029927137993729794,0.0038173888495062133,0.012744427304761094,0.03239057561900439,21.060397299282066,0.7306148294400829,28.74993055498809,0.8076186978614455,0.1615172164100184,0.10173651793819644,0.13570154412081387,0.13168466160206407,32.127648725659625,0.8936329144177377,0.13201445104677895,0.054439340850911795,0.07858434841731822,0.1576986466314276,25.43261879106029,0.7676710496952251,0.16619159406616862,0.044070034054311494,0.05917923294347188,0.30084471151265346
C,数据集/数据集/目标域数据集/C.mat,15,target_32k,630.0,24381,8,2048,0.25,-1.513318998178265,48.99348966115856,13.298641130011864,0.6355642403517342,0.024340181743116078,0.8961204535429735,0.0031630579206093105,0.004366589531297727,0.0166809231794176,0.03361733258447546,21.7250519676707,0.7375873544997461,29.65185698360884,0.8115054686603766,0.17532804355206935,0.09527103646194794,0.13393625361665784,0.1261335536456845,32.524766418179475,0.8866181986621827,0.1369919298386481,0.06368163814844208,0.07846893685954787,0.16966671625848334,25.730406364810833,0.7822882432292884,0.14709616405003728,0.05222173054392237,0.07529758094733041,0.28376212021304625
C,数据集/数据集/目标域数据集/C.mat,16,target_32k,630.0,24381,8,2048,0.25,-2.538683929408314,42.3554691905629,12.902312701521474,0.6350757205666829,0.02541948942777329,0.868635244076818,0.0022594601377629166,0.003087610672955577,0.011993964216306118,0.029047388183048646,22.131893726182827,0.7321190286367532,32.41025044039825,0.8023027869129662,0.18062364674913217,0.1128424425573337,0.12344322642235861,0.113459666723095,24.596889513173135,0.8716692917961775,0.1441099459989191,0.08483849709640366,0.0754865166058495,0.16593034368934734,25.900928096123668,0.7644400547406627,0.15948116205974702,0.04472131742595353,0.07452895192115688,0.30702518627248243
C,数据集/数据集/目标域数据集/C.mat,17,target_32k,630.0,24381,8,2048,0.25,-1.407460457935408,29.65721689992244,13.020499571700526,0.6375183194919394,0.03656153936789262,0.8356804666806247,0.000909182223007832,0.0006379628912987343,0.008666461270366545,0.019492879897457818,19.21976326136915,0.7217540930160263,28.488124867942133,0.7901677014876836,0.19480087338164886,0.11963136304775254,0.12325348627020413,0.13035750974434646,21.234073928530737,0.8619373257595275,0.16072615598084902,0.09609649244792134,0.07253536457916847,0.1725437194314108,24.473458126890815,0.7684373655577471,0.15915160537827927,0.04454310003971896,0.05747658781325378,0.3035123745481179
C,数据集/数据集/目标域数据集/C.mat,18,target_32k,630.0,24381,8,2048,0.25,-0.318952089722423,20.101795759013708,8.854559830026096,0.6350757205666829,0.034623701295538496,0.8250076232135999,0.0004966546366176408,0.0002891941949841329,0.007928051832237363,0.01674755484245507,22.078753638416817,0.7416844080032644,31.700686721494268,0.7912276517837916,0.1946441748587851,0.12161923093871446,0.11512392269232243,0.13544590771663417,13.128332852006098,0.8609670530091758,0.15779178347012254,0.10845910539931808,0.07887407598730925,0.1634612426934606,25.017645498889532,0.7840873403083013,0.15673150478979783,0.04598986284892927,0.06325286254334224,0.28883341892495357
C,数据集/数据集/目标域数据集/C.mat,19,target_32k,630.0,24381,8,2048,0.25,-1.3439209222914192,30.115362396846333,12.585329955331593,0.6331216414264778,0.03277747787722017,0.8707091043483283,0.0019309551164228144,0.0024907631916854527,0.012214507971988862,0.02878841226165455,24.522408524131446,0.7413481237735268,33.79730348894006,0.80490558847094,0.17332634977235092,0.09116235620997745,0.13461395800865397,0.10336766057625803,15.81428465380898,0.8697520062911472,0.1494175709157669,0.09977390156882404,0.07377071657249473,0.16741798526006607,24.851585893528632,0.7828455363642515,0.15452842137217307,0.044285864512005016,0.06104738288006016,0.28966463718540525
D,数据集/数据集/目标域数据集/D.mat,0,target_32k,630.0,24381,8,2048,0.25,0.05777354146432473,3.2647197660391236,3.991050390453596,0.5148998534440645,0.040769921454796146,0.8560698036190895,0.0015101441723540058,0.0014253153450813443,0.08144391023276436,0.07720040940196254,3.5396207465094367,0.9660231642178257,4.743374317483513,0.932140472279942,0.03340576917575074,0.015157417786196066,0.09097168451480102,0.13448203416191357,3.928371812264808,0.9645809726376848,0.01721773763347636,0.03164515529440157,0.05635979782275223,0.11281816634084443,3.3955203249647163,0.9644090533286147,0.011843482817502545,0.021582163180644418,0.04623157968309404,0.12137124162717156
D,数据集/数据集/目标域数据集/D.mat,1,target_32k,630.0,24381,8,2048,0.25,0.024534007238103544,3.1889229330240743,3.3309165236379505,0.5378602833414753,0.036404025912033115,0.8498881135267,0.0013233091784058079,0.00128111266061682,0.08165762356748968,0.0637636421738862,3.4652322329823084,0.9694568665269545,4.535345086896913,0.9390760739148134,0.018545973938931787,0.025189315201725748,0.08010637510575279,0.10949383898753139,3.3902988838229695,0.9604007083795589,0.019742053972819622,0.04938100471717647,0.07518797005989375,0.10561119780567899,3.328841506280167,0.9662416778272606,0.019905119330045518,0.022841737491037576,0.04988091524358727,0.0965068991841078
D,数据集/数据集/目标域数据集/D.mat,2,target_32k,630.0,24381,8,2048,0.25,0.03680478218596193,2.907646977586024,3.3559657513818446,0.5534929164631167,0.029031165852779185,0.8734138742020645,0.0017005717041917545,0.0013236088083008856,0.08220321807639587,0.0650148132877662,3.1979994741377302,0.9680919813399819,5.016747761432362,0.942295816924366,0.02384507967994073,0.030166679307323696,0.07791138133786904,0.12606555811875214,3.420674970066753,0.9614565983303014,0.02189506975354366,0.031725944054216006,0.06690370215640418,0.12608432801682348,3.1031098010063065,0.9670403388228256,0.01778278917431026,0.021859345251266957,0.04677923191944992,0.0949585940218261
D,数据集/数据集/目标域数据集/D.mat,3,target_32k,630.0,24381,8,2048,0.25,-0.06253151501498884,2.7583787694102724,3.3129881327601476,0.5627747923790913,0.027959794572897594,0.8631661672333795,0.0012347114620460495,0.001445529544371665,0.08418990663370224,0.05938673213932553,3.2637109473053627,0.9668157825984887,11.36916772235384,0.9254132494645232,0.019692558604934376,0.015736581142086477,0.071108755965,0.1587260090016337,3.4899338241567586,0.958133323638972,0.039025094853890656,0.03464721415313531,0.05448003383111996,0.11916302713546316,3.2916327919334125,0.9673718454599385,0.025414870856238933,0.03168507651942573,0.04750919008640847,0.08619683283975554
D,数据集/数据集/目标域数据集/D.mat,4,target_32k,630.0,24381,8,2048,0.25,-0.09710755183899322,2.907930449479056,3.6985962170901305,0.5515388373229115,0.03336411712828736,0.8540392714114827,0.0010949073339623768,0.001366415396421331,0.0825026957752125,0.05552972612252512,3.5495642332959996,0.9659401076374757,5.445119148619482,0.9244615261725032,0.012998732316127876,0.01806668936251597,0.07410487788352159,0.15852475588268577,3.681521797320764,0.9532941921043181,0.02833114526340408,0.03469739438741493,0.11398637269279001,0.07767076314898823,3.6218634388430635,0.9628771719608914,0.017102440727145816,0.0412431471976745,0.050602975706038104,0.09177754007945588
D,数据集/数据集/目标域数据集/D.mat,5,target_32k,630.0,24381,8,2048,0.25,-0.06502539716866204,2.9251261594200013,3.706478832356768,0.5481191988275526,0.04331430700681824,0.8639374629261983,0.001092132431010322,0.0013711000272118125,0.07065468582171006,0.04751160599366303,3.6255912143745554,0.9642523272609539,6.238033383569166,0.9261085341723563,0.03390483472592659,0.030526826291505483,0.05592076781254116,0.14025985218065556,3.993477780815608,0.9549821735761826,0.026685111552292695,0.02984968410581593,0.08615526982142997,0.11144833978690255,3.5232724283815227,0.9613144795172971,0.027182469685011784,0.03538190356816487,0.062294440172523266,0.07720195562887602
D,数据集/数据集/目标域数据集/D.mat,6,target_32k,630.0,24381,8,2048,0.25,-0.07229330244140023,2.8663766220606695,3.4205663913742366,0.570591108939912,0.04150430623495701,0.8716193744890636,0.0014047734630841526,0.0015117267154926557,0.059891417609892014,0.04814515067553303,3.2505052698638193,0.9669909995158518,6.333695143996806,0.9290985596415273,0.0618911651876902,0.03237155883725315,0.05117744358944192,0.12105929906881624,3.902009523769354,0.9552045458206797,0.030876932745251492,0.049897249081940376,0.06267803401122515,0.08985724337952787,3.2083462635974302,0.9654999229180765,0.02450873836053211,0.024804660549111058,0.06707312459420309,0.07052287512631748
D,数据集/数据集/目标域数据集/D.mat,7,target_32k,630.0,24381,8,2048,0.25,-0.008580701588852472,3.017687546499035,4.415721811320345,0.5872007816316561,0.03429796054210846,0.8684032254152562,0.0014334028475956916,0.001618765127725559,0.0497105162404307,0.05210772755587598,3.3213691985639495,0.9639747171920564,12.087887457800122,0.9463196985928369,0.024202147062031953,0.03387524943550505,0.06469621950467047,0.10057588284987945,3.6925154260453685,0.9652335841569716,0.024253792634117165,0.035517894409350236,0.08149247715824351,0.07274116511863829,3.344988462312044,0.9645314742959676,0.019297637973326225,0.031112718808383597,0.05373972467141568,0.09751203305718517
D,数据集/数据集/目标域数据集/D.mat,8,target_32k,630.0,24381,8,2048,0.25,-0.0073993974141859644,3.1373897118940155,4.445074690497865,0.5632633121641426,0.04661856774840994,0.8620538890138184,0.0014152663187566813,0.0014089015110567082,0.04919774935733128,0.053035512434070245,3.9817611676393514,0.9615178325407108,4.027771617233307,0.9314093243248069,0.030149394674506908,0.03415495963850022,0.05391853511199965,0.11190550743746389,3.616870577954829,0.9584305764085003,0.02665478568794729,0.03024850971178365,0.09351159643796186,0.08902450835286914,3.941298019923655,0.9612511933482939,0.018324177840139802,0.023751342532438095,0.055153237498442365,0.1167922195412719
D,数据集/数据集/目标域数据集/D.mat,9,target_32k,630.0,24381,8,2048,0.25,-0.06936899534967707,2.9898366095643922,4.302424421796567,0.5549584758182706,0.025354844743066825,0.8806175500995163,0.0014588753093731314,0.00164321511963555,0.043264533248848706,0.05850080530702373,3.9679041052910784,0.9585121096633743,22.339038653032777,0.9300718221496388,0.03983718102534955,0.027818172168352362,0.05732039926376966,0.10763068721382463,3.580637820412442,0.9586348854877714,0.03290421316764935,0.03143933137318217,0.07772102927951097,0.08420038191407767,3.796682997038607,0.9558492418843696,0.021807839178318356,0.024204148643393878,0.058866688011933,0.10559410559128594
D,数据集/数据集/目标域数据集/D.mat,10,target_32k,630.0,24381,8,2048,0.25,-0.009552136271768851,2.929357845796167,3.558667143352984,0.5652173913043478,0.03356139156113816,0.8765955302143434,0.0015121935244094098,0.0016282910914862132,0.03441191390134524,0.05542555586955031,3.5516087630340243,0.9655795647235856,5.3639875250207805,0.9370515214248721,0.01610610038239208,0.030735229269055062,0.07319969807090948,0.11072317364049733,3.5330015428262946,0.9633619700105371,0.026804578894842536,0.03447732455980696,0.04682117130519942,0.11667851579719675,3.29310509435501,0.9658087680658399,0.02346371961460746,0.028888642406017125,0.04826339614692339,0.10670479107099594
D,数据集/数据集/目标域数据集/D.mat,11,target_32k,630.0,24381,8,2048,0.25,0.05355717123087899,2.9128596438184244,3.520607260755001,0.5593551538837322,0.05166092620241877,0.8651000491014423,0.001715692208384921,0.001792206252979949,0.03661246679663777,0.07062260250911688,3.575615235396316,0.972096886390949,4.064831784952647,0.9325741444173891,0.02795495696904422,0.0407139730378583,0.07193885486248487,0.11776328223343399,3.256698185222384,0.9606901331666646,0.027846296408009,0.031114918027879416,0.056313977206943804,0.1123489456660916,3.3781320191079396,0.9700452192402282,0.013977763412002471,0.023651888863725025,0.05099298380705052,0.10242347666705182
D,数据集/数据集/目标域数据集/D.mat,12,target_32k,630.0,24381,8,2048,0.25,0.033787374021723784,2.836250792548373,3.5398768749245453,0.5574010747435271,0.03912032400337487,0.8682133994283427,0.0014951423086714002,0.001577149197042543,0.04225341206664543,0.06354892082142072,3.5528141598674945,0.9731140413163187,4.611737503046539,0.9322752879969957,0.03625303353536446,0.02772949384801427,0.06340198705554814,0.1293612367991971,3.446380207426588,0.9629868038355321,0.02082157426871987,0.02413605001075993,0.06843234591132594,0.11330558134804117,3.2925377137841596,0.9671409228058979,0.026634463456983656,0.021945305748471793,0.04545573606739356,0.09626530567347873
D,数据集/数据集/目标域数据集/D.mat,13,target_32k,630.0,24381,8,2048,0.25,0.04030395529961376,2.8951490052439577,3.6269996813330483,0.5549584758182706,0.03723822171378372,0.8673160729238238,0.001444647982694896,0.001850969829525963,0.04499512001515326,0.060542764773144575,3.242128010408832,0.970753082614141,4.907026773448094,0.9302339138425624,0.04015624903650734,0.022083287841959277,0.060870006346891596,0.142500277612317,3.5725057008617855,0.9639996855263029,0.03137441006507563,0.02254006536924987,0.06056630674618221,0.10533765173517677,3.1149188940536563,0.9690148546469981,0.02548891490779212,0.026546760874076973,0.05522916649816265,0.09735823182466811
D,数据集/数据集/目标域数据集/D.mat,14,target_32k,630.0,24381,8,2048,0.25,-0.016681336710755633,2.974423110862798,3.445678813412942,0.5617977528089888,0.030007031657178815,0.8709883983160043,0.0014891898190991365,0.0016092442066915613,0.06018536392096059,0.0661979730290707,3.453686885923313,0.9667099664979462,4.728425328940316,0.9361456552769271,0.022956977293549962,0.03216670270153338,0.06710070992289124,0.11000096637808096,3.348760543757334,0.962847983913993,0.029402766944602924,0.03783858010828042,0.05276684630964963,0.09784077153231313,3.2862391845451016,0.9631495417470199,0.018475566960915478,0.0334229982353968,0.06936659546364611,0.09416090779126768
D,数据集/数据集/目标域数据集/D.mat,15,target_32k,630.0,24381,8,2048,0.25,-0.01080368486699469,3.048060718126367,3.877260080761518,0.5510503175378603,0.041457046269177206,0.8541491266876682,0.001652553167805188,0.0020722362543114923,0.06305012475992414,0.0665045777946785,3.9948966268036066,0.9680444741750126,4.524966991753669,0.9292675545071649,0.027331236007487252,0.016463912471510203,0.09166896409616301,0.12710641622540805,3.3068714034282016,0.9624414965437615,0.029363405804010968,0.037964819511986055,0.06568133614954048,0.09047919981099611,3.735057520427099,0.9679727971253353,0.017982090937045565,0.03738126152976947,0.052953993274506964,0.08049979433927544
D,数据集/数据集/目标域数据集/D.mat,16,target_32k,630.0,24381,8,2048,0.25,0.03815566069710406,3.1497187886710125,3.990365239024033,0.5407914020517831,0.0364931262462464,0.8576885452280286,0.0017231433673479091,0.002139011911051185,0.07028010056297067,0.07128325686506014,4.075468470628039,0.9684767956436853,4.661468662122356,0.9305983055617143,0.02643374940739576,0.022578072433195057,0.08809456140624457,0.12014135548071843,3.3114217909219734,0.9666465001434321,0.029455458090196077,0.02889060654149318,0.058928000982775154,0.08893152565799309,4.056530484713029,0.9674666540056075,0.02167919056290084,0.03688359051894569,0.041353210669465734,0.09996965194068261
D,数据集/数据集/目标域数据集/D.mat,17,target_32k,630.0,24381,8,2048,0.25,0.05286235804204981,3.069008838392387,3.4133193302857734,0.542256961406937,0.03331533670486997,0.8602090540602759,0.0013437969027947805,0.001648887117513447,0.08422331996768198,0.07889789880255402,3.901710209212326,0.9684603596640438,4.13046938736628,0.9385364009596051,0.026598575855432075,0.03499109422320195,0.05227179653972584,0.12679708807429063,3.561180303934775,0.9621134087395206,0.020901479394424466,0.03177635704559429,0.061130319723392,0.09393482283837681,3.8568117430821527,0.9660813335228167,0.0244446053718271,0.03869923490545691,0.04535815840680496,0.10155998807109577
D,数据集/数据集/目标域数据集/D.mat,18,target_32k,630.0,24381,8,2048,0.25,0.08610523553115908,3.0255322649560323,4.551387713998142,0.530532486565706,0.03525156198941001,0.856843877140313,0.0014329990274276404,0.0014867577228172147,0.08677106437689171,0.07869722201551356,3.789818942470152,0.9661134584796638,4.534705755943043,0.9348215714975172,0.019560729387038848,0.03515347001313971,0.057026240948565766,0.118013614040006,3.5437708269015378,0.9603786139220785,0.03199632952429809,0.031231618460471892,0.06343008134554852,0.08939972323848318,3.5635731260184187,0.9639918047243669,0.005886047850625233,0.03417205309064008,0.06063456615814514,0.09742475803587189
D,数据集/数据集/目标域数据集/D.mat,19,target_32k,630.0,24381,8,2048,0.25,0.09980569308633656,3.1365480670176438,4.395315741240003,0.5359062042012701,0.035513219723774886,0.8563595448574497,0.001421326123933209,0.0015978159303205034,0.07727250041301643,0.07664907345275108,3.8164086529181787,0.9622418263821132,4.101159745027232,0.9422384360802999,0.01138867452367604,0.016898712678525035,0.051920501801136984,0.1052980848351228,3.6568994584716523,0.9623480426341987,0.026175414163958917,0.04000475862989196,0.067123634829551,0.12239815538149705,3.7273588126541335,0.9603266528216207,0.030165333358779807,0.03620450619355869,0.06377021491653201,0.07996139082813113
E,数据集/数据集/目标域数据集/E.mat,0,target_32k,630.0,24381,8,2048,0.25,-2.4679195221087307,60.89398274958645,17.243668413200762,0.6805080605764533,0.03851567429600276,0.9146135230434542,0.004326891996249174,0.003693719000107532,0.015797898576550933,0.027425758147602945,26.900364603080387,0.7342757133278075,28.042450357721766,0.7981806397474901,0.18305567090976674,0.10567202009894021,0.15938887388831022,0.16205711363848124,82.59249071840888,0.8486390823202559,0.14179675307607048,0.10239492917515775,0.09543940664578203,0.21162027229387068,32.79897348368673,0.7502641893925603,0.18193616429482307,0.05183734127390062,0.06043138489043176,0.3081887401800161
E,数据集/数据集/目标域数据集/E.mat,1,target_32k,630.0,24381,8,2048,0.25,-0.45068299468839584,84.84780135614365,17.5678881000159,0.6638983878847093,0.026916815235965317,0.9237110464595008,0.005750987989112418,0.007866688721404343,0.013084506847837296,0.04074946153750689,26.301929145415944,0.7421126223769482,22.227117611186475,0.7870099755560762,0.20506615271216258,0.1270303902517026,0.1374000974872662,0.1703344954798092,85.62830466219177,0.8268854372981814,0.14825726991242366,0.10897151304469405,0.11787982357896554,0.24653678630158715,31.060045841622415,0.7583577340509807,0.18201368380562283,0.05686653219983225,0.061165162300066654,0.30535761258196037
E,数据集/数据集/目标域数据集/E.mat,2,target_32k,630.0,24381,8,2048,0.25,-3.4883621813443693,88.92754562429405,14.81232682169358,0.6638983878847093,0.027457232841152077,0.9286464885764305,0.0020500400518074376,0.0028598365541994213,0.011648152206203032,0.02132289622106922,30.42479728151296,0.7560075687630413,24.794531988667604,0.7731426602059888,0.2309532930393342,0.14299884159184417,0.12311879518093305,0.21179773835422286,49.33314659951375,0.8285153423408509,0.17402171357444443,0.11213340361934213,0.118228255458288,0.21962042612012858,40.13049983493627,0.7743796467439968,0.19086985374874277,0.05444918613222694,0.05582688343897301,0.2949016909221818
E,数据集/数据集/目标域数据集/E.mat,3,target_32k,630.0,24381,8,2048,0.25,-4.024537190936395,72.45057184606725,16.001158798551177,0.6697606253053249,0.029675900385839032,0.9178372232871285,0.006230347244813775,0.007879653882836351,0.026148316113770054,0.039222726974809934,26.763380379359024,0.7385350561038491,26.536910349513565,0.7703125548704678,0.2149623022635007,0.13644869494691378,0.14081286869533707,0.21027514642202239,48.824118022290975,0.8443448843278262,0.1594839295497472,0.09906277855434144,0.11355536638764867,0.2229495106918011,41.42692971474722,0.7731300376854521,0.18837143225061648,0.06013675348645179,0.05851046469305835,0.2933847361080768
E,数据集/数据集/目标域数据集/E.mat,4,target_32k,630.0,24381,8,2048,0.25,-0.5464639637525038,19.945795663075895,9.6758295242744,0.7103077674645824,0.04769388753422275,0.8672340647600759,0.0017414878757307788,0.0029031437307618264,0.009295672084121744,0.01674746476527981,25.38471674869148,0.7348138199181253,26.20556837896852,0.7903468688202163,0.19368463980801195,0.11249975883076435,0.10831601713850843,0.20057434511420572,52.78391049300721,0.8566842372243662,0.16995740052340297,0.060129978450677427,0.08350465806824461,0.20691771218211596,36.407486745973635,0.7599713486291718,0.18882673998308994,0.052365264998525105,0.05581470156054578,0.3020956826917051
E,数据集/数据集/目标域数据集/E.mat,5,target_32k,630.0,24381,8,2048,0.25,-0.15786776884379325,32.68744098248451,12.934750422154512,0.7059110893991206,0.05065115153740114,0.8913258537411868,0.002760280065283976,0.00354870642157365,0.011897224485481162,0.01905265839452081,30.180244765600722,0.7408487478392649,24.993454451334294,0.804471133370929,0.18562801993766118,0.11463257750677724,0.10430391769884498,0.16875741221687382,44.95229179915891,0.8595089940894189,0.15406593658275497,0.07372454226243179,0.09784390868467446,0.1913779203663859,41.53653886519155,0.7655958418334097,0.17317359128127116,0.05260644202901867,0.06096277143606145,0.3021163296271788
E,数据集/数据集/目标域数据集/E.mat,6,target_32k,630.0,24381,8,2048,0.25,-0.6717143854574188,30.210550439019254,12.234202145117976,0.7269174401563263,0.07601638974282994,0.8472842866659065,0.0036762772246816864,0.0045761079765004944,0.0181843096271742,0.028799403231861694,25.144402740011408,0.7259546471892682,24.425768056973777,0.8121279381597001,0.18458320278541834,0.10278610009476587,0.12600016031550998,0.16272789431775472,58.07785886985371,0.8723092595298977,0.15292738335661307,0.07506168248995604,0.07950055042868392,0.20277822062507078,34.55938532433142,0.7483615875134476,0.18904597763591008,0.04992979806589532,0.06468171492844682,0.31445894805717506
E,数据集/数据集/目标域数据集/E.mat,7,target_32k,630.0,24381,8,2048,0.25,-1.2488691591282677,23.652570467122064,11.197201501563663,0.7454811919882756,0.10071372920004387,0.8196918651320299,0.003210388681785612,0.004485883722471181,0.018914770058107933,0.026494745684288862,25.058185864029895,0.7214251115312419,23.25164365081098,0.7868176284581903,0.19311705775812735,0.10372398523332674,0.1506622645395001,0.16952273088760142,57.332977530975086,0.8586579919637436,0.15057331751430045,0.09668806240115035,0.10251781310078995,0.204630165233553,29.907980504382206,0.7459696752368795,0.18964987222597424,0.05880698914435042,0.06434148107747639,0.3162351668464868
E,数据集/数据集/目标域数据集/E.mat,8,target_32k,630.0,24381,8,2048,0.25,0.13558599594310647,20.876785880000988,11.547596192975366,0.7293600390815828,0.0854614572626627,0.7851156011420737,0.0019565105085384287,0.0024681219789745423,0.011348083787830756,0.017287757527592353,29.645413856125284,0.7260393894618827,22.55964018534653,0.7899897633399806,0.1909521835507125,0.08904550683598603,0.10537597003911829,0.16720128269379683,39.7380769567838,0.8598391612380429,0.16331288592283313,0.07338510798360084,0.09626037989286147,0.16344317978129652,35.318104012042326,0.7453875222083185,0.186117828516356,0.05787505604545088,0.05656261273766906,0.3161212151865713
E,数据集/数据集/目标域数据集/E.mat,9,target_32k,630.0,24381,8,2048,0.25,0.5454954720274998,14.433357200079664,8.412360426900145,0.721543722520762,0.07957443171453986,0.8202684997802395,0.005389050110577692,0.003326017771834239,0.012698924945896894,0.0222167590427971,24.331452214288905,0.7335387342593488,20.582835429370686,0.7935272540460556,0.191234271821742,0.12558939654351017,0.11750280803051935,0.18701886777380536,59.3929226717725,0.8741398759153267,0.16255461829435483,0.06462601862845108,0.09160172438425086,0.15604310189100667,32.902881771202686,0.7556473451616733,0.18247029582212418,0.05984154220708107,0.043768261785441354,0.3088812346811878
E,数据集/数据集/目标域数据集/E.mat,10,target_32k,630.0,24381,8,2048,0.25,-0.9044531851256795,24.759431390492466,12.22526004827282,0.709819247679531,0.06442388123017903,0.844407889687083,0.00453241854191459,0.005549852791166911,0.0169964440432184,0.027036846877281067,27.2719219040515,0.741822930359754,23.33911348496012,0.793767423739534,0.17787823521586985,0.11621141950512036,0.1243992301702382,0.1853921391216627,76.60570102558853,0.8837881575510379,0.13548105949441214,0.06653707798447883,0.08452555619812531,0.1741647200780042,36.08869166911648,0.7680548765111155,0.1879750552531531,0.05854796809450413,0.06565548305334376,0.29959652187139774
E,数据集/数据集/目标域数据集/E.mat,11,target_32k,630.0,24381,8,2048,0.25,-0.3944577421664631,35.28903379864816,11.823771076809498,0.7342452369320958,0.07241882346795644,0.8923759435118555,0.004140083712667166,0.005425992081779255,0.01313388113032097,0.024034013889607596,31.057568982081644,0.7459314296076822,62.534960322127816,0.8170340255767856,0.14155544774188344,0.1023840057507799,0.1565614304250121,0.1785975792523965,77.17803990154219,0.8560438741649185,0.14858168602234142,0.061819792585578785,0.10125325794117077,0.20616254183289473,40.42380052900586,0.7794460232536358,0.16840626900168595,0.051336215884186784,0.08271432807969811,0.29436117446748944
E,数据集/数据集/目标域数据集/E.mat,12,target_32k,630.0,24381,8,2048,0.25,-0.08126202622827386,28.49983667111114,11.542827822193066,0.7127503663898388,0.039567705663796054,0.9134891018105763,0.0028550653386429994,0.0033689815535125427,0.009596566373324936,0.018079930993150396,24.268935223036745,0.7253509177461238,54.86776201873751,0.8245170845364754,0.16550249596838604,0.10372777599865615,0.1329220775784204,0.16994487556957155,59.794318654136646,0.8576822892887017,0.1584381393615529,0.054895560047548676,0.09257529968608286,0.18902564675044997,38.529813552675016,0.7579952925859076,0.17258413586516655,0.06848769666113189,0.07916806448771181,0.3088139897770074
E,数据集/数据集/目标域数据集/E.mat,13,target_32k,630.0,24381,8,2048,0.25,-0.6506069778849614,23.3707914670304,9.571162873197546,0.6844162188568637,0.03940512179790937,0.894030668092228,0.001651747658195104,0.0021998798999162306,0.008358241766292946,0.01568872774190974,26.68897716338844,0.7383598081683869,22.911149224249787,0.8079798573662721,0.21715812968587975,0.11633418288601506,0.08864688849759594,0.17129729229232007,44.083748806739116,0.8713078141673145,0.1522556043053768,0.06384541306637681,0.08705498042179861,0.1718034888653338,37.12883547152709,0.7656565888582268,0.16578999596616167,0.06314354169288806,0.072055165886394,0.3156986511653925
E,数据集/数据集/目标域数据集/E.mat,14,target_32k,630.0,24381,8,2048,0.25,-0.16279437666885904,28.68237084122154,11.126519023838187,0.6922325354176844,0.03137813299176312,0.8978625288970806,0.0021057721737492304,0.004820555769976898,0.012564450076260173,0.022201432820742478,28.97161026566891,0.7580230948208154,22.98751371259048,0.8112379590075007,0.21642215928381134,0.08455242487636627,0.09993881549664561,0.17597197039826326,53.38737092822558,0.8605144377978586,0.19115326785951184,0.06971038598587627,0.07747830486420955,0.16979987092758114,39.56257374074732,0.7817487250652032,0.17666645527980296,0.04058581389714739,0.07563362698001865,0.30110869155531106
E,数据集/数据集/目标域数据集/E.mat,15,target_32k,630.0,24381,8,2048,0.25,0.053009203286405786,47.010106413808124,13.564250034260834,0.7186126038104543,0.0525047433099513,0.8890185148303873,0.002082397724698195,0.00286587611422414,0.009883284578469575,0.021168830798017152,25.28953122864252,0.7490541789227445,26.740985859641672,0.7985757963222024,0.1653126971965705,0.12320911109085958,0.1575058057413242,0.17256934824725387,48.10268274818816,0.8545213794268373,0.1684473790017265,0.07437041888401129,0.0811547719189312,0.195090107860868,38.11868991712793,0.7767546676732295,0.17490640848320835,0.05386014697704674,0.07403386973875505,0.2894841923308963
E,数据集/数据集/目标域数据集/E.mat,16,target_32k,630.0,24381,8,2048,0.25,0.49207064420816654,44.724529519931586,13.554264624461219,0.7303370786516854,0.05165024065430391,0.8936563920498827,0.005033755905740486,0.006291110909375768,0.014575226064149153,0.03316675339303143,23.869626404555557,0.7246494528715464,30.287594963128264,0.7909797423862357,0.17684873280574578,0.1387915488963147,0.13747800712518288,0.21528346244466504,91.32691083784249,0.8417515470183184,0.1308312452445882,0.10050984535491972,0.13116730165468,0.2240510414143787,32.804002762953616,0.7340235385930493,0.1999302193842954,0.058415669947148925,0.05040039677365676,0.3176646818736086
E,数据集/数据集/目标域数据集/E.mat,17,target_32k,630.0,24381,8,2048,0.25,0.8930365142905776,19.9960291939852,9.299949477218878,0.727894479726429,0.048887257808138275,0.8972750040560054,0.006984852533517983,0.00880117635297397,0.019673496284325652,0.04117238729951103,22.283932463950965,0.7330379188101878,21.147910561855735,0.7897520000810269,0.22353699312508202,0.11064487084523662,0.146474699684739,0.16893437340087356,85.07304393215541,0.8518942421278135,0.13511931288672446,0.08368523658017102,0.11644352149818106,0.22397693255852313,29.338738273730513,0.7453847558012194,0.19101702024819717,0.047750908713075954,0.06775287597366673,0.320883950343349
E,数据集/数据集/目标域数据集/E.mat,18,target_32k,630.0,24381,8,2048,0.25,-0.9431903745607474,26.081227562198332,11.337673009588233,0.714704445530044,0.0444819637967138,0.8776908598571375,0.0044786877784031304,0.004292135528060112,0.02117876322596034,0.02692406508634543,21.345144475250393,0.7254273099813756,22.174024684035935,0.7934844093843659,0.19399212198999832,0.1254728663973924,0.15121073971556911,0.16972507018320768,60.76341504266657,0.8572460354930179,0.13358667189593335,0.08579248413623304,0.11922098953424855,0.2142373355507263,28.906375036337035,0.7463543598522379,0.19872774321960365,0.059191316600361636,0.05395252610608596,0.31044575279859216
E,数据集/数据集/目标域数据集/E.mat,19,target_32k,630.0,24381,8,2048,0.25,-2.2202671549743336,33.74843341997424,12.351946717393648,0.7137274059599413,0.05926517929669502,0.8644284141099343,0.0032930948516308343,0.00203867431371215,0.023181765707880893,0.023696419515119284,24.785935724616223,0.7147655335890869,24.986807585130908,0.79665346006815,0.2072079612809283,0.10488682786243927,0.1371287191619911,0.17364166799877156,73.55039509066351,0.8609434368882488,0.15934704466439845,0.07102408579145991,0.10027326447145185,0.19697222688719404,39.37805477081949,0.756444041215051,0.17859343761466948,0.0595944618777729,0.07361271172155236,0.300099117840561
F,数据集/数据集/目标域数据集/F.mat,0,target_32k,630.0,24381,8,2048,0.25,-0.09099091360838268,2.9243479554107394,4.155814682465272,0.5950170981924768,0.02595417439304848,0.8833047831517131,0.0012259718653306606,0.0014616449823091086,0.03837741851366704,0.041005547525769376,3.6554122360656494,0.9632290991197862,5.916788175243263,0.933062061653932,0.024832868071866143,0.018636938552824986,0.052721430653087376,0.1293513910857893,3.7655087125658113,0.9588166903028735,0.015711817017858964,0.03908481551362719,0.06550983662291648,0.11294020329282999,3.814453125113228,0.9601537914452736,0.013291054090121008,0.03072735212323166,0.06207557176136042,0.09031987711767005
F,数据集/数据集/目标域数据集/F.mat,1,target_32k,630.0,24381,8,2048,0.25,-0.052577837548257705,2.9568717782456897,3.252203765687076,0.6042989741084513,0.026551333278772505,0.881331531069981,0.00117095596286588,0.00159596623469258,0.028304024893952433,0.03418749816911038,3.585084532504963,0.9690025962526397,3.625754364899736,0.9376176538671752,0.02260438829173312,0.03063265141961287,0.049518206875305136,0.12334292386103335,3.4389164797538103,0.954873662694925,0.02744177226288531,0.04509910740928936,0.06321420381724795,0.1040187665070283,3.669720195722935,0.9659931072537784,0.013239504758485296,0.027395845033848863,0.06774209693628305,0.0876617654983297
F,数据集/数据集/目标域数据集/F.mat,2,target_32k,630.0,24381,8,2048,0.25,-0.08926746473724133,3.1319313373815976,4.056246623251389,0.6209086468001954,0.0367275350662734,0.8757398844856524,0.0011710445195942097,0.0014388594574728103,0.023655223028954182,0.039635386720157366,3.6466836361402444,0.9668351858952081,3.6016254738711093,0.9381484701269779,0.02139115455429296,0.03663751323220844,0.07903701130957577,0.12836400307943477,3.6383482954076465,0.9508729429232519,0.027773903637960038,0.02043843928021242,0.051067870175687875,0.1357137858147919,3.509109604422206,0.9604853282313139,0.015874440095471242,0.03308797270065346,0.047487463922848465,0.11638543665637612
F,数据集/数据集/目标域数据集/F.mat,3,target_32k,630.0,24381,8,2048,0.25,-0.0722922413359373,3.1011976317598213,4.2477605501684605,0.6345872007816317,0.03989666204851632,0.8629387201892489,0.0011109388844901752,0.0013870189163192677,0.02712240966113038,0.03703539285514256,3.71702579498979,0.9688362325601257,3.8318265727379566,0.9362846233008908,0.035918854926431466,0.02583726748114914,0.07607293231190247,0.13458696000525283,4.0911870258279635,0.9573536429101064,0.019312972024686355,0.016955174622491666,0.046951236803340436,0.11511740319355218,3.575518385997292,0.9658119164374844,0.021345537384250456,0.023823711366766323,0.056038926371458866,0.10722410032673486
F,数据集/数据集/目标域数据集/F.mat,4,target_32k,630.0,24381,8,2048,0.25,-0.015604259901912821,2.893109164922718,3.280879285302155,0.6355642403517342,0.05775443987000874,0.8633739119171705,0.0011084233918474188,0.0013643887276027788,0.029099392467228594,0.04180366027839971,3.911344836002676,0.9709465979792989,4.598732157325107,0.9319856701131864,0.05434103234184519,0.03238841069080716,0.06635296349584699,0.11179223518436476,3.826158839437555,0.9532653185022442,0.02203830367057075,0.037203379128668744,0.08115254244244624,0.13472579157198708,3.782585530306562,0.9672167211304699,0.016476609011457324,0.021613619498323803,0.03652947875347046,0.09935855828499557
F,数据集/数据集/目标域数据集/F.mat,5,target_32k,630.0,24381,8,2048,0.25,0.004467735350089652,2.8084834104458025,3.5277508727310605,0.6521739130434783,0.13585530142399732,0.7964417976174,0.0008836354576021729,0.0011007867704184453,0.021043893763767287,0.029294507486414847,3.90721410951563,0.9670614881453327,4.104689200553194,0.9263709464856267,0.06486331843598968,0.02588806978631388,0.07229142850200602,0.07206538984264096,3.5177272260673984,0.9446770484461002,0.01751712288178763,0.02983062467447743,0.07552563562596792,0.13924324457097725,3.7039639597642924,0.9600176244748901,0.026319571174725522,0.024908209257047124,0.05317191239388617,0.12561563882125834
F,数据集/数据集/目标域数据集/F.mat,6,target_32k,630.0,24381,8,2048,0.25,0.004945247373095449,2.7725575398454696,3.437309112204432,0.668295065950171,0.13481016783913505,0.7922678221111602,0.0008255085423817126,0.0009823068075069526,0.024128958558508582,0.03125684694127403,3.7273590176386717,0.9655939223671507,4.558801348618489,0.9267515082465676,0.051816595248038,0.02394712216183388,0.09413910488936511,0.09518417199362722,3.311239785559069,0.958674628343597,0.032577232896186324,0.020461707908239368,0.05186957127994508,0.09569913783838267,3.6451740272105297,0.9626219137139826,0.02830739623613289,0.0361169747933961,0.048678150103322645,0.10923538115673238
F,数据集/数据集/目标域数据集/F.mat,7,target_32k,630.0,24381,8,2048,0.25,0.03269468717272699,2.851883146642715,3.540585167076666,0.6629213483146067,0.0877434750067736,0.8361489042534008,0.0010212093910484785,0.0013696669264425406,0.02389709667384762,0.031945384641247604,4.429527148241571,0.9715188028229436,5.339034621268433,0.9245451035787138,0.03563237477283914,0.035552747251381134,0.0918716704208887,0.10974092571901646,3.2375288001098874,0.9629643858260242,0.013255774248618584,0.028789567694394003,0.05817126463812582,0.08135080817414203,3.762239656124969,0.9645614845856185,0.020205640914341957,0.012670058373231817,0.06856943976103987,0.10353870723437128
F,数据集/数据集/目标域数据集/F.mat,8,target_32k,630.0,24381,8,2048,0.25,0.04787770965234007,2.981915639729226,3.3274208007829804,0.6130923302393747,0.04295497178062205,0.8630202716868198,0.0010569934416940782,0.0013169890290484238,0.037040782017867,0.030363898616522653,4.98204211646493,0.9696074819875511,4.800291566454941,0.9305188856360743,0.038753466235208485,0.03513534868410785,0.09696509464759175,0.10525511675419051,3.317036594130062,0.9566625763718402,0.0248026462876084,0.016979322273731553,0.07576821725418693,0.09976421787860937,4.0909868229875,0.9600701678904259,0.011561724319926475,0.021821019245757352,0.04625532665696114,0.09579759763008426
F,数据集/数据集/目标域数据集/F.mat,9,target_32k,630.0,24381,8,2048,0.25,0.05779544865256395,3.008958240083075,3.2895405992815894,0.6047874938935027,0.030803039496848424,0.8828942199842376,0.001255781946056331,0.001697664761617162,0.03431895524652316,0.02708762186782014,4.572980388153789,0.9672964175873979,3.7557332496208597,0.934930328969644,0.04343772847289545,0.03488744909870127,0.059879838163274274,0.12203795830930257,3.665453806085889,0.9567231684571956,0.030263083010579762,0.022971063040169673,0.08429376834594703,0.09061302825155856,3.9198426985590955,0.9593316684285608,0.01950657184885639,0.020526596666975438,0.05425485434042173,0.0846550717900561
F,数据集/数据集/目标域数据集/F.mat,10,target_32k,630.0,24381,8,2048,0.25,0.07483626359049855,3.1273155075024284,3.581044447415824,0.6077186126038104,0.04178810090934578,0.8745862223262939,0.0011975580780014647,0.0016294402218467077,0.031236237630218336,0.024132164303537724,4.131469814742795,0.9696843879826814,4.383366212127945,0.9358544489081936,0.03826067165332829,0.04100695769857277,0.059453039721271826,0.12434918236125041,3.5249534415451684,0.9597391989058159,0.020975653114059706,0.01851997618928084,0.07813256218013107,0.08248126916352375,3.614298379842931,0.9633001685014086,0.024228984368574236,0.017954408875147897,0.057734933466313504,0.07139405256259154
F,数据集/数据集/目标域数据集/F.mat,11,target_32k,630.0,24381,8,2048,0.25,0.0021615162826916297,3.0563108606164766,3.6565087124054565,0.5925744992672203,0.0186644779264832,0.8911077075789372,0.001173096486216054,0.0017714551360461757,0.029176211197055817,0.029397999334187155,3.4971859503122342,0.9639259337726288,4.708375198395956,0.9419481492745359,0.021063260534352323,0.03521318933101027,0.07098997657091283,0.12206804491179796,3.5558350504459013,0.9573229878208694,0.03441886531126963,0.02300146212865781,0.06392992734454254,0.10471135214608769,3.497902331827494,0.9625161255494896,0.02001131386602373,0.023439084676061123,0.04269871248106787,0.10526361693714655
F,数据集/数据集/目标域数据集/F.mat,12,target_32k,630.0,24381,8,2048,0.25,-0.03244738576149899,3.0151883711811593,3.8427291252078195,0.6042989741084513,0.03816604440076664,0.8710614932432681,0.0011842671919174623,0.0015587013825148167,0.017503576928145297,0.029721818130938646,3.5764389706832724,0.9648851275856036,4.0332412084138785,0.9398717381338768,0.014917270837602694,0.026634964888371186,0.08279478794206162,0.10688283221630035,3.8908216029576006,0.9569024633489903,0.029388279437590415,0.021268210705014428,0.07373635901297061,0.10295754446640236,3.6036375426684453,0.9647268356779695,0.022443474760681568,0.029096663273886426,0.06150783383716442,0.06872900091650931
F,数据集/数据集/目标域数据集/F.mat,13,target_32k,630.0,24381,8,2048,0.25,-0.05379948243558927,3.0620534412490024,3.782419787244261,0.6082071323888617,0.04076242778470566,0.8801008196945478,0.0011139465148076611,0.0015396020341782873,0.022663188612967802,0.03656977522760822,3.7385932498574537,0.9637331452126676,3.98645643950015,0.9350085702928642,0.014791188466714284,0.0278313953669935,0.0868790061863659,0.10341328108804095,3.542058979215518,0.9600826995542359,0.019314237115199185,0.025676594797424915,0.06868699695681105,0.10925984140764892,3.6923423019266814,0.9605114281418975,0.028445577122074815,0.016365698542181943,0.06745298031261132,0.09022494127991898
F,数据集/数据集/目标域数据集/F.mat,14,target_32k,630.0,24381,8,2048,0.25,-0.04110002118791054,3.003975828567123,3.4711484424751875,0.5964826575476306,0.03322320432143581,0.8845302960375743,0.0012013932022829302,0.0014386038318141721,0.026316636419094017,0.0374676396300027,3.6460492725720894,0.9647565669462944,5.965958727048866,0.9234074614970781,0.025303440120309,0.020903886089568217,0.08925516032429998,0.13371646821230623,3.3707052903997523,0.9536781815254728,0.038533497103788644,0.03004450498673139,0.045702639548256055,0.10832846844551347,3.557433779852867,0.9620855354783426,0.01766027835837593,0.029014649225796874,0.0653946305596945,0.09651334992464644
F,数据集/数据集/目标域数据集/F.mat,15,target_32k,630.0,24381,8,2048,0.25,0.0498660423495903,3.0370703726734876,3.609129187135884,0.613580850024426,0.08081085526725255,0.855592816060956,0.0011419303940053591,0.0015764107730436043,0.025600095034191247,0.032786273448081854,3.836613272990359,0.9677992568997319,5.13801583739094,0.9225324696897299,0.04014941819270333,0.02785377620560972,0.07202808566467658,0.12569067673045375,3.5086821109295037,0.9590657261042018,0.020054771838128177,0.036303475945504794,0.04993214001011901,0.12572878887334535,3.6678965442887055,0.962236543763399,0.023098690194535258,0.04128669970449409,0.04702477233913472,0.11296732678586177
F,数据集/数据集/目标域数据集/F.mat,16,target_32k,630.0,24381,8,2048,0.25,0.13772331664056112,2.926747396650928,3.8390927213516646,0.6477772349780166,0.1239697213235201,0.8132218009324421,0.0011302840699838562,0.0012561832766960603,0.02203901357186468,0.030340030899408305,4.216206221757971,0.9659652061508515,5.089698212984719,0.9238392877792282,0.037464908385916894,0.04171364645844723,0.08105052143177163,0.10543132365454025,3.4461434450096746,0.9555523335754735,0.011946222027408197,0.037740393300574236,0.07400232355953985,0.13303425589486756,4.09588126439123,0.9618084221333935,0.019764919586606033,0.023494861607797096,0.03596723541725505,0.12166199863645262
F,数据集/数据集/目标域数据集/F.mat,17,target_32k,630.0,24381,8,2048,0.25,0.08005944007808342,2.816537087921314,3.9857457257470954,0.6687835857352222,0.1491880505564307,0.7910406243238255,0.0009419875929695107,0.0011882777719302978,0.029669814796097656,0.02963512820723958,3.8439359451234187,0.9697589671069542,4.396173314764311,0.9178766315978126,0.041537016919584446,0.03815013187688799,0.0925885622369902,0.0960393080583177,3.577659457591513,0.9597639766421481,0.01852939124294406,0.032816788125524625,0.06327082000851186,0.13064678454128895,3.806353728839795,0.9651451013249354,0.024603981242803153,0.027219611118726693,0.06509108368785535,0.08547540122119421
F,数据集/数据集/目标域数据集/F.mat,18,target_32k,630.0,24381,8,2048,0.25,0.0736413084672451,2.886111142917535,3.831520087641235,0.6746458231558378,0.151544048289615,0.7775561142182266,0.0008844207267761812,0.0010865838457577667,0.030210477005378152,0.030420587119664604,3.435874120978718,0.9722443635405889,4.473912962791663,0.9242664206110228,0.04507119852578435,0.01984815429276645,0.06219793992071663,0.12804231189390922,3.550009002728777,0.9582985773825811,0.01704328108701996,0.024386330504235505,0.057219966176750396,0.11869661829040362,3.66515659526075,0.9675732248877955,0.016108886523010416,0.022923110028625925,0.057499096566770894,0.08912341677398197
F,数据集/数据集/目标域数据集/F.mat,19,target_32k,630.0,24381,8,2048,0.25,0.07585058672885328,2.9608637147784163,3.644114485788282,0.6712261846604788,0.14616564274746538,0.7866485436921333,0.0008635729987035704,0.0011638219640830126,0.032681406990861694,0.02693825251801008,3.3788469493999624,0.9681634901506249,3.901857869568511,0.9240905415753172,0.06368896361938854,0.030345329441898754,0.07307159592159689,0.13024305074301867,3.2309356334666117,0.951317621170057,0.021854027906331508,0.046606950565254594,0.07613516330047042,0.13462839192577067,3.6423292522181923,0.9647507851142721,0.02173636575096522,0.028399345294913593,0.06943180778221114,0.06957714902451292
G,数据集/数据集/目标域数据集/G.mat,0,target_32k,630.0,24381,8,2048,0.25,0.06819363983058016,2.8902305389086336,3.4162145510278474,0.336590131900342,0.10804294474496043,0.7487087928658375,0.016615712210224433,0.010359667527751767,0.1533007421447101,0.09286441291301455,11.120196066074422,0.8531776020396573,5.6407400753222605,0.9221568245788118,0.06049819824396059,0.032280478352097186,0.051853369779640994,0.16026481326591574,4.23868038712645,0.9539814916445126,0.061417387360839085,0.06251189880195848,0.07074305582827525,0.08338917116110328,11.741153626730839,0.8497854428788116,0.11670963104821677,0.11534331615734444,0.1282961848575862,0.19923143917472994
G,数据集/数据集/目标域数据集/G.mat,1,target_32k,630.0,24381,8,2048,0.25,0.05513390733857589,2.856976168984244,3.315859344968545,0.3517342452369321,0.08053194892742935,0.757283588593397,0.015523799850134508,0.009819487468668963,0.13013299249821023,0.06760812024560994,10.628188388507464,0.8593535912977877,6.181065369615236,0.9104291021287929,0.08933351291378462,0.0479894870083025,0.0459163383223496,0.15217971753469964,4.7091627749939455,0.940682697574061,0.07129094124718222,0.0774984301737977,0.0655245408368578,0.09501374058102201,12.355084098548014,0.854191810083549,0.11781360923112795,0.10178279726452154,0.09215124046417016,0.2520536022652378
G,数据集/数据集/目标域数据集/G.mat,2,target_32k,630.0,24381,8,2048,0.25,-0.07569142909940897,2.8908445846405346,3.6455961506775303,0.37371763556424037,0.08858164683391175,0.775418633847566,0.016611173752033605,0.009922538688055541,0.10264497039278556,0.07817739693863726,8.374226470728415,0.8786029427984875,6.141600496084832,0.9056631601682296,0.10781675814459661,0.034818688162076616,0.05065820011521186,0.127554129064465,4.490568292235322,0.93543375575654,0.08882594493311691,0.0879991548539691,0.06764220595674032,0.0856377949347945,9.008245199799765,0.8687714654414963,0.09237947763555195,0.09092521377132098,0.12339713639702139,0.22493186140013235
G,数据集/数据集/目标域数据集/G.mat,3,target_32k,630.0,24381,8,2048,0.25,-0.036926537060844276,2.8173901334983,3.8494312349939097,0.36345872007816316,0.11497952864865169,0.7387996353066638,0.01722397679006248,0.01117332102345585,0.07271542949777948,0.07267604199672434,8.899461893003455,0.8834036650976888,5.91485081541409,0.9069875562067953,0.10083319925175113,0.03286129545835861,0.05809819062717505,0.10426224261948557,4.171872107389792,0.939434220247075,0.07840239949565474,0.05186141110139729,0.1026969094729269,0.10643438102476174,9.092144913514982,0.8761692531381108,0.1204315835409755,0.07332465294763843,0.11267218388125212,0.18989103039302152
G,数据集/数据集/目标域数据集/G.mat,4,target_32k,630.0,24381,8,2048,0.25,0.019730405892383885,2.8434264904989757,3.6308922634122753,0.38544211040547144,0.09438164241693373,0.8001787111401775,0.019633741575028216,0.013357827300320183,0.05276026971132488,0.09709405943608575,4.690858816219842,0.893929971591345,4.965581099298296,0.90635315087607,0.10052570492022621,0.035818144065952975,0.064947772980087,0.11141417352290693,4.25391842817735,0.9331154820266298,0.08523260736569824,0.07321641922867542,0.08686456907148302,0.12083748946059931,5.698317819480107,0.892823253275579,0.09769790331720736,0.07186310800529815,0.11629142422463638,0.17212779212777013
G,数据集/数据集/目标域数据集/G.mat,5,target_32k,630.0,24381,8,2048,0.25,-0.0058818837834716,2.944328377883174,3.2408675588175537,0.3888617489008305,0.07646166721131234,0.8038581342337592,0.019247317426870837,0.01340680673345294,0.05164283642072828,0.11147025248386974,6.187227594682655,0.8912560705318249,6.963616698291273,0.9127690849292646,0.0842314512180339,0.057486043323853216,0.05315778623011914,0.14215213773391058,4.065069707470159,0.9444092530710286,0.061519753017518074,0.058793528952465174,0.08626446970749396,0.11193910393856867,7.209227856750434,0.8728856691708401,0.10791824591824069,0.10013043975415858,0.14560048006082676,0.1729253839727563
G,数据集/数据集/目标域数据集/G.mat,6,target_32k,630.0,24381,8,2048,0.25,-0.0026870204509860064,3.0235432675118776,4.086303901618744,0.3639472398632145,0.08580189347868142,0.7903446331731114,0.017251243024855593,0.011278720641746337,0.0766899167035675,0.09409082844133541,11.163998603428727,0.8462131248468175,11.776310997555163,0.913230456378957,0.06471489796765179,0.04225468333268914,0.0738998536989534,0.17041350828484708,4.666393279891508,0.9328516508233394,0.10676706642417977,0.04191243508508981,0.08609596684790584,0.09216869587982109,9.137940108731796,0.8618474979700559,0.16794275254527785,0.10416057579777324,0.10796146773091793,0.16110506610608571
G,数据集/数据集/目标域数据集/G.mat,7,target_32k,630.0,24381,8,2048,0.25,-0.06342154419579296,2.9329934301289846,3.9232283901059173,0.3551538837322912,0.07618055143425237,0.7889732174779975,0.017034638153688646,0.011081175462219445,0.07867960565002861,0.09767926707425496,11.714393130428231,0.8389804149063882,11.323408237374265,0.9088958460543762,0.07427248578686405,0.025204783264173056,0.07582422716498295,0.16721813629117027,4.700464430633871,0.9303263714482833,0.11808589322994525,0.050620695356700746,0.07294622800793546,0.11801769086303085,9.63485976062316,0.8430513046288195,0.20767138212853983,0.10740721975949889,0.07905358466951656,0.14944384779407616
G,数据集/数据集/目标域数据集/G.mat,8,target_32k,630.0,24381,8,2048,0.25,-0.03479002651419451,2.61463602927018,3.6506051684994585,0.340009770395701,0.09463299546270384,0.7730927393616668,0.017355774383245506,0.011944104284307403,0.10929617480721293,0.11535079654273862,7.936771868202981,0.8757860463552373,5.342722820529924,0.9045428505907283,0.09653103822739183,0.028197299829265193,0.05739113356197356,0.15562353434221968,4.605531542630212,0.9450724771109382,0.07516523609908586,0.042454976627859624,0.06469334847803128,0.1108552028457341,8.153687406813393,0.8616125499120835,0.14645476578948044,0.0524879017893483,0.09175493035334831,0.2013591498996731
G,数据集/数据集/目标域数据集/G.mat,9,target_32k,630.0,24381,8,2048,0.25,-0.027044744429247352,2.865504930772434,3.8092328225656913,0.3390327308255984,0.08990977599868849,0.7698073368049148,0.016561425971675765,0.01106707237881147,0.15221407563844278,0.10715708771190871,7.701658480924041,0.8650917885613421,4.658978959790205,0.914495782864182,0.07546086628348969,0.027811918237297926,0.06085085929497197,0.14114014070623196,5.096784192215428,0.9094930136301926,0.16757415723769353,0.04914817949970249,0.042295401354589285,0.08084930456615373,7.72057233147971,0.8652478629299384,0.17288610172521762,0.0751502401227022,0.10782593460627779,0.16476573941689426
G,数据集/数据集/目标域数据集/G.mat,10,target_32k,630.0,24381,8,2048,0.25,-0.05952120641778884,2.9344079002688983,3.793542902926779,0.3331704934049829,0.07806016252934082,0.7634919442657545,0.016559280741113982,0.011514839606118057,0.15468697858965177,0.10065276708156423,6.739704558505457,0.8519423248968225,5.932329617540643,0.9227952166297357,0.05564883495585197,0.04885231916694862,0.05510095280719311,0.13705887127140282,4.930921488886776,0.9024102217313924,0.17519859995339246,0.05048666567284099,0.04710388566749641,0.09531366586284805,7.086675125942699,0.8486503964284421,0.1471070093974056,0.11980238475940665,0.14832203241704373,0.14020573821018442
G,数据集/数据集/目标域数据集/G.mat,11,target_32k,630.0,24381,8,2048,0.25,-0.09709807455069086,2.9134571045489808,3.7512366052011235,0.33854421104054716,0.07995758463509112,0.792060963967222,0.018163425861007637,0.012901783410328915,0.15759878605282285,0.09047865269486793,5.63836771452226,0.8814515341648798,6.18166961021786,0.9109565391302811,0.05454397950626398,0.04521504314671573,0.06656716672920857,0.142711110791538,4.934944151662479,0.9466262095830759,0.07867606491612457,0.04018675053567878,0.04601884315050124,0.08976112165100648,7.413541225428878,0.8528983266485288,0.0847783249535412,0.1394090641496659,0.18473023449836326,0.1549223432376254
G,数据集/数据集/目标域数据集/G.mat,12,target_32k,630.0,24381,8,2048,0.25,-0.03519734844148656,2.969256521589434,3.5274999199853854,0.33707865168539325,0.08463368985964825,0.7497681170241369,0.014931335968240247,0.009140008150039952,0.15742914078902592,0.05426835909258036,7.404473012093067,0.8838968052198188,7.0440355251396785,0.9050873385666862,0.08515920446580015,0.03027197534250299,0.08376235415843228,0.12133989710302462,5.174203725717878,0.9348978110008692,0.0925081261717663,0.08269509275890773,0.056847527777113445,0.10472483489514833,9.090372869980548,0.8764246723471828,0.0941290983743403,0.09795264530442836,0.11400803906007015,0.22480816424855277
G,数据集/数据集/目标域数据集/G.mat,13,target_32k,630.0,24381,8,2048,0.25,0.040632580469761134,2.9819351513978765,3.4703945538283225,0.35466536394723985,0.07981576848179742,0.7491068929532994,0.015013381317192986,0.009631546762983936,0.14963816907354419,0.053937022294571216,7.911219390884863,0.8571810494357737,5.634789480327627,0.904775975437866,0.09161953195263961,0.024326102310988588,0.05511492526049172,0.13576473743954773,4.606974962267593,0.9425712797163398,0.05818412842825823,0.06931037744466052,0.08214337693183092,0.12045859791942173,9.280327513868682,0.8443762395448615,0.09833828851106632,0.12031927961370632,0.15367907996497937,0.22408298720810166
G,数据集/数据集/目标域数据集/G.mat,14,target_32k,630.0,24381,8,2048,0.25,0.04701517514248548,3.055926548193858,3.6425905676270487,0.38446507083536885,0.09645157977226358,0.7892826372526902,0.018510505464686428,0.011596092028798096,0.11459002245092144,0.06571985805953766,9.813922607318972,0.8670042708035479,6.3981528139561625,0.9141814350474291,0.08236431977606853,0.03536994417387944,0.044249073606702924,0.14724003290872564,5.335627979618993,0.942527573481108,0.05095208590094458,0.04893085326325912,0.07555603875685236,0.13234075228190773,11.70026575912202,0.8524149228359207,0.10291805639281833,0.1362089664012557,0.14316594372109406,0.15167958694734546
G,数据集/数据集/目标域数据集/G.mat,15,target_32k,630.0,24381,8,2048,0.25,0.06809316447903749,2.9217888281949653,3.636376302381839,0.37322911577918905,0.09484663684304048,0.7570264790718714,0.01659578100174374,0.010503437471490863,0.07638970588357083,0.07079097381244416,11.326098438545593,0.8740397614115415,5.101478701586605,0.9095430531474803,0.08827460383576564,0.042746628983683366,0.061734430288537895,0.1475694869289483,5.142148476379718,0.9499986681845725,0.05538216619948056,0.030493036344533275,0.08721499188441229,0.12035727538731485,13.490537460276434,0.8587949916008693,0.11271247046368456,0.13963072565214468,0.12969415968165474,0.13309363500385352
G,数据集/数据集/目标域数据集/G.mat,16,target_32k,630.0,24381,8,2048,0.25,0.03667312720363387,2.7898118083856707,3.3153714050808905,0.37322911577918905,0.08887192983037188,0.7951643062355722,0.019522199114903296,0.012755803815150239,0.07115051347336669,0.09268537639772749,12.748250336961974,0.8722941348757035,5.002837857485424,0.9064586549330232,0.09054728682545747,0.04286803380625233,0.07365064030353616,0.1825113321019172,4.382124320462364,0.9426321195236982,0.09857470366961103,0.03642048180540261,0.06963265790028535,0.06977555862997309,10.532119098877375,0.8693156496860114,0.1355135823246663,0.08677502924540613,0.1192977656074864,0.1733647660595707
G,数据集/数据集/目标域数据集/G.mat,17,target_32k,630.0,24381,8,2048,0.25,0.06784201885983347,2.9039129624061664,3.4425545154774886,0.3707865168539326,0.07960105134205875,0.800304041029214,0.019406121795984204,0.012356954693994572,0.0638612116142391,0.11106679391899493,14.018325663167026,0.8755378877309267,5.828293207858341,0.9167038871254404,0.07738460015107686,0.04033260547590439,0.05553228750742641,0.16937148986010195,4.841279967844925,0.9336505959496563,0.10534168953788475,0.07141707732517481,0.07677970130627398,0.0882338201732036,10.007704009669716,0.8735400790162862,0.1386200950145464,0.0721394107552198,0.1301657857841945,0.14816838455552667
G,数据集/数据集/目标域数据集/G.mat,18,target_32k,630.0,24381,8,2048,0.25,0.09284426642249635,2.9504348714448434,3.4283353710208226,0.3463605276013679,0.10684275162992132,0.774417586782741,0.017202015666254365,0.011318732906808342,0.06620976325291918,0.10728443988925003,7.797210641909779,0.9056341058449888,5.523438704673488,0.895162807410936,0.10669522129115115,0.03030721183591439,0.05807190329583217,0.17541621837249538,5.153507950389282,0.9451230227690198,0.07567338208812963,0.07330566747275889,0.08081711773658672,0.07088519399829721,6.67884879508591,0.8918402974492596,0.08710531916187696,0.07230937019415226,0.11459428847373523,0.19413854323577778
G,数据集/数据集/目标域数据集/G.mat,19,target_32k,630.0,24381,8,2048,0.25,0.03460937365967393,2.910837225186287,3.312569276020528,0.336590131900342,0.07580283212961107,0.78620090576106,0.01729523352347667,0.010891643053156399,0.08850658602962874,0.11549026058306822,7.440423760888877,0.877903309087634,5.158152421969073,0.8945932396655806,0.11594451372748475,0.040036432213677066,0.06896305530328878,0.14340095764683022,4.2637964701737445,0.9472464398406546,0.07957205937060796,0.03618989185237546,0.0967190847363771,0.08224413251573456,8.30048762352681,0.8617892845423217,0.1154422897315995,0.07614779077603749,0.12203740420114322,0.20197873917633785
H,数据集/数据集/目标域数据集/H.mat,0,target_32k,630.0,24381,8,2048,0.25,-0.2941303132093511,3.8986914658952396,3.9759805459468045,0.6751343429408891,0.1373991927728015,0.6163188196634443,0.0004857227981203724,0.0008685247392957139,0.014976739478923362,0.03967053141139323,9.271125556549304,0.7739446277595974,3.5293526509795448,0.630249898445031,0.008968386976733914,0.005222015096647248,0.192460014515523,0.20641220501013097,3.6333837957467696,0.9477992875509776,0.015225745650405098,0.028854604536113167,0.030622248343181047,0.10050029487399333,3.8888065196851485,0.9532307285166526,0.01688149969591757,0.03431360054444564,0.08472320715743838,0.12003248206282145
H,数据集/数据集/目标域数据集/H.mat,1,target_32k,630.0,24381,8,2048,0.25,-0.3418357972130915,4.2212233882795775,6.06955913163846,0.655105031753786,0.13902962114143802,0.6151574306931524,0.00041423126909852757,0.0007338810336419474,0.013108718435814265,0.03390070994643189,10.004084221369958,0.7896313124244951,3.6896305239401244,0.6289984682579557,0.008889928817131925,0.006145997854527334,0.1914987424266106,0.2169493718458317,3.829884579091379,0.9436771100334179,0.011561837949427662,0.02179941974979788,0.04816425142852848,0.0902777912797805,4.384414001426577,0.958865429977043,0.020660589254430775,0.029154873680523566,0.0899562984026928,0.1216290287379032
H,数据集/数据集/目标域数据集/H.mat,2,target_32k,630.0,24381,8,2048,0.25,-0.3825443343470597,4.2328708057155,6.085529109979478,0.659990229604299,0.13944167479653663,0.6105264332680314,0.0004619727365559642,0.000862684106272954,0.013002696083941924,0.029967541990778192,11.03568441699116,0.7718681877660291,3.6358629175000727,0.6360088109351605,0.0046304884006949576,0.009379230002503184,0.19602123203046837,0.210945048107346,3.980277961406958,0.9324357007692743,0.012948282575797934,0.013662640640696482,0.055705838629537804,0.1064339859616844,4.391236793023846,0.9439705874907025,0.023722289417717403,0.025305848424180745,0.09531732266807415,0.11090387586820039
H,数据集/数据集/目标域数据集/H.mat,3,target_32k,630.0,24381,8,2048,0.25,-0.3466213095763205,3.6950229264666308,3.335070769157956,0.6526624328285295,0.13367940144014487,0.6174332088615583,0.00046128051135055825,0.0007828339206406955,0.018092527818918614,0.03829418131362992,10.792457961044365,0.7669386943519363,3.4384775072487965,0.6225048026803303,0.004298132682547845,0.008027963098137485,0.20457177056106793,0.21880733790555934,3.586340623254268,0.9330891206583274,0.010854145911467102,0.023221734166914594,0.0601515670343786,0.11452706846495567,4.805066792520891,0.9508918179051888,0.0298348275509021,0.027293523670547572,0.07098439186528756,0.10832761748659087
H,数据集/数据集/目标域数据集/H.mat,4,target_32k,630.0,24381,8,2048,0.25,-0.39266968775682826,3.721749242498878,3.3557940308822563,0.651685393258427,0.12017263085277899,0.6279174503155638,0.0007857713820391462,0.001021815408434707,0.022072301732794168,0.048433440886300375,8.85009901209994,0.7757302396531547,3.515005195110882,0.6370552053860885,0.006598630326170688,0.008614242670775568,0.1954653786310485,0.20642514077491567,3.4358693662738085,0.9384406609116495,0.021289745181043533,0.01774484595572666,0.04892787005539012,0.1377112452534953,4.920193263299567,0.9534583977747546,0.02311175464722184,0.04083408524847717,0.09515726823100391,0.1176496436779637
H,数据集/数据集/目标域数据集/H.mat,5,target_32k,630.0,24381,8,2048,0.25,-0.3988557528820443,3.9329804640174855,4.257092056320889,0.6614557889594529,0.1221638506773101,0.6301139647898495,0.0007212398119472143,0.0009411780486718061,0.020286218475396176,0.04384040045504086,7.944648480943249,0.7838439688007872,3.43658679112987,0.6303253307258685,0.005211615499208744,0.003764447826797493,0.18893672638812675,0.22235962824193709,3.240896043817906,0.9365364969907328,0.018532768789005623,0.020900900181633816,0.06496184611092534,0.1357529682594436,3.8232386343946785,0.9463995650324573,0.022616530517795917,0.04138108944298357,0.07392205188308298,0.13307915383216418
H,数据集/数据集/目标域数据集/H.mat,6,target_32k,630.0,24381,8,2048,0.25,-0.3508124610205366,3.940594573716025,4.381183672559575,0.673180263800684,0.12876124270058678,0.6137132481743919,0.0005423915778510156,0.0009774729215123058,0.015547123504874376,0.0378772722484355,7.179561865318075,0.7935734952486682,3.47022835553383,0.6383584380805971,0.006184183294733921,0.00696795515132407,0.1826787941025545,0.22207441466101865,3.7234216559117668,0.940566097189433,0.017603455017890225,0.022040592156126283,0.05422522557358781,0.09987572756803828,3.593901790795638,0.956175733043896,0.021458305865010227,0.03626128960626448,0.08200632193434952,0.1214797097406718
H,数据集/数据集/目标域数据集/H.mat,7,target_32k,630.0,24381,8,2048,0.25,-0.24932015735186838,3.8019495031006634,3.2801850522181155,0.6663409868099658,0.1351665734062341,0.6145708991998792,0.00047192867801374447,0.0008686133581919965,0.0123463795050494,0.03431918770392156,8.678798989736732,0.7824340228573377,3.5325256626354355,0.6386843164926531,0.010211483034667457,0.007970583097660676,0.18776772558995083,0.20909491319771983,3.831624953640146,0.9421343850220691,0.02792930215847202,0.02628606702940933,0.05672178690106292,0.09787159551156634,3.8509996148475505,0.9498772017535162,0.020173419958067318,0.03129709389323816,0.07271294183943734,0.12504627597570517
H,数据集/数据集/目标域数据集/H.mat,8,target_32k,630.0,24381,8,2048,0.25,-0.2940498757770171,3.828358473173375,3.327675992989295,0.6702491450903761,0.12762081649034443,0.6182012252423409,0.0004132737845791358,0.0007423923904048335,0.01384045804755687,0.034387340564760366,10.806390415150437,0.7704010089730593,3.343872069355513,0.6353586277484712,0.00668184048502258,0.0073149818592146525,0.1907184980875232,0.20800827433447835,3.6964633123111805,0.9399878778305614,0.037135953033504074,0.030835781994501217,0.060701733425626646,0.10584970433631961,3.6639019906876693,0.9539146049215237,0.017793108138758954,0.02663997131042768,0.07172000837458083,0.12313009714815822
H,数据集/数据集/目标域数据集/H.mat,9,target_32k,630.0,24381,8,2048,0.25,-0.3448136545751577,3.833691143895681,3.1367622751429534,0.67171470444553,0.1308067159414898,0.6197603313708596,0.0003527084025821209,0.0006822124439833188,0.017234846012741913,0.0379056012032942,10.406558533355218,0.7717484110142439,3.3528273807207727,0.6251363468993364,0.009930541866866054,0.006019930120238307,0.1964647502148235,0.20775623884267333,3.719150034905379,0.9328884837408427,0.02410363445002099,0.017821962762677064,0.07809641155101686,0.110807371973032,3.985820857035893,0.9529133303901564,0.029048466869658267,0.027480566878422666,0.06354393674690878,0.14958609510331736
H,数据集/数据集/目标域数据集/H.mat,10,target_32k,630.0,24381,8,2048,0.25,-0.46541107729216297,4.135984583670182,5.098987651748754,0.6726917440156326,0.13601731133734296,0.6170644406220689,0.0005750773964134394,0.0010801763082203886,0.020093287799991127,0.04180179338664999,9.691251193694697,0.7813113177179903,4.038650479958245,0.6319113480162667,0.005828752634662542,0.009448789449948944,0.19674112840451305,0.2096333895098607,3.7122702055825827,0.931928421113337,0.019114192082258796,0.019032924290163813,0.06552142605231623,0.12015270361554217,4.019511519942276,0.956230577062645,0.0301456709711656,0.026534400654940067,0.07324837184073324,0.13714553445403443
H,数据集/数据集/目标域数据集/H.mat,11,target_32k,630.0,24381,8,2048,0.25,-0.4788770328096728,4.16599739436562,4.755649628837795,0.659990229604299,0.13210299633185874,0.6226772692969231,0.000621181222431472,0.0012280180539880556,0.020896303875606346,0.043395200199167525,9.565637142842895,0.790061612228664,4.1787028406763875,0.6323748285870957,0.006231834247369607,0.010532008493006043,0.1983335120906473,0.20440727772680703,3.5393292480199925,0.9450353854558867,0.015976111549727886,0.02110127928216071,0.05058279334169272,0.10912740593785929,3.8971445517326706,0.9597269006110886,0.026570651666204984,0.032966305286067914,0.07622265366019072,0.10996151966496552
H,数据集/数据集/目标域数据集/H.mat,12,target_32k,630.0,24381,8,2048,0.25,-0.39098560170199653,3.897510726922029,4.3890989147207815,0.6707376648754274,0.133738639539018,0.6126961999891661,0.0004930249296248052,0.0009912996520783624,0.018956052903904605,0.04027135477022778,10.338309767440597,0.7877381255734703,3.655021393340606,0.6364768536848514,0.008206642607236995,0.009053492825961053,0.19664081094001531,0.20688830578732983,3.446108246524271,0.9467387700586836,0.024520664312642347,0.02297647619594796,0.04822115052123719,0.13195513403173947,4.239002115439229,0.9592964047714169,0.018922891240962286,0.0289792630556688,0.06271908163894807,0.10885169618239644
H,数据集/数据集/目标域数据集/H.mat,13,target_32k,630.0,24381,8,2048,0.25,-0.31201847906102986,3.798346242991899,4.09512485646536,0.6673180263800684,0.12652708428352127,0.6103787122881031,0.00038723279329089705,0.0009609712478682454,0.016176628647773923,0.03790967585629473,10.253258030096822,0.7718271066471803,3.5502381918648633,0.6268819295995747,0.006695871792017451,0.007865372296419494,0.19819301873716674,0.2179494651814947,3.495702251656104,0.9405542334039815,0.011050709076011541,0.01885364360962539,0.06791893015863669,0.12337583904774573,4.049899927749606,0.9517595960059099,0.022965318890115025,0.009584237569356165,0.08808859964367727,0.11126441148423193
H,数据集/数据集/目标域数据集/H.mat,14,target_32k,630.0,24381,8,2048,0.25,-0.2641449228670492,3.8571917017042283,4.125672819900435,0.6570591108939912,0.1280083290249681,0.6191768609193717,0.0004896878224775224,0.001042653909973523,0.012887486658537011,0.03831524771176377,9.236217622810827,0.7716552319462011,3.5084144947594704,0.6243084170855517,0.007232404875693664,0.01299556992233436,0.207433815243805,0.202766671575458,3.7090479498497237,0.9350435459597389,0.014708558167135394,0.03297773415485489,0.06480045332980168,0.11374276380749294,4.158203342558513,0.9407813127528251,0.022932168532322033,0.024183936362410167,0.09649484303497301,0.11204359730694774
H,数据集/数据集/目标域数据集/H.mat,15,target_32k,630.0,24381,8,2048,0.25,-0.21740845986215518,3.8815614096701516,3.4552775325240606,0.6428920371275036,0.1315083698620822,0.6160602481142168,0.0005168185650193562,0.0007933669001341498,0.01272438181064254,0.034033918734164045,9.659098670885118,0.7932291317723505,3.4316832310901364,0.6300711775230108,0.0056799434158864735,0.009250850234658289,0.19398464801239718,0.219426375608606,3.641482668177593,0.9340871644221438,0.012076985353422028,0.03023255253442577,0.06456228603563986,0.11634507686654438,4.129416380760454,0.9593083796221414,0.02678152798747747,0.017845720648754032,0.08364320354134706,0.09147916816903853
H,数据集/数据集/目标域数据集/H.mat,16,target_32k,630.0,24381,8,2048,0.25,-0.2596882445548939,3.884170093943759,3.3147954587763566,0.6634098680996581,0.13537141243879203,0.6062698628166268,0.000436921083928378,0.0007668240354318655,0.016699374129352396,0.03681107131736674,9.744043130275521,0.7765217287858225,3.5406334220100266,0.6243824501455826,0.005946224816816189,0.008224040819620639,0.20045144086673303,0.20616094372267932,3.5370130268222324,0.9301037680591956,0.019464820482438142,0.017507395164051382,0.052245812116564226,0.10542242991879242,3.8143118069096023,0.9627707985528023,0.018952303617154952,0.01376940391261271,0.07856040325892683,0.1111072869998468
H,数据集/数据集/目标域数据集/H.mat,17,target_32k,630.0,24381,8,2048,0.25,-0.39972291080809974,4.094224899324206,5.481812780289297,0.666829506595017,0.1313808636155427,0.6078502377036519,0.0004616744445510935,0.0008323282618866645,0.020108140998683285,0.041420865905380695,9.568355883267692,0.7838049913833415,4.09227765784905,0.6289116112132153,0.005953566736604673,0.006459238802363547,0.198279517035012,0.21853056439087581,3.4010607439292584,0.940798921016005,0.016543734852425395,0.03374235126426593,0.051440367744023545,0.11133116903859394,3.954672199959543,0.9557946699660239,0.03819830979043928,0.018488836319805763,0.08012448041212995,0.11707449617415862
H,数据集/数据集/目标域数据集/H.mat,18,target_32k,630.0,24381,8,2048,0.25,-0.46615207200367426,4.0954960158525635,5.215540441748562,0.6570591108939912,0.12411238771826862,0.6192790313572984,0.0005290356803363129,0.0009670061437598064,0.021398366239290884,0.04307908630940096,9.23736735498176,0.7730498417202538,4.4074962347060005,0.6368075187515662,0.008896714630290686,0.009990828499343964,0.1895770182735749,0.21634775410356621,3.4085984784226975,0.9464589075860055,0.024642629453988617,0.029109549303510233,0.059143434772777385,0.10147477910032207,4.077853431218105,0.95614045989003,0.028316527754983493,0.014497934459893889,0.06329663857568936,0.14081491495872767
H,数据集/数据集/目标域数据集/H.mat,19,target_32k,630.0,24381,8,2048,0.25,-0.35276174138972394,3.791071552695107,4.3749152874517385,0.6570591108939912,0.1436336538155014,0.6059554753701704,0.0005476631318058487,0.0009611494249958161,0.019386786781818953,0.04007362285437743,9.295564516577175,0.7834111866183621,3.626966364869106,0.6222121310251356,0.0051459424818383,0.008128805616309435,0.19561278949630873,0.2105025990310487,4.059893167714923,0.9352899593075232,0.019470058010287613,0.02666255020682194,0.06428659353201877,0.11953233665767776,3.787611172619603,0.9607641262520166,0.02292129025300471,0.03016603001609857,0.07032397606754075,0.10408955176270461
I,数据集/数据集/目标域数据集/I.mat,0,target_32k,630.0,24381,8,2048,0.25,-1.5706954594292875,22.82137991385842,10.080636868542745,0.5681485100146556,0.03046444274319596,0.8798557423270249,0.001899210892738601,0.0011790229680674028,0.023107022877138964,0.045472324476363096,28.241656193790476,0.8263047338421707,30.256385389135396,0.7996213082217232,0.18547432120569907,0.08487193194334633,0.09292370113704364,0.1832901182457508,11.873992216931102,0.8840497549898434,0.13559852027825126,0.06304347074774337,0.06436906012783694,0.1760418840801308,32.15334385573402,0.8611756547178231,0.09766076726141967,0.03659351867965226,0.0734926926340552,0.2439068909452285
I,数据集/数据集/目标域数据集/I.mat,1,target_32k,630.0,24381,8,2048,0.25,-6.4610579879677985,139.55708907064107,22.698780419178856,0.5925744992672203,0.034291342376616754,0.8602317618725461,0.0013676428879146223,0.000623302890558157,0.021496120326802492,0.044865927780836576,29.260660790215205,0.8169490586199213,29.33794819420062,0.7906811027651129,0.19665795766376687,0.08054921410737967,0.09801569461333506,0.18234675980050138,30.390071579710373,0.8747819933069636,0.16167949962266495,0.07687689465688777,0.07047403600966058,0.13202377870982984,30.061297226449348,0.8430769870869439,0.10511176815787426,0.03137170494388169,0.09575027156730412,0.24340790751075853
I,数据集/数据集/目标域数据集/I.mat,2,target_32k,630.0,24381,8,2048,0.25,-5.294077541268254,106.60875625508434,20.64634875989379,0.583781143136297,0.02035252486666003,0.9493644134114331,0.00625816892139574,0.008030560983610015,0.037146727966481705,0.057697946365484296,25.816836698948357,0.8022885733858729,32.56376429442788,0.8180311873616228,0.1687383668463033,0.0848893490329524,0.07688848731568745,0.19845963869414396,27.156367799439924,0.8966013861615176,0.12674057384415022,0.0668249128505979,0.06925479494037644,0.14009982485966663,23.40054385527578,0.8360979021272843,0.12110155263473624,0.026437988096555697,0.07874921639991982,0.23557892644015238
I,数据集/数据集/目标域数据集/I.mat,3,target_32k,630.0,24381,8,2048,0.25,-1.6016605989010966,28.415903194640837,10.612360480340069,0.5412799218368344,0.030370292055246807,0.895603664474314,0.0022309660385741842,0.0026822983347785396,0.025697021029365344,0.04193227805875418,28.443129951485396,0.8133193281398733,34.16628101760604,0.8102332170603681,0.16393519479786697,0.09221261526861113,0.09323694605639221,0.19145856582157658,16.936572291961554,0.8866892803483094,0.1453703916017704,0.060707321980004024,0.08498884454625918,0.12454657726182065,28.761016438942704,0.8508336768039106,0.10639306404242244,0.03966906766436926,0.09203248985307844,0.22994555834887961
I,数据集/数据集/目标域数据集/I.mat,4,target_32k,630.0,24381,8,2048,0.25,0.86205836833208,38.48178993002453,14.911084294495003,0.5490962383976551,0.024010866196666113,0.8952433181904542,0.0038066087160510123,0.003609340922061148,0.02555749107393464,0.04511254535105841,27.892918489681005,0.8242066724231437,27.373280587302517,0.795571245833089,0.1876260689120805,0.07746336324703801,0.07329696988772681,0.21049657957944445,13.442921131561665,0.8847399757852619,0.14770855104367345,0.09093138734340138,0.054029215214144506,0.127747820741095,29.737399089138055,0.8598266382694559,0.1007820896663329,0.03799633724981075,0.08099435107813432,0.22725362199837557
I,数据集/数据集/目标域数据集/I.mat,5,target_32k,630.0,24381,8,2048,0.25,1.0168251530300696,40.33298271741972,14.851619526652602,0.5578895945285784,0.021959140795835424,0.9011951109568799,0.003942184865990719,0.004241826097768868,0.022980800252391163,0.04504325742283424,24.89324737056905,0.8081261855153173,27.60249602208045,0.8029180816070592,0.1883438049004947,0.07368044534111126,0.08690736640110193,0.1955265483506974,12.31584213730544,0.9003921471901517,0.1198076918990784,0.07002308996921508,0.05713364770130395,0.1445555987255126,24.35195209594798,0.8464715386368324,0.10483755529619916,0.04066177245527948,0.09426924187703152,0.2521069195208013
I,数据集/数据集/目标域数据集/I.mat,6,target_32k,630.0,24381,8,2048,0.25,-1.164039461537774,21.339080683398393,10.23454642824768,0.5613092330239374,0.025933038044352506,0.8873592006304314,0.0012327319538051203,0.000868384955683989,0.02589781161629329,0.0408522775580236,26.866134358657206,0.7998641070286125,29.42100942010752,0.8042981150679311,0.19102321819978643,0.08647702837346403,0.09538246112923074,0.19803773811140887,20.336179685372116,0.8893702981382147,0.11870434843593802,0.04687572339429282,0.05556368368098472,0.19480899218789652,27.909215106847444,0.8418676822044602,0.12164322351009384,0.018584826442569893,0.08269192921657328,0.2627519100995327
I,数据集/数据集/目标域数据集/I.mat,7,target_32k,630.0,24381,8,2048,0.25,-0.9505728731641215,17.16515275780137,8.691929053960125,0.5818270639960919,0.02625298959896715,0.8959698136769918,0.002661810896334183,0.002224720915568163,0.029636433240396824,0.04337418338637276,27.069324245535817,0.8155243355094889,27.859304894039596,0.7983296224183538,0.19467997439151993,0.08189597406026196,0.0890301072314088,0.21640063051761121,17.193602497379214,0.8837304210006248,0.15587027172510806,0.061108067888841544,0.04853186802784825,0.14175087233335268,28.522084301802565,0.8510742618928837,0.0949231884927107,0.04398916721953656,0.0807873895851858,0.24018206799222216
I,数据集/数据集/目标域数据集/I.mat,8,target_32k,630.0,24381,8,2048,0.25,-1.3175581971140389,22.106682782893543,9.895821966919627,0.5696140693698095,0.027779220099073756,0.9012288018690437,0.002575875115649493,0.0021547979842087366,0.029864261959775155,0.04716535668044817,24.738128894019795,0.8173730996560356,26.949902832050075,0.7958889641640946,0.19698165643131546,0.07916602953339007,0.07995688980960705,0.20830012111400903,13.746330651553759,0.8811718862286859,0.1439072360370604,0.06446524770852831,0.053661633390163076,0.15798370764221834,24.486083745662388,0.845968655410866,0.10773824334881676,0.04055925207276597,0.08150692459013673,0.238737511233275
I,数据集/数据集/目标域数据集/I.mat,9,target_32k,630.0,24381,8,2048,0.25,-1.8599664649190017,25.617145204171937,9.804487400116745,0.5466536394723986,0.026843889106727428,0.9047216872244043,0.002841942469726636,0.0021019921724213034,0.037427985025315094,0.05164017329719137,25.476296692797764,0.7952504385328224,27.868355357916602,0.8000177429728291,0.18460528412537205,0.06862309982907402,0.06682656964683846,0.19887916359042682,14.52143541271309,0.8751410019753684,0.15140850645372853,0.06793187760358024,0.056090301908955406,0.16896265157831644,27.285575148209467,0.8338488466303795,0.1335421810112924,0.026779694094565872,0.056683751985352256,0.2277105828715396
I,数据集/数据集/目标域数据集/I.mat,10,target_32k,630.0,24381,8,2048,0.25,-1.265897838775201,21.171243840407445,8.87060526967058,0.5466536394723986,0.023277101200069487,0.9106752724853224,0.002987104508154274,0.0033729700317241024,0.03599935848843897,0.04606337723612244,24.363855371189235,0.7989248464096744,26.940869138518977,0.8005496920254023,0.17881209898035216,0.07083738969525921,0.0705471300992452,0.21615493645096576,17.2056898826964,0.8743988314411234,0.16711519579097517,0.07651809488401703,0.032182348347884665,0.14657882204421577,28.83444410846756,0.8482428811649348,0.12338401952842264,0.02845564267491819,0.07802051344861467,0.23228133171105028
I,数据集/数据集/目标域数据集/I.mat,11,target_32k,630.0,24381,8,2048,0.25,-0.004908361763458268,20.810213478734767,8.88811635560592,0.5813385442110406,0.02140992460050985,0.9055732024341633,0.003999048905224257,0.004274992366974584,0.044227322909253707,0.057063186488338656,26.437608167075098,0.8056292287619016,26.473095905851025,0.80344929309005,0.16852391379960718,0.07354870464882107,0.07938982991653469,0.20457518749917522,19.191627482577704,0.895105424674278,0.12798398093094557,0.059700836847589214,0.05154073783644459,0.1737026587744194,30.433534817369026,0.8426500864083291,0.10500808058042788,0.03540474675550832,0.080007342049106,0.2483421401118847
I,数据集/数据集/目标域数据集/I.mat,12,target_32k,630.0,24381,8,2048,0.25,-0.46816841884584015,20.396166904924154,8.874100881518615,0.5598436736687836,0.019756547404732885,0.9144639083117553,0.0046030644785367905,0.004872073666922209,0.04720527982456662,0.05569678372611747,28.322512582736397,0.8054612113165328,26.07077118384185,0.7940304090400757,0.18248061152819117,0.08986434035909115,0.0934239817749383,0.18891552068893916,20.61409550614148,0.8882852827430436,0.13683670241275583,0.0600777357526838,0.06116103319457252,0.17459015752437163,31.56884435733807,0.8458185568124927,0.10174759639068474,0.024382455265882806,0.07921812727178627,0.23523551008326846
I,数据集/数据集/目标域数据集/I.mat,13,target_32k,630.0,24381,8,2048,0.25,-1.7518795551589947,19.638466511115883,8.823855063375998,0.5451880801172447,0.028265266518986067,0.8945194525813219,0.0021184819358111237,0.002536252599084812,0.027956345470392042,0.043471604405449726,28.102044656064592,0.7993803219982115,25.147823156599436,0.7942958491149762,0.18762459761155564,0.08294828727961066,0.07261026721262323,0.21264568897645048,19.18460041474773,0.8936168344500967,0.12527520938128833,0.08166633246742501,0.07526996014851074,0.15773789407819097,29.335723676796526,0.8399104969850748,0.11416112906586429,0.030145621490567293,0.08497203499004523,0.24105733611958519
I,数据集/数据集/目标域数据集/I.mat,14,target_32k,630.0,24381,8,2048,0.25,0.38487652916802784,42.838931934206954,15.084620235227469,0.5515388373229115,0.031057127518364723,0.8878802912154036,0.002063228417397451,0.0021336789707985674,0.02721051029645332,0.04193742165251305,28.15017325343688,0.819087656620234,26.78318405647544,0.8015367489726131,0.1875478362093367,0.08494417417576233,0.09329662834629802,0.1814468875502091,13.270941067117304,0.8982606221851601,0.12570389814079042,0.06126548920229533,0.08960329488893234,0.12777022540621769,29.406675917310448,0.8524025973174502,0.09566164882212919,0.03748185223819716,0.10778016218755684,0.22720877245663565
I,数据集/数据集/目标域数据集/I.mat,15,target_32k,630.0,24381,8,2048,0.25,1.7702884733687632,52.1728304197857,15.736346449032096,0.5427454811919883,0.024995085478118566,0.9224771260545187,0.005393291867172746,0.005962877423142839,0.028133428121507185,0.04768246005707456,28.061196147331827,0.8145952661086636,27.85619697337344,0.8045632747065501,0.18546241513760628,0.07885777022413451,0.08418036059621854,0.20500131913662645,10.638251531829042,0.8852949710874292,0.15281931059809067,0.06240320791520059,0.05840552869548864,0.14609639483954495,31.60410194396093,0.8484731213126808,0.09767428102465715,0.03602874017527866,0.09475276700597664,0.2103014650642406
I,数据集/数据集/目标域数据集/I.mat,16,target_32k,630.0,24381,8,2048,0.25,-0.461762326893484,29.821077704111477,10.520919307353351,0.5417684416218856,0.029772461488104442,0.9001228767232546,0.003180299382204731,0.004532944963168504,0.03169840745464662,0.043170899928616134,26.859831798263976,0.8100998341613821,25.75652633853523,0.8078843679863863,0.17899005957685224,0.07052629118544489,0.07557641698520609,0.2171805539323392,13.02075327399991,0.9042704459563279,0.12004870105646907,0.05985770356863861,0.04975651837969308,0.16103676300835915,29.46783825773799,0.8446453469077105,0.10458140338871362,0.02842255321407781,0.0891326306574181,0.2322345970364808
I,数据集/数据集/目标域数据集/I.mat,17,target_32k,630.0,24381,8,2048,0.25,-0.7559070995684892,27.708469120081627,10.63753164650625,0.5534929164631167,0.037813412991129794,0.870967078885285,0.0023589965421403265,0.0015547501945572218,0.027706537094494856,0.04295694807949478,24.6657417595604,0.8105017179916818,27.691665479624,0.8042612760177971,0.1803023964825916,0.07242159398051391,0.06393602803641875,0.18532809283028792,22.53900869325851,0.899224605992258,0.12299972798816468,0.06951492996193309,0.05413934708988834,0.1603483038806501,25.213843765783615,0.8452463495540576,0.09197703122889267,0.031852965387038065,0.09996089724229391,0.24599833106709657
I,数据集/数据集/目标域数据集/I.mat,18,target_32k,630.0,24381,8,2048,0.25,-0.7198229252444178,20.327150977480528,10.176795535905615,0.567171470444553,0.02567796383629303,0.9032299276684775,0.0024794670974614074,0.002885834238115144,0.026076982050597455,0.05024170102234045,22.68626212424059,0.7991173806576672,26.456610454348482,0.7981201331978068,0.19450371180573203,0.10006394425620206,0.07568825132933002,0.1962887444125915,24.891803319860365,0.8923269291245386,0.13138899226091952,0.07460767887968951,0.0440037396250891,0.1547888099998225,24.77993818431563,0.8419328494687423,0.09710898049090003,0.023699744210985422,0.09880264231391443,0.25895253511840327
I,数据集/数据集/目标域数据集/I.mat,19,target_32k,630.0,24381,8,2048,0.25,-1.3101059209787995,17.706435708685905,8.470725488513457,0.5617977528089888,0.025143866157178195,0.9198593642193242,0.003077415205468203,0.005116304088010285,0.02965162677738383,0.052113393081398104,21.79460563151982,0.8016104094407568,23.877725324232845,0.8125350381396833,0.17002123781377673,0.06452256381641124,0.062030535006946774,0.21285946020328295,18.57920371310067,0.8893616626744602,0.12670153689693325,0.06458101999817427,0.05832053997732725,0.1651815746157634,24.382434187708743,0.8435558643221329,0.10869344428337825,0.04548505746728021,0.09515255397164427,0.2382667836555394
J,数据集/数据集/目标域数据集/J.mat,0,target_32k,630.0,24381,8,2048,0.25,1.9267470558109048,45.141983228041596,15.69460085817724,0.5666829506595017,0.023324195371558387,0.9068480660138736,0.002984123934315874,0.0034452755158163114,0.02080613388551052,0.043002549218344274,29.518485042130525,0.7827529581408892,34.773579288126605,0.8237922923926945,0.15745219758264467,0.06905003613805935,0.08048277024052793,0.18883744771938726,21.322786887397353,0.8860789617679329,0.1062809523609671,0.08989677937256282,0.07943032144064417,0.17675465106350913,37.103077404838196,0.8237331139684705,0.10302506325631447,0.02949387356583527,0.09641466471118898,0.2622870147021105
J,数据集/数据集/目标域数据集/J.mat,1,target_32k,630.0,24381,8,2048,0.25,0.9059109540188702,31.29305802355622,13.615841074011197,0.5451880801172447,0.028475155417581038,0.8949217483239191,0.002757135571205198,0.002401220406611698,0.01826732426668364,0.03890626605382341,31.13186445671885,0.7901027949596199,35.080395696420645,0.8125198615366352,0.17987505823300454,0.0767619955671927,0.09027560023171859,0.16977895638651538,20.818153814832133,0.8802379806790738,0.11780696708064083,0.08580071585213594,0.08082326388364432,0.14055602573719594,38.38602940641038,0.8286967605084373,0.09603537609303779,0.032490773399876535,0.09516039676531483,0.2590181320998271
J,数据集/数据集/目标域数据集/J.mat,2,target_32k,630.0,24381,8,2048,0.25,1.305297836117552,37.751221019535905,13.392268666712853,0.5613092330239374,0.029498080554984145,0.9118948564203727,0.0036182827002661,0.0037436419607513767,0.02143457942560344,0.03969990158046563,26.985731719771366,0.7759850871654872,29.02910420850593,0.8172992650895526,0.18067793359913784,0.06911324112071426,0.07098214371346716,0.1663226633085263,21.09971780862514,0.8785089476681254,0.12955327425534602,0.08782615057199895,0.05506634665467621,0.16576681605598279,31.68890899843542,0.8100370557479465,0.11399056134387953,0.01959327224642454,0.06557028121349537,0.26685780265014597
J,数据集/数据集/目标域数据集/J.mat,3,target_32k,630.0,24381,8,2048,0.25,0.7383176593143598,37.993149716199575,14.462651698700277,0.5803615046409379,0.03906513576196748,0.8766498532004855,0.002045751261562989,0.001957803167900862,0.016826649208815644,0.03470129078204821,30.05846775251696,0.7775634217189183,30.258390810194665,0.808352658341788,0.17027668611742033,0.0678342291350423,0.0753376867447437,0.16859313477636173,18.373483907112288,0.8710756606148223,0.13380159380832074,0.08858669442192761,0.07551214852992519,0.17170753481615908,35.499425661715534,0.8138430953450159,0.10605318996843816,0.027588322912845676,0.07715517515253156,0.2640348888507955
J,数据集/数据集/目标域数据集/J.mat,4,target_32k,630.0,24381,8,2048,0.25,0.6832388821819108,21.21768560147988,10.20766778126585,0.570591108939912,0.03684634285638896,0.8930528191287593,0.0029099722658114343,0.0029433922051419065,0.016111850374594294,0.03899833905131023,36.91102325837528,0.7917105061538856,34.044458695818165,0.806730549781937,0.18645035516931666,0.08203420484168497,0.06917113416988727,0.1786371337577234,15.886218494953457,0.8765923652059644,0.11582777709382,0.09041063678408442,0.07218663518804881,0.16528008969424704,42.7790647626518,0.8250573324999784,0.10402952961700347,0.029627296725402298,0.09534961027331455,0.26128124319044954
J,数据集/数据集/目标域数据集/J.mat,5,target_32k,630.0,24381,8,2048,0.25,-0.38405572348701433,26.435094122345298,10.969923136857547,0.5744992672203224,0.04060437260509304,0.8861846246219729,0.001959424175143295,0.0023129136064786765,0.01498904879262702,0.047287608673181526,39.40442480144538,0.7987890940652196,32.42021936267302,0.8060461511679573,0.19593534000698473,0.08242214160867452,0.07937354459827746,0.1783758647445552,18.034599033877615,0.8644618431902849,0.14154360357484166,0.08680658893465892,0.09177155461780638,0.13516324438412367,46.29323629141933,0.8371036051859203,0.10189123572726824,0.034110933622141903,0.0832015347381533,0.256131773892825
J,数据集/数据集/目标域数据集/J.mat,6,target_32k,630.0,24381,8,2048,0.25,-1.2041306328604435,25.038384000777675,11.517372464082223,0.5583781143136297,0.03406966121340115,0.8735672312528396,0.0009841457775653381,0.000483215009477056,0.013110465919738194,0.0424847223338096,41.68651868012691,0.8004821807985497,35.83302755762394,0.8030776727196489,0.1882956576069545,0.0864817689112449,0.0992562352099841,0.15803787833373184,26.765744637028735,0.8870765024095912,0.11023986236214547,0.06609301089393059,0.10788824954677087,0.1357404684467341,49.790547057690816,0.8342047656675395,0.10705188142342474,0.03178458009721382,0.07073120294310795,0.25938342346917465
J,数据集/数据集/目标域数据集/J.mat,7,target_32k,630.0,24381,8,2048,0.25,-0.7049086274188567,19.07979404618533,9.464223464409175,0.5564240351734245,0.030194461155905194,0.9005041095475815,0.0019648902229032986,0.0017077444571509824,0.01804784239650851,0.04563012792127073,36.122794633036705,0.7806247372292929,33.042995564611346,0.8021136533919536,0.18692322673829995,0.06979168691309101,0.07215378828295813,0.16951672998762768,23.866834097631724,0.8804421212793394,0.1326192385585395,0.07057404000709704,0.07468222342393166,0.15078481194913038,39.28395808156459,0.8176327873692846,0.10284433402428511,0.022726060825696445,0.07812753027803847,0.26020520856700635
J,数据集/数据集/目标域数据集/J.mat,8,target_32k,630.0,24381,8,2048,0.25,-0.9716013470281768,17.726804953870833,9.333412501506547,0.5657059110893992,0.03418300075216981,0.8939194576979304,0.0018933881752671035,0.0017413691693256863,0.01956716390357409,0.04582851925315461,32.398231012309886,0.7830114594610617,105.09812272965237,0.8042881643315087,0.16957708851936187,0.07440669011014353,0.08945229076812013,0.1755202501876365,17.138676641538378,0.8744586714804535,0.14409065024875822,0.07440314414620655,0.06961816003831722,0.1467007202970544,38.048942987040526,0.8237948244201271,0.10586839764418568,0.029748485876924153,0.07903051721434289,0.26376560491465434
J,数据集/数据集/目标域数据集/J.mat,9,target_32k,630.0,24381,8,2048,0.25,-0.5146360782135894,17.73133972188295,9.127125522337703,0.5798729848558867,0.03748885761634886,0.8672567155293697,0.0009081813359384112,0.0003980026367701762,0.010838709209423055,0.04257540280030735,34.59997003038892,0.7851339208790042,36.08049822817102,0.7974946076392628,0.18585453381999742,0.09175720458553012,0.08657167301862373,0.15027261899685415,12.109523154913289,0.8703631681512372,0.15552787955003466,0.08374643847137915,0.06633096855855863,0.1369906207123289,43.155539363480905,0.8246467339352709,0.10147692557579155,0.035639948738181604,0.08267233767305075,0.2654703332434842
J,数据集/数据集/目标域数据集/J.mat,10,target_32k,630.0,24381,8,2048,0.25,-0.49624749573052696,18.258423219297953,9.273046014896511,0.5808500244259892,0.03893443231696727,0.8782402501011924,0.0009517306979373423,0.00040630687969039095,0.011269212976158427,0.039002560908218124,36.190667627667125,0.7936299893931559,144.96841825241432,0.80825506873529,0.17919830114253676,0.0932925660713881,0.08658817467691031,0.15383269233465022,25.638628291505967,0.8739212329617805,0.12437768478070792,0.08397297570230632,0.06786389688191333,0.16430825792806714,43.14902863541112,0.8344035065930218,0.09996632875615889,0.031592671604560175,0.0948896622172859,0.2487251973366627
J,数据集/数据集/目标域数据集/J.mat,11,target_32k,630.0,24381,8,2048,0.25,0.7329587712262642,22.954202215292632,11.474591093855603,0.5740107474352711,0.03227158946592561,0.8847343017647815,0.0016698116296014693,0.0014634438944706371,0.014951080741630608,0.04051803157821646,30.688767240429772,0.7775637015402129,31.9726020048091,0.8110592498186571,0.17299734871683808,0.0804751014173384,0.0832801311533421,0.17237106093462953,29.30810803451961,0.8953481525310043,0.09810514022153737,0.07464798538720428,0.0669529230340955,0.157999200834657,35.39181715469852,0.8141616682987041,0.11905685528938784,0.026354910688752006,0.0645941177762864,0.2690683220606349
J,数据集/数据集/目标域数据集/J.mat,12,target_32k,630.0,24381,8,2048,0.25,1.6220522639891706,28.243750219938782,10.994611474541346,0.5534929164631167,0.02217011900248781,0.9124756971510862,0.004264687766122822,0.0048102295315770845,0.015435273172742953,0.044112680866792146,30.778520206143575,0.7796606091082857,32.7662549402311,0.7961561664928937,0.1867020107164829,0.06687285341189601,0.06435904838400235,0.20827016427232126,24.76169593453303,0.8923408047919426,0.11856350047515316,0.05569634353725455,0.05882110024201274,0.168371220220258,35.78208160674075,0.8142649364629342,0.11242680849825373,0.03309722870360121,0.08053238917217653,0.2688236983898589
J,数据集/数据集/目标域数据集/J.mat,13,target_32k,630.0,24381,8,2048,0.25,-0.026132523358632705,26.341849294697088,10.287679841962404,0.5515388373229115,0.023250496595404218,0.9252454004606223,0.003686609231972608,0.004721601919538331,0.02177287661972267,0.04996520095392139,30.033489860404014,0.7915939136854468,34.311060829483964,0.7995294111979566,0.18427519273499074,0.07387280175710767,0.0796986608887522,0.2039649840749727,19.275354937968096,0.8790329247775124,0.12304785618539844,0.06445769320582054,0.08511327321555989,0.18952962612158838,37.31245957615725,0.8261731345773872,0.10823341998958358,0.029670870739017873,0.08997532398123893,0.24778411073616932
J,数据集/数据集/目标域数据集/J.mat,14,target_32k,630.0,24381,8,2048,0.25,-1.4038232993811333,25.14844541981443,9.898290655715142,0.5852467024914509,0.04427169866206991,0.859899652250398,0.0008676610429180405,0.0004805166656222172,0.014296062032083995,0.04167110395342159,30.158095777015166,0.800645656136159,58.6120960828664,0.8092829273030931,0.17120731286627874,0.07686312549283618,0.1017891707708078,0.1645435095165973,16.317540396598243,0.8564561669371346,0.16420148091378456,0.08741719280274823,0.10493205499376265,0.15119393025878064,37.347456380692314,0.8368653712601322,0.10375998695973225,0.0270798900360709,0.09742628317155583,0.23626316291303004
J,数据集/数据集/目标域数据集/J.mat,15,target_32k,630.0,24381,8,2048,0.25,-1.196236883511595,23.08236514792314,10.387317848030637,0.5661944308744504,0.03577659685889295,0.8766033265487443,0.0008732229330971004,0.00041616062656242017,0.01957419095694964,0.04556242376801558,34.526114223072625,0.7975048231494158,38.3456483692681,0.8088798095431272,0.17475183984058965,0.08570529246998797,0.10485395151498146,0.17219633370318796,21.54975468882769,0.8534083522594071,0.14528307847226843,0.08529419916656206,0.10479665343329236,0.1684467723776755,42.745882592241294,0.8294515961164773,0.0992581714979079,0.023179967152850357,0.10061167919426588,0.25306228212163306
J,数据集/数据集/目标域数据集/J.mat,16,target_32k,630.0,24381,8,2048,0.25,1.5621248654911035,55.99983720813127,17.098591156617708,0.5407914020517831,0.029081991385735154,0.8984791414673924,0.002568673284994464,0.002779695097646138,0.022510515399814968,0.04706205400181558,37.22311606640443,0.7766307094422508,38.41270685188913,0.7977857585075725,0.20124753062241588,0.07801048116986968,0.0681986886402628,0.16740859570909578,23.427168104974132,0.8793394315795245,0.12737560491237548,0.09935335359961006,0.0626682974494488,0.15482823134428605,43.304517107835494,0.8156040862461305,0.11403207062484988,0.01880979717551462,0.08507344327582117,0.2486058727906178
J,数据集/数据集/目标域数据集/J.mat,17,target_32k,630.0,24381,8,2048,0.25,0.36940697641299847,60.08574061696714,16.526400540367696,0.558866634098681,0.025844449855870723,0.9086254473977787,0.003121981753167474,0.003777679153436514,0.018348812738830572,0.046614978688539824,35.27728248799825,0.7807641729362609,34.22671173772644,0.8164182673003462,0.17335900432501178,0.07445465508936525,0.07503826475411783,0.17389907779171757,21.169501560075457,0.8835118481274024,0.14018364448489304,0.08930145131625494,0.0719980900472305,0.14221299135240728,38.47188594192878,0.8095249025097297,0.11686468581647215,0.024987144241071103,0.08562045882197697,0.26782673096254833
J,数据集/数据集/目标域数据集/J.mat,18,target_32k,630.0,24381,8,2048,0.25,-2.282916110145583,35.5422089482575,13.6241532865119,0.5710796287249633,0.03386870621751907,0.8875980027720222,0.0017193255468912932,0.0018372763737049187,0.02115335407218619,0.05074457546354849,30.213141617192875,0.7918771906667096,37.396594827679976,0.8209826839575525,0.16791134066328148,0.07599744930269572,0.0908866046852993,0.15609643888691385,17.082677291089972,0.8851729290559865,0.13248106788717695,0.08844558420708815,0.08273412441514634,0.12867546065727806,36.71412142984278,0.8257963646681419,0.10564410923561705,0.022988412263126798,0.06647074997373155,0.2654805572437209
J,数据集/数据集/目标域数据集/J.mat,19,target_32k,630.0,24381,8,2048,0.25,-0.7536019329682055,22.763933273765304,10.163652082473854,0.5857352222765022,0.03555339224936285,0.8694856398864123,0.0008448697040248551,0.00040043259576020234,0.02049180954010467,0.04933158283655525,28.694809486012446,0.7939547107214087,35.62465002688883,0.8130014435060877,0.18075388025887956,0.07869465722608684,0.08479827084324551,0.16393618771073754,32.275340015179886,0.8824646976291154,0.12571697445960722,0.09135807449687296,0.06945349074770436,0.1769186605572109,37.95291890525786,0.8250814993699312,0.09311137486000164,0.02885119725073916,0.08190747744714114,0.2544374522040483
K,数据集/数据集/目标域数据集/K.mat,0,target_32k,630.0,24381,8,2048,0.25,-0.5118420404492166,4.106828792877973,3.1793643395124986,0.6257938446507083,0.1844590133045177,0.5955485048627508,0.00015443469480519534,0.00043163660692700805,0.030104323355774055,0.047750536122101096,3.9099594167011027,0.8003654507809556,4.151394980386332,0.5665138882858997,0.004916580994686784,0.004511333064472077,0.20023704836002928,0.19047370221916357,3.923468692269096,0.9413190474511445,0.01935475117805434,0.024349505630851895,0.05402833602642006,0.12530023763664438,3.6991727566752926,0.9610692510935609,0.02465128050146072,0.038176097889348615,0.06045101261432222,0.10622121701081921
K,数据集/数据集/目标域数据集/K.mat,1,target_32k,630.0,24381,8,2048,0.25,-0.5200390388276361,4.14862482880487,3.276743710915605,0.6243282852955545,0.19335108417260843,0.5958363537648069,0.0001552492647315665,0.0004245975067391521,0.029114911090932748,0.047757321763186845,4.070496913678507,0.7969437425818835,4.105467427722343,0.5781329047641917,0.0055728852226332145,0.0064553878512307,0.19109925312242645,0.17379778279841504,3.549013871494088,0.9427042480632262,0.013147149860035031,0.029609492390117034,0.06353541608147828,0.09792365149271769,3.8451449621467475,0.9586454955338083,0.020343917210707753,0.030916908359951055,0.06004137773621964,0.10777969977766308
K,数据集/数据集/目标域数据集/K.mat,2,target_32k,630.0,24381,8,2048,0.25,-0.5103494438723137,4.154613363647259,3.299526711756851,0.6140693698094772,0.15923460867871828,0.6159556346435625,0.0001637766263446472,0.00037777548442472734,0.03150617495772192,0.04988726636709186,4.7700789635730265,0.8005239301950657,4.153192974148182,0.5822878155371469,0.0029499380394993253,0.004765579295981804,0.19114453513946172,0.17114141732719815,3.393140698336604,0.9478256755785787,0.014754041482559791,0.0156607283650661,0.05727207996925271,0.09486108307056705,3.6100896931391824,0.9640887883024546,0.01650158025104331,0.025695054955476863,0.07651319376693884,0.0897608739839578
K,数据集/数据集/目标域数据集/K.mat,3,target_32k,630.0,24381,8,2048,0.25,-0.47674181102224455,4.080937360274172,3.4113998227427373,0.605276013678554,0.16969445695400698,0.6108664569447373,0.0001763753653781946,0.0004004975635297741,0.026453513576020465,0.04486681015447765,4.679900021993025,0.7994906300781338,4.133706167183242,0.5764146873927667,0.00256242829737235,0.006503254727593869,0.18334906852443647,0.1835646535308723,3.528034812508726,0.9471448519895166,0.01677295293975395,0.01750482409779666,0.06468845341091042,0.10134408075393907,3.6626363737964795,0.9632227883221569,0.018955545156394325,0.036685280344983966,0.07286236688414738,0.1104570869530218
K,数据集/数据集/目标域数据集/K.mat,4,target_32k,630.0,24381,8,2048,0.25,-0.4831700204243765,4.056789501142533,3.399270523705324,0.6018563751831949,0.17444646156934493,0.6086414808812989,0.0003212183949841688,0.0006756533414025098,0.027635686487651738,0.04423318868936025,4.025841707338933,0.806160150339977,4.142847065441177,0.5699403499577843,0.00482677501201883,0.006518335572835023,0.1932369364682975,0.17586369671137642,3.851503402240199,0.9434065006456108,0.019344427423496673,0.020804090549062265,0.05527445769109845,0.10455731124812599,3.4494882058959733,0.9562709160957041,0.03469817882605553,0.03678823978453087,0.07058409848270708,0.14009083930796631
K,数据集/数据集/目标域数据集/K.mat,5,target_32k,630.0,24381,8,2048,0.25,-0.5059632580187062,4.029079413949638,3.3759519977714674,0.6262823644357597,0.17035425959284564,0.612196115693873,0.00017839765941330278,0.00043403925049690116,0.026114814946775217,0.04450841641465539,4.369542245755212,0.8071256691267182,4.153124406489728,0.583445519207493,0.0045717981396023845,0.005795492090840735,0.18048309051255643,0.18272907115785986,4.0766814227296075,0.9433770313129386,0.024393021140781464,0.023161581650934147,0.057035923430028494,0.08342673712088465,3.6273889363262932,0.9544245668640086,0.019257104086420875,0.031921009896078316,0.05695391540477727,0.14039006118376127
K,数据集/数据集/目标域数据集/K.mat,6,target_32k,630.0,24381,8,2048,0.25,-0.49125720369452136,4.032552466024619,3.3410300530241344,0.6209086468001954,0.16614330534233548,0.6240172535890448,0.00016427322136772368,0.00035075415079627726,0.02786111871057375,0.04477273402017918,4.552439641729428,0.8097470220842211,4.130523360952565,0.5905710457933364,0.006116272124753807,0.0046242834294810305,0.19393114150429056,0.18839489745205204,3.393501366744034,0.9498571663249434,0.012840663219233928,0.024126046265052752,0.07501318299415417,0.08035485639725809,3.9546229080355753,0.9431639594872874,0.028453317873342508,0.03831882939106878,0.07449733706641085,0.13345534300448064
K,数据集/数据集/目标域数据集/K.mat,7,target_32k,630.0,24381,8,2048,0.25,-0.5284173525721682,4.141371413885878,3.253753090271391,0.6155349291646312,0.15998314830568472,0.6160006859315863,0.00017767940115467377,0.00041139512687927575,0.029535342857712456,0.04695484017698014,4.1202609367429766,0.803795557188694,4.295509046003235,0.5717120683662588,0.0048736914089584984,0.005321704619954351,0.19333186029768082,0.1898169382140691,3.074271089356267,0.9481831785335257,0.016375261016719253,0.027603306644170867,0.041265520003795284,0.07269201914421843,3.694330510323615,0.9485919091173655,0.028406142582050074,0.03789389555502791,0.07713686577495325,0.11825684867103602
K,数据集/数据集/目标域数据集/K.mat,8,target_32k,630.0,24381,8,2048,0.25,-0.5545762562593695,4.213836308198336,3.393139020034692,0.6174890083048363,0.14628178822985696,0.6252084501534467,0.00020503451554144766,0.000420124380717124,0.028957069732421722,0.051377555419962376,3.6821579666765523,0.7984210377613827,4.318107734166881,0.5821117049164392,0.0034561681574957477,0.0045814371188545745,0.19875841125519408,0.20901441048731542,3.3802449589806747,0.9437874614136736,0.010528785051763747,0.0249386085106942,0.05621778945312123,0.09339514035921138,3.684439736115174,0.9597776758010207,0.02676501904927625,0.020086519661413314,0.08324107780039693,0.09442108961221937
K,数据集/数据集/目标域数据集/K.mat,9,target_32k,630.0,24381,8,2048,0.25,-0.5096332321123527,4.1303664114294305,3.45259354349613,0.6350757205666829,0.14848866168340188,0.6184532833321132,0.00020476783854694102,0.0005569275969330621,0.027590053741593245,0.04832096285443672,4.3394516229627955,0.811053354999395,4.292534938610341,0.5791425157550721,0.005113177909506299,0.0050417222476559125,0.20625543302809288,0.19703132628230632,3.709344979105742,0.939575663738492,0.019524869904601852,0.030609329864845342,0.05476113761718058,0.09351200506663927,4.062416751175273,0.9590028000820234,0.01904892832234372,0.03671631314087638,0.08603198915415046,0.11306900090123415
K,数据集/数据集/目标域数据集/K.mat,10,target_32k,630.0,24381,8,2048,0.25,-0.517282470947366,4.06844262532352,3.534634000949918,0.626770884220811,0.15269603290209405,0.6199498245546479,0.00022254408834785638,0.0005900810738162258,0.02515943146703413,0.04600594903329385,5.5235172100544885,0.829680902807187,4.367399962338736,0.5914679400942989,0.00941557697982029,0.007097097293959505,0.18305692189714529,0.19617198306252148,3.582683289958402,0.9444002030978359,0.018023756391042093,0.030156944962462656,0.04226425096851,0.0962881916096719,4.8121863838026275,0.9608848141720716,0.01780340147696301,0.03159517419003572,0.08308373098555978,0.10947717719859047
K,数据集/数据集/目标域数据集/K.mat,11,target_32k,630.0,24381,8,2048,0.25,-0.5468043545589699,3.991918566028132,3.1418632935525954,0.6213971665852467,0.16271088265432085,0.610229318514291,0.0001684976880762808,0.0003885790201810829,0.026955156483222345,0.04696134797541047,5.418343694774155,0.8296860606651673,4.405777330238881,0.586973701448943,0.0028843776916268582,0.005067535311697913,0.17966354225499512,0.1809631035288735,3.30760529222545,0.9435319952855643,0.021420414896044113,0.030913108050558774,0.04464606926876465,0.07968894382643657,4.508567894985793,0.9615013484687098,0.026513896238021802,0.03856489082991027,0.05757399349428763,0.11761136257010539
K,数据集/数据集/目标域数据集/K.mat,12,target_32k,630.0,24381,8,2048,0.25,-0.5774536556315336,3.9747612695420345,3.1626167713651787,0.6257938446507083,0.16974921410520993,0.6045178543348517,0.00018277584281459913,0.0003859083873259019,0.029031576053266846,0.04820609769775051,4.871525380719938,0.8205020959658363,4.14893419162872,0.5848821068710196,0.003376482378343342,0.005923713804420363,0.18429832907948968,0.18456851049423592,3.8989216331364482,0.9436949341877915,0.019000779268081646,0.019619134980936082,0.07091495921602202,0.0842720344862338,3.4128644483370305,0.9589236819548823,0.023578458016615414,0.04882395462224701,0.046959611307550914,0.10665708348766782
K,数据集/数据集/目标域数据集/K.mat,13,target_32k,630.0,24381,8,2048,0.25,-0.6041958259808571,4.018370961547835,3.211833959501847,0.626770884220811,0.1649458057783371,0.6100112232910312,0.00017076818329151095,0.0003820739159042772,0.03106639181557453,0.047841512948565534,4.2657587254771645,0.8070110025636223,4.327722784829288,0.5905178184168248,0.004494969069716341,0.005172334965936358,0.17639285643043517,0.17755263365929388,4.139970767984488,0.955035013238518,0.023786826774593508,0.022541098654622976,0.057072557989521065,0.08526070317643852,3.915026452529643,0.9531954095734229,0.01710173559472724,0.047964510872286925,0.06424649488481365,0.12797557191579567
K,数据集/数据集/目标域数据集/K.mat,14,target_32k,630.0,24381,8,2048,0.25,-0.5074911940257569,3.9487431982851318,3.091986079890549,0.6365412799218368,0.17989263397313537,0.5988110632886108,0.0001982170488646264,0.000531440350037164,0.03212573028504785,0.0467214406181399,4.402819699535184,0.7910051450681554,4.495733021410513,0.5919411247031873,0.009125075204725294,0.008460899463439444,0.1729311491905124,0.17174518382834375,4.025175774410843,0.944359636296419,0.017853629512321684,0.028943111180539077,0.06441703778571037,0.0916505703532405,4.086664926920939,0.9643283807454615,0.014737449318842731,0.032603780504424945,0.05900439834190866,0.10313048948838287
K,数据集/数据集/目标域数据集/K.mat,15,target_32k,630.0,24381,8,2048,0.25,-0.45048696965036455,3.952273587583974,3.1114790011327287,0.6355642403517342,0.170262804079829,0.6093793867707464,0.0001690147240227781,0.00033473867542365386,0.02908442213676514,0.04571625972858218,4.108320450536548,0.7981546687017919,4.309340123958699,0.5855482518661298,0.0069022552478932775,0.005230636210368475,0.17701820590273115,0.1880321214537199,4.045242552977893,0.9403461347418016,0.01620519602891196,0.019533365870405137,0.08113464324809816,0.0876191135629697,3.628643274950825,0.964404769380604,0.022021893809734516,0.032857606251368514,0.05692796225007271,0.10469066246098802
K,数据集/数据集/目标域数据集/K.mat,16,target_32k,630.0,24381,8,2048,0.25,-0.4701219782721284,4.038071369903607,3.4242744707705985,0.6165119687347338,0.18562648109323554,0.5998912536950318,0.00021697001205643837,0.00033761801517850307,0.029804977414197503,0.045166283865166204,4.07005323105841,0.7924135906996476,4.1448105395799075,0.5942305538982907,0.00208034858431185,0.005867646215775209,0.17449589788174014,0.1717429692406128,3.5689654801980457,0.9357895331178409,0.022594238749782336,0.028414236280519728,0.06514581135848381,0.08512934716311032,3.7090000588096093,0.9588262307793993,0.03158547353270546,0.018124204919051354,0.06962377323928606,0.1084196061241557
K,数据集/数据集/目标域数据集/K.mat,17,target_32k,630.0,24381,8,2048,0.25,-0.4734149710551916,4.048380649497055,3.6099025660067428,0.6145578895945286,0.16483118446033895,0.6138852807782113,0.0001988387788768899,0.00039484621444384237,0.027788957994481295,0.04764172882179419,4.564788241121646,0.8092524273810534,4.145784823901094,0.6010338381984244,0.004011018086484528,0.005892974218944508,0.17486149599875117,0.1765769727788936,3.363249459591794,0.9520223664839158,0.02220030331293264,0.0188695694912315,0.060979130028514315,0.10325319671807143,3.584860605120976,0.9610833409914178,0.01969220687847063,0.02708397588773549,0.0694966045828417,0.08853591161145206
K,数据集/数据集/目标域数据集/K.mat,18,target_32k,630.0,24381,8,2048,0.25,-0.5098272326384136,4.016702467860824,3.315633831438144,0.626770884220811,0.18374771344777077,0.5947493865461686,0.00025310889807263963,0.0005414688773875296,0.029610784250197614,0.04942664366595151,4.512609887136509,0.8187985933849241,4.254741256322007,0.5885093784127591,0.0032063661586341353,0.006751604243209944,0.1807981972409165,0.17574684377128638,3.1842231222075554,0.9526087599386044,0.024524996700652106,0.01928908833747442,0.05015134475561429,0.10547392549188192,3.648904214970749,0.962291879679605,0.04544196634368342,0.039352685852425885,0.0578730070465276,0.09224429660632008
K,数据集/数据集/目标域数据集/K.mat,19,target_32k,630.0,24381,8,2048,0.25,-0.545590999215025,3.9372561639021053,3.3751305278143358,0.6189545676599902,0.18029007332328556,0.6013583891988009,0.0001982004475562557,0.00036754307406924457,0.031123749859351197,0.048089492401900226,4.091059014405502,0.8133387647635858,4.239071333330838,0.583350763289752,0.0038237644066042753,0.005411897875852897,0.17727650175241555,0.17666210237127397,3.5478167788738237,0.947993357580571,0.03299452432145216,0.017009286595406067,0.043736472941832416,0.0792880449418405,4.438745153209827,0.9578203606172646,0.040814684062325225,0.04034783852955182,0.044801789768412925,0.11939491671942237
L,数据集/数据集/目标域数据集/L.mat,0,target_32k,630.0,24381,8,2048,0.25,0.16219829705815184,3.241051861743388,4.04284796654775,0.3321934538348803,0.03908920377507552,0.8482541979770855,0.0265178943612494,0.036993864483260766,0.1878178252597362,0.12050457775410921,8.681219642768836,0.9230553835458499,3.322525236843762,0.9228275016045114,0.05507196763852785,0.03459398372635512,0.06794606427091567,0.14410349495291266,4.280089222013752,0.9551956949896746,0.04757511840064957,0.068840311397522,0.07531425882131206,0.08020841786505797,6.463835145884093,0.9349788694210216,0.04815399232336432,0.0775929773061933,0.06476459620588705,0.13105718585603168
L,数据集/数据集/目标域数据集/L.mat,1,target_32k,630.0,24381,8,2048,0.25,0.18114700524743324,3.286585865029867,4.066065802232315,0.3277967757694187,0.04266563374155313,0.8449763425943697,0.025758770441110378,0.037566783954592335,0.18176273505574442,0.1458808103863746,5.388573930491926,0.9330455570783414,3.4088733973831373,0.9047811645795922,0.05508312237105573,0.053278198467505485,0.10707058028478064,0.14698227303015238,5.309211590909801,0.9565432453155981,0.057783860355006864,0.0339418506450589,0.06494956188017664,0.08082111886618754,4.399005558096861,0.9267591473485209,0.07449574520530633,0.05485967404932817,0.07687499781414747,0.12001090028145792
L,数据集/数据集/目标域数据集/L.mat,2,target_32k,630.0,24381,8,2048,0.25,0.10911804982345913,3.2924168677233476,3.7723438309166335,0.3336590131900342,0.04295946231203108,0.8266933143200752,0.02440202319786621,0.03564757064183834,0.16598096889236472,0.13787401121238557,4.0840407026768855,0.9105891120444903,3.6503830554208716,0.9152969385577971,0.04659120837167634,0.05057192397633011,0.10749203502869059,0.13921489677087534,5.217056442937014,0.9540460876939911,0.04762105504983814,0.06213738024269349,0.06578617638139869,0.08458191288883066,4.192784663386498,0.9140952139257787,0.09728015372450463,0.07129192695202119,0.08274790272486145,0.13553425864413218
L,数据集/数据集/目标域数据集/L.mat,3,target_32k,630.0,24381,8,2048,0.25,0.024206379908401417,3.4060958332624174,4.48221924048431,0.3541768441621886,0.04075020612857116,0.8271026574879793,0.021907369247228792,0.03182364932670334,0.16391543446495094,0.17952909954483118,5.650647895567492,0.9166098312157743,2.9931211696497835,0.9192807176861894,0.05429832013306921,0.05626712456508807,0.08054080439220898,0.14597525092665917,4.513577966065188,0.9488839077972161,0.05554594763576486,0.0722887061910253,0.06885109472577082,0.08295431938452895,4.5589956892218995,0.9132437950345309,0.07867940012767319,0.06921552307567305,0.09052028102194486,0.13285170858589057
L,数据集/数据集/目标域数据集/L.mat,4,target_32k,630.0,24381,8,2048,0.25,0.022443583996157753,3.3038126932597813,4.495551120101889,0.3346360527601368,0.0470461623347342,0.8308174539458563,0.022437079352100733,0.031866550494058926,0.14962165238672942,0.18139092783034502,6.074608486374198,0.9302837629879886,4.443680287016691,0.9320016693143781,0.04196110354030785,0.03900775453436306,0.054812833810309256,0.13299922345543272,4.912977470506672,0.952623328153669,0.05666467536147738,0.03553069283907285,0.08056742441222285,0.09574977651283016,5.062610602275663,0.9299944734255637,0.04484423193383255,0.07066504880562094,0.09840609522218385,0.13869636353271714
L,数据集/数据集/目标域数据集/L.mat,5,target_32k,630.0,24381,8,2048,0.25,0.03239710376463784,3.0602265105005344,3.6540388723567814,0.3312164142647777,0.0287826987435749,0.8415885276011672,0.02471068095298816,0.0341538571616883,0.120551602773601,0.17399135456295883,5.575328716232522,0.9211100572550487,3.318277313598405,0.9234217163692443,0.05222432042343975,0.0310758388663656,0.07160132631980072,0.13355266163734147,4.90410622005999,0.936223142178917,0.08509028220995514,0.028049588249049958,0.09538738243846204,0.07876415698108062,5.258252387469287,0.9307435595519025,0.0528482860005365,0.039173851577758496,0.10791243080587931,0.14777230865364097
L,数据集/数据集/目标域数据集/L.mat,6,target_32k,630.0,24381,8,2048,0.25,0.07497635821813366,3.1025509960525293,3.458725435951164,0.3429408891060088,0.03722937905609864,0.8312645784814713,0.026209844729322612,0.03533631014841749,0.1512795046066652,0.11061091061602336,5.527503609117085,0.9224761675644234,3.71785429860262,0.9255717827189929,0.052121034500887356,0.03427309397829605,0.08673607464672098,0.11734073862055923,4.042466412464486,0.941524418191921,0.08034802086266148,0.06506213387544049,0.05747350407416129,0.07168523317519646,4.982574840925816,0.9226094242201393,0.06203274131328892,0.038228604680309856,0.07814409162212811,0.15611722946364134
L,数据集/数据集/目标域数据集/L.mat,7,target_32k,630.0,24381,8,2048,0.25,0.025384364379997124,3.14397875483264,3.49678500677221,0.35661944308744503,0.045428018986088316,0.843963390992164,0.027197601409306625,0.03649193106505072,0.1762778703630169,0.11203026782906088,5.436517525362044,0.9023120053512819,3.9886462199478565,0.9216385241191458,0.057315596808724716,0.044875859893172075,0.06576893661866014,0.13020263810323732,5.96040658084143,0.9204570780157936,0.13804842970290002,0.06772224030809303,0.05561439887107042,0.06375339556513789,4.759522963443416,0.9248834749572632,0.0991028182662855,0.032371099041197116,0.07248843105312139,0.11904846802130586
L,数据集/数据集/目标域数据集/L.mat,8,target_32k,630.0,24381,8,2048,0.25,0.0038723244816973763,3.1427376877818145,3.403622941769951,0.3439179286761114,0.03537357649712271,0.8354984834416525,0.025523828254488172,0.03827520490066125,0.14594598306008483,0.1320334702600884,6.005965399875709,0.8944905938937314,3.9997175742723923,0.9108589313400547,0.07613539116544571,0.057772172622936754,0.07219694633561374,0.16840550279858896,6.214308527502596,0.9204572779719672,0.1399668826048361,0.04217984223773515,0.060776086470207775,0.06672135250112123,5.013649529199225,0.911496769739349,0.08864618451437668,0.030418345822397233,0.10958309227832407,0.14518192965413562
L,数据集/数据集/目标域数据集/L.mat,9,target_32k,630.0,24381,8,2048,0.25,0.007593910597983789,3.3253094099398393,3.671419924293687,0.34831460674157305,0.04035076501862174,0.8434130541146926,0.025786894447824945,0.035470976596655095,0.14935340167413838,0.1758454632057208,5.812161362684818,0.9151752319624973,3.7289175539460455,0.9239277182853938,0.04124722050449689,0.03733989394434937,0.07905776223719602,0.1522292113040993,4.178918202108144,0.9486708939146355,0.07525443295395164,0.03772143376522269,0.059845080371591565,0.07405952248540583,5.0860603818429615,0.9312753818186269,0.05653193072547894,0.04675974649786489,0.08092218807993529,0.11477916641195199
L,数据集/数据集/目标域数据集/L.mat,10,target_32k,630.0,24381,8,2048,0.25,-0.03951629398030144,3.1441363157698676,3.5605921839746575,0.3356130923302394,0.041855509278840276,0.8307490388146118,0.023258324130222923,0.032516089854073386,0.16828653171565836,0.18669089836318964,4.621319403564051,0.8681095096158286,3.7523898872342385,0.9097027388547276,0.07817354826453096,0.023382848750166402,0.10988815563806428,0.14725312005286542,4.281573665925578,0.9423982427146542,0.10279361259194482,0.025362459381802153,0.05757603942180073,0.06177616584090563,4.368383443201136,0.9086486657946841,0.13041042543822226,0.055935841583700005,0.06299843022227905,0.10817793203814467
L,数据集/数据集/目标域数据集/L.mat,11,target_32k,630.0,24381,8,2048,0.25,-0.05208251136092003,3.2517255012435533,4.470793573923638,0.340009770395701,0.034952854776348546,0.8279595302976209,0.021927327863944416,0.0328501327273688,0.16195515409497022,0.13749952524543782,5.699266173967097,0.904319297598822,3.8872329841950615,0.9162531063301368,0.07213675496798926,0.04474242854866803,0.08212516438412798,0.13039977280968848,4.229073240607459,0.9604984058922351,0.06436560485512345,0.025309006736631577,0.040736249660185166,0.08219451658854013,3.8826368778072653,0.9184895987657821,0.0864606700813698,0.05683194735606453,0.06824408802653234,0.09645210005484552
L,数据集/数据集/目标域数据集/L.mat,12,target_32k,630.0,24381,8,2048,0.25,-0.00814718597671617,3.4078800499626825,4.822584897432252,0.3600390815828041,0.04059078613274864,0.8377408137029786,0.02456527787627649,0.03852032519142068,0.14718272026693832,0.11916749923877229,6.79195088967096,0.9184672497913182,3.684460938990054,0.9239618255095946,0.0538845952064811,0.040895602239001544,0.08516202374578676,0.139177615418703,4.442290585128855,0.948829398665449,0.06780895894799775,0.05917663772574443,0.05331939771047114,0.08343968226813049,5.388662092518443,0.925499568224979,0.08350108430676499,0.06417770766756323,0.08433737384157602,0.13022900570459117
L,数据集/数据集/目标域数据集/L.mat,13,target_32k,630.0,24381,8,2048,0.25,0.17188293939174662,3.132914951379214,4.142875886882575,0.35026868588177823,0.04407261600413016,0.8350519980303464,0.0245973178647623,0.03716053160635126,0.18077916721932155,0.10154394573518231,6.078201552149227,0.9072450209228763,3.9176775956073824,0.9180928178451264,0.0495461195264355,0.051896868350037574,0.05342181980640668,0.15742391242361145,4.461954063180191,0.9459615938778803,0.08069651534575963,0.05674244549687635,0.06578613555033956,0.08251778286253977,5.811289092869796,0.9140947704082828,0.0907217744810774,0.0726102547401126,0.10822846620193359,0.12062565675066886
L,数据集/数据集/目标域数据集/L.mat,14,target_32k,630.0,24381,8,2048,0.25,0.17081126969770188,3.140049889812919,3.993018950113078,0.33805569125549584,0.04191670141583063,0.8377365316783961,0.0248878733522313,0.037443210762734415,0.17096868230021003,0.14388046313062836,5.377319493114258,0.9059504257095587,3.73916708013651,0.9324957901133327,0.04323959967312625,0.03995007934708666,0.04845865469975065,0.14842574512339934,3.9453324797512095,0.9483248830840509,0.06277568562418138,0.058908323131153,0.07205290694658109,0.0938002521941284,5.029344720238183,0.9016383975105074,0.12618824611209223,0.04970411542754432,0.11979375710232412,0.1217742843986626
L,数据集/数据集/目标域数据集/L.mat,15,target_32k,630.0,24381,8,2048,0.25,0.08872373356462503,3.316424227450668,3.9991714006978087,0.34049829018075234,0.03840336320098054,0.8301081978733156,0.022946231356622226,0.034346841238063544,0.16256121483219346,0.15218185210562113,5.494497058997437,0.9165334859189359,3.545772581828111,0.9310730222213497,0.038253247445903034,0.033285542065155625,0.07198816385706396,0.1570721944949502,3.759155060693183,0.9585805336660445,0.04971661416180786,0.050957880955751156,0.05885767211541874,0.08367118071997044,5.220112888460527,0.9197119313302772,0.08064789121680721,0.0542490091267865,0.0931483737693166,0.15598330193357704
L,数据集/数据集/目标域数据集/L.mat,16,target_32k,630.0,24381,8,2048,0.25,0.1325728073398464,3.377217882800461,4.033696151648046,0.3424523693209575,0.0341794362895271,0.8378169890425325,0.023324319187233836,0.030472697797423447,0.16523883741753534,0.13925110260922544,6.100872560581014,0.9169589645952005,3.8692285185608957,0.922199290225585,0.049912055411613386,0.05271074871984046,0.08845557492358457,0.1431038758169035,4.311515634904155,0.947298557569732,0.05836680030662357,0.059535807052792405,0.05818715036084446,0.08506369661428924,5.83920854178927,0.9232254873565906,0.05624277486036454,0.045952091587451394,0.11461313503955373,0.1644807103737867
L,数据集/数据集/目标域数据集/L.mat,17,target_32k,630.0,24381,8,2048,0.25,0.12570953189256667,3.1249110126143473,4.140897448478188,0.33707865168539325,0.03730787536458838,0.8197944539185451,0.02160516203833177,0.030716885560084034,0.18686758417091734,0.13202716475410217,5.948604331753448,0.9211916255490691,3.5893333381977586,0.933078253948383,0.040267002887909235,0.03853845621476283,0.05796898203199264,0.14655013887877563,4.651758955571482,0.9492840906432444,0.06131705189027327,0.03624327875286103,0.0654330465703014,0.0740075483879722,5.7371923724944445,0.9292512697573315,0.04670560739365284,0.042216340309390435,0.0971467142561157,0.1255245238425364
L,数据集/数据集/目标域数据集/L.mat,18,target_32k,630.0,24381,8,2048,0.25,0.036928027791139365,2.917910250272373,3.296043202488331,0.33610161211529066,0.0487806403919164,0.8268328615959954,0.025152329454548556,0.03413386449974525,0.16967903711418802,0.12322047530886206,5.508575819549115,0.9311773792161345,3.3333490926929574,0.9227470380520412,0.056459657601786464,0.044998880383686095,0.07087945021612935,0.1667386293595326,4.336683460088145,0.9598219971418879,0.048860105853816276,0.029848756399453055,0.06570662433282452,0.08746291186046674,4.83416535109771,0.9362111491116314,0.03709077985892071,0.050645743816820486,0.09416169331294356,0.12457779325387719
L,数据集/数据集/目标域数据集/L.mat,19,target_32k,630.0,24381,8,2048,0.25,0.019908565222740367,3.0486350477164788,3.692836729301743,0.3238886174890083,0.03848209688196216,0.8479266106295437,0.026599249093853614,0.04126865735417834,0.16901785909072334,0.1034677748361491,7.658061254340005,0.8951412633448744,5.146607665603598,0.9027260601477143,0.09475909795201248,0.050152411004804755,0.10290844573617972,0.14431630924277178,6.808791393151801,0.931945202093519,0.08910659466270536,0.07018501503530834,0.060595177406001066,0.08704296294778419,5.752954033111979,0.9235831376047864,0.04716065552220012,0.0878326428174129,0.08957103580350606,0.15496112776339355
M,数据集/数据集/目标域数据集/M.mat,0,target_32k,630.0,24381,8,2048,0.25,-0.6433563570599514,3.857935372568107,3.3469549817779343,0.6248168050806058,0.1070699401707282,0.6444109115883616,0.00018482848144229955,0.0005828663597426139,0.029576295657841676,0.03400070134294086,3.5962666220011354,0.8152458762370823,5.031526541961844,0.6123445819076277,0.0028467192336660866,0.005290348763373029,0.1529735039751223,0.14078760739049992,3.876987125124196,0.9328129886454222,0.017132638707337295,0.020655101152010562,0.07766610234053974,0.08738060112713697,4.223899024698087,0.9519690471945867,0.020983847092170167,0.06365004553875124,0.10256521720701368,0.08533364476742765
M,数据集/数据集/目标域数据集/M.mat,1,target_32k,630.0,24381,8,2048,0.25,-0.5541637352957619,3.765200775661533,3.2580655797086626,0.6062530532486565,0.11931138003195568,0.6453445930133777,0.0001749868054716729,0.0005182690778237351,0.030186765091135773,0.03377550420435555,3.502675551358839,0.791318636022204,5.2249182883122005,0.6169393686124532,0.0037342783110758697,0.008783725068349109,0.16154413914954444,0.14977428328168635,3.5956384537732187,0.9271533526947775,0.010896211512057842,0.018429777470903897,0.08388108533272456,0.10928256964563259,3.8068363270180714,0.963229735463865,0.02101448393555269,0.02890406196352178,0.07399105564358728,0.09752561169362332
M,数据集/数据集/目标域数据集/M.mat,2,target_32k,630.0,24381,8,2048,0.25,-0.5716780916009679,3.7827245593790257,3.23482607347863,0.6223742061553493,0.12087103260175708,0.6205731039628251,0.0001725011464538162,0.0005548167477761359,0.03159640455660913,0.033252112132803144,3.279725408926473,0.7802917601650825,4.9995487317149685,0.6162865498245773,0.0034040887803635654,0.005710789669252309,0.1547532052936869,0.1427867540028821,3.2023857069434296,0.9138626728241777,0.014901399005195323,0.018276995167128048,0.06905285213673847,0.10156683029852837,3.9738188986350163,0.9649866429503489,0.012751603031375219,0.03238049835363417,0.05236743968674232,0.11747782562417589
M,数据集/数据集/目标域数据集/M.mat,3,target_32k,630.0,24381,8,2048,0.25,-0.5868278357108706,3.7761338783789875,3.2162212301248223,0.6023448949682462,0.13503132840435522,0.646968728835017,0.0001870692739216268,0.000568225947000184,0.029300598800241474,0.033320216306840275,3.1615633073694256,0.800818696913858,4.9932477107860205,0.6277645798469467,0.006036668733266062,0.006675671185441299,0.15806839201738168,0.15496226744861938,3.4803533572035104,0.9248325776642452,0.010783111437343902,0.01936843452101044,0.07070273220549536,0.09003947386919162,3.7451715529663523,0.9669702731356202,0.0159634647308956,0.01751973604065238,0.056881994024978684,0.11886751929251434
M,数据集/数据集/目标域数据集/M.mat,4,target_32k,630.0,24381,8,2048,0.25,-0.5862915044881668,3.8521310386746905,3.4760585644620403,0.6082071323888617,0.11158013683709785,0.6341263162832191,0.00019439084453277394,0.0006441387614541049,0.029355427953164814,0.030201724832341275,3.2593651420323684,0.8029098009924704,5.078379670049411,0.6082407084385457,0.0042925965457727595,0.004964443640318137,0.15872212725626514,0.1472885380775712,3.818309729454037,0.9354549722180663,0.019531958951471383,0.01989950733512188,0.07392760715130339,0.07724161001981038,4.166714939428225,0.9617363573435206,0.025736166256382413,0.028526087764813246,0.06643064935563218,0.11503367646903705
M,数据集/数据集/目标域数据集/M.mat,5,target_32k,630.0,24381,8,2048,0.25,-0.567017104027864,3.8882056456862166,3.4916360035620584,0.621885686370298,0.11382900175301092,0.6481940778070862,0.00021239804480888052,0.0006332397490112538,0.027447485970967047,0.028876158758176784,3.2760781960616554,0.792923929942035,5.015250757355338,0.617501710111305,0.0020265093485880917,0.006358235057492739,0.15979300077014488,0.14947363050093634,3.457561192026595,0.9273294469076144,0.02375562240299626,0.01651446168795903,0.07543504643373275,0.079948025831736,4.19333169359174,0.9616129428617686,0.024293883042225985,0.025153831226089753,0.05514133989620098,0.11608927909468597
M,数据集/数据集/目标域数据集/M.mat,6,target_32k,630.0,24381,8,2048,0.25,-0.5018560733223012,3.967239311701816,3.3541072891564805,0.6262823644357597,0.11193692161886368,0.6391645859644243,0.00020389150710168122,0.0005704102500135993,0.02756327141360942,0.03061215340117838,3.4035610161076426,0.7898056799135379,5.059269575710329,0.6256126452551825,0.005393691564732329,0.00733915472343354,0.15815574725212317,0.14461216385584955,3.362978242421752,0.9167200620556016,0.022219776281988107,0.020190070614087854,0.052281354514600475,0.07982178592198179,4.130639303819208,0.9596367124066169,0.018843958298225227,0.014954501248972043,0.07291456349053677,0.11481429413952261
M,数据集/数据集/目标域数据集/M.mat,7,target_32k,630.0,24381,8,2048,0.25,-0.4940353401101613,3.8993318463148388,3.3791579445266726,0.6150464093795799,0.11113364696977088,0.6476667916736736,0.00019780410324300268,0.0005191423565702205,0.026028020469753405,0.02967135420513616,3.3660405657232007,0.8093906446968319,4.993161143819544,0.6107641622660912,0.002631948423918109,0.006212168845085343,0.15493018050729718,0.15421715601621744,3.6284537524504485,0.9303533183390885,0.030001020958596535,0.02724849189662575,0.06393401491154763,0.08219577702683263,4.007199315800434,0.9623444071760803,0.02066468026097459,0.017534224183288066,0.06948387597316324,0.10427582754996755
M,数据集/数据集/目标域数据集/M.mat,8,target_32k,630.0,24381,8,2048,0.25,-0.4965597821181015,3.7523592892490885,3.480200636896599,0.6297020029311187,0.126206047639169,0.63082177659853,0.00019508593921076779,0.0006105035566877965,0.026120132669731254,0.029748255667193264,3.314603816470585,0.8039206709860588,4.788493278365053,0.6087759813097068,0.0019144278042664794,0.006092159097106801,0.16315012565545814,0.1443837868065993,3.5660253123602605,0.9244152143007618,0.030829774400393667,0.018237803012639636,0.06363396648825548,0.09114869335951141,3.926330747524232,0.9604982652649484,0.025642969779098575,0.028028916936219287,0.06432736064665752,0.12242240627381556
M,数据集/数据集/目标域数据集/M.mat,9,target_32k,630.0,24381,8,2048,0.25,-0.5387650798388128,3.7762207155238454,3.5241961677550595,0.6101612115290669,0.1323257391829266,0.6430537420270724,0.00018687509687960493,0.0005687787446279524,0.028862102731779707,0.03405559324420848,3.407629646514019,0.7971597934367959,4.811431227459347,0.6246833830580057,0.003876578523331538,0.0055774321995921946,0.15246903283960492,0.14953813147540504,3.700072552364586,0.9160875069462147,0.037394421376648605,0.016511628126104308,0.06131001278164879,0.10359751910495357,3.964088092971859,0.9603430159424441,0.019690342037061444,0.0315905528916574,0.06779940869131587,0.11547114266085512
M,数据集/数据集/目标域数据集/M.mat,10,target_32k,630.0,24381,8,2048,0.25,-0.579609554220219,3.8462050885035683,3.5713017956015283,0.6047874938935027,0.12321466250787551,0.6347642568454612,0.00022381393647829913,0.0005701105589862247,0.029043071930550193,0.03268583137466275,3.577600286022089,0.7955520587913878,4.898131349185575,0.6211147405652849,0.0049391946461452285,0.008318390299729438,0.1604483943085784,0.1398918421449473,3.7062737085129767,0.9298686035567646,0.024946354602717956,0.023114936067404192,0.07762116888838834,0.08921692090118881,3.693069066608417,0.95074534155969,0.020223787353314367,0.0279044826411559,0.10139852920366776,0.09145056133064834
M,数据集/数据集/目标域数据集/M.mat,11,target_32k,630.0,24381,8,2048,0.25,-0.5483573026309111,3.8489272507589343,3.5416308296377346,0.613580850024426,0.11513914419495813,0.6381626217816998,0.00021327480609529268,0.0005413629287037429,0.02774292660135644,0.02973189300533058,3.610919269387968,0.7947304979663697,5.022176348239347,0.6160446727786172,0.002597774683001595,0.0060955614416409,0.16010587441546464,0.14687930158724433,3.3778668399840144,0.921518777900102,0.02427009212145784,0.020468383377834666,0.07878275056868869,0.10750011295480058,3.7869507813436782,0.9557063502328773,0.025632318774963306,0.022985274369734528,0.07807162343276668,0.1087364210837334
M,数据集/数据集/目标域数据集/M.mat,12,target_32k,630.0,24381,8,2048,0.25,-0.5489483651848036,3.856717005707704,3.1655622234957037,0.6077186126038104,0.1383356135480914,0.6350807357620687,0.0001859654334347313,0.0006138472164801074,0.025800652819575803,0.02906016273466627,3.682400582714591,0.8019252969033029,5.148296106958352,0.6178139363226584,0.003931700906296223,0.008996683150462365,0.15644716217236754,0.15214171178562466,3.204145265245361,0.940548823109366,0.022293297199330524,0.018469142886858504,0.0619880441988751,0.10079096091226927,4.600466982316377,0.9513345331802031,0.02680282939986405,0.029996610591562944,0.08055001634443744,0.11600459646842941
M,数据集/数据集/目标域数据集/M.mat,13,target_32k,630.0,24381,8,2048,0.25,-0.5504995986798197,3.8343375289370916,3.6215349940767503,0.6170004885197851,0.11761525198773794,0.6425799667423322,0.0001801610954252553,0.0006063339522387836,0.028400165085166896,0.031195266898591586,3.4986448182756744,0.807046879508585,4.9577036777159424,0.6090157971144049,0.0041065375770423605,0.005067823244766231,0.16337749874414917,0.15053045214169453,3.326532901036833,0.9375195321227039,0.024678994817134356,0.021544242677241858,0.07274053578495579,0.09619893070655847,4.618942160110019,0.9610588689682898,0.024802559887086163,0.028041425360118544,0.058995684914456864,0.11668051887420997
M,数据集/数据集/目标域数据集/M.mat,14,target_32k,630.0,24381,8,2048,0.25,-0.5159823012524343,3.7009767819939823,3.613959151148182,0.6321446018563752,0.09417624991254622,0.6689667568060228,0.00017539064589457848,0.0006291192683417839,0.02869171499650215,0.031174133976544154,3.327010615885541,0.8106901766050304,4.9710109335817325,0.6241235675529694,0.0028291487071917107,0.007456415665139501,0.15518788797416866,0.15280746950835994,3.3412178893453053,0.9305037881054092,0.023337335709970694,0.03209601473375842,0.07602564369547021,0.09573120733984673,3.6971520829680746,0.9578110598755945,0.02487767556777569,0.03550040859694837,0.06854076510978267,0.11128285633571358
M,数据集/数据集/目标域数据集/M.mat,15,target_32k,630.0,24381,8,2048,0.25,-0.49564218918761854,3.7406739972284218,3.2531980571663337,0.6106497313141183,0.09306350814576844,0.695341448733813,0.00018250359362835788,0.0005593404903909134,0.03087561995362521,0.033269378976447654,3.5345554080276953,0.8215257930818822,5.085409802242514,0.639710365660631,0.006633217520489065,0.008562029239180877,0.1571660815384514,0.15412608158421748,3.6850301167329165,0.9265906429204136,0.02965506193648808,0.030298684050311327,0.07015817791833776,0.10768917118246166,3.949972582562814,0.9638897102550148,0.020496887933290887,0.03367823542457663,0.05216095661468975,0.11715792453083215
M,数据集/数据集/目标域数据集/M.mat,16,target_32k,630.0,24381,8,2048,0.25,-0.5196818400854832,3.792381365117222,3.299248482833285,0.5974596971177333,0.10762017573285076,0.6697784602871489,0.00019708782564696714,0.0005697497179626645,0.03610649645253538,0.03654313091263052,3.6171399305485203,0.8016786532332512,4.912123808094137,0.6239955904728367,0.006538490522212061,0.0047537326492366055,0.1585207392379482,0.1565114330141015,4.032499028970881,0.9295559342659894,0.02127986981598895,0.023289336273836468,0.060264044111008615,0.10175090836882143,4.26904768759246,0.9644601590721912,0.016449300771356173,0.021678772626868122,0.05803931970328157,0.1155663548669854
M,数据集/数据集/目标域数据集/M.mat,17,target_32k,630.0,24381,8,2048,0.25,-0.5224010629317123,3.7995895638705695,3.6363622889986758,0.5925744992672203,0.12061596964841445,0.6676204421433419,0.00018421312844160714,0.0005116901892996326,0.03622955619962544,0.04028564275303574,3.429795476593665,0.8000066299653124,4.803498423452264,0.6246245004284483,0.005705491769118125,0.00833155972681461,0.16700529382024995,0.15462844190904543,3.6805156732718176,0.923510907957191,0.03741801469892037,0.03770347491349608,0.0967647444482509,0.09976126209532483,3.7591517027882553,0.9647450689193477,0.02099369531107187,0.028408465309893164,0.08199204685343243,0.08800406485919227
M,数据集/数据集/目标域数据集/M.mat,18,target_32k,630.0,24381,8,2048,0.25,-0.5227446300379833,3.8685532621465812,3.5987598454785585,0.5974596971177333,0.11420240912835321,0.6463401274129137,0.00020997423761666526,0.0006088064878411954,0.03799455633231708,0.04080689693940217,3.720998115575037,0.7998253297416333,5.263390760048823,0.615473989611479,0.004598259063213259,0.008690864791524157,0.16503636209972408,0.15763643372670255,3.5004428892688435,0.9240813239980012,0.022035075144491455,0.0259108212434354,0.08253021810524658,0.10467682399213882,3.486859941146688,0.9623576946672263,0.016935658594292698,0.03384580014691121,0.08897264222809745,0.07852719159921406
M,数据集/数据集/目标域数据集/M.mat,19,target_32k,630.0,24381,8,2048,0.25,-0.5862482955406774,3.8373365283480707,3.3532341456946653,0.6023448949682462,0.12207177228013716,0.6570672039299561,0.00021565771979104384,0.0005937568830465852,0.03600494383535346,0.03875155789769331,3.8480216255749697,0.8058652623781416,5.323155890050081,0.6102298373044469,0.0034992272533447694,0.0053643504950856204,0.15903800643632104,0.1718108439595535,3.565305032237549,0.9282820024396101,0.015008757479966042,0.019264830330329455,0.08677131152603597,0.09402704753871848,3.920862630116957,0.9683371700791451,0.02163770363097279,0.020229577530224457,0.06366885011463373,0.08947431202231045
N,数据集/数据集/目标域数据集/N.mat,0,target_32k,630.0,24381,8,2048,0.25,0.09440012909281266,3.3704593800920972,3.899021765634007,0.6595017098192477,0.10188737619501306,0.6990845677264894,0.0016241395946273614,0.001900463093839522,0.007979946595023971,0.04213571753681455,82.46989251094497,0.8480499927007646,3.5070844098972715,0.8911134528455815,0.021980178047841168,0.027852109825674865,0.08587558169122729,0.1853896113119384,9.206729145757224,0.9398837973689962,0.013544410170500926,0.025030062928127192,0.04550302523940452,0.09872278724155274,13.209809004239931,0.9534743334751706,0.060296470919739,0.02928652645628789,0.06509868528986355,0.08029530999569344
N,数据集/数据集/目标域数据集/N.mat,1,target_32k,630.0,24381,8,2048,0.25,0.18814035459985046,7.378547983209954,8.71805943876534,0.6844162188568637,0.08972345818192443,0.7541188498831439,0.0015804119913907376,0.0018939722088780861,0.007487712871705401,0.03608672966164472,65.957579734402,0.8366550327613096,57.00650256694294,0.8895444819053088,0.038245468503732886,0.04511058281175483,0.08668138977286477,0.18012041868588352,93.1767057437799,0.9408246829379545,0.022622330978623196,0.03387049036867611,0.054497316510975544,0.11444563340134581,14.123023844319187,0.953145949862998,0.0567172478387902,0.04095857592797212,0.05507626471442847,0.10429504223575908
N,数据集/数据集/目标域数据集/N.mat,2,target_32k,630.0,24381,8,2048,0.25,0.11186015687939571,7.022988836587051,8.32075794042939,0.6780654616511969,0.10275881382785643,0.7036306035804047,0.0016167341486208314,0.0018651889770406787,0.0074775436899055785,0.04399241261736174,56.44242546866078,0.850475805026784,51.99213660180955,0.8936168143983841,0.023981636347622175,0.025273769272603483,0.0671614236307404,0.17538051830002904,89.38582693530748,0.9452214810875321,0.023094545777872514,0.015726212621993113,0.07129844146610446,0.07607489877436485,66.26135083216779,0.9581427168949819,0.040371931508850004,0.052710045493947075,0.07272424212103923,0.08946359368120109
N,数据集/数据集/目标域数据集/N.mat,3,target_32k,630.0,24381,8,2048,0.25,-0.013373159058081114,3.1127891096510165,3.4527236307850466,0.6868588177821202,0.09868861389949414,0.7119324036140764,0.0016247756384376421,0.0018091470538673204,0.00776030603877466,0.03913204998533272,56.57758233389091,0.8506336588478917,3.173885783881081,0.8944241160043541,0.026813052515979992,0.02372815946722268,0.05737063075975003,0.17186679196871463,4.793206647217847,0.9475077419762028,0.02535803530620765,0.025058805616591292,0.05598955201357459,0.09156220303511656,71.40138841856479,0.9475859601820692,0.031113806320594635,0.04817718440935847,0.11501348014124115,0.10652146335680726
N,数据集/数据集/目标域数据集/N.mat,4,target_32k,630.0,24381,8,2048,0.25,-0.19514914394933996,19.137914388273394,11.167308997325794,0.6922325354176844,0.08531397257095165,0.7401152519939147,0.002440066631296198,0.0034500426898822095,0.008725028622384345,0.03894256732746267,58.75934505165381,0.8404460921730201,40.42309681471764,0.8934546204113151,0.02942851063534727,0.039257053405035894,0.06375892539751174,0.17251327036929126,9.76668512299219,0.9351516466009597,0.021416272793679227,0.02013367160525824,0.06297103795984514,0.09643507679868404,31.805453499046305,0.9455583942938174,0.04954857411748022,0.03362771620702468,0.09630191332919237,0.10493711207651617
N,数据集/数据集/目标域数据集/N.mat,5,target_32k,630.0,24381,8,2048,0.25,-0.34218151300838223,20.09414665381638,11.06383882935683,0.67171470444553,0.08766891935615687,0.780509355210425,0.002108440279745724,0.003061998591723047,0.008431425092676793,0.039743393973463964,67.20258940625874,0.8332709504668657,38.26881959325931,0.8999587181216315,0.02074489262000038,0.03396989971291839,0.06406603655172552,0.17104744109667958,9.059078792455685,0.9302407147502582,0.017640625259091748,0.019729461303465676,0.06552564639923393,0.12777179123365845,30.78353904036165,0.9351498155171203,0.051387703853796186,0.04866008902100772,0.1237013054276978,0.11090959243730994
N,数据集/数据集/目标域数据集/N.mat,6,target_32k,630.0,24381,8,2048,0.25,-0.032724997363363775,3.343478806687135,3.397538429744975,0.6614557889594529,0.09975859585721884,0.722676052183301,0.0016690258592872175,0.0020606765798687997,0.00730027784409482,0.0542421357992261,60.563814905133434,0.8414419518479669,2.899514688395061,0.9035908326061663,0.03036572435336238,0.030691050209384892,0.07283661302098231,0.1494513099651177,3.6977269152493064,0.9455316692653367,0.03250793879650618,0.017452204132371002,0.051799898578331074,0.08718282136975404,16.545272986555215,0.9529646545971266,0.04061200378198147,0.03464728779628266,0.08123115272861446,0.12260505437389146
N,数据集/数据集/目标域数据集/N.mat,7,target_32k,630.0,24381,8,2048,0.25,0.005402345482107938,3.330247507470045,3.6672351999078767,0.6790425012212995,0.09458679291002621,0.7157862232437635,0.0016396546043236581,0.0018020203654264392,0.008080684575915497,0.04211986756491767,57.18203450206132,0.8252733702609766,2.811485091118123,0.9029107758603504,0.04347734160411383,0.03509503465115578,0.06033674216268309,0.14268810896519682,3.520074570493272,0.9472140558513363,0.0221201140120353,0.016182844389688863,0.052303165666135444,0.07743006323375672,16.375104799879384,0.943520530983216,0.05852146770846771,0.037500360003962147,0.07068220260995406,0.11995324202323569
N,数据集/数据集/目标域数据集/N.mat,8,target_32k,630.0,24381,8,2048,0.25,0.0900964872881483,3.3108360702069515,3.8828830738150324,0.6863702979970688,0.10953954778309583,0.7119969412496823,0.0016141846116969874,0.0018323573130263038,0.008828805800568277,0.0418990916280488,53.55031446278523,0.8459769004673776,2.8579766139374883,0.8982390714768123,0.020562515291980665,0.024512876008592772,0.08034048056851571,0.16978303587341123,3.730171600762393,0.9458835673354139,0.014790140593322313,0.0182052657209748,0.05015997392092757,0.08774597808395108,17.83604604413389,0.9463504780671376,0.058740826213861154,0.02271735678517141,0.08546525259467536,0.10331167050212837
N,数据集/数据集/目标域数据集/N.mat,9,target_32k,630.0,24381,8,2048,0.25,0.11772824176868435,3.316148626929653,3.9489937789140632,0.6814851001465559,0.11234503546209589,0.7035504838880043,0.0017107414789474607,0.001981490678404658,0.008921634779845696,0.04126743684861421,45.674056445392765,0.8441378603393492,3.0553586941884023,0.8969461624366682,0.01237599619190674,0.027058325075748294,0.07073908358469114,0.19391693403170696,3.939397582446479,0.938846837416132,0.017529849622755098,0.018119093131525765,0.051796963235713214,0.09471991232648688,17.957018379387584,0.9458515522436257,0.062173081579268576,0.02426696634806315,0.09123778941066876,0.11116612531408328
N,数据集/数据集/目标域数据集/N.mat,10,target_32k,630.0,24381,8,2048,0.25,0.06816740606826778,3.2964464575804424,3.563521754480312,0.6873473375671715,0.1112094336490875,0.7045245950729617,0.001686894712880111,0.0020515714622050102,0.010463902819000809,0.03256759764747965,55.57234267189696,0.8533705093670777,3.850403696196482,0.9015090065955896,0.01831641729778942,0.02590387368016285,0.06471652752783007,0.18686833837299743,3.2976528124889093,0.9468519669927197,0.010674696557741947,0.019899872467795628,0.04610439935446163,0.08398102424297098,26.08827718293875,0.9463698057567238,0.04478879870312518,0.03791094052258022,0.07538493753500124,0.13681798949125437
N,数据集/数据集/目标域数据集/N.mat,11,target_32k,630.0,24381,8,2048,0.25,0.03450210205598586,3.153626768384195,3.5908526262274,0.6985832926233513,0.10863448834740436,0.6963697120661829,0.001697041591596391,0.002047674316294748,0.008127516150748687,0.038047748789247465,66.996005267007,0.8350110175784313,3.455793801227927,0.8953690149203807,0.02135978775843556,0.03442656216589261,0.07085742604991373,0.17321666854626752,3.5989844321429416,0.9475044816902367,0.032969631365442224,0.03543288145375401,0.04767298948797234,0.07871533873327743,27.6406702094031,0.9430523496258724,0.05377371299413868,0.036146279774733496,0.07098705965543962,0.14285330270157384
N,数据集/数据集/目标域数据集/N.mat,12,target_32k,630.0,24381,8,2048,0.25,-0.2021013844057708,15.842223079877442,10.720881743240371,0.688324377137274,0.09663259924538029,0.7500667640780053,0.00394160234149859,0.005724632434538907,0.009984259294656827,0.043354058615642045,89.98506626123383,0.8394527219774036,15.018032654578365,0.8850593280212972,0.021847370289221513,0.029768700117015358,0.07640981972945507,0.154721988625463,8.86124814246923,0.9450297354158496,0.03344275079383977,0.0310230587705628,0.0482988227772913,0.08753000755928186,54.71928334963441,0.9419986030726168,0.05527918914492422,0.03978268935424353,0.07345963121953664,0.12617557082182815
N,数据集/数据集/目标域数据集/N.mat,13,target_32k,630.0,24381,8,2048,0.25,-0.24416551498588834,15.94579893226052,10.373352954653587,0.6858817782120176,0.10315810948711118,0.7801971727628583,0.0036591464015492217,0.00521413562050234,0.011347831967585074,0.04564145095080951,89.15223280727925,0.8366808033652433,15.019137616647262,0.8886214031208687,0.02806458774306657,0.022318945572968825,0.0632995986738639,0.17820650631290103,9.435833544436907,0.94924991983625,0.024123325768884468,0.03564346087259458,0.05587746102502273,0.09589938415111256,49.95735950428889,0.9292538104766238,0.07371928118797354,0.034142120586696585,0.10071812486445175,0.1539894893549526
N,数据集/数据集/目标域数据集/N.mat,14,target_32k,630.0,24381,8,2048,0.25,0.10233469456067215,3.1982112368208133,3.783547637771535,0.6805080605764533,0.11430411056650867,0.7003648894674099,0.001634693767312976,0.0019234280341913726,0.010641157217716867,0.038133027825403155,64.20918968775456,0.8265571111958749,2.9460923638970224,0.8963788185885561,0.02269241925925075,0.020654448200472176,0.07530420910230144,0.1645601905242373,3.6185971196276197,0.9533941550118027,0.015639009925302847,0.024693643606731257,0.04970403339333102,0.08915969930388329,14.244666687910707,0.9400721207901851,0.08312162507744057,0.03867275882984623,0.08084797972022846,0.11845292645850135
N,数据集/数据集/目标域数据集/N.mat,15,target_32k,630.0,24381,8,2048,0.25,0.07628724952495104,3.188853949655277,3.6568690672380777,0.688324377137274,0.11172049957231037,0.7146256121403451,0.0019441701548872513,0.0020049409032676796,0.0105404184749305,0.04016872587489201,58.8259586238852,0.8149642057553285,3.677368642944619,0.8886772254247846,0.009916127290404421,0.019689517685941772,0.06573495925386515,0.16979206023651844,3.7536574949033574,0.9435405165660682,0.00842510875306611,0.016768902400755323,0.04169169432608936,0.08641184125787414,16.7549892624496,0.94172741147749,0.049234866455686616,0.028154821674886026,0.07339569972906788,0.12915793195010256
N,数据集/数据集/目标域数据集/N.mat,16,target_32k,630.0,24381,8,2048,0.25,0.5248578337898636,11.274275965927616,11.09328945151491,0.6853932584269663,0.10897886999017717,0.7021241166667435,0.0016468682660257345,0.0019419580571402907,0.009056675931220105,0.03877675202240422,52.24569854214604,0.8463335944676266,35.32045918932626,0.8890647314000769,0.01413497761367024,0.02218255234856809,0.06162690684842537,0.18747650391996473,6.73480420575755,0.941619414292861,0.008331785869798604,0.023666555310969922,0.0388899149734314,0.09186724996458535,59.47687970567268,0.9630801993281615,0.018422864584126182,0.03480804466051559,0.0597064509830287,0.10817380719756009
N,数据集/数据集/目标域数据集/N.mat,17,target_32k,630.0,24381,8,2048,0.25,0.6640617744060597,12.932163356364345,11.819041246359918,0.6839276990718124,0.1007299227004115,0.774365206754307,0.0012916791005571253,0.0016522887102806685,0.005210646373839969,0.04094724096168188,57.111839999448186,0.8425942654936505,37.58799794065432,0.9020494761878592,0.024394552020679108,0.024270964915799813,0.06728646043294835,0.16331942621741324,6.1439229892792655,0.9495610445276925,0.02452850629422881,0.0203836825389183,0.05125723427795773,0.0971592510905631,63.901741227052185,0.9485902204348187,0.04086604449161542,0.03138174753554775,0.08748113485534106,0.11960526815250813
N,数据集/数据集/目标域数据集/N.mat,18,target_32k,630.0,24381,8,2048,0.25,-0.1381562471246886,8.673929012862576,9.32920406685276,0.6814851001465559,0.10726440300886358,0.7647926325442076,0.003274640974543552,0.004458665307212247,0.009095698353067021,0.043774379295881946,64.10659140976743,0.8435340535054856,12.273706891870576,0.8966184531155711,0.016858502407111533,0.04463148858226323,0.06259502060300051,0.174031637140038,9.82011675927844,0.9479813486382314,0.01892693516832709,0.025447906943360486,0.061719816753674786,0.10137379407686933,68.48102426284925,0.9295956588684327,0.03129702457142599,0.06060218847708851,0.11751007562232961,0.1467708235378484
N,数据集/数据集/目标域数据集/N.mat,19,target_32k,630.0,24381,8,2048,0.25,0.11840361979608775,9.753005905168465,8.480355719014772,0.6785539814362481,0.09974242121288424,0.7838904063919124,0.002812795047043287,0.0042903214126966275,0.011163779429730033,0.044431217663165934,67.13972196805247,0.8513890413079741,29.341877048968517,0.8952208699594021,0.02792348783137443,0.03395269574519039,0.05810838468425413,0.16858591676461418,15.057068461988372,0.949949073283553,0.015037719972291797,0.015013703254222605,0.057606657795094926,0.10823110712386462,61.69625053022579,0.9387977907672648,0.046231897702121286,0.05169616944662669,0.10137454686468583,0.13286436777016494
O,数据集/数据集/目标域数据集/O.mat,0,target_32k,630.0,24381,8,2048,0.25,0.06353298665096442,3.074889722047283,4.089527107043138,0.3610161211529067,0.09513620802802303,0.7621802471139726,0.01961652989779135,0.007049772962885622,0.21248257762202544,0.0824642998214331,13.016290839939424,0.8428029554311723,6.94420434847996,0.8920649377556606,0.1174568469115332,0.037334370846288274,0.06084865950111063,0.13328854702560763,5.125907669564586,0.9394122699526978,0.09458306286407782,0.05633370795869885,0.06123818027083101,0.08363230059539904,11.282496366446315,0.8475557104853699,0.15488995459125085,0.11577187278009536,0.10984398049966695,0.1803472534771374
O,数据集/数据集/目标域数据集/O.mat,1,target_32k,630.0,24381,8,2048,0.25,-0.04303241909350069,2.9918789732804236,4.320531941365606,0.36345872007816316,0.09146118610446566,0.7836365798329031,0.02172550197253897,0.006857770724696191,0.20690653572052525,0.08193348259492948,9.751636080890231,0.8643489867116887,4.981713934649719,0.9106017745360624,0.08282086670944921,0.032645026373468944,0.056217274509279595,0.1366170941342116,5.170809814426662,0.9353798980319737,0.09173293760208524,0.043448613427312356,0.06721092764395425,0.0945604312317263,11.777427074696368,0.8578570793430322,0.1579842623756048,0.07632414831138644,0.10406402649056264,0.19507169363646834
O,数据集/数据集/目标域数据集/O.mat,2,target_32k,630.0,24381,8,2048,0.25,-0.03023230697312153,2.9229393452657813,3.1866777194953593,0.3497801660967269,0.09500067072620348,0.7788504528833055,0.0214546441567657,0.007173740410770895,0.22649580168178615,0.0878808700189325,4.825021861333065,0.8973720879297696,5.4698779303495275,0.9156123243218517,0.06806717499058393,0.043587029287616715,0.09908703870832862,0.1346595029673395,4.181335296648566,0.9489613792657863,0.0663009244104102,0.03756815273648289,0.061325934947051776,0.11401431606670936,6.172181533231611,0.8918198682033259,0.10542897819479612,0.05285410435678146,0.1349307840761338,0.1820595334781028
O,数据集/数据集/目标域数据集/O.mat,3,target_32k,630.0,24381,8,2048,0.25,0.07904884750456179,2.9892049944466694,4.00681346847757,0.3409868099658036,0.10177731699817234,0.7506594084655432,0.01982271015041151,0.0073306260168928845,0.18910392168519252,0.08852293561321446,5.878825407150337,0.8765702265537874,5.85717989522035,0.9050802906914167,0.08547459397876615,0.030796639612960655,0.10086723883744629,0.13599634303575983,4.396742540669293,0.9493397197670644,0.06719779071701532,0.04346692816339283,0.0817101894249227,0.12010804793039496,6.758402229879321,0.8737723006620893,0.15211203444903024,0.06179419037913736,0.1087329921649679,0.13392249244468105
O,数据集/数据集/目标域数据集/O.mat,4,target_32k,630.0,24381,8,2048,0.25,0.10101705499628462,3.161647008287856,4.236586519908401,0.33512457254518807,0.09771402769361837,0.7642518687927944,0.019825874461558153,0.006989355506529044,0.1697204954897783,0.08845915332070557,6.551415625675626,0.8622394656951374,5.7115634419274794,0.8944359183311416,0.11843225474751479,0.02597188242313155,0.05111418593728246,0.14659602974491814,4.710545170195411,0.9455868116497511,0.05349571355256294,0.04432709199013935,0.07406050192267885,0.1086660338714249,7.383305066096139,0.8683377831795142,0.08058020845596214,0.0751083725321939,0.11699366365085359,0.22254126097750937
O,数据集/数据集/目标域数据集/O.mat,5,target_32k,630.0,24381,8,2048,0.25,0.004760836381172916,3.133737039259637,3.6001706242384066,0.36687835857352225,0.0689648299231108,0.7966638504630313,0.02196136636957993,0.007442308544007093,0.17449975766907946,0.10413249432529653,6.151909973417478,0.8758731571506314,4.593675277262593,0.8970484000103873,0.1254978743748195,0.01805114341665346,0.048938196604415216,0.1293748112819335,4.448849202552464,0.9450775917943145,0.048947197230005575,0.06615810625527155,0.07673566638960243,0.10091961378186966,6.994997754538964,0.8789221830195001,0.1122698866570322,0.0623054417768003,0.09009313215527226,0.18093215101800797
O,数据集/数据集/目标域数据集/O.mat,6,target_32k,630.0,24381,8,2048,0.25,-0.04011357942412161,2.860273660490178,3.330510761388076,0.38446507083536885,0.09020151972349702,0.7945189654240141,0.022141100413369835,0.00726717560531204,0.15301833270578188,0.09081987952886751,5.120596856110963,0.8841414674796878,5.044158698503234,0.8822515871973409,0.14896221602304344,0.04533646575632125,0.05755226435472072,0.14100817658162149,4.680901868809388,0.9386457819060834,0.06631470873635396,0.05070609921366518,0.08168846285308362,0.09474117752537038,5.517166211778957,0.8728738640237164,0.16757279145527174,0.039977701182186,0.07378304353678568,0.13449329612996178
O,数据集/数据集/目标域数据集/O.mat,7,target_32k,630.0,24381,8,2048,0.25,-0.013498079045771891,2.698695772677329,3.4293086474043744,0.36590131900341966,0.11575979928622708,0.7760354476552065,0.019723696150404393,0.006592110648233056,0.14049879899425569,0.08749292234243465,5.268239606052644,0.892457159725615,5.997546441901348,0.8927515136751327,0.13814559404277482,0.036030402003999304,0.07244817361158587,0.12351577321669228,5.112068966341158,0.9443001175947564,0.060961999060839246,0.037143594606142555,0.09659648384068502,0.08395592516615584,6.294854725026254,0.8674905206630327,0.14166342576577304,0.05275279012102298,0.12327873831658466,0.16051617233292656
O,数据集/数据集/目标域数据集/O.mat,8,target_32k,630.0,24381,8,2048,0.25,0.07103840010289755,2.7197727942088195,3.4783105303112496,0.36541279921836833,0.07724071962016694,0.789784655259041,0.02127532949232949,0.006875546259723368,0.1326870775166145,0.09332871114301496,5.548051340030613,0.8856771897563043,5.5558063031502956,0.8979789685502939,0.11745794310537809,0.0421347543923332,0.06116066689746918,0.14751711078359647,4.553690138019118,0.9456425446729104,0.07367045352746888,0.04482503038671236,0.06203517103213285,0.09628527918733872,6.066941580305424,0.8678549619994465,0.1423728800571751,0.05977438646485501,0.09694641861392311,0.17554472334850002
O,数据集/数据集/目标域数据集/O.mat,9,target_32k,630.0,24381,8,2048,0.25,0.032357858285120306,2.758938020090762,3.28286726612407,0.38104543234000976,0.04849551445868831,0.8122853601253431,0.023136532572194213,0.007607435848360118,0.10972103066901022,0.0943461470713733,7.139279649026648,0.8673228860662263,4.252077463518054,0.9038552967998958,0.1061720804069567,0.03574161665369423,0.05654679606272889,0.13060675630672539,4.141260661152226,0.9377549056106036,0.08355303100799724,0.050307266786157274,0.07232716626324294,0.0966544565600619,9.284805579987706,0.864858250069625,0.1581613871041126,0.0658989470731929,0.10295746511654463,0.1670633312896151
O,数据集/数据集/目标域数据集/O.mat,10,target_32k,630.0,24381,8,2048,0.25,-0.032845707712207226,2.697982509286627,3.5488347685106834,0.38251099169516367,0.08801295375424098,0.8110346503977379,0.023420668687642993,0.008093344204285438,0.11119164363495854,0.09134717843019115,8.373389802773318,0.874994551515326,4.282723111487791,0.9071690747981761,0.09660040200803323,0.031187175599067956,0.06059420683955402,0.14201573134213846,4.75556109473048,0.9390818643685735,0.07865104796404225,0.06501114252238274,0.0793524150797349,0.10740082503869121,11.330087252644399,0.8664298428771036,0.13269212182907145,0.0598105261971464,0.12482268316337036,0.1790947127185812
O,数据集/数据集/目标域数据集/O.mat,11,target_32k,630.0,24381,8,2048,0.25,0.027464561621550705,2.942015196491339,4.153556378809454,0.36785539814362483,0.11243279769561944,0.8018367500179373,0.023622546548007304,0.008174044951084604,0.0971946361393534,0.08412577155645315,6.38293181759519,0.8817628165386332,4.962579676975339,0.8922981748668446,0.11184767180190579,0.03106560446658795,0.038059015375220086,0.1618246533304754,4.807475061183739,0.9473224263449223,0.0708297499878254,0.06749434388912985,0.05489311533173131,0.07824543433133627,8.259649848238256,0.879186288239425,0.13452359922024684,0.055481720136527246,0.09444186865379774,0.17773324615391337
O,数据集/数据集/目标域数据集/O.mat,12,target_32k,630.0,24381,8,2048,0.25,0.09394867589424837,3.155320039267616,4.324146814546617,0.37127503663898387,0.07809627162760967,0.8009092376688184,0.02522436878654503,0.008577266001469989,0.13295704996111246,0.07746334474331543,5.57296282851764,0.875652882030742,5.405479911334324,0.8912639217244611,0.10722703198661136,0.03236819861935176,0.059477251645585004,0.13974197031824676,3.8031521776739328,0.9478028843703844,0.07105481902266202,0.04968297718848235,0.04904340662468189,0.09383670317606395,7.208090591167434,0.878511821681769,0.11689293415455605,0.05659560191038298,0.12743368622767723,0.19768628343590236
O,数据集/数据集/目标域数据集/O.mat,13,target_32k,630.0,24381,8,2048,0.25,0.06629783450501216,3.1837593065186045,3.9243819440251593,0.36345872007816316,0.06577437749054772,0.8141750468049512,0.025836530290210238,0.008181684486612049,0.1520890387777675,0.09093420189402478,7.512796717416169,0.8427681400904762,5.131954240231875,0.9064737984794774,0.08187283000140562,0.035342285740709294,0.078326308306941,0.11762109225533389,4.318181935986795,0.942074348012921,0.06606855058180436,0.05914927497833408,0.05787742642010675,0.10271644251911814,8.559851859746553,0.8560940372877592,0.14318184540054446,0.07858541655504077,0.12994111942733583,0.17263167308021832
O,数据集/数据集/目标域数据集/O.mat,14,target_32k,630.0,24381,8,2048,0.25,0.02632800532529665,2.9885869006821597,3.734818926700026,0.36443575964826574,0.08369328575427058,0.783051870732059,0.022306751896901598,0.006917586861382552,0.13938870220054955,0.0751704389715032,7.387269882476183,0.8666050823994296,5.134937682903059,0.9078337762850976,0.10163726173249456,0.043825969866911625,0.05081399230768326,0.13397067529130915,4.429588445280604,0.9415660268619616,0.07430381844683485,0.05352200304168595,0.06892952061783858,0.11005111775777959,9.124039288164774,0.8739107502265675,0.12929774680374737,0.0931479089315706,0.11278691363350304,0.18255975217060763
O,数据集/数据集/目标域数据集/O.mat,15,target_32k,630.0,24381,8,2048,0.25,0.030177119291320116,3.0041783736993186,3.678161951019792,0.36345872007816316,0.10493292101005787,0.7840043761709743,0.022380465011495494,0.007335445637742838,0.14895368430918385,0.08189004657232651,4.5403654222293905,0.8704370447758221,5.057960395863073,0.8902834804655329,0.12460617912293387,0.044799349404961684,0.051441812675429216,0.16650360862382446,4.244307439869733,0.9322707765755018,0.11346731031591417,0.062152492157726155,0.06015381692336585,0.09619523876005323,6.24460349350658,0.8847584381189896,0.1260141331983024,0.08468250210380165,0.10097785938726847,0.14633701223087586
O,数据集/数据集/目标域数据集/O.mat,16,target_32k,630.0,24381,8,2048,0.25,0.08766560065447136,3.2265274508533857,3.7000556293929696,0.3688324377137274,0.0931424048640539,0.7828808130154766,0.02248935680138091,0.007199382215737689,0.14888307129951261,0.08159198340715522,4.876877701280878,0.8724083830654779,4.860063835832961,0.8879874282532122,0.1001138041812901,0.05031504259886892,0.081605507523113,0.15881174337131104,4.267401054446214,0.9273908735775579,0.11448126729291633,0.06023355320975398,0.08165316959533354,0.09862338262829229,6.112394451822523,0.887869399965551,0.11736325429268175,0.030421992525671133,0.12463637308061276,0.1902437395175786
O,数据集/数据集/目标域数据集/O.mat,17,target_32k,630.0,24381,8,2048,0.25,0.0439325892273353,3.0158079128279285,3.4747676710078137,0.3619931607230093,0.07403605915736165,0.8050034141563959,0.02370399262267973,0.00754768416764923,0.20477273383825478,0.09129584268701957,5.947680565229561,0.8746741852473293,4.583274349702745,0.8882826699312049,0.11434434350264286,0.04156063187058304,0.09306246746179916,0.13914826049031248,4.167588421111168,0.9361584151046409,0.09582899837836442,0.05693965591978477,0.052062750926750244,0.10169185476876309,8.491763658529951,0.8724037359869897,0.14301213907965554,0.08101249486646982,0.10165921386381752,0.16757301467643118
O,数据集/数据集/目标域数据集/O.mat,18,target_32k,630.0,24381,8,2048,0.25,-0.019555887065926276,2.8883078045791293,3.2829522792361088,0.3453834880312653,0.07817462427355487,0.7813368037875633,0.01928817020575642,0.006231048269418072,0.17524066281059686,0.08823155524148146,5.367016273421911,0.8965098243268758,4.940209567430014,0.8946300916361706,0.130794397058887,0.035846799420077194,0.04805218750974229,0.12416764737909633,4.3088791077288535,0.9428595296847817,0.059321017531168266,0.04500302257864546,0.07631539117739745,0.09362545469537271,7.5689511068231825,0.886628859316807,0.14854686073896162,0.03981495314994087,0.08092181922242515,0.15833831639876852
O,数据集/数据集/目标域数据集/O.mat,19,target_32k,630.0,24381,8,2048,0.25,0.002051536186312922,2.9496386405442716,3.4160794938040793,0.3409868099658036,0.10331688724084102,0.7630132688719459,0.019335799756662254,0.0068176836826897335,0.19493593727108527,0.08633587255629531,4.595692314321863,0.8565703392610385,5.150278197153514,0.8930793364262943,0.11305088390308972,0.06178777527170609,0.06381752981148638,0.14840936543277541,4.5995210285071355,0.9450227229008062,0.07135987962830351,0.04962779503673657,0.06892093269311676,0.08164900884181742,6.0806277646631575,0.8521980657056956,0.18852206831770008,0.07376363313200208,0.06915346302448065,0.18095290636917086
P,数据集/数据集/目标域数据集/P.mat,0,target_32k,630.0,24381,8,2048,0.25,0.026688254128813572,3.032866498234998,4.044578611723373,0.5236932095749878,0.03662702572096219,0.8520463505754918,0.0029744306980381803,0.002371375153836481,0.1062882201253444,0.07932319619833865,3.679288787391315,0.9683331175093154,6.0578189142562895,0.9408798178040592,0.03338394524468167,0.020325710612241577,0.0396407673673127,0.11488482336245409,3.530162595096239,0.9638952703605274,0.022741373638618174,0.02984735725392335,0.0833411138461027,0.08930311824444437,3.541795335988254,0.9659357384470476,0.010187299221010335,0.026362597092369686,0.06335619579243987,0.11758022677889117
P,数据集/数据集/目标域数据集/P.mat,1,target_32k,630.0,24381,8,2048,0.25,-0.008126603245647379,2.88606637308985,3.03188552794768,0.5285784074255008,0.046951470697188226,0.8314960910403888,0.0024736119726614116,0.0019104433488321146,0.10442130849082959,0.06658373840113486,3.648796172053592,0.9664916605272307,4.972291001551137,0.9302817250944245,0.023744865270661046,0.03013499906031789,0.052305344780752556,0.13519763292186254,3.5707130170908745,0.9608256909330799,0.033765875482722196,0.04465268286393242,0.06200944686743271,0.09548491024925954,3.4729866150941615,0.9646474624458965,0.0162872267993312,0.024865760958504297,0.05000704982745546,0.11341179587523324
P,数据集/数据集/目标域数据集/P.mat,2,target_32k,630.0,24381,8,2048,0.25,0.07289311885985361,2.8904705606738412,3.1670687805018574,0.5354176844162188,0.03667429140582431,0.8447411756217584,0.00282865870413761,0.0022662006488752646,0.1016300018216493,0.06525411813163673,3.7208775518983552,0.9657874220635392,7.436428277338153,0.937607339494221,0.01668294018402455,0.026257441026599142,0.07938426563966147,0.139964731001598,3.7168957048199394,0.9601820468234584,0.03460285232033226,0.04212996041321626,0.06346231821989415,0.10954500921477925,3.6238800725128595,0.9660597137935026,0.016289821610470653,0.028679225397833432,0.06210598119583708,0.08216535961661686
P,数据集/数据集/目标域数据集/P.mat,3,target_32k,630.0,24381,8,2048,0.25,0.04569288799331706,2.8856401391457984,3.124780398777262,0.5774303859306302,0.03163343469236255,0.867426962468241,0.0030952432137257963,0.0024194088701859325,0.09655577075162657,0.06231083162441164,3.854225078626516,0.9667148553965983,4.43260864829629,0.9306034467611533,0.020346994406836072,0.02837175131963441,0.08836592234792222,0.14017034456176397,3.397658723322431,0.962548036053475,0.023818025366818263,0.030537164277238744,0.06862717877580982,0.10708743586766442,3.7968626231066933,0.9669434948205448,0.019610591345043633,0.041426563558284175,0.06128412669059364,0.08328027734516844
P,数据集/数据集/目标域数据集/P.mat,4,target_32k,630.0,24381,8,2048,0.25,-0.001530462802437853,2.9521724499765387,3.095943362755773,0.5593551538837322,0.031201631681601647,0.8559763642154391,0.0026382689079262962,0.0023745162055217846,0.08243670912652766,0.05806815915399032,3.6428010452869373,0.963602343152565,3.841841780133269,0.930369640221554,0.02084397437708227,0.023932445942898742,0.066899885913269,0.10703137668300991,3.298873829674948,0.9638893172841028,0.012941426743531229,0.021564088634767793,0.07343007399398549,0.1100966072230049,3.5522481373182044,0.9615504715445193,0.02480159059289001,0.018390420614861982,0.07868060347371132,0.07922926935033955
P,数据集/数据集/目标域数据集/P.mat,5,target_32k,630.0,24381,8,2048,0.25,0.019045720152712747,3.0635839057319147,4.3323665305393675,0.5403028822667318,0.03938840705270635,0.8649163373988544,0.0028169037775297168,0.0026829096870071823,0.07554528270292334,0.06793661574907284,3.522228822363366,0.9654450210609343,4.112081966002433,0.9359875619331679,0.03242708402906872,0.023800295707664315,0.05855675346099399,0.12100462608913612,3.9752127315497363,0.9644784022035686,0.01993142179867739,0.03992192537428759,0.03925948506117926,0.10477017181985343,3.41077522208024,0.9634493563390063,0.020518408833007543,0.02195552881042009,0.07597885090611024,0.08912034791176679
P,数据集/数据集/目标域数据集/P.mat,6,target_32k,630.0,24381,8,2048,0.25,0.03938020792516008,3.015927236976441,4.313626651078342,0.5495847581827064,0.026769446597593324,0.866799774872128,0.0023969154386172986,0.0020681392375199296,0.05049514389553249,0.06321131978333443,3.309959528684707,0.9684011183693224,4.070972887690878,0.9311942101803564,0.04150764298346091,0.045458253039801666,0.04157085535313518,0.1091681526934599,4.265381817618121,0.9588933178877356,0.02551388809020861,0.05748627525132146,0.05578648230365893,0.10480230638627505,3.2732457234869754,0.9701537195656325,0.011964337583664095,0.018474670421534715,0.06546824044568934,0.08912299307386283
P,数据集/数据集/目标域数据集/P.mat,7,target_32k,630.0,24381,8,2048,0.25,0.029122608423772834,3.0315326514474656,3.8654206066523997,0.5515388373229115,0.05241649767689514,0.8460724628926634,0.0025732601704372624,0.0021901632909007937,0.043437869994129595,0.06984875911395011,3.2899042788366732,0.9684010741591903,4.77400054166479,0.9150821557117117,0.07709225492711562,0.0388541897337318,0.036625535019777625,0.1158764390048404,3.9052136393337946,0.9626287583224392,0.02371755049430472,0.045978702932337995,0.05147313840611911,0.09013132019429715,3.201522516428314,0.9659999449926352,0.023095157868226055,0.02954090052877776,0.05516363162038605,0.09836591808122194
P,数据集/数据集/目标域数据集/P.mat,8,target_32k,630.0,24381,8,2048,0.25,0.002546188826034247,3.0941179256092712,3.650535846181582,0.5583781143136297,0.0399801528529076,0.8490742379887817,0.0025539585568180264,0.001977858355125926,0.049031893156845335,0.06712834914726293,3.2987217943762324,0.9652331910660379,4.808677183076432,0.9172136811846943,0.07878642192699546,0.03923313179331571,0.06000953459056468,0.10355497809607792,3.2876089649500515,0.9637460474957616,0.027738810003090548,0.045855713819697885,0.06027093172082283,0.0847175918579031,3.283071170091622,0.9666283533662945,0.02224999182939201,0.031236712548707083,0.03186186918715868,0.12080975450357181
P,数据集/数据集/目标域数据集/P.mat,9,target_32k,630.0,24381,8,2048,0.25,-0.03100724829475734,3.1065308497541078,3.5662374841110767,0.5574010747435271,0.03127219821710207,0.851892670002543,0.002640031634720229,0.0020941435691180484,0.05779074900634925,0.07419078196139245,3.4397833646894918,0.9643035088677427,4.274858240219221,0.9284091122492837,0.06362784149404406,0.05294399638203183,0.06677024200524455,0.09514148336785791,3.492748408275385,0.9614610537439001,0.02989312095316139,0.04638709815728427,0.048791574105136334,0.0913676753583899,3.424959451306713,0.965727944769608,0.02012219977208943,0.04429102778959906,0.054538894525598,0.09289871688329827
P,数据集/数据集/目标域数据集/P.mat,10,target_32k,630.0,24381,8,2048,0.25,-0.039258341709135135,2.9507462629811334,3.618344444423012,0.5388373229115779,0.0639840951672815,0.8375107430449658,0.0022910538012203135,0.0021613374210395,0.06649421419204225,0.06856770436364419,3.657631460209942,0.966843190588181,4.289359438594007,0.9362535472954463,0.018204808355369525,0.0337431858635496,0.052835404078516945,0.12256125462862105,3.931405526348767,0.9653137176432767,0.030155342981389124,0.03490399106240662,0.0485559704148822,0.10213617789695066,3.4754371167100175,0.9655754179267368,0.024230066107518856,0.03420570549024789,0.07068803658002734,0.09853077593455364
P,数据集/数据集/目标域数据集/P.mat,11,target_32k,630.0,24381,8,2048,0.25,0.004363542988788977,2.86984077450855,3.473898805599717,0.5393258426966292,0.03112320325127077,0.8595737254705422,0.0028737002275221676,0.0024235497007970906,0.07728348804408564,0.07137941108913895,3.77756639996444,0.9676231268443469,6.390442045134262,0.9263368257088861,0.0189225620683812,0.02482782226495559,0.07664427017489783,0.1319759865003953,3.468127951038545,0.9614883720541114,0.03124258565859451,0.028748818467512358,0.0799588004325042,0.10189080737735152,3.613246206806855,0.9645587294112506,0.017459054326304818,0.02294955639478975,0.060582484155473425,0.11574118722323509
P,数据集/数据集/目标域数据集/P.mat,12,target_32k,630.0,24381,8,2048,0.25,0.06582620772021625,2.8486150562923713,3.383237150860169,0.5471421592574499,0.03745607566138517,0.8531289885678697,0.002797004092977398,0.002143561702018952,0.10099707524929065,0.07986019471146819,4.0930814589509295,0.9657081890807914,3.6588932665078446,0.9349945092319306,0.018938465214366464,0.0230212394326675,0.07476470176406054,0.1442928376779741,3.2634487113868906,0.9575028238133133,0.01802774540049637,0.03262132414217136,0.09244592574177515,0.0919729675389025,4.0193693835112665,0.9622527564172421,0.011711684951813711,0.025855440684043076,0.06287459555830649,0.10134836531243548
P,数据集/数据集/目标域数据集/P.mat,13,target_32k,630.0,24381,8,2048,0.25,0.03223573183714499,2.7538794199293717,3.2850295471052497,0.5412799218368344,0.03404198956390887,0.8489635731415607,0.0026196719124843876,0.0019485530188786302,0.10168062281217617,0.07012404983078839,3.7961647582493248,0.9697145912989169,12.27991113632052,0.9271602218494156,0.03549496522550403,0.02942039224336075,0.07562585996192887,0.11335120646529777,3.327575199722718,0.9674474779618991,0.01729458472490904,0.03145305849249404,0.054463400548920016,0.08955712918218862,3.7552200008649335,0.9667712632631202,0.014860140125571077,0.03245057904163881,0.05211901936470049,0.08559564227930658
P,数据集/数据集/目标域数据集/P.mat,14,target_32k,630.0,24381,8,2048,0.25,0.002604957322055776,2.8754675809884045,3.659404123857987,0.5100146555935515,0.04089593721665113,0.8463509531831765,0.0026696797562328683,0.0021656082184460046,0.11204052023261603,0.07415218249347769,3.203877338159709,0.970560532388437,3.362567318050505,0.9336032984016582,0.03865636778895539,0.029090663113924085,0.07497680054477192,0.11072032430296458,3.399433422727441,0.9620829071802492,0.03758609455003365,0.024571097387098374,0.06343960627628431,0.11181515750356819,3.1475020975562287,0.9679821126208653,0.025999232802938012,0.03132996916603022,0.035311033380571996,0.09058052572013328
P,数据集/数据集/目标域数据集/P.mat,15,target_32k,630.0,24381,8,2048,0.25,-0.04071270274714231,3.076341223678849,3.6539246525090974,0.504152418172936,0.04291104065301186,0.8436489638618889,0.003087624456514557,0.002332138772499559,0.11431490488189087,0.0746294108879798,3.126979308899928,0.9693833888683405,3.4911217790717544,0.9428337119601683,0.03610670578854879,0.02554251695373361,0.054362749202016954,0.1205226120238577,3.3438894151324035,0.9618152627309731,0.032760338597308085,0.019218801327550546,0.07385652466244352,0.11141081328879343,3.0508228332862655,0.9711446979703564,0.01595070326163744,0.02612754374036554,0.032741065661910033,0.08821516022466928
P,数据集/数据集/目标域数据集/P.mat,16,target_32k,630.0,24381,8,2048,0.25,0.02058366801409701,3.0254024037711917,3.7450544828255725,0.5036638983878847,0.05250915297771878,0.8356599147412523,0.002670759352784945,0.0022045979740491187,0.10373628393793645,0.06651622145699781,3.119001655513249,0.973137517204399,5.808992001474897,0.9395284808034586,0.022887351716088356,0.0237580550466729,0.08333711868553834,0.11762447426392254,3.3357247578849996,0.9607045486561315,0.02491414974378605,0.03950299787357131,0.06535110248995225,0.10219293237944792,3.0710769985654967,0.9703931928156148,0.021000411796224465,0.03157187872174535,0.03648933278954609,0.08315918773706285
P,数据集/数据集/目标域数据集/P.mat,17,target_32k,630.0,24381,8,2048,0.25,0.0805497464571133,3.084399006800416,3.854224232296511,0.525647288715193,0.03886525109918806,0.8414387804861834,0.002714446804055952,0.002199121496617094,0.11528552772597395,0.06816428856261168,3.4805759478879397,0.9712492015223665,11.519705308691265,0.9307285963808775,0.027750960309166198,0.017933216349912108,0.0893303620910804,0.11123507460088984,3.723493661067141,0.9569795536812072,0.02689301941960535,0.04159446124694938,0.07782857515433818,0.11162305670461822,3.409052537476235,0.9674439154946122,0.022508873697823683,0.032635663115742564,0.05219842287374821,0.09423101743729735
P,数据集/数据集/目标域数据集/P.mat,18,target_32k,630.0,24381,8,2048,0.25,-0.01472743184147487,3.2058388728497067,3.791142614569341,0.5442110405471422,0.03615667687687507,0.8452299310021835,0.0026950870603142064,0.00252176213891971,0.10833942646246511,0.06557209606349453,3.459305687227862,0.9686362315704997,6.660511810765846,0.9303195572105292,0.039471305721279465,0.02595437840965049,0.06808938617278966,0.1384055294604666,3.7426754240564506,0.9628795337909969,0.02260933845522528,0.021900369673783247,0.0680150092995468,0.1054850685408719,3.40475329566395,0.9674170562865312,0.020657066226984256,0.02044509863200732,0.06550006080709764,0.08461951130532548
P,数据集/数据集/目标域数据集/P.mat,19,target_32k,630.0,24381,8,2048,0.25,-0.028917587968955324,3.029960253661934,3.763575445489114,0.5349291646311676,0.03066613016139999,0.846249939832971,0.002475615271647388,0.001940459401187563,0.086489838555811,0.06042497595123903,3.253894515961814,0.9652157819690146,7.410089812616023,0.9306214140983364,0.027952249413406547,0.0223676719280063,0.06544349558708594,0.10826907724449636,3.857647878185403,0.9660679567375825,0.025420384691146693,0.01859762193832666,0.06665533204184633,0.09345482555248256,3.235483651283766,0.9656409634799997,0.015592597350432426,0.02109227041503066,0.07887367136835938,0.09562108017969305
