file_id,file_path,window_id,branch,rpm,window_samples,window_revolutions,angle_samples,angle_order_resolution,shape_skew,shape_kurtosis,shape_crest,zcr,angle_psd_entropy,angle_psd_peak_ratio,angle_order_entropy,angle_order_0_5_2,angle_order_2_4,angle_order_4_8,angle_order_8_16,env_500_2000_kurtosis,env_500_2000_order_entropy,env_500_2000_order_0_5_2,env_500_2000_order_2_4,env_500_2000_order_4_8,env_500_2000_order_8_16,env_2000_4000_kurtosis,env_2000_4000_order_entropy,env_2000_4000_order_0_5_2,env_2000_4000_order_2_4,env_2000_4000_order_4_8,env_2000_4000_order_8_16,env_4000_8000_kurtosis,env_4000_8000_order_entropy,env_4000_8000_order_0_5_2,env_4000_8000_order_2_4,env_4000_8000_order_4_8,env_4000_8000_order_8_16
A,数据集/数据集/目标域数据集/A.mat,0,target_32k,570.0,26947,8,2048,0.25,-0.025058098445751627,3.12620211159328,3.7000092452267217,0.5593551538837322,0.8844081141493346,0.03776545046510349,0.8844081141493346,0.0006877636875433338,0.005250228550572579,0.05375770117718488,0.06344412347690408,3.595129520470184,0.9069266028516602,0.02693580002002197,0.07189163956754806,0.09311764877209008,0.1267882653652547,3.667115250228807,0.960155919247431,0.029421915041235105,0.017207240384129577,0.04008053754228143,0.13159715627526175,3.755885257289261,0.9639318628337148,0.025027577768084553,0.02858581384767813,0.0646727062176751,0.08567264737251931
A,数据集/数据集/目标域数据集/A.mat,1,target_32k,570.0,26947,8,2048,0.25,-0.04645624045049781,3.2631573738602464,3.580843773675152,0.530532486565706,0.8727640359410747,0.039130883917878376,0.8727640359410747,0.0006566944091046068,0.004885000522529341,0.054707673843543386,0.06633184306688006,3.7656122489702533,0.9038254889898668,0.04880581594926472,0.0634620774220694,0.10819719282245496,0.12419069576376068,4.351179655124319,0.9587546403429185,0.025383347699264414,0.028190028222385245,0.060848413165030125,0.10429023577856891,4.264668865904978,0.9610213616004354,0.02384382468485155,0.03708232293363216,0.08449679708904934,0.09603190491788617
A,数据集/数据集/目标域数据集/A.mat,2,target_32k,570.0,26947,8,2048,0.25,0.06863303312741136,3.1590261734605036,3.827800367479848,0.5417684416218856,0.8756605275179563,0.039632706620275696,0.8756605275179563,0.0007277513373691563,0.0046498816194448876,0.05007233030975362,0.07119579141029214,4.0738184799623545,0.9052813436544087,0.04412022090083219,0.038733297080340116,0.0906370492511797,0.1439226004445083,4.081294123908144,0.9597468540465467,0.01921960568541716,0.032593007073787365,0.044228602040161775,0.09475195957276202,5.325439944663932,0.9633809696062212,0.016885067669572935,0.04418836166952591,0.07928043786396029,0.10741817855145315
A,数据集/数据集/目标域数据集/A.mat,3,target_32k,570.0,26947,8,2048,0.25,0.03533865800133836,3.136826651717984,3.9427117959591347,0.5632633121641426,0.8697029617620946,0.04072980282881908,0.8697029617620946,0.000750443317839738,0.004419001261557891,0.041150872059840145,0.06058899945138215,4.508598065135447,0.9061828044923911,0.04563606208793064,0.04238604098209493,0.0868730776763987,0.14003608013322297,3.65177109904887,0.9593334764771444,0.017147328302767995,0.04015227385267191,0.056158229118200814,0.0994662829534491,5.176872239507936,0.9625992482518316,0.03500029094847147,0.03269203007088481,0.04782470124507041,0.07384485784721667
A,数据集/数据集/目标域数据集/A.mat,4,target_32k,570.0,26947,8,2048,0.25,-0.023886258731929597,3.19015844506038,3.78474138828593,0.5544699560332194,0.8866905270654302,0.04235619024729343,0.8866905270654302,0.0008273345463023682,0.004536862467660306,0.03878645548474704,0.05811106755642347,5.132858903163798,0.8974724621804485,0.05508944830349973,0.03491910133031978,0.08257999396279568,0.15275612481598613,3.475049383651896,0.9623444229641973,0.015616204392280567,0.03405595656400614,0.0847482479483362,0.07933996191996588,4.771657040421088,0.9629708149993614,0.04008165896719529,0.0301208547730192,0.06017432979351398,0.08884699874044667
A,数据集/数据集/目标域数据集/A.mat,5,target_32k,570.0,26947,8,2048,0.25,0.00815645648624614,3.094268875190502,3.9396806039189607,0.5446995603321935,0.8952405372278885,0.037031392594474404,0.8952405372278885,0.0008078850499023645,0.005339601570811282,0.049044835262447045,0.06307971772587673,3.873846608793999,0.8951107068780889,0.0646859397507574,0.03177332219045473,0.09514686109071122,0.15019597605557733,3.587536002824247,0.9592880405057742,0.018355576393784302,0.036198214570425914,0.06526255088288427,0.09218893224664236,4.39280699619462,0.964149363776207,0.03094210467713617,0.030911796095972145,0.07851066692346391,0.07981876072031444
A,数据集/数据集/目标域数据集/A.mat,6,target_32k,570.0,26947,8,2048,0.25,0.06633619223418846,2.958852677261847,3.169358950414746,0.5315095261358085,0.890640715419444,0.038571078247018185,0.890640715419444,0.0007144212831674026,0.004681604541460488,0.04880559960634523,0.0802807251418823,3.7175571274478267,0.8976506265324316,0.055257710811697426,0.028466291292528766,0.09523730234115035,0.1538397471046887,3.5758307227701254,0.9592546394009037,0.02860652039502763,0.019762794231655764,0.07204395991046329,0.11357429627573999,3.9443991067735658,0.9703983357864814,0.014251965073179143,0.029374347035139112,0.05675316296007442,0.10171348547219129
A,数据集/数据集/目标域数据集/A.mat,7,target_32k,570.0,26947,8,2048,0.25,-0.015022389581513721,3.025610697496437,3.3534245429419736,0.517342452369321,0.8898981093123979,0.04071867806365732,0.8898981093123979,0.0006641771829470408,0.0043613655817707824,0.04911427182867813,0.08017801035981906,4.261221651265664,0.8981755098945152,0.06980125273732236,0.05356043887986553,0.08428436137704544,0.14458167342912967,3.54138745424506,0.9617180730107326,0.04025692653314817,0.031166713076065344,0.05914560065662878,0.10260809078335192,4.026159464565979,0.9701001908435637,0.024929628810738392,0.03359407365042346,0.057073696756071476,0.10521509676192167
A,数据集/数据集/目标域数据集/A.mat,8,target_32k,570.0,26947,8,2048,0.25,-0.04529445734665545,2.957254129687795,3.293239619870366,0.5236932095749878,0.8889806711859725,0.04288236875726893,0.8889806711859725,0.0006044558266051698,0.004030322330757708,0.04847241778751553,0.05641966584410848,3.5382522691011844,0.9014121436970389,0.07209311400242091,0.031735804338362254,0.07766797182894958,0.12431373285698222,3.2792882736557347,0.9509301442420939,0.0478868639048592,0.03258776151600185,0.07322357581176968,0.11150941620502025,4.613659010477957,0.9652249293763518,0.022753626244778516,0.03637499042548832,0.05810750314557413,0.09041092667120115
A,数据集/数据集/目标域数据集/A.mat,9,target_32k,570.0,26947,8,2048,0.25,-0.01330503118823554,2.8583493914447975,3.1392731812940498,0.5383488031265267,0.8916362809293694,0.03916984212349281,0.8916362809293694,0.0006923791799369895,0.0037830006879706014,0.0424851149807755,0.05676279752278337,4.384176203738011,0.8974616659992234,0.06959964249530455,0.027435420899041156,0.0878002512187827,0.11854355138923396,3.243151879070065,0.9611014285234339,0.03602362179742145,0.044077272872121216,0.05416136827660733,0.10382203966604822,4.764548733801415,0.9644887591301541,0.02264133460099307,0.029931869558416077,0.06427501217650698,0.12828611699129597
A,数据集/数据集/目标域数据集/A.mat,10,target_32k,570.0,26947,8,2048,0.25,0.0361056360006495,2.919286381643858,3.8435818849574757,0.5539814362481681,0.8866642841927022,0.039729239522630945,0.8866642841927022,0.0009680319407365554,0.00421122963766821,0.04527917835636614,0.04798107646872227,4.1207056086904394,0.894839214680382,0.05325302622245822,0.020115854541473636,0.08013902388235768,0.1442563950426448,3.5816311132704106,0.9547732728355486,0.03021498341457479,0.046342243536538645,0.08299161525544896,0.07293077864995384,4.798148391958447,0.9630150950365862,0.01975031131720938,0.032995683268148585,0.06741159864730788,0.12116296598530632
A,数据集/数据集/目标域数据集/A.mat,11,target_32k,570.0,26947,8,2048,0.25,0.07411587460283164,3.034774406501215,3.793747146173243,0.570591108939912,0.883616876069385,0.04292861443653784,0.883616876069385,0.0009232159897836584,0.004764428947049677,0.04839059322856721,0.05128527635069371,3.6457048579300086,0.9009128146955889,0.06393255512218343,0.0401551832951419,0.08073344336090012,0.1446754710175455,3.749912846538085,0.9560766623308746,0.03128262098676751,0.035554300328371986,0.0593797041309676,0.09915633057118127,4.432382135021091,0.9625602090717897,0.03111659956652562,0.038310289623432935,0.05242640078685036,0.10066205415540878
A,数据集/数据集/目标域数据集/A.mat,12,target_32k,570.0,26947,8,2048,0.25,0.06430484945982591,3.0446757481518474,3.565913469261765,0.558866634098681,0.8920441428209307,0.032652214282418955,0.8920441428209307,0.0008064910189830062,0.004086554929444452,0.048080107124831815,0.05426028659593908,3.816598885726291,0.9079102016950461,0.08176254670303737,0.03274444284520784,0.08265143923419287,0.14376062546896018,3.9526608252656774,0.9591505570756738,0.036664283569314074,0.02264988819316792,0.05575311248292472,0.10426537698285852,5.290628915448695,0.9593610292273869,0.029382126086036086,0.035637005385305356,0.062394496982152714,0.11203649140900508
A,数据集/数据集/目标域数据集/A.mat,13,target_32k,570.0,26947,8,2048,0.25,0.03198804179330448,2.907580807226956,3.3026008814853305,0.5432340009770396,0.8895414621967814,0.03061873695806203,0.8895414621967814,0.0008005873215839084,0.004451974276267462,0.04939975597308205,0.06155586066032836,4.547367724829165,0.8999477832020517,0.07359311322183747,0.016798645763428967,0.10435510361906915,0.13350646016513523,3.8657568745038153,0.9617612912436828,0.03390646901515179,0.0153563551247161,0.05157061584691428,0.10622415607354356,5.880675938416804,0.9593533203889192,0.031575965116925994,0.032264520169311056,0.07991496351200607,0.0977061684902751
A,数据集/数据集/目标域数据集/A.mat,14,target_32k,570.0,26947,8,2048,0.25,-0.00219214906964748,3.0082451916996296,3.529825880310541,0.5583781143136297,0.8859080309328019,0.035024172481016816,0.8859080309328019,0.0007438591105814954,0.004042539756126548,0.04239480370322175,0.058822117224502216,4.8457056352104,0.8987716398675456,0.09075656314481456,0.021218287767128852,0.07067488025766468,0.14626779163096426,3.670494559688687,0.965825886486668,0.021244609132838092,0.023306161267375905,0.04526013823215662,0.10088204758342066,4.490182730725591,0.961169271360465,0.027660801428952844,0.03516443177344327,0.058937101154154105,0.08652772553669609
A,数据集/数据集/目标域数据集/A.mat,15,target_32k,570.0,26947,8,2048,0.25,0.07960001217777841,3.1117964437942907,3.7096807166817998,0.5681485100146556,0.8716878261240292,0.045630011248978454,0.8716878261240292,0.000673144912234456,0.004456811151043836,0.03953516005633723,0.04422925525258992,3.990733462316848,0.9138636429698797,0.04344458565195356,0.04934436168019231,0.07392092682592802,0.11163396076897568,3.7124555531725303,0.9649542990014615,0.023793899978968087,0.02311881343962196,0.06266243997336692,0.0896525965358766,4.07992240306805,0.9621059868152441,0.027563791846343767,0.03859077804700767,0.06458482724971353,0.10218203566869152
A,数据集/数据集/目标域数据集/A.mat,16,target_32k,570.0,26947,8,2048,0.25,0.0312869767101969,2.952495206364799,3.9271115396986973,0.5642403517342452,0.8788189906482106,0.038649448557631375,0.8788189906482106,0.0007101122878684491,0.004465268865538212,0.03825838021740496,0.05144667874369572,3.9658317722251817,0.9110479307492125,0.04063961215846507,0.029997206184242488,0.08045286833217338,0.14311487269376236,3.7762861913770656,0.9591863920100652,0.021896210380346382,0.029357216821789725,0.06517302419895088,0.12637307060904399,8.338985474899541,0.9544253408156624,0.029600831406128236,0.038706054776354006,0.06246543584829126,0.12452986257165809
B,数据集/数据集/目标域数据集/B.mat,0,target_32k,570.0,26947,8,2048,0.25,-0.11437361664907279,3.1001580294293167,3.7812754769523265,0.3336590131900342,0.8161720706829656,0.06154337634171687,0.8161720706829656,0.019899943301691134,0.026983089909453688,0.09794032900758287,0.11383432884778939,3.2733903551184382,0.9491425719224263,0.026732291793709728,0.039020712661520233,0.0540119232533873,0.13450872817202664,6.257009019239803,0.9364662229771554,0.09100602863999854,0.059928237693851326,0.061974119875985466,0.07643097852699035,9.911326135763984,0.8835818888140649,0.1323203758367112,0.07710765403805954,0.14573694638268686,0.11535712764017562
B,数据集/数据集/目标域数据集/B.mat,1,target_32k,570.0,26947,8,2048,0.25,-0.12331978447285115,3.0208117779579724,3.8297091429004437,0.3409868099658036,0.820789275855445,0.07391201086894127,0.820789275855445,0.021566721720970114,0.027423806340838654,0.06425173595671597,0.12378675973678778,3.2187678408905724,0.945495170572935,0.03795037640882968,0.050772376052452495,0.05467301043958577,0.11819389173008271,6.382005805684588,0.924795878147233,0.10631386918127785,0.10033011528831097,0.08807082250669757,0.07159383227523829,10.26200052277665,0.8747220795247379,0.15557020707652716,0.07621970575148511,0.13246907156192597,0.10276843243825814
B,数据集/数据集/目标域数据集/B.mat,2,target_32k,570.0,26947,8,2048,0.25,-0.008034264472690492,3.0244072538195335,3.55557271993214,0.3326819736199316,0.8068801690619458,0.0782743975947149,0.8068801690619458,0.022285373476775266,0.026678511545586404,0.06976183083705104,0.09010674785973662,3.321074349784859,0.947184786892488,0.049072806369542754,0.04953729815510481,0.04788607189003932,0.12536155406059074,4.690450262748952,0.9231783338522168,0.1420175902626629,0.04288659270246689,0.06396887555362478,0.1073483966392512,13.976968710452194,0.8861623476199733,0.16192941463228133,0.0766838907989359,0.07781772661336486,0.1278104236321125
B,数据集/数据集/目标域数据集/B.mat,3,target_32k,570.0,26947,8,2048,0.25,0.037585539564801485,3.117037110131882,3.665605901952517,0.3341475329750855,0.8266157163183668,0.06935169136396883,0.8266157163183668,0.023782170923332794,0.029105994582017274,0.07111454213074209,0.11006736755902878,3.3174672878801696,0.9515791615854456,0.020988943236166957,0.046826862515060005,0.047320226418582294,0.09978127190931793,4.964239759783663,0.9160539266931074,0.14965933408123955,0.05802585481594605,0.05817595993673416,0.09763093424672918,14.885382651093405,0.8898509204424698,0.1477594163727322,0.0747446073656146,0.09698958810574512,0.1267146489207951
B,数据集/数据集/目标域数据集/B.mat,4,target_32k,570.0,26947,8,2048,0.25,0.04189136491986129,2.9716065916768253,3.3431476864125083,0.3331704934049829,0.8289954054920279,0.06941185564126542,0.8289954054920279,0.023932527706989323,0.030636023140463618,0.08376895913989106,0.12518814047254218,3.0503664195495115,0.9403092641982772,0.04482022625347216,0.031715805736110714,0.044873213629693744,0.12274034978351434,5.535008356849456,0.9430604182603377,0.10740629442201005,0.04292557830689989,0.05638656716046148,0.08854231466915162,8.114153165020182,0.8870652864287802,0.13468344049934364,0.11439034503415521,0.08691471976477522,0.09616634887753367
B,数据集/数据集/目标域数据集/B.mat,5,target_32k,570.0,26947,8,2048,0.25,0.009793547763180992,2.9044103845131475,3.3114513270162007,0.3312164142647777,0.8105849414794525,0.07275408281302642,0.8105849414794525,0.022065386642849707,0.02890342589828307,0.12178858315864068,0.1352867975453094,3.398646827561881,0.952105370679207,0.03981517964442947,0.029352066434905635,0.060844181940875944,0.09943750878787024,5.123664808308522,0.9293203220105684,0.1180736392662504,0.05936057105314343,0.07820759121634195,0.09808801593031452,8.988121223568724,0.8949711548907215,0.13125677695579183,0.09667806454228381,0.06616393383609522,0.12732940768703047
B,数据集/数据集/目标域数据集/B.mat,6,target_32k,570.0,26947,8,2048,0.25,-0.049313102205347153,3.004084861318167,3.456776844167583,0.33610161211529066,0.8074735032275068,0.06203966060171937,0.8074735032275068,0.020619294455206084,0.02736094452156743,0.12858895862150044,0.12093484828561271,3.958140453707091,0.9473395303768218,0.018986862735289652,0.026974849002667525,0.05062078284145557,0.11956634695468459,4.760855066060671,0.9509023265888912,0.07352436105928274,0.050657714170405946,0.08003853993775983,0.09173687272231593,8.36283951731897,0.8974377666034381,0.14754221885593627,0.06425834788244622,0.095559602880186,0.1321651592822736
B,数据集/数据集/目标域数据集/B.mat,7,target_32k,570.0,26947,8,2048,0.25,-0.10295312991333092,3.16021507156273,3.533400816938598,0.353199804592086,0.8139711469361275,0.07054909077791924,0.8139711469361275,0.021531994142474576,0.027952349528843814,0.08754899997976265,0.12519774913369422,3.7373364228959245,0.9385250919588752,0.03232359511765198,0.03132234723230765,0.05059873272152868,0.1568920473059485,4.985350484413756,0.9456279240357585,0.06899371792116289,0.05251585833166583,0.059961147472337974,0.09916175024509656,11.006541385533092,0.8889396047229151,0.13133721295836748,0.07988539692519488,0.09963873438167603,0.15288759308356503
B,数据集/数据集/目标域数据集/B.mat,8,target_32k,570.0,26947,8,2048,0.25,-0.12935676274090294,2.9720750890674403,3.4214798414419034,0.34587200781631655,0.8263287814377134,0.07053175709059754,0.8263287814377134,0.021643277999977475,0.027452823627113668,0.05720444706263661,0.13940297784497524,3.584343926948072,0.9454723426959236,0.04611917898644426,0.041136639519204876,0.059984714031684164,0.12918875912568087,5.192483945408765,0.9476852668898185,0.08875818867783403,0.04098083763388972,0.06923878478803332,0.1087027490018293,10.739869341886754,0.8815432307573763,0.15831534470133132,0.08613362126333683,0.08672843976731869,0.13588115918353472
B,数据集/数据集/目标域数据集/B.mat,9,target_32k,570.0,26947,8,2048,0.25,-0.1373111138964316,2.9132652505805936,3.603733110757368,0.34489496824621396,0.8321191953688749,0.06758153137387041,0.8321191953688749,0.021845147805109218,0.02824876208880778,0.05287969433008467,0.11648075478756786,3.5744555634751274,0.9511850055522922,0.03844801968933121,0.03622910833231374,0.07617716875146609,0.10766549388953553,5.193693388287738,0.9315822506286928,0.10652445406480925,0.06562876801673671,0.08803348759219828,0.08930861221327586,8.966535853522581,0.8995515312761115,0.14330442379778363,0.08148128604894492,0.0974094041101489,0.11444657634703274
B,数据集/数据集/目标域数据集/B.mat,10,target_32k,570.0,26947,8,2048,0.25,-0.09390013591151727,3.052623779046981,3.7382620703505443,0.3527112848070347,0.8275939358203609,0.06724297344191095,0.8275939358203609,0.023511870513243032,0.03054418347010712,0.042605665321724794,0.11383114856631946,3.45354933371257,0.9576451453101781,0.027159029913578832,0.02157085436114229,0.045441878548465126,0.10112663985101163,4.48858912528448,0.9324319994389006,0.11026068222994981,0.06168807165843852,0.07923245803553287,0.07558284810113909,8.697847929484675,0.9007333210814567,0.15367931949835512,0.08129077018440559,0.09437089458424291,0.08720858181295897
B,数据集/数据集/目标域数据集/B.mat,11,target_32k,570.0,26947,8,2048,0.25,0.018836741617283034,3.1135471750270094,3.885511367503721,0.353199804592086,0.8187414920144908,0.06689354179611733,0.8187414920144908,0.02494063731937513,0.03165710711041147,0.045240210689506975,0.09084356881185592,5.161623028410385,0.9502331740707411,0.01931589675112942,0.027868913663906165,0.07153702785994963,0.10573022401154282,4.237270748169885,0.9483049207450639,0.06493820157769095,0.06409093733004827,0.05526553929132342,0.10227172476945841,14.526346235765663,0.9070904122902063,0.0964961013482348,0.04789961960806798,0.1311950675171048,0.15121569572254748
B,数据集/数据集/目标域数据集/B.mat,12,target_32k,570.0,26947,8,2048,0.25,0.0288459385117212,3.0954561590823535,4.456036634120172,0.3429408891060088,0.8147246896588936,0.0743693249046637,0.8147246896588936,0.02339625697834246,0.03110501018735775,0.08291299451136173,0.09434826338927176,3.596164832269432,0.9375817962593941,0.03694285592359354,0.0385063973143864,0.08107377421544734,0.13085762637856257,4.315414638142343,0.9433881445521417,0.07265707709163084,0.05369699864861235,0.062441670478477394,0.11819015750512955,16.170550667406246,0.9105666100008432,0.09430948980515698,0.04648386351528544,0.11849271045019646,0.1602592802521612
B,数据集/数据集/目标域数据集/B.mat,13,target_32k,570.0,26947,8,2048,0.25,-0.06587596997248879,2.8912479370694517,4.181457025132524,0.3346360527601368,0.8036890165430743,0.07187922812807185,0.8036890165430743,0.02113889298627794,0.02810278431234748,0.0955182336269805,0.0987794381795268,3.5040906292636813,0.9419450522932841,0.03438779321596976,0.05372019841808968,0.05621577757231339,0.14209897844980188,4.7073518818158355,0.9337866401905502,0.09948120326338611,0.038475431932145865,0.0743134333270683,0.10753327103878917,10.030603382670863,0.907523689240995,0.13006484014295416,0.03556666583055779,0.12777955774896782,0.10478396022923407
B,数据集/数据集/目标域数据集/B.mat,14,target_32k,570.0,26947,8,2048,0.25,-0.1333203694420671,2.8515259352836484,3.0805190934317572,0.3321934538348803,0.8124869563528193,0.06540509120153332,0.8124869563528193,0.020473089594188955,0.02806284662984013,0.08777228033783231,0.11356814393859554,3.687060136074724,0.9448776166424698,0.04155761964156072,0.031194927458699718,0.06529666257251118,0.12692575640902648,4.45980558214832,0.9494392601271588,0.06914618657903948,0.05286697033114483,0.05564830608072245,0.09190560791604703,9.640033394890493,0.9017083241585084,0.10481886692796029,0.07194791595803722,0.11997404052850154,0.1697570874836779
B,数据集/数据集/目标域数据集/B.mat,15,target_32k,570.0,26947,8,2048,0.25,-0.09123618796146907,2.8978524898192775,3.1495436522047915,0.31753786028334147,0.8221979301963557,0.05971022577434809,0.8221979301963557,0.022183662658212568,0.02737161783188673,0.09006343277800051,0.10959704473321176,3.8414526338561332,0.9490524909886053,0.03214310208834635,0.03452070161287015,0.05866837611508601,0.14586596983626793,4.736009090454461,0.9291533047713777,0.12163804011257669,0.04561614031237713,0.056065382994967654,0.0874551447332345,12.395480968175109,0.8684509066342162,0.1812281649778654,0.04690633426301315,0.08277733119116382,0.15166631652871806
B,数据集/数据集/目标域数据集/B.mat,16,target_32k,570.0,26947,8,2048,0.25,-0.02522876557385544,3.025805459981879,3.2890768678413207,0.34587200781631655,0.8262843067105717,0.053885339319195605,0.8262843067105717,0.02085011265864292,0.0266012806262309,0.07539021174334541,0.12510650961987504,3.9834458233927426,0.9479017767565795,0.0414904810447208,0.04123119320622873,0.06671981551731888,0.12806632750032934,4.926474934090175,0.9427410088514213,0.0990868476618638,0.045510436427879906,0.05018719453369727,0.09269664375343001,15.111765445596857,0.8803891950240011,0.17667357781385265,0.04829728853369488,0.053882735951300165,0.15915324297042716
C,数据集/数据集/目标域数据集/C.mat,0,target_32k,570.0,26947,8,2048,0.25,0.029609410308438226,52.89144532430765,15.633722857311621,0.5642403517342452,0.9210355853662768,0.02400000807518281,0.9210355853662768,0.004176460182267561,0.00611578664364617,0.01980484168918873,0.04157568180258325,32.594986725273145,0.8248236519557058,0.13840145408186363,0.07736778397828395,0.14477743548178176,0.1449903930527411,28.945250223178224,0.8821234689586681,0.12883168361731748,0.06119934281795337,0.10867489784907211,0.1361766534712977,27.08236054442527,0.7707494427470919,0.14525683139805665,0.04325242979388352,0.07628201462500857,0.2996839580169013
C,数据集/数据集/目标域数据集/C.mat,1,target_32k,570.0,26947,8,2048,0.25,4.307268953635527,74.04488806309647,15.343806916627607,0.5779189057156815,0.9263688835272752,0.024115009006242364,0.9263688835272752,0.0051933470196710895,0.0050185713413549325,0.015039412698907635,0.035953144336141794,32.60113638050248,0.8278630434087768,0.1301101734499678,0.07822673465192603,0.1429605379590037,0.1275536143486518,35.53672358154719,0.8961928394727414,0.10488152511607288,0.046758576742632035,0.09946017350528147,0.15063745448725702,25.474059106356115,0.7705785065547094,0.15590825542681525,0.06134212972158484,0.04720975417426647,0.32090446067721085
C,数据集/数据集/目标域数据集/C.mat,2,target_32k,570.0,26947,8,2048,0.25,-2.2887069041127592,85.31872736582802,16.01377363313107,0.5964826575476306,0.9353541201939082,0.021282023709412606,0.9353541201939082,0.005985671971433845,0.006523082732953343,0.014638980400342854,0.044281928066854416,37.58212007947944,0.8120555500049248,0.15384591595337285,0.08545069136097859,0.13216426775727316,0.13013865055496981,27.325571699658973,0.8915950822146879,0.10868451393857928,0.052554904153927405,0.09819658984417645,0.1540061991765804,26.031677728917415,0.7633909543512165,0.14695122372927938,0.05441022685944987,0.06666664678533786,0.30667403068765126
C,数据集/数据集/目标域数据集/C.mat,3,target_32k,570.0,26947,8,2048,0.25,-3.795483221993639,91.64195291554849,17.763231144824044,0.6013678553981436,0.9626040218240051,0.012973576788055895,0.9626040218240051,0.005781284397122055,0.008950181324670275,0.016254442499599037,0.04604002699792826,38.96488695105368,0.8355105034395082,0.1289371846911303,0.07120486980687271,0.13182255671974474,0.15048919241694797,21.24936933452192,0.8665542013852457,0.13372368001896978,0.07280019695388432,0.10194300879752476,0.1399794255197762,27.07805184379016,0.7762405184175722,0.1413715840180827,0.05047459009536221,0.08696172159273395,0.2936575248278403
C,数据集/数据集/目标域数据集/C.mat,4,target_32k,570.0,26947,8,2048,0.25,-0.16463309274976026,42.34646933567636,13.180923338620797,0.5999022960429897,0.9050533213984578,0.025841042591371162,0.9050533213984578,0.0038891040946330596,0.0042972284484921585,0.011061528060953583,0.03406189649234253,31.64283757419108,0.8170196972823396,0.14154707544456868,0.10036492144664265,0.15613360555319156,0.11959441983931382,28.547860969569086,0.8785632111460053,0.10914618591501316,0.08874035262530892,0.08525282459517632,0.1743504320497443,24.929073267750184,0.7593673479834097,0.1600588682212483,0.0576161107656453,0.05232836704570282,0.3239515847555783
C,数据集/数据集/目标域数据集/C.mat,5,target_32k,570.0,26947,8,2048,0.25,-0.8382176327762839,24.445297263898613,10.084679367617687,0.5857352222765022,0.8847630789612506,0.030661854245662434,0.8847630789612506,0.00229492291824969,0.003838148277018011,0.009699141940748028,0.03647717369077759,27.338098041804766,0.8070197047903843,0.1537663181025148,0.12008504517549308,0.11978357681572563,0.13693669067928488,28.73464208390084,0.8753159291137232,0.12690743645477578,0.053283140981085005,0.08664064578994621,0.1484916523290707,22.34126000167671,0.7662945345852672,0.1539586206183388,0.05201694719523111,0.060140924035750026,0.31098065680591835
C,数据集/数据集/目标域数据集/C.mat,6,target_32k,570.0,26947,8,2048,0.25,-1.0107995562008318,21.24020553880245,10.973373027003214,0.5896433805569126,0.8563294412981103,0.04272782794799393,0.8563294412981103,0.0016354895324322304,0.0032117276316273413,0.014793980768370978,0.03910842529089141,30.72834156724159,0.8119068279755285,0.12984690200420917,0.10036683039293985,0.15433682628280787,0.12158150513262193,23.775569700906388,0.8646787068079487,0.1453610731051325,0.056195098500274834,0.10163941535984347,0.1562517280984996,23.683599606748903,0.7657217277569034,0.16492375869035147,0.056791215876885,0.05291135720465811,0.318363673605885
C,数据集/数据集/目标域数据集/C.mat,7,target_32k,570.0,26947,8,2048,0.25,-3.91567092915931,81.87541064509645,19.29815235969386,0.6008793356130924,0.8553749571756889,0.03929038586303882,0.8553749571756889,0.0017172904797166247,0.0031792291160045887,0.01697610175335837,0.03845845406603681,43.31486990631085,0.8003277426679093,0.15014812295571645,0.11048630176335016,0.13034038833798164,0.13329840852599315,28.919739459109426,0.8744578136826126,0.12980133664252957,0.07442968567151158,0.08727425857030467,0.17059329013108385,23.21828412890787,0.7561249013735187,0.16775121650293948,0.05916071678206804,0.05218497607538592,0.3224036341437099
C,数据集/数据集/目标域数据集/C.mat,8,target_32k,570.0,26947,8,2048,0.25,-2.7181825097149366,64.53106264839633,17.31094270288742,0.6189545676599902,0.9162653484505681,0.02486734447310589,0.9162653484505681,0.003661635478036585,0.00510162590687512,0.013638358403630512,0.03150217010655382,37.85813711589577,0.8284163366265267,0.125163772517446,0.08915672551945182,0.14954718331284478,0.1281549081965281,35.33829338581514,0.8825354322521222,0.0956257633651269,0.038789655651867566,0.10914501580305394,0.1728589896424306,23.002261520851615,0.7593172964659141,0.15560339205308002,0.04890766264238223,0.07235475991050894,0.31281735562173774
C,数据集/数据集/目标域数据集/C.mat,9,target_32k,570.0,26947,8,2048,0.25,-0.8932503887138968,30.40835712238774,12.191895589182282,0.6116267708842208,0.8798491074743257,0.029246672353539355,0.8798491074743257,0.0018495367831834024,0.004005647562560709,0.010962136035794537,0.03291788411396019,26.98907777045027,0.8070284803991721,0.13908643671865165,0.12781021925175587,0.15027521710461508,0.12756725901356877,27.02089013459555,0.8713303420369624,0.13794336828758158,0.07529547163802261,0.0973085409854718,0.16510871165315777,24.247689296548288,0.7766593064342712,0.15028796727190732,0.051231813521277286,0.05915602347316375,0.3001117058086558
C,数据集/数据集/目标域数据集/C.mat,10,target_32k,570.0,26947,8,2048,0.25,-2.066017316487319,31.349096893842333,12.52542685589336,0.5696140693698095,0.8929638208165738,0.029611901750446725,0.8929638208165738,0.002819424089990691,0.005744699676942238,0.012437038681330278,0.03444354650802156,31.894635858694706,0.8184633154129435,0.13191540927706658,0.11033172031868564,0.13610433760985136,0.1271749717173496,19.29295488268941,0.8850412962043137,0.11943291228943215,0.05949475885592979,0.09127309840700044,0.1764621383903737,24.72541195834584,0.7815026496652129,0.14811276781399524,0.05858487352361541,0.06598481320332246,0.29413717966312897
C,数据集/数据集/目标域数据集/C.mat,11,target_32k,570.0,26947,8,2048,0.25,0.7354343874156966,43.17914405864077,12.914512868122722,0.5676599902296043,0.9278275913364601,0.024496545378389002,0.9278275913364601,0.005493406149855214,0.006187593239821715,0.019286607046842912,0.04075199840039331,30.727181928596263,0.8230070086346541,0.13351118915651,0.0928595338584838,0.14666476020552904,0.11178522828067217,24.02999874927354,0.8776909232983412,0.13434020551497472,0.07192839127952366,0.0908535548806384,0.15721325889671844,26.023109518197625,0.7891698724228275,0.13176260767710044,0.04080483400470314,0.08580307507023927,0.2832377417546007
C,数据集/数据集/目标域数据集/C.mat,12,target_32k,570.0,26947,8,2048,0.25,1.3762626321044387,63.27738847742039,14.615529281651684,0.5945285784074255,0.9032395295932181,0.033358339290811445,0.9032395295932181,0.003691019977427597,0.004687080636628331,0.013918692723983992,0.03881276374745803,27.720277541874356,0.8097236424926711,0.14039429126266223,0.1083882585023054,0.15477520221018237,0.12410385168204431,29.470860567026612,0.8914408136966994,0.11413008996179941,0.06787594561768202,0.08685148974999965,0.13908949837164908,24.794920970537834,0.7720954128050618,0.14603424840809623,0.04460456599558448,0.06253925362521251,0.3087250629007139
C,数据集/数据集/目标域数据集/C.mat,13,target_32k,570.0,26947,8,2048,0.25,-2.5875264137303917,72.32427433332614,14.744552616435364,0.5798729848558867,0.8996889908332413,0.035217123826366534,0.8996889908332413,0.003450895739134194,0.004645177045881841,0.017785934864290743,0.04620368519406437,29.206786117222034,0.8065636263534254,0.1515607070938788,0.11422758702814483,0.12541446351401966,0.14922648824209997,29.89399927416951,0.887191711849306,0.12324467232874807,0.05788356807484121,0.07393736770461753,0.16671546656258573,25.47996108302726,0.7774586468098351,0.1463199228268145,0.04120583671568352,0.07422018397456429,0.29351966081929426
C,数据集/数据集/目标域数据集/C.mat,14,target_32k,570.0,26947,8,2048,0.25,-3.6678849055790033,56.41733389404507,15.213010892821801,0.5828041035661944,0.8973381603140312,0.029618598052391875,0.8973381603140312,0.003204099098608987,0.006698630222931518,0.01871438246061159,0.04633356012516551,29.786228381484793,0.8173640697544914,0.14729910945576433,0.10138975062716502,0.13216050172686178,0.1273295580559316,24.833703737600697,0.8849836849945909,0.11930148553927689,0.05823772901361324,0.09488193709400228,0.15129390151492245,24.906628302337882,0.7842278891471193,0.1450926060050741,0.039497397444826055,0.08512536075116302,0.29541072578770045
C,数据集/数据集/目标域数据集/C.mat,15,target_32k,570.0,26947,8,2048,0.25,-1.3789228206490407,27.43860347707675,12.964847360398261,0.5642403517342452,0.8753575626870996,0.036727300653703415,0.8753575626870996,0.002031551497222804,0.0037794407003059623,0.010838979894359052,0.03826735356196773,31.291513803858507,0.7925573765870316,0.15091285469014515,0.13967582182372826,0.13762331831319383,0.14760705355173098,18.062130260704848,0.8663383847999603,0.12429944841362568,0.09805933890035404,0.09438230628895064,0.17674564323494926,24.709277874160183,0.7630505167400169,0.15516045791515284,0.039921769478531106,0.05957140483634032,0.3150170418597082
C,数据集/数据集/目标域数据集/C.mat,16,target_32k,570.0,26947,8,2048,0.25,0.20730530257233343,15.8093066027575,7.729635377143997,0.575476306790425,0.8237868030601704,0.04959861126673915,0.8237868030601704,0.0005883553536830878,0.0006519538306478154,0.008687572280620273,0.030522794069128747,32.53024664864141,0.7954149866095273,0.15972477012762404,0.13670934059716086,0.1150090737298279,0.14747900034313163,13.533375166417065,0.8670937028330548,0.12083485001723487,0.11454764469198568,0.08699418267920672,0.18307774362931484,27.0334647857255,0.7836541855913551,0.14168173442166568,0.04503931756386899,0.07027659497709914,0.2876197547327113
D,数据集/数据集/目标域数据集/D.mat,0,target_32k,570.0,26947,8,2048,0.25,-0.033495428439002835,3.0298439143079503,3.4886111389710224,0.5026868588177821,0.844485730731121,0.04455022123657775,0.844485730731121,0.0007905545363893641,0.0024343872338751953,0.05516756992351277,0.11083673775635193,4.83838028186221,0.9429837066361485,0.02959390073775411,0.016077703681807873,0.07497464938829103,0.12315583566591012,3.573794705998139,0.9675466179044859,0.014730592121483452,0.036782898361088105,0.04585924383894055,0.11282104252524096,3.2820024957705503,0.9672283195309721,0.011268880808076727,0.021400617130519668,0.046518680880218384,0.10813880099860049
D,数据集/数据集/目标域数据集/D.mat,1,target_32k,570.0,26947,8,2048,0.25,0.01970012514851771,3.012870294004195,3.527012944016362,0.5417684416218856,0.8525161335071859,0.03927796407800421,0.8525161335071859,0.0007982646436329435,0.002529217553569396,0.06185361147049657,0.09837166013668658,4.013705504722205,0.9493931781741461,0.016125918457076047,0.022958177870082405,0.06833525117553865,0.09661040643173271,3.337993475490819,0.9617633073183571,0.018036033990965865,0.04644503186771872,0.06843107648457696,0.11959891982763891,3.2188718876608093,0.9652057919660074,0.024613314775200932,0.02259061357899978,0.04942881564553428,0.09745999082317579
D,数据集/数据集/目标域数据集/D.mat,2,target_32k,570.0,26947,8,2048,0.25,0.002073628058868126,2.9377980773239964,3.602673186206491,0.5486077186126038,0.8673690690298782,0.03578029434009197,0.8673690690298782,0.0007905608246023913,0.0025051630614975865,0.057033117165206995,0.0934497559380156,4.723301593498461,0.9473977043319186,0.024240353893738943,0.025596847904949257,0.0511892955313007,0.11552279574202778,3.5400961717334347,0.9620733120653672,0.01991073682647761,0.022557967457283452,0.05710520946672733,0.13047656023625004,3.2309063229114936,0.9669344622949795,0.027068252949285693,0.02346721252781036,0.04082459326008387,0.09449512906151236
D,数据集/数据集/目标域数据集/D.mat,3,target_32k,570.0,26947,8,2048,0.25,-0.028003899266237715,2.9913343783181117,3.360937893064337,0.5407914020517831,0.8465511564710883,0.03785122554658676,0.8465511564710883,0.000612361974773291,0.0023122746018564805,0.06497353179103595,0.08660672090031953,5.205927466886089,0.937941252600423,0.020378040910180598,0.013940328914413349,0.051728967151344826,0.1411235299533112,3.578217600080437,0.9603912659068264,0.02962313955902437,0.03618321589927254,0.06877180237800672,0.09869990436271396,3.3935756757649633,0.9659468742691519,0.026044601580410973,0.041240134683702176,0.03792387542376358,0.09224703921835065
D,数据集/数据集/目标域数据集/D.mat,4,target_32k,570.0,26947,8,2048,0.25,0.016188721978515393,2.937717200040081,3.3719349216133563,0.5451880801172447,0.8452625684480373,0.04204209810748147,0.8452625684480373,0.0005497021611274989,0.0021011251117652356,0.05991659969965333,0.08227373445819673,14.1386892397167,0.9423778654967161,0.022009614515192587,0.01447461748999811,0.04413595276511805,0.12306375666679752,3.7600520306765324,0.953411427879614,0.02120100481638359,0.02594741902345294,0.11381027761087666,0.08360835346242462,3.3399083427732648,0.9659285229092481,0.020570911890605656,0.04137940664468204,0.05347969326283658,0.06576986255204714
D,数据集/数据集/目标域数据集/D.mat,5,target_32k,570.0,26947,8,2048,0.25,0.0462902129962015,2.9807705968255203,3.719393355721246,0.5569125549584758,0.8706814136224649,0.031128559216390284,0.8706814136224649,0.0007086150965719348,0.0024723061259405766,0.05477559095843351,0.06921490274225192,5.4940083403447515,0.9354364618584875,0.04899576491983937,0.026507746327060426,0.05099777405522253,0.10459945369422574,4.132151119023341,0.9570938777420841,0.03377154503055059,0.04646664168908972,0.0790907057357287,0.09421878871481142,3.209269380565942,0.963580111877807,0.022697029271246935,0.028596130402826117,0.07895720290774177,0.06199089834867205
D,数据集/数据集/目标域数据集/D.mat,6,target_32k,570.0,26947,8,2048,0.25,-0.02286084210140085,2.8985757805446153,3.360888178341476,0.5764533463605276,0.8706572986338514,0.02529693294147546,0.8706572986338514,0.0007941228174735011,0.0026510479651757923,0.04331512945445231,0.07594092718486017,4.892511332429001,0.9443895112090341,0.03553528345036391,0.025640846191795613,0.05702429219681448,0.0855958122639923,3.955299978524859,0.9627076089320095,0.028010862538068816,0.04469650251889722,0.06976794743383077,0.07938649713219259,3.7486918702171805,0.9654668978747221,0.013666743005188923,0.02674853615825059,0.05647900540481957,0.09207581117818585
D,数据集/数据集/目标域数据集/D.mat,7,target_32k,570.0,26947,8,2048,0.25,-0.027523412448614646,2.9016076236595323,4.016392418669041,0.5446995603321935,0.8523367657151898,0.04703632370678585,0.8523367657151898,0.000782177853110701,0.002446690689236295,0.039696239686636284,0.08062700332933931,3.8298985555816007,0.9417365293608644,0.028857056472726725,0.03459277242655981,0.04767885395666899,0.10937158335407013,3.5409017376129164,0.9620643307384817,0.025897848271957,0.029505595909435158,0.08820252915369685,0.09091000623193939,4.184227041360772,0.961222950960707,0.017522355714357243,0.029251911162825592,0.04743232006326303,0.11113659644568911
D,数据集/数据集/目标域数据集/D.mat,8,target_32k,570.0,26947,8,2048,0.25,-0.020309689473155864,2.922827686792552,4.212062913259808,0.5383488031265267,0.8707462113070619,0.028489609202706996,0.8707462113070619,0.0007726369641898024,0.0024619235423799526,0.025905730070162773,0.08339673000119516,6.577946351628807,0.9401325805861835,0.03798589079639855,0.027759978765573814,0.0473591714193001,0.09963239147064831,3.4255639223995096,0.9591578743517788,0.030367712843949887,0.03754513774144549,0.07815757370116672,0.09091397734107556,3.813965220629988,0.9552853910889383,0.019847880080790664,0.02007488269853588,0.04531076463320608,0.1293589461862223
D,数据集/数据集/目标域数据集/D.mat,9,target_32k,570.0,26947,8,2048,0.25,-0.04485071501026535,2.8517299491722756,3.2895859471262585,0.5769418661455789,0.8746901196453105,0.021817840630761715,0.8746901196453105,0.0008086471665333842,0.0027481545494482534,0.017062055634257705,0.08551286219892455,17.711638096789184,0.9463024152142692,0.01554263839247825,0.02803460807531778,0.05768656508247615,0.10272736638282966,3.434602446563881,0.9630368655227076,0.030394340791172522,0.03943853250085718,0.04855813126472688,0.10258973220180437,3.355046169443804,0.9672372445601336,0.02178884807923949,0.025466329090481812,0.047783792178684045,0.10591198976037958
D,数据集/数据集/目标域数据集/D.mat,10,target_32k,570.0,26947,8,2048,0.25,0.033334242472692656,2.8718768992689605,3.9280756884747157,0.5388373229115779,0.8625225410266603,0.05747687561419835,0.8625225410266603,0.0008551418112769198,0.003095370012376044,0.014397301089200789,0.09953519367695905,5.926967086995239,0.9392142545624037,0.03219139895189057,0.03731024580455994,0.05048832153589864,0.1062858714813963,3.4931696614172916,0.9605038366017244,0.029998387297984732,0.03246525164024521,0.05432169239877698,0.1040188062595951,3.3441273527607445,0.9721286330030339,0.013100889674301305,0.016111645535790767,0.04491676076675966,0.08899037382586313
D,数据集/数据集/目标域数据集/D.mat,11,target_32k,570.0,26947,8,2048,0.25,-0.015795594166902,2.970881830851112,3.893515948707583,0.5276013678553981,0.8632208542265734,0.035114208190460315,0.8632208542265734,0.0007382267009834785,0.002838639080629872,0.017176567641933083,0.10598615282259528,4.920484014141401,0.9408987377450568,0.04560013955777711,0.03347729801377732,0.03973721791057772,0.12242922938659682,3.553354883774032,0.959686707522953,0.022632105693813777,0.03521970287551828,0.06484587623193755,0.09942277671180218,3.2674848234334197,0.9706872286440323,0.029258787592435595,0.02497953521879694,0.04027345699549221,0.09691884725526373
D,数据集/数据集/目标域数据集/D.mat,12,target_32k,570.0,26947,8,2048,0.25,-0.06821367131136681,2.9961104184961003,3.3452120344000837,0.5246702491450904,0.8671154420206548,0.03379460005392821,0.8671154420206548,0.0008146326911133587,0.0028721028663546487,0.024724455462423914,0.10025288971393753,5.474955250612467,0.944154807176822,0.03408034643240517,0.0398615935893618,0.04732655807232486,0.11943314617929647,3.5994233977348102,0.96521764142052,0.02636863135616117,0.03854053593755794,0.05051488566246327,0.08377579890089933,3.351390389787545,0.9662003365579123,0.016280837539671394,0.03171594993683868,0.0557043967323947,0.12264034157978564
D,数据集/数据集/目标域数据集/D.mat,13,target_32k,570.0,26947,8,2048,0.25,0.005947527475787951,2.961525958897289,3.3314516134087993,0.5383488031265267,0.8626618653075043,0.04692623602572977,0.8626618653075043,0.000691395739357608,0.0027621412508613613,0.023879140809212752,0.10875824856825671,7.202080110617357,0.94431937623202,0.019930077373571973,0.02836698930072447,0.06333178217537459,0.12815822695632037,3.4361769519964214,0.9642436119202281,0.02899295812993646,0.039848107871290346,0.06396271818534381,0.07651095277754139,3.5237971041939256,0.9660461383643827,0.015362808272291929,0.03455500035294635,0.05413697924611223,0.1019902435262877
D,数据集/数据集/目标域数据集/D.mat,14,target_32k,570.0,26947,8,2048,0.25,0.03875833938918937,3.061362854429181,3.533252303368804,0.5627747923790913,0.8477993573110867,0.046909293669010664,0.8477993573110867,0.0009766881382279042,0.0036026563642979955,0.03343011032912347,0.10625804168226417,6.893524446002729,0.9336640088252164,0.024124069469065455,0.016984167957158867,0.06614012070434978,0.12981837639079913,3.360613156123926,0.967079421707656,0.02986317040851374,0.02647809033040903,0.062995729392078,0.0781945236345276,4.032736776029792,0.9713546141304539,0.01543165300864549,0.03316224439667207,0.03896580664217763,0.09992873090740917
D,数据集/数据集/目标域数据集/D.mat,15,target_32k,570.0,26947,8,2048,0.25,0.13160041851550175,3.1427393301575206,4.096099142034978,0.5393258426966292,0.8557498899938715,0.04968149410752308,0.8557498899938715,0.000687682108278865,0.0026017297642895905,0.05003411037406869,0.12353749627618094,7.191920034539712,0.947662649315643,0.02473228264281817,0.025172872424172266,0.047532037137013344,0.10674412951529645,3.2956976777925675,0.9688298158774007,0.026419179749939906,0.021663794855282522,0.05246785798947866,0.08680944821250322,4.118215028529379,0.9706202374038755,0.028834137949511972,0.02690102665308973,0.0436019649074523,0.08939963817961025
D,数据集/数据集/目标域数据集/D.mat,16,target_32k,570.0,26947,8,2048,0.25,0.09721353807523567,3.047630025695141,4.180683286682465,0.5232046897899365,0.8538784572406378,0.046956740107811194,0.8538784572406378,0.000858042604743282,0.002451234028642088,0.06487900458016457,0.11633967810371924,4.393077588679463,0.9473672246419861,0.019741283390997656,0.031788490087735,0.056779481692521734,0.09037328781022985,3.2739399616243223,0.9634204728079143,0.03488217869681624,0.03110266931703062,0.06387952654851768,0.09057155226611972,3.527437745189616,0.9660073095096684,0.014418608802812538,0.02726110379227533,0.054609379441385476,0.0898627411677716
E,数据集/数据集/目标域数据集/E.mat,0,target_32k,570.0,26947,8,2048,0.25,1.0712351212013265,67.96314365164477,14.68340859123321,0.5622862725940401,0.9509697115741006,0.014214363267722612,0.9509697115741006,0.007091826501935061,0.0050765995690327664,0.022976633762834153,0.04076053228213889,26.203464571659612,0.805543843796835,0.14740808107393785,0.12600051183113944,0.15058149940187363,0.1660723664775489,82.54061610031661,0.8562854789012236,0.11242401229502048,0.11591687133046792,0.09939640860398337,0.21763455754951597,33.45600255534967,0.7462351622984099,0.15100224249502375,0.08789035086489766,0.04248042295366666,0.3127684162316126
E,数据集/数据集/目标域数据集/E.mat,1,target_32k,570.0,26947,8,2048,0.25,0.151009438099076,103.1639690749247,15.884268267816042,0.5769418661455789,0.971940133139736,0.01265173722888716,0.971940133139736,0.01020043683498607,0.011802462404254362,0.021811609084828515,0.06428517310672421,24.251589797677124,0.7888388032726378,0.17598540107995916,0.15571992293268933,0.11913324623971085,0.17226710267508702,94.5252461888889,0.8305002929135346,0.11573901310882034,0.1239808330367272,0.12319936888622413,0.26184223984981636,32.360693756704066,0.7482248981183922,0.15918063515500108,0.08483610643865727,0.0413041997080514,0.31180486078690517
E,数据集/数据集/目标域数据集/E.mat,2,target_32k,570.0,26947,8,2048,0.25,-5.170203668835823,103.84742229943889,15.828457865439379,0.5661944308744504,0.9609121233059306,0.014095837336146827,0.9609121233059306,0.008937867746104635,0.011752428562507784,0.034608655419271356,0.06126702900204214,25.64889398461261,0.7779647665939922,0.1782899795542825,0.14629759603654774,0.1361499588913506,0.20324024058494208,50.972091485218535,0.8355778180094269,0.1350154115498012,0.123725954523715,0.11232967266094591,0.2098732644794265,36.96634918923031,0.748753337691205,0.1520491005688404,0.09612285140528196,0.0401761265605554,0.31233607931070206
E,数据集/数据集/目标域数据集/E.mat,3,target_32k,570.0,26947,8,2048,0.25,-6.237525212936178,112.77690280174218,18.10565744439286,0.5383488031265267,0.9485023834478149,0.01295042770998622,0.9485023834478149,0.01013394400941655,0.014131762069250972,0.0371007637106597,0.06666311555709506,27.52168958648514,0.7840638670667243,0.17174503089706575,0.12790282916083096,0.15791533905586852,0.2063142947231263,52.65201340672061,0.848148623360678,0.13443679317060817,0.09947087988465479,0.1080729789967485,0.22150923856203364,38.42818139175866,0.7452834979318697,0.1557133690772738,0.09667801699854763,0.032821424403457464,0.32109792215212296
E,数据集/数据集/目标域数据集/E.mat,4,target_32k,570.0,26947,8,2048,0.25,-1.2688688685308414,58.58184600767742,13.552801592289036,0.5564240351734245,0.9373245018066287,0.019332129161959838,0.9373245018066287,0.002526399617050455,0.003912219065833649,0.0196963725538608,0.02605283858345597,24.54336568219355,0.8077386466231992,0.1383856578024978,0.14642619080845307,0.09819634747856723,0.18734202734450975,42.68709802022345,0.8595972393254463,0.1282270542451995,0.1015585117304596,0.07131448832141453,0.2054906588899664,38.220108327048656,0.7653044182986634,0.14318985466571013,0.09396983239317182,0.04592368995444693,0.302987491829137
E,数据集/数据集/目标域数据集/E.mat,5,target_32k,570.0,26947,8,2048,0.25,-1.716962984018153,56.27831493892139,12.853038468648817,0.5906204201270151,0.9457842198379294,0.015316620767101503,0.9457842198379294,0.00504531943393136,0.0055075120846849145,0.027351378276898246,0.0406626962488128,23.603480491700775,0.816258410374185,0.14343125837062873,0.12351098495737549,0.11309040728739134,0.18763860578644445,54.713982602747905,0.8540820491268803,0.12640506783851918,0.11027281506498102,0.07924980350838756,0.2264376241882067,37.85428915233199,0.7521169716310815,0.14904525546299954,0.09462630224933376,0.054328030882584886,0.31433770501181135
E,数据集/数据集/目标域数据集/E.mat,6,target_32k,570.0,26947,8,2048,0.25,-2.1204957487283544,39.598919937550114,13.684717878349272,0.5935515388373229,0.9244770529290605,0.022774420516598778,0.9244770529290605,0.00770838707171154,0.009325708111958354,0.04106663642736883,0.060192057220919803,23.30960335035734,0.8009881304543176,0.1406701407867711,0.1238656878828448,0.14148907039706776,0.1869142585293355,51.48350709107094,0.8521213433043437,0.12433448153606236,0.12047566690024646,0.09194132702616556,0.20985914040202694,31.291388629749584,0.7375285317769911,0.15953948063670825,0.09671729706152629,0.05298675423263131,0.3239916970153396
E,数据集/数据集/目标域数据集/E.mat,7,target_32k,570.0,26947,8,2048,0.25,0.5603059650094927,32.114134715989685,12.179115696970458,0.5984367366878358,0.9223934627044901,0.022089206159655005,0.9223934627044901,0.005963290869402906,0.006543470348808986,0.034616704614454374,0.04603262617683098,22.526195682000232,0.7960063388696677,0.14580986683689184,0.1347259312480298,0.1308716378758614,0.1732944716974922,38.74567888557172,0.8509777712568413,0.1276428842300577,0.123050936179793,0.10036405992373099,0.20006295037983535,32.03014308772507,0.7548755340062286,0.14724884263460572,0.09511010573868069,0.04871512215992377,0.3188465940587397
E,数据集/数据集/目标域数据集/E.mat,8,target_32k,570.0,26947,8,2048,0.25,1.2184520844667093,27.42204297737035,11.548314818000962,0.600390815828041,0.9323949626779136,0.02905371228401847,0.9323949626779136,0.011522314381899547,0.007676280186751681,0.022144993065311175,0.04754453138715396,21.471478942186966,0.8038255292355941,0.14445310006139864,0.15514204468960532,0.09994429522670678,0.1879828339424863,61.62233999146143,0.8744294754076549,0.1373709712124035,0.08195158738554027,0.07143496003198198,0.17145073583565718,33.75246040400983,0.7480451726308617,0.15085365295576683,0.09502271414545797,0.036775946163838724,0.31706591849439564
E,数据集/数据集/目标域数据集/E.mat,9,target_32k,570.0,26947,8,2048,0.25,-1.7221975166520744,39.39022156258581,14.796439464548795,0.6165119687347338,0.9348531072220844,0.02171728603365128,0.9348531072220844,0.010524724973153024,0.013054080906446615,0.03343586450798431,0.057528468046428055,23.771647272105415,0.7984722366944904,0.12684311711134885,0.13451751207253448,0.12737755645769017,0.20949562670438635,70.21748117592804,0.8822903210490932,0.11171612808035752,0.09668410759304003,0.07983371237849468,0.19643770173555994,37.14937519523769,0.7684139477664043,0.14598481151745335,0.0976596655309642,0.05349039878458799,0.29751688256939735
E,数据集/数据集/目标域数据集/E.mat,10,target_32k,570.0,26947,8,2048,0.25,-3.3356554698816168,77.21459174169021,15.786057062407526,0.6101612115290669,0.9613541443209702,0.00933178417089206,0.9613541443209702,0.007124750578916992,0.009971794152195828,0.02235346734810404,0.043861343066086245,52.38911262369053,0.8305029192522763,0.11981893103432281,0.10205882163181985,0.13608645598765234,0.19375871449379942,60.444891332211206,0.8672230318872804,0.12255930303940622,0.08811863464038858,0.08072238936016755,0.21336533599985916,41.733596215374575,0.7825614991412005,0.1354581993548809,0.07565323293853059,0.08271093719677257,0.28144688333093104
E,数据集/数据集/目标域数据集/E.mat,11,target_32k,570.0,26947,8,2048,0.25,-2.8066800204908646,70.75652632522545,16.049012687718523,0.605276013678554,0.9457941057721215,0.014943352458658125,0.9457941057721215,0.0035246510967371315,0.004257790911562203,0.012155573604467566,0.028049370131659396,48.26655629037781,0.8282513817147373,0.12107162890049104,0.144646510694214,0.11224528864898731,0.19378993164353003,57.165495651032636,0.8569168145137961,0.12571665388127617,0.09864866354148882,0.07108411446500258,0.19830045192405882,40.74326651162999,0.7600562890267055,0.1362087705432937,0.10753567284647791,0.05417001999231459,0.32082230994253097
E,数据集/数据集/目标域数据集/E.mat,12,target_32k,570.0,26947,8,2048,0.25,-0.5895220057594434,37.414110914259425,10.877723414637106,0.5886663409868099,0.9360748816819722,0.014382492730458087,0.9360748816819722,0.0027469005948767946,0.006158919226247317,0.019902189244173793,0.029744960412378774,21.019521956996524,0.8223439140647281,0.15899158221739762,0.13398361757352317,0.08080078611929344,0.18099231050663842,47.347570608977165,0.8613994766927889,0.1478617083916453,0.09887377226562401,0.06579695082848552,0.176116342749469,37.98306398203379,0.7693623238381859,0.1463657637339873,0.0803397801168636,0.0625271037843052,0.3085630907908885
E,数据集/数据集/目标域数据集/E.mat,13,target_32k,570.0,26947,8,2048,0.25,-1.2482418099328714,37.61797874331019,11.499583372745601,0.5647288715192965,0.9281967325936505,0.017787817215355932,0.9281967325936505,0.004155005318269196,0.009846567939729727,0.028218049545620696,0.042321402738745205,22.071400683223366,0.8141263427022563,0.1339569022805153,0.1256548249927934,0.11974203380704085,0.1550698136361625,48.68651881367667,0.859421424836461,0.14920420819923144,0.10339862660604471,0.048926040289314174,0.19028711117440178,38.61878659609228,0.7959396523635422,0.138642137073973,0.08058562319064393,0.0744122971208632,0.27141565977260407
E,数据集/数据集/目标域数据集/E.mat,14,target_32k,570.0,26947,8,2048,0.25,-3.8984874576936237,132.38078061747984,21.64042889570188,0.5701025891548608,0.9465983504438052,0.011908279863234998,0.9465983504438052,0.0024683055477454385,0.004108483886323322,0.014943425356050304,0.026012919439223126,27.718039618709803,0.8063304433604047,0.11631734118041398,0.15595878333670152,0.15469787884893874,0.19176599282166823,100.93551952232522,0.8447391772134693,0.13633689642282396,0.10096846243950539,0.09039893957680012,0.21251478957918163,33.79009320911421,0.7654480151455738,0.15360675326970896,0.08896461551228015,0.05065933433501053,0.29836391343683727
E,数据集/数据集/目标域数据集/E.mat,15,target_32k,570.0,26947,8,2048,0.25,-2.211392377025101,108.92082407051593,19.846541749160615,0.5730337078651685,0.9474038932223282,0.013139179267506292,0.9474038932223282,0.008112363350856529,0.010217542185727865,0.027604655703946247,0.05037635217602172,27.16024060713868,0.7958175630075163,0.1572312800023025,0.1348274999678868,0.13310412938333066,0.19903440940318004,81.35103286846358,0.8446333448167286,0.10792059924661146,0.10717803668994608,0.09136622253818492,0.22440271277387236,28.566040244441254,0.7447109419907789,0.1555748526366011,0.0923391179865996,0.053836120220437975,0.31997431386858494
E,数据集/数据集/目标域数据集/E.mat,16,target_32k,570.0,26947,8,2048,0.25,-1.8811080823275874,47.56026501666064,11.931818159606292,0.5925744992672203,0.9539660000374643,0.011784591325141829,0.9539660000374643,0.006823620018844253,0.006910244759601183,0.033268833681816615,0.04132782474827111,23.347053644280976,0.7974763696825378,0.16996919055390153,0.13637551881472326,0.15835485623247436,0.1905482997298576,65.25412454599396,0.8513761768159902,0.11502742346560915,0.10794318074712377,0.1076056136067658,0.21882430577360257,28.38089732202741,0.7367722144547537,0.1706229235870649,0.09339374379817993,0.0451804780065692,0.3255581080983741
F,数据集/数据集/目标域数据集/F.mat,0,target_32k,570.0,26947,8,2048,0.25,-0.0012291744654043422,2.953729467769577,3.6858185171277396,0.5852467024914509,0.8797248935829183,0.022242134440090374,0.8797248935829183,0.0008030385887977033,0.002480666549627648,0.019637632696879393,0.07542495185709737,18.580220775516924,0.9445957632969318,0.020310941117561234,0.0201043694830222,0.048991531835032014,0.1083619448476016,3.6650380020121265,0.9603097299689293,0.020626820229072525,0.0437059863450286,0.06301723995408037,0.1017180823990929,3.614563766664941,0.9630080855708514,0.012366144733948519,0.034804420907280205,0.048311856228159346,0.09493409653592758
F,数据集/数据集/目标域数据集/F.mat,1,target_32k,570.0,26947,8,2048,0.25,-0.014873907661852263,2.9344170906405034,3.3414364057539356,0.5940400586223742,0.8761954782257839,0.02419748752140358,0.8761954782257839,0.0009316028172609482,0.002680700762985223,0.01955576299258117,0.050258111256541935,3.611842735765839,0.9461700985839183,0.025823472321643805,0.023436309770017066,0.04469740226324398,0.1124427356114222,3.2020998156985008,0.9555561961300519,0.0332800225283899,0.03996802320568864,0.036868836340094066,0.12977522036137434,3.603433759777786,0.9662251542705735,0.015134839134194568,0.03054437695575191,0.06091890835165216,0.1015961291877053
F,数据集/数据集/目标域数据集/F.mat,2,target_32k,570.0,26947,8,2048,0.25,-0.15784618341058526,3.0961856724337267,3.877070657354332,0.5979482169027845,0.8731219741658262,0.021401355275595415,0.8731219741658262,0.0006898429255551664,0.002313421969868432,0.01563722598199999,0.052932241464638874,3.581962475157115,0.9440544011558071,0.019113438276565916,0.02165997184338026,0.06638310100360892,0.12910575098232546,3.893787256077335,0.9588128525945291,0.026585230456276865,0.021437507562817138,0.04095367854954123,0.12780224893858746,3.604501887565017,0.9673223326490868,0.0163438966510561,0.029611650576436117,0.04983789640669431,0.10945248177911716
F,数据集/数据集/目标域数据集/F.mat,3,target_32k,570.0,26947,8,2048,0.25,-0.12236323654523516,3.2832936820475105,4.054475466809576,0.5808500244259892,0.8755722853008479,0.022503235431784504,0.8755722853008479,0.0007651558649502159,0.0023697336048771112,0.017072149408880008,0.056602957865662495,4.32102597970639,0.9474150563285688,0.04262839040159657,0.02398377788548488,0.06018024592771037,0.1156535383949029,3.916263203020629,0.9573774868548138,0.020828297811196543,0.024160313334427353,0.061847395880809106,0.11730528938236633,3.3852025597689606,0.9699539603409334,0.015800230111642975,0.02171363318232136,0.05051085080574878,0.09835700535839505
F,数据集/数据集/目标域数据集/F.mat,4,target_32k,570.0,26947,8,2048,0.25,0.029134126703288386,3.150081901243869,3.7731899780097367,0.5823155837811431,0.8824190657282917,0.023074271940761323,0.8824190657282917,0.0007577675210824253,0.0024557433250345082,0.024291451355683065,0.05445399271211634,4.225142736583924,0.9424082866840464,0.046873696328823274,0.02546571036481251,0.0612768907674681,0.08467728605918347,3.5085666150060324,0.9456988384648294,0.017251371230653546,0.03673347637575259,0.06707484143493012,0.15779893707678966,3.90630779252416,0.9666594629412725,0.012939362013998243,0.026080777566575564,0.04235927466405756,0.09790333067504634
F,数据集/数据集/目标域数据集/F.mat,5,target_32k,570.0,26947,8,2048,0.25,0.03098436333154315,2.9023651089755944,3.4765895637552906,0.5911089399120665,0.8759539859131452,0.02210334468317124,0.8759539859131452,0.0006657678285345834,0.0021441910395209045,0.02438667326516584,0.048707947308903675,4.063405407298618,0.9337894086516569,0.06109018708487972,0.02081697737362256,0.06114113326890838,0.09486785906363185,3.524845785316019,0.9487943818574993,0.027188317213098227,0.02532131719555649,0.04318755820776668,0.12872664914471618,4.2246987666095235,0.9618098479491705,0.020851362036716985,0.03245202027333403,0.043637667518357647,0.12159758148239098
F,数据集/数据集/目标域数据集/F.mat,6,target_32k,570.0,26947,8,2048,0.25,0.02018078940406299,2.8220476188294703,3.3084447506391768,0.5901319003419638,0.8639640489645539,0.02484310023733451,0.8639640489645539,0.0006353247296286541,0.0021662747820837894,0.02375958374054972,0.049331228277096024,5.300098260729912,0.9341074193154979,0.025924884767491205,0.025875296163822024,0.061949405682304864,0.13531686134483897,3.164233382757264,0.9636213314904314,0.02012770577725381,0.03188681806876931,0.053490642245474965,0.07260968755761507,3.952792685881683,0.9676442207152895,0.012183707243480725,0.022410797497179995,0.05922980873280375,0.10265012014680495
F,数据集/数据集/目标域数据集/F.mat,7,target_32k,570.0,26947,8,2048,0.25,0.038678009328639164,2.930377577459711,3.541739030946661,0.6047874938935027,0.8737784397410054,0.026423985609767567,0.8737784397410054,0.0007743153922123511,0.0023324761008997135,0.03359229948209437,0.051584958710912926,5.187504415954056,0.9401814049437065,0.03590828923524862,0.03650222118486006,0.06560040395607411,0.12069386053152048,3.118325779284153,0.9583196274996113,0.020957959189261643,0.013897693859877512,0.0588744056955496,0.0971360462542876,3.7755489966105076,0.9634429844915317,0.014711816923466393,0.017669449111560636,0.05105712806335415,0.0996837668899322
F,数据集/数据集/目标域数据集/F.mat,8,target_32k,570.0,26947,8,2048,0.25,0.07387119947286243,2.941589761314971,3.864248209324032,0.6018563751831949,0.8838515605494125,0.019863451265936808,0.8838515605494125,0.0008155343039936298,0.0028229117363503457,0.030606428477663344,0.04428278106873926,3.840148442049638,0.9432164881224471,0.037768476019131525,0.036308889752436416,0.052572402538919434,0.10992020544665378,3.3087627979157905,0.9577436835215135,0.028203414772346037,0.021759493736523375,0.07600565149533073,0.08149752157165757,3.5844166804146984,0.9624900399461805,0.016905919110651327,0.024797175463186074,0.03834585219756325,0.09562476632740642
F,数据集/数据集/目标域数据集/F.mat,9,target_32k,570.0,26947,8,2048,0.25,0.01813226211367207,3.0920772482306207,3.8556331935518404,0.5862237420615535,0.8871837576920825,0.020771336580883065,0.8871837576920825,0.000832927501325267,0.002825938940492335,0.027900673985580195,0.04595039900954215,4.3704459006514895,0.946658206628712,0.03845665957186963,0.04002882905576738,0.05557377847259956,0.12196716919986193,3.276709000740497,0.9616696634698384,0.020642929563155974,0.01826914993524744,0.06158922030932235,0.08599317130722661,3.6204279739261005,0.9648333322904775,0.028277710382919204,0.016493605488813436,0.04752317375226206,0.0817532981386655
F,数据集/数据集/目标域数据集/F.mat,10,target_32k,570.0,26947,8,2048,0.25,-0.038657004716062815,2.922559448785205,3.450328977417806,0.5847581827063996,0.8842577492523815,0.018546293865387628,0.8842577492523815,0.0008051488561512305,0.0028159316931634227,0.028280255543422058,0.03782205876187523,4.723810928312012,0.9500845205136765,0.020510859878990106,0.033066463933408355,0.0572079428360998,0.1324411869612322,3.517607268848829,0.9587850842796412,0.03680094158216299,0.021012025554885797,0.05185664760913332,0.11100882180397646,3.646960901184086,0.962207438105663,0.019987107008026025,0.028534036114580018,0.03756666537964038,0.09152427162137788
F,数据集/数据集/目标域数据集/F.mat,11,target_32k,570.0,26947,8,2048,0.25,-0.09084072686624235,2.8382748504509725,3.7215887186311427,0.592085979482169,0.8789542619064108,0.02061260285918823,0.8789542619064108,0.0007240503724171764,0.002667548422833244,0.016856836452891863,0.038823025735257935,4.554578276006937,0.9516151849055254,0.013582028791742563,0.02026133643663381,0.05326224706066356,0.09737312905553254,3.6942716319698685,0.9602185962359334,0.031148824792168798,0.01994983473412413,0.06568918744476133,0.09993258499511663,3.5578525931627674,0.9666241844290729,0.028152013805478233,0.03232091519804504,0.052440507015562965,0.06842569236909027
F,数据集/数据集/目标域数据集/F.mat,12,target_32k,570.0,26947,8,2048,0.25,-0.08333441183328305,2.845871587558142,3.7365331360062792,0.596971177332682,0.887695630978947,0.021160803742116638,0.887695630978947,0.0005838163332184608,0.00239267397688342,0.01297506662331832,0.05494324999899856,4.244090512577956,0.9401357811484669,0.018760545512331497,0.028031341651562718,0.06773261647645887,0.10352443767603041,3.435194696044644,0.9582536691595057,0.03275085127103812,0.030347282070390086,0.06444676747310706,0.0891613643092137,3.4790867949652275,0.9638068735674205,0.032010169361852976,0.016220852001665384,0.05070159527632082,0.09885572488023524
F,数据集/数据集/目标域数据集/F.mat,13,target_32k,570.0,26947,8,2048,0.25,-0.009698653426071138,2.88478782528021,3.3675145015394046,0.5891548607718613,0.8909778697218423,0.02105727556614229,0.8909778697218423,0.0007974303148573884,0.0026081448679029797,0.01719240492603186,0.051458256085119426,5.449179583288332,0.9345170476199121,0.040304889291661455,0.030648377521541374,0.06820383164192657,0.10870228354998099,3.4023024773145485,0.9558999059095552,0.034243787726480235,0.03307705324986483,0.05001388308373058,0.08844563626959362,3.517466838966564,0.961719250286931,0.017733880911962454,0.04189080029776116,0.05252324678945733,0.08663719203120777
F,数据集/数据集/目标域数据集/F.mat,14,target_32k,570.0,26947,8,2048,0.25,-0.013207771778115884,2.8907758203116574,3.358576130716637,0.5930630190522717,0.8861862814186359,0.018762293214733286,0.8861862814186359,0.0008937080443177398,0.0027770365026831066,0.02446308876274259,0.05382997589499436,5.153614077627964,0.93159596965601,0.04402452343423994,0.03208127418213411,0.06066117410469575,0.10375467691030199,3.3438993134768618,0.960674230175153,0.012496154341645017,0.027335663413558486,0.061822554785875,0.12401937893432625,3.940327111659893,0.963098210627086,0.02588271867079235,0.030930032793749337,0.045389262484850444,0.101478379431188
F,数据集/数据集/目标域数据集/F.mat,15,target_32k,570.0,26947,8,2048,0.25,-0.027141934193889265,2.785473482358451,3.600051007889123,0.5818270639960919,0.8902821810039677,0.018923331916476355,0.8902821810039677,0.0008984845103840188,0.002934641022068054,0.030359617313288925,0.05597892439166388,4.379367191280505,0.9292511018116489,0.03014200997696065,0.03405443370845884,0.05649707298549586,0.10332395696177611,3.4364004062056686,0.9569542144543837,0.01712700728785204,0.03204849493676353,0.05882149727384446,0.13972465670031606,3.9057035692501065,0.9636998921911261,0.02447767059498388,0.03309651531878818,0.05023222912502079,0.0894424358507469
F,数据集/数据集/目标域数据集/F.mat,16,target_32k,570.0,26947,8,2048,0.25,-0.1009520281369149,3.030347406191666,3.608381925993183,0.5735222276502199,0.8857194372371457,0.019153502470673205,0.8857194372371457,0.0007678142668533644,0.002677399370726717,0.0389613851875229,0.05718237926750338,4.5306215400259955,0.9274601690876603,0.03919060120419673,0.020466743516134474,0.05906444098803835,0.12403478879306369,3.330524465073323,0.9591696955191209,0.01844276479545775,0.025666478002496038,0.06611097580797587,0.10111340389612226,3.70878052125298,0.9661143463695571,0.021644883278592614,0.02333697674558139,0.05016006965195799,0.09148546325889265
G,数据集/数据集/目标域数据集/G.mat,0,target_32k,570.0,26947,8,2048,0.25,0.07106207073625928,2.8889037056071647,3.38969065099252,0.3258426966292135,0.7227918043354031,0.11415131578229071,0.7227918043354031,0.012955712236483714,0.014775309461717666,0.13096284556090385,0.11208350044963188,6.296265381609062,0.9256682952136838,0.05356725958375556,0.03725136146921264,0.04420384540555925,0.16211012033579414,4.2648812114344645,0.9503828753550261,0.07073388271377272,0.0552823526141529,0.0897354684075373,0.08666990776250962,12.150723977370658,0.8621074675104637,0.10116504169627082,0.10782555021403255,0.13260032945040792,0.19320159468728854
G,数据集/数据集/目标域数据集/G.mat,1,target_32k,570.0,26947,8,2048,0.25,0.026696064122849042,2.839632898313569,3.4108936728096264,0.34147532975085493,0.7522769234784736,0.08105693041087987,0.7522769234784736,0.013290560560126953,0.015925947725771966,0.10724873896783219,0.09817149802894491,6.1414982297888265,0.9126951195281383,0.08944755649160065,0.05191318250650288,0.049897219748613726,0.15120956038721528,4.434658948653926,0.9379094759601531,0.09033583054434391,0.06930326460118598,0.07387449193206835,0.10393752960282351,12.229726760699469,0.873947643578683,0.08684370819116134,0.09114141379469588,0.12355309127325895,0.21331570069472264
G,数据集/数据集/目标域数据集/G.mat,2,target_32k,570.0,26947,8,2048,0.25,-0.025456669289207163,2.809158478368426,3.926287041669079,0.3390327308255984,0.7352328168380106,0.11818640727499115,0.7352328168380106,0.013186843461032301,0.015164763857778032,0.07759127628068516,0.10623507302168364,5.820265423334905,0.9109760481080359,0.10252648061190342,0.04659266612950169,0.04590416354405537,0.11862899923828872,4.769669725788298,0.9395305564701543,0.08223738622815048,0.07668972970980774,0.07426028968278968,0.09359287317986026,8.631565371769256,0.8638307869937686,0.08028887240517917,0.0923748884449699,0.15124890689457587,0.2172911950641416
G,数据集/数据集/目标域数据集/G.mat,3,target_32k,570.0,26947,8,2048,0.25,0.020623165967471987,2.8717417526421287,4.017586138213104,0.3434294088910601,0.7462799524947668,0.10683225134873592,0.7462799524947668,0.014937975962064691,0.01757115681079713,0.06217484207828481,0.110829693583869,5.929537811438894,0.9133166180983713,0.09653155493291024,0.03253642822128261,0.05204516702121549,0.12049714621570749,4.582464851501028,0.9416117404898335,0.07530899708059673,0.060273804348408865,0.10092616298947309,0.10550978493926035,8.995615423420434,0.881060722982613,0.10314986953333274,0.06426451247982519,0.13373499916745796,0.18750232119845392
G,数据集/数据集/目标域数据集/G.mat,4,target_32k,570.0,26947,8,2048,0.25,0.017502781670563725,2.8719982000701467,3.4454493906967865,0.3605276013678554,0.7971213218082328,0.07804919429814927,0.7971213218082328,0.016536896046489214,0.019578013920716522,0.040495483231427404,0.13331047413613506,6.244198575359287,0.9189463756429611,0.09279319359561841,0.04826304749322532,0.047415007879099594,0.11489723355161668,3.8376091694157837,0.9442995125572646,0.053991540392722456,0.08466943697855585,0.06101865257327632,0.12863830419373656,7.229539466430662,0.896273388809003,0.0833531467526242,0.07847014349395579,0.10990101397006889,0.180453715782538
G,数据集/数据集/目标域数据集/G.mat,5,target_32k,570.0,26947,8,2048,0.25,0.05913118824595306,3.0072456932119893,4.7246654549531195,0.35466536394723985,0.7627099616130985,0.08414700440664154,0.7627099616130985,0.01457829706306861,0.016882888414677943,0.05542417334636018,0.13204291017056413,10.965904559112698,0.9190998185676488,0.0702419976320094,0.05602422660239296,0.04953135727902763,0.17747007362665043,4.0990479984176815,0.9385349042396395,0.10106430473765922,0.0562709114648144,0.07997385488690877,0.09733748644289793,9.51460397244066,0.8800125696927678,0.13663679952695748,0.06938436295448316,0.13459089856460338,0.16019589928879036
G,数据集/数据集/目标域数据集/G.mat,6,target_32k,570.0,26947,8,2048,0.25,0.008601211610590909,2.877551272186858,4.450351709560668,0.3268197361993161,0.7721521200349516,0.09370486627947916,0.7721521200349516,0.013990302929560917,0.016113176353141797,0.08086731583240853,0.1253243412372071,10.738055623861335,0.9238200443551317,0.05380105905271024,0.03707576131429549,0.06073815404511652,0.1752578091652897,4.406312261618359,0.9260257254032521,0.12689897797760127,0.04918326382902178,0.07892808523912069,0.11126736791215608,8.90449590866557,0.8618208253574727,0.1788407148981898,0.10655023204551761,0.0879969113237495,0.13044270425875087
G,数据集/数据集/目标域数据集/G.mat,7,target_32k,570.0,26947,8,2048,0.25,-0.007926989749960258,2.649923102164909,3.29738895603997,0.3248656570591109,0.7484462429916483,0.10091346799612266,0.7484462429916483,0.014025851996452964,0.016903631383063885,0.09631474402836863,0.15226734038550171,5.279893627170321,0.9115736476190162,0.08064703575062594,0.03475777569923497,0.0528941182733621,0.1591557838727265,3.9625638026719945,0.9462595152969897,0.07405933748998327,0.049517752819167725,0.054815398038084905,0.10822237094626974,8.108629782067618,0.8702561726556363,0.12081404769217226,0.07072796377006309,0.11347430768683545,0.19082959494408105
G,数据集/数据集/目标域数据集/G.mat,8,target_32k,570.0,26947,8,2048,0.25,0.0512851471211736,2.8876005489791954,3.9240391197149314,0.3092330239374695,0.7422383385237854,0.09120184614562397,0.7422383385237854,0.012989639644153752,0.015141087044724428,0.14237972089031947,0.14424096242546347,5.0548786811450475,0.9238163507473262,0.06895800275049936,0.029940527799001002,0.05771574069702451,0.13552102601993776,5.3005908634104895,0.9125352048384509,0.16573495474328118,0.05216992346023487,0.041291730019486925,0.07343705330811613,7.648647839086909,0.8713360713427184,0.15849152051257628,0.08035423013163147,0.09815466325429117,0.1813533412766975
G,数据集/数据集/目标域数据集/G.mat,9,target_32k,570.0,26947,8,2048,0.25,0.011376566408320788,2.862446117342732,3.892454868810475,0.2960429897410845,0.7408590955294211,0.08352992319054377,0.7408590955294211,0.012919438648623684,0.015294774007231225,0.15484226446974703,0.13045757896729368,5.80082707930883,0.9298034879364413,0.04801433361958818,0.05529497523975147,0.05133969927464844,0.12478858255552235,5.4096678355314705,0.907014722458243,0.1744439618937997,0.04916858463649559,0.046374878593097385,0.09356549394209178,7.272313168926375,0.8515021250297693,0.13647026829090517,0.1144167177954785,0.13117601407413265,0.18040477136183736
G,数据集/数据集/目标域数据集/G.mat,10,target_32k,570.0,26947,8,2048,0.25,-0.07606007121819243,2.9710360337586357,3.588350500589593,0.31411822178798243,0.7675190321565951,0.07858685894977854,0.7675190321565951,0.01369316888505569,0.016316109579513946,0.15105397757458403,0.11972746450984739,5.853649380771491,0.9173572545731653,0.04910755996237892,0.05457997614495074,0.06567072533717085,0.14758307777300012,4.7670441039314015,0.9388897012752045,0.09718269717805084,0.060559230408145516,0.038805515017409316,0.09303702674131792,9.01805392621604,0.867808182174739,0.07428903979040236,0.10048202099346007,0.16121248338936428,0.20533077563121274
G,数据集/数据集/目标域数据集/G.mat,11,target_32k,570.0,26947,8,2048,0.25,0.010390776418557759,3.060757924823655,3.4920303156093495,0.32877381533952127,0.7192366740878413,0.09478422360310651,0.7192366740878413,0.012187893691860876,0.013336716125136922,0.11553485048942362,0.08460542469974308,6.160158824440722,0.9166886457313459,0.07983068775828354,0.02798361427416864,0.0732888330672553,0.13922581218038896,4.876183110915822,0.9363960959395892,0.09268054559776627,0.06308809292125322,0.0643885494510244,0.10578015234916274,9.246243924198076,0.8575370563950837,0.10436808187506785,0.11821043640294808,0.12887995204466476,0.23434049389084832
G,数据集/数据集/目标域数据集/G.mat,12,target_32k,570.0,26947,8,2048,0.25,0.07965957611489347,3.0762379575137757,3.326439521447477,0.33952125061064975,0.7509845324369658,0.085739791853611,0.7509845324369658,0.014426724320548057,0.01691149593266993,0.11828598714028012,0.08923467097520701,5.519833541216726,0.9229662300484686,0.06949603192728297,0.02813369563508085,0.05434185523714999,0.1376975553527319,4.701660837114116,0.9465702918538216,0.0628640489062369,0.058148065802412385,0.08372150119174104,0.1042372204279419,9.669936031427326,0.860691001150045,0.08717834496895033,0.1061587122987003,0.14968378936611698,0.20412729863880358
G,数据集/数据集/目标域数据集/G.mat,13,target_32k,570.0,26947,8,2048,0.25,0.1327438510546643,3.096960552373627,3.319786018517043,0.3390327308255984,0.744145237276433,0.11618243924103461,0.744145237276433,0.0140214870915955,0.015419392467492141,0.08453920455133619,0.0976929561196501,5.275810578172064,0.9209904434792668,0.06483406161125106,0.04987099143698127,0.06357115112165064,0.13256432537948223,4.451575328127293,0.947534368557425,0.04587851571199823,0.038554675659812854,0.09427925514774112,0.09753494463275385,12.009118718555857,0.8624015795875855,0.10071269580054097,0.13246503357493658,0.13912142025257165,0.14680723806701035
G,数据集/数据集/目标域数据集/G.mat,14,target_32k,570.0,26947,8,2048,0.25,0.10135173584864456,2.9789506065880236,3.433546200322617,0.3331704934049829,0.7440690664705615,0.09976431477252343,0.7440690664705615,0.013666986405911468,0.01601840713055436,0.05249424773605216,0.1213253051370325,5.742256118422224,0.9071151070981842,0.07488426253280353,0.05846061056706856,0.07884898230307677,0.1422064151855144,4.221977757351618,0.9506921295651511,0.06900679249903957,0.03266076732908206,0.09098318883149441,0.07464071852038662,12.571405156998036,0.8768221304507353,0.10479532663668457,0.09797949048254076,0.09651258634367997,0.19455566696432783
G,数据集/数据集/目标域数据集/G.mat,15,target_32k,570.0,26947,8,2048,0.25,0.07549306097135433,2.888105907997104,3.5751431198061243,0.3341475329750855,0.7746963770622652,0.07035210355413786,0.7746963770622652,0.015623804285161264,0.017694214541867925,0.04364382855869178,0.14164942238723335,5.844041236844854,0.9162963306495787,0.0736410241012251,0.04854123445415792,0.06372858619893096,0.160170695469603,4.62116626754565,0.9342218089362214,0.10762525517190098,0.043262220460177365,0.05993702595639193,0.10550289085611601,11.075528490579122,0.8568108684945007,0.16195415987977932,0.08585757336870048,0.09998437862817298,0.18086765584516126
G,数据集/数据集/目标域数据集/G.mat,16,target_32k,570.0,26947,8,2048,0.25,0.1177578225924794,2.8870604088570926,3.5213236481018324,0.32633121641426477,0.7417253056406491,0.10743606924474265,0.7417253056406491,0.01409468358175057,0.016725628369548877,0.05546503501267527,0.13272512791569813,5.643890879791659,0.9089582858670933,0.07826929523906133,0.03776748776968808,0.0446580549499447,0.17885439857339094,4.844163416948152,0.9446659823369651,0.07886280640813481,0.0764966805667524,0.0721724460262126,0.08671907076792883,9.623796356402476,0.8905335537185287,0.08069024733267699,0.09257646562528599,0.09426445160824126,0.20496653241857513
H,数据集/数据集/目标域数据集/H.mat,0,target_32k,570.0,26947,8,2048,0.25,0.04970873784453738,2.9038334805842307,3.247246656578539,0.6765999022960429,0.627855110893797,0.12455487542459195,0.627855110893797,0.0006371663490225651,0.0012991779990931388,0.004222739811202353,0.0471302916208841,3.684358540892892,0.6232105467872633,0.007681494891683509,0.005550688675252197,0.014692760297678452,0.37717714363648924,3.7738043117282585,0.948032428197386,0.01797948652720569,0.025764069147158994,0.024852350604280083,0.08909252518127395,3.961624805070296,0.9553834750674562,0.018090429413934853,0.0329727181221827,0.06580913982255547,0.12981990970749258
H,数据集/数据集/目标域数据集/H.mat,1,target_32k,570.0,26947,8,2048,0.25,0.007248583994304871,3.1445954347553755,5.220158586088159,0.6912554958475818,0.6346118918390076,0.12508334861250248,0.6346118918390076,0.0007811079965959468,0.0013454202156995348,0.0050662527589821465,0.0363641346668528,3.8182366365419225,0.625687115052957,0.008955990342904016,0.0074449774983214095,0.013786019397418761,0.3853862414490698,3.920160520713393,0.9366461058546645,0.012192438089051646,0.01768075652532558,0.021093115153879464,0.1062690783813537,4.222549134736402,0.9516317969093535,0.017436932165623066,0.022010640823892026,0.06933756503688182,0.14703050830674
H,数据集/数据集/目标域数据集/H.mat,2,target_32k,570.0,26947,8,2048,0.25,-0.011166285483094852,3.1307550099076074,4.985510351779209,0.6805080605764533,0.6223415472423178,0.12110754694527898,0.6223415472423178,0.0007330243891876199,0.001262515165800365,0.00480351976712826,0.03905956078244438,4.80066748792847,0.6203737180528129,0.0029411585202999842,0.00830623339711751,0.012505958983630033,0.3912462121410505,3.9406036975603196,0.9279339628904398,0.013830712114836493,0.017722940911315415,0.02608437715538499,0.12252528779261104,4.453622335460034,0.9481539672779354,0.018192453842106368,0.022447981152619936,0.0520169883927308,0.14636929114495353
H,数据集/数据集/目标域数据集/H.mat,3,target_32k,570.0,26947,8,2048,0.25,-0.01953102312176616,2.915565105784719,3.2935907995220317,0.6673180263800684,0.6294339502833585,0.11482726038992615,0.6294339502833585,0.0009481118931334964,0.001591216991690573,0.005380016259276798,0.0598731689387645,3.4428617960835335,0.6217516975193745,0.00494234290189722,0.00982575508420234,0.0120147141769729,0.3988205267650246,3.7921730116844823,0.9359058960961554,0.015437116626556089,0.019905984556400465,0.03408937591652024,0.123378092063134,4.815349791908853,0.9567865418403363,0.023088627852744858,0.028914818621094,0.06468749133144301,0.11857270463282922
H,数据集/数据集/目标域数据集/H.mat,4,target_32k,570.0,26947,8,2048,0.25,-0.04321574794543877,2.907977101084857,3.275288268683237,0.6585246702491451,0.6417610924578552,0.1076245783619218,0.6417610924578552,0.0011504864786492334,0.0016501223069042609,0.005988449739278396,0.06389542478554265,3.615084186107529,0.6246356004375311,0.005693294616804206,0.006813492695324436,0.010519489825033392,0.37888608254882183,3.5923522880042,0.9418583905103642,0.01930923321077331,0.016830321903480217,0.0366265793815752,0.1207731323989193,4.604077848250803,0.9442432425756025,0.01826521210520907,0.04060289590276689,0.06761136779618682,0.15014830239238833
H,数据集/数据集/目标域数据集/H.mat,5,target_32k,570.0,26947,8,2048,0.25,0.002883340312796986,2.991617927217872,4.080192246924475,0.6609672691744015,0.6320585945894068,0.112988042278562,0.6320585945894068,0.0009015855729574952,0.0013580454603442794,0.006632464951607963,0.051456075662169476,3.7388095106948915,0.6217962799600749,0.003311615175634932,0.0050610369981716145,0.011928672654463235,0.3812636692416558,3.3442209474481635,0.939318358155997,0.012843867208757591,0.021213640105338077,0.03723903063100803,0.12430616351376665,3.9470665145816413,0.9523329798755916,0.019236321033376247,0.03147127095086176,0.043636964676535855,0.14722971004740298
H,数据集/数据集/目标域数据集/H.mat,6,target_32k,570.0,26947,8,2048,0.25,0.06396931312391207,2.9883304145011675,3.9634545415603686,0.6775769418661456,0.6332423930154598,0.11779137604015122,0.6332423930154598,0.0007422316032852059,0.0015538234097932475,0.003786419328226426,0.035712807065710915,3.6239323923156785,0.6323023450967087,0.005385223168489041,0.014337201163225134,0.011810061771253606,0.3700248636735983,3.748813187966673,0.938723065297162,0.028033843680147868,0.026090349470952855,0.02156533117725338,0.11437199677734633,3.5648143693177348,0.9535154714536631,0.022137206491158874,0.02949424873124924,0.04660368541294108,0.14945749126902527
H,数据集/数据集/目标域数据集/H.mat,7,target_32k,570.0,26947,8,2048,0.25,0.07070610207807652,2.9072768275863625,3.336223854703097,0.6707376648754274,0.6210173445025932,0.11294773164026539,0.6210173445025932,0.0006657875360668589,0.0012337053687020514,0.0055339641799993485,0.03906813454924539,3.554524521864597,0.6276888457143136,0.006422108014180012,0.010101313255047763,0.015350777367086652,0.3793205031358698,3.6731009377655144,0.9354206444866764,0.036805652945528185,0.02383414942218594,0.03785516247845501,0.1114895424547634,3.5774968223308625,0.9521363555307026,0.014326131784474326,0.025040341620036665,0.04700196830861003,0.13718532001704437
H,数据集/数据集/目标域数据集/H.mat,8,target_32k,570.0,26947,8,2048,0.25,0.006952875885305043,2.8501442705613527,2.8733608776249215,0.6648754274548119,0.6198516585120671,0.1158030487703385,0.6198516585120671,0.00053264961265827,0.0010781959376590302,0.0048714932022754735,0.05164686297725214,3.436483743060623,0.6189099726481265,0.007063921255048506,0.008867314863941883,0.01464315327352414,0.38557980943735415,3.3677081525388375,0.9316998921110017,0.024208815904310264,0.02308561149490407,0.04124443702944365,0.12228772771578303,3.9819728869604876,0.9558272652280929,0.027414365385403587,0.025688474550137202,0.045284573564393714,0.15693357879748998
H,数据集/数据集/目标域数据集/H.mat,9,target_32k,570.0,26947,8,2048,0.25,-0.1165210169620185,3.491583009943415,6.165656799527743,0.6546165119687347,0.6316341022149076,0.11369530079379714,0.6316341022149076,0.000928547739487659,0.0017592880046991693,0.004252153390500467,0.06137463456928793,3.985869920809918,0.6260399138146632,0.005100271104814151,0.008992726348555444,0.011558635223663422,0.3884526838564948,3.5065165358595376,0.9348377150732075,0.019443151504908513,0.020710545800571183,0.028023442154620208,0.14179859595611644,3.85318578538404,0.955703806069536,0.029836629017257275,0.025421867599063192,0.057160332483314515,0.1569224287677316
H,数据集/数据集/目标域数据集/H.mat,10,target_32k,570.0,26947,8,2048,0.25,-0.14118460964449345,3.7210502540681887,5.998922460260391,0.646800195407914,0.6422677521262238,0.0993332822618657,0.6422677521262238,0.0008959659837563293,0.002051131479051265,0.00444180070372474,0.06157463530493944,4.09699968260753,0.6269099254923416,0.006250126057410731,0.008699987835273352,0.012808609628700292,0.38095765418203664,3.5884820211943773,0.9476323816321006,0.014582913345802388,0.027305265184681522,0.023287759956090556,0.12305959510777602,3.7216018902143433,0.954880438677547,0.031362715364073424,0.023067960826149432,0.06079188458669554,0.1214378830592997
H,数据集/数据集/目标域数据集/H.mat,11,target_32k,570.0,26947,8,2048,0.25,-0.03707630863399609,3.1557596988488785,4.545346508631474,0.6575476306790425,0.6193020575778,0.10920308622710993,0.6193020575778,0.0005622154851245308,0.0011431339046700498,0.004374795524114287,0.0583185756013435,3.759312875883694,0.627271200408987,0.006629135241910171,0.006385845910667518,0.014690037330591833,0.384322218014812,3.471819251761035,0.9472238447175748,0.016101081638223446,0.02600298932553433,0.027062615037137257,0.12963755690004328,4.033363617548907,0.9570992504735487,0.023316452700800294,0.015579705517619375,0.0587900600610978,0.11640708023033415
H,数据集/数据集/目标域数据集/H.mat,12,target_32k,570.0,26947,8,2048,0.25,0.08974228429391881,2.9259298981080843,3.545469213700135,0.6692721055202736,0.6224677837621976,0.1137536904254571,0.6224677837621976,0.0005769745291266659,0.0012409827148750492,0.003902294660418608,0.05008171089434743,3.6255901153033485,0.6253643922053868,0.0058600663335736485,0.008173819896007904,0.021403144083870142,0.39296069349265905,4.002350887269956,0.941813845855219,0.010511221169665496,0.029350205954440618,0.05034571537421885,0.10807009098185903,4.137659410809254,0.9428823888814198,0.02237571731334285,0.0199754425775599,0.055524490985168665,0.14659936898090117
H,数据集/数据集/目标域数据集/H.mat,13,target_32k,570.0,26947,8,2048,0.25,0.14915384722363692,2.894390821513348,3.2440690669218446,0.6707376648754274,0.6254066091332533,0.10810144272040295,0.6254066091332533,0.0006379419457428048,0.0013516900394605956,0.005455583235967093,0.037047904989154244,3.527314588920772,0.6149261061690348,0.005064404441345653,0.010083439838163497,0.014008467036849059,0.40762476790544955,3.9708657917999717,0.9371625910956171,0.011826144036075403,0.03638994198410058,0.040224568351817466,0.11260320778137646,4.394862918834109,0.9499131394586864,0.023944455826663432,0.02732082859712986,0.06760314874589506,0.12321967306409141
H,数据集/数据集/目标域数据集/H.mat,14,target_32k,570.0,26947,8,2048,0.25,0.02328076329366463,3.071683448349994,4.133081390650129,0.680019540791402,0.6141558220972415,0.11653715544631449,0.6141558220972415,0.0006246010884946466,0.0011325421762764043,0.005370295127766061,0.039719319603001756,3.5804252842896984,0.6186392928071409,0.0033374672743253877,0.011527743347758681,0.014480284621602618,0.3921879095121156,3.417895960901042,0.9312883420033237,0.013639394498515105,0.019683594125651894,0.031720449504967003,0.11855443508806877,4.228640014124652,0.9627737932133965,0.01955918435136892,0.02197819748848744,0.056195463967751026,0.12303412261180266
H,数据集/数据集/目标域数据集/H.mat,15,target_32k,570.0,26947,8,2048,0.25,-0.07401093867284597,3.1303417240812634,4.048213645595701,0.6648754274548119,0.6133378292789003,0.12561937856043717,0.6133378292789003,0.0007136429181413356,0.0012724463309849443,0.003657811202773945,0.05254425419499351,3.752828142946755,0.6179605838240784,0.0038648979348963456,0.010784013225924219,0.013327639436689095,0.390870069619071,3.5796959290417565,0.9369767170516328,0.019364030422866694,0.028000534490508617,0.023719876616857274,0.10905770005684985,4.076933512309656,0.9590271671045102,0.034570349001977106,0.020888692178459272,0.04884295021807754,0.13693385484795578
H,数据集/数据集/目标域数据集/H.mat,16,target_32k,570.0,26947,8,2048,0.25,-0.17831614537814613,3.577071340016597,5.564888958665421,0.6609672691744015,0.6238551800793578,0.11917102563003044,0.6238551800793578,0.0006951222006677027,0.0012515809256283884,0.00584786209689519,0.06572688310050175,4.360261139358397,0.6297899322182197,0.004328521697688017,0.008807830691802902,0.015788715465885908,0.3883681831385417,3.4693741545331505,0.9485842398479217,0.020571501280458,0.028429968749415745,0.0407565903903976,0.09280047904168252,4.073941713815593,0.9569587653225619,0.04868664175060195,0.013701413555854134,0.047374659702784434,0.12906387310368247
I,数据集/数据集/目标域数据集/I.mat,0,target_32k,570.0,26947,8,2048,0.25,-0.7349393899127651,13.828286244949213,7.775847674501959,0.5383488031265267,0.8757318909339691,0.04598714016287851,0.8757318909339691,0.001969319498947608,0.0018673500186922175,0.015463346975369635,0.07652039696150596,29.100615062413336,0.8022695428775827,0.15792631818577596,0.09499989820979826,0.08206283615364568,0.1964063784314134,11.897325568353288,0.8820277983167456,0.12729171563322395,0.05969690321427993,0.07663649329363172,0.1830329921851391,29.525827023877596,0.8583263637440025,0.10298752317703057,0.03162288747299964,0.06433885122540156,0.22354988098204404
I,数据集/数据集/目标域数据集/I.mat,1,target_32k,570.0,26947,8,2048,0.25,-7.025498204866972,169.19871663343,24.001058471854677,0.5266243282852956,0.9286021059946764,0.032932187865571665,0.9286021059946764,0.005728044938411403,0.0064919920539269664,0.026329261363475447,0.08216057219235447,27.362895534739714,0.796680037948563,0.16579031553549547,0.09032391511269042,0.08663531898206128,0.20024932087019215,26.723752151952766,0.8814082846673041,0.134311662082971,0.07071487869372094,0.07124833358911961,0.1650257221931809,26.700995872460915,0.83756423116209,0.10995122362415151,0.026594868224982613,0.07995975372427257,0.22199394892672175
I,数据集/数据集/目标域数据集/I.mat,2,target_32k,570.0,26947,8,2048,0.25,-6.721409280859218,132.93421713051785,21.786301045128393,0.5417684416218856,0.944447086992925,0.03113410171054666,0.944447086992925,0.00592190481133642,0.007530612964401167,0.023839011817786037,0.07358630800709247,31.034589305778844,0.8237861175418241,0.14261700535387825,0.0902946597818261,0.07127256183807522,0.2103453517390538,26.887293449347048,0.8996325501401753,0.11363630834849797,0.06112295245016521,0.06684863709790662,0.15783743160967503,25.02818353203307,0.8369442510858106,0.1206627839466943,0.03055607194264682,0.08593173324312489,0.22718222260881532
I,数据集/数据集/目标域数据集/I.mat,3,target_32k,570.0,26947,8,2048,0.25,-2.5607636761467067,38.92038143280139,14.979258229803765,0.5578895945285784,0.8770324963893027,0.043232874054862605,0.8770324963893027,0.0015163847782711146,0.002335739391779019,0.01206514412201445,0.07499718276572107,32.540201149957205,0.8064411930156733,0.14691879712153225,0.09893949749711436,0.07767545599479231,0.20811093884034584,14.929510973146346,0.8806333855197734,0.13591428379369158,0.08303650177927557,0.0615853021820563,0.14788150682856127,28.898935045682265,0.856231286422909,0.1062696288365262,0.03232697622713614,0.09254919796688407,0.21640194342206645
I,数据集/数据集/目标域数据集/I.mat,4,target_32k,570.0,26947,8,2048,0.25,0.37656204221728223,32.01250003584429,11.927983668281238,0.5178309721543722,0.90925876714227,0.028095182913737093,0.90925876714227,0.003971277540380894,0.0060417233881465675,0.014676851915346158,0.072043223847066,28.325767142217998,0.8139181772239938,0.14946891588710062,0.09320348015136469,0.08627728171188068,0.21625205899282562,13.378607482458504,0.8999902115230876,0.10662021930154204,0.08280249564598564,0.056577232086956926,0.14655502403387755,26.823038324317377,0.8573234205683239,0.10049314031838814,0.03524069790000487,0.10787771969759327,0.2160047967269602
I,数据集/数据集/目标域数据集/I.mat,5,target_32k,570.0,26947,8,2048,0.25,0.5445964317764114,31.21313193120042,11.265821896654149,0.5002442598925256,0.8893646727807996,0.03968340616744116,0.8893646727807996,0.0016981207016266192,0.002640954143692913,0.015358363061232333,0.07790104013486969,28.98695873196707,0.8138556438763678,0.1553448929813761,0.0974343003659494,0.08421815551296383,0.1986735388370092,21.426792773018594,0.9028550926788653,0.0954648665628043,0.05473120602999939,0.060321772366025754,0.17937835975639177,24.64574591905929,0.8396579159640436,0.11025434445861292,0.030794451114677514,0.09960820100620922,0.2291133304897249
I,数据集/数据集/目标域数据集/I.mat,6,target_32k,570.0,26947,8,2048,0.25,-0.3210974054006493,18.668851192876808,9.40055228281559,0.5378602833414753,0.8917006364939413,0.03888816444723314,0.8917006364939413,0.002582843128694023,0.0017612389450238017,0.01729076281710361,0.073089190715244,27.882111248100877,0.8045247544135427,0.15701229907576555,0.10387110533551541,0.07355876300319356,0.21275240934660722,19.501269170832014,0.894616291987062,0.11632440604889309,0.06991243360518365,0.04789809955009307,0.15562273670874366,25.93745217531928,0.8499241330003844,0.09911299020276465,0.027961001596471073,0.07629205220758777,0.2247923699685504
I,数据集/数据集/目标域数据集/I.mat,7,target_32k,570.0,26947,8,2048,0.25,-0.8354304884566,20.98770835200399,10.385403088516044,0.530532486565706,0.9031626935768605,0.039436651097925504,0.9031626935768605,0.0034325121115037797,0.002812964336438287,0.018379190796227754,0.07434322904143495,26.152364850075983,0.7964502107080891,0.15921172952288684,0.10108209377034387,0.08046048101807672,0.22436532278825647,13.357376655409192,0.8837729205038753,0.13125617012532043,0.06745664793334771,0.0579502271276166,0.1584166722111277,25.38187431047045,0.8504919144833271,0.0986144489128342,0.03534602567801225,0.08949080247456853,0.22731961555778502
I,数据集/数据集/目标域数据集/I.mat,8,target_32k,570.0,26947,8,2048,0.25,-1.5491316222486544,21.41153494706724,9.940477898570155,0.5339521250610649,0.912148328371888,0.03756481806003792,0.912148328371888,0.0038458253949459646,0.002857866759408376,0.030352591117393444,0.08015760842103326,27.34494997179004,0.806916391740265,0.15678332280897514,0.08251848205695776,0.06579763803848213,0.21244909220735791,13.404258305591787,0.8782199883673766,0.13080577672231333,0.07158170050099873,0.06468369584452534,0.1780771585909339,27.314411750649157,0.83438976639217,0.12521411411630617,0.03143262165282008,0.05918770204978278,0.22242858002688218
I,数据集/数据集/目标域数据集/I.mat,9,target_32k,570.0,26947,8,2048,0.25,-1.5134989404550627,20.515279259238497,8.648303337965364,0.5354176844162188,0.9157771584235046,0.032385847054772265,0.9157771584235046,0.004050477147286683,0.004169599935530965,0.030591166490904275,0.07552864780228898,27.80656869347909,0.8069686045645083,0.14978850111480527,0.0893419630085651,0.06585982884887412,0.2237799866245194,17.785453540039807,0.8786924976552452,0.1413248664471662,0.0763038403912264,0.047213142624765086,0.15241581428954848,32.274834649872744,0.8497438382094228,0.1181253755328442,0.02965583725254643,0.07357673323296683,0.21593710591834678
I,数据集/数据集/目标域数据集/I.mat,10,target_32k,570.0,26947,8,2048,0.25,-0.6924977011174095,26.473999877134112,10.797344051669937,0.5222276502198339,0.9203368255202664,0.024782794404357045,0.9203368255202664,0.006502934934037678,0.007101752021898642,0.0430376641292655,0.09465896154154965,26.76776464405249,0.812279031678839,0.145562398545924,0.08924927054982362,0.08584901739471297,0.2117644568589094,19.053983187991427,0.9028661398757148,0.09888473423722587,0.05669631608437726,0.06027843801726473,0.16368195770863264,30.259013590103606,0.8508540427812824,0.1017496609728143,0.03188593679798537,0.09250239407070125,0.2077780458650315
I,数据集/数据集/目标域数据集/I.mat,11,target_32k,570.0,26947,8,2048,0.25,-0.6237737043436886,24.891648379591196,10.980591464020831,0.5139228138739619,0.9155063494954141,0.032057804238354796,0.9155063494954141,0.006718501990346423,0.006515830900175554,0.04079973367641788,0.08988005035548108,47.39578125657998,0.7938641823038219,0.15387980359802747,0.09460426280552683,0.06660486125004061,0.21567006221153157,20.730026742072678,0.8864247571663604,0.12465418430331214,0.0788905759629737,0.06236889902876954,0.18586854719706503,27.8787341102798,0.8480231299579618,0.10990284540086603,0.029160114602466584,0.08160543478932283,0.21339698760809084
I,数据集/数据集/目标域数据集/I.mat,12,target_32k,570.0,26947,8,2048,0.25,-1.7437240543361883,25.17470347047851,12.106014505945886,0.5105031753786028,0.8836130369158192,0.04506810645023672,0.8836130369158192,0.001501897974366887,0.002768264740218977,0.019891158368271905,0.06449651745262346,27.49030760153165,0.8004672989103098,0.1564970432629452,0.10196895691166585,0.08381645563539368,0.20775538979797037,20.30409061117746,0.8910223560398887,0.11970111032476428,0.08215057882488412,0.08792575045902191,0.15876057808893623,27.81207382802957,0.8457093822404235,0.1173157477243316,0.025728410797284523,0.09249680520354787,0.22183162294572523
I,数据集/数据集/目标域数据集/I.mat,13,target_32k,570.0,26947,8,2048,0.25,1.93472898430046,53.93239811932521,16.054421464359176,0.5051294577430386,0.9151148939548699,0.03470315513614975,0.9151148939548699,0.005479023367506377,0.0055430637351482175,0.019171571150854185,0.0692855288372054,61.137446729253995,0.80800278182934,0.15582959162178692,0.08802618765069736,0.10173434823350494,0.19543416972482294,17.500640054144803,0.8858786446575921,0.11264261952277344,0.07278835984643021,0.07680928898267927,0.14444473685468714,27.75001296343228,0.8567661084905356,0.08689053037200391,0.031060556256831476,0.10798644614561373,0.20069800901595206
I,数据集/数据集/目标域数据集/I.mat,14,target_32k,570.0,26947,8,2048,0.25,1.8580088138765194,44.15421683029212,15.72974825799745,0.5134342940889106,0.9353696684365983,0.02896928087832776,0.9353696684365983,0.006758722977222296,0.008540416102982333,0.025215082696337928,0.07158210816468832,24.4017028208154,0.8182450439874676,0.15549757221608201,0.07718809344077213,0.06878432013967273,0.22058517529188684,11.410945588352728,0.8959459382210968,0.12173016341683006,0.06432472817345983,0.040838078550416386,0.18140030027248372,28.989075331169907,0.8457019846695313,0.10001444026532473,0.022559357720000093,0.0873454071576754,0.21687706904292925
I,数据集/数据集/目标域数据集/I.mat,15,target_32k,570.0,26947,8,2048,0.25,-0.5338783536655238,22.715938493857912,9.49986052230732,0.5388373229115779,0.9017948850305041,0.0412621852844334,0.9017948850305041,0.0038235258830457675,0.005941385179968123,0.03165450271539062,0.0652428602410999,24.359797320666623,0.8163475394439886,0.14977844152666153,0.09380560537968799,0.0687571804675792,0.21558611849144307,19.549145404423417,0.9068193809196511,0.10215526421883961,0.05554011238380223,0.05301783944540497,0.1817326036088786,26.318357381457492,0.8437069697280123,0.09839367184001463,0.025860012420823697,0.09804304982264675,0.24044207494290873
I,数据集/数据集/目标域数据集/I.mat,16,target_32k,570.0,26947,8,2048,0.25,-1.355810367706042,22.29768468467473,9.522479995389999,0.5324865657059111,0.9014715078232031,0.040783382591334606,0.9014715078232031,0.003368186219505913,0.004439635002011287,0.025163277344079152,0.07439152809614917,25.861313061671574,0.800813273028436,0.16236957481691247,0.10553688553237954,0.07077596998349084,0.2194511054296173,20.525711960394005,0.884855793964481,0.12269053353040761,0.0773375090677461,0.062065129343978724,0.15395860392534905,23.60562242829157,0.8409696419789447,0.0996904158110617,0.02677574412533505,0.10469317357101199,0.23659193503698575
J,数据集/数据集/目标域数据集/J.mat,0,target_32k,570.0,26947,8,2048,0.25,1.3222451539018087,28.31601649825028,13.371393007494747,0.5359062042012701,0.886832651979975,0.03817786162062247,0.886832651979975,0.002360312114427304,0.0037497582118114258,0.02163614593116541,0.056481857636083384,33.35917213679916,0.822441739156268,0.12926065435959438,0.08397951074915108,0.06924960705071787,0.21255376589849753,22.399760789877533,0.8845691696553557,0.09673900245090657,0.08844512791857612,0.08873976770760728,0.18112368623701441,37.648753403028685,0.8169929645801571,0.1060504553353366,0.027743177188067816,0.0947257548924667,0.23934181263309623
J,数据集/数据集/目标域数据集/J.mat,1,target_32k,570.0,26947,8,2048,0.25,1.1326399523858295,56.17958722723126,16.677207087324778,0.5105031753786028,0.8857244201986053,0.03592666858952254,0.8857244201986053,0.0026269410367401784,0.0037583945500127888,0.019919267583995016,0.05457416275706611,34.565695810479916,0.8157732226334407,0.14660762556185514,0.10231481666997168,0.0767565051554347,0.180956868036857,21.54237528402283,0.8849065585521323,0.10121413051567262,0.08211006376878846,0.09012419814499721,0.14981993664369284,33.776368876586766,0.8152011713994983,0.10557800349620142,0.02455123477961646,0.08300317813768904,0.23667741097359798
J,数据集/数据集/目标域数据集/J.mat,2,target_32k,570.0,26947,8,2048,0.25,1.7686754001731082,53.303499439860666,15.57744203015811,0.5412799218368344,0.9044413507500045,0.03519979210129606,0.9044413507500045,0.0030113426987971635,0.003968323356451823,0.019834344811627595,0.05933269395886784,33.083482058155894,0.8207155984437625,0.14729440099486957,0.08215182031193126,0.06415604921472874,0.18201427806660392,22.337913250730196,0.8707040023335153,0.11175196828707529,0.09585243572299655,0.07776554625144574,0.16952750638852843,32.85822791783891,0.8096627300629793,0.10593807730167559,0.01954001342872599,0.07543599721742779,0.24511400585126653
J,数据集/数据集/目标域数据集/J.mat,3,target_32k,570.0,26947,8,2048,0.25,2.3676036973587102,44.9032477242171,14.697738026547954,0.5862237420615535,0.8882757452662834,0.04454678746818517,0.8882757452662834,0.003553928663768925,0.00505209676528406,0.013694157209465098,0.048362457441039786,31.171076132427075,0.8180385116885103,0.1487616444286554,0.09369031490304756,0.055204561913641405,0.20002410872429877,20.2096590883298,0.8883251192918509,0.0911616740115285,0.07580005320453567,0.07425035986553163,0.18285721197080457,38.29259333858443,0.8225202511894893,0.099273721221604,0.020882429813900993,0.0851463068945145,0.23906214820621402
J,数据集/数据集/目标域数据集/J.mat,4,target_32k,570.0,26947,8,2048,0.25,0.26288353687894356,49.04414888143084,14.985399177339076,0.5744992672203224,0.8924279437219068,0.039740036068961815,0.8924279437219068,0.0031922675249306275,0.005612352751206323,0.012481245482764325,0.056387878734529176,34.908350417209725,0.8123641069885231,0.16446983971771925,0.10011937419722325,0.05899202851885025,0.20299696186042268,20.62792350281876,0.8721169960801343,0.1069129939886069,0.08623171820621686,0.07312546080742495,0.1648609092761564,46.63724144276984,0.8250020961429645,0.10256676451124308,0.02734386754734947,0.10103382395248577,0.23587256124286124
J,数据集/数据集/目标域数据集/J.mat,5,target_32k,570.0,26947,8,2048,0.25,-1.6484992858193486,30.94098555903879,13.976213630582318,0.5359062042012701,0.8743027406682137,0.04515089271605723,0.8743027406682137,0.001915622255348612,0.0037410154238028655,0.009958718863754545,0.06690369726750418,35.89837710571811,0.8084484287150878,0.16379772409047713,0.09646849424226563,0.06800932794416707,0.19174630119195804,17.507819764169174,0.8780561671520323,0.10473468041941755,0.07696380946744735,0.10173824219937307,0.15461016626200205,47.68450332343581,0.8238730515848037,0.11089246363010485,0.029389344244102018,0.0635566548224063,0.24887405818037842
J,数据集/数据集/目标域数据集/J.mat,6,target_32k,570.0,26947,8,2048,0.25,-1.2310470900499908,21.67026664166623,10.210270150205421,0.5329750854909624,0.8654674013215609,0.03692955154300926,0.8654674013215609,0.001038797168157698,0.0008829929829859111,0.010091405673713754,0.06220017167884849,34.505747108478324,0.805730872028924,0.1545066128770634,0.1053659701422568,0.08111630234152782,0.179055317006637,19.078612811588737,0.8809042854500658,0.11010137154644455,0.0827599075051286,0.0954150844826795,0.15607427109097685,38.04601987258772,0.8226832356137049,0.10272363105320909,0.029496866208476833,0.0865704164469672,0.2439144340096373
J,数据集/数据集/目标域数据集/J.mat,7,target_32k,570.0,26947,8,2048,0.25,-1.2630124840528254,20.803965369027527,10.30678993102449,0.5554469956033219,0.8730349638618806,0.042529449465032516,0.8730349638618806,0.00183427752585702,0.0019527226099745173,0.01282846044158904,0.06543473873883646,33.73601390837739,0.807155624736019,0.14115653884798984,0.08258893885834107,0.07668110826683396,0.19600670257557198,18.276340494505504,0.8637072032435058,0.14004413864018908,0.07108015696307912,0.09547150630538534,0.14758110513235526,40.5061304910283,0.820079167266872,0.09836010239090509,0.02931108745168816,0.08353047901978818,0.24032489122241002
J,数据集/数据集/目标域数据集/J.mat,8,target_32k,570.0,26947,8,2048,0.25,-0.4557522612809578,12.331381685762237,8.497384445685134,0.567171470444553,0.8506997144655057,0.043293610078528104,0.8506997144655057,0.0007542817541426288,0.0008723923397306111,0.00726730298884307,0.060506778778447214,33.630866191148876,0.8044566245969017,0.1490864897982761,0.10402987104721297,0.08655277573147072,0.16883286687719695,11.39015814587942,0.8689162041857514,0.1301513797188719,0.0817147094628768,0.08049923189275796,0.1531893616341126,40.49958641427455,0.8295106672257343,0.09900497732453768,0.031859860696481446,0.07582708889966466,0.24654740291598737
J,数据集/数据集/目标域数据集/J.mat,9,target_32k,570.0,26947,8,2048,0.25,-0.46075938461292737,12.715721624302732,8.191489101981368,0.5769418661455789,0.8556241948753401,0.04231762240372216,0.8556241948753401,0.0008256206586967109,0.0008273826262972386,0.007045199171414719,0.05461866817977298,35.109660099365165,0.810088530374923,0.146174617460322,0.10695939530265354,0.08973600363459272,0.17250264015345929,19.241627708065366,0.8710113006010187,0.09671661872852569,0.10124048821970978,0.06342700718052542,0.18056593275135108,36.9446680691513,0.834716091700527,0.0984511098801241,0.03008741243730929,0.09445731632408151,0.22883462295918683
J,数据集/数据集/目标域数据集/J.mat,10,target_32k,570.0,26947,8,2048,0.25,0.9751458035850397,26.403739183011176,13.218230405655332,0.5627747923790913,0.893925361378916,0.028117728316473148,0.893925361378916,0.0031791070376212256,0.00431640417646596,0.009072935982363771,0.05422375671319582,33.107349328098785,0.8211857285389342,0.14091638051412675,0.08798853660808319,0.05493971319696649,0.18688420675801504,24.816330097673276,0.8993793153508479,0.07479219761951403,0.08239790998733867,0.06659877880293696,0.16161502724458987,34.94244389479203,0.8206005998734685,0.11030578463200716,0.02436785193714076,0.06103136000287875,0.25375910548871417
J,数据集/数据集/目标域数据集/J.mat,11,target_32k,570.0,26947,8,2048,0.25,1.350328436677484,43.93810295646648,14.184420686142834,0.5666829506595017,0.9109682681667467,0.0229997546261528,0.9109682681667467,0.004051332021259549,0.005705774983442531,0.013633233477856563,0.05904184697015189,75.2262024626929,0.8129446643240837,0.1485762156221865,0.09176986325553946,0.05908919732626924,0.20869843352222583,34.477265838919216,0.8948943007430512,0.0892023822243361,0.0600202507461448,0.07838766536969842,0.17836123941463772,35.06872826303014,0.8317533688899968,0.10343973963552648,0.02399835946119518,0.08617839180005599,0.23952188502274527
J,数据集/数据集/目标域数据集/J.mat,12,target_32k,570.0,26947,8,2048,0.25,0.05771619076744588,40.001555305028866,14.399890759838243,0.5691255495847581,0.8831549733001918,0.03789032621781018,0.8831549733001918,0.0022842713123706142,0.0028166008417090517,0.01801968144358101,0.06357721844704094,186.77876095067253,0.8016789544384543,0.14950071883569155,0.08898797492957312,0.06451829249299261,0.20236280416244037,43.46259438726875,0.8770614621798156,0.10919023383018511,0.08083715779933967,0.0886355380445393,0.18429024855641357,36.171088603476704,0.8267057575637984,0.11135616810285455,0.02763878238722054,0.084068262176379,0.23141014750035635
J,数据集/数据集/目标域数据集/J.mat,13,target_32k,570.0,26947,8,2048,0.25,-0.4932242912457855,14.257836135068501,8.438683690468423,0.5471421592574499,0.8636000856771089,0.04374683645645526,0.8636000856771089,0.0006964294096268924,0.0009620774810210602,0.011361955983715795,0.0677714958554937,35.23339133581628,0.8154041668084934,0.13584850995131226,0.10240226098572004,0.09660471321071772,0.19007962370297699,13.356380003572177,0.8547347403289555,0.12769854152905555,0.08902330821638076,0.10839477596354595,0.1799540068303693,39.09249512143189,0.833841991340756,0.10314695016492405,0.024655734194111566,0.08611543420369512,0.23977908384551366
J,数据集/数据集/目标域数据集/J.mat,14,target_32k,570.0,26947,8,2048,0.25,2.480127669759777,55.501240361267165,16.93984677731419,0.5412799218368344,0.8673087403053469,0.031181496258438163,0.8673087403053469,0.000783829809664332,0.0009198537605485568,0.017775570031932524,0.07325805401155953,245.71365012748038,0.8055502890341101,0.148691790173902,0.10240758861491236,0.07944352034000021,0.19493897338039362,47.29471255879939,0.8784553125075858,0.09488726758046015,0.08910008918205274,0.08531626226136929,0.17319198513324432,38.137481684428074,0.8192664608201856,0.09971855084636569,0.02290945275534538,0.09416151434536,0.24282387122551788
J,数据集/数据集/目标域数据集/J.mat,15,target_32k,570.0,26947,8,2048,0.25,1.0838405983001944,49.544122579082924,16.22827992842753,0.5427454811919883,0.9045258674908614,0.026346551632727734,0.9045258674908614,0.0033728105142065267,0.0045209512821100875,0.017486668043493483,0.061544477655212426,34.678476773890125,0.8182457109410172,0.15080805508426084,0.091573122087534,0.06464171834828536,0.17927841077682807,26.01737735730324,0.8841690499837606,0.0980323608568501,0.10439323522223767,0.06820410667279231,0.16200455576279488,37.30099095977885,0.823919128874706,0.10382009093838448,0.027433645505985867,0.08569583373759891,0.2420577717463468
J,数据集/数据集/目标域数据集/J.mat,16,target_32k,570.0,26947,8,2048,0.25,-1.2748851494456037,18.75507910421215,10.564595317993875,0.5559355153883733,0.8708015368632777,0.03327638079913033,0.8708015368632777,0.0019066713683712994,0.0026759303577400004,0.01937329086066858,0.06788672556786793,35.409121872805756,0.829530843899328,0.12956242676651153,0.09325168173113019,0.09765540353868658,0.16538554316026643,14.690988686738272,0.8877267435375263,0.08717069991584918,0.10981884417557704,0.07473691168343506,0.15287758684480915,37.920831451747034,0.8245760263614005,0.09973525218335795,0.026069708711796657,0.08105909935763686,0.24864569200227152
K,数据集/数据集/目标域数据集/K.mat,0,target_32k,570.0,26947,8,2048,0.25,-0.1673345728465668,3.9000734848620002,3.5079715074789317,0.5984367366878358,0.61441211527241,0.10568550438841845,0.61441211527241,0.000264239946736856,0.0006517547439024168,0.004973772305652132,0.09268549287257759,3.9833629927468794,0.561042919166872,0.002994619960791951,0.004540641300421896,0.007660200846894185,0.3775273821140717,4.121409326165389,0.9422655202678736,0.016125833665837034,0.02986005043382442,0.0334254766043612,0.10756620271553366,3.9761278610825164,0.9569561025214801,0.022521623113107965,0.039713581287657215,0.05345890538163127,0.1173792287701786
K,数据集/数据集/目标域数据集/K.mat,1,target_32k,570.0,26947,8,2048,0.25,-0.199125371714564,3.8729609544647707,3.8068084706849747,0.596971177332682,0.6229193404886658,0.10632360111657486,0.6229193404886658,0.00026586285042648673,0.0006325131101832225,0.00725341979836349,0.09072092770719004,4.04849890197438,0.5698320888391484,0.003050929920809299,0.00644965764390533,0.007530254109609882,0.35339039755870205,3.890609772211391,0.9447531231676259,0.011359947707805757,0.024609334592194016,0.033341772312009126,0.1006205498212317,4.135531127101561,0.9575214739853546,0.015101163568315775,0.03514757022717601,0.043599261249543726,0.11015425275076009
K,数据集/数据集/目标域数据集/K.mat,2,target_32k,570.0,26947,8,2048,0.25,-0.20644168126826073,3.798547601084181,3.4274572995689376,0.5950170981924768,0.6438628992649946,0.10312787601037825,0.6438628992649946,0.00027177318253404924,0.0006237773778440993,0.005264150703207469,0.08887333531504749,4.131693107634569,0.5780576630610151,0.002279577057711786,0.005666921703721661,0.006988359494336551,0.36405724017712204,3.370458055614994,0.955402558154281,0.014664918912067056,0.01759218171457466,0.03411887464249261,0.10001785305531413,3.7924405430945236,0.9651233075665347,0.014876396225896092,0.02839527840862982,0.04427232003878876,0.1006441856758004
K,数据集/数据集/目标域数据集/K.mat,3,target_32k,570.0,26947,8,2048,0.25,-0.1268684296546342,3.8470738315624198,3.307395054331044,0.5701025891548608,0.6370384884098919,0.10283244208023591,0.6370384884098919,0.00048604917208502966,0.000990542294961349,0.006834027540669841,0.0835254009292985,4.205670379155866,0.5626937530703168,0.0018633946264770267,0.006445253858877773,0.006723007164408822,0.36755375391042305,3.6102210750103025,0.945387002789038,0.015047267296483563,0.021200321150740897,0.034587799093603114,0.11302043511218968,3.7290364310843698,0.9582802131455449,0.022841523734726633,0.0420333971881818,0.03669017232250542,0.14534419304956384
K,数据集/数据集/目标域数据集/K.mat,4,target_32k,570.0,26947,8,2048,0.25,-0.10767715967170667,3.81368544363532,3.3637546958824065,0.5891548607718613,0.6208773454603813,0.10378164110736988,0.6208773454603813,0.0005107640219528611,0.001084900777710712,0.006663928846992959,0.08099280571241839,4.099170725777046,0.567301576611281,0.0036651923638837537,0.005123211777329604,0.008937870063840893,0.3516290142478191,3.855618148888131,0.9453528514726891,0.02221288471888549,0.02391704235552802,0.03238479409643715,0.09953362985471595,3.6980705787926653,0.9543359757991138,0.02577948054246472,0.04133921859893688,0.040706138132103796,0.13793478856594107
K,数据集/数据集/目标域数据集/K.mat,5,target_32k,570.0,26947,8,2048,0.25,-0.20519339751220253,3.7321915472060487,3.5210222945554537,0.5857352222765022,0.6472800986283995,0.09546155992116355,0.6472800986283995,0.00027911207804813066,0.0006212910046937115,0.003977655916245621,0.08385477173377258,4.083078468039789,0.580900793718532,0.003616524179744305,0.006146936743383219,0.007210362076295193,0.36866548988611497,3.5629983795927367,0.9540769092272109,0.014887287046565221,0.024088929124715653,0.051521193905233895,0.08370056992687179,3.9120234013735553,0.9501281552210794,0.020664647957380308,0.039501006202652435,0.05609529779079584,0.14044012895407262
K,数据集/数据集/目标域数据集/K.mat,6,target_32k,570.0,26947,8,2048,0.25,-0.16477143855653675,3.7643262431435773,3.58545396284571,0.5823155837811431,0.6437885442050795,0.1010482422273123,0.6437885442050795,0.0002966594228473493,0.0006509404472611108,0.005087666899569795,0.09031818316401904,4.176032710951404,0.5767322767362325,0.005602199871693801,0.006657873002814685,0.007217517367924877,0.38098360954961774,3.025567449414157,0.9489718873978927,0.011492027866284695,0.023585544645132576,0.03335514203969748,0.07819318503702227,3.6347339449867087,0.9505967224236682,0.025326706734700614,0.03710753225176631,0.0700593983445307,0.13455589731427556
K,数据集/数据集/目标域数据集/K.mat,7,target_32k,570.0,26947,8,2048,0.25,-0.19163087175945429,3.832719547335302,3.5677141960533385,0.6091841719589643,0.6299998691213348,0.10489762757921743,0.6299998691213348,0.00034371308223161816,0.000701556888076743,0.0031846172334518384,0.09427487737268314,4.195762116050311,0.5791101940206992,0.004683506134887802,0.005659649691377474,0.008904085636938107,0.3812139966790609,3.148884262762203,0.9420790579213906,0.009060885993774971,0.02331556295736133,0.03076715768690018,0.0977169270641517,3.39941312911308,0.9605406645600261,0.03343318147408847,0.017308628403692412,0.060127566941306144,0.11666395561398142
K,数据集/数据集/目标域数据集/K.mat,8,target_32k,570.0,26947,8,2048,0.25,-0.21335144842848167,3.8387541128100087,3.6032527556939455,0.5999022960429897,0.6278266551478437,0.10674381768045714,0.6278266551478437,0.0003304924576164901,0.000859929470627057,0.0023621674222733674,0.08970102546122334,4.167119378620616,0.574550103010891,0.003953693806418188,0.005983459737207255,0.006444018307279769,0.3944889659261544,4.019195175081452,0.9381118608473568,0.01637120275598249,0.03197769373199035,0.03276533443167419,0.09945418089323668,3.804489444415294,0.9572730193111277,0.01614664225850115,0.03199083146056963,0.06275438396719164,0.13662456922503904
K,数据集/数据集/目标域数据集/K.mat,9,target_32k,570.0,26947,8,2048,0.25,-0.18005093424708993,3.7633583111203746,3.6428257607862586,0.5911089399120665,0.6338445951707272,0.11393630692270965,0.6338445951707272,0.0003587840523772527,0.0009362261826595461,0.003318260012034802,0.0827572303267524,4.314092973722073,0.5853619124395395,0.007102145137688011,0.00798824058727989,0.008534270458354197,0.3671365752520835,3.8042038434754275,0.9451221079431676,0.020728872287065915,0.03319565510156863,0.029716186109553504,0.08525453364206437,4.602682269590936,0.9598826934123492,0.01653160356673762,0.03862897726297952,0.05472986983748367,0.12691086777544072
K,数据集/数据集/目标域数据集/K.mat,10,target_32k,570.0,26947,8,2048,0.25,-0.16697047783674202,3.734520530830918,3.414684717230535,0.6160234489496824,0.6295112642987688,0.11405734027723559,0.6295112642987688,0.00027816144316061386,0.0006505869322817248,0.0031657189659494416,0.08246557025307522,4.221568547073019,0.5858210130071805,0.002623083774653822,0.005946259658450602,0.008077617085708066,0.34732579318143475,3.429348254274489,0.9499790735313632,0.022747579103955837,0.02547969396357502,0.031406705785142056,0.08576902417896083,4.503177334945651,0.9617481067079695,0.0192454669599344,0.05404255712473647,0.04548484336871233,0.11114480282156483
K,数据集/数据集/目标域数据集/K.mat,11,target_32k,570.0,26947,8,2048,0.25,-0.18947347843294915,3.764441118259878,3.3587279254062063,0.6277479237909135,0.6170921260458724,0.1159236230734165,0.6170921260458724,0.00027208011283839847,0.0006461632314814786,0.0037535262760565375,0.08946425343120833,4.223522078014194,0.5846445017436566,0.004320339709975478,0.007726872241200724,0.007924027417811685,0.349884716406689,3.6705246484779455,0.9467711635919767,0.01800077612238817,0.016724368928038805,0.05861538673234324,0.10034783339857449,3.7188482438436026,0.9568340251152034,0.011005689249881557,0.05801651831711834,0.04148469231159805,0.1289807480386788
K,数据集/数据集/目标域数据集/K.mat,12,target_32k,570.0,26947,8,2048,0.25,-0.14044963143666134,3.796333294206634,3.3142440818678573,0.5945285784074255,0.6098019857195173,0.12190605276382072,0.6098019857195173,0.0002874551252746612,0.0007319952222190295,0.0053142060397211146,0.09669846979067684,4.351907189309206,0.5882075571747616,0.00511451468584413,0.010929228279045843,0.0063451880932967565,0.3327643719344315,3.705266209381011,0.9466137515745305,0.0193313134601747,0.029022727084196554,0.03764077745068493,0.11270018297349389,4.120270083315266,0.9550402772117899,0.014804595474257826,0.04908332267577492,0.04792223098065163,0.13930413611440573
K,数据集/数据集/目标域数据集/K.mat,13,target_32k,570.0,26947,8,2048,0.25,-0.13172574769486128,3.725004533354259,3.319616382018105,0.6067415730337079,0.6241726013382612,0.11785126572371672,0.6241726013382612,0.00030827302651184325,0.0007372454014104203,0.0038133197713758776,0.0942863481384183,4.265386134128394,0.5833131185323472,0.007815979059165836,0.009085267816645325,0.006477123353394468,0.34841928213715656,3.6905723423931933,0.9415878780644744,0.011734164993345113,0.023477950262764946,0.04380669000787533,0.1219341970905589,3.9653820206583537,0.9644390118750551,0.01752934393595874,0.041101766246926026,0.042763164125216205,0.10634909170229123
K,数据集/数据集/目标域数据集/K.mat,14,target_32k,570.0,26947,8,2048,0.25,-0.15470632393735764,3.675138259263297,3.513240482464382,0.5915974596971177,0.6250233697190187,0.12193410776356518,0.6250233697190187,0.0003009288831639931,0.0005369969201655854,0.006600592315928504,0.08870109126019561,4.204178403579831,0.5787701710061885,0.0027923734759529727,0.003715676396503141,0.007565603858611313,0.35551058622273807,3.419167821035248,0.9375840511329571,0.015464248159732356,0.024041001492550316,0.050886774372145074,0.12675365355154003,3.6310054342339377,0.9624604460653613,0.023496188254568687,0.03736623084145494,0.04297038384137649,0.11564136755233578
K,数据集/数据集/目标域数据集/K.mat,15,target_32k,570.0,26947,8,2048,0.25,-0.1871539240986469,3.7385753639409365,3.4548775659213606,0.6047874938935027,0.6437633207297433,0.10830765592103091,0.6437633207297433,0.0003550735359982974,0.0006137834512810081,0.006245459939705022,0.08426096578548212,4.193893309258417,0.5973517839195652,0.0023618882283809204,0.004929343391321001,0.010461245131810801,0.33874502480829244,3.177070329033447,0.9449077025695021,0.021070218857209718,0.025493831460974333,0.04964702086637172,0.118147193548274,3.521573841725222,0.9623472396706075,0.021160329952888596,0.02361776657434373,0.03897047408387333,0.11546036105448594
K,数据集/数据集/目标域数据集/K.mat,16,target_32k,570.0,26947,8,2048,0.25,-0.18867757045050135,3.730410177852461,3.5517099595169346,0.6013678553981436,0.6293014069773928,0.11532855226224653,0.6293014069773928,0.00040400976684130464,0.0008799713801017683,0.005100981304004549,0.08487682061374885,4.2208361253443405,0.5875722541222388,0.0022597609522144995,0.005174332372241032,0.011083018429391576,0.3561976338641493,3.24702519413333,0.9523079268546704,0.01866436250531561,0.029410054180741232,0.04349291977839997,0.11288021676961829,3.9087139429391864,0.9634544129689387,0.03738084789463366,0.04085470999316086,0.04918982502192744,0.08624664823624789
L,数据集/数据集/目标域数据集/L.mat,0,target_32k,570.0,26947,8,2048,0.25,0.18243331320521866,3.213746100559257,4.307524943803506,0.31753786028334147,0.8391888428712899,0.03617541930205939,0.8391888428712899,0.024652609401232418,0.023741956478177225,0.2092760300516896,0.12474739830376652,3.4331480436162893,0.9329521155250153,0.04577777723595333,0.04404550202170154,0.06774825942028503,0.1275613861528177,4.252700116567015,0.9542694509228216,0.03732361414589487,0.06731480105255634,0.07750037834420415,0.10803722737535101,5.973290911232066,0.9396818194039527,0.04195953381926358,0.07060187186097454,0.07874705919491906,0.12353235868403588
L,数据集/数据集/目标域数据集/L.mat,1,target_32k,570.0,26947,8,2048,0.25,0.18757173783877568,3.4280712517766396,4.190538197313005,0.31314118221787984,0.8241913220870193,0.03649069330262148,0.8241913220870193,0.020668826411725644,0.021243005639234425,0.19321842581144613,0.11175118909377436,3.285814801979821,0.9121428281615651,0.05727924926887074,0.05326982526865414,0.11300533811702264,0.14859197543910996,5.525431093250786,0.9547824453476026,0.07014394498364167,0.022911176546922683,0.06797680797834893,0.08845311669269613,4.16927533663616,0.9320222045679428,0.06749194938903164,0.07469163521729537,0.08237981060647606,0.10641930779407062
L,数据集/数据集/目标域数据集/L.mat,2,target_32k,570.0,26947,8,2048,0.25,0.0765191179157063,3.3791619171583642,3.7129440681549473,0.30874450415241816,0.8106945466341225,0.03605006922241023,0.8106945466341225,0.020175014376748023,0.02118077355328422,0.19328044938509836,0.16013858733441486,3.2111538854376334,0.9280944906106213,0.03637228637973449,0.055161501901504824,0.0866904263677779,0.14416282519332924,5.477928823243515,0.9523835523724264,0.04893057689515864,0.07686274666195829,0.0455247388503212,0.09369536367562012,4.316418735571761,0.916972561443182,0.0849432365635895,0.05824980353281986,0.08363802186330802,0.14815628666370603
L,数据集/数据集/目标域数据集/L.mat,3,target_32k,570.0,26947,8,2048,0.25,0.018155691856122747,3.3473338401143726,4.125836650844797,0.32633121641426477,0.8140491730460356,0.04317942450460744,0.8140491730460356,0.019433012822984586,0.01892488702251147,0.1670805714872256,0.1921123311252997,3.089259962908735,0.9315490030988854,0.0452729088680028,0.04758670612618888,0.05947160609829117,0.1352259143635997,4.821594852996265,0.9507427305848737,0.0520784949278386,0.06989703889687922,0.05732736725683172,0.10309436147001849,5.459362649248495,0.9331554699390359,0.0450534091721398,0.06260419152267901,0.09246310208006327,0.13829414147673927
L,数据集/数据集/目标域数据集/L.mat,4,target_32k,570.0,26947,8,2048,0.25,0.06141679621000633,3.2289307279550115,4.224102777995945,0.31069858329262334,0.824008594454971,0.03542245974018953,0.824008594454971,0.02150032724760927,0.021946028563267418,0.15055606438577698,0.1747818833016439,3.2260319268951085,0.9332170058267816,0.053557169137398185,0.041714920523883724,0.04997432103364453,0.13048808582150473,5.090683886732656,0.9417903101282975,0.07776100781427925,0.03112926307168335,0.08959057772549,0.09630976743992102,4.852444789590859,0.9414409851352386,0.04782730480878774,0.048575200620855304,0.08827356913737341,0.1212099022504517
L,数据集/数据集/目标域数据集/L.mat,5,target_32k,570.0,26947,8,2048,0.25,0.0343574320340053,3.1297147800606435,3.4522219554889007,0.3014167073766488,0.8315922193052103,0.038787115081302316,0.8315922193052103,0.023630876633558978,0.022628057088702115,0.16009361220203075,0.14876948410924093,3.5382181540647486,0.9272810783903355,0.07553244634336358,0.028959523581572996,0.0759649593764324,0.13749285345905948,4.813022433126744,0.9327298698422111,0.10402074105963822,0.033468433239333635,0.08694643830574952,0.07872539522204353,4.438363559200387,0.9230331922854143,0.07135867309737823,0.034675520850742506,0.10185022839884245,0.1128420443545539
L,数据集/数据集/目标域数据集/L.mat,6,target_32k,570.0,26947,8,2048,0.25,0.018920482380899717,3.2727871180887886,3.4689606748419624,0.33170493404982904,0.8346350758989796,0.044602591483465376,0.8346350758989796,0.02397495731278089,0.02323834155042005,0.19299866736733937,0.10973970670949208,3.8148134076974873,0.9257896984500316,0.06607865659777089,0.04186669891379566,0.057042734096312483,0.1284505095218212,6.461684590490107,0.9338149859571945,0.10588038516429588,0.04787387868858077,0.08075542060443289,0.07607120791109902,4.565904058962339,0.9249427583214563,0.10090411303743471,0.03812289561869726,0.05934463242904045,0.11062860864222585
L,数据集/数据集/目标域数据集/L.mat,7,target_32k,570.0,26947,8,2048,0.25,0.051761071844986184,3.2578287017825454,3.4709108940994113,0.3170493404982902,0.8260102300990286,0.03215696876477016,0.8260102300990286,0.021798861000664457,0.0214676296389027,0.1659307123023328,0.13864971699405462,4.008966235386585,0.9226704472679568,0.07087616553528653,0.04208902977282551,0.06734956954135524,0.15272602105977623,6.235628873561829,0.9320781690728039,0.10456518485320691,0.05550779983005983,0.07432157108946187,0.05895094756528365,4.850608759377167,0.9206807651735821,0.08830084218556764,0.027598314905009892,0.08232337655007323,0.14823262457053096
L,数据集/数据集/目标域数据集/L.mat,8,target_32k,570.0,26947,8,2048,0.25,0.013735663981015776,3.284323428789699,3.553458264690853,0.3014167073766488,0.8272291848853389,0.037012454136439485,0.8272291848853389,0.022451838658233147,0.021773229920239636,0.167088253431533,0.19371449939662097,4.0937306905397435,0.9315960121366644,0.04661579564864618,0.025402696424680453,0.07611297750758798,0.15171603906523898,4.038074162723595,0.9484184391958225,0.07551577910682084,0.04278551087253721,0.06255467099159709,0.07049616556285147,5.223633842131092,0.9342044982018006,0.06287929150811475,0.0465340509033789,0.06950772630005206,0.11092583728831787
L,数据集/数据集/目标域数据集/L.mat,9,target_32k,570.0,26947,8,2048,0.25,-0.002206150258693898,3.108763390270262,3.49880847288533,0.3063019052271617,0.8159417667048307,0.042075796121918176,0.8159417667048307,0.02008689930167882,0.01896614234211119,0.19922331546323024,0.19420242000298746,3.7104847374279952,0.9195585718159519,0.07083751512765929,0.027771145297707675,0.09039928471476574,0.14799268233518653,4.292389372656146,0.9428590939945706,0.10520609105720004,0.02460860680854841,0.05831672000988751,0.0613177416365039,4.208518952880219,0.9073543615005607,0.13844708829692576,0.06074939507990929,0.059645480863026054,0.10299861902028731
L,数据集/数据集/目标域数据集/L.mat,10,target_32k,570.0,26947,8,2048,0.25,2.9730631360672004e-05,3.3667309387846265,4.464215149496324,0.3170493404982902,0.8071742265777512,0.04113257042269483,0.8071742265777512,0.017771304244202903,0.01878815335739092,0.18800271871390936,0.13011930516853998,3.6120186088071744,0.9320993464819498,0.05586377163948886,0.037064176294681325,0.08511752791047272,0.12300525672247513,4.743200038097363,0.9561692842106118,0.06840224232262272,0.02653901644030232,0.04680083656741497,0.08246575303123897,3.8490384254719134,0.9211537868238502,0.10192776431597803,0.03773587141408645,0.07138856235521725,0.1085465240833633
L,数据集/数据集/目标域数据集/L.mat,11,target_32k,570.0,26947,8,2048,0.25,0.06160522340552391,3.707373436761116,4.7125273777765395,0.32730825598436736,0.8077541767934417,0.042000189359235565,0.8077541767934417,0.020451978477608497,0.022424665226432695,0.17614262072945347,0.10046441581948323,3.8802081820098597,0.9287939262807299,0.04751318286443089,0.02970451089287743,0.096845958229495,0.13544454973236897,4.360397258958989,0.9480446204388766,0.06502381964076907,0.043393647411724245,0.07842418409689282,0.08627582888449176,5.12247358161702,0.930615286548371,0.04865840963711743,0.07203401372082378,0.07421677591576593,0.14265698487479275
L,数据集/数据集/目标域数据集/L.mat,12,target_32k,570.0,26947,8,2048,0.25,0.12702151026388103,3.173608316428352,4.503231792438861,0.3190034196384954,0.8293480935717543,0.040600136059063985,0.8293480935717543,0.02260089912497598,0.02377634760745492,0.20704104100908494,0.11844960872344001,4.012002277331719,0.931850107955814,0.03159033038765666,0.03283027747241905,0.08043641052132477,0.12426323412941154,4.334736662284238,0.9516833772404495,0.07795053368956754,0.03771662772198682,0.07167882084389954,0.08043996357271314,5.96371903877601,0.9172548034419019,0.08684846928507912,0.06054336439155536,0.10598655782386496,0.1324245166038832
L,数据集/数据集/目标域数据集/L.mat,13,target_32k,570.0,26947,8,2048,0.25,0.11562531194630712,3.2289700141051774,3.953667083680485,0.30337078651685395,0.8204549778299357,0.036617423821508004,0.8204549778299357,0.021059045905120363,0.020909140123441784,0.18504219772199412,0.16706332197621948,4.237485883359478,0.9419109036721555,0.041148816267222756,0.02802867706197244,0.05573598340365333,0.13617414924947321,3.7344006273376626,0.9512901794009755,0.06729708679851212,0.04585761139527087,0.07239362781853323,0.08764704179433812,5.1560084891185705,0.9154506987691775,0.11894429592922892,0.04137449673238618,0.079913485474334,0.1265909448740955
L,数据集/数据集/目标域数据集/L.mat,14,target_32k,570.0,26947,8,2048,0.25,0.13536607142268023,3.3838851582163643,4.028205212037946,0.3038593063019052,0.8194631782402267,0.04272790564454358,0.8194631782402267,0.01989762182437754,0.018435982096108607,0.16976523271446578,0.16375422623150807,3.655240395605758,0.9280509133719992,0.05038502403979939,0.04373998409339729,0.07467828380964124,0.13530862517325198,4.054081299551467,0.9486697329930458,0.057017307429807526,0.06815770997191183,0.05556992545235698,0.08026670805348078,5.639844454528861,0.933060164507065,0.05226011241554767,0.03631010897751167,0.09611965214309137,0.1347058875193423
L,数据集/数据集/目标域数据集/L.mat,15,target_32k,570.0,26947,8,2048,0.25,0.11620086458414125,3.1645409861497686,3.9916473630258817,0.31069858329262334,0.8199701532579292,0.036186848007189944,0.8199701532579292,0.020135209676544006,0.01882685321096607,0.17885207534119166,0.15463523646519964,3.814724576828796,0.9323647781018536,0.04287353778737395,0.04082340173882309,0.06289963192143189,0.12900655575445844,4.380684733531218,0.9373407961219028,0.0688869454675776,0.07506189251290088,0.06359561206479308,0.07464862523764966,5.761856339969151,0.9340407687784674,0.053323979190804435,0.031226939843973654,0.09778771073883638,0.1407805227864516
L,数据集/数据集/目标域数据集/L.mat,16,target_32k,570.0,26947,8,2048,0.25,0.12015655346691702,3.0917742611427803,4.075857497314941,0.31118710307767466,0.8133961652189189,0.04699010988777727,0.8133961652189189,0.021337172571311864,0.021873973308530383,0.20956041403842776,0.12680628660893445,3.467207104786699,0.9359237393471899,0.037538465552895146,0.042059377951167036,0.056118043380623275,0.1585532338526272,4.3770468750126605,0.9570881117018646,0.05206545430837787,0.048952366789685973,0.04823991153672621,0.09147849460942195,5.061228275125127,0.9386569298753906,0.043709961229073974,0.05010692520804148,0.07128585140361485,0.13781961657845793
M,数据集/数据集/目标域数据集/M.mat,0,target_32k,570.0,26947,8,2048,0.25,-0.34393651210208137,3.3972315962036737,3.3575280811509716,0.583781143136297,0.6391047862871102,0.0891251387937754,0.6391047862871102,0.00029119327636835705,0.0009479098564631605,0.003856033286442193,0.08485015013255068,5.135455750093252,0.601740494011506,0.0032038875284120783,0.004622610914593918,0.009861027205172578,0.2811210630422688,3.72069467104983,0.936062147567076,0.015717495313024073,0.019017746542585645,0.041762862577028145,0.10534860685141466,4.242015264477186,0.9535562755323277,0.018051527958679623,0.05158768465314661,0.09046137193839997,0.09870573078650413
M,数据集/数据集/目标域数据集/M.mat,1,target_32k,570.0,26947,8,2048,0.25,-0.3224383094672798,3.3133921661596664,3.2061943036925005,0.5715681485100147,0.642355339122793,0.0840520819328647,0.642355339122793,0.0002883533299532737,0.0008111455223741537,0.006016924250801903,0.0846860312849148,5.232827185880279,0.6090596714661933,0.0036298272726896616,0.006294247828349479,0.009280254869736146,0.2922946221191318,3.31082641543785,0.9308943587473307,0.014131002579464156,0.016088898221835915,0.03548940398601036,0.1289475331572507,4.132959086483076,0.9634927182939829,0.017744374044983132,0.033618804633090214,0.05549187630807446,0.1304573089296369
M,数据集/数据集/目标域数据集/M.mat,2,target_32k,570.0,26947,8,2048,0.25,-0.3738370601233863,3.32780802380323,3.3727358582477622,0.5696140693698095,0.6360606942972344,0.08469051550007785,0.6360606942972344,0.0002975006215375679,0.0009369501055299575,0.004979542846039163,0.08728873797691189,5.038026973768607,0.6170448848605711,0.0036013611761139116,0.005684408693476909,0.011774105810373338,0.2848778995830672,3.161734402287526,0.925337917075942,0.013407403628829525,0.01861700025485284,0.04269488896430816,0.11304793129758904,4.580726257607807,0.9674471909630853,0.012652254933671229,0.02546907324910854,0.03896993554571683,0.11911303409026078
M,数据集/数据集/目标域数据集/M.mat,3,target_32k,570.0,26947,8,2048,0.25,-0.3602267312442568,3.346138308179535,3.4324184770989112,0.5593551538837322,0.6416464030948525,0.08372082396935834,0.6416464030948525,0.0002954081126518682,0.0009257949662179031,0.005658478625496593,0.08121884020860592,4.981637986312561,0.6088035760788015,0.004756697581844516,0.005390774994377322,0.010111773449587849,0.2888216820794044,3.5594098885926053,0.9365708117294866,0.014981064202559803,0.020651649491166903,0.04145891158164987,0.09247877307170692,4.078506614324688,0.9644443713906155,0.016609719172556058,0.02025814996539441,0.05930581830608569,0.11146217169393424
M,数据集/数据集/目标域数据集/M.mat,4,target_32k,570.0,26947,8,2048,0.25,-0.2605940232321626,3.186055425227765,3.4421674631532184,0.5847581827063996,0.6452302079095691,0.08316507602445625,0.6452302079095691,0.00032887399884808446,0.0010466729203088272,0.005744049678485389,0.07763150839322133,5.180806996526743,0.6034413553865274,0.00202938822447186,0.005423875706331098,0.005618893276281723,0.2893169061455794,3.3937088985069175,0.9334576385848966,0.026471290560647284,0.01698151933271655,0.039832151947667475,0.11533460003327863,4.083627074622235,0.9654578567719996,0.024599924080016267,0.03157160313852198,0.05062576272302154,0.11892645170044448
M,数据集/数据集/目标域数据集/M.mat,5,target_32k,570.0,26947,8,2048,0.25,-0.22394685096385974,3.194297773783724,3.439769557220099,0.583781143136297,0.6675612014093117,0.07603329913918765,0.6675612014093117,0.00034630494096157745,0.0009937656458698792,0.0062011661522859965,0.07708942917973767,5.096107616393936,0.624337466618212,0.004135519064669871,0.007307083129945938,0.007436071122965983,0.2891040854759576,3.13718052323567,0.9158985826576258,0.024664700872137662,0.014223091115155443,0.03370495369051762,0.10793376948672323,4.217217013099419,0.958941783235875,0.02078228832670908,0.017290332926568952,0.050528676377097036,0.11471488717059497
M,数据集/数据集/目标域数据集/M.mat,6,target_32k,570.0,26947,8,2048,0.25,-0.27935626250627366,3.3743593824752764,3.337587948768638,0.578895945285784,0.6582327704089673,0.07776493590306315,0.6582327704089673,0.0003119749969206994,0.0008881724718723164,0.005814846693104703,0.07207877005389374,4.914260023036305,0.6175737690702143,0.0035004054428653193,0.006008214940975055,0.008547971742947866,0.2890671325531495,3.7626914585216107,0.921054357877319,0.01959413955490162,0.028546176063865208,0.03909886298638014,0.09209484765207565,4.199757539406826,0.9558810676344915,0.02126606675164215,0.013656821309714327,0.056815226774731956,0.1176799852985904
M,数据集/数据集/目标域数据集/M.mat,7,target_32k,570.0,26947,8,2048,0.25,-0.26153709068378855,3.296489047667519,3.30959309988593,0.6077186126038104,0.627875749920993,0.08811398523323771,0.627875749920993,0.00033968898218588844,0.0010221597833247318,0.0036337109800044787,0.07780106524614658,4.785400678576693,0.6023713492186632,0.0017956122734846386,0.004787478581432468,0.007985837895435345,0.28202800921624305,3.685176171065116,0.9179167383824854,0.02574785137591415,0.024114607694016195,0.036532600846380145,0.09158172930864784,4.174459218460035,0.9629317844826947,0.02552082798704834,0.01752643323434526,0.05213701079300385,0.10702188976017724
M,数据集/数据集/目标域数据集/M.mat,8,target_32k,570.0,26947,8,2048,0.25,-0.2563332455591224,3.166013962150333,3.2500515541858044,0.5964826575476306,0.6571604824928822,0.08063035015814736,0.6571604824928822,0.00030348396142742976,0.0009560544831230468,0.004902201909614032,0.08436442822170052,4.927085739330794,0.619700071352605,0.00377103617257189,0.005554429884240461,0.007715529151951043,0.28204543932374865,3.6628552304084976,0.9179650460268628,0.03756510887107309,0.01909244258931978,0.02796868996080776,0.11986518678152332,4.267070081455234,0.9590877121779654,0.021805634248342892,0.030295030872143497,0.04981663204067216,0.12782469676546715
M,数据集/数据集/目标域数据集/M.mat,9,target_32k,570.0,26947,8,2048,0.25,-0.26109853228166263,3.2677424005592783,3.26972438128253,0.5857352222765022,0.6544455494522803,0.0813266756066928,0.6544455494522803,0.0003315772180397532,0.0009236366098779636,0.003949699624963782,0.08017968523860641,5.026982739182452,0.6194407282667838,0.0041776119683335465,0.008626139777905727,0.007170920288241745,0.2817556018431926,3.5851431260806708,0.930435743942207,0.02272358533332822,0.025785586049367048,0.04542065938778325,0.1201920170253306,3.8907217169739945,0.9508046871768092,0.017562654352591123,0.02933207728201324,0.06569841757274993,0.12185327538924945
M,数据集/数据集/目标域数据集/M.mat,10,target_32k,570.0,26947,8,2048,0.25,-0.1866012206852024,3.3245227942137654,3.5293007490813757,0.5925744992672203,0.6576626385992359,0.088529850498537,0.6576626385992359,0.0003260009469148892,0.0008721953855615123,0.0031218213894095557,0.07690490377558727,5.2206636564246205,0.6144191597922964,0.0029097371750189276,0.00596017190741131,0.0061602564123220405,0.29367458002196567,3.3503257414240037,0.9216579092954399,0.01929636198599928,0.025139382053105643,0.03875948402208666,0.1404517353905622,3.8479784150923817,0.9558132381519262,0.02708090008776823,0.024414907977745356,0.051935923592036984,0.12858317466289484
M,数据集/数据集/目标域数据集/M.mat,11,target_32k,570.0,26947,8,2048,0.25,-0.19092303291090268,3.283666583531292,3.5357043377809743,0.5979482169027845,0.6360134401869244,0.08972337434328057,0.6360134401869244,0.00031450174275325177,0.00104190561122632,0.0037402681704869116,0.07846039193782135,5.073951244127609,0.604417961255002,0.0036921208303361433,0.006813638999076827,0.007600058755039743,0.29081769064340074,3.210367675642853,0.9381178603294938,0.024416514365240637,0.0159803974063168,0.04060606408344076,0.10856720929058843,4.851089624461253,0.9551256535669936,0.023315472106895843,0.033779691500162724,0.0504932379837602,0.14369276985148002
M,数据集/数据集/目标域数据集/M.mat,12,target_32k,570.0,26947,8,2048,0.25,-0.21078011755663553,3.190979038419592,3.4337964636566736,0.5950170981924768,0.6444746848102606,0.07890703754633097,0.6444746848102606,0.00029569822214017344,0.001014637418257521,0.0029680324708266106,0.08161965197583407,4.890503541991168,0.6044063664496374,0.0036932101351014623,0.004835947566414657,0.010948737658259176,0.2838586974959468,3.107292611048646,0.9333564337703436,0.023654633532224988,0.018840298776010234,0.04172530217182141,0.10242127487099693,4.785250545706302,0.9563214774759027,0.02569159366827593,0.028987881160091825,0.04438812635386882,0.13957715757114464
M,数据集/数据集/目标域数据集/M.mat,13,target_32k,570.0,26947,8,2048,0.25,-0.2579011444679368,3.2267240045365004,3.5034300983232307,0.5764533463605276,0.6867674916590053,0.06196267007401985,0.6867674916590053,0.0002952024039522597,0.0009479328447464038,0.003366822190861618,0.0883559629596233,5.159112128482094,0.634250504780176,0.004368174401364994,0.00836134752652671,0.012962832882018794,0.2806860649511362,3.3216048805463543,0.9335160936294995,0.029338196631796012,0.03505048513557705,0.04374497889415038,0.11743015287523867,3.7593507101861396,0.9598178236758166,0.019990682285766358,0.03629357552855352,0.04359373816105359,0.1231727514866907
M,数据集/数据集/目标域数据集/M.mat,14,target_32k,570.0,26947,8,2048,0.25,-0.28606635524773827,3.3283336760887727,3.4997299334842698,0.5666829506595017,0.6633548223117606,0.07321943044376544,0.6633548223117606,0.00030099637662548285,0.0009363069302879363,0.006084508306615741,0.09611457179741528,5.151575752193622,0.6242160332263722,0.007862129682957625,0.007576168843098757,0.009628473956476572,0.28283887422079534,3.6992712889149315,0.9229393960690635,0.02859500935748805,0.022600369071600825,0.03245546965327262,0.13440518081908995,3.7740956391735394,0.9614380136679304,0.012781262227428921,0.03086444899174398,0.0396519692634646,0.11632620015083968
M,数据集/数据集/目标域数据集/M.mat,15,target_32k,570.0,26947,8,2048,0.25,-0.28136015334109077,3.375710717539027,3.4793639874614106,0.5642403517342452,0.6439247961454543,0.08298487067414469,0.6439247961454543,0.0003128770585512624,0.0008527093097222405,0.005320101686780088,0.10642320320370909,4.864092186777499,0.6113424404387608,0.005193897591407317,0.006010249045333713,0.008577100226622012,0.2970898099635492,3.6905051951028334,0.928721566958527,0.024840636929567318,0.03630984728424102,0.04116309173689947,0.1386927737745792,3.8027223664247893,0.9647239080886868,0.014451055490581564,0.020279829540119594,0.05548376406285988,0.11051369032164393
M,数据集/数据集/目标域数据集/M.mat,16,target_32k,570.0,26947,8,2048,0.25,-0.2988660328525814,3.317497712218791,3.721426865755729,0.5686370297997069,0.6572328213595896,0.09517019839630995,0.6572328213595896,0.0003020741537774509,0.0009636609346000063,0.00595193616343812,0.10591897101513163,5.206555149115522,0.6141469605239748,0.003959858813841093,0.009488502789569888,0.009259075113076191,0.30101019208516083,3.4797310815164186,0.9189917848240385,0.023233309725201965,0.035840545827170056,0.04588545233340162,0.15109064660536023,3.7854971789102216,0.9655537727284654,0.015074958844808018,0.02648281383932711,0.055012682299692355,0.10986585916578785
N,数据集/数据集/目标域数据集/N.mat,0,target_32k,570.0,26947,8,2048,0.25,-0.0035807496714856434,5.882451313174679,8.183453788546263,0.6047874938935027,0.7338911286360242,0.12289775646207424,0.7338911286360242,0.002391813554442423,0.003535566454444743,0.012699660870568315,0.03936587442322386,55.980935259804745,0.9031464327394925,0.019018279736499173,0.027466417790283266,0.07284312891022293,0.1476773260577782,91.66329400558115,0.9373349769798915,0.009988840398253079,0.03153980751976874,0.03054734745253483,0.09766349967216134,18.05378838964023,0.9553161166874867,0.050618459270735744,0.03109946610536073,0.06471004768086086,0.09515036230680582
N,数据集/数据集/目标域数据集/N.mat,1,target_32k,570.0,26947,8,2048,0.25,0.05746778282066437,6.246836293868818,8.223925960879168,0.6130923302393747,0.7786450336694833,0.10408838663456552,0.7786450336694833,0.002273883390167591,0.003383399195249884,0.012211222233267937,0.039014394159257546,58.89030094888851,0.9009055744140086,0.027059193491049252,0.048511357601897384,0.061544379479901525,0.17065185632699728,98.34149902982611,0.941055925997138,0.019742809597316602,0.031404982173435264,0.0414640283203788,0.11204958997662347,14.425754739420334,0.9557205957153719,0.05551309628218378,0.044900754119279865,0.05703433753793924,0.09707469347904311
N,数据集/数据集/目标域数据集/N.mat,2,target_32k,570.0,26947,8,2048,0.25,0.17770964588598884,3.393302304059725,4.017762729313645,0.5955056179775281,0.7458712011486885,0.12400158807970113,0.7458712011486885,0.00229850585094801,0.0035250073346298626,0.008775274743487358,0.03659164421345774,2.9897128562200406,0.9040218347288347,0.01965135590459124,0.02787409949913674,0.0488556721314886,0.17794976038788174,4.370234478394493,0.9500203139986244,0.023075013205537634,0.01868423789243481,0.05355923939222166,0.10109311250291055,97.73579701573125,0.9376978333994359,0.032959177967160386,0.05747715747644939,0.10712914139267586,0.10789866217996923
N,数据集/数据集/目标域数据集/N.mat,3,target_32k,570.0,26947,8,2048,0.25,0.11002505143450114,3.1980820904319986,4.037583145813807,0.5935515388373229,0.7326930418756992,0.1373016131899529,0.7326930418756992,0.0024460585039688355,0.003455264289078723,0.011502663864374067,0.0349957063921608,3.34223614545975,0.9000568805530587,0.02158366770990273,0.031837027626523046,0.0444464669790872,0.17478867894746838,4.561793603743236,0.9401472155602986,0.02026519479389747,0.024371719555002013,0.04625958248812178,0.1094975706123247,86.71480481214891,0.9465992128258678,0.0282675773905963,0.043743150669395464,0.10084970800105626,0.11792070730464893
N,数据集/数据集/目标域数据集/N.mat,4,target_32k,570.0,26947,8,2048,0.25,-0.7852701028218606,14.232469800228573,10.686374976705794,0.6082071323888617,0.808728390535589,0.09818453955738245,0.808728390535589,0.0031861736328147577,0.004718365520927435,0.012191946582472243,0.03277830914625899,37.61823546421415,0.9023950511634462,0.017797624629223577,0.035454605019184876,0.05223892145826675,0.13993163796779085,8.815733763570675,0.9259041255792495,0.01505851402586313,0.021926000355370328,0.04572869981518996,0.13223190262121778,29.9298808361636,0.9353640474870017,0.04702790518824235,0.04921159856041433,0.08792400217494004,0.13325035606369057
N,数据集/数据集/目标域数据集/N.mat,5,target_32k,570.0,26947,8,2048,0.25,-0.8116613511860129,15.900124855803524,10.863407123456827,0.5881778212017587,0.7795512940471615,0.10811694491107418,0.7795512940471615,0.002038985574683437,0.002943349680041607,0.011534861022643951,0.035424027056775324,35.356209499500814,0.907329151047329,0.013750307046884203,0.03045295547770901,0.06025489857451012,0.14162237281083517,8.961140125972095,0.9340149058778335,0.02390890425537068,0.02030936470927408,0.040678676662778995,0.1216734626018318,29.34230932392924,0.9510798812784996,0.02859171004360981,0.048866031832708025,0.07963216175694342,0.13041278452762897
N,数据集/数据集/目标域数据集/N.mat,6,target_32k,570.0,26947,8,2048,0.25,-0.035317116759307376,3.157328964032466,3.4114568218466217,0.5940400586223742,0.7474228235241221,0.1190069032271612,0.7474228235241221,0.0023018237770636614,0.0033959236913819702,0.011319455712815946,0.045114718521370334,2.8637392364415533,0.907935834009929,0.03529802128109072,0.03837466648678399,0.05937410887166373,0.13230391516600926,3.6763829412178284,0.9525382027456661,0.025195264231832774,0.01393912838033506,0.03819976027468321,0.07889863854077887,16.936577312232615,0.9405801670594012,0.06288161854530404,0.03428313739181267,0.08250024102052987,0.12818897682176503
N,数据集/数据集/目标域数据集/N.mat,7,target_32k,570.0,26947,8,2048,0.25,0.028324425537120453,3.048595662540003,3.458273422403286,0.5955056179775281,0.7509429578033108,0.11189267203351186,0.7509429578033108,0.0022282768951349956,0.003220721993502323,0.014306478820225874,0.040031629310584314,2.82993160603248,0.9073961864851546,0.0265374374401299,0.026726394724162456,0.0691730407900999,0.13608993568488262,4.048601624799097,0.9448933377485544,0.01667637199740372,0.01287478726217359,0.03656542658528121,0.10109370280373337,24.24037185374376,0.9534250015658171,0.04978692227706713,0.025312467166130448,0.07008270211796137,0.09911840207292742
N,数据集/数据集/目标域数据集/N.mat,8,target_32k,570.0,26947,8,2048,0.25,0.1909255078140927,3.1451242831931867,3.618416149418436,0.6062530532486565,0.739376943292928,0.11614000383661657,0.739376943292928,0.002348488216695693,0.0033533200862088932,0.01193646903301451,0.03468644106560646,3.00367843779692,0.9043267446081609,0.01242583104584199,0.022093017385460875,0.050518571989609795,0.1705089750659468,3.871426915011141,0.9385371963102298,0.0196122021063711,0.014845047182595597,0.03364345570800739,0.11473803327435136,19.72130304694692,0.947526703467777,0.05617264400508296,0.025029733033736817,0.078752709027989,0.10272050896329193
N,数据集/数据集/目标域数据集/N.mat,9,target_32k,570.0,26947,8,2048,0.25,0.14887926689464515,3.252917649078681,3.733114094775005,0.6111382510991695,0.732600538055104,0.14205419650007323,0.732600538055104,0.002419991879970718,0.003637242353744994,0.013296869907288249,0.026611390622715454,3.1095268762260337,0.9105934275152996,0.018861494463424285,0.02770044945297464,0.05550456815498895,0.15350680346166115,3.223538396956022,0.9462160741879887,0.011940397428260897,0.020738729930296507,0.028006510272846674,0.08980467227934434,25.556300700624945,0.9441329158213944,0.04541427703041453,0.0345673282668836,0.07795524022807636,0.13552169941778924
N,数据集/数据集/目标域数据集/N.mat,10,target_32k,570.0,26947,8,2048,0.25,-0.711154579267323,12.270159233046419,11.857684839157677,0.6038104543234001,0.7248176974926217,0.15930468292608294,0.7248176974926217,0.0025081816259685356,0.003751169943447777,0.011330231440372878,0.03553762620325953,9.367714578529913,0.9052829686406869,0.01756830757030591,0.029032955620646075,0.06574722842902225,0.16580639824515397,6.614479533553399,0.9497754153016739,0.03233850054294627,0.03536625801046218,0.025175103308588895,0.0852891275807181,27.793137417645944,0.9423658739829923,0.05804652203754462,0.03151000227938645,0.06264707950517949,0.14417164100865554
N,数据集/数据集/目标域数据集/N.mat,11,target_32k,570.0,26947,8,2048,0.25,-1.4679980096073137,28.849965542209365,13.764537727988762,0.5955056179775281,0.8368736298429725,0.09993349889919552,0.8368736298429725,0.004652230399668809,0.008010738366425511,0.012790327429297145,0.04671302581087362,15.394158398295831,0.8941759644229429,0.014684493294516106,0.021957116770206803,0.047376210028457884,0.16803509514038226,9.35095608518031,0.9478416291565116,0.026235426600529202,0.0218870123587371,0.0547816431228626,0.08258796393602282,51.771081868383334,0.9236594565491643,0.0765740111728151,0.02865540175459272,0.08094178692333932,0.1525338321351723
N,数据集/数据集/目标域数据集/N.mat,12,target_32k,570.0,26947,8,2048,0.25,-0.9612701501538252,24.95260432218885,14.1503551099297,0.5994137762579385,0.8092851794841799,0.1029088069106383,0.8092851794841799,0.0031361851970295486,0.0046549063910318,0.013742333984251306,0.04424670085103837,11.60317230141588,0.9015240569977284,0.020131570313416957,0.019021745597939194,0.045806121440624036,0.1767442368841643,6.8032966633663685,0.9526570301351428,0.024061942374433886,0.027305432144127822,0.05672296956453044,0.0953195855397957,47.54519798028418,0.9181916843012059,0.0905124076057145,0.03598174171618633,0.07777183660771753,0.162055706096578
N,数据集/数据集/目标域数据集/N.mat,13,target_32k,570.0,26947,8,2048,0.25,0.04010173357016507,3.0503987064751836,3.612658939298177,0.6062530532486565,0.7408289301829561,0.13230338613498796,0.7408289301829561,0.0027151258798567227,0.003928986486022169,0.015244758514934953,0.03494122157601072,2.8659664040882067,0.9033596152222493,0.010470588160739642,0.021311939542863163,0.06371938773243367,0.15410308167210604,3.7660884659486866,0.9443353346386449,0.012190747284100268,0.01874785783174734,0.04559513073364344,0.08573069562690237,16.17152540918923,0.9373095991456015,0.06034021485686869,0.04038902548324622,0.06662497470063995,0.1271527925028611
N,数据集/数据集/目标域数据集/N.mat,14,target_32k,570.0,26947,8,2048,0.25,0.07404203403962777,3.1791244960104277,3.71478939363462,0.5955056179775281,0.756810459180162,0.11238063082254315,0.756810459180162,0.0027518586448490694,0.0037229480915569532,0.015619246671237447,0.028330465335941253,3.0567744344722123,0.898862306295526,0.008995328961996743,0.014616265185304685,0.05292919626863031,0.15128121002954462,3.9252773966977905,0.9438042114166422,0.007597335330651571,0.02183275759124938,0.03286139167338895,0.08776833754993923,18.250864825295565,0.9533922539639311,0.021352181716096846,0.030433485029656412,0.06122486945254382,0.13531782548224228
N,数据集/数据集/目标域数据集/N.mat,15,target_32k,570.0,26947,8,2048,0.25,-0.18019499727529742,13.706861047594574,11.201991130514516,0.6111382510991695,0.7821703003029128,0.1051940274736306,0.7821703003029128,0.002038280504344751,0.0031194197647493012,0.00932097443855323,0.03714762699922859,39.814553763488824,0.9069355709831814,0.016730798679289664,0.026442806139945575,0.05790879578063475,0.13966801923148595,5.712099051621347,0.9493063501009028,0.016918914045762425,0.026910552483367326,0.03194294650848319,0.08788378304833684,53.44649126811039,0.956046860667891,0.03363526500559119,0.030616689652629363,0.0659185583347761,0.1061682405685925
N,数据集/数据集/目标域数据集/N.mat,16,target_32k,570.0,26947,8,2048,0.25,-0.21879462143938483,26.29336572814945,11.711000299498028,0.6355642403517342,0.8136186162347583,0.10413406385577915,0.8136186162347583,0.0039612071278689745,0.005820757657532011,0.012088840725000235,0.049048114980812615,39.159018243325235,0.9083505954301074,0.01632510671809122,0.04215329116359979,0.040435863816330415,0.14152559828009803,12.042643362373491,0.9511628691544476,0.01885174207870131,0.026576012678458757,0.050279712612357204,0.10137101695926609,66.26737525858941,0.9322281164338093,0.030987232468294885,0.06579622712410184,0.10432344864895333,0.1394941972986139
O,数据集/数据集/目标域数据集/O.mat,0,target_32k,570.0,26947,8,2048,0.25,0.05599628729123741,2.9380060187814636,3.6047354355920898,0.33512457254518807,0.7395138866988482,0.11349412421058408,0.7395138866988482,0.015881046654610837,0.013144333427206225,0.18959317329693492,0.12324069655151965,6.903397515839962,0.8992825121875668,0.1116415589404806,0.03724405954918912,0.049209924396482356,0.14389765029748633,4.884582154764616,0.9369734508812197,0.10006650769530785,0.059662408624571846,0.05958548922103953,0.08618505946914992,12.279418569360987,0.8469509846100497,0.16941497993191473,0.10881417266266806,0.10583354308508976,0.18494933296837693
O,数据集/数据集/目标域数据集/O.mat,1,target_32k,570.0,26947,8,2048,0.25,-0.03529238516338786,2.949209880480813,3.8260965261297493,0.3346360527601368,0.7594038103811547,0.12251662889892852,0.7594038103811547,0.01740495062788778,0.013637921107831163,0.20659688653392053,0.12571553596554683,4.983587806957448,0.9222610086237084,0.05919002661608699,0.037608853951482335,0.05749805497249689,0.14118838218334231,4.842524386588117,0.9363808840298083,0.09682582405564935,0.03601838847270487,0.06803101473405446,0.09075605645187744,13.83479455924347,0.8581037801522681,0.1497571263674537,0.08590494344651062,0.10267950399772616,0.22178097422377704
O,数据集/数据集/目标域数据集/O.mat,2,target_32k,570.0,26947,8,2048,0.25,0.04237380087289655,2.897275303318456,3.1780474178309452,0.3277967757694187,0.7475305497064879,0.11799812755741688,0.7475305497064879,0.016261573419395197,0.0126507275668304,0.1961433315416553,0.13249735415043196,9.668171487042912,0.9195112487434387,0.0717430517055898,0.03635833292002236,0.07490893262297642,0.14545642601688455,4.146836520148897,0.9458180954240828,0.07618127011805488,0.04926031444543273,0.07507038470393622,0.10341603086019689,5.929976105563969,0.8694909860244209,0.12973588587051216,0.06709063512854462,0.15753985948750526,0.17088500371270043
O,数据集/数据集/目标域数据集/O.mat,3,target_32k,570.0,26947,8,2048,0.25,0.12089174572458052,2.968297086148562,3.3560938287188127,0.32046897899364923,0.7283366288978499,0.09851520789455087,0.7283366288978499,0.015381135179725064,0.01261218196482296,0.16188734853971534,0.12739006945264694,5.721987318029592,0.903711642999098,0.10275350532192841,0.036602987071451994,0.057776643162937735,0.15245248177935677,4.528009213292351,0.9409067514982288,0.07920043804848416,0.04868863954344377,0.07944710494867636,0.11396408016677859,5.874526389942058,0.8753926454270777,0.12062531466863945,0.06430527933821406,0.14436830903670617,0.1742568039879559
O,数据集/数据集/目标域数据集/O.mat,4,target_32k,570.0,26947,8,2048,0.25,0.12399407941800863,3.0711251703549083,3.648610582269874,0.33854421104054716,0.7623181678327201,0.08793966238167134,0.7623181678327201,0.015836043550859814,0.012658720468403575,0.15387282955869533,0.13881376588774397,5.395520244494582,0.9014124894450398,0.11420064106721388,0.03109125649357588,0.04406301782458533,0.129583850161913,4.3827472179030815,0.9426851295347493,0.0575203687156117,0.05993723447987163,0.07240313386590429,0.11286030964270409,7.82177077269373,0.8815760797281772,0.07147014810246118,0.07130630152138889,0.14287773032960588,0.20598698596149254
O,数据集/数据集/目标域数据集/O.mat,5,target_32k,570.0,26947,8,2048,0.25,-0.008512470527402005,2.952059866655141,3.099821531314977,0.34831460674157305,0.7771246711940479,0.08238482302771157,0.7771246711940479,0.018005995545538958,0.014163535978551092,0.14807166265106608,0.1319683921484962,4.803919754046363,0.9028640323183692,0.12417911939962051,0.04573625592627189,0.05317794280229912,0.12748819785192997,4.042404227259153,0.9409163743084445,0.062187210559007486,0.07188275325945634,0.06945034394284062,0.09986547060589512,8.062566126912861,0.8954825302752145,0.12167847857600027,0.07571225551979976,0.07554011212110084,0.12698774974642874
O,数据集/数据集/目标域数据集/O.mat,6,target_32k,570.0,26947,8,2048,0.25,-0.0014380932656171085,2.7526181470880227,3.1063511878175967,0.35613092330239376,0.7479860241873948,0.12356128092938508,0.7479860241873948,0.01607719419089988,0.012678530619103996,0.1090715023181297,0.12466488819527023,6.029699531473247,0.8947161917979474,0.12514214483920869,0.05569997682012093,0.07688027415487672,0.12868282727467548,4.715491306278367,0.9405986825127978,0.07154694109767971,0.04391950895304528,0.08564744758039476,0.09317698970241707,6.013926202577901,0.876015811384198,0.12781467037420455,0.04885135106592665,0.11028716790008275,0.1792476337975865
O,数据集/数据集/目标域数据集/O.mat,7,target_32k,570.0,26947,8,2048,0.25,0.08207378205989123,2.7104438642285484,3.23235375459759,0.3424523693209575,0.7637486583200536,0.07585206403528706,0.7637486583200536,0.016644653565234663,0.01337695841414899,0.10146990506932325,0.13427505681372937,6.015571211465252,0.9074863932681105,0.11159478719941819,0.05202758512306418,0.06288891736398265,0.11698648362518105,5.021706183510019,0.9495059393223672,0.0710855522476131,0.03838561424771193,0.05606812453844619,0.11044151267903214,6.086147033232549,0.8734279249752682,0.13339343204649717,0.05274299140431681,0.09145527375334232,0.18365907316804042
O,数据集/数据集/目标域数据集/O.mat,8,target_32k,570.0,26947,8,2048,0.25,0.08384131285202841,2.826669257003075,4.037604019790823,0.3424523693209575,0.7893602090828664,0.05154862253386585,0.7893602090828664,0.019098111133667304,0.01576623307653612,0.07767974331133581,0.14547608375363794,4.415251514311225,0.9153188807848511,0.09610419516948956,0.0345201838983816,0.052374739243079046,0.12248848469184287,4.194038995463302,0.9412334542475992,0.08375768640191858,0.04337100968244328,0.06867436351075279,0.11172502614983983,9.780499835011275,0.8692689953195499,0.16216424311825192,0.052725480388043096,0.09305882785895901,0.16843549051707016
O,数据集/数据集/目标域数据集/O.mat,9,target_32k,570.0,26947,8,2048,0.25,-0.016554408335432227,2.8559601372351056,4.145574084090772,0.3346360527601368,0.7868654190830726,0.09411167552255495,0.7868654190830726,0.019422232153815923,0.01603395196090131,0.06456186713411594,0.14348808826059484,4.9771293632348845,0.9169801365574405,0.08969414191574909,0.028876854993303475,0.05244700863380021,0.13032833447455394,4.78541740618504,0.9373943114001995,0.08689529046550623,0.058809373008042315,0.09139796362857822,0.09423049052531345,12.312972582196219,0.8687726512967795,0.14152602691604607,0.04856375115814391,0.13336134992075233,0.17881851340540747
O,数据集/数据集/目标域数据集/O.mat,10,target_32k,570.0,26947,8,2048,0.25,-0.029567446052710753,2.830988904617576,3.373572287250691,0.32877381533952127,0.7826269810939329,0.10782447188216979,0.7826269810939329,0.019008554986871127,0.016410784891416896,0.06737336840644063,0.12817217991720606,4.965541345098738,0.8966038319105745,0.10968838168075355,0.027325890062561947,0.041084302077378884,0.15872649026791927,4.966378706838947,0.950125509592943,0.06617390889289851,0.0717596138533021,0.052565893397050895,0.07310103829324498,9.355048524770973,0.8704707455421075,0.15116278132811245,0.07136543247808629,0.08746597111825159,0.18412288514230174
O,数据集/数据集/目标域数据集/O.mat,11,target_32k,570.0,26947,8,2048,0.25,0.02310610593891355,2.9711287908481308,3.3875473292554736,0.3302393746946751,0.7772811478493421,0.0657164639072829,0.7772811478493421,0.0207846424515467,0.017421005180535645,0.10053923610538786,0.13700726123522772,4.919834871750471,0.904279718650252,0.09060509715878384,0.027633591531291763,0.07173398678767605,0.13951250055072104,4.6135617759730225,0.9508780121925197,0.07044247582365834,0.053818374927215896,0.05018748767931528,0.09931802172573327,7.55996310036946,0.8753128158129142,0.13432781265353935,0.05994305721807859,0.11562406070795528,0.19269653354787358
O,数据集/数据集/目标域数据集/O.mat,12,target_32k,570.0,26947,8,2048,0.25,0.0006420065205315442,3.0718615546332146,3.242890134624142,0.3248656570591109,0.7716505304104601,0.0732024246597695,0.7716505304104601,0.01846695401225199,0.015234035945964996,0.09356378897591822,0.14852748307308425,5.24910105106239,0.9130229632393473,0.08762555539179438,0.03202310129711415,0.07804494087623653,0.1305105676198441,4.407733388861925,0.9434690975035305,0.057919021717517435,0.06322030585890691,0.05709917635858528,0.11546162232903746,8.251413743722484,0.8598478918175322,0.16337165062744224,0.06527809425833515,0.12310295428344659,0.18575461120777553
O,数据集/数据集/目标域数据集/O.mat,13,target_32k,570.0,26947,8,2048,0.25,0.04874189497770909,2.9913448352992993,3.1023695411885934,0.3497801660967269,0.7484063651874039,0.10264005928687964,0.7484063651874039,0.016894043316401562,0.01390380614012486,0.11670528249011025,0.13752761311308384,5.321070783294952,0.9063532577238361,0.11980507996890116,0.036256157885498914,0.056290371811502524,0.1357251214172453,3.8713219128024785,0.9389106907587788,0.08390606760450094,0.0644643102759254,0.06617718025479614,0.11335061310968653,8.628423723937598,0.8849027528770198,0.12437122393647168,0.08838031336288642,0.10043423546690242,0.17333160524950472
O,数据集/数据集/目标域数据集/O.mat,14,target_32k,570.0,26947,8,2048,0.25,0.06973794102612156,3.0499983112171107,3.4277512788406868,0.36541279921836833,0.7539665103203758,0.10860778737109361,0.7539665103203758,0.01772242645765042,0.01421505575702872,0.13201585527768595,0.1391417462973276,5.543875992583664,0.9054423757283521,0.09666693757497427,0.0429799289218716,0.04814639833245923,0.16482579615114715,4.390149665293278,0.9271122685288367,0.11059934511128068,0.07738903042781661,0.0674329751877344,0.11592890407008914,5.898730831069334,0.8970906897820968,0.1258385823636403,0.04447626134193584,0.11387964038815503,0.16214880625743602
O,数据集/数据集/目标域数据集/O.mat,15,target_32k,570.0,26947,8,2048,0.25,0.02341782653907161,3.123387155651138,3.4333516239064865,0.33707865168539325,0.7762193396938512,0.09333554050128548,0.7762193396938512,0.018659299030501463,0.01490511748333942,0.16246109660571087,0.1356050019181026,5.019642215207858,0.8947542555619459,0.10772697616867792,0.04117482426322982,0.08085922364001671,0.14911864421028853,4.311316759405616,0.9265464828920766,0.11244082360759526,0.060365845055163,0.0708426897120327,0.10999329899477663,8.3147901184657,0.8787920235434256,0.13036220313590843,0.054079207314000614,0.11870631862119693,0.19100982185829454
O,数据集/数据集/目标域数据集/O.mat,16,target_32k,570.0,26947,8,2048,0.25,-0.01843403256003204,2.926213494807501,3.261169796261508,0.3336590131900342,0.7553831102450591,0.0970149990333754,0.7553831102450591,0.01652267840348163,0.013635498764020693,0.16599694874224563,0.12307451564880285,4.954807782581586,0.9079264657298525,0.11358582029130206,0.04077057358757628,0.047641633541938185,0.12242806346009825,4.391505996231568,0.9448699191527922,0.0522590234742574,0.053554490169247605,0.08088553565263144,0.11216075139311249,8.631142062326012,0.8944327906299918,0.11691932409013706,0.055442009861264296,0.10815527333156472,0.1660434285983659
P,数据集/数据集/目标域数据集/P.mat,0,target_32k,570.0,26947,8,2048,0.25,0.06121417264248172,2.8744886166063,3.519701772048239,0.495847581827064,0.8368005510085708,0.05020018801186344,0.8368005510085708,0.0010199189421951336,0.005187874111185968,0.0833508235270045,0.12589931768127074,4.027392800199902,0.9484913399006668,0.030520570538263802,0.023712912118863436,0.04658908143286413,0.10065174176496164,3.507325204755131,0.9649000894408525,0.017503671600677232,0.031981742020680444,0.0678749348866134,0.10363471537438905,3.618715315619067,0.9665160241775609,0.010301916438498909,0.026013532670364894,0.05708367495706465,0.10628038876209073
P,数据集/数据集/目标域数据集/P.mat,1,target_32k,570.0,26947,8,2048,0.25,0.023969636513495048,2.7894240897995646,3.037722129825352,0.517342452369321,0.8297477217792039,0.05616814034366376,0.8297477217792039,0.0010494529344002156,0.004435706119652349,0.08504939946807322,0.10828758511035023,5.262856287568833,0.9427048605137085,0.025341197196245304,0.023911113203519543,0.05260831713248211,0.11288133860383817,3.7782428012601077,0.9626713742294655,0.03527986746018707,0.0483139535526268,0.06764265694889439,0.0899922521337587,3.3286399503389505,0.9656055299239973,0.015557727497326599,0.020775451485256807,0.04385461710664035,0.10062058116510748
P,数据集/数据集/目标域数据集/P.mat,2,target_32k,570.0,26947,8,2048,0.25,0.09658961859937194,2.9523628545710663,2.987281320059501,0.5105031753786028,0.8483221473694531,0.048745261198042025,0.8483221473694531,0.0011246384711245544,0.005045149841983058,0.08188811174409785,0.11178963701558461,4.627656219266441,0.9405288254890574,0.023475150807495626,0.025632114442845515,0.07498681320570152,0.1412968321532434,3.7856080100789464,0.963433282361344,0.0381490274537136,0.04115827117685175,0.05955126270627743,0.10087722017555166,3.3376222782977,0.9662549805639692,0.016578383885031814,0.03324053731868899,0.04017633367609988,0.09499408168854345
P,数据集/数据集/目标域数据集/P.mat,3,target_32k,570.0,26947,8,2048,0.25,-0.0014031223582167622,2.9520056954764318,3.040065316960613,0.5349291646311676,0.8552010040340308,0.03897100444159307,0.8552010040340308,0.001326240095918049,0.0048243492084934754,0.06833736936077582,0.09275325193860477,4.10693035385425,0.9417018624266436,0.017854484280164694,0.02896902484935137,0.04975463222072003,0.11357592271820492,3.3581795785560042,0.9652710265001554,0.022773715429164763,0.022725251519373206,0.06474420384264734,0.1144459517275681,3.587849706482424,0.970190982024372,0.02452246401371289,0.02811231677074322,0.05532670812211212,0.0714329222387384
P,数据集/数据集/目标域数据集/P.mat,4,target_32k,570.0,26947,8,2048,0.25,-0.0009292079134959559,2.966793230105551,3.5723285339560404,0.5310210063507572,0.8493252606912431,0.0407782431837789,0.8493252606912431,0.0009856100084719968,0.004724324750155475,0.04460155096858068,0.09438214899389394,4.087202054881614,0.942718187964568,0.026890509038589295,0.023165056996851664,0.05647596949378088,0.08601494998319333,3.6640043456276414,0.9651413294354894,0.014257271996698623,0.027484861632642674,0.05147026045745452,0.12015367292175337,3.508763762598503,0.9608994752713056,0.025078078787307695,0.018389719673480198,0.08210424708048575,0.08424623910089991
P,数据集/数据集/目标域数据集/P.mat,5,target_32k,570.0,26947,8,2048,0.25,0.013738046815059093,3.157684552218111,3.655214304166031,0.5368832437713728,0.86503566572465,0.03375349247815228,0.86503566572465,0.0010558484873687103,0.0046035331502574245,0.0319692860492225,0.0940192543225282,4.16516958230093,0.9421859642382759,0.03802257285838864,0.03746560839210041,0.04084287305830015,0.09999825163960568,4.003537442120914,0.962136499759311,0.019705709749618768,0.03970150617260217,0.06359188575497403,0.11205079186679648,3.245145988662626,0.9679287298347419,0.01569399337765307,0.02185599111891313,0.05431083524203281,0.10159572473668482
P,数据集/数据集/目标域数据集/P.mat,6,target_32k,570.0,26947,8,2048,0.25,0.01132168491534275,3.1289427143013304,3.415591097743808,0.5437225207620908,0.847159156852852,0.04463709679198124,0.847159156852852,0.0011290231740327674,0.004389697959562523,0.022124595025007663,0.1015353142978417,4.164552420360474,0.9274058364458199,0.07491233980677635,0.03479267826494468,0.0353280463292502,0.08968715076906862,3.7427144175331435,0.9644944647669612,0.021248393846405166,0.039298396508468864,0.061079156161267016,0.09540273237517337,3.3879581904923994,0.9645917219563672,0.015236430749324173,0.0352218325838902,0.03691974459073812,0.12352399077920351
P,数据集/数据集/目标域数据集/P.mat,7,target_32k,570.0,26947,8,2048,0.25,0.0005181828153405201,3.0545063169593543,3.7356247973140597,0.5471421592574499,0.8357338373869676,0.050621610053378174,0.8357338373869676,0.0010470042401956382,0.004319973790020719,0.018369003123480818,0.11926631967022776,5.172676759389389,0.9313112213176575,0.06470044070518038,0.03423694558932476,0.045216080316732826,0.09602493110905994,3.1609892843426155,0.9642106041476811,0.02857652947785386,0.04090867373376046,0.05472607046674466,0.0953170584144658,3.4297535873406213,0.9637241529824786,0.019954761126279762,0.04739265323844104,0.02121221489948717,0.14052135253984746
P,数据集/数据集/目标域数据集/P.mat,8,target_32k,570.0,26947,8,2048,0.25,-0.12440981076415078,2.9843566535538772,3.623468559357052,0.5334636052760137,0.842065585281525,0.04750104672806362,0.842065585281525,0.0009976662059300503,0.004508232032160636,0.02488714063501082,0.12520111108033366,5.960201835056402,0.9393940957504046,0.04895011033068246,0.05633542527690201,0.051287737544049215,0.11145090175998731,3.482115708685944,0.9626642366513065,0.024458086476486857,0.05464410058637962,0.042568985145675885,0.09381303298104617,3.380532875274256,0.9672489301021534,0.020547529816284216,0.038462979725231765,0.047176791927486195,0.09953833057556553
P,数据集/数据集/目标域数据集/P.mat,9,target_32k,570.0,26947,8,2048,0.25,-0.06093207577883274,2.8985419648479,3.0632800951402905,0.5153883732291158,0.8333240131910445,0.07433293825085206,0.8333240131910445,0.0008781809628109099,0.004480319196792266,0.036112931876311496,0.12204733864292927,4.373183619467904,0.9451009756242944,0.01535396539325554,0.03126725009876577,0.04611648807102764,0.1088257320344353,3.7557116213102217,0.9634416741807813,0.029770258868050355,0.03740918340910242,0.06093201856596791,0.09313437042431758,3.5259719761925643,0.9654537299476875,0.02135260457738648,0.03028361653152723,0.0659778521638829,0.10683040461254947
P,数据集/数据集/目标域数据集/P.mat,10,target_32k,570.0,26947,8,2048,0.25,0.10365664984879451,2.894696758498728,3.051933125898643,0.5192965315095261,0.8587757636227478,0.047461656939463,0.8587757636227478,0.0010325821996224661,0.00495926292885198,0.05619903621960366,0.12918446105666062,4.045719352735044,0.9381616754015019,0.022685247952035626,0.021965193792016856,0.06611363397772684,0.11135445028920987,3.2265406140096364,0.962227810618528,0.024997206643285842,0.03377559778724147,0.07711535200411113,0.09788405005207605,3.5376887695406585,0.9663392753782343,0.013916853060822883,0.01653037403276775,0.06230105674771144,0.11794342077571279
P,数据集/数据集/目标域数据集/P.mat,11,target_32k,570.0,26947,8,2048,0.25,0.041336548423816934,2.737090295634304,2.992912940180569,0.5334636052760137,0.8414752142923766,0.05169677289643619,0.8414752142923766,0.0010342944583882907,0.004642675357121652,0.06505652995215765,0.11950160468348243,4.097923067395449,0.9394552804753841,0.02464235978841302,0.02352286400535137,0.0529578399577096,0.13561599510147554,3.2311714721315594,0.9635281090579412,0.021686849365566266,0.03223385820396103,0.0728521389274491,0.10140629440183865,3.7311070364309518,0.9657772522351005,0.009325838284842446,0.027015506478895134,0.05433350478150923,0.08240583510618486
P,数据集/数据集/目标域数据集/P.mat,12,target_32k,570.0,26947,8,2048,0.25,-0.000444421863375387,2.7500415447734823,3.7717867873721915,0.5095261358085003,0.8338244679879634,0.04855511890660191,0.8338244679879634,0.0012061017802987898,0.004074129825955804,0.0763986378662237,0.12105537963689947,3.6907120912250497,0.941701885477392,0.02683161273262986,0.032901609217994295,0.049538837364558455,0.10678578754961149,3.2143273286548504,0.9701184941422362,0.02328222027579862,0.02410521060638155,0.04910217664948473,0.07339269119320031,3.5588668711864306,0.968321805809049,0.018843551988504,0.039923682318773385,0.042109618956309325,0.07647900035914067
P,数据集/数据集/目标域数据集/P.mat,13,target_32k,570.0,26947,8,2048,0.25,-0.05979227639855549,3.024432949606533,3.8132211523563653,0.48070346849047385,0.8419851131005973,0.06003592333802432,0.8419851131005973,0.001338670343560293,0.004518722381217981,0.09641891181570865,0.12562880309119784,3.6130482050379014,0.9490484096532343,0.029075223236850467,0.025666371527152277,0.06108122612507196,0.08149893290566708,3.2021212697858625,0.9668439293358394,0.03299350693642981,0.023628446516131607,0.06888727567827488,0.10116662029866968,3.1907900881235562,0.9671684583303718,0.02143449289186942,0.028258960485985744,0.026234305370829606,0.09124265415991979
P,数据集/数据集/目标域数据集/P.mat,14,target_32k,570.0,26947,8,2048,0.25,-0.030308065112873234,3.0320554200519654,3.2002426736605356,0.4689789936492428,0.8271642347988727,0.059071567566631906,0.8271642347988727,0.0011110244796791954,0.004758028901217372,0.09560213617979064,0.12281882206669832,6.25395646674489,0.9475942028122475,0.02456273108832421,0.022135326346051296,0.05985138071694056,0.10304856942897515,3.379517100095282,0.9638835860925957,0.020265287063590834,0.016771136985270736,0.06405719649713768,0.1038966072207317,3.1726166825734503,0.9723389285813532,0.023585146970389468,0.025951386239985854,0.02598965983382065,0.0845736560770579
P,数据集/数据集/目标域数据集/P.mat,15,target_32k,570.0,26947,8,2048,0.25,0.08906494234503737,3.054797679715994,3.6716422443576775,0.4782608695652174,0.8233659525281891,0.05378530808988351,0.8233659525281891,0.0009367503234308241,0.0046310658831312315,0.08632215621652622,0.11939004024025872,6.213901799144288,0.9374520452429812,0.027699418257980744,0.014835737136482374,0.08637070209383464,0.12395446862783069,3.350204683758739,0.9594229872433742,0.021189287598368012,0.04249951637223649,0.07798494400454165,0.11336643277395662,3.3027145524647774,0.972979316266488,0.024529799179010835,0.028095833247904628,0.0463520685401838,0.08652952516517609
P,数据集/数据集/目标域数据集/P.mat,16,target_32k,570.0,26947,8,2048,0.25,0.046284120652610616,3.1743792525683445,4.050390291053211,0.49975574010747437,0.8390741241817254,0.051484319463527765,0.8390741241817254,0.0010541630581597254,0.00487896318941844,0.0783836723287555,0.12405223382135863,8.170057471551102,0.9437282984829111,0.04647344245481327,0.02423027867490128,0.04754288573881633,0.12302593959016908,3.4819606556981832,0.9579147878332777,0.026166695553954764,0.028203425921565564,0.07377010861007287,0.09828074466965973,3.3486502588871545,0.97011225912348,0.021278864992147317,0.01793389223598835,0.06015404263206504,0.0796067340051553
