file_id,file_path,window_id,branch,rpm,window_samples,window_revolutions,angle_samples,angle_order_resolution,shape_skew,shape_kurtosis,shape_crest,zcr,angle_psd_entropy,angle_psd_peak_ratio,angle_order_entropy,angle_order_0_5_2,angle_order_2_4,angle_order_4_8,angle_order_8_16,env_500_2000_kurtosis,env_500_2000_order_entropy,env_500_2000_order_0_5_2,env_500_2000_order_2_4,env_500_2000_order_4_8,env_500_2000_order_8_16,env_2000_4000_kurtosis,env_2000_4000_order_entropy,env_2000_4000_order_0_5_2,env_2000_4000_order_2_4,env_2000_4000_order_4_8,env_2000_4000_order_8_16,env_4000_8000_kurtosis,env_4000_8000_order_entropy,env_4000_8000_order_0_5_2,env_4000_8000_order_2_4,env_4000_8000_order_4_8,env_4000_8000_order_8_16
A,数据集/数据集/目标域数据集/A.mat,0,target_32k,600.0,25600,8,2048,0.25,0.03637169411519072,3.076427974647126,3.510892599007211,0.5598436736687836,0.8856744819314332,0.04367751962422827,0.8856744819314332,0.0011716582271046464,0.007912106663259654,0.0523153226731885,0.05005829447146846,3.6730548762234303,0.8998702541494326,0.02770829805953033,0.07502850544127175,0.09385829012978489,0.1381867706050869,3.9873457381886293,0.9579751079623718,0.029543440210532814,0.020639633704412373,0.04431431557506781,0.13027768087651204,3.737822745408099,0.9627371703027183,0.025063067330101215,0.030381937887837888,0.061822876578295015,0.08893349541132653
A,数据集/数据集/目标域数据集/A.mat,1,target_32k,600.0,25600,8,2048,0.25,-0.0025633090620912776,3.2683773788992343,3.76247313538155,0.545676599902296,0.8809804017094954,0.04174875449439462,0.8809804017094954,0.0011450696884759285,0.00714429133204518,0.0518810102431313,0.05674235168739835,4.206996221521155,0.8965967204368398,0.04564263745488414,0.06179530398119165,0.11976405042611486,0.13352102693537216,4.422525391352162,0.9584304663163115,0.028216015617774298,0.03130458681407003,0.06427309721271081,0.09886381930324674,4.065425295111594,0.959997380591299,0.02487084329264328,0.03647713068763993,0.08455988237663394,0.10331217451992787
A,数据集/数据集/目标域数据集/A.mat,2,target_32k,600.0,25600,8,2048,0.25,0.042764540364133255,3.131741345090732,3.704277312905702,0.5476306790425012,0.8852776562940279,0.045158845367845896,0.8852776562940279,0.0012675094005511589,0.007690486525349108,0.04531712330376541,0.0668244781547835,3.9891325126181543,0.8973866982386002,0.05437357878507014,0.02952835294658616,0.09371123142569605,0.16118452036569866,4.267228445468087,0.9623293386009462,0.023863543258929375,0.030379519390453944,0.04813123592619219,0.09732011500461031,5.101592375123776,0.9624024524138901,0.021777210657778576,0.03989244133386739,0.0840904579093672,0.1041090126180302
A,数据集/数据集/目标域数据集/A.mat,3,target_32k,600.0,25600,8,2048,0.25,0.10794483881727306,3.1413819390051727,3.7045262374719536,0.5603321934538349,0.8810786943614026,0.03744756754359946,0.8810786943614026,0.001351954735284044,0.006584040802889191,0.036300943105069164,0.054246155309006346,4.122791832363071,0.893707165942946,0.060251263835080074,0.029252041034451587,0.09457622445136415,0.17641821073852487,3.9231675938458497,0.9583705926619931,0.029019879983995918,0.03543979576640632,0.05301584794884783,0.10027242925781889,4.742211358592729,0.9619405411249963,0.04042983791435654,0.03540122132803469,0.05251558745437089,0.08027304156784229
A,数据集/数据集/目标域数据集/A.mat,4,target_32k,600.0,25600,8,2048,0.25,-0.009057531953178962,3.121906551679042,3.777405306200815,0.5427454811919883,0.8800601371063967,0.03893715304120388,0.8800601371063967,0.0013675152627260576,0.006869663928150761,0.03047400146540302,0.051551975541222955,5.036032548758746,0.8949936781976633,0.04108388160973307,0.02963285470775122,0.07706404707212439,0.18030917832514676,3.4300604482393187,0.9593664055111262,0.020253594923099288,0.03192184690194164,0.06878925090877111,0.10860714482782345,4.53769021584835,0.9609621962862135,0.038757525507159336,0.03720564140781223,0.05900043424835765,0.09589357016559058
A,数据集/数据集/目标域数据集/A.mat,5,target_32k,600.0,25600,8,2048,0.25,-0.028180088152049993,3.079225825670892,3.890790664561475,0.5378602833414753,0.8904795454847431,0.04152513642775919,0.8904795454847431,0.0012915420998236712,0.007504967832752146,0.03360489655892973,0.05738582518668784,4.526048125773299,0.8981183213533175,0.045288821509741554,0.04461187104366804,0.08192753907243082,0.1594115614148503,3.507078638722071,0.9632198990253804,0.012160389428436846,0.02897475530285363,0.058827017672979785,0.10753951539401119,4.4113892970701665,0.961008472915733,0.03458770382612485,0.035888294976736825,0.06707070072630235,0.10215726194459655
A,数据集/数据集/目标域数据集/A.mat,6,target_32k,600.0,25600,8,2048,0.25,0.11545096184314155,2.973803740525313,3.865817049497017,0.542256961406937,0.8891349469095714,0.05074444315868216,0.8891349469095714,0.0013154310107714178,0.008257881729154558,0.044168772766892704,0.06159217134837871,3.2754891147281544,0.8924924119743447,0.06265060234812594,0.038543602143860566,0.09074155556072214,0.17447644745540528,3.5385809669874684,0.9590548005999212,0.02655037739819097,0.02731481678286836,0.0757849031155313,0.11051587257166606,3.6556225973853866,0.9671313813398262,0.019750776893580027,0.032793593616312885,0.0652809321784163,0.09403208128063094
A,数据集/数据集/目标域数据集/A.mat,7,target_32k,600.0,25600,8,2048,0.25,0.048382846030942124,2.9799727063848254,3.341842566251416,0.5437225207620908,0.8884234284859232,0.04872952423477436,0.8884234284859232,0.001328394443793433,0.007007678436868378,0.04121795023627394,0.07481903315897943,3.997558127469407,0.8942271610855437,0.0676621805480732,0.04208306925014503,0.0936243150405951,0.16494768896864237,3.360074228532943,0.9629061673328971,0.038192856932616315,0.026511672533874334,0.06336047662358321,0.0965080213186977,3.6898532846525507,0.9689310983046511,0.027157852252169594,0.038041397752174966,0.04172236996459414,0.10200537445717459
A,数据集/数据集/目标域数据集/A.mat,8,target_32k,600.0,25600,8,2048,0.25,-0.025475870041191617,3.0600256784004203,3.336710058588806,0.5334636052760137,0.8902806262941717,0.04462777676139664,0.8902806262941717,0.0013239164309293559,0.007296995978929348,0.04912918055472908,0.0630338413076095,3.8537639930435628,0.8973486915493973,0.06664939100255457,0.04625053974052217,0.08481858163026365,0.13450612251941138,3.4284428467269215,0.9509064585442446,0.05476455045787304,0.03496750756662636,0.08080966787833774,0.09866071643415839,4.305437610024457,0.9650070492645921,0.033916473309141076,0.04178700232715711,0.06025982934740859,0.08208966564532245
A,数据集/数据集/目标域数据集/A.mat,9,target_32k,600.0,25600,8,2048,0.25,-0.004953631984969716,2.8508238127943257,3.206724467980942,0.5412799218368344,0.8928063426887105,0.03755530254457695,0.8928063426887105,0.001253218906690444,0.006123932038269571,0.04079885853679888,0.05737255893536503,3.5033887723477193,0.9028288771350446,0.05266613769669272,0.03130351161507171,0.09348225975440302,0.14521890715268085,3.2665626808086734,0.9528317481888696,0.042574076194316975,0.03602122517887772,0.07086544084716674,0.11489526233095833,4.8980340536004086,0.9642845514750219,0.024853162975330217,0.0454150736184059,0.05276938865159286,0.10403263400947668
A,数据集/数据集/目标域数据集/A.mat,10,target_32k,600.0,25600,8,2048,0.25,0.006367676492655801,2.8160772473202274,3.12578832335078,0.5642403517342452,0.8985325577585548,0.032435687303702034,0.8985325577585548,0.001374365777282209,0.0067424094141527655,0.04622598469573092,0.05283828686865782,4.559457013052869,0.9022193008686163,0.0550489278836279,0.03489614109136337,0.08931194741913621,0.12696670927994003,3.539272166968451,0.9562696612921202,0.03422501196999729,0.03984071308604096,0.07787877019274232,0.08394957174416937,4.545223643068091,0.9622740754547924,0.022147000140818048,0.025101006662543373,0.07974258902885574,0.12621450623719307
A,数据集/数据集/目标域数据集/A.mat,11,target_32k,600.0,25600,8,2048,0.25,0.060121281835211225,2.974545820224755,3.240272197335135,0.5622862725940401,0.887080331683204,0.04103498949120485,0.887080331683204,0.0015138034998665906,0.006364018313418502,0.04358060017566987,0.042930023323644595,3.925660364699572,0.8877509376328514,0.06115519950555842,0.04140975606896083,0.0953340059177396,0.14801882896252783,3.902886338556558,0.9541917199102348,0.025380688606023334,0.04578793373831179,0.08350465854731969,0.08139865983108147,4.334360331653159,0.9627584193184278,0.028347056178424302,0.03224307484693486,0.06244401359567433,0.10570260695383217
A,数据集/数据集/目标域数据集/A.mat,12,target_32k,600.0,25600,8,2048,0.25,0.0922002096898166,2.9748948171671805,3.1942319488297137,0.5666829506595017,0.888230050005921,0.04798675719553536,0.888230050005921,0.0012771667767458661,0.006712072313019012,0.04298392997946117,0.049860166041092245,3.766362409109658,0.8919888989352849,0.07638243941456602,0.055316941464103465,0.08295713095552788,0.1422741489517086,3.9191457926731594,0.9588732215805775,0.027538161621557172,0.028701908346397357,0.06950751710157033,0.11927146144788532,6.2838687161661655,0.9588383695278295,0.03824940405816774,0.03321759808625514,0.06805762778937348,0.10977872128194069
A,数据集/数据集/目标域数据集/A.mat,13,target_32k,600.0,25600,8,2048,0.25,0.004100506545178249,2.860235577135816,3.063521590219348,0.5666829506595017,0.8918620742203412,0.03767321694954452,0.8918620742203412,0.00112026693374997,0.005909762281062862,0.042859364332397676,0.048970837422072394,4.010937467551247,0.9128278718401241,0.05858681849693274,0.03131797539066599,0.08698538282850654,0.11758573188220275,4.057614077403638,0.9593026554743127,0.03671931877126439,0.021717898161809947,0.061079936555942835,0.09966255645239415,6.723802787971497,0.9577897844488259,0.0358950100127598,0.03106738407573102,0.08667534930733517,0.11257136683559442
A,数据集/数据集/目标域数据集/A.mat,14,target_32k,600.0,25600,8,2048,0.25,-0.009496629572265101,3.1145966581340327,4.576619923329921,0.5319980459208598,0.9009306088375623,0.037392624409778315,0.9009306088375623,0.001533881893602666,0.007167994271361311,0.048259542240291206,0.05331101583826829,4.463443389807916,0.88772307799836,0.07253706173910521,0.018997091238925748,0.10415666063339261,0.17639109644134,3.7561702023354138,0.9626562140732543,0.02747345109152981,0.022149424202787756,0.05329531998553801,0.1121513846722899,4.937703637911279,0.9617438383306338,0.03737299041816664,0.0346397670639168,0.07354707888871094,0.08619956651449164
A,数据集/数据集/目标域数据集/A.mat,15,target_32k,600.0,25600,8,2048,0.25,0.030184079292862483,3.145024040377168,4.130342301581104,0.5349291646311676,0.8903988216456701,0.04046602348907916,0.8903988216456701,0.0015630750907696784,0.0062274390018390025,0.03636695401381108,0.05343600318123577,4.918287306725356,0.8854463590987047,0.09916386715881781,0.022798549349582673,0.09013028066922124,0.16041586446387054,3.161174878635813,0.9670684730481891,0.01780758196760598,0.01636126050637417,0.049025565995621474,0.10349486501809482,4.381217820938732,0.958824177857296,0.028436537419886283,0.039684600062003805,0.045106641363408466,0.09096226907533779
A,数据集/数据集/目标域数据集/A.mat,16,target_32k,600.0,25600,8,2048,0.25,0.028440098598567522,3.113495636759564,4.003470882529949,0.5769418661455789,0.8823045753139837,0.039799879427635514,0.8823045753139837,0.0013047505476294747,0.007184289831436942,0.034311308400619835,0.03930561594129438,4.099888289845523,0.9040377468774005,0.043111901772829704,0.05329729204371771,0.06797163375829075,0.11676927878026652,3.726079655756031,0.9650572405954825,0.025154390301986712,0.021344843609787605,0.06517745322180311,0.0961128696224439,6.375140731484637,0.9586763045033695,0.02379176049676901,0.04869742860517852,0.06795421694478804,0.09636905489803219
A,数据集/数据集/目标域数据集/A.mat,17,target_32k,600.0,25600,8,2048,0.25,-0.04917683460457655,2.976544713092734,3.5380860979118878,0.5735222276502199,0.8836311351468898,0.03877445770699203,0.8836311351468898,0.0012577209311439785,0.006079965360749026,0.03244881726395829,0.04475359183686957,3.9916830870289957,0.9052066699615743,0.04872344344087876,0.03257142540284227,0.09755468130538869,0.13329910886248572,3.91387844251927,0.9602320003755089,0.015486926783128083,0.030741706430546176,0.07302665251787564,0.11404582883943412,8.321049473679683,0.9526482213952874,0.029866403047624477,0.03434413110756056,0.07216548171705006,0.11300870971582778
A,数据集/数据集/目标域数据集/A.mat,18,target_32k,600.0,25600,8,2048,0.25,-0.005283932719917253,3.0032674962232933,3.56847746505076,0.5525158768930142,0.8906414688804374,0.04277964081282633,0.8906414688804374,0.001253501276506526,0.006958007133091324,0.047903637067168096,0.056943713288474807,4.1047296347317355,0.9067718578315906,0.043079124634923194,0.019311102745412555,0.09070712622254262,0.13308046030076226,3.9690089144329113,0.9627669076412202,0.021022638728863004,0.02053215836454141,0.05889212988766577,0.11531837578744993,7.358281784077996,0.9571084398819333,0.016202925872779727,0.027353269292860794,0.05636827195592718,0.12343080198896904
B,数据集/数据集/目标域数据集/B.mat,0,target_32k,600.0,25600,8,2048,0.25,-0.12909077713359915,3.041270332777366,3.815617775080407,0.3409868099658036,0.8202938124058073,0.06922404777087324,0.8202938124058073,0.022380664153540963,0.02277928431266119,0.10429356834788703,0.10587806632436282,3.419094090770025,0.9473092192115924,0.02670705440302238,0.03796243818024353,0.051880998344171515,0.1463875880153153,4.966865383309669,0.9361965996930508,0.08676276645254452,0.06113506087227834,0.05728792542302944,0.07604476868473148,9.529310591664265,0.8804027718307095,0.13090429316747978,0.07670177371944877,0.15060594742517167,0.11415099769851779
B,数据集/数据集/目标域数据集/B.mat,1,target_32k,600.0,25600,8,2048,0.25,-0.11247726601782858,2.9849880325959814,3.4957260653665525,0.3463605276013679,0.8321896594207934,0.07354986383658658,0.8321896594207934,0.023904870583178698,0.022186377053038723,0.06424739970495032,0.11221835216457683,3.3498650667408376,0.9404761171383668,0.04112145854748108,0.04924660232929344,0.0550364439244701,0.14067652775192468,6.520078692112097,0.9238942759456099,0.10322398006039735,0.10625666814098254,0.08286566607483987,0.07622823030805835,9.82814032836665,0.8649124064634401,0.17093825531592519,0.06468190888331006,0.14461208247651436,0.09957781561496828
B,数据集/数据集/目标域数据集/B.mat,2,target_32k,600.0,25600,8,2048,0.25,-0.031517002644604934,3.1070535947999764,3.6447713690994727,0.34831460674157305,0.809121068470831,0.09209596117950956,0.809121068470831,0.0240425287147163,0.02232303717345314,0.06613199866796363,0.08598351539438441,3.2762482531228603,0.9436198136684614,0.056664025475922114,0.04181669437083865,0.053178583555647536,0.13382348079078796,6.8665397846795955,0.9450044008800846,0.08033594667067204,0.04586734666860366,0.06344244793395847,0.12015883179938015,12.742668331561125,0.8931473059540168,0.1249434564156806,0.08869486539072237,0.09307476282807478,0.13511947531318302
B,数据集/数据集/目标域数据集/B.mat,3,target_32k,600.0,25600,8,2048,0.25,0.04095970519300018,3.176422531147563,3.754111166145872,0.3522227650219834,0.8367533106779387,0.08030587493960543,0.8367533106779387,0.027430750038719472,0.02365731994676405,0.07708725065964386,0.101589651697654,3.3417582735804,0.9496429451146191,0.026135822957485042,0.035353167059738136,0.057212188143688815,0.0905931927136396,5.280245511824971,0.9128447983782048,0.15533143045083525,0.06914997396457447,0.05839182292745684,0.10578673915700092,13.955110985298068,0.8849120188893119,0.16503161763120291,0.06900915807177704,0.10992201712924199,0.11467939231646661
B,数据集/数据集/目标域数据集/B.mat,4,target_32k,600.0,25600,8,2048,0.25,0.06824780050076786,3.0848298135959737,3.7117268112600375,0.3522227650219834,0.8307813513755894,0.07895401985258207,0.8307813513755894,0.02521162708496327,0.02368379157870108,0.09185554557254925,0.10630042396676312,3.1678848763171845,0.942883459296403,0.03651063265690266,0.028285702964867026,0.047673300294128695,0.1152464219412916,5.436922292536328,0.926463309401978,0.12312361797421392,0.08002142433337725,0.05654317236957419,0.0863585301836923,8.44279415470842,0.8873477977020243,0.13127944141071085,0.10445111378184432,0.11051417639792747,0.10400706826529926
B,数据集/数据集/目标域数据集/B.mat,5,target_32k,600.0,25600,8,2048,0.25,0.002808360290679266,2.9988114137084527,3.7309633792414187,0.3517342452369321,0.828428795844443,0.07997149294214186,0.828428795844443,0.025314959014699098,0.023934716204952158,0.11052639543617286,0.1123465276242152,3.502187087049253,0.9422194806980296,0.04084702333641475,0.02650911636998337,0.06718422120594987,0.10698014129767044,5.287976399221549,0.9285802754703215,0.10339918460270663,0.073235720455054,0.08151979949920404,0.09837537336103006,9.04026391457662,0.8874410037601658,0.1338578108376368,0.10765524894210714,0.06829622931530673,0.13126130111181872
B,数据集/数据集/目标域数据集/B.mat,6,target_32k,600.0,25600,8,2048,0.25,-0.028039696295836292,2.9382854918403614,3.185999475365662,0.3595505617977528,0.8175607705427539,0.08138207342335979,0.8175607705427539,0.024438016405422185,0.02353313465027323,0.13318515570543246,0.09254274796165785,3.8605411446078577,0.9502412461108743,0.022648078581208667,0.031982218815579076,0.05955616229257076,0.11038171291556712,4.1949070264581785,0.9452364239204482,0.08385318445305898,0.059486595619427415,0.08049633970933885,0.08992752927408389,8.358312841890646,0.8931035494339531,0.14433226026650062,0.08302151232176253,0.07963669290283233,0.12189437815783997
B,数据集/数据集/目标域数据集/B.mat,7,target_32k,600.0,25600,8,2048,0.25,-0.08468461103264185,3.036184975447241,3.2279719563338753,0.3702979970688813,0.8273646322271774,0.07651793145830624,0.8273646322271774,0.02511957714962067,0.025139241312112873,0.11417174889591605,0.09982296975196966,3.9038975346645453,0.9400706354663356,0.023704361858615425,0.023753083476742563,0.05277790702243357,0.15174244829595618,4.542103454086553,0.952717682288706,0.07370509129528431,0.04071797976580612,0.06166372583314181,0.09564882858765393,8.759955680473192,0.8895365165706431,0.1415896620133532,0.0557766644999477,0.1334462149623483,0.11520047559585124
B,数据集/数据集/目标域数据集/B.mat,8,target_32k,600.0,25600,8,2048,0.25,-0.10316833254192188,2.9775106100017052,3.3290984772979195,0.3683439179286761,0.8208571166600611,0.07672596524781608,0.8208571166600611,0.02490414634370737,0.024726968380380316,0.07653066153713399,0.11405648183186316,3.1637661098101213,0.9382572834648276,0.04558434157656757,0.04000658462503993,0.059269487015003154,0.1652384309663422,4.799293022380931,0.9418777173615267,0.09312194251023309,0.04546237436451739,0.06288385694058433,0.10850882354427474,10.197877678836454,0.8754102594583513,0.1716295443613783,0.08664896758404865,0.0920070456666975,0.12174366355725946
B,数据集/数据集/目标域数据集/B.mat,9,target_32k,600.0,25600,8,2048,0.25,-0.09832423941421593,2.9115193698589796,3.4171463995076183,0.3527112848070347,0.844534766065365,0.07004339445769679,0.844534766065365,0.02479867608303942,0.023472655107783177,0.06164217762988192,0.12810226449859985,3.449979139483861,0.9417635813345256,0.048207867748009635,0.04173920823809368,0.08237948050923914,0.1401575813261246,4.959908893927863,0.9548969291587092,0.06155056194740545,0.040943791110769824,0.08572992652116239,0.0982420980883283,12.030585287360767,0.9028813277658964,0.13677811563175285,0.06496701501370819,0.11291200163731098,0.1126982057905898
B,数据集/数据集/目标域数据集/B.mat,10,target_32k,600.0,25600,8,2048,0.25,-0.15068439831137612,2.966763269543824,3.470058652651939,0.361504640937958,0.8324700383901054,0.0747555367078289,0.8324700383901054,0.025466930658849554,0.023457771571093078,0.05730481470571704,0.1000735862722707,3.705172398534025,0.9535838623411088,0.03673371163137253,0.03383904089185342,0.08074326729609763,0.09929111615776674,5.031517990779303,0.9316968490223896,0.11215001728942733,0.05918023321210035,0.08594298919747771,0.06977135250935941,9.143793020888277,0.8945165643320502,0.16861380149501534,0.07999901427659718,0.08680763143513247,0.09021554783612389
B,数据集/数据集/目标域数据集/B.mat,11,target_32k,600.0,25600,8,2048,0.25,-0.04308464827927597,2.93796508825348,3.4936875558507747,0.3600390815828041,0.8387226356551313,0.06688194842899294,0.8387226356551313,0.028540811490339546,0.02470295599525253,0.05221747137087321,0.10616066659404488,3.426219028731021,0.9549652034863524,0.02310271113625657,0.030408777958272168,0.03967970270729591,0.10439232703472458,4.081842760060258,0.9510392149933186,0.049266573888631524,0.03656958331893763,0.06754468129416821,0.09682989714612608,9.759336381573652,0.9150333704743953,0.11309053769120468,0.05246458844295495,0.10473794902608645,0.11169616995332354
B,数据集/数据集/目标域数据集/B.mat,12,target_32k,600.0,25600,8,2048,0.25,-0.017909833479962677,2.975388735223718,3.9573917372480327,0.353199804592086,0.8314760631873832,0.07790299811368306,0.8314760631873832,0.028828271711082775,0.025944082575698767,0.06037033161042147,0.09248467017629372,3.6880219044806393,0.9368524792963634,0.031130496201265567,0.04245457137243611,0.08394749199321357,0.1081527929927968,4.3103449117960135,0.9345888223842799,0.10096344073601037,0.0617357609530483,0.04836079379840616,0.1308501215506844,13.919942325433372,0.8964501086111645,0.12263950906435023,0.047685309000325894,0.11208298578981686,0.15825879743546056
B,数据集/数据集/目标域数据集/B.mat,13,target_32k,600.0,25600,8,2048,0.25,0.0005662705568246665,3.108349904850552,4.2741271519686705,0.34782608695652173,0.820264757073403,0.08147638876624899,0.820264757073403,0.02440717377088921,0.02318853911953299,0.07941655492279351,0.0866600016444809,3.7295763404007336,0.9359969164837488,0.03511275005551069,0.055376202024243835,0.07229387438739472,0.13685637425413213,4.715994359839661,0.9178293930387094,0.1311739359010663,0.03724050958946943,0.05909456687819484,0.15039498589481992,15.44884468159965,0.918668524725247,0.11284027233985304,0.03634955003141152,0.090386440302969,0.13612222572700072
B,数据集/数据集/目标域数据集/B.mat,14,target_32k,600.0,25600,8,2048,0.25,-0.001250686646440911,2.9605816657333435,4.066933745280442,0.3463605276013679,0.8108331028055292,0.07269402705960365,0.8108331028055292,0.02303175417566245,0.022667687518143315,0.10751573258183814,0.08187466695475297,3.760150044919679,0.9427070692523649,0.04192537121954024,0.057204170119481354,0.05468006249543127,0.12117601121267646,4.691554164475922,0.9260115480588315,0.10236775389992352,0.041755050280557725,0.07332095556402062,0.1160334873002425,9.995774562318646,0.9251380475276472,0.0865705841207397,0.0546108310481503,0.09868161745742327,0.13058269836928293
B,数据集/数据集/目标域数据集/B.mat,15,target_32k,600.0,25600,8,2048,0.25,-0.1148378452526267,2.8592205435112943,3.182018386817683,0.33756717147044457,0.8212841881054532,0.07263204742450459,0.8212841881054532,0.023603683426466907,0.023749138751695636,0.11722710618858377,0.09137488437419364,3.623130817952077,0.9489743555154071,0.0341267054346589,0.026519644256970697,0.07586309317183136,0.11022447477312265,4.773221234780456,0.9494998782247434,0.06795711891237945,0.0488945812050171,0.06827627691419517,0.0911896887017187,9.640218794314322,0.9095284706226735,0.08582737634414991,0.07279783033180763,0.09944123150073117,0.1905582727767582
B,数据集/数据集/目标域数据集/B.mat,16,target_32k,600.0,25600,8,2048,0.25,-0.09259490921132783,2.839211856227629,3.562102821286852,0.3341475329750855,0.8331623561729509,0.07207375186396023,0.8331623561729509,0.02540661210793337,0.02307579463258434,0.08483800890188561,0.10472044801625531,3.5924272239427495,0.9450450522722615,0.034930833092918126,0.027760433274121147,0.05978579439982895,0.1422942521219816,4.920298230147608,0.9250392534043269,0.1345592101298143,0.04718621965375186,0.057492070429482275,0.08210312149459728,13.527667360444525,0.8719862407949932,0.1906580045806649,0.05391523547026166,0.08365601457995153,0.13851264631312357
B,数据集/数据集/目标域数据集/B.mat,17,target_32k,600.0,25600,8,2048,0.25,-0.04490776058033946,2.9471866793397434,3.67241644036215,0.3600390815828041,0.8307898675036097,0.059202833817490294,0.8307898675036097,0.0241573732139702,0.022432313971675378,0.07667091606423018,0.11127523606315332,3.736815610763714,0.9420142839113819,0.04054904088012244,0.04273643310208145,0.06282765085568923,0.1314764785947233,4.811900127234496,0.9502012630889834,0.06749994232643046,0.04822229937348997,0.05948364766257834,0.10937859260906659,14.670208815949513,0.9037774598155366,0.12888839683376946,0.05003584022925877,0.07365345688306739,0.1595536038201661
B,数据集/数据集/目标域数据集/B.mat,18,target_32k,600.0,25600,8,2048,0.25,-0.06418739332738406,3.0381365555483075,3.6165500412582934,0.35613092330239376,0.8354595873995584,0.07463988799214877,0.8354595873995584,0.025785914390290154,0.02416993417699218,0.07547187801254872,0.12123789396133092,3.912397531313765,0.9460940629147395,0.02858647910729775,0.04197979415384907,0.058947935451383125,0.12939388373738017,3.6194716473917024,0.9527747250132391,0.032194767539043954,0.06077083098128517,0.09135503199796097,0.09927695100638911,17.344875855285903,0.8836518967785264,0.14545422652934065,0.0969051919240957,0.09936195864476365,0.08190064662769173
C,数据集/数据集/目标域数据集/C.mat,0,target_32k,600.0,25600,8,2048,0.25,-0.8371567181648775,34.62893849455978,12.36769488125384,0.6375183194919394,0.9124955229264172,0.021596830098858284,0.9124955229264172,0.0036344815715216913,0.005054806741819941,0.01796379731384682,0.03258746412494117,28.02158497983503,0.8227546140229541,0.14896843215846142,0.08943077523752173,0.13721765024436094,0.13821443916784187,28.99817228144706,0.8817972179120559,0.13474632524958335,0.07248855563501132,0.10343381955717637,0.13724033655707038,27.482059708142735,0.767734003088265,0.1534945894642523,0.044795766811617906,0.07280025947217704,0.2956807245508005
C,数据集/数据集/目标域数据集/C.mat,1,target_32k,600.0,25600,8,2048,0.25,0.7162957103764386,43.32090688408567,13.04553710004698,0.6340986809965804,0.902611336689902,0.025508860683186498,0.902611336689902,0.003893792791708501,0.003955724241003564,0.012434762080794224,0.02944500120326052,30.771206134801393,0.8190778290642895,0.14360068397905534,0.08915899053895751,0.12871855021294912,0.13115384514763886,36.06208300839797,0.8968528893869427,0.10982163875669419,0.05041759218289542,0.0882628976985165,0.15927546262090014,24.423813225404288,0.7690121853051882,0.16458193120922643,0.054444350407760134,0.04738814341978626,0.3136329130313177
C,数据集/数据集/目标域数据集/C.mat,2,target_32k,600.0,25600,8,2048,0.25,1.0970388961322848,35.259309529920735,12.438805647769001,0.6580361504640938,0.9132822241104659,0.03003722056525251,0.9132822241104659,0.004966188895375001,0.00496672469133088,0.010345593989502277,0.03511796205597554,28.31594816476485,0.8105219068105406,0.15977901028394015,0.0874631168519738,0.11544553543274144,0.12140438074607966,28.378932794848243,0.904674144650347,0.0940403441165301,0.04831999981136584,0.08264090432515102,0.16110604737238676,24.759013968055058,0.7668370734204064,0.15161764856764232,0.05126548084995548,0.05934767379458731,0.3008941557346377
C,数据集/数据集/目标域数据集/C.mat,3,target_32k,600.0,25600,8,2048,0.25,-5.141121657372388,137.15924073537857,22.2715751759995,0.6590131900341963,0.9399934002672063,0.018207220565154187,0.9399934002672063,0.004434021191500303,0.006981424922229712,0.013637630998847256,0.03991083031953827,37.73612164528699,0.8155550463543639,0.16029217067537166,0.09003153829047973,0.1237296464412523,0.14952060967632733,19.678365042158145,0.8645443158390728,0.1370760155782166,0.07509943604798555,0.09728802394609568,0.160999725382164,26.183532841273685,0.7709709772784443,0.15279362574668895,0.05428273341981625,0.06741805559218465,0.29647138152397046
C,数据集/数据集/目标域数据集/C.mat,4,target_32k,600.0,25600,8,2048,0.25,-6.5974447059424115,167.6171043909991,23.697723919771427,0.6404494382022472,0.9009920899866221,0.032056972177981244,0.9009920899866221,0.0032519182760775522,0.004023472281986528,0.011401657999022622,0.030349052907310416,49.23130628379572,0.8178596505532802,0.15608180234392513,0.09053088905857119,0.12741971216806625,0.12836102528538224,24.184369385071445,0.8909116603950195,0.11353346752595157,0.0713768236955402,0.07088022240933442,0.15439711755579394,29.69969754337713,0.7680693787657179,0.1553746497749902,0.05591881587674411,0.06837115942479612,0.30100081896221836
C,数据集/数据集/目标域数据集/C.mat,5,target_32k,600.0,25600,8,2048,0.25,-0.9864018755532735,23.080229781023238,9.480911194377187,0.6453346360527601,0.8850424454753958,0.028694586094210477,0.8850424454753958,0.0011016323893387932,0.001576100093163139,0.007487321095838467,0.019905398653256422,29.76793991063122,0.8090820053898103,0.15847508424242854,0.10679533424932632,0.12913656604870802,0.1241863894690642,26.885630634693754,0.8903570541167343,0.10326892251970209,0.05189622823993336,0.08555949527754494,0.15773358759941575,25.64850313659859,0.7661375165442872,0.16987493190737796,0.05297674903670782,0.05399648092367276,0.31650600777019156
C,数据集/数据集/目标域数据集/C.mat,6,target_32k,600.0,25600,8,2048,0.25,-1.4169986647814778,24.05007135112445,10.13788598186229,0.6570591108939912,0.8492732917413826,0.033525833965326636,0.8492732917413826,0.0011458256864927971,0.001331138111792413,0.008423461537359435,0.024974128562500714,27.65020349910359,0.8046027816059526,0.15807662913890308,0.11969029280973253,0.13371144577086966,0.13029983619513474,23.09086022613023,0.873516680241526,0.1417569630736058,0.05813967672005914,0.08550278863886453,0.15962462915630304,21.78661856685587,0.7614555623681714,0.1625755375760908,0.05313585872572301,0.057428507489991315,0.30913918027088755
C,数据集/数据集/目标域数据集/C.mat,7,target_32k,600.0,25600,8,2048,0.25,-0.7535876115890805,19.963101354841434,10.837699946627078,0.6472887151929653,0.8465952866283122,0.03162665852625917,0.8465952866283122,0.0012251818460282152,0.001928373212555268,0.010793382746396622,0.029464311027531043,28.671045684231448,0.8068145792641297,0.1516352847381579,0.10463971645364555,0.11540454230294481,0.13321055839798554,18.88890002454558,0.8654103111460147,0.15310283522176674,0.07635647114659869,0.080031461064072,0.17944853817566922,24.75384426151796,0.7697852234691048,0.16682356051588426,0.052770908928042336,0.05027275985423032,0.3035137497223178
C,数据集/数据集/目标域数据集/C.mat,8,target_32k,600.0,25600,8,2048,0.25,-3.42328105477328,84.84983232984196,19.59835460884223,0.651685393258427,0.8950639790778128,0.02430527235482238,0.8950639790778128,0.002934938877727822,0.003129257293672502,0.011797784649168698,0.026059381031132457,40.721149973131716,0.8231647455141212,0.14271223011046527,0.09712655145997877,0.1260689424681273,0.13397516471985216,36.33633971081454,0.8768060926601515,0.12571555402221313,0.06311703867002243,0.09029058268907184,0.1741874067552874,22.05497161969161,0.7663999024263313,0.1683081695718819,0.04962513815374775,0.05356439558354579,0.31207736586275225
C,数据集/数据集/目标域数据集/C.mat,9,target_32k,600.0,25600,8,2048,0.25,-3.40002954665159,74.69967449986405,18.669582003913856,0.6541279921836834,0.9104632590732586,0.024197724413525287,0.9104632590732586,0.0032700925522763007,0.004210582214553622,0.012900726181265216,0.028082646397518844,36.84027790018559,0.8263518384062797,0.1414679103508471,0.10121836707956455,0.1378649980167904,0.12834295067239368,34.63131432939321,0.8717286378659469,0.12062065648961519,0.07325082866069307,0.09928410860649184,0.16476844429558735,23.368809934210187,0.7779648718485445,0.1492492561318447,0.04351754262864526,0.06747767706665174,0.29702357379900324
C,数据集/数据集/目标域数据集/C.mat,10,target_32k,600.0,25600,8,2048,0.25,-1.904818226129755,30.656631813108444,11.265221229557051,0.621885686370298,0.8773073445428694,0.026967951319932307,0.8773073445428694,0.002290938843076827,0.0034660190293917398,0.01119748639838805,0.02835587641171034,31.483054068152583,0.8030341535409518,0.160277771252537,0.1219854950740494,0.1353084656585339,0.13028983068472916,24.400893035314972,0.8714930727973461,0.1515494832470567,0.0939892209910407,0.0800631770192122,0.14473342960628707,28.131470304639766,0.7783756012441224,0.1589211686621694,0.05620628764669597,0.055474235298041484,0.29800755950345076
C,数据集/数据集/目标域数据集/C.mat,11,target_32k,600.0,25600,8,2048,0.25,-0.8675528509747759,40.166966869844146,12.890149437409539,0.6150464093795799,0.9051396400063452,0.027941769585195623,0.9051396400063452,0.004040603172914927,0.006005150716361037,0.01511677238567233,0.03465559380986395,30.338005929333093,0.8227246923708446,0.13059744703920362,0.0966945301576501,0.1148899715386724,0.12454049236299654,27.900347126105103,0.8825329018434884,0.12193903943332346,0.061179346427700086,0.07677011022077829,0.1752133154834159,27.79569220932746,0.7828563882477314,0.1507387405871693,0.052182570927340084,0.0777088342320748,0.29023110912788475
C,数据集/数据集/目标域数据集/C.mat,12,target_32k,600.0,25600,8,2048,0.25,-0.8307639894868213,51.00455918847933,14.659748211635383,0.6155349291646312,0.9081890934438719,0.025777217434301232,0.9081890934438719,0.00434592682363704,0.004808620932195877,0.015306255322318576,0.03518741852861792,104.47799355100818,0.808338849187056,0.15193480117332187,0.09984363638601078,0.14854077991012457,0.11802400200420014,33.365262243421306,0.8848682042226144,0.13199005505877381,0.06764919305841033,0.08995704421232888,0.15956799886434056,24.4879610224291,0.7833158098166451,0.1425758702157481,0.04424842478478607,0.06890864105478538,0.295883335012934
C,数据集/数据集/目标域数据集/C.mat,13,target_32k,600.0,25600,8,2048,0.25,-0.6108555078698399,42.15323201097117,14.485980919361895,0.6399609184171959,0.893874078101634,0.02935779453471356,0.893874078101634,0.0034678340960443968,0.00394896437126922,0.01380933071090862,0.03680867152680381,27.48389288766641,0.8124777491313525,0.1552852315167226,0.10506879922918119,0.11097385602555265,0.14492350114625843,26.176060617677237,0.8910111363898164,0.11854587848771052,0.06601401309874608,0.0652961816719054,0.17308163164156598,24.540459875607503,0.7770813747575895,0.14825872294504736,0.042615976801219084,0.06685464091351377,0.293908704137906
C,数据集/数据集/目标域数据集/C.mat,14,target_32k,600.0,25600,8,2048,0.25,-0.6291885526934817,24.39782497317112,10.266945218640227,0.6624328285295554,0.9115996890779559,0.023077598199798974,0.9115996890779559,0.0038853751053862908,0.005418463279472965,0.01746504924395823,0.042026806149785885,26.76147247702666,0.8091861926436673,0.15590986209131955,0.10786439981378843,0.13324952429379722,0.14386317831050952,24.36017997131425,0.8879987320962063,0.12742856235386882,0.05229208100204487,0.07967537410142267,0.169369320913714,26.865379834499976,0.7819801504715465,0.157978621717665,0.04929731938251492,0.06668242457125592,0.2894670831000213
C,数据集/数据集/目标域数据集/C.mat,15,target_32k,600.0,25600,8,2048,0.25,-1.855426520231072,27.176842575805033,10.525322553091536,0.6272594040058622,0.8822712214112411,0.028173242828780087,0.8822712214112411,0.002699632334297205,0.004527280508875659,0.014788630087744703,0.038225490168284686,29.550339181944555,0.8039071538430669,0.16799010898936872,0.1150547258793152,0.10737035248656189,0.1354761714792404,20.829955988385024,0.8756402596673734,0.1388705942567167,0.07227673940360077,0.08074005658853005,0.15356133691434598,23.54243422217931,0.7778609103110912,0.14755668430324162,0.0427173619324933,0.07994038609844555,0.29738399499020607
C,数据集/数据集/目标域数据集/C.mat,16,target_32k,600.0,25600,8,2048,0.25,-0.9063371264942292,27.18499983615859,12.050693800607133,0.5994137762579385,0.8630199137333523,0.029520818233888683,0.8630199137333523,0.0018045477097506837,0.002531405757949323,0.00964616782253684,0.027704831252436935,32.84793673256477,0.7982281480565548,0.1656528426471002,0.1288639433131332,0.12966237726021612,0.15581590463478817,18.89977902430888,0.8685646748464704,0.13549805331114798,0.0945814198644388,0.08415306489742416,0.17964021716911027,22.54295002860928,0.7645416029680691,0.15763689664539784,0.04391702435727332,0.056430864139536886,0.30897140338121387
C,数据集/数据集/目标域数据集/C.mat,17,target_32k,600.0,25600,8,2048,0.25,-0.36752725653210516,18.107221044365705,8.729124580786793,0.6077186126038104,0.8248613219004161,0.03748188156036167,0.8248613219004161,0.0005264897647258064,0.0004526514494191097,0.00697502232923315,0.022631503292682622,34.417009425842885,0.7912158344247164,0.18120729004991687,0.13366844125570126,0.10676228938669556,0.15865378808832056,14.40379406826158,0.8625415432055956,0.1412949025907883,0.11921512622171465,0.07834161412551248,0.17333767038800924,28.433669502007564,0.7827754752917775,0.14835509690737095,0.046664605861613764,0.06857771360797275,0.2831209955548112
C,数据集/数据集/目标域数据集/C.mat,18,target_32k,600.0,25600,8,2048,0.25,-1.138585698664388,23.554397727024707,12.009209111451312,0.6394723986321446,0.8743431621194497,0.030612192464575652,0.8743431621194497,0.00195768265471458,0.0029910073624190817,0.011423409200643476,0.03559500639187156,30.691231825833995,0.8061023081693193,0.1562406748259411,0.10240413640866637,0.1301884599083761,0.11599569774267865,15.21272547709521,0.8655069559010433,0.13632210393722802,0.10945862940482928,0.07596923957591592,0.1721651230681141,26.16169457680442,0.7864406010544651,0.14871052518657948,0.046583534013769766,0.06288288050661453,0.28772619755933837
D,数据集/数据集/目标域数据集/D.mat,0,target_32k,600.0,25600,8,2048,0.25,0.013362530269661891,3.160846024693402,3.93114519908484,0.5051294577430386,0.851644799747302,0.043126239798849775,0.851644799747302,0.0011754800741641041,0.0019873885215454046,0.057985470050074255,0.11007165959329576,4.823667226791274,0.9380436871920468,0.03069347203761104,0.016330704172988646,0.0795307137293441,0.1332148648525977,3.8265950709766448,0.9664707838988613,0.015821804435832986,0.03283788196648292,0.0508374816524406,0.10988778270468895,3.2881869602958727,0.9664029617110825,0.011709840523134816,0.021402977531920088,0.0455146250878647,0.11211042645816029
D,数据集/数据集/目标域数据集/D.mat,1,target_32k,600.0,25600,8,2048,0.25,0.027910247224626084,3.0498470046678205,3.4430325679200613,0.5339521250610649,0.8549536971496943,0.03487681982760184,0.8549536971496943,0.000982183882526185,0.0020364422336222056,0.0592712823261999,0.09960094383153298,3.9499911118863644,0.9442888296607193,0.015786471469596185,0.02587947247364325,0.08205566677612587,0.09670801988517076,3.430081687565748,0.9614084849218183,0.019179150945296364,0.04467616436557237,0.07372869275674929,0.11413527609468012,3.292194188751083,0.9647663644528004,0.023726261009771314,0.021733854454255963,0.04919812053825136,0.09682542872912321
D,数据集/数据集/目标域数据集/D.mat,2,target_32k,600.0,25600,8,2048,0.25,0.010679649631976498,2.906929860872085,3.476801085789744,0.5446995603321935,0.8729749309880267,0.030753005775832717,0.8729749309880267,0.0011480766997998867,0.0019329255797724619,0.05983338181684624,0.08945759335547741,4.721666960100057,0.9466648435466886,0.024813646489577096,0.029294476703743234,0.0706850949260494,0.1076472529359444,3.4296296987457264,0.9611891951602343,0.02066106053388041,0.025619214632616058,0.05784834460433055,0.13936210263727838,3.255857432681602,0.965115891555813,0.02178872515099125,0.02116985006121489,0.040125559449863485,0.10435185764421546
D,数据集/数据集/目标域数据集/D.mat,3,target_32k,600.0,25600,8,2048,0.25,-0.040749572004807694,2.9227234686530053,3.4505460331915865,0.5554469956033219,0.8515797464874667,0.035361210398110535,0.8515797464874667,0.0009474108723408784,0.0020568167150013307,0.06470368150997459,0.09100381501151066,5.2757584565406335,0.9358722369310963,0.017762391944930643,0.01297301885374351,0.06320730752426015,0.13255156835035906,3.3928959986132474,0.9553437312812834,0.04706635318630174,0.038985121088768004,0.06021273488509579,0.12250866180679229,3.354818540054489,0.9685087410389187,0.025863073475143435,0.03601896894751252,0.042281191939159295,0.09161463554576367
D,数据集/数据集/目标域数据集/D.mat,4,target_32k,600.0,25600,8,2048,0.25,-0.03661452669279412,3.007739081751892,3.628985522212884,0.5359062042012701,0.8485484473314352,0.03829100543247552,0.8485484473314352,0.0007887654334219107,0.0017300752811332198,0.053302404159858624,0.08053368190464069,4.6183362113418625,0.925718527557046,0.012568554896830142,0.014321546563280507,0.07464703905682608,0.13808145560288448,3.7032704453833443,0.95644741428248,0.0351582517088239,0.038258969706918784,0.10609146421295844,0.06997538162457287,3.544658090497603,0.9672364036654986,0.017487165257281893,0.036330123636821345,0.0518416324801767,0.07539127062214897
D,数据集/数据集/目标域数据集/D.mat,5,target_32k,600.0,25600,8,2048,0.25,0.006157890430624995,3.0400835258724563,3.816904586770699,0.5354176844162188,0.8651362023702908,0.03556342186791885,0.8651362023702908,0.0009285853369712803,0.0018703072852812924,0.06199947237341375,0.06734878526683946,5.243512879023249,0.9323435246434706,0.05200254868482704,0.029433861310276352,0.056956652141808256,0.11118985334794267,4.024716170355833,0.956159440739918,0.0279799677965954,0.03960547749065103,0.0844910872183371,0.1052180442325728,3.578559618671624,0.9635893460456738,0.024200026714985636,0.025482731759370825,0.06831402546218504,0.06444092022065834
D,数据集/数据集/目标域数据集/D.mat,6,target_32k,600.0,25600,8,2048,0.25,0.013031445162339004,3.0756773562846393,3.9819992963963773,0.5466536394723986,0.8789217021185122,0.027630402445820372,0.8789217021185122,0.0012093108123867294,0.0024812292163158434,0.0579670990068884,0.06490610300185085,5.463862245681759,0.9435362311862323,0.03991747827118575,0.02868959026336364,0.058408024136668145,0.08835129515984377,3.935659928898221,0.9623531582669267,0.02384746847930532,0.053315754991435475,0.07948267222785436,0.08501125697910726,3.4727733313256324,0.9652822247460207,0.018440357031183394,0.024263554418747696,0.06469960542247383,0.0857849703948517
D,数据集/数据集/目标域数据集/D.mat,7,target_32k,600.0,25600,8,2048,0.25,-0.03110709748776901,2.956430928539752,3.9298864405998133,0.5432340009770396,0.8664125198819109,0.029300029031529184,0.8664125198819109,0.0012346827452406222,0.0021460773178001427,0.04005176537356069,0.0686499757026926,4.008195385377915,0.9399986487158783,0.022488135971427955,0.026410522614953264,0.05387628349446116,0.11227050586284412,3.4492390018364056,0.9633733062686017,0.023415589533767735,0.030358241320118183,0.07398540720361872,0.08517318822720454,3.436443095842545,0.9649100520401936,0.018448190164856968,0.024456085467221285,0.04840758301517006,0.11364199158953062
D,数据集/数据集/目标域数据集/D.mat,8,target_32k,600.0,25600,8,2048,0.25,-0.05734459051142329,3.012941419305466,4.627308889911435,0.5564240351734245,0.8652400946980113,0.03351334306094184,0.8652400946980113,0.001188647627145341,0.0021103490291977402,0.034358443149702086,0.06148486311386805,4.373735337374031,0.9305930404846268,0.04003618342524345,0.02510101069801166,0.04349720123048434,0.12119077770388269,3.3237642766446696,0.9567998742030199,0.03542654338720489,0.03661004445222926,0.08347983191486018,0.08583412472743736,3.896606539063527,0.9570960590148807,0.020728213446151427,0.021218178172037527,0.04265291686794051,0.12508507726013185
D,数据集/数据集/目标域数据集/D.mat,9,target_32k,600.0,25600,8,2048,0.25,-0.04423202698198267,2.9954692101652993,4.642356638814427,0.5701025891548608,0.8826458326013866,0.02466519461547284,0.8826458326013866,0.0012257752246781833,0.0021291394747534847,0.022913951436250374,0.06618574821218515,5.692873386492111,0.9367894945171124,0.028500770097966473,0.022397878612694228,0.06394569424038943,0.11637178636937047,3.363565563245406,0.9615514048890007,0.03870364762113791,0.03462366110635511,0.05902752488145241,0.09106593640503827,3.892024924106722,0.9608529869468219,0.02328683743357917,0.023543872193267937,0.04717573298523158,0.1225467767191493
D,数据集/数据集/目标域数据集/D.mat,10,target_32k,600.0,25600,8,2048,0.25,-0.027989644298368012,2.965243911832096,3.449102117343481,0.563751831949194,0.8784808303441131,0.03673849412502894,0.8784808303441131,0.0013562935289693613,0.0024524801614237506,0.02204865541146803,0.07806193962991055,21.051045457846723,0.9358993261528504,0.020222206596150774,0.03147677722364793,0.06840566112012961,0.12796215666745941,3.4884318530085663,0.9586775188396448,0.030509273979486634,0.03688373597435309,0.048080398933904346,0.1096075421418267,3.2225281776917716,0.9700714777934826,0.015999203627785397,0.024259191590069062,0.04986473171007483,0.10389694350602194
D,数据集/数据集/目标域数据集/D.mat,11,target_32k,600.0,25600,8,2048,0.25,-0.02549510166354304,3.1015661240756,3.686942221010641,0.5188080117244749,0.8696788517198529,0.037650436587232834,0.8696788517198529,0.001228122194647398,0.0023725571419995787,0.023362747604249386,0.09834547726820612,9.79328364388028,0.9331245463665608,0.0377507703723761,0.034281062242234185,0.06178115799389356,0.1348184888367864,3.5513520284911477,0.9616586658507519,0.0226139759140642,0.030120803682901653,0.06153106067683602,0.11065179763574226,3.309243211920045,0.969970690978198,0.02371068339597703,0.015738723116131618,0.041058922945724816,0.09439860371842278
D,数据集/数据集/目标域数据集/D.mat,12,target_32k,600.0,25600,8,2048,0.25,0.014722215205875109,2.9004095157324796,3.5109964742386626,0.5100146555935515,0.8746077763406856,0.035251883631096326,0.8746077763406856,0.0011721467061166317,0.002591803922934826,0.027561668957536714,0.09524253266654477,6.095793242655317,0.9373964449992612,0.05309821569625513,0.02781944980488036,0.05015317575866885,0.13023260500987632,3.3214861837025653,0.9627438314165147,0.020934213908058632,0.03735231989841128,0.0649879393414853,0.09573554989410822,3.4395195254985746,0.9695519145340948,0.029489647918494205,0.024519020260241175,0.04588609150777488,0.09264938378189563
D,数据集/数据集/目标域数据集/D.mat,13,target_32k,600.0,25600,8,2048,0.25,0.0007047908796127677,2.975227111622702,3.614477140693724,0.5148998534440645,0.8654651127872285,0.043840816095001255,0.8654651127872285,0.0012075263030275913,0.002480721901254277,0.025715391407592988,0.10337240126602704,5.165259362166291,0.939753386968116,0.03834761463062144,0.02975753413214769,0.06468018464648373,0.1342603620972202,3.2708226155142976,0.9635836282145999,0.03385731360038933,0.03954029643241697,0.04906892922933415,0.09097080807635995,3.4766806150027274,0.967200445744033,0.013464884644541755,0.03251849269359788,0.05330143700447729,0.10924616937917637
D,数据集/数据集/目标域数据集/D.mat,14,target_32k,600.0,25600,8,2048,0.25,-0.0005854714796216377,3.2947226287610114,4.3883315796825,0.5276013678553981,0.8511820046880381,0.04611799208597447,0.8511820046880381,0.0009183748236066539,0.0020949560046924424,0.02749304482274345,0.09963968001219914,4.624355316583029,0.9428849792674322,0.02432703268656963,0.0202119653940325,0.06418640770286939,0.12074799816037969,3.502511143473605,0.9655430175823324,0.033744316102144456,0.03812904094636433,0.0645401168592614,0.09113898954667332,3.74772245089956,0.967488294221425,0.012787034741629772,0.03630436682559339,0.04596112606718129,0.08766056722473758
D,数据集/数据集/目标域数据集/D.mat,15,target_32k,600.0,25600,8,2048,0.25,0.012905032024806884,3.3094081703101117,4.292303234227814,0.537371763556424,0.8584467387145349,0.04566969137017569,0.8584467387145349,0.0013019888502499976,0.0027864212139620346,0.035288300237784044,0.10544657601097895,7.040908054304158,0.9338591447287594,0.03127008995623721,0.020255281499361497,0.07775208211089228,0.12306840692458303,3.57185299184837,0.9670116902400907,0.026825014286066297,0.02677369508038933,0.06022308255920818,0.08371637103511677,4.2389083076060805,0.9684953666603054,0.01614255802624082,0.034061217021631666,0.04014977959030849,0.1083576442493109
D,数据集/数据集/目标域数据集/D.mat,16,target_32k,600.0,25600,8,2048,0.25,0.09338054034843737,3.0914379341114926,3.6759651659158328,0.537371763556424,0.8648621268077237,0.046587368226502265,0.8648621268077237,0.0010231770014331044,0.002150511312668964,0.05311295063629077,0.11623297639077694,4.527505358496629,0.9427141852922651,0.026579406192155305,0.03131865052138895,0.04760592010792142,0.12222862613352624,3.4486413272119414,0.9673510651597584,0.01684330204270079,0.025808613634447104,0.05515105914265955,0.08601167584321752,4.056030657392678,0.970257584985142,0.02254179680382408,0.03249717421943326,0.0455156582278926,0.09140174367785962
D,数据集/数据集/目标域数据集/D.mat,17,target_32k,600.0,25600,8,2048,0.25,0.1040974265782412,3.0695004027102475,4.595188025484221,0.5246702491450904,0.858323243524073,0.04322689515550729,0.858323243524073,0.0011963024444046888,0.0020264449214983916,0.0696297723624283,0.11211993472403503,4.425979130426997,0.9411284137500882,0.020267046495459948,0.034526278580799756,0.05473423207153948,0.09172743238875036,3.511867284143302,0.9617592290631851,0.031165856782839868,0.02854914222226657,0.06398058189659085,0.08902932943707359,3.5860996399799445,0.9659958108522773,0.009540176886147072,0.0288478500334869,0.056204577017215235,0.08489219277775108
D,数据集/数据集/目标域数据集/D.mat,18,target_32k,600.0,25600,8,2048,0.25,0.08680000843435194,3.0404926856789563,4.421321450725774,0.5407914020517831,0.8606221318654201,0.04189448502836398,0.8606221318654201,0.0011610655551028972,0.0021799971453956538,0.0567264877583919,0.11115791131128867,4.528068208176041,0.9466825879421349,0.011450442192190465,0.01840537086377482,0.04869850197822465,0.10032664193239484,3.5815916869312825,0.9617336513373534,0.0315873832690213,0.035532714850327475,0.0660782916958979,0.1217140053259886,3.848203945815418,0.9605735516931913,0.02838641255982196,0.03223134568857684,0.06194615986481587,0.08238409164759389
E,数据集/数据集/目标域数据集/E.mat,0,target_32k,600.0,25600,8,2048,0.25,-1.4797518282931306,53.76614530191291,15.919986960548549,0.6765999022960429,0.924468338302415,0.04133464158124694,0.924468338302415,0.005663021523904005,0.004506660392795885,0.019892959518033954,0.032927748534132925,29.01000928115077,0.800448067531731,0.16263997407901115,0.11916377855020274,0.14441915606202646,0.17668683307095143,87.77252862537826,0.8515181647865071,0.12505470193490476,0.11127689564062133,0.09816149819092515,0.22357163080736553,33.21884126987227,0.7448587811442708,0.1660938268027923,0.07136052514916107,0.0460013721137076,0.3147839876223563
E,数据集/数据集/目标域数据集/E.mat,1,target_32k,600.0,25600,8,2048,0.25,1.180470072085678,77.52729405970607,16.12206658345296,0.6648754274548119,0.9455035049411934,0.032069995480099284,0.9455035049411934,0.008799603028735005,0.011506148648649609,0.019191637686128395,0.057955789197225396,23.488518291580533,0.7914454966194042,0.1932835485260224,0.13948428281588923,0.11607406664631612,0.17429953509359555,82.24297077941651,0.8312470956133279,0.12847608413830655,0.1174794154909103,0.11674802769462501,0.2614185345550172,30.076820274210583,0.7536505710637581,0.16982565617484574,0.0706628340463787,0.047999524178105143,0.31282192677766896
E,数据集/数据集/目标域数据集/E.mat,2,target_32k,600.0,25600,8,2048,0.25,-0.7921502772709293,74.48307607282648,14.478266182614963,0.6575476306790425,0.9447878578318765,0.019929023618983445,0.9447878578318765,0.005114426476863507,0.007830443285200758,0.024011511934343133,0.042564048310886185,24.353627532711982,0.7711916733011176,0.19921501387036458,0.15080234154875985,0.12252505028894363,0.22118368519916226,54.00825843274722,0.8303365838317642,0.1464409438441956,0.12312643320391106,0.11150089671421362,0.21902320108668455,37.31349477951982,0.7573976608402235,0.17254291946730305,0.07584674155772117,0.040729052391526424,0.3118537704813235
E,数据集/数据集/目标域数据集/E.mat,3,target_32k,600.0,25600,8,2048,0.25,-3.480018656430006,59.335852615396355,16.292363937666547,0.6179775280898876,0.9298910660634239,0.024289024455267524,0.9298910660634239,0.007746560963934031,0.010890917992969462,0.03177759080837605,0.052654733652463474,26.94077887691905,0.7777800005279908,0.19189768255473583,0.1353147952048263,0.14226006508256397,0.20446577384458764,53.89848065532004,0.846003733772089,0.13916378971134052,0.10325088641087903,0.10586783964526178,0.22508913396119648,40.562103345716125,0.75900187075596,0.16800244489742136,0.07817254768594692,0.04097916217684122,0.313033756748551
E,数据集/数据集/目标域数据集/E.mat,4,target_32k,600.0,25600,8,2048,0.25,-1.9654805250389311,39.715623926529396,13.339870364873223,0.6306790425012213,0.9085685637791331,0.029120485852162026,0.9085685637791331,0.0018743568427224372,0.004454422270393712,0.012865058542278606,0.024088847651332332,24.931779131739702,0.8021439727976294,0.16800440434017996,0.12126092217284437,0.10032872520110085,0.18588740074650106,42.57301195882219,0.8509848883018591,0.16102180884538553,0.08420024335120727,0.0691405816344385,0.19133926123695522,35.288399877420716,0.7729027716529149,0.1632971236858068,0.06986155266202984,0.05123773909577258,0.29904783361360027
E,数据集/数据集/目标域数据集/E.mat,5,target_32k,600.0,25600,8,2048,0.25,-0.5457983004525141,40.21703315557569,14.188725026347287,0.6580361504640938,0.9192850707136666,0.039319472674170894,0.9192850707136666,0.00461496374223915,0.006014807123723362,0.024909682660001223,0.03383922119368188,20.475955057210427,0.8086413159530547,0.16196305863968835,0.0992622036185485,0.09302458528703265,0.1961235748646195,41.81113047437059,0.8596495126181741,0.14875147314358667,0.08424207163151406,0.07054969428450865,0.19143693333270187,37.96012720039258,0.765927649596599,0.155866723627305,0.06854011450419273,0.060519438545810454,0.2931543773293567
E,数据集/数据集/目标域数据集/E.mat,6,target_32k,600.0,25600,8,2048,0.25,-0.8693027343504071,32.904797058614754,12.557014270723311,0.6712261846604788,0.8782686212782357,0.07603816851521168,0.8782686212782357,0.004710412794231968,0.0054343386148456565,0.025676890570934363,0.040198739712918014,24.521913215894898,0.8119931638848855,0.15990404098285443,0.10096936568777108,0.13108044360023355,0.19120201056873523,64.15767367824293,0.8713294223490777,0.12977582636395726,0.09841867483803221,0.07601952822387509,0.21632764050700917,35.553612339354096,0.7326781611121903,0.17216320509692926,0.07889804908664999,0.058364879078103275,0.31927563806445997
E,数据集/数据集/目标域数据集/E.mat,7,target_32k,600.0,25600,8,2048,0.25,-1.7389182940391001,26.155090071888385,12.044164898408038,0.7010258915486077,0.8519337667369925,0.1019924424874564,0.8519337667369925,0.004068632555957137,0.004990684555980658,0.024610571396218184,0.032584071828360275,22.517192066884302,0.8002635658687567,0.15532794490980054,0.1064096450014478,0.1326192795639094,0.17699193263008473,58.12781106363799,0.8625656906438033,0.1277775358384527,0.09893003866268976,0.08793280536636294,0.19533874240999516,31.432676458069015,0.7427783641621831,0.1722044349200109,0.08325792796342595,0.05500033141376155,0.32168859395245714
E,数据集/数据集/目标域数据集/E.mat,8,target_32k,600.0,25600,8,2048,0.25,0.46443573274917366,16.4704596427571,9.204447716830364,0.7361993160723009,0.8452381565093382,0.12726552060454124,0.8452381565093382,0.006315485717187757,0.003984871257995565,0.017305281477282657,0.030289311301158466,21.8751717237893,0.8047855769828758,0.16947421575848276,0.12999630449386934,0.11116215329772802,0.18229812144797924,63.19696968463934,0.865743911919993,0.1524167544317509,0.09055270919300024,0.08261840719518858,0.176806982384618,31.811158465585734,0.7471188948690533,0.16686253427214282,0.07133013742147132,0.04184209334406642,0.32430700693946535
E,数据集/数据集/目标域数据集/E.mat,9,target_32k,600.0,25600,8,2048,0.25,1.1317069000390823,17.776232657624035,9.216853162636392,0.7176355642403517,0.8812157697408025,0.08983923561054279,0.8812157697408025,0.008655404447266854,0.006194545360602047,0.022960747474458844,0.03648994352846077,22.452626734415723,0.7989599968328476,0.16765085377985497,0.15144423019584446,0.1082222189831986,0.20191603392370688,62.115081086403926,0.874556302563844,0.14308595631093055,0.08917845587670462,0.08037833316997994,0.17465631254818628,31.627450984711235,0.752918387739728,0.16900565528095632,0.08391215685602431,0.04167922370730515,0.31201999908679656
E,数据集/数据集/目标域数据集/E.mat,10,target_32k,600.0,25600,8,2048,0.25,-0.7503572890551918,53.74420536140627,13.090289116232604,0.7127503663898388,0.8645545395272476,0.10581749586283629,0.8645545395272476,0.005969869986986934,0.008505739676490714,0.02288530041730822,0.038512093881950364,54.9739364524056,0.8038412931927906,0.1525217655363232,0.10911603031354393,0.11882306077647761,0.18982222713882507,60.33052494601018,0.873226666250693,0.12149843390191178,0.08729157626378932,0.08516044504304414,0.20829652998304174,37.75667433780773,0.7789103633612955,0.15595306462897582,0.05642947732366018,0.07645851574276114,0.2913953973252091
E,数据集/数据集/目标域数据集/E.mat,11,target_32k,600.0,25600,8,2048,0.25,-1.758851478681057,57.109909160663626,12.899736808919885,0.7176355642403517,0.9137180451614211,0.07278108331819644,0.9137180451614211,0.0032577494316520426,0.003862525335944819,0.011231670544161498,0.02158272285499834,60.402890679619084,0.8374349442480324,0.1240342066606928,0.11385205879785536,0.13414909977552295,0.18477287872500175,61.15623138343047,0.8510928790371309,0.13979882948057726,0.08320920132981525,0.08522392060898824,0.21353621104165124,42.99787340516211,0.7692364798592428,0.14659200852196552,0.07977334208507754,0.07635043368747356,0.2965579596467843
E,数据集/数据集/目标域数据集/E.mat,12,target_32k,600.0,25600,8,2048,0.25,-0.957200155060437,33.455911874637124,11.118406376986242,0.6653639472398633,0.9048825436774072,0.04728602242188,0.9048825436774072,0.0028331266951137136,0.0036664793921283674,0.013467310585126804,0.023104249783568044,21.82689949263784,0.8094919449640574,0.17037418188254377,0.13719344452145438,0.08105738265572002,0.18356639615492687,49.238892502664214,0.8728526082921433,0.13016069903286712,0.07122134999010968,0.060187787259798224,0.2003342514345235,41.43436915741058,0.7576172326704692,0.1535890028207325,0.07453081094183127,0.07188417004943322,0.32011094775763926
E,数据集/数据集/目标域数据集/E.mat,13,target_32k,600.0,25600,8,2048,0.25,0.4575218448251202,30.301130959243075,10.620599444181947,0.6170004885197851,0.9110248347006581,0.029167757684496382,0.9110248347006581,0.002536015325908491,0.004087041748673781,0.017566918568826716,0.023173932462492282,20.80573844242204,0.8095334922822729,0.1712890252521085,0.11481618480100533,0.09013083411591717,0.18775889624246989,38.24577716798348,0.8602395994651947,0.15169762028681702,0.09380381578490193,0.07204218622929108,0.18794978555920167,43.050512073013444,0.774718940182356,0.14593505703254145,0.06730210011315385,0.07876271438625737,0.29065459689094525
E,数据集/数据集/目标域数据集/E.mat,14,target_32k,600.0,25600,8,2048,0.25,-0.9037340416554581,67.91182343909117,14.926037158619023,0.6106497313141183,0.9282787267413943,0.01702322684437206,0.9282787267413943,0.004076256505019242,0.007409521417032794,0.018379323876992575,0.03760550828045189,24.50866637617005,0.8151215468961893,0.15685490868468885,0.10564925192688257,0.12450410457527002,0.1592207504515906,32.508911907397966,0.8716622599580698,0.1477712259660514,0.07576591705097185,0.050111269712273115,0.2022920733372235,38.12836999068831,0.7837428214401532,0.15718720287013888,0.06401097809566082,0.07683777191443124,0.28293545241305995
E,数据集/数据集/目标域数据集/E.mat,15,target_32k,600.0,25600,8,2048,0.25,-0.27968183084999687,58.30158876575806,14.237493230039465,0.646800195407914,0.9286066676013521,0.038834284631651304,0.9286066676013521,0.004788308015556535,0.0062902993148817015,0.017987530678827343,0.03481906260389241,28.44433986164614,0.7880518609553117,0.137641702504939,0.15530766819895267,0.13922070936836373,0.20505099556977482,86.77705771500968,0.8374813460273475,0.1334106226261289,0.10598863060272931,0.118212915495391,0.22638409410072555,31.217835285667796,0.7447677928595698,0.17837449976496025,0.08134433805427106,0.03925601976643591,0.32098137346115624
E,数据集/数据集/目标域数据集/E.mat,16,target_32k,600.0,25600,8,2048,0.25,0.17213409677798097,31.30620655641728,10.365832570242468,0.6526624328285295,0.9325008528354171,0.03282544784407472,0.9325008528354171,0.007849623964252034,0.009874098883859421,0.025312256977083714,0.04648318170691617,25.619576094906627,0.7994296808490507,0.1834096388759449,0.11869732144387544,0.12494718587165181,0.18546683578502413,78.23030010560927,0.8518590181105928,0.1301701567204804,0.08849913675646416,0.09939022479989319,0.2195606860869332,28.18131062653847,0.744881922808661,0.17086498453310442,0.06992930311847143,0.05595488669221559,0.3243628016148076
E,数据集/数据集/目标域数据集/E.mat,17,target_32k,600.0,25600,8,2048,0.25,-1.7286303711912867,34.11655255890068,11.014836957440224,0.6936980947728383,0.9182980122656967,0.05230705672692635,0.9182980122656967,0.006237084757166108,0.005657867958638118,0.02842531019547109,0.03443789729416848,22.593717777427095,0.7955860427716386,0.17979607976944628,0.1349652597131073,0.14364415282545395,0.19505665913578857,56.03037473792465,0.8546567258726289,0.12334575415064011,0.09876510365401499,0.11154600218062335,0.21927303136735077,29.400024005695016,0.7385294691388855,0.18681403414256975,0.07954123374565034,0.03968687672372169,0.3280688480541119
E,数据集/数据集/目标域数据集/E.mat,18,target_32k,600.0,25600,8,2048,0.25,-1.9135180300864663,32.87479415752777,12.105846704806245,0.714704445530044,0.8869315316190494,0.06859070069855076,0.8869315316190494,0.004482834117249757,0.0029161316617537765,0.030600305538249252,0.029930457974946385,25.31564278799264,0.804722823934651,0.183910557387823,0.1177669701785317,0.1128096039604097,0.1974712433478019,72.3737652668869,0.8616209434693557,0.14128424644939577,0.08542348902354341,0.08612791668251926,0.2102056073691118,41.323873305579575,0.7534730941075456,0.16642346307707725,0.07501322379511981,0.06401795231182024,0.3051554010176389
F,数据集/数据集/目标域数据集/F.mat,0,target_32k,600.0,25600,8,2048,0.25,-0.0400399338481463,2.9492471724085174,3.9330579073435445,0.5891548607718613,0.8848505073197277,0.019974937024877203,0.8848505073197277,0.0010607617963524242,0.0020480210980460835,0.026988743977676234,0.0630601105704347,5.926239640785379,0.9381395120961512,0.022551365594157793,0.02015455230326813,0.05079260715560444,0.11437842143941551,3.7510834632766437,0.9605108812994743,0.018178808885796132,0.041167156841926594,0.06155704265582094,0.10787913388370121,3.833319458879741,0.9621866673160482,0.013166147010919858,0.03260261520544486,0.058984646611189795,0.08880018597806498
F,数据集/数据集/目标域数据集/F.mat,1,target_32k,600.0,25600,8,2048,0.25,0.011978719233237714,2.9983039925169526,3.300663607412365,0.5964826575476306,0.8799654970497517,0.027371796604709862,0.8799654970497517,0.0011023723440834279,0.0022036282855257515,0.020862479505831664,0.04499683728075129,3.804072799412016,0.9414787002932505,0.026243597069584065,0.02735347159073417,0.047942174191015464,0.1208390839733947,3.3234045732525175,0.9560694346267136,0.029966223698726105,0.04366904503927349,0.056432147600879716,0.11399016635502882,3.7261668734243543,0.9664104531065094,0.015008728256711684,0.02683847352769724,0.0668291375572472,0.08833799034248066
F,数据集/数据集/目标域数据集/F.mat,2,target_32k,600.0,25600,8,2048,0.25,-0.05443003147265735,2.9796070114375235,3.296850961555829,0.6023448949682462,0.8786281823623527,0.025357975731051443,0.8786281823623527,0.0009158382209171697,0.0019349856201894505,0.016088807661954196,0.04275464117815393,3.50887670367387,0.9412298948137315,0.022253135776840675,0.03251772880306173,0.07413735898549134,0.1324136206628437,3.712399951243005,0.9539766172421189,0.028231348711888503,0.01961149143104045,0.05546352543593336,0.12655739034346544,3.503670100195072,0.9654233531195823,0.01478104638423468,0.028930474805226123,0.046423795725050315,0.10854427105797358
F,数据集/数据集/目标域数据集/F.mat,3,target_32k,600.0,25600,8,2048,0.25,-0.02940524112080798,3.0085956544212733,3.8883993706937643,0.6023448949682462,0.881711933237901,0.02313895472880966,0.881711933237901,0.0010870166893241632,0.001995338532315917,0.021316333387224003,0.04698147971380763,5.524840179528212,0.9350840702818819,0.058133297671654316,0.026586206300576412,0.07478162418382588,0.12227930401827379,4.032974801519609,0.9583048892446951,0.01819899070426492,0.015494122674197742,0.0517889730293575,0.10159768063369962,3.47587446269965,0.9680078313858209,0.016940432245302145,0.022935498872278977,0.05813180694052513,0.10061648672724292
F,数据集/数据集/目标域数据集/F.mat,4,target_32k,600.0,25600,8,2048,0.25,0.02678035986754749,2.910249455073613,4.005041034593976,0.5832926233512458,0.8924303399059598,0.01941308132005372,0.8924303399059598,0.0011026121186294223,0.001939231709058948,0.019794871651984774,0.051295888571916186,4.159590220767769,0.9278346889701943,0.06821363407204878,0.027850494034556587,0.0698165962936003,0.0982134197658635,3.663112347250887,0.9520875573961218,0.017683825468343378,0.03779952675019295,0.0683905172709967,0.13824501995518207,3.869041253612913,0.965436543642694,0.014293707404008291,0.020217641579963457,0.049579211516609635,0.1079796987064972
F,数据集/数据集/目标域数据集/F.mat,5,target_32k,600.0,25600,8,2048,0.25,-0.024111553278627303,2.994900202942691,3.6941404873879318,0.5808500244259892,0.8809085253786034,0.02613061680211629,0.8809085253786034,0.0009333189105953151,0.0019810015407369604,0.02733898329558348,0.044329618488911,4.410275489865589,0.9298004810216243,0.0580401912111674,0.025147960849890034,0.06872987285200803,0.09977412190981218,3.540031143361097,0.9491482013501982,0.02599360728905933,0.026779944692651263,0.059600154059458336,0.12974156237604226,4.025506197783414,0.9619989032494413,0.02066967182865581,0.03554090205526056,0.04973794028133265,0.1076569821159555
F,数据集/数据集/目标域数据集/F.mat,6,target_32k,600.0,25600,8,2048,0.25,-0.01645757310190574,3.06664660888132,3.833355261852053,0.5891548607718613,0.8791239807825568,0.02152180363253786,0.8791239807825568,0.0008537969937316606,0.0019255769234527774,0.027660459266060193,0.05103980673228407,4.527732454571782,0.9231161546777837,0.0466535519491791,0.027712857448064194,0.06743487586742028,0.13201912821639436,3.2599370938607795,0.9569444256334019,0.026005493974172598,0.03509092272770883,0.06650988341952664,0.07576335982772275,3.8742087853004676,0.964568935934464,0.02078359943244328,0.03427768832260184,0.05057335033557317,0.10904770701491412
F,数据集/数据集/目标域数据集/F.mat,7,target_32k,600.0,25600,8,2048,0.25,0.04473175524524929,3.176138569116759,3.9434861029944064,0.5872007816316561,0.8720631723976592,0.026920088969232737,0.8720631723976592,0.0008011252076376629,0.0018372754174352502,0.02876365937033502,0.04729727265225899,4.801084543290126,0.9282165973168324,0.03390897514985551,0.03681781459858382,0.0758504211679649,0.12886802955266485,2.9359532920966385,0.9616472785040032,0.012779352085624791,0.02692926518824729,0.07834474757630552,0.08993972007616026,3.617156119536389,0.9649949177468422,0.016800894779405783,0.017611734048631075,0.062061488228874896,0.09251362800930436
F,数据集/数据集/目标域数据集/F.mat,8,target_32k,600.0,25600,8,2048,0.25,0.12927721087488567,3.1958712301788927,3.820588093474411,0.5818270639960919,0.8817622144093546,0.022441609776274796,0.8817622144093546,0.0008948386655643312,0.0019702916615350397,0.03921652683803022,0.04217154351289965,4.906364747168454,0.9408712456608221,0.033211554231751664,0.03732013249110703,0.06432076720549766,0.10854558599513821,3.339316001939766,0.9545689095943286,0.03097647676975878,0.017838182687985715,0.08539979808500098,0.10135195611187134,3.7307192022835745,0.961071557126074,0.017232233916698123,0.0258512377423303,0.03747855333396977,0.09614109162707679
F,数据集/数据集/目标域数据集/F.mat,9,target_32k,600.0,25600,8,2048,0.25,0.11800941606757274,3.1228072786864076,3.8990066671288406,0.5842696629213483,0.8900038297874036,0.01993617522096693,0.8900038297874036,0.0009680759048178141,0.0021740640423983898,0.027482489381457597,0.033038792978836586,4.871063482074527,0.9432174515536705,0.0350554428177821,0.0341168224758556,0.05629746059165712,0.10660557958568803,3.55561608639013,0.9544553541345472,0.02985179183222219,0.020605229774857396,0.07649104155923576,0.09097648386935035,3.6057330154416145,0.963230122186718,0.024328985718750567,0.019484624882915132,0.05805753653152284,0.07019788922292898
F,数据集/数据集/目标域数据集/F.mat,10,target_32k,600.0,25600,8,2048,0.25,0.03252488719468687,3.0554023886691404,3.617103089522107,0.5832926233512458,0.8892438878655586,0.016059030630304325,0.8892438878655586,0.000991988164446057,0.0022448226005840313,0.029555016669642498,0.03155912455133282,4.90318308307758,0.9444004829833533,0.030075498625783948,0.037126442634108775,0.0636547253625127,0.12161810640640595,3.3190590231994777,0.9581103092298171,0.02802715224322658,0.01966278600583965,0.050911166544675805,0.10390781585414484,3.4252072656100903,0.960647614868375,0.02271548503046356,0.0169207879946594,0.03732236810547375,0.10681106105434665
F,数据集/数据集/目标域数据集/F.mat,11,target_32k,600.0,25600,8,2048,0.25,-0.06701943386935334,2.944602878183107,3.1579773703079317,0.5984367366878358,0.8862176328569819,0.018220744049897663,0.8862176328569819,0.0009831974793813837,0.0020966426964357616,0.020753831483725713,0.032836004018468055,3.985470649751006,0.9434664900734193,0.0181186397204064,0.020757603800544436,0.05825180795401139,0.11198624261899683,3.567343343354496,0.9572373615782667,0.03947500761575553,0.02162084527247573,0.050626610464359297,0.11329218706724188,3.583309913431626,0.9634093161014081,0.020114274418378097,0.030068976416077958,0.04514155979704878,0.09448540740385018
F,数据集/数据集/目标域数据集/F.mat,12,target_32k,600.0,25600,8,2048,0.25,-0.06632934175424554,2.911346895693806,3.2854803608587626,0.5950170981924768,0.8873639321797662,0.01858403916136362,0.8873639321797662,0.0009282986271652466,0.0020229297496572375,0.01678355132279175,0.04037552066587532,3.583990774287718,0.9403199842205495,0.01791834357254614,0.022299874510659706,0.07111242100965903,0.10321059911724906,3.610359249191245,0.9602592627389759,0.01192709149756898,0.022517654383769452,0.07928808208442262,0.09867206856594725,3.5310622343114404,0.9605800595488742,0.03963614843148759,0.021734705113393125,0.05681235870369872,0.07964453146861919
F,数据集/数据集/目标域数据集/F.mat,13,target_32k,600.0,25600,8,2048,0.25,-0.017272842752458325,2.976142050338971,3.3172273558671237,0.5881778212017587,0.8944517583750266,0.018195361812465474,0.8944517583750266,0.0009185575455389109,0.001947503571210778,0.01790552252955548,0.04442223701062339,4.6894922140382596,0.9358987629731725,0.020628227815334202,0.023340275851615633,0.0821214501323478,0.11787419841042589,3.453366661054563,0.9548612341636482,0.03405024201137216,0.035419774397807066,0.0598856781523716,0.08972407755185784,3.463974644934487,0.9597703128526032,0.025203604741006184,0.03115715141650949,0.05196752105500167,0.10469388707769238
F,数据集/数据集/目标域数据集/F.mat,14,target_32k,600.0,25600,8,2048,0.25,0.009698094933421827,3.123415058061171,3.397678869273364,0.5881778212017587,0.9019533132885872,0.017228323417924414,0.9019533132885872,0.0011580739481492864,0.0022338200865121604,0.025500512288042617,0.046932403956781166,5.425496862531059,0.9284467795713169,0.049860538054737606,0.03166474254359337,0.05511894412159933,0.1189351221425649,3.5146931178026612,0.9571758486593579,0.012490781803577414,0.036732739265721695,0.04938058738770623,0.12385095518192053,3.6188962095058517,0.9652925164564816,0.014718725237765488,0.038877088873534194,0.0434298594671306,0.08867559165688134
F,数据集/数据集/目标域数据集/F.mat,15,target_32k,600.0,25600,8,2048,0.25,0.05469577124968288,3.065212767391838,3.4248415898109195,0.5964826575476306,0.8930368726029447,0.015860131142378324,0.8930368726029447,0.0011031351022454743,0.0019561971693821175,0.03157835114661121,0.04482200777775267,4.6340954549439015,0.921293419068974,0.05443872958218139,0.03916326590591981,0.07502471856227667,0.10694311281284384,3.4023499922220837,0.9589369123459119,0.013194547013461542,0.03198259314383246,0.06825444755060521,0.12437475214395112,4.09042492020978,0.9609654319576187,0.022913210059773783,0.02659807288610305,0.038326022015564745,0.10240933541528495
F,数据集/数据集/目标域数据集/F.mat,16,target_32k,600.0,25600,8,2048,0.25,0.017537653571184978,2.8787429015547765,3.4078947356922673,0.578895945285784,0.8998602927845263,0.015307846269938039,0.8998602927845263,0.0011053765966074134,0.0022409639614075004,0.036970030182420004,0.04627764411512538,4.277196165646314,0.9207020993080474,0.0356585374208683,0.033048292079158104,0.09166832034732432,0.08993764016685837,3.527791853059384,0.9577503947571525,0.018971489852584664,0.03325858893139461,0.054936543307711375,0.14887815029274487,4.121101745361414,0.9644820646636245,0.025633643466670603,0.031159067648866588,0.06152062629552249,0.0808666014530931
F,数据集/数据集/目标域数据集/F.mat,17,target_32k,600.0,25600,8,2048,0.25,-0.009978448324845918,2.913597477532197,3.2441313047887883,0.5735222276502199,0.8891195813078686,0.015830013686480102,0.8891195813078686,0.001083948312059577,0.002084425782745022,0.03990564943715791,0.05130547290222702,4.493921955755002,0.9252521781047056,0.041938274527112615,0.021026636396224863,0.0599246502441663,0.12249206681020669,3.346374624607265,0.9584721627610745,0.017393980353655237,0.02594885769767351,0.06038794535867051,0.10841669051436051,3.6918663895122816,0.9664907740846166,0.020484542616646787,0.021266322016296125,0.05722125386891997,0.08654830077916363
F,数据集/数据集/目标域数据集/F.mat,18,target_32k,600.0,25600,8,2048,0.25,0.009596808580397256,3.0417478525558623,4.16356209491583,0.5881778212017587,0.8872801412437219,0.018210103365275846,0.8872801412437219,0.000976438074907477,0.0020989101069383443,0.04009277402324885,0.0403431769253557,4.001071394264005,0.9283004146957247,0.06382600930558988,0.02991947153069891,0.06486347927130116,0.12781983191371493,3.2493696667971297,0.9528238054966277,0.020600096949889433,0.0471890119676933,0.0754453707581047,0.11782917237514735,3.4297738778073983,0.9660013286123124,0.022137480580815046,0.025230804712489965,0.059399846741971005,0.0761210252836142
G,数据集/数据集/目标域数据集/G.mat,0,target_32k,600.0,25600,8,2048,0.25,0.06373877494886644,2.9375383001976787,3.391796441255403,0.336590131900342,0.7367134044632448,0.13144458999543557,0.7367134044632448,0.01463883075680982,0.012737653728059493,0.14427879692181206,0.10091328171631528,6.358883000630977,0.9242175355635502,0.058330421117349096,0.033850055217219545,0.04887129104457184,0.15866393493415185,4.092097024966736,0.9511989140023732,0.06967819745969868,0.0601672512854256,0.07802427877153068,0.08551872845461038,11.998001969544196,0.8560257092210052,0.10680557134666922,0.11381973364725195,0.126599179794787,0.19697997091645827
G,数据集/数据集/目标域数据集/G.mat,1,target_32k,600.0,25600,8,2048,0.25,0.022302953582960965,2.9086718353605754,3.390179189997979,0.3488031265266243,0.7566478513378436,0.09663307957916975,0.7566478513378436,0.01435456076586733,0.012947908109061719,0.1159827945762054,0.0817567417649301,6.27679454517708,0.9093227085028835,0.0958234042071532,0.05207691558215008,0.04596834188879433,0.14368630641044114,4.7381558161896065,0.9384872175502275,0.08447631589175851,0.07462118666481792,0.07010779335766336,0.09629427413741393,11.800834683534138,0.8632295176858624,0.0983242791464098,0.10251090170136477,0.10564802054447671,0.23292710757972737
G,数据集/数据集/目标域数据集/G.mat,2,target_32k,600.0,25600,8,2048,0.25,-0.09039964028714569,2.8129162813157436,4.08857512353179,0.35710796287249635,0.7632001566571026,0.08630400297709438,0.7632001566571026,0.014947824793948138,0.012844504989334666,0.09252425507637087,0.09236332422195594,5.797152444656373,0.9058301759546772,0.10923887823305234,0.04114143223990902,0.046078494785167776,0.12937114354346804,4.509341173090568,0.9364485918911591,0.08096324759514396,0.08356826663523245,0.07958184058628108,0.08799298069922776,9.346144878499492,0.8599085516928401,0.09752252164009804,0.08589582474292382,0.1350163299618513,0.22508733234895836
G,数据集/数据集/目标域数据集/G.mat,3,target_32k,600.0,25600,8,2048,0.25,-0.06447122746201268,2.833919888940211,4.157687701788474,0.3595505617977528,0.7490502470462375,0.12116054547808264,0.7490502470462375,0.015993386505286082,0.014222589538402053,0.08142123231680747,0.08862256777934774,5.968354021241377,0.9006566425286466,0.11391083435272556,0.03196859374826271,0.05494990747108028,0.11745693452134623,4.11370875346845,0.93615983126324,0.08543864672263558,0.05339428413898161,0.10172813652031944,0.10371483417232574,9.25584330516127,0.8728869140928242,0.12440443853128164,0.05664469717332208,0.13792587039134724,0.17469206273497503
G,数据集/数据集/目标域数据集/G.mat,4,target_32k,600.0,25600,8,2048,0.25,0.019526684616097703,2.918530014728294,3.192796376838447,0.3937469467513434,0.8119996378612367,0.0951657308047759,0.8119996378612367,0.018895485937138648,0.01763115826006026,0.04857529707284258,0.11832617935383179,5.526667847691173,0.9169116507416194,0.08771294892402852,0.045061720378410344,0.05754058106256131,0.12040666164613796,4.141456451516458,0.9404517508473355,0.0573194272563613,0.09198872614176272,0.07360553533196737,0.1276656741153196,5.197959750922269,0.8985174190274609,0.08295432514787253,0.06811754690634457,0.123211012903886,0.1670172121420399
G,数据集/数据集/目标域数据集/G.mat,5,target_32k,600.0,25600,8,2048,0.25,0.03153504018047955,2.918614597847249,3.162778994328727,0.3795798729848559,0.7866484791710838,0.07627611100297378,0.7866484791710838,0.01625983796089735,0.014926998895352784,0.05766332286696985,0.11491054207526764,6.994071900371275,0.9187464503904008,0.0700262239824441,0.056493190017809704,0.04984773815727317,0.15738626372759446,4.303407626410396,0.9504996510528525,0.05679586734220931,0.0569116295759415,0.09330936432127188,0.09968819772460258,6.916568554722185,0.8762077878002641,0.121311754862134,0.08411491164553626,0.14235123740028832,0.1580743875904168
G,数据集/数据集/目标域数据集/G.mat,6,target_32k,600.0,25600,8,2048,0.25,-0.013569030040474838,2.8580723188050055,3.3268166395122654,0.3497801660967269,0.7786013921634825,0.11498632947531105,0.7786013921634825,0.015013656724499596,0.013599503616957219,0.07793825762233951,0.10271998222440677,11.064867710244906,0.9170933987825058,0.05886305188579076,0.03525066155206724,0.07202595398786871,0.18235839250334923,4.407404333298438,0.9248595391376682,0.12216070921925822,0.05526782122779746,0.08968509830816185,0.09666395131889897,9.177527772373672,0.8607154897087587,0.18342792360340401,0.08372255457577987,0.10470682281614194,0.150053549152121
G,数据集/数据集/目标域数据集/G.mat,7,target_32k,600.0,25600,8,2048,0.25,-0.0011588783107901236,2.668921874620639,3.3476157267999556,0.33756717147044457,0.766525030527182,0.0874402820045044,0.766525030527182,0.015617757426169747,0.01397933696247886,0.09563488520665168,0.12327985856841886,9.8717594466195,0.9108500587082959,0.08159940908069946,0.03283367287297839,0.05802293583186191,0.17038625323924053,4.200307118642144,0.9375572945653221,0.089250332439512,0.05881120872189145,0.08076291439994632,0.12096195021094314,11.388294470667972,0.8499512722397206,0.1740824658522054,0.09795476934510391,0.09160971933450594,0.15464281311297504
G,数据集/数据集/目标域数据集/G.mat,8,target_32k,600.0,25600,8,2048,0.25,0.012212356425521842,2.697124764922352,3.5402723208124307,0.3277967757694187,0.7735233459868378,0.08916347744234882,0.7735233459868378,0.015742723409388492,0.0144894956171925,0.1347112850806921,0.11765733777418386,5.485950440717494,0.908596491460318,0.09156702163502325,0.03127653860361651,0.05609849668925917,0.15162389442570678,5.770299188147838,0.952471344497186,0.05442260984673186,0.0374893318876306,0.054537883604443796,0.09963074204487826,7.64078833524936,0.8813944598103537,0.10429263860772138,0.04333750668620415,0.10532272848693329,0.22081409808926966
G,数据集/数据集/目标域数据集/G.mat,9,target_32k,600.0,25600,8,2048,0.25,0.009354318305432858,2.8182116865909053,3.792502081339481,0.32975085490962386,0.7555285240965895,0.09899451789979032,0.7555285240965895,0.014128723246475867,0.012612357806956595,0.15046343125002393,0.10496759626929682,6.365984919703968,0.9208081020064777,0.06531460161184936,0.03294546583936176,0.05477841238551235,0.1521744129960057,5.222277756552584,0.9073226243134668,0.176466683855743,0.04917429306706796,0.04847684188264769,0.0866334021809188,7.815342360743531,0.8664146198972027,0.15683940886272404,0.09567511914609388,0.12427189177426282,0.15472809480850933
G,数据集/数据集/目标域数据集/G.mat,10,target_32k,600.0,25600,8,2048,0.25,0.016493631538919244,2.812925720871642,3.9184664328216834,0.3268197361993161,0.777579088700023,0.07172034467386246,0.777579088700023,0.015689658549194824,0.014592118574648387,0.16439392681230994,0.10872349776210923,5.836262969084766,0.919533041605943,0.03658942138860897,0.058628715602357134,0.05593607880079073,0.15031103233977366,3.9085893933420963,0.9456300795496567,0.07675774627851202,0.04237821600142232,0.05887849301372406,0.10591913567603221,7.608246203727011,0.8501310147654667,0.07164030451142991,0.1351418122926389,0.20250848992860887,0.1577840898840541
G,数据集/数据集/目标域数据集/G.mat,11,target_32k,600.0,25600,8,2048,0.25,-0.05138957518469464,2.950943223288479,3.8616593612747754,0.33707865168539325,0.7665067117767272,0.09553937042973722,0.7665067117767272,0.014806486599020206,0.012571909014541294,0.15965275171606708,0.07419802127747471,6.062082507725433,0.9134328804717964,0.06199347013825315,0.03290363767869717,0.07964205067772087,0.13937682577200775,4.978380203339599,0.9335643865857838,0.10903537913598535,0.05341506573747351,0.05617658554289871,0.09099130078483782,8.537255716711668,0.8603339591426151,0.11270704850308765,0.11034169295771719,0.14410015432874126,0.2050569911489083
G,数据集/数据集/目标域数据集/G.mat,12,target_32k,600.0,25600,8,2048,0.25,0.0354645725034236,2.974948863257519,3.8408292050020707,0.34587200781631655,0.7389594682013113,0.09935400384618574,0.7389594682013113,0.01373706580409226,0.01139408030557161,0.15404024471851382,0.05839469483051821,6.011374687209634,0.9169304038303574,0.08968065472003175,0.020847321448047608,0.07434972532773143,0.11872907191235119,4.882500538015419,0.9408243842884056,0.07219195060814987,0.06416976244340163,0.08232835148862218,0.11306548936496794,8.962736128481396,0.853682405756008,0.11730390061191466,0.10525277167989756,0.1340452123629296,0.2219299383504976
G,数据集/数据集/目标域数据集/G.mat,13,target_32k,600.0,25600,8,2048,0.25,0.08764552254519478,2.9954125806286993,3.3796505245966366,0.3629702002931119,0.7801251647280546,0.08944615021112727,0.7801251647280546,0.016420001943658273,0.015043767529505973,0.1327479995156829,0.07803292432937844,5.268977985255266,0.9195703347819307,0.07337892584732326,0.029716845042365735,0.045915315847222346,0.1447135417066037,4.6861814085623985,0.946608185064623,0.047105170133862666,0.04093393528173334,0.09942114827520097,0.10906502625257262,11.486137545749894,0.8486895965479738,0.10225234394737298,0.10307384045230025,0.15592106781744658,0.1993645350751381
G,数据集/数据集/目标域数据集/G.mat,14,target_32k,600.0,25600,8,2048,0.25,0.06803084429183025,2.97442027873543,3.5930655081730087,0.3610161211529067,0.7485403493917965,0.09418694434273737,0.7485403493917965,0.014728808934048945,0.013219504784450815,0.08980953954627584,0.07180331946150918,5.184488819595023,0.916529341802798,0.0832221823125682,0.050504427334098864,0.06570984157094083,0.11833199697897989,4.49873308008354,0.9459204865417764,0.061250688218864834,0.03372304721951962,0.10313608922285886,0.09835774489012704,12.302449886285206,0.8639004144711693,0.13722788942023478,0.10272486401820019,0.1344963767052029,0.13003430180050277
G,数据集/数据集/目标域数据集/G.mat,15,target_32k,600.0,25600,8,2048,0.25,0.09028155098083492,2.8983375922559893,3.7014326541769935,0.353199804592086,0.7732717578535158,0.11442391354620936,0.7732717578535158,0.01722757572520426,0.01549964536486357,0.0814530580568655,0.09646572862213966,5.399810391788976,0.9050322747095065,0.08776850474266173,0.05171339625961426,0.08260950922650744,0.1387386715334674,4.052328424726549,0.9467007933561938,0.09143675392820923,0.038459907895130235,0.08022549287383701,0.0735266477859526,10.693024654652149,0.8737272764361763,0.13722691364133288,0.09223147080185798,0.11450629559412003,0.16202949191187635
G,数据集/数据集/目标域数据集/G.mat,16,target_32k,600.0,25600,8,2048,0.25,0.05799308304994054,2.84554507448897,3.157843062517561,0.3663898387884709,0.7868781767176244,0.07151581232905281,0.7868781767176244,0.017403765470768415,0.014971186475472532,0.05591769796481099,0.117679409497175,5.909493788317232,0.9151609387100096,0.08194264414322518,0.043868063760218644,0.06479083065934849,0.14929723238998446,4.785912239532873,0.9334316154900649,0.11041107041555678,0.05592038672440693,0.07007463843498508,0.09823509413243962,10.998761983642108,0.8595121912823595,0.17034585784209505,0.06609510152501474,0.1175098345957127,0.1778830990021766
G,数据集/数据集/目标域数据集/G.mat,17,target_32k,600.0,25600,8,2048,0.25,0.09449542897502532,2.8672789807873214,3.1928160022279455,0.3575964826575476,0.7590279218261963,0.12375229906217625,0.7590279218261963,0.015471057418011748,0.013932940628977146,0.06019918509862691,0.1159093265374494,5.475201104933063,0.9018436797011852,0.09674963887364048,0.03384428720019142,0.05455205203470239,0.17092310057546725,4.9814863361707244,0.9453705518960471,0.08019354153583157,0.06758325552774543,0.07904436953215868,0.0782680029440888,6.691498965156061,0.8913456927533958,0.0775077049452377,0.08289892250901014,0.11729874498142055,0.19285477024274683
G,数据集/数据集/目标域数据集/G.mat,18,target_32k,600.0,25600,8,2048,0.25,0.08338601737088423,2.9314902920730233,3.2331586838324204,0.34831460674157305,0.7749577319681835,0.08410450833335933,0.7749577319681835,0.015477294090899906,0.01367964481015081,0.08683345610871211,0.1199237786067078,4.948683695177879,0.9026256846142645,0.10459655150574272,0.04167419129636422,0.06425472721720661,0.15144072142270165,4.080792955982635,0.9495704455517323,0.07541870832793035,0.040795691239044966,0.09412157880503463,0.08382548420390895,8.410719988805738,0.8635938028843683,0.1086392666119815,0.07666980905284776,0.12016058925708305,0.20438995491671236
H,数据集/数据集/目标域数据集/H.mat,0,target_32k,600.0,25600,8,2048,0.25,-0.03238937363775535,3.3973598921322146,3.8707688296548968,0.7308255984367367,0.6007746899824395,0.16324091352263756,0.6007746899824395,0.0005054699144107889,0.0009533960135220561,0.0029030972806615035,0.03603547326794258,3.5125159335142677,0.6293508545089144,0.008421927032095515,0.0056259154673862066,0.014330695683793618,0.3691605855530403,4.0005511859071845,0.9483439699799423,0.016935493409071536,0.02708955907036962,0.022774989835935965,0.08750615825851343,3.786547515755929,0.9545509315391216,0.017153294303029164,0.032202249717191135,0.06704763189979354,0.13382563627102184
H,数据集/数据集/目标域数据集/H.mat,1,target_32k,600.0,25600,8,2048,0.25,-0.1629184373906402,3.771131166128333,5.789059206133849,0.7210552027357108,0.6016326775652208,0.16114835962750504,0.6016326775652208,0.0004978063188016653,0.0009093999280717548,0.003695867214436439,0.026555645183549196,3.6630996266312548,0.6288475494117234,0.008511440674011652,0.0074725265096853895,0.012139710848994244,0.38007204210779144,4.048918067522123,0.9403303272051868,0.010873286837776,0.01962845031077784,0.0204578913076968,0.10607464415401899,4.374041448951773,0.9565889890029972,0.01834952382092435,0.024066013516747718,0.07329553721321222,0.14330354269962936
H,数据集/数据集/目标域数据集/H.mat,2,target_32k,600.0,25600,8,2048,0.25,-0.300590007167854,3.7749532425763936,5.82449783405765,0.7112848070346849,0.5923653000084843,0.16120772328517413,0.5923653000084843,0.0004765521897273134,0.0009175969735077816,0.0030748435589856176,0.027272095422568057,3.5142952672193384,0.633101020899433,0.0034573705760814802,0.009369738786961668,0.013263207798828492,0.37780365775095487,3.76282354744755,0.9291199142285422,0.013199305060102872,0.014811562423549949,0.023982613327173,0.12576834671946815,4.6800412539240375,0.9452294345057629,0.024102334917432307,0.025306401339098478,0.054962937992267896,0.1508998744737263
H,数据集/数据集/目标域数据集/H.mat,3,target_32k,600.0,25600,8,2048,0.25,-0.3520826921966598,3.387331636157829,4.3111113162132755,0.6790425012212995,0.6129611478480214,0.15821710990613388,0.6129611478480214,0.0006961552365612571,0.0011554495101908822,0.004058726248725581,0.0409309744164934,3.3792023485647387,0.6315720543257258,0.006123758308774933,0.008352828382362452,0.015069939408071246,0.39929982578140444,3.575585518201931,0.9343967366952042,0.008422208638879353,0.021073991954506495,0.035327803644650185,0.1283046492348783,4.8080638428893065,0.9561886143207546,0.025192782793383866,0.030104161251276112,0.06062179241948645,0.11164807918395697
H,数据集/数据集/目标域数据集/H.mat,4,target_32k,600.0,25600,8,2048,0.25,-0.4384014535784328,3.4553100669247168,3.762598820218658,0.6638983878847093,0.6105605170496329,0.1495755409771957,0.6105605170496329,0.0006464632219341088,0.0010386293056639162,0.00391348539374558,0.05067577489062652,3.486033139392472,0.632024252425376,0.005475126991281062,0.00518054744132695,0.01189041717810044,0.3826356872879992,3.5398660449008705,0.9417415369832225,0.0229355013635814,0.023269361144130765,0.030149520180834898,0.13679496287383272,4.368589902397365,0.9508354628890258,0.02006056461229096,0.04163097369872018,0.06534737330185056,0.13090461088141678
H,数据集/数据集/目标域数据集/H.mat,5,target_32k,600.0,25600,8,2048,0.25,-0.4108642653614906,3.596982065251462,4.072789296465618,0.6712261846604788,0.6147962241790923,0.15415128045310436,0.6147962241790923,0.0006737352596525429,0.001164100055627029,0.003857175090462185,0.0422619380703453,3.454952245870958,0.6333139666262853,0.004305618814961739,0.004328094151616814,0.013526103576139923,0.37501625434428465,3.1272339772420112,0.9392159367761096,0.013391402018139447,0.019891223588483744,0.046006798986657875,0.12567772857387013,3.72763263005797,0.9432858013502795,0.017586075056494937,0.04071349716889193,0.05303732493138684,0.15312749992872418
H,数据集/数据集/目标域数据集/H.mat,6,target_32k,600.0,25600,8,2048,0.25,-0.2870314044260282,3.5848415494243486,4.077190425816408,0.680019540791402,0.6006671787111173,0.16872188967009186,0.6006671787111173,0.0005715363584540817,0.0012045791960623863,0.0034704933216023635,0.029651106816807667,3.46142377492011,0.6357347909169028,0.0060145083234641435,0.008155864290957743,0.012050729997885345,0.36484722016844595,3.624423067224329,0.938855276756248,0.022140282070647922,0.021386504489297378,0.025261256675920434,0.12138406511214317,3.707993333162169,0.949587217539205,0.016937913265913495,0.03232266875385045,0.05417979486627601,0.1491127392010222
H,数据集/数据集/目标域数据集/H.mat,7,target_32k,600.0,25600,8,2048,0.25,-0.2784515181865384,3.5113149535024606,4.108312727596381,0.6824621397166585,0.6076149672342629,0.16284349583699895,0.6076149672342629,0.0005845570644690668,0.0011219331073670906,0.003376798825708276,0.026596585259399112,3.8522244592931756,0.6421549454455737,0.0072969959568494535,0.01097046037128707,0.014148752356553551,0.37004126875971455,3.627823980948322,0.9347183673116374,0.03858972353553574,0.027931626481255196,0.027776737973318477,0.12889849854567706,3.81610819966443,0.9477528662674537,0.015841501908169405,0.02762368076726628,0.0430197218463987,0.1343746724059065
H,数据集/数据集/目标域数据集/H.mat,8,target_32k,600.0,25600,8,2048,0.25,-0.30868407304899903,3.4557953526613647,3.3673725487746555,0.6897899364924279,0.6066814183116666,0.15705599960466024,0.6066814183116666,0.000440661100859153,0.0008396993694136089,0.00422455533223468,0.03467496171005676,4.382173479152551,0.6380897216101306,0.008912251921706726,0.007473050228968173,0.017324844868757718,0.37065994928955115,3.5271298544580176,0.9342981954069081,0.03100556087396748,0.0235157161360496,0.043396019437733274,0.11627459910908403,3.9142699574009012,0.9580193757639471,0.01648326653943968,0.022311161866345106,0.04606910603447055,0.14011796180704206
H,数据集/数据集/目标域数据集/H.mat,9,target_32k,600.0,25600,8,2048,0.25,-0.34009906756164676,3.4532296822431174,3.80977971987564,0.6961406936980947,0.6054924134138919,0.16145400281254604,0.6054924134138919,0.0004894354795320946,0.0009428862258958881,0.0034122718891297175,0.0411505546643345,3.4240845889179883,0.6320841549467799,0.009751329059084317,0.006706424537502277,0.013623922329698281,0.3828426593950971,3.8416813917629704,0.9296826162324724,0.017840636299079306,0.018579529159235733,0.04206416581519633,0.1449238267697966,3.8383491830707164,0.959743199280856,0.02842802703266708,0.02269942156699499,0.04482742791104411,0.15006424843160676
H,数据集/数据集/目标域数据集/H.mat,10,target_32k,600.0,25600,8,2048,0.25,-0.5166972434915119,4.302574194276341,6.3069781701919325,0.6819736199316072,0.6110351560674758,0.1642941969072036,0.6110351560674758,0.0007387218096424891,0.0014572766130194988,0.0033566322727845888,0.0449162232032066,4.017156746281557,0.6376718558984372,0.006123346429556035,0.010115144569540097,0.010926311523794769,0.380484774610661,3.7765756980547605,0.9381712403876631,0.012806961075157525,0.020158977160604264,0.033138595870053536,0.12803247405880525,3.602917675629298,0.9568222418723934,0.029192321630529067,0.02403514753834474,0.06514324861064798,0.1208590716599443
H,数据集/数据集/目标域数据集/H.mat,11,target_32k,600.0,25600,8,2048,0.25,-0.4828325321741925,4.245703805924593,6.211738335828156,0.6648754274548119,0.6071369324523387,0.15853426225595857,0.6071369324523387,0.000592711260512169,0.00116897562898994,0.003287250277973495,0.04689215701153002,4.051384486648329,0.6316064309439094,0.008358569882589227,0.007356935523625465,0.012494166139870108,0.381927082723862,3.5393729753393566,0.9469304280532678,0.022254729823433222,0.0242274785652849,0.025613645667054888,0.11987517715036912,4.154818667835955,0.9586109177289671,0.02961616102979479,0.03005024651763806,0.05128411377000808,0.10266296807611602
H,数据集/数据集/目标域数据集/H.mat,12,target_32k,600.0,25600,8,2048,0.25,-0.29232842939061304,3.627969937309652,4.037577575082491,0.6619443087445042,0.5999510287227978,0.16574862645954985,0.5999510287227978,0.0005484734149719388,0.0007459684221628355,0.0029788162506989737,0.04296696478771208,3.7009974916609867,0.6364044156460911,0.00912833738408716,0.0073830807127245315,0.01869192211738039,0.38819227102990944,3.5156729452695106,0.9458480124424946,0.019066027400352903,0.021394028889474576,0.043064891389292155,0.11703433585938607,4.3435914245608185,0.9536982257961898,0.022791660953721236,0.012029514444176723,0.048352777581472946,0.13247024649637448
H,数据集/数据集/目标域数据集/H.mat,13,target_32k,600.0,25600,8,2048,0.25,-0.23595754689358062,3.565033064679004,4.133737614953706,0.6658524670249145,0.6059517261521801,0.1607520935185053,0.6059517261521801,0.00047540102021801625,0.0011667539409858047,0.003078897542117821,0.03262039884116545,3.5323013697944585,0.6233849187234436,0.007387771454942821,0.008932711711899688,0.021457519736647647,0.38850515752338793,3.951862368089154,0.9391661799200378,0.017671181276771867,0.028642793336126945,0.03960598721298409,0.09688564233704233,4.02106710687232,0.942120015801972,0.02332401073802688,0.0249657846556137,0.05877266202502089,0.1512823044494488
H,数据集/数据集/目标域数据集/H.mat,14,target_32k,600.0,25600,8,2048,0.25,-0.2412382994615588,3.4992287358914935,3.256056860405312,0.6814851001465559,0.6057101433093646,0.16589457648842645,0.6057101433093646,0.000567480851540847,0.0009405127082404071,0.00449318223385995,0.028552191102736078,3.4679065670897304,0.6245217102183059,0.006310607911649558,0.01114335465156711,0.01559888393090927,0.3987059269141105,3.920602949270855,0.9402067139280389,0.011562198832665438,0.03249498414729503,0.04311085784446143,0.10866288212541106,4.313724616231985,0.9529657264599981,0.02424252540712199,0.02311539083076405,0.06189442183267252,0.12732626678383469
H,数据集/数据集/目标域数据集/H.mat,15,target_32k,600.0,25600,8,2048,0.25,-0.24875640399644972,3.613097219944229,4.309324233724904,0.6912554958475818,0.5871706967334293,0.16790051908437972,0.5871706967334293,0.000471082060813196,0.0008569054358000594,0.004487297543332953,0.03128965071094614,3.700746108868586,0.620032594103195,0.00371735095990558,0.009922582702430691,0.013406048637287591,0.384117823317679,3.5479968787564826,0.9307092155369048,0.013654313152617534,0.01830879025266635,0.030654488226149638,0.1115673665487738,4.188241779248418,0.964608764736448,0.01405678109998367,0.016177248849728845,0.055143680755637386,0.1192829042490063
H,数据集/数据集/目标域数据集/H.mat,16,target_32k,600.0,25600,8,2048,0.25,-0.25453125001440785,3.6262060988669576,4.25420428820016,0.6765999022960429,0.5910007946614015,0.1676164348966551,0.5910007946614015,0.0005473496730445182,0.0009694125296863853,0.0029995683770862756,0.041882855729907555,3.881093848579332,0.6260790861720315,0.00547864305377203,0.008635116106043731,0.012683593026443203,0.38713933768540104,3.4607401858048474,0.9387951851472783,0.015678992745192223,0.032135535741118555,0.02543197888204046,0.12201760241772452,4.160693068557597,0.9570551222679419,0.029738505653560947,0.023004263280037004,0.05434141263661595,0.13595171568291356
H,数据集/数据集/目标域数据集/H.mat,17,target_32k,600.0,25600,8,2048,0.25,-0.29426657438800613,3.7205205561909285,4.360933398425863,0.6526624328285295,0.6081060617097241,0.16026393353768098,0.6081060617097241,0.0005723765943030577,0.0010502763072703875,0.004035971532829154,0.049787427182052625,4.17207525935702,0.6356451896679464,0.006604436107533775,0.0097218988666456,0.013539151223951617,0.3835695363291412,3.363484938567643,0.9478892624346487,0.023304227443910672,0.028398564267368042,0.04076587428850184,0.0986603970163882,4.14834273203804,0.9582204098859048,0.03510208938818589,0.012597037180133103,0.04834917301046728,0.13464010456229492
H,数据集/数据集/目标域数据集/H.mat,18,target_32k,600.0,25600,8,2048,0.25,-0.19113107652031014,3.558235998968727,4.3303540969313685,0.6619443087445042,0.5968452542230945,0.17674497768247344,0.5968452542230945,0.0006023411659208471,0.0010921414394067755,0.004518800273803007,0.044399962419633614,4.021805334700342,0.6238369389334801,0.0043785727769843855,0.008055697215938965,0.013479604141254178,0.37801804297085995,3.7701993933227382,0.9379081738465596,0.0188092654502094,0.024617857633772434,0.0364474457156686,0.13286952047923054,3.984872874790017,0.9614675284091979,0.02651561540801891,0.02995491147761756,0.061013207591527535,0.10436403426058317
I,数据集/数据集/目标域数据集/I.mat,0,target_32k,600.0,25600,8,2048,0.25,-1.5700910747171843,20.06567295238571,10.581019038390194,0.5764533463605276,0.8837974418588207,0.04175973659983467,0.8837974418588207,0.002000474954777511,0.0015889313146919485,0.014383660208740762,0.0673610829653,28.591750090408077,0.8030903407512708,0.16954385231267802,0.0934375066735438,0.0813742371513087,0.1953630145395302,11.523822116054115,0.8827696609820495,0.13069992489230403,0.06601948071590778,0.06455859444291027,0.18312496856965446,28.632331581124426,0.8624547782126507,0.09978292851514102,0.03453223327728007,0.067407239533613,0.2312942868383163
I,数据集/数据集/目标域数据集/I.mat,1,target_32k,600.0,25600,8,2048,0.25,-7.772486877526082,188.4224660248799,24.69246879393606,0.5818270639960919,0.8844870890459264,0.044119796905423586,0.8844870890459264,0.0026771442250759616,0.0023592581138522964,0.015553207491543167,0.07056338555199435,29.252478895502,0.7896720769455129,0.17795415614756302,0.08901729731821921,0.08964460219508674,0.19520195769400672,30.272699840528134,0.871438700180448,0.15090592981657888,0.07840653710922478,0.06562852029810347,0.1461088529094239,27.615090826864844,0.8407035301874649,0.10889438305758219,0.029895953136101362,0.08864915032918057,0.2281666004216447
I,数据集/数据集/目标域数据集/I.mat,2,target_32k,600.0,25600,8,2048,0.25,-6.827415155720642,142.68700235978147,22.333171089845354,0.6008793356130924,0.9325024175324876,0.03395912916454369,0.9325024175324876,0.005744002289088693,0.006148739608245169,0.022437844501151796,0.07251656691136528,144.03076565081395,0.8120725004299282,0.160178083192112,0.08776684478435148,0.05324051758011641,0.20699286759344646,43.21967825673127,0.8951306374357267,0.12444150753696039,0.06802025976921856,0.04938358706620019,0.154148345636471,25.012490034246355,0.8270274107903307,0.12858563341768953,0.02728578169371123,0.07836873303317507,0.2260838343424857
I,数据集/数据集/目标域数据集/I.mat,3,target_32k,600.0,25600,8,2048,0.25,-1.8001159671873548,31.5249727020065,14.268973095154198,0.5984367366878358,0.8990806569843479,0.036963377225975584,0.8990806569843479,0.0020054721408540193,0.0030327949919567933,0.01274038636513314,0.0644127953928117,30.54848468835361,0.811424758868097,0.15264564526641647,0.10364054230077921,0.08578161982447496,0.20243148030465538,15.21656600693636,0.8889656193562536,0.12601026147471286,0.08076712796879662,0.06179912599703415,0.1464355145764719,28.0624010646629,0.8514603041446024,0.1012058980711234,0.03843973608300857,0.10281051853480631,0.2219998060984312
I,数据集/数据集/目标域数据集/I.mat,4,target_32k,600.0,25600,8,2048,0.25,1.5000444996530047,40.89563440294375,15.877116832799125,0.5710796287249633,0.9159594986910907,0.026602070301007242,0.9159594986910907,0.004457167115018103,0.005987221126499568,0.014085904212141289,0.07047572886631988,34.66917107670914,0.8108247461603821,0.17139871205872162,0.08137620679931168,0.06537761485488541,0.21709243368260397,15.140240150201286,0.8967178521009577,0.11975543299390108,0.09105370185019689,0.050457243532050826,0.12994133640002725,27.91877851759475,0.8528987012635241,0.10086446091261408,0.0343270823042305,0.09082632309124407,0.2245651671008273
I,数据集/数据集/目标域数据集/I.mat,5,target_32k,600.0,25600,8,2048,0.25,1.7002025759596204,43.14288983236741,16.063016149371954,0.5735222276502199,0.9241785505149053,0.02679341818474326,0.9241785505149053,0.00414233413380366,0.004933784246369855,0.014850957505415124,0.06270169635829323,26.315802340333697,0.8118575556324515,0.17013793687232662,0.09230826189610872,0.08016131321511251,0.2188183133583691,20.675898037826002,0.9043950802171127,0.09657749785193114,0.05875175193788919,0.04666127446552434,0.17993356158849888,23.658021320068073,0.8396527725621385,0.11317222926924289,0.030227344853420532,0.09867105523920502,0.24365517160134226
I,数据集/数据集/目标域数据集/I.mat,6,target_32k,600.0,25600,8,2048,0.25,0.20902796623036912,15.300760837823354,8.999016804351676,0.5881778212017587,0.8878872292572543,0.035729257121149764,0.8878872292572543,0.0018835669279934288,0.001414806477589962,0.01305268397469924,0.0626183196244706,26.766217596179374,0.7982377896765207,0.1775445610226919,0.09131963899007994,0.07761917809087783,0.2098659363441088,24.88500343445533,0.8943525007818544,0.12187796447423022,0.06650819814011678,0.052771530369144115,0.159899749294193,23.271237024070082,0.847047509657787,0.11075939228857251,0.020305936330521943,0.07954765239829747,0.22263957727437303
I,数据集/数据集/目标域数据集/I.mat,7,target_32k,600.0,25600,8,2048,0.25,-0.15878670453643318,22.41099782564248,11.135312834174096,0.5544699560332194,0.8967427030249537,0.036675714303939386,0.8967427030249537,0.002509193643413852,0.002346008672907782,0.018206104888387142,0.0682651595441138,29.883633630818533,0.7981098622376347,0.16712593140009385,0.09713543953888702,0.07133292935854814,0.21734703455255008,13.356054683616504,0.878282267722606,0.14738630861750435,0.08663364570882431,0.039186784962662535,0.14009359833301188,27.151166446770652,0.855132399102355,0.09488101499000114,0.042080249285129316,0.07590856426863887,0.2323382455924731
I,数据集/数据集/目标域数据集/I.mat,8,target_32k,600.0,25600,8,2048,0.25,-1.7796634319475348,27.223489966834254,10.776494575064662,0.5300439667806546,0.9036127855430027,0.034307035008491575,0.9036127855430027,0.0028016562680071807,0.0019867510753891703,0.02501953254059819,0.06977616426849947,28.052856250009384,0.794276278522764,0.1811072670242897,0.08699074972244351,0.07026790806656896,0.21763185829923726,12.587446639722575,0.8774525552728907,0.13493023582135663,0.06884008821636801,0.051888419614119455,0.18153426039013684,27.266555772862713,0.8414023664880232,0.12052530424431246,0.026498003391366258,0.07121217288606463,0.22540952662657704
I,数据集/数据集/目标域数据集/I.mat,9,target_32k,600.0,25600,8,2048,0.25,-1.4116466507822396,20.804300650569132,9.86900958822713,0.5437225207620908,0.9144623905184768,0.033037338298320236,0.9144623905184768,0.0036395338474625267,0.0036470367339084602,0.02601119517690354,0.0659108329601471,27.531349771268253,0.8073969064015372,0.16374748391984026,0.07630143074932216,0.047713077655046975,0.22574165651490707,13.879910632837863,0.8719956722452377,0.15341422229701338,0.07536413647543751,0.035435191367776245,0.17225205941536983,29.260398780781173,0.8326227500331002,0.13473767647999277,0.029376499332143292,0.05400023292745999,0.24014198162481795
I,数据集/数据集/目标域数据集/I.mat,10,target_32k,600.0,25600,8,2048,0.25,-1.0952220150524665,17.430468865459485,8.280703391537012,0.5476306790425012,0.9174357294116051,0.025876258404809546,0.9174357294116051,0.0033773716547425814,0.004271394453722153,0.02491518141358445,0.06937880484785339,26.62369984016598,0.8038446767206392,0.16577210065202622,0.08278405436734346,0.06816027454093124,0.23106770726770368,17.289674212728983,0.8916582041968582,0.12959465771419607,0.06393272056592614,0.04075775389202822,0.15910942528925598,30.33488961340959,0.8469955664045518,0.12024180870715459,0.03210904187609378,0.08534421883573463,0.23236354389859679
I,数据集/数据集/目标域数据集/I.mat,11,target_32k,600.0,25600,8,2048,0.25,-0.8653767329967029,20.88278050163414,8.980492391731323,0.5393258426966292,0.9302442600679575,0.022566412876623552,0.9302442600679575,0.006410147220151532,0.007109828669432868,0.04096988618204216,0.08883611140768614,26.656635912779286,0.8118464874450901,0.15780953199478934,0.08635833980713464,0.06423539135930917,0.21695366974928187,17.10142803433175,0.896185926907299,0.11487449665975093,0.054022017725516173,0.053949865613800684,0.18922090357351756,31.65482155705359,0.8476819169693223,0.10091805553033462,0.037380812938422464,0.09348131719066129,0.22487124284971885
I,数据集/数据集/目标域数据集/I.mat,12,target_32k,600.0,25600,8,2048,0.25,-0.8817238126139119,21.298243266150454,8.953679561020238,0.5549584758182706,0.9134817525633451,0.031884384170234245,0.9134817525633451,0.002719308749858101,0.003421537614245707,0.030244586382384257,0.06680657609742248,25.670795147095895,0.7815081499759537,0.1845714753978185,0.10287035715478994,0.07044190315098546,0.22994742891333003,21.43525732690206,0.8817930240973502,0.13805019635879137,0.07972631020283798,0.06615449572849505,0.16699576823911777,30.239095582264433,0.8515504606421326,0.11475160544488633,0.02532724558989277,0.09511827606389571,0.21597191825638745
I,数据集/数据集/目标域数据集/I.mat,13,target_32k,600.0,25600,8,2048,0.25,-1.32171206346271,18.556963189768314,8.480660467099987,0.5378602833414753,0.8915533984413292,0.04373481150443752,0.8915533984413292,0.0022684409284136177,0.0034386391684884774,0.02240738769397977,0.061075680345215135,29.68555485808647,0.7954223695779755,0.1650666279299185,0.08803319659905802,0.0620126916483798,0.21908003854226038,22.85548526773675,0.8968742005446957,0.11312850611077704,0.06753782308798138,0.07684186938659658,0.13926547075224366,29.026583135685073,0.8507233432098612,0.09504516807405645,0.0329993896596277,0.09880622404440903,0.22688883278052335
I,数据集/数据集/目标域数据集/I.mat,14,target_32k,600.0,25600,8,2048,0.25,0.96955062369936,37.25359406084795,13.858349008097637,0.5329750854909624,0.9066124302512871,0.03434912659451493,0.9066124302512871,0.004559184763379998,0.004227017797508948,0.016669632594400543,0.061854943060337,30.317027555683755,0.8036496707829454,0.16462724135952608,0.0975596813957038,0.08673357507457732,0.20014211536892676,10.978888852987415,0.8821304072493303,0.13074999253388314,0.0686917313771671,0.06553912814743108,0.15472631301160708,32.19697360266444,0.8592708913993415,0.08239461518297851,0.032963977204776465,0.10138792113045707,0.20132595380774002
I,数据集/数据集/目标域数据集/I.mat,15,target_32k,600.0,25600,8,2048,0.25,0.4893042656519583,33.517340217400196,12.82842016211036,0.5471421592574499,0.9117543591797517,0.03449112047806977,0.9117543591797517,0.004293891418688136,0.005892475508505077,0.025650058114072567,0.0627741308123097,26.86252411375773,0.8108242576574928,0.16844925422147883,0.08390525220834338,0.0786116861811769,0.21272726880025972,14.002697862122446,0.898704391165358,0.10899418838375784,0.07047050207926647,0.04269857742692674,0.17472680013533173,31.46541497202144,0.8487113199783869,0.0958876259311148,0.029011786388642727,0.10208252029401964,0.20889450704627854
I,数据集/数据集/目标域数据集/I.mat,16,target_32k,600.0,25600,8,2048,0.25,-1.150714998075489,21.90790890954586,10.513648265726609,0.5808500244259892,0.8834840925038691,0.04584357009122062,0.8834840925038691,0.0027938708558105946,0.0036712905748186317,0.027128629823253664,0.06183800055167159,26.020038567141548,0.8096359491857669,0.16754265840104174,0.08659445675636586,0.054315875060231854,0.204400711784478,19.034457975503514,0.8962653112371463,0.11814829630119099,0.06706489689261716,0.05054146685557887,0.17460292316797452,27.09502740806938,0.8414069083795942,0.09314543911704341,0.024867588226562144,0.09643819020735633,0.2398884773398101
I,数据集/数据集/目标域数据集/I.mat,17,target_32k,600.0,25600,8,2048,0.25,-1.4980048291925827,20.894805054814306,10.144395447489403,0.6028334147532975,0.9039751975181036,0.03481028783604483,0.9039751975181036,0.002691257028229893,0.003640350763857446,0.020049114138955416,0.06707870177658151,25.12844514263811,0.7988669349172755,0.17745595706287026,0.10614828380143049,0.06365503189356696,0.21864290019014138,19.67280122939167,0.8871680585425891,0.12784499427953558,0.07919956065112556,0.04982442138109671,0.15557484728347623,23.886367577596157,0.8396218336617838,0.09943726993786293,0.0235338267371443,0.10171802547841056,0.24425809164953186
I,数据集/数据集/目标域数据集/I.mat,18,target_32k,600.0,25600,8,2048,0.25,-2.2456794934708575,25.696673407013748,10.751310454607463,0.5896433805569126,0.9219692786273983,0.0324895883050008,0.9219692786273983,0.0030264080075056194,0.005911137140567606,0.021389447549492537,0.07082400290711705,25.859824004733195,0.8124975040769734,0.16071429077195337,0.06842981600254174,0.04983022288793609,0.225418621010101,18.13349350789501,0.8859616914091506,0.12567245813993774,0.07427874865212131,0.05435964425479827,0.17554006746641596,24.175103290657017,0.8460354005015484,0.1097483225457187,0.04029399753878163,0.09003874197550951,0.22657578261796577
J,数据集/数据集/目标域数据集/J.mat,0,target_32k,600.0,25600,8,2048,0.25,1.2772055255687056,25.222288495114785,12.423536298980332,0.5686370297997069,0.9015808172113682,0.033258099843468746,0.9015808172113682,0.00282365579299732,0.0037474083491605206,0.02070050192213284,0.04999465290741473,31.868541926918166,0.8258080793821024,0.14188405340716376,0.07901406877971837,0.06396289008679193,0.21033357354075138,19.363491605788077,0.8876925333150385,0.09985620024194103,0.08942864377116666,0.08148756209011132,0.1808293839138086,37.02839628534748,0.8229777089226864,0.10443199251080902,0.02802774419684477,0.09512275325115888,0.25014601501122585
J,数据集/数据集/目标域数据集/J.mat,1,target_32k,600.0,25600,8,2048,0.25,1.4640053918529048,43.282957855175574,15.982022604500413,0.5300439667806546,0.8823516387910623,0.03706857476069103,0.8823516387910623,0.002189701038866081,0.0025966291247665222,0.018126392800769678,0.0480989953844675,34.4448279518864,0.8105142771237456,0.16146230009291496,0.0888241828889504,0.07705525090343934,0.1849295627052327,21.110742739077043,0.880812772203771,0.11376736557192221,0.08069848387533941,0.08434238219219561,0.14374990507931226,35.06417084185801,0.8252513950661674,0.10078999639438514,0.028412165447762587,0.09056938600860633,0.24503596684314796
J,数据集/数据集/目标域数据集/J.mat,2,target_32k,600.0,25600,8,2048,0.25,1.9082520217311185,55.820588631084775,14.966576333478802,0.5520273571079629,0.9242788649053257,0.025987708161054623,0.9242788649053257,0.004160576915240495,0.004935601273116348,0.019944514524121507,0.05337152987794664,33.24988687083125,0.8176397798706623,0.15957620372267478,0.07446185730713734,0.04991851295747629,0.19126630107539733,24.184553622330014,0.876092598105489,0.1202759628708373,0.09433833808717881,0.05086433514352925,0.17947499016950763,33.8551281318188,0.8118102535295577,0.11329649921577928,0.018177510744922968,0.06025189964703848,0.2626742634858141
J,数据集/数据集/目标域数据集/J.mat,3,target_32k,600.0,25600,8,2048,0.25,1.0598613715777412,46.029226290069595,13.40621716815889,0.5886663409868099,0.8903591884673288,0.037221853948628446,0.8903591884673288,0.0028783246534128137,0.0035164684634211075,0.012883022012036312,0.04245395415806283,32.21687200954623,0.8137575451969568,0.1640450791075855,0.08606748082712197,0.06455111622736688,0.19522986352736027,21.37353607716903,0.8804862970239705,0.11191662680747955,0.08021232344475976,0.06647279859345402,0.18546218770809508,38.86481853305546,0.8201471167586574,0.10281276445926409,0.02843347629068442,0.09378403880794142,0.25296795000416716
J,数据集/数据集/目标域数据集/J.mat,4,target_32k,600.0,25600,8,2048,0.25,-0.6463078302835515,40.18067249569591,13.19616714495502,0.5740107474352711,0.8749066599173064,0.03924945521493051,0.8749066599173064,0.002575554830062188,0.0029372119919443525,0.014077355939833405,0.05107845992301803,32.472105474421916,0.8049173280082885,0.17268417616222947,0.08976257726734636,0.05058728971986821,0.1860259704689226,18.256093651227218,0.8715357012957816,0.12450261687402227,0.09436842183705157,0.06043529227463927,0.16607186127858442,42.22259936550659,0.8204063422000336,0.10932136755939022,0.028261736937041985,0.09133219225298925,0.24970280513782092
J,数据集/数据集/目标域数据集/J.mat,5,target_32k,600.0,25600,8,2048,0.25,-2.0807785440322064,31.94818128072798,13.92325011268418,0.5583781143136297,0.8845304881493661,0.040074374374846414,0.8845304881493661,0.0015586366414725723,0.0026127165627102345,0.012095216892678382,0.05602817090157546,35.601417292737935,0.8051371370032477,0.1774575477974832,0.09606514006107672,0.07718650449193669,0.18589929333324842,17.1283830546874,0.872463840345652,0.11877401584271956,0.08055401907906097,0.07893007425758351,0.15272484194548558,45.7190415332612,0.8328214750313546,0.10811970291615873,0.03150991392230981,0.07274445451297018,0.2542243692951784
J,数据集/数据集/目标域数据集/J.mat,6,target_32k,600.0,25600,8,2048,0.25,-0.8908116954401051,16.653372931316365,9.69115839271847,0.5652173913043478,0.8766960714339008,0.03593021084938002,0.8766960714339008,0.0009050579979113902,0.00066642675932387,0.007824357482385705,0.05431872814236222,34.8775315846302,0.8025070521513887,0.1811009310369835,0.09264300474002615,0.06778717143730231,0.17224281046787096,20.46703157933086,0.890910395564596,0.11018676246539241,0.08108402604661438,0.07713167034436401,0.15733550674422753,44.10946703914461,0.8248545367507354,0.10477140187219726,0.030026587157740852,0.07294894550277468,0.25744487656694104
J,数据集/数据集/目标域数据集/J.mat,7,target_32k,600.0,25600,8,2048,0.25,-0.8374473994822685,18.11161179187559,9.68300098314271,0.5647288715192965,0.8900597943565356,0.0346156580494781,0.8900597943565356,0.0017077552354363885,0.0014530745122790832,0.011256196441858962,0.05604224122348211,31.455588705166463,0.8048996610491626,0.1672463115284381,0.08586161766202556,0.07316465639236454,0.18621161397998304,19.30383107380479,0.8777723217027361,0.1261629621751118,0.07812444864711396,0.0785250464111285,0.1502227469621669,37.119854515041425,0.8274488334588697,0.09448042186677999,0.024432763094873886,0.08943643986592452,0.24657746378436649
J,数据集/数据集/目标域数据集/J.mat,8,target_32k,600.0,25600,8,2048,0.25,-0.728623733231647,18.681548872782365,9.894730851591879,0.5593551538837322,0.8561212220973579,0.04719933473245633,0.8561212220973579,0.0010808113195192573,0.0010572692459366448,0.008778062513791499,0.05731513197621415,33.647869946737366,0.795098263740807,0.1626708405724696,0.08454430135199233,0.06902570541736448,0.17937019810300076,13.099186637709742,0.870877492663702,0.14795795010521648,0.07708732533177137,0.08227637808841953,0.14169256387152226,40.430362524892224,0.8189780594777851,0.10375525835327289,0.03116844524570147,0.07135749001476727,0.26023196328710335
J,数据集/数据集/目标域数据集/J.mat,9,target_32k,600.0,25600,8,2048,0.25,-0.6298345486893996,16.029353466331006,8.418817076042167,0.5681485100146556,0.8606862916999285,0.0443115122779726,0.8606862916999285,0.0008766432422551776,0.0005440421563347339,0.007988000767205568,0.05282380449501646,36.566848611642506,0.8013629014412696,0.17204279700870778,0.10624765304931968,0.08672404504463999,0.15555503493273765,23.498874368209485,0.8682192006168575,0.12479531594109818,0.0976361334912049,0.05812639389577271,0.17217930255436167,46.21560341203447,0.8339277403041879,0.0997927099114559,0.03066992953491894,0.09729419426205567,0.24522466123784556
J,数据集/数据集/目标域数据集/J.mat,10,target_32k,600.0,25600,8,2048,0.25,-0.6365979625453974,14.792275157204786,8.160825287838316,0.5744992672203224,0.8651823376404039,0.04038831310720183,0.8651823376404039,0.0008892779862677119,0.0005987422724046822,0.009571456525815826,0.04954314911101607,33.23838067579245,0.8060627894313429,0.15889160971435504,0.09059561560233222,0.07433920630434337,0.18427037112054856,22.45493905580266,0.8823581790038026,0.09617941960199007,0.09364048317236064,0.059094936762104144,0.1811794088038677,41.53246443969455,0.8191963338622353,0.11255500032928017,0.027677051297607513,0.07236830547452065,0.25172604076947747
J,数据集/数据集/目标域数据集/J.mat,11,target_32k,600.0,25600,8,2048,0.25,2.9173868998889985,49.83565776752932,14.544515965810175,0.567171470444553,0.8922394305754465,0.027108940606593405,0.8922394305754465,0.0026608578144764164,0.0033013558310003286,0.011668142715958762,0.05049155183044805,31.047049411389462,0.8141367885349483,0.15555145175534912,0.08862805958275317,0.06441966733119785,0.1957857683667386,19.687399771069796,0.895649152856622,0.08681259704769075,0.07285344131012693,0.06699771110084111,0.1666655595000918,32.448972204848666,0.8196241540513,0.11306866749383494,0.0259434527661415,0.066463618677844,0.26083937624454095
J,数据集/数据集/目标域数据集/J.mat,12,target_32k,600.0,25600,8,2048,0.25,1.6889483569771764,49.72569331942238,13.89099768264809,0.5642403517342452,0.9248079588508111,0.021644717645245122,0.9248079588508111,0.0037402077660325375,0.004996247439028441,0.0200089945075771,0.057713031609718704,32.91790738051434,0.8041397894846166,0.1598627278474259,0.08375501610459313,0.04968221993091238,0.22851935398583542,20.62372447844725,0.8852741649732996,0.10326568168583082,0.06336804166596587,0.061259479280406606,0.21195398385808414,34.40277426598399,0.8321923464003543,0.10352944888714868,0.030841774924496034,0.08640890050953386,0.24465962027483165
J,数据集/数据集/目标域数据集/J.mat,13,target_32k,600.0,25600,8,2048,0.25,-1.6410214687004656,22.79977037723737,10.934068844962736,0.5915974596971177,0.9017098868798513,0.026156661861997776,0.9017098868798513,0.0018718076684351795,0.0024187987551211295,0.019719285047685758,0.06006012688192527,35.56098913495679,0.8154351360120328,0.15519980172706005,0.09286288167523388,0.07837320802402627,0.18650395688620802,15.669630821314248,0.8671033136270861,0.11963658575359443,0.08094904564603042,0.08421519960461037,0.2016689803351682,38.92471493453417,0.8346728726652449,0.1086421295467042,0.02596500061971607,0.09127932915802733,0.22609201051314917
J,数据集/数据集/目标域数据集/J.mat,14,target_32k,600.0,25600,8,2048,0.25,-0.9101320411156815,16.322394139881975,9.657792685405452,0.5608207132388862,0.8627814614313152,0.03772847658048817,0.8627814614313152,0.0008369592581730002,0.0007399151291098001,0.015185907348253704,0.060982380395077626,36.847043728338186,0.8067292509452825,0.14908377979042303,0.08650234310981794,0.08416941519677236,0.1917948960463341,13.858499961164421,0.8488819981357029,0.13983581683236285,0.0967868797021492,0.08431696514849232,0.19027213726387737,38.27480362152115,0.820154744348807,0.10505342016269274,0.021939494742550063,0.0839973808110457,0.2501584224907119
J,数据集/数据集/目标域数据集/J.mat,15,target_32k,600.0,25600,8,2048,0.25,1.6232184949512671,40.20688091844457,15.510945520630115,0.5412799218368344,0.8835842881595092,0.032462841399768946,0.8835842881595092,0.0009721553177649596,0.0011987658450050497,0.018549916824871553,0.0641764320660441,85.8971201736195,0.8006659704131228,0.16948468064815359,0.09675468544447205,0.07441284085775511,0.19418640402325016,27.085969794122942,0.8843539905888035,0.11117223497332764,0.09090223401523431,0.061000050078086114,0.16687799836714132,42.477016779630006,0.8281226602652004,0.10478630679736102,0.02113641722106136,0.0913424522974438,0.2491053051726107
J,数据集/数据集/目标域数据集/J.mat,16,target_32k,600.0,25600,8,2048,0.25,0.646313629647435,40.48550351659196,14.35719563041319,0.5549584758182706,0.8988741225166691,0.024285843502059555,0.8988741225166691,0.0025827423084680114,0.0033138036148046943,0.016036771057180935,0.0556719883058732,32.77669743090327,0.8130248457955576,0.162630499637529,0.08187146687752389,0.06191049750149992,0.19235694550782387,26.64066124697701,0.8812386271506519,0.1225813791398623,0.09873623045358403,0.06594756176394682,0.14751775744363219,39.574799965111616,0.8192196018014561,0.108966242193942,0.02573913329499007,0.08788484876661423,0.2569138160653474
J,数据集/数据集/目标域数据集/J.mat,17,target_32k,600.0,25600,8,2048,0.25,-1.6559636975166048,27.262899348920513,12.670305568393863,0.5793844650708354,0.8737589886446584,0.03596039722118174,0.8737589886446584,0.0016519013002339045,0.0018340528336020809,0.01880113575720942,0.059229428349113156,33.576512097446255,0.8220547176306668,0.14944810678026668,0.08848328073219945,0.08717106698518821,0.1652276546696592,15.83743969948808,0.8840883965418347,0.10828355324541872,0.10591225174186653,0.06882318510226398,0.14833816441366898,34.59547392497988,0.8239998563888722,0.10716240155233837,0.022267659873904777,0.06641572205085525,0.2596908916178039
J,数据集/数据集/目标域数据集/J.mat,18,target_32k,600.0,25600,8,2048,0.25,-1.2621261844418592,19.167291042783468,9.837052697859848,0.5774303859306302,0.8583835943724097,0.03529631695988132,0.8583835943724097,0.0008398255779351856,0.0006053060938955435,0.0180053681638176,0.06203074326087008,37.92064999775323,0.8129752559000549,0.16182498819018012,0.09109034844814237,0.06429575874430975,0.1778134538389536,27.795287373344113,0.8832732802913437,0.11894596770795167,0.09739447780490745,0.06077884539152563,0.1870475935931892,37.64231143470786,0.826605887023812,0.09436214213752021,0.02512995593212278,0.07792278718565664,0.24806114095733606
K,数据集/数据集/目标域数据集/K.mat,0,target_32k,600.0,25600,8,2048,0.25,-0.3316823762662153,3.857299441523335,3.2484786465058324,0.726428920371275,0.5760516597251785,0.16820180845558985,0.5760516597251785,0.0001696606851853193,0.00044429412707086655,0.0035976852747082303,0.0597567569936782,3.9651162560108077,0.5654651150355556,0.003811122124151,0.0045957579859334215,0.007960638284251637,0.3773700863743611,4.183681258561064,0.9418920731308814,0.017826096635798795,0.027234311153566282,0.033378147064268573,0.11855649932974785,3.8210658721521034,0.9591905226350512,0.02327480493274568,0.04052517553061383,0.050078448692118686,0.11327379607754931
K,数据集/数据集/目标域数据集/K.mat,1,target_32k,600.0,25600,8,2048,0.25,-0.24613103281072424,3.946963395219395,3.2643513939846005,0.7269174401563263,0.583691378256461,0.18544901171921785,0.583691378256461,0.00017178376473566252,0.0004377001511671296,0.0040807036618705,0.05778782541830309,3.9200988086612534,0.5776178458625137,0.0042217239528202265,0.006912510632904647,0.008100639674576594,0.35269638541044696,3.791594075882717,0.9442784815863757,0.011785000892358418,0.02697695348975495,0.039409933570376636,0.10302323723063535,3.840346967561642,0.9588947833701,0.018499219881163143,0.033645804253378236,0.0440378757555663,0.10826970481005838
K,数据集/数据集/目标域数据集/K.mat,2,target_32k,600.0,25600,8,2048,0.25,-0.36437394050522187,3.842514377437653,3.25919053738688,0.6980947728382999,0.6061860767706913,0.17332658468082704,0.6061860767706913,0.00017906516774578496,0.00040421869735426724,0.004377190007428673,0.05925039866965532,4.181913957431731,0.582748193401892,0.0025612278120064843,0.004525577463742374,0.0071058138383236,0.35877120006833624,3.3423597796450775,0.9530837397513041,0.015158171695197504,0.016048118734775383,0.0442797447917773,0.09575202018766639,3.513038541360737,0.9639482577523112,0.016101020492038393,0.028925056694393353,0.054199788607775995,0.10024679411840615
K,数据集/数据集/目标域数据集/K.mat,3,target_32k,600.0,25600,8,2048,0.25,-0.2981274183947388,3.73713075107032,3.197837391015489,0.721543722520762,0.5830587511234817,0.16567047302597926,0.5830587511234817,0.00022969277878834074,0.0005388869082433094,0.0036658233587921023,0.05415906729833418,4.0514176929898635,0.571999451714888,0.0024573674520215177,0.006519323502758502,0.0072636660568074045,0.3567956077821987,3.5388698083505665,0.941389314904946,0.014344144789680541,0.01623203178878214,0.04820375797781676,0.10722146259684737,3.5390288961143304,0.9596966857247977,0.02136357396920555,0.03290432187909501,0.05016536428987692,0.12422548758545472
K,数据集/数据集/目标域数据集/K.mat,4,target_32k,600.0,25600,8,2048,0.25,-0.21690335010145514,3.8647830264508736,3.46031367911839,0.6858817782120176,0.5885711232420903,0.16791455293948734,0.5885711232420903,0.00026311892127954935,0.0005913254147561213,0.0039465373765771635,0.051072991535905825,4.21555429442948,0.5750183297075667,0.003820695176600587,0.00741988501854486,0.008154577316951782,0.3569176088849529,3.9946833731096736,0.9464804992667615,0.01750104383641416,0.02017347556758815,0.03897201792148859,0.10442236794493226,3.561170855620044,0.9580615871264119,0.03101257532534404,0.04030107619139394,0.051223710700888346,0.14086069595430764
K,数据集/数据集/目标域数据集/K.mat,5,target_32k,600.0,25600,8,2048,0.25,-0.3384010332087713,3.9106900605011456,3.4827510935868173,0.6785539814362481,0.5927685042343199,0.16441659160375496,0.5927685042343199,0.00018276850594161,0.0004179831925310562,0.0031639478048170093,0.05347809146778649,4.23952040440511,0.5871300126750658,0.004079196661392646,0.0051754947166874335,0.008586666915210161,0.34876709896474406,3.905736379386006,0.9449836661337845,0.017205016071444323,0.02710816446928384,0.05806493225399532,0.10155280463902747,3.7594630538747955,0.9507808842466831,0.030178475844404678,0.027593744704052504,0.033053003803987346,0.1449235466694712
K,数据集/数据集/目标域数据集/K.mat,6,target_32k,600.0,25600,8,2048,0.25,-0.2820441498518405,3.9378499911213374,3.2821577303977856,0.6946751343429409,0.5952438739432694,0.1545147876566747,0.5952438739432694,0.00017567141581122076,0.0003932496853648761,0.002843404100631877,0.057787634856353416,3.992032772943817,0.5796512525389648,0.0045741460467660575,0.0057571392593827216,0.0077379360537610615,0.36564018496298195,3.3212582633242542,0.9493002263259902,0.01246912691922962,0.029739545459702123,0.05318531212664819,0.08036650092428806,3.8841166948857477,0.9450169240081359,0.038571112872819155,0.0385887033060609,0.05612428198297502,0.1476612276791907
K,数据集/数据集/目标域数据集/K.mat,7,target_32k,600.0,25600,8,2048,0.25,-0.30871746609760203,3.9381405236262808,3.2436665684546564,0.6868588177821202,0.6250553216992959,0.1483903819328925,0.6250553216992959,0.00022744529402046992,0.00044502364971694974,0.0029159285794335284,0.06097938847249846,4.148431412671777,0.5849139258639556,0.004303742478074004,0.005655708627987739,0.009196806622562982,0.37487601212776217,3.161936027806383,0.948054158652737,0.014589308043525005,0.031767978099728464,0.028695716370288313,0.079905120151898,3.685699787693415,0.9601045958838559,0.037223186828553474,0.02591349932240167,0.05485031170163623,0.11164788635681172
K,数据集/数据集/目标域数据集/K.mat,8,target_32k,600.0,25600,8,2048,0.25,-0.37938354607788766,3.965240104631601,3.410298324966466,0.6990718124084025,0.6053328260922741,0.15124439676173151,0.6053328260922741,0.00022322120694434952,0.00045519117903293905,0.00186187897749797,0.06122380907102291,4.1063592448152155,0.5844131010067757,0.003297340302181961,0.00460343931464464,0.007215058446527416,0.3888626711581714,3.5223009875554676,0.9423104868211389,0.016160156334793844,0.02704458601565586,0.031540265677665914,0.10204519672609848,3.5840814041695053,0.9603768605108565,0.030573526336914774,0.020625584049490584,0.06532098546109723,0.11917000165868594
K,数据集/数据集/目标域数据集/K.mat,9,target_32k,600.0,25600,8,2048,0.25,-0.2842925398429822,3.9846427390999284,3.44483995608902,0.7039570102589154,0.6043369658082027,0.15113905434845606,0.6043369658082027,0.00024160283835414006,0.0006255019801455797,0.0021030328287193994,0.056092751134121134,4.061304821081879,0.585646605535642,0.00925437722405385,0.006774129239660406,0.00816840216792019,0.37734062560857173,3.595571737191562,0.9399674514381932,0.017542368221562337,0.0302390590915596,0.03224920619343946,0.09856993689995668,4.2096396654493,0.9591226717626087,0.014997864432054041,0.03370062093859398,0.061210701086061324,0.1265908822270249
K,数据集/数据集/目标域数据集/K.mat,10,target_32k,600.0,25600,8,2048,0.25,-0.39341985623149683,3.828913174409752,3.413796020656586,0.6751343429408891,0.6037978938232373,0.17742389205978587,0.6037978938232373,0.00020369301868642493,0.000490865202171325,0.002061492128825129,0.05460056498037165,4.469342385831918,0.5929064435094127,0.007664886424316655,0.006072673637381539,0.008766478269637076,0.3445355530421874,3.296322524819394,0.9477384678898617,0.018098568195503543,0.027600916560989078,0.02729045937225809,0.08268504063215716,4.621550944462557,0.964563516328824,0.01838443075412673,0.029506825176174267,0.05686821603062415,0.12439057024251969
K,数据集/数据集/目标域数据集/K.mat,11,target_32k,600.0,25600,8,2048,0.25,-0.47889768763566665,3.745059615650293,3.3077117900439124,0.6814851001465559,0.5893719795496349,0.1647316117412139,0.5893719795496349,0.00018247233678160609,0.00042732192962279534,0.002167856698612494,0.0557140329574181,4.3817459355476105,0.5888608074726962,0.004012853561774412,0.00586874952800026,0.007936559476263646,0.34882171466237266,3.7831492817941936,0.9461270354369442,0.014762862538107067,0.023684890255334948,0.050906309605586,0.09017158468161433,4.309802490115842,0.9640780878968506,0.01962389972544775,0.04968153301721507,0.044297225152816394,0.10813757142887709
K,数据集/数据集/目标域数据集/K.mat,12,target_32k,600.0,25600,8,2048,0.25,-0.5003469183920928,3.833465215793814,3.2011818161787615,0.6702491450903761,0.59478007817922,0.16827508813878325,0.59478007817922,0.00018356217586964506,0.0004262511864552399,0.0031909262185943585,0.05936198965005933,4.617361045650369,0.5921282722699804,0.005368907433884609,0.006904251182272075,0.007401045173975393,0.3499074282950716,3.9483181911125773,0.9523564042999548,0.020300553152279823,0.02145481617678253,0.056040602709903166,0.09879744205338323,3.825992432652422,0.9528869892152131,0.01363318907893319,0.04571565560596182,0.05024621739037019,0.13582226719971222
K,数据集/数据集/目标域数据集/K.mat,13,target_32k,600.0,25600,8,2048,0.25,-0.502491455559816,3.8300486061097208,3.4092839502598418,0.6580361504640938,0.5859480886488766,0.18151958187388667,0.5859480886488766,0.00020383037599624665,0.000527954554626776,0.002769292041927065,0.061757647197334446,4.776640228635106,0.5947879922865072,0.007629107603446344,0.008819112957500114,0.006413675444280446,0.3378630624809228,3.628784192472018,0.9491547167812535,0.018516051932762533,0.02652202578696343,0.03469075401574191,0.11081282969955522,3.9611927632974906,0.958842808349563,0.02172434373022488,0.04790920611721778,0.0473066278011378,0.11622740425265383
K,数据集/数据集/目标域数据集/K.mat,14,target_32k,600.0,25600,8,2048,0.25,-0.41046396993008133,3.800088985154544,3.370539778364145,0.6790425012212995,0.5940836899953797,0.16061125851038857,0.5940836899953797,0.00022192535051175944,0.0005122786712793517,0.003500253037430166,0.06111426486426611,4.29276337402889,0.5890251170670181,0.007085292868123435,0.006414386134111522,0.006359655477746502,0.34598610935202134,3.9476980660104446,0.9425736823520017,0.010954928502562434,0.02309167127804484,0.050911431617092974,0.10782002981576518,3.8615461093745527,0.9638991029959945,0.012533924419373656,0.03880193005141649,0.03773071022006568,0.12186366854541733
K,数据集/数据集/目标域数据集/K.mat,15,target_32k,600.0,25600,8,2048,0.25,-0.4088880333791289,3.860316891827393,3.472924681924105,0.6634098680996581,0.5859672443258227,0.18674581135274057,0.5859672443258227,0.00018829436488501935,0.00033588437514293435,0.0035969397141816417,0.05565803570169603,4.373391944388576,0.5893686143211906,0.0022123184366870767,0.004793688973385358,0.006907507522437883,0.3404093928713466,3.700349901649375,0.9337834410661977,0.01755172717988997,0.026769365009715895,0.05259180172315521,0.11742806327853145,3.7023934931009643,0.9619763264139577,0.020752261198530103,0.026857827657079978,0.04821207467974327,0.1390488103553233
K,数据集/数据集/目标域数据集/K.mat,16,target_32k,600.0,25600,8,2048,0.25,-0.4524472669267258,3.917886708485279,3.490714961928766,0.6375183194919394,0.6012709936746422,0.17620051151890823,0.6012709936746422,0.00021295076653128154,0.00039988189430131593,0.00362645073048163,0.05588935718408601,4.508797983228746,0.6006558611796612,0.003118366840987652,0.004980153933806499,0.009172990214564926,0.3403579611959918,3.314849843203021,0.9485670897956562,0.020704765431765793,0.023276523079978573,0.05390864034534032,0.11287582535147232,3.3812752407136846,0.9601620773568889,0.020627681790160963,0.02142482605011274,0.046363597650461386,0.11420949761331013
K,数据集/数据集/目标域数据集/K.mat,17,target_32k,600.0,25600,8,2048,0.25,-0.4928438219484699,3.857589366724344,3.4606797990771754,0.6277479237909135,0.5816738587878107,0.1743574012533418,0.5816738587878107,0.0002536054958538254,0.0005614595012732677,0.0034000963627278434,0.05605402578402255,4.453429388920396,0.5896856541399693,0.002250361322443033,0.006514192420357863,0.009426993562870797,0.3499493294383915,3.1138088215766486,0.9515945649159961,0.021689964022481172,0.024330703614790554,0.04377965629726373,0.1115484849777399,3.915571366425656,0.9635607726765874,0.04131251874887104,0.037831876246205216,0.0542336386182391,0.09089621236881662
K,数据集/数据集/目标域数据集/K.mat,18,target_32k,600.0,25600,8,2048,0.25,-0.41474989924648165,3.786274871558415,3.501112293114843,0.6555935515388374,0.5833509658576163,0.18577397386717326,0.5833509658576163,0.00023668492331525577,0.0004544941497477148,0.004208617318609006,0.05980632737529739,4.317859318199414,0.5825849412647731,0.003082359458091797,0.005502473882611348,0.0072635493159030895,0.3476311518857697,3.568674659642083,0.949073660251506,0.03322259245444585,0.01716436237922344,0.032716458945143495,0.0861148551900392,4.632257176252439,0.9589273152555005,0.03934536941665425,0.04702192298519897,0.039878699275919534,0.1096288180397926
L,数据集/数据集/目标域数据集/L.mat,0,target_32k,600.0,25600,8,2048,0.25,0.17699629695322727,3.196480133010939,4.114673465608295,0.33707865168539325,0.8437891487918103,0.039321231027107904,0.8437891487918103,0.025437189749719286,0.03201858204269323,0.20111819705398395,0.11540608283326717,3.4422890719828088,0.9280693959510925,0.05052199549134377,0.03906706449115183,0.06627150501246487,0.13847748972198187,4.379492096703125,0.9549450195327323,0.04331639334160293,0.06984795404088201,0.06625447793987187,0.09957650910688019,6.233157234482915,0.9381596205774647,0.04478044235274602,0.07523109804961989,0.06578697114453018,0.13011212574716238
L,数据集/数据集/目标域数据集/L.mat,1,target_32k,600.0,25600,8,2048,0.25,0.1787512257471855,3.2579363861574073,4.0405162701027475,0.3268197361993161,0.8360365817507314,0.04360019649148991,0.8360365817507314,0.02306052760676449,0.031444032331799356,0.19536049435058325,0.11787560812602081,3.366382781210479,0.9080778180719632,0.05837678910031634,0.05049371588802255,0.12265729778304835,0.14485111483573795,5.704204081373777,0.953115151407321,0.0694531987632718,0.028770806812741034,0.06731683195058394,0.08987592401413207,4.522722572909079,0.9320152435687381,0.07260597211080647,0.059258844575657915,0.08108312429052825,0.10916870546758733
L,数据集/数据集/目标域数据集/L.mat,2,target_32k,600.0,25600,8,2048,0.25,0.09515767510127114,3.3547770739016083,3.8463340459418816,0.3268197361993161,0.8213522755854759,0.045770368135722335,0.8213522755854759,0.02205395998218732,0.03028118200999836,0.18243516335134596,0.14467787473543178,3.2762000582156077,0.925245512331452,0.039082189204035715,0.04740614669081905,0.10094129471350016,0.12757440647917734,5.402932403133455,0.9484999184830997,0.04619994721344739,0.08280057984340104,0.05517578110693299,0.09686162057680073,4.246953043839831,0.9201406452120616,0.07618541986237078,0.06088215136886994,0.0931660564801936,0.14720341021331626
L,数据集/数据集/目标域数据集/L.mat,3,target_32k,600.0,25600,8,2048,0.25,0.03806525605077426,3.3836703189203177,3.822536551484005,0.33805569125549584,0.8237376048545142,0.038395799129702354,0.8237376048545142,0.020709416073151618,0.027379776943183633,0.1543663075863168,0.17820619417981487,3.0522089198194458,0.9217538916302221,0.04914574864199073,0.0543750654730086,0.066219461210913,0.14513290130509593,4.506961139275272,0.9461988544144906,0.06509166202329084,0.07485328586660873,0.06292404617305572,0.0963715713545136,4.346201993305772,0.9301136571541504,0.0631629280542148,0.061671867604374785,0.08952644044330783,0.12346915072783565
L,数据集/数据集/目标域数据集/L.mat,4,target_32k,600.0,25600,8,2048,0.25,0.021197795715174737,3.174166563424578,3.5847552462843617,0.3102100635075721,0.8315697266126255,0.04254923179416622,0.8315697266126255,0.022267257975629482,0.028747628515198867,0.16464802235561599,0.1604652816984953,4.374099985313795,0.9287201700973224,0.04457803994700434,0.0533821016884953,0.04524678143859204,0.12391710508247834,4.814421396594528,0.9446490873034277,0.07526127500850671,0.02830252405856175,0.09587834751161602,0.10372557601595081,4.934933399337911,0.9370357690739283,0.04836700071274053,0.07479609715210221,0.08531622760389913,0.13137529818518137
L,数据集/数据集/目标域数据集/L.mat,5,target_32k,600.0,25600,8,2048,0.25,0.012999704532903994,3.075257301986767,3.4964877969682755,0.3092330239374695,0.821947194778424,0.039875915414420274,0.821947194778424,0.02289027391398388,0.029139243268085806,0.14411340161205546,0.14139870060921167,7.474092181684455,0.9229861399533558,0.05356357768903187,0.029816381670829947,0.09022067210288992,0.14559248372729672,4.635284865792737,0.9396855658891146,0.08670094642861309,0.028697262954004148,0.08454816846528115,0.0676388575344142,5.190241860588761,0.9328266597001725,0.04059111594318348,0.03031745583386319,0.08294904694104498,0.13931822340500827
L,数据集/数据集/目标域数据集/L.mat,6,target_32k,600.0,25600,8,2048,0.25,0.06761069434435206,3.2164012091530583,3.5991327791815677,0.336590131900342,0.8330907208415372,0.04043358224402732,0.8330907208415372,0.025118522732777215,0.030401131159594037,0.1726939887796876,0.10610344239166722,3.534813748176909,0.9278800221084551,0.05080343812361519,0.037241168219830326,0.07653440521349737,0.141904710756674,4.030727941520533,0.9462622200204162,0.06568404062325332,0.05208553158477199,0.07400500567173839,0.0865853439562845,4.741612730982925,0.92685059676791,0.06396509406782408,0.040352385022021146,0.06369576043895782,0.13834091969337023
L,数据集/数据集/目标域数据集/L.mat,7,target_32k,600.0,25600,8,2048,0.25,0.01454535059289087,3.1833805210034787,3.5171416020910615,0.33170493404982904,0.833769546378123,0.03939426032326578,0.833769546378123,0.022590574266524378,0.029361911389708506,0.1595302841397727,0.11755108841022285,4.148221918687746,0.9190788490291721,0.0715826293490064,0.05051266020781591,0.0644212018195632,0.15620954410772167,6.481062565319286,0.9285616640168444,0.12162737525105248,0.04726374719322794,0.0727986617077284,0.0657799206116574,4.931421695759347,0.9159729380265386,0.09152495497349913,0.028116055929690683,0.08137638063448259,0.1666480064209824
L,数据集/数据集/目标域数据集/L.mat,8,target_32k,600.0,25600,8,2048,0.25,-0.023568261202679477,3.143007140230942,3.4433843640315773,0.32926233512457254,0.8284882068484322,0.02947694859535626,0.8284882068484322,0.02343869538456833,0.03119474526695095,0.15664296075420814,0.13824524376191696,3.9435004289760185,0.9241408748730426,0.05759557448939177,0.040583425168832114,0.07787942720158382,0.17122803835308406,6.589263764309755,0.9501693029724161,0.05932575512609413,0.04434345044403516,0.07111360189511286,0.07138589432308957,5.007086110673092,0.9125338815449133,0.06015594064849864,0.035727131517127995,0.09664921625079649,0.16803254405109486
L,数据集/数据集/目标域数据集/L.mat,9,target_32k,600.0,25600,8,2048,0.25,0.056462014547072566,3.092625164898479,3.179198908843112,0.3390327308255984,0.8373261196048329,0.042499372313277675,0.8373261196048329,0.022949346675662664,0.029656077857114712,0.14972395254828674,0.19364342882547808,3.583109890165544,0.9200195140385092,0.05213117778388653,0.02170582010814711,0.09684454781662961,0.1613517331061294,4.509679094435371,0.9332972621840424,0.11035818390047901,0.02735559318170417,0.061454948824884933,0.051094159227547786,4.612269518677053,0.9079146658632085,0.13166554633312386,0.056295407197743424,0.06272773455711521,0.11263977057619663
L,数据集/数据集/目标域数据集/L.mat,10,target_32k,600.0,25600,8,2048,0.25,0.011597077069769014,3.0592020542995395,3.4145146746430886,0.3268197361993161,0.8241591766536592,0.03781328356513276,0.8241591766536592,0.02141209766185741,0.029533430256155187,0.19468610741211703,0.1596680547691234,3.7707178784601667,0.9082459199492736,0.07639901214435794,0.034666230156057694,0.10510094183591542,0.13937001400511978,4.744206807153356,0.9457772357806593,0.11127215474904781,0.018703149018947818,0.043745800150970404,0.053316904742123486,4.439407195233966,0.8993792607869928,0.14801660429474978,0.05173018779898055,0.06664848857200832,0.10212243456814728
L,数据集/数据集/目标域数据集/L.mat,11,target_32k,600.0,25600,8,2048,0.25,-0.0418635649580674,3.3168068750899713,3.9692120059282456,0.3331704934049829,0.8272317080415379,0.03326013042250256,0.8272317080415379,0.020953600516770206,0.02965401843244236,0.13300278429898282,0.12648287005568376,3.794197040385889,0.9266718311783319,0.057808928948854234,0.04421714446714222,0.0902246234578674,0.1281663778840915,4.61556195929664,0.9575338218654947,0.06394214886518597,0.02914872995634524,0.045038508374978095,0.0809371350393626,3.8841595814949517,0.924698847669465,0.08792959827010975,0.040871863182856925,0.06875075716257016,0.13359064802070594
L,数据集/数据集/目标域数据集/L.mat,12,target_32k,600.0,25600,8,2048,0.25,0.057074470920278945,3.435262623440717,4.218734590059781,0.3356130923302394,0.839554714837341,0.04764922964800467,0.839554714837341,0.025962465305915436,0.03342324894913,0.18766583314754973,0.10135075377216629,3.530516934040492,0.9226904721983601,0.049650911251707286,0.04389642144246604,0.08222006773400822,0.13950146603594407,4.348502953452733,0.9489368026946793,0.0695678822363048,0.05219193334916849,0.06251043903549292,0.0816963968815938,5.503168365158558,0.9162612908013976,0.07944545543794274,0.07707951580848839,0.09062200746866679,0.13718044927368697
L,数据集/数据集/目标域数据集/L.mat,13,target_32k,600.0,25600,8,2048,0.25,0.11272712905469773,3.132357667645909,4.393164336373304,0.3336590131900342,0.8354268494103564,0.04111245507401715,0.8354268494103564,0.023082353660892455,0.030176914777373647,0.1710891006206938,0.13419412567848818,3.692831600461901,0.9360383307078269,0.03637096431990337,0.0424228989009947,0.0481051182273651,0.16133849632412728,4.399153190807941,0.9472197019261409,0.08792596503024705,0.03854508288044049,0.061932186767436656,0.09433520596543152,6.256220465355873,0.9015138301637281,0.1245975667069494,0.03194666779836716,0.09856018601463024,0.14885689785389514
L,数据集/数据集/目标域数据集/L.mat,14,target_32k,600.0,25600,8,2048,0.25,0.11526998644660691,3.3726453727651187,3.9847638426136958,0.32877381533952127,0.8161101802037578,0.04120436813620598,0.8161101802037578,0.021019269073315684,0.02770978568895783,0.20019999283186846,0.17277280954774651,3.6502683400804394,0.9392476712618313,0.045286284484395915,0.03249848969922679,0.04938320650452006,0.14486451839333872,3.84894308237909,0.95733286385023,0.04006176213037248,0.05863617217480644,0.06517894389417357,0.08230491276829391,5.273037745874864,0.9238058590109386,0.0830063076026098,0.050808618522840125,0.08495092144706383,0.14232076262923724
L,数据集/数据集/目标域数据集/L.mat,15,target_32k,600.0,25600,8,2048,0.25,0.09234547798303169,3.2848191109394613,3.8505518284863944,0.3146067415730337,0.8272986872689937,0.03769174945238796,0.8272986872689937,0.02097054635888148,0.025124991592546057,0.1721969887130996,0.15408166420108607,3.609372044016613,0.9262227152429251,0.05188478669030221,0.05289309085041966,0.06333987055842177,0.14080218127564684,4.115148471868505,0.9476100763991427,0.0591060421608148,0.06045454723413338,0.05144429950022222,0.0828692088335529,6.095420148515022,0.9267952434928345,0.054945632458966914,0.04554938258602594,0.10015477972654692,0.1486635238885384
L,数据集/数据集/目标域数据集/L.mat,16,target_32k,600.0,25600,8,2048,0.25,0.05496789784626024,3.08666105582438,3.8891353736338825,0.31118710307767466,0.822787107154148,0.036870144837986944,0.822787107154148,0.020401480642908594,0.025271511517815336,0.17040043109764536,0.14090252519598795,3.835634852994301,0.9291958019350531,0.044589779673907176,0.04850285185416432,0.055397760474969956,0.1427914275973135,4.452194029620984,0.9417788816325532,0.07446169653131893,0.05524671975529756,0.0631411756837646,0.07278123521327948,5.820863742954618,0.9308654658118093,0.048859845815312726,0.041450160129557295,0.0986238350096938,0.12989304180525246
L,数据集/数据集/目标域数据集/L.mat,17,target_32k,600.0,25600,8,2048,0.25,0.06883122722967012,3.1320685627771834,3.9995533348238816,0.32730825598436736,0.8252495926314379,0.04804430123418076,0.8252495926314379,0.02316291516078076,0.02998502148752704,0.18276224979448105,0.12499118947186473,3.4208402176176445,0.9275127726781403,0.04211147502359752,0.04335548590802552,0.06303110770201362,0.1711135263760107,4.085505978402922,0.9593527249342326,0.049904933758365445,0.037302837866765096,0.055752980863364464,0.08955330220822781,4.682808912276938,0.9357960752957809,0.037515102412388424,0.05014063640458278,0.0901784057063708,0.1300438081717138
L,数据集/数据集/目标域数据集/L.mat,18,target_32k,600.0,25600,8,2048,0.25,0.03863861369538935,3.0351615804913457,3.8387452842304595,0.3312164142647777,0.840057488244848,0.04088983226267048,0.840057488244848,0.02463917764765844,0.035433450545471354,0.19108258569116818,0.09732947025261367,5.30297549040813,0.9069572716975337,0.09034139570475475,0.05208924861117444,0.10026548573096372,0.13903535725642915,6.3482666121516145,0.9336167513963196,0.09210749084575691,0.06940455455370158,0.06393425007226904,0.08132043250642383,5.716456154264474,0.9244208853860321,0.0456339108422602,0.08729047155463505,0.09086926887252579,0.14491183007721592
M,数据集/数据集/目标域数据集/M.mat,0,target_32k,600.0,25600,8,2048,0.25,-0.6181833894060496,3.6918567362127175,3.4800571167754963,0.6570591108939912,0.6254017252186043,0.14953802525273402,0.6254017252186043,0.00020203746279022562,0.0006422205961445473,0.0030312386002164333,0.057582894088933946,5.293474523557146,0.6085991432582286,0.0029861881952789413,0.005013771595789497,0.009129642137012641,0.2775080795761399,3.558281544705165,0.9352077083182194,0.016308537019547376,0.01939881578629683,0.04800622427810933,0.10965483293943964,4.212348671041203,0.953266773997766,0.020045477617554312,0.05640755633385423,0.09564874445225684,0.09782401541144653
M,数据集/数据集/目标域数据集/M.mat,1,target_32k,600.0,25600,8,2048,0.25,-0.5211667470175154,3.4966047017971182,3.360981440889098,0.6629213483146067,0.6247923076626747,0.14823040412016425,0.6247923076626747,0.00019810573080237463,0.0005834504611794801,0.004098943126719506,0.05820432791037863,5.114698829482968,0.6147654733204739,0.003528128254382246,0.00746522394467262,0.008695039537300012,0.2934001104236407,3.4135870572809366,0.9302578034595443,0.01166915416000287,0.01768343141423764,0.040904262226258495,0.1393587698449809,4.113303358854001,0.9645254713546582,0.02010032301122989,0.03210255619068045,0.05972160286489058,0.11522353926668837
M,数据集/数据集/目标域数据集/M.mat,2,target_32k,600.0,25600,8,2048,0.25,-0.4719653834493943,3.6625334131707192,3.676983921227044,0.6365412799218368,0.602119957218949,0.17034892434229162,0.602119957218949,0.00020111786806761126,0.0006589203904766186,0.003625368263150719,0.05944393259969468,5.110717205460175,0.6143011500180524,0.002862573390620757,0.005567868907893622,0.009735580500474692,0.2821326822828112,3.204209306168087,0.9179601205229505,0.013942915798030584,0.019452688765807052,0.03710115679373856,0.12512026478269153,4.1003513578853985,0.9657650185018516,0.012647166874054514,0.029015484302104027,0.04163413433521665,0.13004745616369093
M,数据集/数据集/目标域数据集/M.mat,3,target_32k,600.0,25600,8,2048,0.25,-0.4895562758696146,3.6772909329573276,3.6901858425775056,0.6277479237909135,0.630661388096943,0.14923607335622083,0.630661388096943,0.00021060162039057882,0.0006148826873283795,0.004050568723985797,0.055668615962480586,5.157614264353216,0.6182792052276511,0.003925330865211515,0.005250081411505508,0.010497301627765385,0.2874821346617891,3.6577028918127255,0.9300307108116661,0.01335898828720192,0.020286053973228146,0.0408254811259026,0.10208835510516362,3.539850918001617,0.9661937791119126,0.018142517801050313,0.017609145549822302,0.05925866604316278,0.10516944914147454
M,数据集/数据集/目标域数据集/M.mat,4,target_32k,600.0,25600,8,2048,0.25,-0.4851944328765326,3.361454296262317,3.2754921817974685,0.6687835857352222,0.6287303183522709,0.1485309507674212,0.6287303183522709,0.0002052289673249982,0.0006717159637105996,0.003480533826295727,0.05300748903532891,5.209138123272952,0.6086054022522823,0.002590108536855298,0.005262958476158743,0.0077450693781662356,0.295780966706866,3.7397363485429107,0.9376935019221974,0.019146983311939456,0.01824174009482359,0.06024087944980664,0.09337438187737852,4.347322275516342,0.9585387188365391,0.03402918575001172,0.02774400227252886,0.047025010382365305,0.12169865401837532
M,数据集/数据集/目标域数据集/M.mat,5,target_32k,600.0,25600,8,2048,0.25,-0.46956979372971874,3.453547216658759,3.6352763812868494,0.6638983878847093,0.6233914620606847,0.1569396564847095,0.6233914620606847,0.00024794004464684475,0.0007161952736341428,0.00425160722681561,0.05385365114924867,5.107620401571484,0.6136729079006786,0.002231046714903967,0.006427630360929264,0.005788250783725444,0.2935100039690969,3.5282589958972355,0.9204324835027006,0.024064283396677034,0.012325144610182338,0.043584168193644725,0.08640029735423663,4.334456971450612,0.9622254935706949,0.022893051364862232,0.024833492820142012,0.048214109187651746,0.11130171126095083
M,数据集/数据集/目标域数据集/M.mat,6,target_32k,600.0,25600,8,2048,0.25,-0.4072454781157736,3.6263096983958834,3.6047948106422676,0.6511968734733756,0.6411671495680957,0.14574136502527496,0.6411671495680957,0.00022786088370622555,0.0006437130827118187,0.0038489722356071653,0.0517239941299659,4.9964372377256785,0.62218799311717,0.0034461077311075854,0.007439326852505323,0.008417707341522938,0.2891649523285141,3.7336514142754877,0.9201895025091703,0.02085632212482221,0.02602506239477968,0.04425355783151147,0.09661464718400542,3.8445015098562028,0.9553735874376589,0.02189105659956047,0.012150892235860456,0.0648332776823181,0.10782513252849937
M,数据集/数据集/目标域数据集/M.mat,7,target_32k,600.0,25600,8,2048,0.25,-0.4297279540279303,3.728751730712059,3.4454411619657956,0.6629213483146067,0.6403446305294892,0.14308221834513793,0.6403446305294892,0.00022696994370505956,0.0006924058359114584,0.003194664042058377,0.049212512990454815,4.847743524056224,0.6125983179236358,0.0014116675267223096,0.006203564865261448,0.009391692963480698,0.2884726871667539,3.754119062100287,0.932894859285889,0.02472245858977237,0.027173922359168944,0.05229183735573104,0.09847341858117911,4.245161156934627,0.9603861749673631,0.025027847373358236,0.016084322094370856,0.06199830396395765,0.10633629017966116
M,数据集/数据集/目标域数据集/M.mat,8,target_32k,600.0,25600,8,2048,0.25,-0.49212570749085993,3.7027142278922356,3.5710598828086413,0.6297020029311187,0.6219297197955579,0.1688455092717212,0.6219297197955579,0.0002224656396259681,0.0006968942985585735,0.0030151507524665785,0.05377563675614136,5.0696224279081035,0.61805004188562,0.0026128047146889606,0.00518463413647103,0.007271610632020354,0.27904471318182583,3.752164323897257,0.9186765669413447,0.029695157424318105,0.01596617673046801,0.040111655648549634,0.11575469003685718,4.266426283089222,0.9603599407650214,0.025952714359941495,0.025876899271193844,0.04839110456316207,0.12759882894273783
M,数据集/数据集/目标域数据集/M.mat,9,target_32k,600.0,25600,8,2048,0.25,-0.4556449958738608,3.6372696493247365,3.5945923073776713,0.6355642403517342,0.6293416811974278,0.16213828973459693,0.6293416811974278,0.0002140900260765923,0.0006606849339657531,0.0035554287330081817,0.055828187064798834,4.963722137447595,0.6241824248926172,0.005197377191640288,0.0087302698380702,0.007688308575166423,0.2734656720241181,3.5251812770652604,0.928471509565514,0.03195445879863816,0.0170214972062402,0.037927453691343836,0.11355738678732519,3.706029805546761,0.9540499181575364,0.017778193135031293,0.031174605295045225,0.06593372311004382,0.11272552013890405
M,数据集/数据集/目标域数据集/M.mat,10,target_32k,600.0,25600,8,2048,0.25,-0.4657133007663011,3.6720698776828766,3.607704262058875,0.6629213483146067,0.6300660047618627,0.1474236205327398,0.6300660047618627,0.00024129728698051551,0.0005935441086398732,0.0023492784439456964,0.05580571417195723,5.003345641809309,0.616501949419263,0.0035026894021164966,0.007863392155667195,0.0062762417960446236,0.2881966446603093,3.3961686120528927,0.9258718253517579,0.01591669095804595,0.02380683665486255,0.048792913581536757,0.12349110913230561,3.9045581572920667,0.9535160912942744,0.023472030399663713,0.02275734869427971,0.07601244150883142,0.1057937647633234
M,数据集/数据集/目标域数据集/M.mat,11,target_32k,600.0,25600,8,2048,0.25,-0.5217605040879633,3.758940564277282,3.5668405304154227,0.6487542745481192,0.6131379725563405,0.17126701495419056,0.6131379725563405,0.0002169224387692872,0.0006847984265413581,0.0029988564754216524,0.05482874759615098,5.128544653502326,0.6113339921704756,0.0036440054505977796,0.009261034938619643,0.006074316294154598,0.28536414261227294,3.24413635680357,0.9299862197339032,0.023778117127465838,0.015299538750089879,0.04195361700208918,0.12215410376304167,3.7796272206293016,0.9554414876249404,0.02389619003932125,0.02707293406609818,0.06788397486814736,0.1169886746165638
M,数据集/数据集/目标域数据集/M.mat,12,target_32k,600.0,25600,8,2048,0.25,-0.568367319639285,3.87935671620426,3.7979935540829066,0.6399609184171959,0.6430318326513635,0.15103902476883463,0.6430318326513635,0.00020938479418135708,0.0006656502656768401,0.0028009300474137466,0.054108544203335766,5.284898725239104,0.6208225911117587,0.004083076600231155,0.008242163419134451,0.009482998554264528,0.29482609877664084,3.427985706409581,0.9420802338092641,0.023941143768240452,0.014341770796224458,0.04254253538272096,0.1120491196051673,4.771750092383917,0.9591314141776609,0.0277150974264542,0.029779608010923473,0.05515756490465107,0.13163058705169015
M,数据集/数据集/目标域数据集/M.mat,13,target_32k,600.0,25600,8,2048,0.25,-0.5258108205756863,3.8311347815764187,3.782410369698462,0.6394723986321446,0.6439945715717181,0.14407479766278602,0.6439945715717181,0.0002038518091343563,0.0007005254852945976,0.0032195508562583857,0.05680930098211233,5.050431241532765,0.620529604765384,0.0035826743855363733,0.006328622007919359,0.012046337837633281,0.2808336242922295,3.4958942037064564,0.9316082235521593,0.0236216624859105,0.022305400518521038,0.04438798387130166,0.10585428649748789,4.515882291603151,0.9592143397140978,0.028429991809135653,0.027672579916192545,0.046662840511227016,0.105300292257538
M,数据集/数据集/目标域数据集/M.mat,14,target_32k,600.0,25600,8,2048,0.25,-0.470779924033304,3.7265954115785136,3.552404340826745,0.6443575964826576,0.6514593365339354,0.12068646259082906,0.6514593365339354,0.0002053765237619441,0.0006346540554386114,0.002458799366053068,0.06276664134027317,5.130954421117613,0.6288638547079458,0.0037186651514106526,0.008819070773226132,0.010692402141976958,0.28201968971765934,3.5913199563386966,0.9274002035029077,0.03181851333140248,0.03315601863947864,0.03583452625709817,0.12441634491649232,3.641086864391103,0.963828743151187,0.023319514611166492,0.03971659315436331,0.04417196317071639,0.09954161236444244
M,数据集/数据集/目标域数据集/M.mat,15,target_32k,600.0,25600,8,2048,0.25,-0.4978658568482153,3.622111981260257,3.7158366172956407,0.6433805569125549,0.6664943292379107,0.10500960925776551,0.6664943292379107,0.00022262031003290124,0.0006985503669603996,0.005430246623810955,0.06652952899744162,4.986643193049772,0.6241340856680752,0.0055691569714465105,0.007296668465864508,0.010538425839491241,0.297256473888024,4.01122318522256,0.9256846732327887,0.023379582514634727,0.02389900197316856,0.03532982616034829,0.12246456841031748,4.22514758446385,0.9633424905675985,0.013153183886583259,0.020676925711910286,0.05122931845416276,0.10407817492234142
M,数据集/数据集/目标域数据集/M.mat,16,target_32k,600.0,25600,8,2048,0.25,-0.5554139037359027,3.766751450367184,3.7718239903222908,0.6365412799218368,0.6419694899218134,0.13321184092618737,0.6419694899218134,0.00020507998346416,0.0005753245017199958,0.004082919383984083,0.07210523086524608,4.82629771801137,0.6199972161833674,0.004287997454783844,0.007792838277600368,0.009446969259379422,0.300645847064927,3.8284237349766848,0.9298396413193747,0.026236342284866515,0.0389425405469004,0.050740653675520504,0.12509669330764203,4.062336588734741,0.9630091023562667,0.01856991872811606,0.018937132640673537,0.06706561002586396,0.10328760693844605
M,数据集/数据集/目标域数据集/M.mat,17,target_32k,600.0,25600,8,2048,0.25,-0.5701365390615506,3.9737313108407237,3.6416429825053447,0.5945285784074255,0.6327860676975536,0.13220457513526127,0.6327860676975536,0.0002235375672709741,0.0006903243452297224,0.004296405916480542,0.07513199291278141,5.4627482157362,0.6148212543640055,0.003988202870779245,0.008839911844466393,0.008539631640475645,0.29938836484370557,3.5373546036097214,0.924576967821202,0.019245973704276685,0.029596788455594044,0.04594135593445207,0.1371201374883776,3.6558230603765667,0.9653362278024555,0.01583664767534401,0.027078260283412762,0.06511494217415532,0.10168321470955155
M,数据集/数据集/目标域数据集/M.mat,18,target_32k,600.0,25600,8,2048,0.25,-0.5446247311141275,3.6379497112940493,3.571366416642837,0.6057645334636053,0.6415101166812531,0.12456953600074569,0.6415101166812531,0.00022253853075604907,0.0006436830983743202,0.003602170320002902,0.07018573289145913,5.757523795779477,0.6101236311361322,0.003212218996203713,0.0054236014538301975,0.006974205936966086,0.308369446937817,3.4781391308066087,0.9285855261376649,0.014566083992284923,0.02028805044962182,0.053670427570972554,0.12318467116289514,3.90206551947803,0.9676220319496665,0.022064268403194108,0.01944309278584881,0.05331573659815756,0.10070881181706672
N,数据集/数据集/目标域数据集/N.mat,0,target_32k,600.0,25600,8,2048,0.25,0.3216425626877632,6.494346006439875,7.6609230049368,0.6419149975574011,0.6867258419876214,0.14457916206576565,0.6867258419876214,0.001790045574346205,0.002393449022124373,0.009804486077930719,0.028006414796755492,55.44454156596704,0.8968390049771751,0.021471382033655183,0.026050896055757205,0.07439098384693361,0.16465689144140244,85.64501438058201,0.9395861068685853,0.011203432316388042,0.028445931879428413,0.03077849861580727,0.09923743967344194,17.017698810998592,0.9547953487861814,0.055734508896213814,0.03005620352927982,0.06262425575594308,0.08633536390432568
N,数据集/数据集/目标域数据集/N.mat,1,target_32k,600.0,25600,8,2048,0.25,0.37370938535563314,6.594844921995231,7.646676295155537,0.6350757205666829,0.7391634239348235,0.12935830735920834,0.7391634239348235,0.001694299638829819,0.0023245666954777467,0.008704264147139163,0.026167549250190263,57.25190813551468,0.8952278497997156,0.0359244304573331,0.04588468729855742,0.06447761000834189,0.17973012231074936,92.87584515670811,0.9424080370156788,0.02196441630503197,0.03350783473466045,0.047066482123629315,0.11308635900151681,14.204301732979049,0.9526013785632371,0.05987423246740268,0.04338949642771297,0.054288494221368916,0.10950303477513987
N,数据集/数据集/目标域数据集/N.mat,2,target_32k,600.0,25600,8,2048,0.25,0.31480442890662325,3.5273010246540895,4.053314843528345,0.638495359062042,0.6913233344941004,0.14917873879203433,0.6913233344941004,0.0017517745858844985,0.0023611333328808627,0.007851047737171856,0.027349264146953156,3.481478355108659,0.8998631879566056,0.02603841881915157,0.02825544016903779,0.050078805936713475,0.17963134810002848,4.546091031990549,0.9475524053728364,0.025576789189182603,0.019653714373536173,0.055485990918190266,0.08611005651371069,88.68366720734237,0.9424336509582155,0.04116162744051324,0.05815773364761171,0.08926499756037395,0.10542049856576684
N,数据集/数据集/目标域数据集/N.mat,3,target_32k,600.0,25600,8,2048,0.25,0.15656625157517834,3.0412831675042593,3.8524435134689043,0.6624328285295554,0.6843148842691407,0.14175451566714237,0.6843148842691407,0.0017147137054773246,0.0021338438588082483,0.008834508169561349,0.023508679993176414,3.1790874956307364,0.8991243495591995,0.028480928430439402,0.02465947459916481,0.04717141293774805,0.16713008817601044,4.60306388932524,0.9438175602780255,0.023308912694467752,0.030128385714579962,0.045365123110798725,0.10332727584201568,76.37439821665716,0.945410523634547,0.032867707446233255,0.03984754989517341,0.1050429369707563,0.11376203030814544
N,数据集/数据集/目标域数据集/N.mat,4,target_32k,600.0,25600,8,2048,0.25,-0.422907022289835,16.881660043542016,10.187233455374013,0.6844162188568637,0.7625195046701746,0.10552999380997291,0.7625195046701746,0.002332704854437844,0.0030834769176000063,0.009077830430080938,0.024730450811922277,36.60192994875316,0.8971384845242562,0.01901690791883357,0.03440250817955132,0.05777217328128039,0.14111901728397097,9.42850503105171,0.9349367666039193,0.016687643762478162,0.023515854438436526,0.03948579959856189,0.12719871099785238,30.752122075245722,0.931029402047993,0.047802170067408264,0.04974813433233846,0.08845050856366604,0.13136055283811904
N,数据集/数据集/目标域数据集/N.mat,5,target_32k,600.0,25600,8,2048,0.25,-0.386908137874961,17.52923795803425,10.20965122471003,0.6687835857352222,0.7669930192669584,0.10547214402571278,0.7669930192669584,0.0021533775686678816,0.0029029570171343264,0.009154052276376525,0.027354599824107796,36.42142709669585,0.907614955076556,0.016718132256444782,0.03128812425648922,0.06837103163773475,0.14182811960920183,9.242238524537695,0.9345297752988448,0.01675021540888646,0.022649425346890847,0.0420258999872113,0.144142884908994,29.937009740457963,0.9310645116018534,0.04291371040229694,0.05068987118704135,0.09729814918421179,0.13588481776106928
N,数据集/数据集/目标域数据集/N.mat,6,target_32k,600.0,25600,8,2048,0.25,0.09862451462213297,3.270390743969871,3.716156772453863,0.6482657547630679,0.7133105971777145,0.09427574086023215,0.7133105971777145,0.0017958961032056018,0.0022947899566773747,0.008707924302276565,0.03265980500373064,2.7863540946089174,0.9093891992251579,0.03476165614587815,0.03670138241256087,0.05541681871370288,0.1365716426135927,3.7159675426265903,0.9492618915277279,0.02428454360604151,0.01776156942172334,0.034402869580523805,0.08908545777098388,15.759689136732986,0.9370440380366276,0.06734253722523119,0.03478763286936442,0.08127777697683604,0.13475898346152898
N,数据集/数据集/目标域数据集/N.mat,7,target_32k,600.0,25600,8,2048,0.25,0.1292640565648062,3.2146709347507025,3.828695948588637,0.6487542745481192,0.7036821857611075,0.11631139184754079,0.7036821857611075,0.0017823558683317461,0.002318998654026413,0.009591151817767556,0.030607325586646847,2.8648346503445974,0.9058540100935312,0.035686254376068205,0.03715377392375484,0.056689835297938834,0.13248150515516835,4.2584252601634764,0.9534968012979624,0.015778746193114118,0.014813045270224439,0.05045956416435559,0.08869267096583415,20.902247671626764,0.9392468538446269,0.07029277943310444,0.03212008542882921,0.07860208643210581,0.1113621523422276
N,数据集/数据集/目标域数据集/N.mat,8,target_32k,600.0,25600,8,2048,0.25,0.2651894221968146,3.4284913448672154,3.8083430296730576,0.6507083536883244,0.6993615952044295,0.13773460662691808,0.6993615952044295,0.0018205543863557415,0.00220322024031945,0.008702610759585333,0.02639237093651124,3.0386109519297846,0.8988642503909847,0.014194558581071728,0.027137593986787792,0.052890915063180714,0.17457327424882568,3.8698808680341643,0.9441108631386202,0.02260568004100608,0.015783504582833795,0.035283596764238465,0.11258799620130493,20.46952586744752,0.9454707968819694,0.05945274002638718,0.021317395474473443,0.08535325871231692,0.10172579833478171
N,数据集/数据集/目标域数据集/N.mat,9,target_32k,600.0,25600,8,2048,0.25,0.2185670412278131,3.2377078577311913,3.7526923855091896,0.659990229604299,0.6895457321164692,0.14717301240502398,0.6895457321164692,0.0017922656909495824,0.002421897083456093,0.00963971593949158,0.02137880662670815,3.14441981357472,0.9013235206226792,0.013106185736734796,0.030774813086125348,0.05449652729081643,0.17657754376605872,3.371500346128377,0.9458883582123223,0.018396953479838565,0.01663279865583687,0.034396832273250785,0.10489081384234888,16.02496192497446,0.9566696738477026,0.04474953376580974,0.026501896834592222,0.08403980556320793,0.0944223916342814
N,数据集/数据集/目标域数据集/N.mat,10,target_32k,600.0,25600,8,2048,0.25,0.15149103733453387,3.0209384806335216,3.7100001575670207,0.6624328285295554,0.6863293692977952,0.14767602965312504,0.6863293692977952,0.001835644403832359,0.002531227609892366,0.010071290572974671,0.023605538100340814,3.1350619573026433,0.9053320447567198,0.020917675030272774,0.03204752782797076,0.05561003259048425,0.16390555731042183,3.5830564445187605,0.9494996571439769,0.01920485073367671,0.03430742320749561,0.02662974103768018,0.08931879266760598,25.75673100529448,0.9444601387613701,0.045593058709790524,0.03598723240844408,0.07184172086291987,0.15043870005107457
N,数据集/数据集/目标域数据集/N.mat,11,target_32k,600.0,25600,8,2048,0.25,-1.0844364492726848,14.99513736153019,11.609952938375907,0.6604787493893503,0.7162205771364639,0.14588736727901128,0.7162205771364639,0.0025531726767961966,0.004428314901292347,0.009353926571668432,0.033564941071030946,13.792731830430371,0.8908620002677448,0.011703964154444538,0.034018687330837065,0.05699461820943954,0.1607004303129832,6.428543236766679,0.9489675463429169,0.028617722444931992,0.028687033140666184,0.028994598677068162,0.08546812777953768,37.94731145351852,0.9568964923353687,0.05024628120577597,0.023377072663915067,0.05784004318585526,0.11714371628139582
N,数据集/数据集/目标域数据集/N.mat,12,target_32k,600.0,25600,8,2048,0.25,-0.5662035106417831,17.003174966646483,11.223408304279877,0.6726917440156326,0.7759475111889416,0.12427924990898549,0.7759475111889416,0.00399273197439872,0.006319054562349216,0.011318869109715059,0.03455429243884626,14.935662389424136,0.8905406063134459,0.017966783756872336,0.02465608546107728,0.03844252428962317,0.16810893645776184,7.741105658971158,0.9473912183622524,0.024255263919068366,0.01890915682111189,0.056087559496319876,0.08961176250464449,54.50385657619436,0.9277076692795048,0.06863990373408337,0.03311326241342599,0.089299735592662,0.15454823503829024
N,数据集/数据集/目标域数据集/N.mat,13,target_32k,600.0,25600,8,2048,0.25,0.6705196205999258,8.00707735434359,10.049147271105443,0.6648754274548119,0.7108330906604737,0.12426915081755348,0.7108330906604737,0.0017590302110467384,0.0023812653663614694,0.01229075944574157,0.029519391944780215,6.772200899240216,0.8972917237234799,0.02132694974734515,0.02311409892194315,0.0652132609124255,0.17694745295906933,5.242857846456767,0.9549779749996058,0.0178744558655289,0.021275939625241207,0.048258066267458634,0.09097751242739532,42.02816020282588,0.950949281091122,0.06513295196266868,0.041377953913043414,0.07206676421327946,0.10473796972899255
N,数据集/数据集/目标域数据集/N.mat,14,target_32k,600.0,25600,8,2048,0.25,0.29531378083097987,3.6782762022642026,4.291346507324303,0.6399609184171959,0.7024194203165217,0.12665231653156525,0.7024194203165217,0.0019890554275912194,0.002640695465658009,0.012113072933443849,0.025867785225327396,2.841277705247238,0.8958369635501323,0.013090224936490097,0.01821117714349541,0.06249285280861138,0.15158309412905924,4.036291287772877,0.9426046377817482,0.010912543296636724,0.015283621891292317,0.036576268248979374,0.09646139837356411,16.197709644088906,0.9375766644944866,0.06105696456569743,0.0381222677996033,0.07045068298586357,0.14285305159371633
N,数据集/数据集/目标域数据集/N.mat,15,target_32k,600.0,25600,8,2048,0.25,0.30166798009279316,3.6377952961328988,3.880579764911503,0.6365412799218368,0.6952029155255967,0.1359349066070302,0.6952029155255967,0.0018063190174551235,0.0025470947929048687,0.010501715069101242,0.020687931089459204,3.140984429644068,0.8954692950336894,0.01094192048671256,0.01851548518157272,0.0574000788729428,0.14748654030541003,4.0211047241039415,0.9419619743441683,0.01085839397772368,0.02663269021989116,0.031354438740665604,0.10882107207627346,10.043216874068502,0.9585685893245653,0.013375293407933336,0.0299100302456913,0.05901212559044053,0.1317912630562515
N,数据集/数据集/目标域数据集/N.mat,16,target_32k,600.0,25600,8,2048,0.25,-0.07824827188454649,10.512457170253883,10.455242460262863,0.6585246702491451,0.7682103608820625,0.11284999656867199,0.7682103608820625,0.0013809822450512395,0.0019196724045100577,0.005689912997704146,0.02976665711870604,38.818096657728695,0.9082029602486787,0.02150254942049914,0.02514567344722844,0.0629856069961702,0.15021471132741782,5.933932875236546,0.9524242143552313,0.021930512644709018,0.021588354939101915,0.033846765540283034,0.09927336176753668,56.081319938132914,0.9477755505575174,0.03967626790413646,0.029782810353081373,0.07498684263766775,0.12177921372981451
N,数据集/数据集/目标域数据集/N.mat,17,target_32k,600.0,25600,8,2048,0.25,-0.29383215896329656,20.576476315908167,11.107878740339356,0.6570591108939912,0.7574387229352385,0.11692866142319991,0.7574387229352385,0.0032925310024568225,0.004826954224581264,0.010799764923894251,0.03576035869881672,39.236257287385165,0.9011259593444424,0.014715887390397848,0.04800412900452718,0.04740976897190433,0.1572807783862093,13.145779645588249,0.9496066217627838,0.01934882692532844,0.026353245449151335,0.05037622213603339,0.10044264258856399,65.72121832021851,0.9293385915454644,0.03177680443266675,0.06378775747413902,0.10730467241007753,0.14262933282279508
N,数据集/数据集/目标域数据集/N.mat,18,target_32k,600.0,25600,8,2048,0.25,0.06832019236927317,18.548889816423507,11.490683477811404,0.6580361504640938,0.78462414237418,0.11416927707510939,0.78462414237418,0.0030273578353907107,0.004769004964165239,0.01222968829530631,0.029803417365900853,31.5216960854511,0.9002681621558138,0.025102605505016355,0.035028379565455264,0.0425547241336926,0.15504039925967159,17.82423708669699,0.9508069645413433,0.012827383555442988,0.01674192208075436,0.0562978177066058,0.10580670332292845,57.45515912815822,0.93505571894064,0.04073910939105622,0.06475612060514421,0.09924000800249067,0.12931082498347554
O,数据集/数据集/目标域数据集/O.mat,0,target_32k,600.0,25600,8,2048,0.25,0.0697391216409037,3.180981388103132,3.971317609946711,0.34733756717147046,0.7519334735563619,0.09830523237879857,0.7519334735563619,0.01740048588615895,0.010011610308050676,0.19747684964968298,0.104761912452901,6.771217177018406,0.8961800802479579,0.11315443845088898,0.0371744251494787,0.05649674056845032,0.1385148963689129,4.724360756759473,0.9375654040027179,0.09809888935467904,0.05643865010871556,0.06324529566193603,0.08377462065257552,11.903995902527997,0.8457158401180443,0.1639396172224904,0.11247301424001094,0.10731756943652357,0.1836489217044092
O,数据集/数据集/目标域数据集/O.mat,1,target_32k,600.0,25600,8,2048,0.25,-0.021470264550128605,3.0781279215898225,4.210349446485593,0.3517342452369321,0.7715700051116307,0.10115365229766528,0.7715700051116307,0.01930687107748336,0.0102216870383556,0.2059689607573611,0.10718123836482546,4.9162031996964375,0.9179440251253511,0.0681517352682738,0.03495545611183423,0.06049027219108981,0.1355184710701587,4.946862868746997,0.9363197574055603,0.09249631976295941,0.037537050258862954,0.07078479207714988,0.09613934515956568,12.897467048594732,0.8571024932065848,0.1542821474681757,0.08311132374155673,0.10736638929827905,0.21035604913506037
O,数据集/数据集/目标域数据集/O.mat,2,target_32k,600.0,25600,8,2048,0.25,0.01745891886212286,2.922488805202864,3.4510263541905286,0.3507572056668295,0.761406006312436,0.10630098159591803,0.761406006312436,0.01836533953992941,0.009941911831755778,0.2125242879106314,0.10704219019067325,5.357639115594522,0.9134190280345479,0.07951978978537434,0.0390017810850441,0.09716913767745082,0.1472801880666125,4.297223058400355,0.9412048175155636,0.08306381800598436,0.04858614382236244,0.06272229234433713,0.10677266560122528,6.059961189793038,0.8739361304007061,0.13373221141437286,0.05234935978160386,0.15130984972335185,0.175163035590432
O,数据集/数据集/目标域数据集/O.mat,3,target_32k,600.0,25600,8,2048,0.25,0.10335052965994718,3.103463255975708,4.578890495548489,0.34587200781631655,0.7359489823604985,0.08570916680303783,0.7359489823604985,0.01692931986754461,0.009704590281724278,0.1747300655472653,0.11145626090606599,5.855606079815575,0.9058885830262545,0.0924966376060771,0.03382347294296749,0.08562374980361181,0.15135781701345086,4.365725684745197,0.9397455416156154,0.08311837878491714,0.05078652228817618,0.08635000489863301,0.10470070669092961,6.5168607596101324,0.877820173547387,0.1487691887617762,0.0610661925675148,0.136086345017941,0.13736911883929942
O,数据集/数据集/目标域数据集/O.mat,4,target_32k,600.0,25600,8,2048,0.25,0.1039634803102127,3.132562253870493,4.551884824268123,0.34733756717147046,0.7598591660763383,0.07793354582856565,0.7598591660763383,0.018168777983044226,0.010296521663201358,0.15334877966029417,0.11167869945635232,5.5301176969711605,0.892450659110603,0.12565928056990225,0.025827171652013124,0.049900773749640595,0.15265114891611348,4.585558645716002,0.9412727466697924,0.07058211486100568,0.04895991513857812,0.07671059002990205,0.09508913619505067,7.973961620408985,0.8679804497133929,0.0878886627948862,0.05888607213188994,0.1453671002151475,0.24060569714477656
O,数据集/数据集/目标域数据集/O.mat,5,target_32k,600.0,25600,8,2048,0.25,0.02588253792960814,2.961451044382252,3.203966455981966,0.3639472398632145,0.7938813988102231,0.07719530188334142,0.7938813988102231,0.020259007466058087,0.010819305421459997,0.16512436910905878,0.11123218915426165,5.010706455441487,0.8943815515247503,0.13559190393570808,0.024989096590603284,0.05540469904905255,0.13029125355778767,4.204884986623665,0.9421748138068022,0.0674590132721599,0.07212168353400993,0.06996885431381862,0.09127932184605306,7.1768998557958374,0.8762622750892031,0.13615109161155667,0.05650834074048674,0.09939416714670249,0.18422198082557076
O,数据集/数据集/目标域数据集/O.mat,6,target_32k,600.0,25600,8,2048,0.25,0.020432638314637857,2.831751143101712,3.5437019690149,0.36590131900341966,0.7788491154050011,0.07888680757802179,0.7788491154050011,0.0190365302398661,0.00998249599856462,0.12605251895734956,0.09686418322146298,5.305017129228438,0.8987426106337446,0.122531162538334,0.05089282825419475,0.07128455825567398,0.11237796298344949,4.638406908610366,0.9406673847407022,0.06827719220002625,0.0557962823337634,0.0911234259723588,0.0918865093536506,5.882962244980134,0.8792279550499089,0.13684363672066133,0.06168161588804529,0.08622559325835821,0.13845455070683405
O,数据集/数据集/目标域数据集/O.mat,7,target_32k,600.0,25600,8,2048,0.25,0.05709772180654485,2.872431334062194,3.532825149746506,0.3688324377137274,0.7804055234209314,0.08111154056957826,0.7804055234209314,0.018618603137838093,0.010126955309473709,0.11132125499335373,0.11801982114057763,5.618420150422627,0.9001896101778339,0.11667488785914622,0.05099538178605156,0.07257281777187596,0.11673390459524724,5.124064270696476,0.9506108605773685,0.058684393549298663,0.047023070118298274,0.07935230116041359,0.105752907249483,5.961750162161711,0.8643750646215312,0.12083494553610886,0.05138619068511822,0.11412638147939859,0.18354561559582114
O,数据集/数据集/目标域数据集/O.mat,8,target_32k,600.0,25600,8,2048,0.25,0.04575490966888388,2.8647595475269605,3.3579020788828684,0.3786028334147533,0.7908548053219996,0.06015948100078283,0.7908548053219996,0.01958019152167816,0.011073865598904423,0.09230956453497471,0.11686465260192327,5.376955140658891,0.9035822937790763,0.10027200985776091,0.05452044831015962,0.055207594793183976,0.1308208582618415,4.09473841497662,0.9450753486825908,0.0737405920482846,0.05539277556883047,0.056942599701616935,0.10556936238534581,9.550332919731897,0.8668938076940201,0.15055364799933005,0.05919539927888541,0.07853979710367316,0.17256838241318148
O,数据集/数据集/目标域数据集/O.mat,9,target_32k,600.0,25600,8,2048,0.25,-0.009861742923690058,2.7785843022975025,3.738094514276884,0.3610161211529067,0.8028829014049774,0.06307658505779551,0.8028829014049774,0.0210146967665346,0.0119525921639477,0.0793289646431216,0.11559467392343967,4.398698119443739,0.9060165122050323,0.09265189317498533,0.0312931286631706,0.06272479459977146,0.13586684879552105,4.174530193305877,0.937931700771104,0.07840584425836354,0.05139136953318684,0.09203111874018578,0.10920203996756926,10.285075187635817,0.8624176150952378,0.14534643845164624,0.04494037649312185,0.12524165586405983,0.18615025950160585
O,数据集/数据集/目标域数据集/O.mat,10,target_32k,600.0,25600,8,2048,0.25,0.01726731113452658,2.9950255489873654,4.415619657778283,0.34782608695652173,0.7844474599101964,0.09783576612527861,0.7844474599101964,0.02017900934752197,0.01159287330310086,0.06892399654770791,0.10752784992217228,5.1675923410073334,0.8951728417129639,0.10436700058433612,0.03491789880346491,0.054632301118210845,0.16518238885639241,4.746171714427241,0.9431837036376897,0.07370943168225155,0.058754392917044526,0.07521123757997267,0.08630117515063182,8.60407595668187,0.8756879116859088,0.12142167199639359,0.05469686091675736,0.12616785951174575,0.19770901224300552
O,数据集/数据集/目标域数据集/O.mat,11,target_32k,600.0,25600,8,2048,0.25,0.049138704415639195,2.9692121370111018,4.329431508784016,0.35368832437713726,0.7965086956902264,0.07837741277855738,0.7965086956902264,0.022160085879863328,0.012654047628712192,0.08493220472779038,0.09681305428356325,4.896568322462537,0.8928293374747852,0.11141010452874146,0.028494519852693558,0.0408501231407879,0.15872032854829457,4.715140377561759,0.9543508281742511,0.06465484345720367,0.05242474377802331,0.04981607986800334,0.08888918515920763,9.124541609572391,0.8824523953653102,0.11017019138605982,0.060908818332151,0.09885926891468196,0.19817315491322768
O,数据集/数据集/目标域数据集/O.mat,12,target_32k,600.0,25600,8,2048,0.25,0.03459510158707222,2.932505717158212,3.642538238861611,0.36590131900341966,0.8015211668339498,0.0774487498477776,0.8015211668339498,0.021799844636613875,0.012393212990401322,0.10076971829587462,0.11503447979522972,4.790670821028279,0.9012620594832828,0.08111004957979503,0.037129905863203666,0.07500649494300865,0.14350404144562584,4.60779112215007,0.9409628102015952,0.08005139763892595,0.05316039003728276,0.06174808648166338,0.10459239141322442,7.324332638715975,0.8566988861162044,0.1602223539548295,0.06383953171452238,0.13517068317503153,0.17618111792396732
O,数据集/数据集/目标域数据集/O.mat,13,target_32k,600.0,25600,8,2048,0.25,0.041666083649529846,2.983985065187467,3.5464463717295307,0.3673668783585735,0.7872662669184942,0.07020256644761098,0.7872662669184942,0.020089520218423626,0.010781146382056031,0.12347009579999174,0.12230734681885802,5.3197834301337235,0.9155539138918308,0.0890194418664268,0.037493255325743574,0.06135238149179836,0.13262943687292733,4.311929809132336,0.9359700827466071,0.07148905300125018,0.052796686051147235,0.08081515666160481,0.10846612588421953,8.136205481179298,0.8436717032212436,0.1834841273835936,0.07728797025078739,0.11573922153945221,0.17565140511395608
O,数据集/数据集/目标域数据集/O.mat,14,target_32k,600.0,25600,8,2048,0.25,0.05798670969784923,3.020300325875375,3.4858669297751557,0.37225207620908646,0.7599521927973697,0.08769635960665777,0.7599521927973697,0.019317021095976238,0.010441302762855374,0.1329781979772485,0.11654207241944274,5.244026636592695,0.893956220040685,0.11906814225670688,0.05416656301662051,0.05318526582293514,0.15793649083406874,3.8227089494989737,0.9374803565457822,0.09183307692050506,0.05860122512674488,0.07564241657460849,0.10134034059994401,8.67719606115166,0.8816469712754254,0.13984017177921962,0.07026465186664552,0.08122973668574451,0.15723455040647352
O,数据集/数据集/目标域数据集/O.mat,15,target_32k,600.0,25600,8,2048,0.25,0.12072568328701393,3.1841876094418344,3.702573915291782,0.3717635564240352,0.7714174126008714,0.07980670102775562,0.7714174126008714,0.019547922075874104,0.010361796797782458,0.14011099834592425,0.11108897344865307,5.10424329330357,0.9064147203916163,0.07610938948241659,0.039754756585671694,0.06377004766200457,0.1696437898341682,4.38155472606259,0.932506838772894,0.0884576067851399,0.07851915941356336,0.08066490101567826,0.1103171829539496,5.815605422976138,0.9058324929542301,0.09347790464127363,0.038530283177279905,0.11643651530729106,0.17411486805111676
O,数据集/数据集/目标域数据集/O.mat,16,target_32k,600.0,25600,8,2048,0.25,0.06599160322661117,3.0812110148823626,3.7260636368587496,0.336590131900342,0.7997196773827054,0.07849213812115693,0.7997196773827054,0.020382774533707782,0.010960458656879576,0.16372236155171213,0.12376607853039825,4.782502063954413,0.8914182459258262,0.11254455870815278,0.03714399395299026,0.07748967154217418,0.1578684484227408,4.417629747666933,0.9362848970038683,0.09605454875404598,0.05244796997918813,0.06111375932553955,0.10267603146060862,8.307794121328365,0.8808547056024648,0.13146662391433503,0.061993317803626255,0.11489425835838585,0.1674110595910962
O,数据集/数据集/目标域数据集/O.mat,17,target_32k,600.0,25600,8,2048,0.25,-0.06728466807866444,2.916118812336862,3.690468378148233,0.3268197361993161,0.7739684238042953,0.07787016331556337,0.7739684238042953,0.017897367418864704,0.009790835657597596,0.15741817715788195,0.11479830872502512,5.444123160606462,0.9025033897911516,0.12181320482132052,0.03785964776824612,0.04895588871311853,0.11871829413645268,4.125392907226634,0.9457120680635119,0.05344284925027059,0.04712855696060151,0.07835463350624969,0.10273412984966188,8.180974361063278,0.892897287818775,0.13520865741930854,0.04493668830515819,0.08719608780243739,0.17067472174437665
O,数据集/数据集/目标域数据集/O.mat,18,target_32k,600.0,25600,8,2048,0.25,-0.046810706535370325,2.9096002549902558,3.63463199471357,0.3341475329750855,0.7488971244818194,0.08707737288149854,0.7488971244818194,0.016938026955835003,0.009796484144210364,0.18334798764456298,0.11162361710879416,5.1255217513517035,0.8968014254869325,0.10920703373240515,0.05900566051338084,0.06616558928151127,0.14516230230513436,4.113420244597249,0.9468309070535393,0.06811498880883808,0.04806225728680648,0.07204418990677357,0.08988949779283449,6.152883038649055,0.8596480699934572,0.17749341575789934,0.07709518203495819,0.07455584711161678,0.17365723382054785
P,数据集/数据集/目标域数据集/P.mat,0,target_32k,600.0,25600,8,2048,0.25,0.08362128024877963,2.8271892936495906,3.7991191398100645,0.5129457743038593,0.8471082169783574,0.04815749972819294,0.8471082169783574,0.0020357329298660493,0.00389970768092938,0.0814246947238284,0.11854529611383186,4.587413465306094,0.9456223808054977,0.03173819772877878,0.022845288615498355,0.04294223815620305,0.10572492660890265,3.606827518885752,0.9641871858593698,0.019352773782191232,0.03295209056509045,0.07496087184981315,0.09688882400750358,3.694121475881432,0.9654768721526373,0.009703420194457824,0.025774866120035756,0.05782207781076965,0.10951673744757592
P,数据集/数据集/目标域数据集/P.mat,1,target_32k,600.0,25600,8,2048,0.25,0.025920618435890747,2.770378023555226,3.180277193578535,0.5251587689301417,0.8310649403320833,0.04942985565897757,0.8310649403320833,0.0018033216881339022,0.0031586691138108984,0.08793979836112065,0.10112423590504635,3.6334017662716094,0.9376683831601689,0.02384909135190405,0.02740120718265061,0.04758777378858736,0.1266179235685181,3.6098598802521855,0.9611753258459895,0.035956772347313294,0.047285932192553636,0.06416555565228926,0.09412610125186123,3.3922623218167884,0.9636953411126836,0.015941255310539457,0.021849702531401408,0.040993443378724216,0.10893134037335782
P,数据集/数据集/目标域数据集/P.mat,2,target_32k,600.0,25600,8,2048,0.25,0.05050527821708753,2.9200222876523965,3.299313861625655,0.5046409379579873,0.8461867080417631,0.04406086872683512,0.8461867080417631,0.0021122532470310806,0.00359181995710576,0.08790360646788518,0.09318423995371654,4.85355316029819,0.9430458397983458,0.017426975832630264,0.026508599808708268,0.07285966086851857,0.12861877671437041,3.7116068761538763,0.9619331325090889,0.03906737846232776,0.041103113790866175,0.05848601774550263,0.1081927305848361,3.423500706835329,0.9680079505574103,0.0179719427280093,0.027530687077896895,0.0415904940140037,0.08904563277335319
P,数据集/数据集/目标域数据集/P.mat,3,target_32k,600.0,25600,8,2048,0.25,0.014711686170508298,3.0463098506370367,3.289062584403527,0.5388373229115779,0.8632957842461034,0.03492267536435706,0.8632957842461034,0.002272052546060595,0.003799360542498434,0.06698310298947123,0.08431245976277348,4.889753799881362,0.9459054702517986,0.018156346961811523,0.026094537530378256,0.056256238680808715,0.11223287455299874,3.3247669688192567,0.9639157275779131,0.02576219183841876,0.028036409599977784,0.06259208950975458,0.10606497883778683,3.7755505556511166,0.9732652742131619,0.018719216089111382,0.03290059148335375,0.04652610732194418,0.08090531679100768
P,数据集/数据集/目标域数据集/P.mat,4,target_32k,600.0,25600,8,2048,0.25,8.02752071742688e-05,3.0521547845309445,4.023342749112759,0.5310210063507572,0.8524763748468729,0.037170151034516576,0.8524763748468729,0.0018822201343140377,0.0032119873708290896,0.05296100852154894,0.08995546290570584,4.011330240003729,0.9361862038553821,0.03128782606226834,0.016341164527611585,0.05950010279353332,0.11792763548497273,3.328770436536821,0.9673473587672724,0.011697616970660464,0.025885409394562596,0.05768029001782306,0.10831363121342297,3.3777492190883445,0.9639181803349031,0.023879661594464384,0.019154005667519097,0.08022363251010321,0.08157464560799713
P,数据集/数据集/目标域数据集/P.mat,5,target_32k,600.0,25600,8,2048,0.25,0.03083414671009341,2.9883024117809884,4.0920655270061195,0.5261358085002442,0.8634976885881999,0.039339012884870385,0.8634976885881999,0.0017193132397436365,0.003654081201803519,0.038964937601734306,0.09922531495138201,3.957429670206971,0.9374360578989325,0.03266811650347408,0.03378387432144176,0.048633441479622626,0.12211110122972497,4.21244467185378,0.9630256009685142,0.023095887484317526,0.043836498312950486,0.05118474712948158,0.12219819113328284,3.1890657875051707,0.9651026616032515,0.020358150290938404,0.022131645788091937,0.08219369646780066,0.09451220173501358
P,数据集/数据集/目标域数据集/P.mat,6,target_32k,600.0,25600,8,2048,0.25,0.02302397174947658,2.852789997607164,3.7731731566371525,0.5388373229115779,0.8607093446365577,0.03880800764379491,0.8607093446365577,0.0017258311510654756,0.0036450101542550126,0.028668051706198953,0.10914631767500592,3.9192951346763256,0.9295749954946687,0.0468593993323546,0.0406681113222457,0.0386833961041084,0.10924177541606798,4.161259223428538,0.9641872414417375,0.023623630674116842,0.04808979039714049,0.0617311900302949,0.101223234656972,3.414585559903473,0.9657164754843851,0.017818238509161193,0.022976825697725623,0.04881330505484722,0.1070324257965825
P,数据集/数据集/目标域数据集/P.mat,7,target_32k,600.0,25600,8,2048,0.25,-0.014695754028627913,2.983214602084658,3.75845277200685,0.5310210063507572,0.8404540267157532,0.057329456423027655,0.8404540267157532,0.001941876749321168,0.003462150885815456,0.0261313994804299,0.11573189710158438,5.2463618482286805,0.9200910909818409,0.07536925811289392,0.029528583027851458,0.04650245848194727,0.09782440305371048,3.4647152065933784,0.9658726243639894,0.021365953759983774,0.042125439867747645,0.053995759325402355,0.09210675852117896,3.6842322805095766,0.9626525535084658,0.023733602376700042,0.03680789590280492,0.024100264169302808,0.13861981774427223
P,数据集/数据集/目标域数据集/P.mat,8,target_32k,600.0,25600,8,2048,0.25,-0.03934082165684555,3.1325440878727036,3.804137255350667,0.5334636052760137,0.8519336061245232,0.04773073415182446,0.8519336061245232,0.001949618436084346,0.0033267817449057556,0.02303668742787785,0.11548365033592382,5.27314681141184,0.9300234655141496,0.05621029221893469,0.05062202095600557,0.06865134281091267,0.09919752466848766,3.598106128519491,0.9623493569916535,0.031463441895433014,0.049590124397430525,0.05918315822982461,0.07488237721427464,3.5495641930748927,0.9695174572866684,0.018969156836271414,0.03484868120393807,0.032471622331681195,0.11452137528717973
P,数据集/数据集/目标域数据集/P.mat,9,target_32k,600.0,25600,8,2048,0.25,-0.05563609569665165,2.90651019038506,3.3325453238117224,0.5227161700048852,0.841640063602802,0.05064866125837968,0.841640063602802,0.0017891511323817578,0.0034204112579972247,0.030948232930396318,0.11251537983174406,4.121096247137372,0.9353632800339432,0.03634471335600545,0.04864428116167128,0.05361628605918152,0.12012706490723823,3.8718004109049255,0.9650047484327386,0.029106698355998342,0.04119658619959365,0.056737876604467594,0.09494104079316631,3.332628040525569,0.965115464365292,0.020416233024409952,0.0394133423564013,0.06334643791990098,0.08818021635582209
P,数据集/数据集/目标域数据集/P.mat,10,target_32k,600.0,25600,8,2048,0.25,-0.011269566858330651,2.799375157605991,3.3472682690034,0.5183194919394235,0.8520219096515987,0.04643570853293518,0.8520219096515987,0.0018871010061340026,0.0036217338927952048,0.047198702060927515,0.10874645007853949,4.042416197865298,0.9323289470123244,0.012508043047310286,0.02767325500937787,0.05826933480450754,0.12111647255737859,3.503969049267111,0.9610259059307481,0.034207182540506254,0.03411020600360623,0.07894991952537798,0.09710921367583307,3.456991821946303,0.9661224799172964,0.018377823160669417,0.020580817349845973,0.06249266237260237,0.11293037006280042
P,数据集/数据集/目标域数据集/P.mat,11,target_32k,600.0,25600,8,2048,0.25,0.10172723505579091,2.8592765242380933,3.16046320718437,0.5363947239863215,0.8564279625064108,0.04698882407887637,0.8564279625064108,0.0021129029382811605,0.003678024921947167,0.06813373485328077,0.10768597085229725,4.006360394643951,0.9351893263391854,0.021229889506008574,0.0237310667655109,0.0696301439161273,0.12559138593680916,3.1959937874817252,0.953441532118842,0.02612257385998056,0.03251003905149759,0.10621657568719592,0.1081540705018905,3.5700733648963876,0.9634654632134788,0.012720794642343616,0.020371635402585585,0.05589204158980149,0.11338539950475554
P,数据集/数据集/目标域数据集/P.mat,12,target_32k,600.0,25600,8,2048,0.25,0.0850366932724483,2.76952063185561,3.2596068192789582,0.5232046897899365,0.8474985495676034,0.04670350952944253,0.8474985495676034,0.001953491150535108,0.003382317154574982,0.07648063079738639,0.11231981957419945,3.639807479121776,0.9420367373728169,0.018376463779525065,0.028686988440704355,0.0657812977546257,0.11945787318114158,3.1581979340876574,0.961533126646613,0.016973139866953695,0.025275325587412557,0.07779975199442492,0.0868492336165385,3.5307806321511963,0.9693405972437459,0.012455878622957335,0.03686871528121359,0.052924534189498565,0.08745929487015532
P,数据集/数据集/目标域数据集/P.mat,13,target_32k,600.0,25600,8,2048,0.25,0.018374678649318126,2.90013614458164,3.983778138315144,0.5114802149487054,0.8429132473997042,0.04355642303789332,0.8429132473997042,0.0020369662462886864,0.0033230602359042884,0.08056115787998214,0.10097870965785022,3.644380178808626,0.936882907499836,0.03586079985462432,0.026202463117846218,0.08301933400863999,0.10563817763290646,3.3307576188156935,0.9665606207941868,0.029826019374684657,0.022508289169101543,0.06409567000174138,0.09555318578654044,3.3037977744640235,0.9676435778776351,0.020207368376719773,0.0339799857281689,0.04365605755356818,0.08697193074602937
P,数据集/数据集/目标域数据集/P.mat,14,target_32k,600.0,25600,8,2048,0.25,0.011104162856799308,3.0061391227408922,4.036437727851528,0.504152418172936,0.8468153799306272,0.05257446846337569,0.8468153799306272,0.0022856517193179157,0.004169083359861436,0.09461604172391566,0.1199722692463588,3.617591284817787,0.9426640984996394,0.034965168899457624,0.028965030827731945,0.07361265050182188,0.09054409945976895,3.4159373438035665,0.9666581118425397,0.03057909853530564,0.020453812371155726,0.07058578581214331,0.10289383013754534,3.1156977577568905,0.9690098790924375,0.01783173922121289,0.029490064264949878,0.034035656036413044,0.08980127192191739
P,数据集/数据集/目标域数据集/P.mat,15,target_32k,600.0,25600,8,2048,0.25,0.008316566726742951,2.8807893168590337,3.4926153194495395,0.4924279433317049,0.8316074278873201,0.0478518490567172,0.8316074278873201,0.0018942692912599487,0.003406257553171762,0.08857409553524094,0.11105500236162949,5.298797768328273,0.9399974762444709,0.023295596275250064,0.025266009823233224,0.08077977892310956,0.11146608272471845,3.64026173764914,0.9614137000552433,0.021678451805903866,0.026091246780911893,0.056446817708911565,0.10740053035139857,3.143410466162252,0.9712084327296167,0.022412568637670556,0.030598558237017848,0.03380275747804121,0.08341974455501021
P,数据集/数据集/目标域数据集/P.mat,16,target_32k,600.0,25600,8,2048,0.25,0.04952130764013778,3.054735531336914,3.752184349864066,0.49389350268685883,0.833941730556252,0.05148935207748275,0.833941730556252,0.0017495467459373993,0.0034217500805083555,0.08577846052662035,0.11312035534134424,6.5928879681936685,0.9284372291365316,0.023225692239180317,0.012802457375260121,0.10143427841402214,0.12200975426476764,3.819794094524801,0.9571019643315625,0.021916955153160552,0.03639880671330165,0.07942871009003884,0.12405995443772302,3.391076205140932,0.9706238932206868,0.025415775795420887,0.027562852476040803,0.050208735378983155,0.0959012511531309
P,数据集/数据集/目标域数据集/P.mat,17,target_32k,600.0,25600,8,2048,0.25,0.006649830736073314,3.3531761691096347,4.135428000656395,0.5183194919394235,0.8384981550297094,0.05167576394114749,0.8384981550297094,0.0019473286917115053,0.0038099993448347867,0.07911877712438302,0.11209965073089764,6.247930441583663,0.9383370936355792,0.0417874357864931,0.024391935062526387,0.051445482468892245,0.13839732847596115,3.5329518652228646,0.9610152319115973,0.023679737394917806,0.026259427684606637,0.07028287096859431,0.0990479099547287,3.3453147602281543,0.9689696105843182,0.020182849406354605,0.01923930302912995,0.061118900131949185,0.07818699316807266
P,数据集/数据集/目标域数据集/P.mat,18,target_32k,600.0,25600,8,2048,0.25,0.005735414852512277,3.1475068844914014,4.0102251247477785,0.5354176844162188,0.8466181736365911,0.040524009259339126,0.8466181736365911,0.0017143176005944988,0.00323264943848582,0.05976772423130927,0.10166125782187103,5.951034769144011,0.9347189422382116,0.028902357757564154,0.02281463349955853,0.05172346948810025,0.11896283765347528,3.7159262488044185,0.9673577709327199,0.024217965086732015,0.019673237103821236,0.0636043381025295,0.09591247776474059,3.1928018732466943,0.9645495088368857,0.013704342452475723,0.020687665783071112,0.0788191784845739,0.09113940274664901
